meeting_id,onset_second,offset_second,peak_second,peak_rmse,alpha_level,ucl,temporal_position,combined_delta,combined_delta_v2,pre_entropy,post_entropy,delta_entropy,z_delta_entropy,pre_pct_det,post_pct_det,delta_pct_det,z_delta_pct_det,pre_rmse,post_rmse,delta_rmse,z_delta_rmse,peak_entropy,entropy_ucl,entropy_lcl,entropy_exceeds_ucl,entropy_below_lcl,entropy_outside_limits,entropy_excess_over_ucl,entropy_excess_z,peak_pct_det,pct_det_ucl,pct_det_lcl,pct_det_exceeds_ucl,pct_det_below_lcl,pct_det_outside_limits,pct_det_excess_over_ucl,pct_det_excess_z,rmse_excess_over_ucl,rmse_excess_z,auxiliary_ucl_corroboration
2024.10.14startup_a,150,160,151,0.8982132785185192,0.05,0.622381068773477,0.027524608093328472,,,0.9559312637896478,1.3180993813957795,0.36216811760613177,0.8513939696049105,96.9876507959169,97.99987887369663,1.0122280777797243,0.8095904294626132,0.8895469035250854,0.4869364307902516,0.40261047273483375,2.1188115506473033,0.9559312637896478,1.6478777276057046,0.24824367738491748,False,False,False,-0.6919464638160568,0.0,97.22222222222224,100.10397216800796,95.99012770600321,False,False,False,-2.881749945785714,0.0,0.2758322097450422,1.4516176593182788,0
2024.10.14startup_a,799,816,809,0.7570027136015387,0.05,0.622381068773477,0.14746627779803134,0.6272431359876833,0.6144338771042367,1.116506044541098,0.9687556470709145,0.14775039747018337,0.34733537077840493,99.22156581953466,98.08735822572176,1.1342075938129028,0.9071509011969616,0.36211049086267866,0.473995490783467,0.11188499992078832,0.5888153593373436,0.804717519321077,1.6478777276057046,0.24824367738491748,False,False,False,-0.8431602082846276,0.0,98.3981604178034,100.10397216800796,95.99012770600321,False,False,False,-1.7058117502045604,0.0,0.13462164482806172,0.7084711286601295,0
2024.10.14startup_a,1005,1007,1007,0.6369145781966491,0.05,0.622381068773477,0.1835581480131243,0.4660263065514743,0.3363014399981301,1.245957317654103,1.1479382164353416,0.09801910121876145,0.2304257819140895,97.98022527620303,97.10298370712421,0.8772415690788193,0.7016268311888592,0.3942698120488149,0.4088729522066027,0.014603140157787797,0.07685170689144181,1.1706718933538656,1.6478777276057046,0.24824367738491748,False,False,False,-0.47720583425183905,0.0,98.03239856345992,100.10397216800796,95.99012770600321,False,False,False,-2.0715736045480355,0.0,0.014533509423172108,0.07648526236310747,0
2024.10.14startup_a,1100,1129,1112,0.8951054177972595,0.05,0.622381068773477,0.2026977761574918,0.6393496393465642,0.5990180335039783,0.9939843923689587,1.0667467426615798,0.07276235029262101,0.17105157312822716,96.39702996637729,97.78191801230602,1.384888045928733,1.1076477055649012,0.5285416755385619,0.6270379669114748,0.09849629137291294,0.5183548218188067,1.150999540671385,1.6478777276057046,0.24824367738491748,False,False,False,-0.4968781869343195,0.0,97.32593795093796,100.10397216800796,95.99012770600321,False,False,False,-2.778034217070001,0.0,0.2727243490237825,1.4352619715258625,0
2024.10.14startup_a,1449,1468,1460,0.8125102001090961,0.05,0.622381068773477,0.26613197229310975,0.5610687667833727,0.3924523641868161,1.3685483380351648,1.2564929057475693,0.11205543228759551,0.2634227439503221,98.11042510572084,97.03677701253449,1.0736480931863497,0.8587147896164233,0.445940472814517,0.45643313448793094,0.01049266167341395,0.05521955899370284,1.3637938028246004,1.6478777276057046,0.24824367738491748,False,False,False,-0.2840839247811042,0.0,97.79665983006151,100.10397216800796,95.99012770600321,False,False,False,-2.307312337946442,0.0,0.19012913133561915,1.0005894701446838,0
2024.10.14startup_a,1563,1586,1574,0.9701610030785488,0.05,0.622381068773477,0.2869121399927087,1.1102914193376683,0.7822394225687791,1.182616184488064,0.6990337843488489,0.48358240013921516,1.1368177353848496,97.23545541419129,95.88042770222013,1.355027711971161,1.0837651032904871,0.5766062555351866,0.6005741467312053,0.02396789119601872,0.12613542903100072,0.7473944462440387,1.6478777276057046,0.24824367738491748,False,False,False,-0.9004832813616659,0.0,97.03882294757666,100.10397216800796,95.99012770600321,False,False,False,-3.0651492204312945,0.0,0.3477799343050718,1.8302557727410844,0
2024.10.14startup_a,1749,1768,1755,0.7517821382256543,0.05,0.622381068773477,0.31990521327014215,0.5092260175691551,0.5230012692093102,0.8438775644826024,0.7601177957389454,0.08375976874365698,0.19690458253259577,97.30141240712435,98.32859030905175,1.027177901927402,0.8215474526057144,0.4475540435491986,0.5521683068230275,0.10461426327382894,0.5505517724896205,0.6857486151292824,1.6478777276057046,0.24824367738491748,False,False,False,-0.9621291124764222,0.0,98.02240950009576,100.10397216800796,95.99012770600321,False,False,False,-2.081562667912195,0.0,0.12940106945217733,0.6809968920057493,0
2024.10.14startup_a,1873,1880,1874,0.6358676910743233,0.05,0.622381068773477,0.3415967918337587,0.8556982204255368,0.7392440184208787,0.6589445626923567,1.1970041616771032,0.5380595989847465,1.264884112084784,97.86777984944443,98.4260526498678,0.5582728004233672,0.4465123287662896,0.3312889962099851,0.4275014323836708,0.09621243617368569,0.5063356144115625,0.8513226827573213,1.6478777276057046,0.24824367738491748,False,False,False,-0.7965550448483834,0.0,98.02943377400848,100.10397216800796,95.99012770600321,False,False,False,-2.0745383939994753,0.0,0.013486622300846296,0.07097582662503425,0
2024.10.14startup_a,2492,2508,2506,0.7568839161088025,0.05,0.622381068773477,0.4567991250455705,0.4320625363733373,0.6258523393245312,1.4681706075672616,1.5117799241995373,0.04360931663227574,0.10251788435913409,97.99984016436957,97.04760536480993,0.9522347995596476,0.7616071883875405,0.5369263974958537,0.3443569760068396,0.19256942148901407,1.0134319452269192,1.532902144485799,1.6478777276057046,0.24824367738491748,False,False,False,-0.11497558311990552,0.0,98.20604001910726,100.10397216800796,95.99012770600321,False,False,False,-1.8979321489006935,0.0,0.13450284733532547,0.7078459350378978,0
2024.10.14startup_a,2639,2650,2640,0.683144886838437,0.05,0.622381068773477,0.4812249362012395,0.2661100401524938,0.2362060442981311,0.971719830457926,1.1504956570000748,0.17877582654214885,0.4202707340314542,97.04465367705757,96.90468380159551,0.1399698754620573,0.1119493462735334,0.42373860694769394,0.4572572572121915,0.033518650264497574,0.17639805258940583,0.9842399889605548,1.6478777276057046,0.24824367738491748,False,False,False,-0.6636377386451499,0.0,97.49619958866136,100.10397216800796,95.99012770600321,False,False,False,-2.6077725793466016,0.0,0.06076381806496001,0.31978075161066066,0
2024.10.14startup_a,2796,2829,2825,0.7682635114150319,0.05,0.622381068773477,0.514947138169887,0.7310449086691629,0.9190868875634014,0.7134643421268753,1.0314627364966695,0.31799839436979427,0.7475586672290314,96.72959663625238,95.83622084243407,0.8933757938183078,0.7145311501092945,0.7075024908079705,0.4613978543856375,0.24610463642233293,1.2951708453518784,1.1706718933538656,1.6478777276057046,0.24824367738491748,False,False,False,-0.47720583425183905,0.0,96.91039617123106,100.10397216800796,95.99012770600321,False,False,False,-3.1935759967769,0.0,0.14588244264155492,0.7677331451562766,0
2024.10.14startup_a,2935,2960,2950,1.036552235071224,0.05,0.622381068773477,0.5377324097703244,1.2216491207730324,0.8975561829823432,0.9783733631799483,1.517189723213142,0.5388163600331937,1.2666631250949256,96.26172868956742,97.7328714536488,1.4711427640813781,1.1766351164511393,0.5603998213728002,0.5130151932693424,0.04738462810345778,0.2493703074009646,1.3237243701143493,1.6478777276057046,0.24824367738491748,False,False,False,-0.3241533574913553,0.0,96.73803451752563,100.10397216800796,95.99012770600321,False,False,False,-3.365937650482323,0.0,0.414171166297747,2.1796518235994857,0
2024.10.14startup_a,3088,3135,3126,0.9349142709777346,0.05,0.622381068773477,0.5698140721837405,1.0977885750326923,1.3165294929367692,0.377835165060977,0.9127341558073346,0.5348989907463577,1.2574540743105196,97.25227234939288,98.42520434455304,1.1729319951601553,0.9381230757548652,0.8332753127946688,0.4999831282997777,0.3332921844948911,1.754011328744923,0.9127341558073344,1.6478777276057046,0.24824367738491748,False,False,False,-0.7351435717983702,0.0,97.5914024950046,100.10397216800796,95.99012770600321,False,False,False,-2.5125696730033553,0.0,0.3125332022042576,1.6447633721324135,0
2024.10.14startup_a,3236,3263,3250,0.9924850345292372,0.05,0.622381068773477,0.5924170616113744,0.8274031708494799,0.718505830695389,1.5644062446492593,1.7693688088904982,0.20496256424123893,0.48183117924126023,97.57137039496078,96.10480365853576,1.4665667364250226,1.1729751624576996,0.48747533917592595,0.5826190308833876,0.09514369170746168,0.500711150387207,1.6539975862548617,1.6478777276057046,0.24824367738491748,True,False,True,0.006119858649157095,0.014386718475294602,97.41516599289476,100.10397216800796,95.99012770600321,False,False,False,-2.6888061751132,0.0,0.3701039657557602,1.9477400879737017,1
2024.10.14startup_a,3388,3405,3400,0.75002282199349,0.05,0.622381068773477,0.6197593875318994,0.6098835497694892,0.4642240034105278,1.0798596478729547,0.9275991013421219,0.15226054653083287,0.35793794324568173,95.41470315776088,96.492245132693,1.0775419749321173,0.8618291562932966,0.48712321433388556,0.45426832083905977,0.03285489349482579,0.1729049106926048,0.9904799742690308,1.6478777276057046,0.24824367738491748,False,False,False,-0.6573977533366738,0.0,95.71436946708096,100.10397216800796,95.99012770600321,False,True,True,-4.389602700927,0.0,0.12764175322001303,0.6717381672422578,1
2024.10.14startup_a,3532,3542,3538,0.6956792150045552,0.05,0.622381068773477,0.6449143273787824,0.1966082866103786,0.14241004862841203,0.7664003283358451,0.8410041715414316,0.07460384320558644,0.17538060123686375,98.03284761933432,97.76048806669127,0.2723595526430529,0.21783597198389348,0.5043453352794164,0.49788217409565616,0.006463161183760224,0.03401357266447888,0.8513226827573213,1.6478777276057046,0.24824367738491748,False,False,False,-0.7965550448483834,0.0,97.45487274363718,100.10397216800796,95.99012770600321,False,False,False,-2.6490994243707746,0.0,0.07329814623107822,0.38574495546649673,0
2024.10.14startup_a,4318,4323,4318,0.6478333660911827,0.05,0.622381068773477,0.7870944221655122,0.4178694461020133,0.47247168622417407,1.2136697684689353,1.1255878776960828,0.08808189077285244,0.20706513629938392,99.1865047898418,98.40047619521981,0.786028594621996,0.6286737559046427,0.4527811230169726,0.3422526919779208,0.1105284310390518,0.5816761664684956,1.1261358508278747,1.6478777276057046,0.24824367738491748,False,False,False,-0.5217418767778299,0.0,99.29439287600935,100.10397216800796,95.99012770600321,False,False,False,-0.8095792919986025,0.0,0.025452297317705708,0.13394738885191035,0
2024.10.14startup_a,4606,4627,4623,0.7709032604726163,0.05,0.622381068773477,0.8426904848705796,0.5595987651811755,0.9098367004283275,0.9310148092339454,0.8817527001538967,0.04926210908004869,0.11580661179674934,98.13304841536409,99.38758456574257,1.2545361503784846,1.0033909185656016,0.6615527446354199,0.3555657845247202,0.3059869601106997,1.6103125709226316,0.7771529943226336,1.6478777276057046,0.24824367738491748,False,False,False,-0.870724733283071,0.0,98.18959557552714,100.10397216800796,95.99012770600321,False,False,False,-1.9143765924808207,0.0,0.14852219169913927,0.781625309351677,0
2024.10.14startup_a,4859,4868,4865,0.712988495637631,0.05,0.622381068773477,0.8868027706890266,0.9448800074486388,0.8031707947192924,1.0256235614005285,1.5301232231178123,0.5044996617172839,1.1859905628715137,98.83714714071331,97.9572266603082,0.8799204804051186,0.7037694520257639,0.420653658455517,0.32189180913997445,0.09876184931554255,0.5197523692606,1.4852837267582453,1.6478777276057046,0.24824367738491748,False,False,False,-0.16259400084745934,0.0,98.91211146838155,100.10397216800796,95.99012770600321,False,False,False,-1.1918606996264032,0.0,0.09060742686415402,0.4768382235815353,0
2024.10.14startup_a,4924,4938,4930,0.7088903638357026,0.05,0.622381068773477,0.8986511119212541,0.8948533178644698,0.8096781886489574,1.2796736995424713,0.8897034671604463,0.389970232382025,0.9167518840975426,98.08604081008949,96.9945885422816,1.091452267807881,0.8729547516313969,0.3742482303154883,0.49573148357554736,0.12148325326005904,0.6393279302179329,1.0730208202534557,1.6478777276057046,0.24824367738491748,False,False,False,-0.5748569073522489,0.0,98.10348181287688,100.10397216800796,95.99012770600321,False,False,False,-2.0004903551310775,0.0,0.0865092950622256,0.4552710523675867,0
2024.10.14startup_a,5145,5157,5146,0.6984352973052408,0.05,0.622381068773477,0.93802406124681,0.6130170074275823,0.6563385352163211,0.9786536513876888,1.2428629390295096,0.26420928764182083,0.6211098748799609,95.3800273675508,94.62369283452513,0.7563345330256652,0.6049241399752037,0.38724763659783024,0.5284268601164978,0.14117922351866752,0.7429815907937989,0.8749177494187964,1.6478777276057046,0.24824367738491748,False,False,False,-0.7729599781869082,0.0,95.18019153225806,100.10397216800796,95.99012770600321,False,True,True,-4.9237806357498926,0.0,0.0760542285317638,0.4002493447178744,1
2024.10.14startup_a,5235,5269,5253,1.0028916169476845,0.05,0.622381068773477,0.9575282537367845,0.8603970396199234,0.7126361878145323,1.6562710950480029,1.4953695375565486,0.1609015574914543,0.3782514503312609,95.108398410697,96.7869747563926,1.6785763456955891,1.342542628908586,0.7133887344825065,0.6341298406849369,0.07925889379756956,0.4171144842037504,1.5454412455056348,1.6478777276057046,0.24824367738491748,False,False,False,-0.10243648210006984,0.0,96.01471489883508,100.10397216800796,95.99012770600321,False,False,False,-4.089257269172876,0.0,0.3805105481742075,2.002506639080015,0
2024.10.14startup_b,378,397,390,1.3332399070253111,0.05,1.1272950038495186,0.06451612903225806,0.5448894391299279,0.5366831514194298,0.8075807349649672,0.5186094056656394,0.2889713292993278,0.5449516045445006,97.42319719798016,95.50805123545315,1.9151459625270064,0.5448272737153552,0.9548350250959103,0.7737008526281842,0.18113417246772612,0.5202705759984337,0.4090731390438265,2.099368264012286,0.3546547668332012,False,False,False,-1.6902951249684595,0.0,96.8608169440242,100.0184248644288,88.45276702295257,False,False,False,-3.157607920404601,0.0,0.2059449031757925,0.5915342861011074,0
2024.10.14startup_b,570,589,585,1.965286501778014,0.05,1.1272950038495186,0.0967741935483871,0.7084781562386644,0.7872822752963705,1.8824561387743617,1.5714209164296629,0.3110352223446988,0.5865604172482638,91.71786152791758,88.7989009274286,2.9189606004889725,0.8303958952290651,1.2075581234481698,0.8785909107800381,0.32896721266813167,0.9448905134117825,1.8258495363718987,2.099368264012286,0.3546547668332012,False,False,False,-0.2735187276403872,0.0,91.26229781557446,100.0184248644288,88.45276702295257,False,False,False,-8.756127048854339,0.0,0.8379914979284953,2.4069578554357567,0
2024.10.14startup_b,663,685,669,1.3811011491290277,0.05,1.1272950038495186,0.11066997518610422,0.41031853188352013,0.28556879857589523,1.4860509981473267,1.414766989226503,0.07128400892082376,0.13442972053303204,89.9905415732707,92.4026587455428,2.41211717227209,0.6862073432340082,1.140197343673969,1.1527550182716861,0.012557674597717172,0.036069331960645414,1.3555711097130931,2.099368264012286,0.3546547668332012,False,False,False,-0.7437971542991928,0.0,91.02466134074332,100.0184248644288,88.45276702295257,False,False,False,-8.993763523685473,0.0,0.25380614527950907,0.7290058391386097,0
2024.10.14startup_b,983,1003,997,1.313535201665749,0.05,1.1272950038495186,0.16492969396195203,0.41151862480280477,0.3641343436905095,1.9219512716348377,1.8193258294201429,0.10262544221469483,0.19353442273180205,92.10850439882822,89.89571172957471,2.2127926692535027,0.6295028268738075,1.0103137668896263,0.9165330493787085,0.09378071751091777,0.26936578146591894,1.7578711549703177,2.099368264012286,0.3546547668332012,False,False,False,-0.3414971090419683,0.0,91.01045296167248,100.0184248644288,88.45276702295257,False,False,False,-9.00797190275631,0.0,0.18624019781623047,0.5349365813851439,0
2024.10.14startup_b,1112,1151,1119,1.31939078456625,0.05,1.1272950038495186,0.18511166253101738,0.39932346467853774,0.7391279233463933,1.848134674881006,1.7559111758749066,0.09222349900609927,0.17391809727955204,89.09117135093942,91.28718274418065,2.1960113932412355,0.6247288320775234,0.7433861550897494,1.2373247621179562,0.4939386070282068,1.4187368406821044,1.9673799723810663,2.099368264012286,0.3546547668332012,False,False,False,-0.1319882916312196,0.0,90.04186121397521,100.0184248644288,88.45276702295257,False,False,False,-9.976563650453585,0.0,0.1920957807167314,0.5517555363451364,0
2024.10.14startup_b,1316,1329,1324,1.2663724500979,0.05,1.1272950038495186,0.21902398676592225,0.4360222160418167,0.5246271647907083,0.117070736212551,0.30024476692340246,0.18317403071085148,0.3454355910975641,96.13968580505963,97.99079136511719,1.8511055600575617,0.5266088409860693,0.9040691437290709,0.6597219110591447,0.2443472326699262,0.7018370622884912,-0.0,2.099368264012286,0.3546547668332012,False,True,True,-2.099368264012286,0.0,96.45499201041603,100.0184248644288,88.45276702295257,False,False,False,-3.5634328540127598,0.0,0.13907744624838125,0.39947129844275525,1
2024.10.14startup_b,1480,1497,1491,1.4488186950387092,0.05,1.1272950038495186,0.24665012406947892,0.5094828809412695,0.4286883295963671,1.3100781376045496,1.5223053858057927,0.21222724820124306,0.4002251009321859,95.96832099329004,93.79335887990389,2.174962113386144,0.6187406609503531,0.8788434316979092,0.7858518237453672,0.09299160795254202,0.2670992269065623,1.429138307227421,2.099368264012286,0.3546547668332012,False,False,False,-0.6702299567848649,0.0,95.2688030532342,100.0184248644288,88.45276702295257,False,False,False,-4.749621811194601,0.0,0.32152369118919055,0.9235105321827,0
2024.10.14startup_b,1785,1798,1793,1.270854056576154,0.05,1.1272950038495186,0.2966087675765095,0.5523950819737877,0.40971888868781864,1.5029007830799468,1.1883931248407726,0.31450765823917415,0.5931088506757618,93.75068589401944,95.54931905445297,1.7986331604335248,0.5116813132718138,0.7711784518242422,0.8144771207913173,0.04329866896707513,0.12436650211588028,1.2778745228993142,2.099368264012286,0.3546547668332012,False,False,False,-0.8214937411129717,0.0,94.09529377375036,100.0184248644288,88.45276702295257,False,False,False,-5.923131090678439,0.0,0.14355905272663527,0.4123437893265777,0
2024.10.14startup_b,2602,2624,2617,2.1129315430560034,0.05,1.1272950038495186,0.4329197684036394,0.8214421020772504,0.7018657078959235,1.5807353683789283,1.2345293110469808,0.3462060573319474,0.6528867306785407,97.50820327485384,94.0282202495731,3.4799830252807453,0.9899974734759602,1.1028281197192271,1.2639233759884125,0.16109525626918542,0.46271291953326993,1.402234618245608,2.099368264012286,0.3546547668332012,False,False,False,-0.6971336457666779,0.0,96.08253372772528,100.0184248644288,88.45276702295257,False,False,False,-3.9358911367035176,0.0,0.9856365392064848,2.831037804693806,0
2024.10.14startup_b,2758,2780,2774,2.129373680858552,0.05,1.1272950038495186,0.4588916459884202,0.5518627493262259,0.8129492452497411,1.5158989381242818,1.5498876395508954,0.03398870142661359,0.06409700721427286,91.84354723529006,88.18910406777329,3.6544431675167743,1.039628491438179,1.367252132379303,0.90242426642574,0.46482786595356296,1.3351222370967715,1.5184387137728148,2.099368264012286,0.3546547668332012,False,False,False,-0.5809295502394711,0.0,90.4220095117693,100.0184248644288,88.45276702295257,False,False,False,-9.596415352659491,0.0,1.0020786770090333,2.8782644565653723,0
2024.10.14startup_b,3043,3081,3072,2.2287339526905856,0.05,1.1272950038495186,0.5081885856079404,0.827544110244308,1.2034303921797076,1.8602672411698282,1.532926320477819,0.32734092069200926,0.6173102376513154,90.55455091550205,94.20248928003525,3.6479383645332035,1.0377779828373004,1.5948210590042926,0.9141097411078011,0.6807113178964915,1.9552029560505075,1.8073865495861563,2.099368264012286,0.3546547668332012,False,False,False,-0.29198171442612963,0.0,90.93838618200569,100.0184248644288,88.45276702295257,False,False,False,-9.080038682423108,0.0,1.101438948841067,3.1636563577905474,0
2024.10.14startup_b,3431,3443,3438,1.3373293225411291,0.05,1.1272950038495186,0.5687344913151364,0.39836997983311195,0.3576975072275719,1.0863143814978604,0.9657854412181354,0.12052894027972505,0.2272974262143772,96.4343037368548,94.4326316080083,2.001672128846508,0.5694425334518467,0.7289101507039037,0.8251233423381427,0.09621319163423891,0.2763525620164916,0.9192195589880804,2.099368264012286,0.3546547668332012,False,False,False,-1.1801487050242057,0.0,96.17090824188652,100.0184248644288,88.45276702295257,False,False,False,-3.8475166225422726,0.0,0.2100343186916105,0.6032802892816538,0
2024.10.14startup_b,4315,4326,4322,1.2867550019482554,0.05,1.1272950038495186,0.7149710504549214,0.5549055824402671,0.5746934407126378,1.2158085654732875,0.8978029092695259,0.31800565620376164,0.5997054898929375,93.90519643339037,92.1121018673775,1.7930945660128685,0.5101056749875966,0.8672921531446656,1.0811522878615631,0.21386013471689758,0.6142691572573794,0.7967286463062391,2.099368264012286,0.3546547668332012,False,False,False,-1.3026396177060469,0.0,93.24764353041988,100.0184248644288,88.45276702295257,False,False,False,-6.770781334008916,0.0,0.1594599980987368,0.4580159774893989,0
2024.10.14startup_b,4562,4581,4567,1.3504995378382232,0.05,1.1272950038495186,0.7555004135649297,0.41252864303677583,0.31914791360143024,1.7945622097108942,1.685582798917235,0.10897941079365925,0.20551694494508813,86.68288231991356,84.50510921607538,2.1777731038381773,0.6195403411284636,1.026187137350623,0.9800962914911011,0.046090845859521945,0.13238645473073907,1.7204155865622763,2.099368264012286,0.3546547668332012,False,False,False,-0.3789526774500096,0.0,85.83605512626464,100.0184248644288,88.45276702295257,False,True,True,-14.182369738164155,0.0,0.22320453398870455,0.6411090181476186,1
2024.10.14startup_b,4721,4743,4734,1.6919705634998754,0.05,1.1272950038495186,0.7831265508684864,0.41298659576905933,0.3504118401898119,1.7599811581635303,1.828394784013449,0.06841362584991861,0.12901665805399679,86.775220312601,89.22512242938872,2.449902116787726,0.6969565334841219,0.9448729112486184,1.0232988446755418,0.07842593342692339,0.22526232903131704,1.7963380765536656,2.099368264012286,0.3546547668332012,False,False,False,-0.3030301874586203,0.0,87.91568693315418,100.0184248644288,88.45276702295257,False,True,True,-12.102737931274618,0.0,0.5646755596503568,1.62191415716366,1
2024.10.14startup_b,4867,4867,4867,1.129678584584853,0.05,1.1272950038495186,0.8051282051282052,0.5297732746541106,0.46723661675087746,1.5614037409009802,1.2753514748107428,0.2860522660902374,0.5394467394652633,87.94422590802742,89.7724512906139,1.8282253825864814,0.520099809842958,0.7102140949166375,0.8293395446817958,0.11912544976515838,0.34216330094441105,1.3124852065079404,2.099368264012286,0.3546547668332012,False,False,False,-0.7868830575043455,0.0,88.2473173224323,100.0184248644288,88.45276702295257,False,True,True,-11.7711075419965,0.0,0.0023835807353342897,0.0068463443712262475,1
2024.10.14startup_b,5064,5078,5072,1.361914404543832,0.05,1.1272950038495186,0.83904052936311,0.3935337183492891,0.40892244296552205,1.7803140546665568,1.6587086278840981,0.12160542678245867,0.22932749974574657,92.21217389383631,94.17270971854126,1.960535824704948,0.5577399369528315,0.8315345421543174,0.6784513585539619,0.15308318360035555,0.43969989219798816,1.8212745871349971,2.099368264012286,0.3546547668332012,False,False,False,-0.2780936768772888,0.0,92.42002781641168,100.0184248644288,88.45276702295257,False,False,False,-7.5983970480171195,0.0,0.23461940069431342,0.6738958699876855,0
2024.10.25startup_a,1120,1134,1131,0.7702812229161254,0.05,0.6619235739182496,0.21510079878280716,0.48073479224465987,0.528789504733905,0.5429860554531267,0.31701507959280895,0.22597097586031778,0.44068744723749215,98.84397598020367,97.9444154317867,0.8995605484169715,0.5207821372518276,0.4767817609118741,0.3502391182414496,0.12654264267042448,0.6248989297123951,-0.0,1.773717805244465,0.08654174645851032,False,True,True,-1.773717805244465,0.0,98.82609157548072,100.45667025148093,94.77321108695496,False,False,False,-1.6305786760002121,0.0,0.10835764899787581,0.5350969242935666,1
2024.10.25startup_a,1418,1433,1426,0.783827777183234,0.05,0.6619235739182496,0.2712057816660327,0.38072140310218705,0.36301723755732623,1.1196848257984306,1.227307747719283,0.10762292192085243,0.2098856746755729,95.28813416776052,96.24085316526603,0.9527189975055137,0.5515571315288011,0.5897531772436928,0.5234120541986291,0.06634112304506368,0.3276089064676046,1.278417365535648,1.773717805244465,0.08654174645851032,False,False,False,-0.495300439708817,0.0,95.26996296536936,100.45667025148093,94.77321108695496,False,False,False,-5.18670728611157,0.0,0.12190420326498441,0.6019931664153184,0
2024.10.25startup_a,1689,1706,1699,0.8364943502025726,0.05,0.6619235739182496,0.32312666413084823,0.5819591764949981,0.4419412442613147,0.8398999488963839,1.1141059951305272,0.27420604623414335,0.5347552360295429,96.56481760050916,97.65158743774533,1.0867698372361758,0.6291631169604531,0.49897397166292723,0.46618797436394904,0.03278599729897819,0.16190537979394817,1.2072640872959293,1.773717805244465,0.08654174645851032,False,False,False,-0.5664537179485358,0.0,96.47605114178488,100.45667025148093,94.77321108695496,False,False,False,-3.9806191096960504,0.0,0.17457077628432294,0.862073755984801,0
2024.10.25startup_a,2147,2161,2156,0.799841632620015,0.05,0.6619235739182496,0.4100418410041841,1.0940628054328148,0.7448904428613551,0.7331391619678137,1.4903806683105725,0.7572415063427588,1.4767685323390465,97.39072446753637,96.16197885990768,1.2287456076286958,0.711357078526583,0.4742559567648176,0.4648304035352844,0.009425553229533201,0.046545717718436116,1.226008806306737,1.773717805244465,0.08654174645851032,False,False,False,-0.5477089989377282,0.0,97.23948037277606,100.45667025148093,94.77321108695496,False,False,False,-3.217189878704872,0.0,0.13791805870176532,0.6810735531674457,0
2024.10.25startup_a,2347,2355,2354,0.6882567023649442,0.05,0.6619235739182496,0.4476987447698745,0.6494957639326114,0.44988171292317225,1.691258548348519,1.194638494235009,0.49662005411350996,0.9685059024107192,96.25861538133195,95.68775895363919,0.5708564276927603,0.3304856254545036,0.45004849423955934,0.43979108863385785,0.010257405605701486,0.050653610904293905,1.5679528825270663,1.773717805244465,0.08654174645851032,False,False,False,-0.20576492271739877,0.0,96.24917745119544,100.45667025148093,94.77321108695496,False,False,False,-4.207492800285493,0.0,0.026333128446694554,0.13003951423060045,0
2024.10.25startup_a,2452,2460,2455,0.7106496240728233,0.05,0.6619235739182496,0.4669075694180297,0.43850806713044793,0.35536107832070424,1.5428749358623095,1.752007743716042,0.20913280785373245,0.407849737674451,95.2760631486156,96.08646648395127,0.8104033353356641,0.4691663965864449,0.5062273981442803,0.5445136704151875,0.038286272270907196,0.18906710070121693,1.601425734657664,1.773717805244465,0.08654174645851032,False,False,False,-0.17229207058680118,0.0,95.18704022538738,100.45667025148093,94.77321108695496,False,False,False,-5.269630026093552,0.0,0.04872605015457365,0.240621311110188,0
2024.10.25startup_a,3083,3114,3098,0.9852656193871444,0.05,0.6619235739182496,0.5891974134651959,0.878951052245121,0.7580808916571113,1.3223710097609245,1.7707160501192332,0.4483450403583087,0.8743602162395671,97.84831429746377,96.32214938378546,1.5261649136783149,0.883541888250675,0.5880853907308754,0.692644859790462,0.10455946905958657,0.5163405704810919,1.4418345122852587,1.773717805244465,0.08654174645851032,False,False,False,-0.3318832929592064,0.0,97.09875267038798,100.45667025148093,94.77321108695496,False,False,False,-3.3579175810929485,0.0,0.3233420454688948,1.5967431521939714,0
2024.10.25startup_a,3242,3251,3249,0.7063331331666611,0.05,0.6619235739182496,0.6179155572461011,0.38098287494523464,0.5275125202587968,1.4680381470573232,1.4836579442961098,0.015619797238786592,0.030461649091532192,97.3860974793421,98.64964356323122,1.2635460838891248,0.7315041007989371,0.6371639608339051,0.4709973689049502,0.16616659192895494,0.8205718108859211,1.5686635026136602,1.773717805244465,0.08654174645851032,False,False,False,-0.20505430263080493,0.0,97.89953322960658,100.45667025148093,94.77321108695496,False,False,False,-2.557137021874354,0.0,0.0444095592484115,0.21930540928886114,0
2024.10.25startup_a,3556,3571,3567,0.7826229944666094,0.05,0.6619235739182496,0.6783948269303918,0.6505736467679692,0.6387420629243704,0.4710261168175577,0.12068101401352381,0.35034510280403386,0.6832412367077757,98.67970285528715,97.61237763118537,1.0673252241017792,0.6179060568281627,0.4207141366698327,0.29616006055717337,0.12455407611265934,0.6150788952371729,0.1206810140135238,1.773717805244465,0.08654174645851032,False,False,False,-1.6530367912309414,0.0,98.60902881892387,100.45667025148093,94.77321108695496,False,False,False,-1.8476414325570545,0.0,0.1206994205483598,0.5960436507874876,0
2024.10.25startup_a,3961,3975,3972,0.8024029781655648,0.05,0.6619235739182496,0.7554203119056676,0.8296495213438455,0.7667369860810443,0.871908832527287,1.3543589193573924,0.4824500868301054,0.940871704320508,98.01064880943453,96.76969055785221,1.2409582515823132,0.718427338367183,0.4896547925592178,0.3598695046396554,0.1297852879195624,0.6409119155554421,1.3022504881911108,1.773717805244465,0.08654174645851032,False,False,False,-0.4714673170533543,0.0,97.72538602025568,100.45667025148093,94.77321108695496,False,False,False,-2.7312842312252457,0.0,0.1404794042473152,0.6937221122322851,0
2024.10.25startup_a,4267,4294,4280,1.1809602567227282,0.05,0.6619235739182496,0.8139977177634081,1.2744459407681343,1.1347029340109818,0.40825963692122147,1.2078292265837427,0.7995695896625212,1.5593165450368032,99.57139036420446,97.86207111393433,1.709319250270127,0.9895753364994656,0.5443043765078017,0.7174866369189691,0.17318226041116735,0.8552169204966766,0.9288391461883214,1.773717805244465,0.08654174645851032,False,False,False,-0.8448786590561437,0.0,98.8246581914128,100.45667025148093,94.77321108695496,False,False,False,-1.632012060068135,0.0,0.5190366828044786,2.563131769033274,0
2024.10.25startup_a,4530,4548,4544,0.8249369169689655,0.05,0.6619235739182496,0.8642069227843286,0.344393633552319,0.23220549804094534,1.5926720619325279,1.6353820195608546,0.042709957628326745,0.08329274203109732,96.63398858415546,95.58810212208726,1.0458864620681965,0.6054945250735406,0.5392588958580904,0.5376734697518152,0.0015854261062752117,0.007829227018198059,1.624013821491331,1.773717805244465,0.08654174645851032,False,False,False,-0.14970398375313398,0.0,96.60070220236196,100.45667025148093,94.77321108695496,False,False,False,-3.855968049118971,0.0,0.1630133430507159,0.8050002864768698,0
2024.10.25startup_a,4618,4653,4637,1.1564783176897642,0.05,0.6619235739182496,0.8818942563712439,0.5610530184512581,0.45204130269829895,0.282904792979892,0.2498613870792272,0.03304340590066482,0.06444108204142791,96.1539187817256,94.32698656039985,1.8269322213257482,1.0576649548610884,0.7655089787657372,0.8128978258972567,0.047388847131519474,0.23401787119238046,0.2829047929798921,1.773717805244465,0.08654174645851032,False,False,False,-1.490813012264573,0.0,95.96053937306635,100.45667025148093,94.77321108695496,False,False,False,-4.496130878414576,0.0,0.49455474377151454,2.442233886895406,0
2024.10.25startup_a,4832,4852,4845,0.8697286025968406,0.05,0.6619235739182496,0.9214530239634842,0.9975516849724272,0.8219278710352249,0.8315328999670144,0.19419839798501984,0.6373345019819946,1.2429265025984502,93.03569534534633,94.33495003727425,1.2992546919279278,0.7521768673464042,0.531292820422176,0.6266060286712936,0.0953132082491176,0.4706802431608205,0.603652249754401,1.773717805244465,0.08654174645851032,False,False,False,-1.170065555490064,0.0,93.48265013851716,100.45667025148093,94.77321108695496,False,True,True,-6.974020112963771,0.0,0.20780502867859096,1.0261927305273137,1
2024.10.25startup_a,4913,4945,4927,1.1888084166052897,0.05,0.6619235739182496,0.9370483073411944,0.5203451264570724,0.6551762607626305,0.9854841606465489,0.989354920932041,0.0038707602854921586,0.0075487370118551425,94.66373457433265,96.44830682088035,1.7845722465476967,1.0331415159022896,0.6353515971153226,0.8226323012193378,0.1872807041040152,0.9248385293737464,1.1412418450836317,1.773717805244465,0.08654174645851032,False,False,False,-0.6324759601608334,0.0,95.05630321340293,100.45667025148093,94.77321108695496,False,False,False,-5.400367038078002,0.0,0.5268848426870401,2.601887927489657,0
2024.10.25startup_a,4983,5004,4999,0.9437992239658652,0.05,0.6619235739182496,0.9507417268923545,0.9659409330528976,0.8661127476295407,0.45359612736868954,0.9994896485561583,0.5458935211874687,1.064598767163341,95.62383770752601,94.12575702404783,1.4980806834781788,0.8672830989424541,0.7027652594187148,0.5678071931895573,0.13495806622915751,0.6664563767828271,0.560576942614533,1.773717805244465,0.08654174645851032,False,False,False,-1.213140862629932,0.0,95.25605313906148,100.45667025148093,94.77321108695496,False,False,False,-5.200617112419451,0.0,0.2818756500476156,1.391971815267842,0
2024.10.25startup_a,5081,5088,5086,0.6991549710335496,0.05,0.6619235739182496,0.9672879421833397,0.3784200659524634,0.389886004568703,0.9538822619491875,1.0246141719178194,0.07073190996863199,0.13794101089148927,93.0735020369715,94.1425426067029,1.0690405697313992,0.6188991210134376,0.5697271040918852,0.4861310804456755,0.08359602364620972,0.4128178818011822,0.9559312637896478,1.773717805244465,0.08654174645851032,False,False,False,-0.8177865414548173,0.0,92.91180661846202,100.45667025148093,94.77321108695496,False,True,True,-7.544863633018906,0.0,0.03723139711529999,0.18385786576026528,1
2024.10.28startup_b,253,258,257,0.7392690773365579,0.05,0.7104349878598394,0.047399483585392845,0.3384151564414065,0.31368950347878466,0.6552025205842011,0.6144018825839358,0.040800638000265343,0.08423777159307101,98.62196015606385,97.62407551300014,0.9978846430637134,0.592592541289742,0.4142380409520931,0.47565742080230416,0.061419379850211064,0.26423819755354094,0.603652249754401,1.776800254765599,0.1831393900195396,False,False,False,-1.173148005011198,0.0,97.82705759785682,100.43493191569166,94.89429129773023,False,False,False,-2.607874317834842,0.0,0.028834089476718505,0.12404989841979717,0
2024.10.28startup_b,308,321,319,0.8170507491196307,0.05,0.7104349878598394,0.05883437845813353,0.5347326630748348,0.5197512997637928,1.2449497346402363,1.4719665881721515,0.22701685353191525,0.46870330447957126,97.29317735977465,98.3048188398644,1.0116414800897502,0.6007620216700984,0.5520910582667383,0.6659372421213192,0.1138461838545809,0.48978857314170865,1.477322818602089,1.776800254765599,0.1831393900195396,False,False,False,-0.29947743616350997,0.0,97.59045600816262,100.43493191569166,94.89429129773023,False,False,False,-2.844475907529045,0.0,0.10661576125979133,0.4586818794782912,0
2024.10.28startup_b,550,558,557,0.7720760871021686,0.05,0.7104349878598394,0.10272962006639616,0.5259489345744442,0.536457235984059,1.2055772034264198,0.9817974876590724,0.22377971576734745,0.46201984841142857,97.2856150283339,98.27892860749844,0.9933135791645498,0.5898780207374599,0.530859824714115,0.4012809153095549,0.12957890940456007,0.5574738388032888,1.44790620869417,1.776800254765599,0.1831393900195396,False,False,False,-0.3288940460714289,0.0,97.49077826859148,100.43493191569166,94.89429129773023,False,False,False,-2.9441536471001797,0.0,0.06164109924232919,0.26519207778936943,0
2024.10.28startup_b,1620,1634,1625,0.863482919921305,0.05,0.7104349878598394,0.299704905938768,0.589987296097753,0.6553955259224411,1.047630135753724,1.25640943552047,0.20877929976674592,0.43104970483545063,97.96365312119109,96.70251567542054,1.2611374457705438,0.7489248873600555,0.4199913283967921,0.60273800556802,0.18274667717122794,0.7862119855718172,1.150999540671385,1.776800254765599,0.1831393900195396,False,False,False,-0.6258007140942139,0.0,97.8352479362697,100.43493191569166,94.89429129773023,False,False,False,-2.599683979421968,0.0,0.1530479320614656,0.6584421693258026,0
2024.10.28startup_b,1864,1884,1878,0.9573791424769396,0.05,0.7104349878598394,0.3463666543710808,0.61520004029577,0.6478430600827697,1.2088055601250407,1.415641580835175,0.2068360207101343,0.4270375740126095,96.58523212415565,97.93803873623942,1.3528066120837678,0.8033625065789305,0.6211287974611215,0.4553694656931124,0.1657593317680091,0.7131290996567692,0.8600451249809193,1.776800254765599,0.1831393900195396,False,False,False,-0.9167551297846797,0.0,96.49591990674072,100.43493191569166,94.89429129773023,False,False,False,-3.9390120089509395,0.0,0.24694415461710018,1.0624021029118424,0
2024.10.28startup_b,1958,1983,1972,1.294952547678283,0.05,0.7104349878598394,0.3637034304684618,0.5127619041901137,0.46128443599133645,1.2726321013588915,1.2629325377448304,0.009699563614061102,0.020025903130937016,98.46673650116186,96.77354792997731,1.6931885711845496,1.0054979052492903,0.6731437975015484,0.5898538876745366,0.08328990982701179,0.3583294995937821,1.114696123966521,1.776800254765599,0.1831393900195396,False,False,False,-0.662104130799078,0.0,98.43336986654631,100.43493191569166,94.89429129773023,False,False,False,-2.001562049145349,0.0,0.5845175598184437,2.5147089863410406,0
2024.10.28startup_b,2094,2113,2103,0.884755677788439,0.05,0.7104349878598394,0.3878642567318333,0.4665060441734608,0.3978729059927582,1.3537640636935946,1.4491168444965117,0.09535278080291709,0.19686716099851329,95.96723679525923,94.72761991369767,1.2396168815615596,0.7361449273484083,0.5192690690364076,0.5798443292561875,0.06057526021977988,0.26060662963135306,1.7509359127968525,1.776800254765599,0.1831393900195396,False,False,False,-0.02586434196874654,0.0,95.49672813801308,100.43493191569166,94.89429129773023,False,False,False,-4.938203777678581,0.0,0.17432068992859961,0.7499617387111174,0
2024.10.28startup_b,2168,2173,2173,0.7677123526345694,0.05,0.7104349878598394,0.40077462191073404,0.6560336762605139,0.5018612674993715,1.493149114677989,1.1707897044803146,0.32235941019767433,0.6655493565304587,93.7770865662423,92.68839520630857,1.0886913599337333,0.646517995990569,0.5794081385677595,0.5344272824369999,0.04498085613075964,0.1935164499770869,1.2680160454788014,1.776800254765599,0.1831393900195396,False,False,False,-0.5087842092867976,0.0,93.46672933592964,100.43493191569166,94.89429129773023,False,True,True,-6.968202579762021,0.0,0.05727736477473,0.2464184377244135,1
2024.10.28startup_b,2258,2285,2273,1.2195623638667987,0.05,0.7104349878598394,0.41921800073773513,0.5460447114343556,0.4447455229133681,1.3973578202649868,1.4041660191839265,0.00680819891893969,0.014056336704590375,91.72494672134185,93.54027949461039,1.815332773268537,1.078033086164121,0.6802955233210274,0.624010975251833,0.05628454806919436,0.24214714587139294,1.4995196245467155,1.776800254765599,0.1831393900195396,False,False,False,-0.2772806302188835,0.0,92.30921182590372,100.43493191569166,94.89429129773023,False,True,True,-8.125720089787947,0.0,0.5091273760069593,2.190365654771106,1
2024.10.28startup_b,2397,2416,2407,0.8778539968060214,0.05,0.7104349878598394,0.4439321283659166,0.3895725566708241,0.400075738776059,0.9118249596623722,0.9500105551224806,0.03818559546010836,0.0788387051323339,94.9439941125937,96.12326141938469,1.1792673067909902,0.7003064082093142,0.5672065331973238,0.665082623296731,0.09787609009940712,0.4210821029865289,0.8536576732793313,1.776800254765599,0.1831393900195396,False,False,False,-0.9231425814862677,0.0,95.06697157791572,100.43493191569166,94.89429129773023,False,False,False,-5.367960337775941,0.0,0.167419008946182,0.7202693558291806,0
2024.10.28startup_b,2468,2485,2478,0.7946438446852601,0.05,0.7104349878598394,0.4570269273330874,0.9237465991446694,0.7668899444334962,0.36410783379514045,0.8868407294617325,0.5227328956665921,1.0792442576280459,96.20355815881102,97.4972359669511,1.2936778081400746,0.7682489406612928,0.6191818507724555,0.5138457254783428,0.10533612529411263,0.45317663501114985,0.6436394131461666,1.776800254765599,0.1831393900195396,False,False,False,-1.1331608416194325,0.0,96.17111169791391,100.43493191569166,94.89429129773023,False,False,False,-4.263820217777749,0.0,0.08420885682542067,0.3622829895036279,0
2024.10.28startup_b,3753,3778,3767,1.2889706134443022,0.05,0.7104349878598394,0.6947620804131317,0.8433333140577319,0.683297806604307,0.07826309646691988,0.40123011041733353,0.32296701395041366,0.6668038267704096,99.44718237898779,97.72980432141185,1.7173780575759423,1.0198628013450544,0.6916398786948386,0.6072116450117836,0.08442823368305497,0.3632267916974569,-0.0,1.776800254765599,0.1831393900195396,False,True,True,-1.776800254765599,0.0,99.27316431065071,100.43493191569166,94.89429129773023,False,False,False,-1.16176760504095,0.0,0.5785356255844628,2.4889735340501544,1
2024.10.28startup_b,4054,4079,4068,1.2302694944104628,0.05,0.7104349878598394,0.750276650682405,0.6601183847727935,0.516361293811628,0.0,0.13587063265332575,0.13587063265332575,0.2805210869394365,97.83778297193065,99.58859190139691,1.7508089294662597,1.0397156826061504,0.6739980191877332,0.6208049236289259,0.053193095558807246,0.22884711188929707,-0.0,1.776800254765599,0.1831393900195396,False,True,True,-1.776800254765599,0.0,98.04692105159744,100.43493191569166,94.89429129773023,False,False,False,-2.388010864094227,0.0,0.5198345065506235,2.2364298267430174,1
2024.10.28startup_b,4180,4186,4185,0.7453032929147562,0.05,0.7104349878598394,0.7718554039099963,0.4811691647220272,0.4049422039336889,0.743707200284838,0.9267539282749431,0.18304672799010502,0.3779217487527814,99.799189762684,98.81507286888312,0.9841168938008735,0.584416580691273,0.3614853584655385,0.4201735945547604,0.05868823608922191,0.2524882823570121,0.8948692308065574,1.776800254765599,0.1831393900195396,False,False,False,-0.8819310239590415,0.0,99.811548319011,100.43493191569166,94.89429129773023,False,False,False,-0.623383596680668,0.0,0.03486830505491678,0.15001027528978816,0
2024.10.28startup_b,4585,4605,4602,1.867100589693836,0.05,0.7104349878598394,0.848764293618591,1.1393886320438777,1.004104927056759,1.8459766455978863,1.5171722337077427,0.32880441189014364,0.6788558293479585,98.0162691125618,95.322112641472,2.694156471089798,1.599921434739797,1.0184974120676769,0.8479943590904736,0.17050305297720325,0.7335375170825217,1.8225272911251396,1.776800254765599,0.1831393900195396,True,False,True,0.04572703635954056,0.0944089071464515,97.76477549142068,100.43493191569166,94.89429129773023,False,False,False,-2.670156424270985,0.0,1.1566656018339967,4.976201885238453,1
2024.10.28startup_b,4669,4684,4680,0.8365883853233015,0.05,0.7104349878598394,0.8631501291036517,0.5087749978655087,0.4645692492414823,0.9705855259377851,1.172931547371937,0.20234602143415192,0.41776743628925334,94.71197945202766,93.70198731823915,1.009992133788515,0.5997825594417641,0.5537615208168502,0.4663276219059834,0.08743389891086673,0.37615775199342943,0.7771529943226336,1.776800254765599,0.1831393900195396,False,False,False,-0.9996472604429654,0.0,94.54545454545456,100.43493191569166,94.89429129773023,False,True,True,-5.889477370237103,0.0,0.1261533974634621,0.5427366157440308,1
2024.10.28startup_b,4886,4918,4904,1.4806171096885332,0.05,0.7104349878598394,0.9044632976761343,0.912436962773839,0.8973147710175023,1.0598806233227982,0.7683174746838242,0.29156314863897403,0.6019668104171993,95.05740391295343,97.11669447949701,2.059290566543581,1.2229071151304787,0.9290436366234106,0.7275022774251891,0.20154135919822147,0.8670703875048291,0.9432261548473416,1.776800254765599,0.1831393900195396,False,False,False,-0.8335740999182574,0.0,95.83502053566264,100.43493191569166,94.89429129773023,False,False,False,-4.599911380029027,0.0,0.7701821218286938,3.313474283789539,0
2024.11.04startup_a,150,158,156,0.6593021415842254,0.05,0.6058451939497518,0.029669075694180296,,,1.1320322052483625,1.059683659856747,0.0723485453916155,0.1577456577541544,98.08141933709256,98.67792967608926,0.5965103389967084,0.6984800254657573,0.6361973118523478,0.3480422098520207,0.2881551020003271,1.4518152209298385,0.995148095654003,1.5589082730299877,0.04983331113236111,False,False,False,-0.5637601773759847,0.0,98.08141933709256,99.59203461477995,96.78205992954551,False,False,False,-1.5106152776873927,0.0,0.05345694763447362,0.26933276454737215,0
2024.11.04startup_a,262,286,273,1.0014972013072585,0.05,0.6058451939497518,0.05192088246481552,0.9486389509762935,0.9982869794800585,1.1318490719807088,1.2773101847711639,0.14546111279045504,0.3171571562438182,97.77626390323933,96.42682178991625,1.3494421133230787,1.5801207457087687,0.4282885794316999,0.6461359661193439,0.21784738668764397,1.0975830364875883,1.305875511291131,1.5589082730299877,0.04983331113236111,False,False,False,-0.2530327617388566,0.0,97.86782966866558,99.59203461477995,96.78205992954551,False,False,False,-1.7242049461143694,0.0,0.3956520073575067,1.9934181365715349,0
2024.11.04startup_a,564,582,572,0.8351001773734064,0.05,0.6058451939497518,0.1087866108786611,1.2415994175722163,0.9119904995617496,0.8336617227847547,0.09865532155193944,0.7350064012328152,1.6025763557289314,97.49293230891135,98.24499449332956,0.7520621844182074,0.8806224794155013,0.4033101951355072,0.4534803074166336,0.05017011228112639,0.25277266354081634,0.3491843735073079,1.5589082730299877,0.04983331113236111,False,False,False,-1.2097238995226798,0.0,97.50552752423609,99.59203461477995,96.78205992954551,False,False,False,-2.0865070905438614,0.0,0.22925498342365458,1.155058064556156,0
2024.11.04startup_a,797,808,806,0.680694450665091,0.05,0.6058451939497518,0.15329022441993154,0.9438282139921057,0.8325293356455093,0.0,0.34227493989138946,0.34227493989138946,0.7462815628659215,98.00926958180773,98.98401743842687,0.9747478566191461,1.14137486511829,0.4529693674003304,0.3319106446286679,0.12105872277166252,0.6099315789523163,0.1206810140135238,1.5589082730299877,0.04983331113236111,False,False,False,-1.438227259016464,0.0,98.16862474084311,99.59203461477995,96.78205992954551,False,False,False,-1.4234098739368335,0.0,0.07484925671533926,0.37711388561321085,0
2024.11.04startup_a,1931,1953,1945,0.8926649765637296,0.05,0.6058451939497518,0.3699125142639787,1.2518500121918512,0.8800553243875466,0.9191866740701796,1.3630079666490544,0.4438212925788748,0.9676888642914884,98.6625527458013,97.35078074888791,1.311771996913393,1.5360111600922142,0.4721288754395434,0.4450432251287684,0.027085650310774978,0.1364659487789374,0.9727642516015448,1.5589082730299877,0.04983331113236111,False,False,False,-0.5861440214284429,0.0,98.30294690975803,99.59203461477995,96.78205992954551,False,False,False,-1.2890877050219132,0.0,0.2868197826139778,1.4450874656464963,0
2024.11.04startup_a,2182,2202,2194,0.8189302057831946,0.05,0.6058451939497518,0.41726892354507417,1.085746060354353,0.7247067128939114,1.0579802644419773,1.4304189933838962,0.3724387289419189,0.8120493916229148,97.44215612195563,96.28117568785827,1.1609804340973682,1.3594427290857911,0.4452961712493008,0.4447745643835237,0.0005216068657771245,0.002628017973028556,1.3470624465271646,1.5589082730299877,0.04983331113236111,False,False,False,-0.21184582650282313,0.0,97.38457042665108,99.59203461477995,96.78205992954551,False,False,False,-2.207464188128867,0.0,0.21308501183344286,1.0735887075546415,0
2024.11.04startup_a,2435,2455,2451,0.8201394993384472,0.05,0.6058451939497518,0.4661468238874097,0.7888181818441312,0.7502353038939188,0.23588082560878582,0.3327272234295106,0.0968463978207248,0.2111597219081229,97.83866108290516,96.67167360280389,1.1669874801012696,1.3664766417801395,0.552030136679218,0.41843984126189765,0.13359029541732031,0.6730695479934938,-0.0,1.5589082730299877,0.04983331113236111,False,True,True,-1.5589082730299877,0.0,97.70533716842442,99.59203461477995,96.78205992954551,False,False,False,-1.8866974463555266,0.0,0.21429430538869543,1.079681505419057,1
2024.11.04startup_a,2745,2754,2750,0.6588733103005779,0.05,0.6058451939497518,0.5230125523012552,1.2780715411980736,0.9049441679853457,0.0,0.7617938869413866,0.7617938869413866,1.660982637842909,98.77480110567488,99.53927888709867,0.7644777814237926,0.8951604445532382,0.34852980305831405,0.317033255979357,0.03149654707895705,0.15868942155989024,0.1206810140135238,1.5589082730299877,0.04983331113236111,False,False,False,-1.438227259016464,0.0,98.836283032591,99.59203461477995,96.78205992954551,False,False,False,-0.7557515821889496,0.0,0.05302811635082616,0.2671721788749743,0
2024.11.04startup_a,2910,2934,2927,1.0538087379671452,0.05,0.6058451939497518,0.5566755420311905,0.9421977009459398,0.7904886946604573,1.1192591176871651,1.0183133177750672,0.10094579991209796,0.22009788197481248,98.21753559576062,96.79620550527576,1.421330090484858,1.664297519917067,0.5470116988552972,0.45033830677653397,0.09667339207876324,0.4870706820894923,1.170377295621679,1.5589082730299877,0.04983331113236111,False,False,False,-0.3885309774083088,0.0,98.21753559576062,99.59203461477995,96.78205992954551,False,False,False,-1.374499019019325,0.0,0.44796354401739347,2.2569799636078876,0
2024.11.04startup_a,3216,3235,3229,0.8087304884509581,0.05,0.6058451939497518,0.6141118295930011,1.1544542491693124,0.9231622420256523,0.8948692308065572,0.4170877096779894,0.4777815211285678,1.0417342865049606,98.12965848866477,99.21184049976058,1.08218201109581,1.2671742118336642,0.49758928591251583,0.40617409458529746,0.09141519132721837,0.4605782277383321,0.8948692308065574,1.5589082730299877,0.04983331113236111,False,False,False,-0.6640390422234302,0.0,98.40945239718246,99.59203461477995,96.78205992954551,False,False,False,-1.182582217597485,0.0,0.2028852945012063,1.022199352414554,0
2024.11.04startup_a,3512,3530,3526,0.7408707197025451,0.05,0.6058451939497518,0.6705971852415367,0.6510718500768062,0.7233357637320141,0.9940520372092082,1.0606800792700395,0.06662804206083128,0.1452729182441218,98.44398230567627,97.45600074982282,0.9879815558534517,1.1568707819094908,0.5433704209188335,0.3711175625702109,0.17225285834862258,0.8678635910424302,1.1260528027543957,1.5589082730299877,0.04983331113236111,False,False,False,-0.432855470275592,0.0,98.3983286908078,99.59203461477995,96.78205992954551,False,False,False,-1.1937059239721464,0.0,0.13502552575279336,0.6803006857804542,0
2024.11.04startup_a,3810,3836,3826,1.0647275969125043,0.05,0.6058451939497518,0.7276531000380373,1.3713043662764322,1.28823756818762,0.495341146121014,0.9452180131969822,0.4498768670759682,0.9808921785661936,97.3384471897298,98.84297430649876,1.504527116768955,1.7617165539866708,0.6508504101501145,0.42813612816151264,0.22271428198860183,1.1221039720099948,0.8301899714180443,1.5589082730299877,0.04983331113236111,False,False,False,-0.7287183016119434,0.0,97.59901498050482,99.59203461477995,96.78205992954551,False,False,False,-1.9930196342751287,0.0,0.4588824029627525,2.311992578349098,0
2024.11.04startup_a,3964,3983,3976,0.7658762213908301,0.05,0.6058451939497518,0.7561810574362876,1.5179797736448641,1.1385385548952123,1.4388156552660119,0.4346203953216359,1.004195259944376,2.189504169518348,99.07915914848408,98.35627607963282,0.7228830688512602,0.8464553777713804,0.48953958997280383,0.41418575316483924,0.07535383680796459,0.3796561173959082,1.2057219651274376,1.5589082730299877,0.04983331113236111,False,False,False,-0.3531863079025501,0.0,99.3195484755776,99.59203461477995,96.78205992954551,False,False,False,-0.27248613920234277,0.0,0.16003102744107833,0.8062861974234086,0
2024.11.04startup_a,4233,4253,4244,0.8322152500869384,0.05,0.6058451939497518,0.807151007987828,0.8033792982303114,0.8139356731464424,1.2519492624870296,1.1415903664947618,0.11035889599226789,0.24062179195298794,98.8718674548331,97.70517019984813,1.1666972549849675,1.3661368045076347,0.40442557302248583,0.5701653035541232,0.16573973053163737,0.8350484229787049,1.1538530565800798,1.5589082730299877,0.04983331113236111,False,False,False,-0.40505521644990794,0.0,98.75828509103113,99.59203461477995,96.78205992954551,False,False,False,-0.8337495237488213,0.0,0.22637005613718664,1.1405229016640366,0
2024.11.04startup_a,4471,4489,4485,0.7701840271312376,0.05,0.6058451939497518,0.8529859262076835,1.1047030254475059,1.0841325622388456,0.4590632856354866,0.00402270046711746,0.45504058516836915,0.9921509274813752,97.98256657424919,96.94301606480009,1.0395505094491,1.2172551234136364,0.5411669457372493,0.33415481576856654,0.2070121299686828,1.0429916358215252,0.208180945557171,1.5589082730299877,0.04983331113236111,False,False,False,-1.3507273274728167,0.0,97.8263224408738,99.59203461477995,96.78205992954551,False,False,False,-1.7657121739061523,0.0,0.1643388331814858,0.827990265473279,0
2024.11.04startup_a,4545,4545,4545,0.6082655083595008,0.05,0.6058451939497518,0.8643971091669836,1.234257716345862,0.825202699874089,0.189160990785662,0.886478327946668,0.697317337161006,1.5204007408639084,96.71462337008698,97.52432471530848,0.8097013452214981,0.9481146918278154,0.38728337047171996,0.3858756237189919,0.001407746752728034,0.007092666930543514,0.5140912790181235,1.5589082730299877,0.04983331113236111,False,False,False,-1.0448169940118643,0.0,96.79497312677836,99.59203461477995,96.78205992954551,False,False,False,-2.7970614880015887,0.0,0.0024203144097489915,0.012194298400815455,0
2024.11.04startup_a,4636,4662,4651,0.9140812062660996,0.05,0.6058451939497518,0.8845568657284139,0.9133664505770311,0.7421320951532352,0.8575202840530487,0.9203673820853175,0.06284709803226884,0.13702911044551547,98.02573027928224,96.58270292810283,1.4430273511794098,1.6897037907085468,0.5522144062742568,0.47288954343349576,0.07932486284076101,0.3996633843056433,0.7771529943226336,1.5589082730299877,0.04983331113236111,False,False,False,-0.7817552787073541,0.0,97.5879593432369,99.59203461477995,96.78205992954551,False,False,False,-2.0040752715430443,0.0,0.3082360123163478,1.5529891062594576,0
2024.11.04startup_a,4772,4790,4785,0.7391206106399403,0.05,0.6058451939497518,0.9100418410041841,0.6596176998342694,0.7216730841727155,0.9337439523132448,0.9683143183417361,0.034570366028491284,0.0753757397394505,96.45873024322121,97.5210013466989,1.0622711034776842,1.2438596599290883,0.5649624751277095,0.39709198522334277,0.1678704899043667,0.8457838528496077,0.9842399889605548,1.5589082730299877,0.04983331113236111,False,False,False,-0.5746682840694329,0.0,96.5893058690745,99.59203461477995,96.78205992954551,False,True,True,-3.002728745705454,0.0,0.1332754166901885,0.6714830908194803,1
2024.11.04startup_a,4937,4958,4952,0.7841685064586468,0.05,0.6058451939497518,0.9418029669075694,0.8803924495172681,0.9181478195987814,0.9454974829650795,1.1654295062979225,0.219932023332843,0.47953032772186144,96.24620013416633,97.34040694153376,1.0942068073674278,1.2812545713126748,0.5862543437911085,0.38903380255840353,0.197220541232705,0.993658559761808,1.1590956761386295,1.5589082730299877,0.04983331113236111,False,False,False,-0.3998125968913582,0.0,96.56631797492614,99.59203461477995,96.78205992954551,False,True,True,-3.025716639853812,0.0,0.178323312508895,0.8984484312436297,1
2024.11.04startup_a,5031,5040,5035,0.6476345077505373,0.05,0.6058451939497518,0.9575884366679346,1.100490707691991,0.8395847654341057,0.35591770322072125,0.986846097865066,0.6309283946443448,1.3756491449858368,97.45775909055514,98.16260277176397,0.7048436812088283,0.825332270398145,0.28311529535749946,0.3461865978165786,0.06307130245907916,0.31777288091833517,0.4637773498877516,1.5589082730299877,0.04983331113236111,False,False,False,-1.0951309231422361,0.0,97.45775909055516,99.59203461477995,96.78205992954551,False,False,False,-2.1342755242247904,0.0,0.041789313800785544,0.21054758852794817,0
2024.11.04startup_b,281,300,295,0.8496717663466584,0.05,0.6647822197483404,0.05818540433925049,0.5174871721843732,0.5421226365930374,1.3135332875534873,1.4715994266798271,0.15806613912633982,0.36309924327519766,99.0854644988399,97.97845259328689,1.1070119055530085,0.6718751010935488,0.5173290312480295,0.39710179014590113,0.1202272411021284,0.5913935654103658,1.433227886524724,1.7718691226689578,0.3394994248484835,False,False,False,-0.3386412361442337,0.0,99.2355853232382,100.24280680304,94.82148274593604,False,False,False,-1.0072214798017995,0.0,0.18488954659831802,0.909465169187431,0
2024.11.04startup_b,582,609,596,1.0712160503601305,0.05,0.6647822197483404,0.11755424063116371,0.7131674238169291,0.5280566260764884,1.5602706525282533,1.3609963475468307,0.1992743049814225,0.4577599588556544,96.26040112313318,97.85626906280231,1.5958679396691338,0.9685748887782037,0.5644873509216493,0.5965743931007647,0.0320870421791154,0.15783503059560694,1.6522577343414264,1.7718691226689578,0.3394994248484835,False,False,False,-0.11961138832753138,0.0,96.4161447459986,100.24280680304,94.82148274593604,False,False,False,-3.8266620570414034,0.0,0.40643383061179006,1.9992337009939425,0
2024.11.04startup_b,1101,1113,1106,0.726559913928294,0.05,0.6647822197483404,0.21814595660749506,0.5371188598316043,0.4573209316632791,1.1769027425513245,1.4716214885050078,0.2947187459536833,0.6770087143664872,98.08962704163518,97.43513450667038,0.6544925349648025,0.3972290052967214,0.39422992106713745,0.454755882976456,0.06052596190931858,0.2977250753266285,1.477322818602089,1.7718691226689578,0.3394994248484835,False,False,False,-0.29454630406686877,0.0,98.1074364366278,100.24280680304,94.82148274593604,False,False,False,-2.1353703664122037,0.0,0.0617776941799536,0.30388230228853835,0
2024.11.04startup_b,1438,1444,1439,0.7105500094831105,0.05,0.6647822197483404,0.28382642998027613,0.9589873439471681,0.7335109922205701,0.29037774196675653,0.9369988789582551,0.6466211369914985,1.4853759750511708,96.7729715918111,97.48574086196986,0.7127692701587591,0.43259871284316537,0.41956468499161886,0.47700731794530593,0.05744263295368707,0.2825582887673746,0.8536576732793313,1.7718691226689578,0.3394994248484835,False,False,False,-0.9182114493896265,0.0,96.85518379130794,100.24280680304,94.82148274593604,False,False,False,-3.3876230117320603,0.0,0.04576778973477014,0.22513014608066628,0
2024.11.04startup_b,1656,1665,1659,0.6996035457173116,0.05,0.6647822197483404,0.3272189349112426,0.3843396766329362,0.29728277425107114,1.1390313020528045,0.9339955097134193,0.20503579233938518,0.4709948724897742,96.46094409586438,96.95142255500231,0.49047845913793253,0.2976844807760982,0.4352489067445858,0.41020929478908563,0.02503961195550014,0.12316896948734106,0.9842399889605548,1.7718691226689578,0.3394994248484835,False,False,False,-0.787629133708403,0.0,96.351538674799,100.24280680304,94.82148274593604,False,False,False,-3.891268128240995,0.0,0.03482132596897125,0.1712848762753644,0
2024.11.04startup_b,1749,1764,1760,0.7901216524093554,0.05,0.6647822197483404,0.34714003944773175,0.8981752758044228,0.6966617579809246,1.031699103599475,1.5157398591146936,0.48404075551521863,1.1119069081674269,97.29722214409226,98.42494255036496,1.1277204062727009,0.6844436434414186,0.49918161285232593,0.43948719846771694,0.059694414384608985,0.2936347223339284,1.4113949465359856,1.7718691226689578,0.3394994248484835,False,False,False,-0.36047417613297217,0.0,97.53047498949138,100.24280680304,94.82148274593604,False,False,False,-2.712331813548616,0.0,0.125339432661015,0.616540255672538,0
2024.11.04startup_b,2421,2450,2435,0.9843184099947552,0.05,0.6647822197483404,0.480276134122288,0.9519529041052474,0.7677389692373842,1.0011696424657859,1.4460071008917228,0.4448374584259369,1.0218516465807983,97.54061146052791,96.08729899712901,1.4533124633989019,0.8820541616296964,0.5649279911675475,0.6461058643174341,0.08117787314988656,0.39931109950165794,1.2132336634320215,1.7718691226689578,0.3394994248484835,False,False,False,-0.5586354592369362,0.0,96.67364503372876,100.24280680304,94.82148274593604,False,False,False,-3.5691617693112363,0.0,0.3195361902464148,1.5717872679698943,0
2024.11.04startup_b,2572,2589,2582,0.815581469048925,0.05,0.6647822197483404,0.5092702169625246,0.5012538933167818,0.611865121080083,1.329388257134698,1.4756027280878448,0.14621447095314677,0.33587436279782007,95.91728799028657,94.81891251004537,1.0983754802412022,0.6666334238357436,0.5116071905430741,0.680969569151944,0.16936237860886982,0.8330875766066851,1.3555711097130931,1.7718691226689578,0.3394994248484835,False,False,False,-0.41629801295586466,0.0,95.67692196844152,100.24280680304,94.82148274593604,False,False,False,-4.565884834598478,0.0,0.15079924930058464,0.7417761972041174,0
2024.11.04startup_b,2739,2748,2744,0.6974843309116592,0.05,0.6647822197483404,0.5412228796844182,0.6751298755898506,0.45759364472040526,1.4291507202435165,1.0461523637934733,0.3829983564500432,0.8797988878029182,95.34746460154823,96.12261726907107,0.7751526675228462,0.4704608633767831,0.48012351003098325,0.47554507046959765,0.004578439561385594,0.022521182981514527,1.4995196245467155,1.7718691226689578,0.3394994248484835,False,False,False,-0.2723494981222423,0.0,95.40799471423853,100.24280680304,94.82148274593604,False,False,False,-4.8348120888014705,0.0,0.03270211116331878,0.16086053327043237,0
2024.11.04startup_b,2914,2951,2934,0.9100855703504224,0.05,0.6647822197483404,0.578698224852071,0.6155849152171269,0.6703372709218905,1.6302414616473615,1.794211100501221,0.1639696388538594,0.37666037847838235,96.1800922799949,94.77216373020478,1.407928549790114,0.8545094519558715,0.7731103847914482,0.6145725590268702,0.15853782576457798,0.7798419823314178,1.625054959449705,1.7718691226689578,0.3394994248484835,False,False,False,-0.14681416321925278,0.0,95.26694703827783,100.24280680304,94.82148274593604,False,False,False,-4.975859764762163,0.0,0.24530335060208197,1.2066385437260612,0
2024.11.04startup_b,3100,3117,3108,0.8300067966412872,0.05,0.6647822197483404,0.6130177514792899,0.4916093498093383,0.3655788959549831,1.7026226845225196,1.5967374032166564,0.10588528130586328,0.24323277413267116,92.58779201527922,93.8070264058994,1.219234390620187,0.7399859254860054,0.6077887176511766,0.584711100070331,0.02307761758084559,0.11351798824627277,1.7882674797986309,1.7718691226689578,0.3394994248484835,True,False,True,0.01639835712967308,0.037669238317901935,93.21170477431583,100.24280680304,94.82148274593604,False,True,True,-7.031102028724163,0.0,0.16522457689294678,0.8127338756707868,1
2024.11.04startup_b,3197,3260,3227,1.0459380620394676,0.05,0.6647822197483404,0.6364891518737673,0.7233718528696642,0.4944505027567665,1.5141717617977897,1.3650268971442021,0.14914486465358756,0.3426058724115141,93.09476732527774,94.91399492409184,1.819227598814095,1.1041378333278145,0.8253281337134278,0.8178859575408546,0.007442176172573256,0.036607802530971095,1.4766549183659508,1.7718691226689578,0.3394994248484835,False,False,False,-0.29521420430300704,0.0,93.47436604189636,100.24280680304,94.82148274593604,False,True,True,-6.768440761143637,0.0,0.3811558422911272,1.874892166560331,1
2024.11.04startup_b,3350,3366,3362,0.8079125457607723,0.05,0.6647822197483404,0.6631163708086785,0.4599264700686749,0.5145631101831838,1.3918879730853722,1.3098459322807192,0.08204204080465294,0.1884616344624712,96.96433025885929,98.16940376386378,1.205073505004492,0.7313913056748785,0.5811061628955917,0.45428346392637725,0.12682269896921444,0.6238363904122015,1.4561112661478437,1.7718691226689578,0.3394994248484835,False,False,False,-0.3157578565211141,0.0,96.77454805209078,100.24280680304,94.82148274593604,False,False,False,-3.468258750949218,0.0,0.14313032601243192,0.7040530335960744,0
2024.11.04startup_b,4557,4559,4559,0.6850102676995251,0.05,0.6647822197483404,0.8992110453648915,0.11556609122716202,0.34210216012941425,0.9467395672723798,0.9530933445098353,0.006353777237455449,0.014595483381897869,98.30807064846204,98.6648463400633,0.3567756916012712,0.21653669907242618,0.35655261004862127,0.5182074159638316,0.1616548059152103,0.7951742979339187,0.8948692308065574,1.7718691226689578,0.3394994248484835,False,False,False,-0.8769998918624003,0.0,98.3801580333626,100.24280680304,94.82148274593604,False,False,False,-1.8626487696773921,0.0,0.020228047951184713,0.09950105558008346,0
2024.11.04startup_b,4750,4766,4758,0.7973663999500775,0.05,0.6647822197483404,0.9384615384615385,0.49824232532420915,0.41155869868508327,1.1549937474912204,0.9908546209970938,0.16413912649412665,0.3770497144504361,97.2328171787583,96.21220806856721,1.0206091101910886,0.6194349361979822,0.5650828111237381,0.5166597270553134,0.04842308406842477,0.23819144540683168,1.3324661355215683,1.7718691226689578,0.3394994248484835,False,False,False,-0.43940298714738946,0.0,97.03758881503552,100.24280680304,94.82148274593604,False,False,False,-3.2052179880044775,0.0,0.13258418020173712,0.6521769137155028,0
2024.11.04startup_b,4872,4882,4876,0.7142632967605561,0.05,0.6647822197483404,0.9617357001972386,0.34783090033022834,0.26028790071772484,1.4280518246774927,1.2266622912044742,0.20138953347301847,0.4626189240261692,96.82869500279594,97.21266702158125,0.3839720187853146,0.23304287663428747,0.509027129961288,0.4917060257892857,0.017321104172002277,0.0852019014927179,1.3819829643540342,1.7718691226689578,0.3394994248484835,False,False,False,-0.38988615831492357,0.0,96.61398138314487,100.24280680304,94.82148274593604,False,False,False,-3.628825419895122,0.0,0.04948107701221571,0.24339567544215315,0
2024.11.11startup_a,1437,1446,1441,0.6987826968562734,0.05,0.5926885275266295,0.27395437262357414,0.62767497620313,0.4805595481516955,0.9921157442731737,1.2559417002014313,0.2638259559282575,0.5839414852566248,98.55800950161606,97.68429907356567,0.8737104280503871,0.671408467149635,0.4162287849965837,0.45131377333996225,0.03508498834337853,0.18632869204882666,0.9432261548473416,1.6799914086725884,0.1934172453120261,False,False,False,-0.7367652538252468,0.0,98.6153846153846,100.3593955387863,96.07766733512516,False,False,False,-1.744010923401703,0.0,0.10609416932964388,0.5634429064568893,0
2024.11.11startup_a,2324,2349,2338,0.8772483115626433,0.05,0.5926885275266295,0.44448669201520913,0.928085191603343,0.8583126532564389,0.6882960712156212,1.1005101935594541,0.4122141223438329,0.9123777302285984,96.4462899241404,97.67445656660921,1.228166642468807,0.9437926529780877,0.6330104566795033,0.4976692391353471,0.13534121754415618,0.7187675765626306,0.7881133310528374,1.6799914086725884,0.1934172453120261,False,False,False,-0.891878077619751,0.0,96.70576666432537,100.3593955387863,96.07766733512516,False,False,False,-3.653628874460935,0.0,0.2845597840360138,1.5112347152634475,0
2024.11.11startup_a,2462,2467,2466,0.614854572454434,0.05,0.5926885275266295,0.4688212927756654,0.8829636490390003,0.6089572694957419,1.1153997903344175,0.6087207924657597,0.5066789978686578,1.121462388045772,97.68889378228032,96.85024526955279,0.8386485127275307,0.6444649100322285,0.398897605739773,0.3874219848153248,0.011475620924448204,0.060944510409225286,1.0032709271829536,1.6799914086725884,0.1934172453120261,False,False,False,-0.6767204814896348,0.0,97.79625230931644,100.3593955387863,96.07766733512516,False,False,False,-2.5631432294698584,0.0,0.022166044927804496,0.11771901187115008,0
2024.11.11startup_a,2563,2563,2563,0.6007405319982492,0.05,0.5926885275266295,0.4872623574144487,0.5578286838174319,0.48501191445771547,0.7329038012495104,0.43010386488142177,0.3027999363680886,0.6702048854756175,96.24422503152013,95.66455334445348,0.5796716870666501,0.4454524821592462,0.4450501429724268,0.38114647775670046,0.06390366521572632,0.3393783757382826,-0.0,1.6799914086725884,0.1934172453120261,False,True,True,-1.6799914086725884,0.0,95.72032587398164,100.3593955387863,96.07766733512516,False,True,True,-4.639069664804666,0.0,0.00805200447161969,0.04276243294951387,1
2024.11.11startup_a,2651,2677,2667,1.0067530976689414,0.05,0.5926885275266295,0.5070342205323194,0.550015247689829,0.6560362148337703,0.9483688159478062,0.930725634924549,0.017643181023257237,0.03905068891013105,96.63200948969445,95.25134605421724,1.3806634354772171,1.060979806469527,0.5629909534156502,0.3995351194902245,0.16345583392542568,0.8680781491216526,0.804717519321077,1.6799914086725884,0.1934172453120261,False,False,False,-0.8752738893515114,0.0,96.55407378565172,100.3593955387863,96.07766733512516,False,False,False,-3.805321753134578,0.0,0.4140645701423119,2.1990062822106444,0
2024.11.11startup_a,2758,2768,2767,0.6310735041485099,0.05,0.5926885275266295,0.5260456273764259,0.5981991620801188,0.5428523311166008,0.7687257267791546,0.4396258300329055,0.3290998967462491,0.7284161326267115,95.2297739962312,95.83876381523149,0.6089898190002856,0.4679821915335262,0.4161515362408084,0.4975253799805189,0.08137384373971046,0.4321586691895645,0.208180945557171,1.6799914086725884,0.1934172453120261,False,False,False,-1.4718104631154174,0.0,95.46376196538878,100.3593955387863,96.07766733512516,False,True,True,-4.895633573397518,0.0,0.03838497662188045,0.2038542073402053,1
2024.11.11startup_a,2863,2882,2870,0.6706800857096437,0.05,0.5926885275266295,0.5456273764258555,0.6054108972968204,0.48297056012390077,1.0413838997467595,0.8321272125248211,0.20925668722193835,0.4631601174582228,96.03535167474615,97.00829115336204,0.9729394786158849,0.747661677135418,0.5135120443973463,0.46868061894511026,0.04483142545223606,0.23808988577806173,0.9842399889605548,1.6799914086725884,0.1934172453120261,False,False,False,-0.6957514197120337,0.0,96.71959778983523,100.3593955387863,96.07766733512516,False,False,False,-3.639797748951068,0.0,0.07799155818301418,0.41419609107077215,0
2024.11.11startup_a,2952,2979,2968,1.010516108156078,0.05,0.5926885275266295,0.5642585551330799,1.0852000862912798,0.8127757506567456,0.9150927533139643,1.4040582035871976,0.48896545027323324,1.0822559526681668,97.21479280080429,98.63080555411095,1.41601275330666,1.088144219914393,0.5460343588264434,0.4955847026096283,0.050449656216815075,0.2679270793876772,1.29281613465036,1.6799914086725884,0.1934172453120261,False,False,False,-0.3871752740222285,0.0,97.43481720732107,100.3593955387863,96.07766733512516,False,False,False,-2.924578331465227,0.0,0.4178275806294486,2.2189908070841295,0
2024.11.11startup_a,3074,3087,3080,0.6646012154480747,0.05,0.5926885275266295,0.5855513307984791,0.7426453215848117,0.5268546951463868,0.9060075664519841,0.42094340319868256,0.48506416325330154,1.073621004947364,98.1809840351015,98.71669377578066,0.5357097406791524,0.4116696382222594,0.36228808351074326,0.3443484544890125,0.01793962902173074,0.09527344226953721,0.7473944462440387,1.6799914086725884,0.1934172453120261,False,False,False,-0.9325969624285497,0.0,98.11908913192794,100.3593955387863,96.07766733512516,False,False,False,-2.240306406858366,0.0,0.07191268792144523,0.38191254193895624,0
2024.11.11startup_a,3217,3251,3230,0.8770142905037766,0.05,0.5926885275266295,0.6140684410646388,0.8807715993472418,1.0314470059970324,1.2004335194636953,0.9082363110405265,0.29219720842316876,0.6467372449163541,99.1432596175582,97.69255168829473,1.4507079292634728,1.1148059537781294,0.47227619420850747,0.7232369852704039,0.25096079106189645,1.3327978192966141,0.9929563290994996,1.6799914086725884,0.1934172453120261,False,False,False,-0.6870350795730888,0.0,98.17393428606329,100.3593955387863,96.07766733512516,False,False,False,-2.185461252723016,0.0,0.28432576297714707,1.5099918806532788,0
2024.11.11startup_a,3298,3322,3311,0.9234430663350232,0.05,0.5926885275266295,0.629467680608365,0.4674438939752301,0.44749517602790356,1.784522570890536,1.7655197961845477,0.019002774705988212,0.04205995746995138,96.2609043166244,95.0990586978819,1.161845618742504,0.8928278304805088,0.6272245017281264,0.550475388083218,0.07674911364490833,0.40759774013325045,1.9463023955248933,1.6799914086725884,0.1934172453120261,True,False,True,0.2663109868523048,0.5894417501702537,96.05478172904832,100.3593955387863,96.07766733512516,False,True,True,-4.304613809737987,0.0,0.33075453880839367,1.7565649445915208,1
2024.11.11startup_a,3529,3548,3539,0.7004314688801638,0.05,0.5926885275266295,0.6728136882129278,0.6987730124638072,0.6680662820610851,1.4565444211343552,1.1524257186537268,0.30411870248062844,0.6731237879761434,95.57246066471599,96.51515843172974,0.9426977670137546,0.7244222369514711,0.6006139989207016,0.48638356597882076,0.11423043294188079,0.6066528212556406,1.5045643034921028,1.6799914086725884,0.1934172453120261,False,False,False,-0.17542710518048565,0.0,95.73309123921923,100.3593955387863,96.07766733512516,False,True,True,-4.626304299567067,0.0,0.10774294135353435,0.5721991737154528,1
2024.11.11startup_a,3602,3624,3615,0.8268327760182445,0.05,0.5926885275266295,0.6872623574144486,0.612920541507162,0.5864715066485203,1.0431589952997464,1.2111716845354474,0.168012689235701,0.37187235406410896,97.31743144079591,98.42870932932223,1.1112778885263168,0.853968728950215,0.542542568896629,0.44207270776454277,0.10046986113208622,0.533573436931237,0.9875245214535492,1.6799914086725884,0.1934172453120261,False,False,False,-0.6924668872190393,0.0,97.59986665925884,100.3593955387863,96.07766733512516,False,False,False,-2.7595288795274655,0.0,0.23414424849161497,1.2434888432970448,0
2024.11.11startup_a,4305,4332,4322,0.9828137812690037,0.05,0.5926885275266295,0.8216730038022814,0.5918523026064763,0.5901815810390193,0.6754088433587998,0.7032842525554096,0.0278754091966098,0.06169828056201905,97.97094025787861,96.51086241532806,1.4600778425505467,1.1220063246509335,0.6333004126172558,0.5228006330535327,0.11049977956372303,0.586840137904105,-0.0,1.6799914086725884,0.1934172453120261,False,True,True,-1.6799914086725884,0.0,97.64200377279396,100.3593955387863,96.07766733512516,False,False,False,-2.717391765992346,0.0,0.39012525374237417,2.071869813767574,1
2024.11.11startup_a,4608,4629,4622,0.823429330467037,0.05,0.5926885275266295,0.8787072243346008,0.8935856052699601,0.7889031797529192,0.5211170640653499,0.9236556809830342,0.40253861691768433,0.8909623657347041,98.1882286631333,99.35447402900057,1.166245365867269,0.8962088448052161,0.5416985278692732,0.43257365137245707,0.10912487649681613,0.5795383287188376,0.3280668831792931,1.6799914086725884,0.1934172453120261,False,False,False,-1.3519245254932954,0.0,98.5382850344183,100.3593955387863,96.07766733512516,False,False,False,-1.8211105043680078,0.0,0.23074080294040755,1.225413889079893,0
2024.11.11startup_a,4928,4932,4932,0.5993787516193411,0.05,0.5926885275266295,0.9376425855513308,0.31714784243192357,0.5090754938006888,0.0,0.045658889578551666,0.045658889578551666,0.10105950228383877,99.78397275160957,99.09006727360477,0.693905478004794,0.5332361825800084,0.37242185368191477,0.20428636019722032,0.16813549348469445,0.8929307965382193,-0.0,1.6799914086725884,0.1934172453120261,False,True,True,-1.6799914086725884,0.0,99.85257326661902,100.3593955387863,96.07766733512516,False,False,False,-0.5068222721672839,0.0,0.006690224092711583,0.03553031548730043,1
2024.11.11startup_a,5071,5109,5105,1.0848583771308298,0.05,0.5926885275266295,0.970532319391635,,,0.9535985432367441,0.7771529943226336,0.17644554891411046,0.3905372977321618,97.91280103296252,96.65543437793978,1.2573666550227358,0.9662315927459588,1.004107253527948,1.04033122226135,0.03622396873340206,0.19237756754695398,0.7771529943226336,1.6799914086725884,0.1934172453120261,False,False,False,-0.9028384143499548,0.0,97.35716688289848,100.3593955387863,96.07766733512516,False,False,False,-3.0022286558878193,0.0,0.4921698496042003,2.6138063220968863,0
2024.11.11startup_b,366,389,380,1.3225074716035714,0.05,0.9536251879439583,0.06836991723641597,0.49956635299090835,0.6992079666493897,1.7516553334747205,1.8811497751197266,0.12949444164500612,0.2400205673064259,94.12304227028972,92.13627076641434,1.9867715038753744,0.7591121386753907,0.9601334762332742,0.6255820748281216,0.3345514014051526,1.0984911939663522,1.8313681851260744,1.9384144628627937,0.16325872764967098,False,False,False,-0.10704627773671938,0.0,93.32550266012576,100.52590128145582,91.91446134827967,False,False,False,-7.200398621330052,0.0,0.36888228365961306,1.211215790782343,0
2024.11.11startup_b,469,491,482,1.101625219821789,0.05,0.9536251879439583,0.08672184238934869,0.46045027069166045,0.417109861670961,1.4560409363651265,1.5432820212853062,0.08724108492017968,0.16170311581691837,92.72222258588272,94.70921730521742,1.986994719334703,0.7591974255664026,0.8529780640359926,0.752344121571616,0.10063394246437662,0.330429043629562,1.378534725137646,1.9384144628627937,0.16325872764967098,False,False,False,-0.5598797377251477,0.0,93.80102393801025,100.52590128145582,91.91446134827967,False,False,False,-6.72487734344557,0.0,0.14800003187783073,0.48595441848904636,0
2024.11.11startup_b,577,588,584,1.0843544955784945,0.05,0.9536251879439583,0.1050737675422814,0.7411640445979306,0.5114809554746087,1.0041592511022377,0.5258288885547002,0.47833036254753747,0.8865950037707727,95.81692207113795,97.37609292052473,1.5591708493867742,0.5957330854250884,0.6274423078026102,0.6433141435089846,0.015871835706374404,0.052114777227964926,1.0394364783172854,1.9384144628627937,0.16325872764967098,False,False,False,-0.8989779845455084,0.0,96.39847699893888,100.52590128145582,91.91446134827967,False,False,False,-4.127424282516941,0.0,0.13072930763453616,0.4292464255917012,0
2024.11.11startup_b,692,705,702,1.0995908378586077,0.05,0.9536251879439583,0.1263044260525369,0.7278477189899031,0.5427898147684856,1.9503511026633495,1.534241224486424,0.41610987817692546,0.7712680772478935,97.41703026724504,95.62572604815091,1.7913042190941297,0.6844273607319127,0.715327533929774,0.6627387365686381,0.052588797361135864,0.1726740063256509,1.964692469985276,1.9384144628627937,0.16325872764967098,True,False,True,0.026278007122482183,0.04870681781470664,96.9374669985668,100.52590128145582,91.91446134827967,False,False,False,-3.5884342828890112,0.0,0.14596564991464933,0.47927457598253603,1
2024.11.11startup_b,777,794,787,1.223960583413926,0.05,0.9536251879439583,0.14159769701331415,0.42414104317402074,0.3301918226633135,1.5186777013535107,1.606381838437478,0.08770413708396729,0.1625613923702044,94.9952838054885,93.2005946350715,1.7946891704170014,0.6857206939778371,0.62588851856241,0.669224733272597,0.043336214710187004,0.14229338164189897,1.641589148521435,1.9384144628627937,0.16325872764967098,False,False,False,-0.29682531434135884,0.0,94.9454428754814,100.52590128145582,91.91446134827967,False,False,False,-5.580458405974412,0.0,0.27033539546996765,0.8876395378823755,0
2024.11.11startup_b,916,937,926,1.3099278452956165,0.05,0.9536251879439583,0.16660669305505577,0.4725180979477021,0.419600964698395,1.682081676142295,1.5778430229075948,0.10423865323470016,0.1932084525545765,93.71995160670131,95.68765816834177,1.9677065616404548,0.7518277433408277,0.6621241522050583,0.7576834877496449,0.09555933554458662,0.3137666981997808,1.8710336124969555,1.9384144628627937,0.16325872764967098,False,False,False,-0.06738085036583819,0.0,94.37287599778708,100.52590128145582,91.91446134827967,False,False,False,-6.15302528366874,0.0,0.3563026573516581,1.169910901116252,0
2024.11.11startup_b,987,1004,994,1.0554210615113766,0.05,0.9536251879439583,0.17884130982367757,0.46925450133081137,0.3716745363188587,1.1305659969238138,1.274752300926716,0.14418630400290233,0.2672522314082508,96.52681194079126,98.28364569033018,1.756833749538913,0.671256771253372,0.7515828606477908,0.8053413333864118,0.053758472738621,0.17651460629495325,1.3675380544221296,1.9384144628627937,0.16325872764967098,False,False,False,-0.5708764084406641,0.0,97.4074074074074,100.52590128145582,91.91446134827967,False,False,False,-3.1184938740484114,0.0,0.10179587356741826,0.33424421546661287,0
2024.11.11startup_b,1235,1264,1261,2.160329271632574,0.05,0.9536251879439583,0.22688017272400143,1.1169946843601204,1.2395533716058895,1.8660808806047242,1.400269706906044,0.4658111736986803,0.8633904339718894,95.53574514795815,91.94857170142156,3.587173446536596,1.3705989347483514,1.5349318779029273,1.0827674168127255,0.4521644610902018,1.484670746097428,1.8038746856822057,1.9384144628627937,0.16325872764967098,False,False,False,-0.13453977718058807,0.0,94.17549167927385,100.52590128145582,91.91446134827967,False,False,False,-6.350409602181969,0.0,1.2067040836886158,3.9621828038612574,0
2024.11.11startup_b,1411,1426,1415,1.077053804408303,0.05,0.9536251879439583,0.2545879812882332,0.42937685934097547,0.6001002001873322,1.6661828650577135,1.470870460634472,0.1953124044232415,0.3620154928360693,91.14863006894272,89.84855159342486,1.3000784755178643,0.4967382258458816,0.5388478977079447,0.825601064735399,0.28675316702745424,0.9415468818800459,1.4683074126843,1.9384144628627937,0.16325872764967098,False,False,False,-0.47010705017849364,0.0,90.70440656159536,100.52590128145582,91.91446134827967,False,True,True,-9.821494719860453,0.0,0.12342861646434455,0.40527478796997973,1
2024.11.11startup_b,1544,1569,1562,2.123452650242522,0.05,0.9536251879439583,0.2810363440086362,0.8494246343297154,0.9845630868727886,1.7188459283170423,1.9467318043442519,0.22788587602720956,0.422391081426637,90.58783177589814,93.92861717910321,3.340785403205075,1.2764581872327938,1.3181240904768374,0.9359558217142284,0.382168268762609,1.254839991958935,1.880519688347976,1.9384144628627937,0.16325872764967098,False,False,False,-0.057894774514817726,0.0,91.61377736575626,100.52590128145582,91.91446134827967,False,True,True,-8.912123915699553,0.0,1.1698274622985636,3.84109933599933,1
2024.11.11startup_b,2614,2638,2631,1.0875897332092093,0.05,0.9536251879439583,0.4733717164447643,0.5864945387259428,0.603054141233607,1.2760052810091997,1.5179344542531412,0.24192917324394148,0.44842061691861645,94.47091392646396,92.5745511934081,1.8963627330558666,0.7245684605332692,0.9475942463244882,0.7538442320383418,0.19375001428614635,0.6361733462489354,1.5738937446297547,1.9384144628627937,0.16325872764967098,False,False,False,-0.364520718233039,0.0,93.88343558282207,100.52590128145582,91.91446134827967,False,False,False,-6.6424656986337425,0.0,0.13396454526525092,0.43986924777329134,0
2024.11.11startup_b,2716,2726,2722,1.0363923690078471,0.05,0.9536251879439583,0.4897445124145376,0.7183994665845279,0.7198847860525747,1.3898215066723452,1.817940676781457,0.4281191701091118,0.7935275427963363,92.11747408118353,90.43388452631103,1.6835895548724977,0.6432713903727195,0.5365163127711117,0.7566658203607771,0.22014950758966545,0.7228554249886683,1.817285716644733,1.9384144628627937,0.16325872764967098,False,False,False,-0.1211287462180608,0.0,91.87479832203935,100.52590128145582,91.91446134827967,False,True,True,-8.651102959416463,0.0,0.0827671810638888,0.2717639775718488,1
2024.11.11startup_b,2834,2854,2850,1.2828694168532366,0.05,0.9536251879439583,0.5127743792731199,0.633529039168869,0.7411034697308617,1.3086156926255519,1.56997284360097,0.261357150975418,0.48443076667862695,92.29261385071909,90.24429771698932,2.04831613372977,0.7826273116591111,0.9517879320510102,0.6605561414443829,0.2912317906066273,0.956252330854847,1.517776716815552,1.9384144628627937,0.16325872764967098,False,False,False,-0.4206377460472417,0.0,91.6706529538388,100.52590128145582,91.91446134827967,False,True,True,-8.85524832761702,0.0,0.3292442289092783,1.0810652252599227,1
2024.11.11startup_b,3133,3166,3153,1.9051414148134065,0.05,0.9536251879439583,0.56729039222742,0.629513257022236,0.5236354597406425,0.7440888909448807,0.7622079718758832,0.01811908093100245,0.03358408306089612,95.8006769255002,99.00794233132852,3.2072654058283234,1.2254424309835759,1.203036110117909,1.108051419718685,0.09498469039922397,0.3118798651774557,0.9982545693874832,1.9384144628627937,0.16325872764967098,False,False,False,-0.9401598934753105,0.0,97.02048417132217,100.52590128145582,91.91446134827967,False,False,False,-3.5054171101336493,0.0,0.9515162268694481,3.124279831864666,0
2024.11.11startup_b,3985,3999,3993,1.1353255189177374,0.05,0.9536251879439583,0.7184238934868658,0.6693964327956613,0.45778698884231933,1.511759134432405,1.1363425129629203,0.37541662146948473,0.6958423027019741,96.19700563276,94.51425575738826,1.6827498753717407,0.6429505628893485,0.6267358783683162,0.616207977302333,0.010527901065983225,0.03456810093563527,1.5183593905083006,1.9384144628627937,0.16325872764967098,False,False,False,-0.42005507235449313,0.0,95.91647945024448,100.52590128145582,91.91446134827967,False,False,False,-4.6094218312113355,0.0,0.18170033097377902,0.596608511209763,0
2024.11.11startup_b,4262,4267,4265,1.0007577384207582,0.05,0.9536251879439583,0.767362360561353,0.5845331056164267,0.5980611762140389,0.9590099731905593,0.6082792461617132,0.350730727028846,0.6500864979520553,97.17391615465219,95.81562657804905,1.3582895766031413,0.518979713280798,0.5322751166977744,0.7226579579354663,0.1903828412376919,0.6251173174092634,0.6857486151292824,1.9384144628627937,0.16325872764967098,False,False,False,-1.2526658477335113,0.0,97.05254515599344,100.52590128145582,91.91446134827967,False,False,False,-3.4733561254623737,0.0,0.04713255047679987,0.15475855557764776,0
2024.11.18startup_a,150,164,157,0.6569797807155514,0.05,0.5281385352704644,0.0291875813348206,,,1.7129813120723534,1.690498194227874,0.022483117844479317,0.050509493671509295,97.11433943560066,97.85966746049566,0.7453280248950023,0.8583877844878467,0.6309958535133485,0.4395801006331001,0.19141575288024842,1.0682828542860103,1.8093652274583008,1.403626217801714,-0.06097708946776803,True,False,True,0.4057390096565867,0.91151378924814,96.794208893485,100.18801423321499,97.33107889275301,False,True,True,-3.3938053397299797,0.0,0.12884124544508702,0.719057294725112,1
2024.11.18startup_a,310,327,323,0.6748059439870411,0.05,0.5281385352704644,0.06004833612195575,0.8626760231153923,0.8334159928443472,0.282904792979892,0.01096206531902316,0.27194272766086885,0.6109334824828311,98.94865798975086,99.91629453122397,0.9676365414731123,1.1144185637479533,0.4077846617870658,0.26893820582235456,0.13884645596471124,0.7748959323022572,0.2829047929798921,1.403626217801714,-0.06097708946776803,False,False,False,-1.120721424821822,0.0,99.0748794180438,100.18801423321499,97.33107889275301,False,False,False,-1.113134815171179,0.0,0.14666740871657669,0.8185443238441269,0
2024.11.18startup_a,540,559,551,0.7315413483114199,0.05,0.5281385352704644,0.10243539691392452,0.6919301444568429,0.463982705505964,0.7806484546778869,0.9110217399555235,0.13037328527763659,0.2928903665948456,99.84338314660934,98.89610678490423,0.9472763617051072,1.09096992231884,0.33977511571607305,0.34122429895795847,0.0014491832418854211,0.008087827604206335,0.8075738393756748,1.403626217801714,-0.06097708946776803,False,False,False,-0.5960523784260392,0.0,99.82787035341512,100.18801423321499,97.33107889275301,False,False,False,-0.36014387979986395,0.0,0.20340281304095553,1.1351821070919672,0
2024.11.18startup_a,636,663,652,0.8274877463552369,0.05,0.5281385352704644,0.12121212121212122,0.8784501856525997,0.686220898186633,0.8149717969408738,0.9790298354495669,0.16405803850869305,0.36856491680266623,98.57474374537618,97.36926838692445,1.2054753584517357,1.388335454502533,0.5265086010079739,0.47243859317723264,0.054070007830741285,0.30176232325469965,0.9842399889605548,1.403626217801714,-0.06097708946776803,False,False,False,-0.4193862288411593,0.0,98.46743295019157,100.18801423321499,97.33107889275301,False,False,False,-1.7205812830234208,0.0,0.2993492110847725,1.6706547127600817,0
2024.11.18startup_a,844,857,853,0.6229701282878464,0.05,0.5281385352704644,0.15857966164714632,0.44290967398714426,0.49920904780215186,1.162242389615012,1.1366954631526367,0.02554692646237533,0.05739249909214464,97.59902592999701,98.31833922662753,0.7193132966305171,0.8284268488821439,0.32780813590777086,0.437432332636945,0.10962419672917412,0.611807795432167,0.7473944462440387,1.403626217801714,-0.06097708946776803,False,False,False,-0.6562317715576753,0.0,97.5953641175397,100.18801423321499,97.33107889275301,False,False,False,-2.5926501156752835,0.0,0.09483159301738198,0.5292509281013916,0
2024.11.18startup_a,934,960,953,0.8188013122311499,0.05,0.5281385352704644,0.1771704777839747,1.4646600965840288,1.4244034072141523,0.0,0.7059538830233811,0.7059538830233811,1.5859621176029408,97.12026510661607,98.28668713554218,1.1664220289261067,1.3433580755651169,0.6414524364429627,0.40065317568854975,0.24079926075441294,1.3438900284743989,-0.0,1.403626217801714,-0.06097708946776803,False,False,False,-1.403626217801714,0.0,97.46852826733806,100.18801423321499,97.33107889275301,False,False,False,-2.7194859658769275,0.0,0.29066277696068554,1.6221761079429933,0
2024.11.18startup_a,1171,1194,1189,0.7186414241592591,0.05,0.5281385352704644,0.22104480386688977,0.9189194795526844,1.0717402949856936,0.3761546667681349,0.6075479726521007,0.23139330588396578,0.5198370973288138,98.30418231149811,99.44858783799563,1.144405526497522,1.318001861776555,0.5989067295960315,0.3521063646151999,0.24680036498083163,1.377381925851712,0.603652249754401,1.403626217801714,-0.06097708946776803,False,False,False,-0.799973968047313,0.0,98.15989238012877,100.18801423321499,97.33107889275301,False,False,False,-2.028121853086219,0.0,0.19050288888879474,1.0631882007076545,0
2024.11.18startup_a,2122,2147,2137,0.841919577290588,0.05,0.5281385352704644,0.39728574084402307,1.2791398286520956,0.8554229793359954,0.39010820931422285,0.9439880944594035,0.5538798851451806,1.2443199714129636,99.74688805731667,98.60599230463389,1.1408957526827805,1.3139596858912277,0.4607531333501203,0.46218465888172744,0.0014315255316071362,0.007989280703795046,0.804717519321077,1.403626217801714,-0.06097708946776803,False,False,False,-0.598908698480637,0.0,99.743265993266,100.18801423321499,97.33107889275301,False,False,False,-0.4447482399489928,0.0,0.3137810420201236,1.7511981231753946,0
2024.11.18startup_a,2612,2623,2622,0.5908406177193724,0.05,0.5281385352704644,0.48745119910764084,0.5595604920562215,0.609381881466224,0.2804139980658013,0.2804139980658013,0.0,0.0,98.79438293694469,97.82266333913523,0.9717195978094537,1.119120984112443,0.4704872028970523,0.3434436126954117,0.12704359020164063,0.7090246602862289,0.2829047929798921,1.403626217801714,-0.06097708946776803,False,False,False,-1.120721424821822,0.0,98.69628198937713,100.18801423321499,97.33107889275301,False,False,False,-1.491732243837859,0.0,0.06270208244890796,0.34993755007249444,0
2024.11.18startup_a,2808,2826,2820,0.6792089464981463,0.05,0.5281385352704644,0.524261015058561,0.5540848741049695,0.4837494705873915,0.3771324640910166,0.3311106195946291,0.046021844496387465,0.10339046743520287,98.54200303122691,97.66956499060163,0.8724380406252834,1.0047792807747362,0.35708369904892706,0.2956105972224527,0.06147310182647436,0.34307866355223543,0.3491843735073079,1.403626217801714,-0.06097708946776803,False,False,False,-1.0544418442944061,0.0,98.5488689714042,100.18801423321499,97.33107889275301,False,False,False,-1.639145261810782,0.0,0.15107041122768194,0.8431172862007551,0
2024.11.18startup_a,2897,2902,2901,0.5552658218426976,0.05,0.5281385352704644,0.5393195761293921,0.6305480570864266,0.5154696168544889,0.3857850875504621,0.23374528197290548,0.1520398055775566,0.34156533140810685,97.92611332229671,98.72453109400011,0.7984177717033987,0.9195307827647463,0.29731532318955683,0.34843788124936403,0.0511225580598072,0.28531273639061344,0.2829047929798921,1.403626217801714,-0.06097708946776803,False,False,False,-1.120721424821822,0.0,97.9654459342272,100.18801423321499,97.33107889275301,False,False,False,-2.222568298987781,0.0,0.027127286572233178,0.15139618705546012,0
2024.11.18startup_a,3108,3127,3121,0.6993634128500833,0.05,0.5281385352704644,0.5802193716304146,0.8024143071049017,0.6634975684549586,1.5656048887683374,1.3205598634099205,0.24504502535841688,0.5505063952068803,98.48251201127918,99.39796760290461,0.915455591625431,1.0543222190029231,0.45019029538391775,0.38108670351108537,0.06910359187283238,0.38566409115507233,1.582267169313773,1.403626217801714,-0.06097708946776803,True,False,True,0.17864095151205905,0.4013261893784158,98.55817036791515,100.18801423321499,97.33107889275301,False,False,False,-1.6298438652998328,0.0,0.1712248775796189,0.9555984718768805,1
2024.11.18startup_a,3653,3668,3665,0.6607220710227418,0.05,0.5281385352704644,0.6813534114147611,0.6384803119814476,0.5417068654245053,0.9847271580317317,1.0831289762167238,0.09840181818499205,0.2210648028116035,99.52270280363683,98.60588087176005,0.9168219318767825,1.0558958211512917,0.36072664876358596,0.29834307408088157,0.06238357468270439,0.3481599723106209,1.0844863484244938,1.403626217801714,-0.06097708946776803,False,False,False,-0.3191398693772203,0.0,99.45863719744084,100.18801423321499,97.33107889275301,False,False,False,-0.7293770357741494,0.0,0.13258353575227744,0.7399428514819445,0
2024.11.18startup_a,3942,3960,3946,0.6485034549885087,0.05,0.5281385352704644,0.733593604759249,0.3681599705415781,0.49788266667269077,0.7885437593368938,0.6331301746546371,0.15541358468225674,0.34914470165011113,99.32898785089955,98.99280814085503,0.33617971004451874,0.38717523943304516,0.279050445536022,0.41474907628419727,0.1356986307481753,0.7573280589349158,0.995148095654003,1.403626217801714,-0.06097708946776803,False,False,False,-0.40847812214771106,0.0,99.46274440725736,100.18801423321499,97.33107889275301,False,False,False,-0.7252698259576249,0.0,0.1203649197180443,0.6717512955829824,0
2024.11.18startup_a,4251,4257,4256,0.5603225749290134,0.05,0.5281385352704644,0.7912251347834169,0.5430346469991685,0.5269154247898239,0.45610109117476144,0.5466514795131939,0.09055038833843249,0.2034261572780848,97.0218893761927,97.78827803836518,0.7663886621724743,0.8826431367202521,0.3816403894347041,0.2930037832677407,0.0886366061669634,0.49467698037113483,0.5140912790181235,1.403626217801714,-0.06097708946776803,False,False,False,-0.8895349387835906,0.0,97.04418030948644,100.18801423321499,97.33107889275301,False,True,True,-3.1438339237285504,0.0,0.03218403965854899,0.17961770246986086,1
2024.11.18startup_a,4638,4651,4648,0.6168733347562936,0.05,0.5281385352704644,0.8641011340397844,0.5466441780185711,0.39197415352749815,1.0033736391975903,0.9696296997816304,0.03374393941595988,0.0758075150507085,97.1532345146027,98.03670117068215,0.8834666560794489,1.0174808409864338,0.4505195843402696,0.43571314120428445,0.01480644313598517,0.08263410454535217,0.9288391461883214,1.403626217801714,-0.06097708946776803,False,False,False,-0.4747870716133926,0.0,97.36956416815484,100.18801423321499,97.33107889275301,False,False,False,-2.818450065060148,0.0,0.08873479948582919,0.49522499294257344,0
2024.11.18startup_a,4745,4766,4759,0.7444310358251168,0.05,0.5281385352704644,0.8847369399516639,0.72611675039245,0.5764132862921053,1.1139335705523388,1.0049678903610675,0.10896568019127129,0.24479706827601624,97.30030568292247,98.34870854662941,1.04840286370694,1.2074364325088838,0.4529631814868106,0.40332896675243446,0.049634214734376125,0.27700635809141594,1.1011317995692318,1.403626217801714,-0.06097708946776803,False,False,False,-0.30249441823248224,0.0,97.57761381038564,100.18801423321499,97.33107889275301,False,False,False,-2.6104004228293434,0.0,0.21629250055465243,1.2071188832495776,0
2024.11.18startup_a,5133,5153,5148,0.771872152432079,0.05,0.5281385352704644,0.9570552147239264,0.8268183090643768,0.8358331245900872,0.9826764151051128,1.1435873169661728,0.16091090186105994,0.3614947106290135,99.05890493749062,97.93695330536733,1.1219516321232987,1.29214190749974,0.5159430720773704,0.36294727927607134,0.1529957928012991,0.853862755641508,0.9669852958320848,1.403626217801714,-0.06097708946776803,False,False,False,-0.4366409219696292,0.0,98.97295262676776,100.18801423321499,97.33107889275301,False,False,False,-1.2150616064472217,0.0,0.24373361716161457,1.3602665418543551,0
2024.11.18startup_a,5199,5228,5218,1.2256443216444812,0.05,0.5281385352704644,0.9700687860197063,0.9264931976921019,1.2936266310866973,1.1877487137000482,1.228012234876385,0.04026352117633669,0.0904540945840493,97.55659455770966,96.0262084754417,1.5303860822679525,1.7625323008001545,0.7524148924472384,1.1157744269558292,0.3633595345085908,2.027893497875888,1.2220947914756688,1.403626217801714,-0.06097708946776803,False,False,False,-0.18153142632604524,0.0,97.14740037584929,100.18801423321499,97.33107889275301,False,True,True,-3.040613857365699,0.0,0.6975057863740168,3.8927489568468574,1
2024.11.18startup_b,178,192,187,0.8197402559670549,0.05,0.6629454746748313,0.03502528563401386,0.67641502173598,0.49726445570111305,1.6532971954083207,1.305587609475919,0.34770958593240175,0.6664003362011521,95.48827447298238,94.30581207718106,1.1824623958013234,0.6864297072708079,0.5756704392882493,0.5465066040123703,0.02916383527587907,0.13896332363137906,1.454967846174434,1.832093104814534,0.11529757368327265,False,False,False,-0.37712525864009994,0.0,94.8102863977673,100.46038288835788,94.79240189073968,False,False,False,-5.650096490590585,0.0,0.15679478129222357,0.7471144906117221,0
2024.11.18startup_b,399,419,407,0.8649028060751773,0.05,0.6629454746748313,0.07623150402697135,0.3121146473857028,0.2773239371557007,1.052077758122775,1.0587978891679037,0.006720131045128808,0.012879419403353073,94.09315168063625,95.1462795255466,1.0531278449103496,0.6113498753680526,0.5593021280567121,0.6029004558628396,0.04359832780612749,0.20774251669569638,0.8536576732793313,1.832093104814534,0.11529757368327265,False,False,False,-0.9784354315352026,0.0,94.80592405418685,100.46038288835788,94.79240189073968,False,False,False,-5.654458834171038,0.0,0.201957331400346,0.9623104004543522,0
2024.11.18startup_b,552,566,558,0.7566390938427568,0.05,0.6629454746748313,0.1045139539239558,0.2759538847791166,0.36490394513401475,1.3528057508615219,1.4079034025560275,0.055097651694505645,0.10559701284810341,94.59447781184988,95.36330480325391,0.7688269914040262,0.44631075671012976,0.5793935692278296,0.46547683242511456,0.11391673680271502,0.5428040658438109,1.426055525229744,1.832093104814534,0.11529757368327265,False,False,False,-0.4060375795847899,0.0,94.3335174808618,100.46038288835788,94.79240189073968,False,True,True,-6.1268654074960835,0.0,0.09369361916792551,0.44644254088885976,1
2024.11.18startup_b,1097,1115,1108,0.8462148493822471,0.05,0.6629454746748313,0.2075294999063495,1.4638445838747305,1.0369879944555993,1.4132533788588302,0.2685891426544648,1.1446642362043653,2.1937981082647546,97.33326241834651,96.06904181241475,1.2642206059317544,0.7338910594847065,0.5304075877539839,0.5688709491158604,0.03846336136187656,0.18327481561733727,0.7164037343212466,1.832093104814534,0.11529757368327265,False,False,False,-1.1156893704932873,0.0,97.17963919708647,100.46038288835788,94.79240189073968,False,False,False,-3.280743691271411,0.0,0.18326937470741578,0.8732637936084843,0
2024.11.18startup_b,1352,1371,1365,0.8435055915210853,0.05,0.6629454746748313,0.25566585502903166,0.35519373999905646,0.25246920608110685,1.4798923765959229,1.518782908851375,0.038890532255452026,0.07453537325000135,96.50185284556237,95.40651679358689,1.0953360519754796,0.6358521067481115,0.5559922555738144,0.5461242736444972,0.009867981929317149,0.04702013824520771,1.2756217936217915,1.832093104814534,0.11529757368327265,False,False,False,-0.5564713111927424,0.0,96.82732632346683,100.46038288835788,94.79240189073968,False,False,False,-3.6330565648910493,0.0,0.18056011684625395,0.8603543983454793,0
2024.11.18startup_b,1486,1513,1500,0.8509402077099852,0.05,0.6629454746748313,0.2809514890428919,0.4998211452465534,0.3920224662606581,1.4588618433106277,1.6191774671654866,0.16031562385485887,0.30725176974541357,97.38791547752248,96.19518482306314,1.1927306544593392,0.6923905207476932,0.5823350484921088,0.5453092156161324,0.03702583287597638,0.17642510828886754,1.4514270347987224,1.832093104814534,0.11529757368327265,False,False,False,-0.38066607001581154,0.0,96.0713865001767,100.46038288835788,94.79240189073968,False,False,False,-4.388996388181184,0.0,0.1879947330351539,0.8957797450380554,0
2024.11.18startup_b,1573,1589,1585,0.832989807508059,0.05,0.6629454746748313,0.2968720734219891,0.4230104771738031,0.36276525056739334,0.1335541422769764,0.07697318368099798,0.05658095859597842,0.10843983415019749,95.87696332287366,94.60638611846609,1.270577204407573,0.7375811201974086,0.5024830920828353,0.4516375733020057,0.050845518780829546,0.242274797354574,-0.0,1.832093104814534,0.11529757368327265,False,True,True,-1.832093104814534,0.0,95.75184561585289,100.46038288835788,94.79240189073968,False,False,False,-4.708537272504998,0.0,0.17004433283322762,0.8102475354031939,1
2024.11.18startup_b,1654,1670,1667,0.7995276233162392,0.05,0.6629454746748313,0.31223075482300056,0.29149389275628695,0.3040889368394581,1.3695550886426,1.4952853390721044,0.12573025042950436,0.24096741806009842,94.71465701175642,95.30383055542292,0.5891735436665044,0.3420203674524755,0.49551271560698523,0.42640786841331335,0.06910484719367188,0.3292790250058002,1.4738989153366922,1.832093104814534,0.11529757368327265,False,False,False,-0.35819418947784176,0.0,94.80296581079226,100.46038288835788,94.79240189073968,False,False,False,-5.657417077565626,0.0,0.13658214864140783,0.6508029257600096,0
2024.11.18startup_b,1783,1813,1798,1.1369412035789153,0.05,0.6629454746748313,0.3367671848660798,0.6120882853256081,0.5466846906971407,1.639175639794797,1.452592373273924,0.18658326652087287,0.35759483364715644,93.64901173467457,95.14180889371599,1.492797159041416,0.8665817370040597,0.7120228518316666,0.624743830072521,0.08727902175914559,0.4158775014402058,1.6722077608512675,1.832093104814534,0.11529757368327265,False,False,False,-0.15988534396326637,0.0,93.90501525702214,100.46038288835788,94.79240189073968,False,True,True,-6.555367631335741,0.0,0.4739957289040839,2.2585514303075214,1
2024.11.18startup_b,1962,1993,1976,1.3025028072638565,0.05,0.6629454746748313,0.3701067615658363,1.2901440631243486,0.8972693215865225,1.1537778219250294,1.8792256312557447,0.7254478093307153,1.3903518441633167,95.94443139696884,97.9942478487654,2.049816451796559,1.1899362820853803,0.7449850990231044,0.7683894485689673,0.0234043495458629,0.11151983851087062,1.4919310878474152,1.832093104814534,0.11529757368327265,False,False,False,-0.3401620169671187,0.0,96.3258785942492,100.46038288835788,94.79240189073968,False,False,False,-4.13450429410868,0.0,0.6395573325890251,3.047439122758223,0
2024.11.18startup_b,3077,3082,3080,0.7132944823762862,0.05,0.6629454746748313,0.5768870575014048,0.3783340070401629,0.26926117491252133,0.7885437593368938,0.9051889383714754,0.1166451790345816,0.22355548903388797,98.35139286189535,97.43303879458018,0.918354067315164,0.5331125250464378,0.3763627013188972,0.36563523529480796,0.01072746602408925,0.05111551065723825,0.995148095654003,1.832093104814534,0.11529757368327265,False,False,False,-0.8369450091605309,0.0,97.99160251924422,100.46038288835788,94.79240189073968,False,False,False,-2.4687803691136594,0.0,0.050349007701454895,0.23990896209467005,0
2024.11.18startup_b,3415,3436,3429,0.9420753789743468,0.05,0.6629454746748313,0.642255103952051,0.6353832434965614,0.7749682380038999,0.9060393765537768,0.6522631940422343,0.25377618251154244,0.48637293933683723,98.69570953433957,97.34449197515134,1.3512175591882283,0.7843935476562857,0.5873347606437445,0.36610578592285603,0.22122897472088843,1.0541382270185768,0.4023829390456117,1.832093104814534,0.11529757368327265,False,False,False,-1.4297101657689222,0.0,98.37708217359652,100.46038288835788,94.79240189073968,False,False,False,-2.0833007147613642,0.0,0.27912990429951545,1.3300314879521702,0
2024.11.18startup_b,3534,3543,3538,0.7038840361939628,0.05,0.6629454746748313,0.6626709121558344,0.7793512157488708,0.5590287037610123,0.988697675515652,1.5752735761316956,0.5865759006160436,1.1241978742973708,97.53163896320102,96.78314965067328,0.7484893125277381,0.4345045572003707,0.35304367690956,0.3281988326269844,0.024844844282575607,0.11838367978529546,1.0757143856082798,1.832093104814534,0.11529757368327265,False,False,False,-0.7563787192062541,0.0,97.44060535247316,100.46038288835788,94.79240189073968,False,False,False,-3.019777535884728,0.0,0.040938561519131444,0.19506894479312287,0
2024.11.18startup_b,3708,3709,3709,0.6859269168739937,0.05,0.6629454746748313,0.6946993819067241,0.6693119142955628,0.5622748402349373,0.5565767191150562,1.0671812122099653,0.5106044930949091,0.9785954130422438,96.55486245491083,97.17505714971668,0.6201946948058463,0.3600284155488817,0.4132702491033563,0.48634613245433267,0.07307588335097637,0.34820069211368637,0.830774222099454,1.832093104814534,0.11529757368327265,False,False,False,-1.00131888271508,0.0,96.66067477876106,100.46038288835788,94.79240189073968,False,False,False,-3.7997081095968213,0.0,0.022981442199162316,0.10950471910254479,0
2024.11.18startup_b,3839,3844,3843,0.7062547059734796,0.05,0.6629454746748313,0.7197977149278891,0.5607394332299327,0.42401443350169093,1.3951722269662883,1.146313991539556,0.24885823542673235,0.47694748279686694,97.64476974054296,98.75505694988516,1.1102872093422036,0.6445313836629983,0.3916251149891172,0.42322364212674,0.031598527137622845,0.15056443404520772,1.4612365193726675,1.832093104814534,0.11529757368327265,False,False,False,-0.3708565854418664,0.0,97.8237474590458,100.46038288835788,94.79240189073968,False,False,False,-2.6366354293120793,0.0,0.043309231298648276,0.2063649951471927,0
2024.11.18startup_b,4175,4175,4175,0.6669986853515119,0.05,0.6629454746748313,0.7819816445027159,0.7120373856593009,0.6845664771518839,0.9795635690601944,0.43419523330841503,0.5453683357517793,1.045221808665073,99.66228605968483,99.00966369044494,0.6526223692398929,0.37885296265352864,0.3202422537521811,0.4523797803601149,0.13213752660793376,0.6296246601370497,0.8948692308065574,1.832093104814534,0.11529757368327265,False,False,False,-0.9372238740079765,0.0,99.62951837388606,100.46038288835788,94.79240189073968,False,False,False,-0.830864514471827,0.0,0.004053210676680519,0.019313222067043036,0
2024.11.18startup_b,4793,4802,4797,0.7864448006145467,0.05,0.6629454746748313,0.8984828619591684,0.351828048382527,0.26827995649905306,0.9209007870431715,0.9610219702735708,0.04012118323039937,0.07689396863140859,99.77091201783168,98.69123460908855,1.0796774087431231,0.6267621281336454,0.36364450565866335,0.38487965464213775,0.021235148983474395,0.10118377273210526,0.9842399889605548,1.832093104814534,0.11529757368327265,False,False,False,-0.8478531158539792,0.0,99.6261915145474,100.46038288835788,94.79240189073968,False,False,False,-0.8341913738104836,0.0,0.12349932593971535,0.5884643304446359,0
2024.11.18startup_b,4881,4888,4887,0.7141536318669279,0.05,0.6629454746748313,0.915339951301742,0.7566068052868002,0.5644968171986416,0.9559312637896478,0.47468451408952766,0.4812467497001201,0.9223300385460746,98.06992230015834,97.05205026341727,1.0178720367410676,0.5908835720275258,0.4228776516943832,0.46071183670263316,0.037834185008249976,0.18027684102232452,0.9559312637896478,1.832093104814534,0.11529757368327265,False,False,False,-0.8761618410248861,0.0,97.93287497738376,100.46038288835788,94.79240189073968,False,False,False,-2.5275079109741228,0.0,0.05120815719209659,0.2440027401449981,0
2024.11.18startup_b,5129,5154,5140,1.211950808062174,0.05,0.6629454746748313,0.962727102453643,1.2327547564765875,1.0801868414199376,0.8054970229504335,0.03107556765461046,0.774421455295823,1.4842119373460474,97.72226982794307,96.03186005989866,1.690409768044404,0.9812975756071276,0.5814647967184995,0.744122535706589,0.16265773898808955,0.7750510113066378,0.2829047929798921,1.832093104814534,0.11529757368327265,False,False,False,-1.549188311834642,0.0,97.45024875621893,100.46038288835788,94.79240189073968,False,False,False,-3.0101341321389583,0.0,0.5490053333873426,2.6159661477020473,0
2024.12.02startup_b,634,653,645,1.3307971885154175,0.05,1.0739802162069252,0.11898173768677366,0.440933823143798,0.3261210636049932,0.8675766567318849,0.8522687589890154,0.015307897742869447,0.03710893151717522,96.00904312370962,93.82337865085819,2.1856644728514283,0.8447587147704207,0.8348174964831863,0.863463200264786,0.028645703781599696,0.09649554452738361,0.6917244835981394,2.1016574953203615,0.744366583164929,False,True,True,-1.409933011722222,0.0,95.4315379623621,97.40940775067591,88.89632900009772,False,False,False,-1.9778697883138108,0.0,0.2568169723084923,0.8651103067923316,1
2024.12.02startup_b,769,784,775,1.1990300252659647,0.05,1.0739802162069252,0.14296255303449548,0.5493543685120921,0.6133794187871607,0.9026032379844755,1.030137546250918,0.1275343082664424,0.3091647194830681,93.81155867124511,91.76875250811368,2.0428061631314307,0.7895440175411159,0.7045675289373924,0.924668575984626,0.22010104704723366,0.7414295193372983,0.8301899714180443,2.1016574953203615,0.744366583164929,False,False,False,-1.2714675239023172,0.0,92.98226874599445,97.40940775067591,88.89632900009772,False,False,False,-4.4271390046814645,0.0,0.1250498090590395,0.4212411574942114,0
2024.12.02startup_b,865,888,877,1.6448756059184693,0.05,1.0739802162069252,0.16177826969193876,0.5083418143223069,0.36735746528013974,1.3716027139801206,1.339752754969873,0.031849959010247675,0.0772096840199149,91.37525851628085,93.80598197379953,2.430723457518681,0.9394739446246989,0.9201412247874622,0.8947926831180291,0.025348541669433122,0.08538876719580554,1.1538530565800795,2.1016574953203615,0.744366583164929,False,False,False,-0.947804438740282,0.0,92.05655004068348,97.40940775067591,88.89632900009772,False,False,False,-5.352857709992435,0.0,0.5708953897115441,1.9231107714579576,0
2024.12.02startup_b,1315,1333,1323,1.390973751918122,0.05,1.0739802162069252,0.24405091311566132,1.0127253699015952,0.7973166872074818,1.2324926455662684,1.7569240044391898,0.5244313588729215,1.2713102549263844,91.80779000031735,89.85658424592376,1.9512057543935981,0.7541404848768062,0.8165552801669108,0.9253544072189608,0.10879912705204997,0.36649932181925493,1.3301746394361331,2.1016574953203615,0.744366583164929,False,False,False,-0.7714828558842284,0.0,91.2688204585004,97.40940775067591,88.89632900009772,False,False,False,-6.1405872921755105,0.0,0.3169935357111968,1.0678202942167117,0
2024.12.02startup_b,1452,1478,1466,1.7441149983887212,0.05,1.0739802162069252,0.2704298099981553,0.7281108171418131,0.5891389349645736,1.486259847413641,1.2904182352666924,0.19584161214694862,0.47475316960224395,91.55305398323442,89.01367709730182,2.5393768859325974,0.9814684646813824,1.056581823770814,1.1489633396140808,0.09238151584326681,0.31119517061009455,1.4267547652077353,2.1016574953203615,0.744366583164929,False,False,False,-0.6749027301126262,0.0,90.7735495945103,97.40940775067591,88.89632900009772,False,False,False,-6.635858156165611,0.0,0.670134782181796,2.257407295920898,0
2024.12.02startup_b,1659,1659,1659,1.0810278719175026,0.05,1.0739802162069252,0.3060320973990039,0.2720921084257664,0.25323711408453314,1.256822093189868,1.257616086570593,0.0007939933807250554,0.0019247741581067991,90.64782433299526,89.24482347814721,1.4030008548480453,0.5422594426934261,0.6617469897633649,0.7257284535854095,0.06398146382204462,0.21552712540206656,1.301728854068539,2.1016574953203615,0.744366583164929,False,False,False,-0.7999286412518225,0.0,89.91323210412148,97.40940775067591,88.89632900009772,False,False,False,-7.496175646554434,0.0,0.007047655710577416,0.023740641201160765,0
2024.12.02startup_b,1742,1760,1751,1.2631955777706094,0.05,1.0739802162069252,0.32300313595277624,0.42284451548548074,0.37169262933116193,1.7735809373419624,1.750342702171415,0.02323823517054735,0.05633340985214919,88.95388938279147,90.99620810334333,2.0423187205518616,0.7893556211188123,0.8059252288750053,0.8858961066821257,0.07997087780712042,0.26938885702252424,1.7645472099623474,2.1016574953203615,0.744366583164929,False,False,False,-0.33711028535801413,0.0,89.86571704132353,97.40940775067591,88.89632900009772,False,False,False,-7.543690709352376,0.0,0.18921536156368424,0.6373884016339519,0
2024.12.02startup_b,1959,1979,1969,1.421067558981528,0.05,1.0739802162069252,0.3632171186128021,0.5425457463061203,0.3685470948393339,1.5182790632558232,1.4023197612606813,0.11595930199514193,0.28110494783789597,93.82679883904142,95.90697249909229,2.0801736600508747,0.8039865447743445,0.8392088754453757,0.833108456461379,0.006100418983996714,0.020549791905761228,1.3808832571151748,2.1016574953203615,0.744366583164929,False,False,False,-0.7207742382051867,0.0,94.261530736676,97.40940775067591,88.89632900009772,False,False,False,-3.147877013999917,0.0,0.34708734277460285,1.169193900591525,0
2024.12.02startup_b,2050,2055,2054,1.0828581393266183,0.05,1.0739802162069252,0.37889688249400477,0.7932558929268387,0.6874943680800373,1.3015762136724232,0.9016581595363298,0.3999180541360934,0.9694689586185085,96.04817938280716,94.45168968446504,1.5964896983421255,0.617042827235169,0.7227501170266841,0.5814530917410653,0.14129702528561883,0.4759713183864345,1.1956339065619714,2.1016574953203615,0.744366583164929,False,False,False,-0.9060235887583901,0.0,95.43173055939478,97.40940775067591,88.89632900009772,False,False,False,-1.9776771912811313,0.0,0.008877923119693154,0.029906056148542585,0
2024.12.02startup_b,3317,3333,3328,1.2989180357084684,0.05,1.0739802162069252,0.6139088729016786,0.3525422216427513,0.4680782680846349,1.8765754479973418,1.890862008586043,0.014286560588701258,0.034633037625891,94.25403884443845,92.51936385085551,1.7346749935829422,0.6704514056596116,0.9196938157300301,0.7121437755992562,0.20755004013077383,0.6991503609684019,1.9379860572121157,2.1016574953203615,0.744366583164929,False,False,False,-0.1636714381082458,0.0,94.16680321153532,97.40940775067591,88.89632900009772,False,False,False,-3.2426045391405864,0.0,0.22493781950154323,0.7577226080074901,0
2024.12.02startup_b,3617,3641,3630,1.6187239193651273,0.05,1.0739802162069252,0.6696181516325401,1.3057384533800152,0.9430128806681198,1.8210867463192497,1.116146166964452,0.7049405793547978,1.7088951156039947,94.41151236505107,96.74678386954035,2.3352715044892847,0.9025817911560359,0.9277725118307267,0.8631870529627136,0.06458545886801315,0.21756173524432895,1.5000873043982093,2.1016574953203615,0.744366583164929,False,False,False,-0.6015701909221522,0.0,95.29643073200242,97.40940775067591,88.89632900009772,False,False,False,-2.11297701867349,0.0,0.5447437031582021,1.8350165408705719,0
2024.12.02startup_b,3715,3730,3725,1.3008477107747278,0.05,1.0739802162069252,0.6871425936174138,0.377762909624748,0.42543237544864065,1.5712873207482034,1.5952130996353364,0.023925778887132987,0.05800013203192892,97.53945433555094,95.7347294042822,1.804724931268737,0.6975256872175671,0.7559963415888851,0.6013999747399753,0.15459636684890976,0.5207713070964259,1.745933587499216,2.1016574953203615,0.744366583164929,False,False,False,-0.3557239078211456,0.0,97.1504483560279,97.40940775067591,88.89632900009772,False,False,False,-0.2589593946480164,0.0,0.22686749456780264,0.7642228862935214,0
2024.12.02startup_b,3853,3866,3863,1.2772478793466528,0.05,1.0739802162069252,0.7125991514480723,0.8048100590224064,0.7490219850192757,1.3323436327891938,1.7199401575045896,0.38759652471539585,0.9395994886795347,93.58689968983656,91.8533392540863,1.7335604357502632,0.6700206293652782,0.7861194719611191,0.5968870601091208,0.18923241185199824,0.6374458370130144,1.520023615397816,2.1016574953203615,0.744366583164929,False,False,False,-0.5816338799225456,0.0,93.69890761773856,97.40940775067591,88.89632900009772,False,False,False,-3.710500132937355,0.0,0.20326766313972766,0.6847248016324161,0
2024.12.02startup_b,3990,4030,4003,1.3617524788348727,0.05,1.0739802162069252,0.738424644899465,0.5455351028437672,0.5082211715639472,1.5983380026670395,1.7814005841150216,0.18306258144798204,0.4437746392364578,88.14881939081995,86.47405605510124,1.6747633357187084,0.6472955664510766,1.0355314189523026,1.1642480923723513,0.12871667342004867,0.4335933090043069,1.5525118717410349,2.1016574953203615,0.744366583164929,False,False,False,-0.5491456235793266,0.0,87.34090714956864,97.40940775067591,88.89632900009772,False,True,True,-10.068500601107274,0.0,0.28777226262794753,0.9693858944390131,1
2024.12.02startup_b,4150,4171,4164,1.6090343298422285,0.05,1.0739802162069252,0.7681239623685667,0.5141109629662467,0.4466196614259819,1.8692456681515586,1.7760521683000523,0.09319349985150627,0.22591679549507943,89.9359851975962,92.01180849402712,2.075823296430926,0.802305130437414,0.9223105945214191,0.8297978997181932,0.09251269480322588,0.31163705834545247,1.89109981598192,2.1016574953203615,0.744366583164929,False,False,False,-0.2105576793384416,0.0,90.47305093126752,97.40940775067591,88.89632900009772,False,False,False,-6.936356819408388,0.0,0.5350541136353033,1.8023763158515747,0
2024.12.02startup_b,4280,4309,4293,1.3304958323532827,0.05,1.0739802162069252,0.7919203099059214,0.4355554375490065,0.32441529913600103,1.6501057266122592,1.6406185773138822,0.009487149298377018,0.022998453446730224,90.37892904777186,92.5732706468295,2.194341599057637,0.8481124216512828,0.9555972306709918,0.9252773893855862,0.030319841285405547,0.10213502230999018,1.5745303850272303,2.1016574953203615,0.744366583164929,False,False,False,-0.5271271102931312,0.0,91.45459602280629,97.40940775067591,88.89632900009772,False,False,False,-5.954811727869625,0.0,0.25651561614635754,0.8640951623510015,0
2024.12.02startup_b,4519,4539,4527,1.4037739183587137,0.05,1.0739802162069252,0.8350857775318207,0.48067661243300597,0.32479487966002224,1.5344479440002268,1.4915798422074762,0.04286810179275058,0.10391952444544392,92.52934699448059,94.74780576154295,2.2184587670623586,0.857433700420568,0.9445694660166921,0.9484379765307774,0.0038685105140853215,0.013031414114054821,1.6013414018042753,2.1016574953203615,0.744366583164929,False,False,False,-0.5003160935160862,0.0,93.91648168701444,97.40940775067591,88.89632900009772,False,False,False,-3.4929260636614714,0.0,0.3297937021517885,1.1109387681122433,0
2024.12.02startup_b,5119,5144,5132,1.572318910175752,0.05,1.0739802162069252,0.9466888028039108,0.9861836884622575,0.8746595187978047,1.502766552418632,1.9139475637228573,0.41118101130422535,0.9967722704940908,93.96835888123091,91.44417827589417,2.5241806053367384,0.975595106430424,0.889631320837339,1.0830688615991082,0.19343754076176922,0.6516111794688992,1.9345197509827263,2.1016574953203615,0.744366583164929,False,False,False,-0.16713774433763517,0.0,93.3338649230524,97.40940775067591,88.89632900009772,False,False,False,-4.075542827623508,0.0,0.4983386939688268,1.6786972315365372,0
2024.12.09startup_a,566,573,571,0.7051405555702124,0.05,0.6501125397729464,0.10593692022263451,0.8585976946532667,0.7357003507144849,0.7463253664627,0.30399888522769253,0.44232648123500745,0.9224114314644694,99.65564858494443,98.62374453144162,1.0319040535028137,0.7947839578420642,0.33826697521354443,0.43632226747761504,0.09805529226407061,0.48990566283692094,0.6807937753703206,1.7501898274462235,0.17238027393567035,False,False,False,-1.069396052075903,0.0,99.63429635293728,99.80505725249773,95.53310349238947,False,False,False,-0.17076089956044882,0.0,0.05502801579726602,0.2749319892001209,0
2024.12.09startup_a,648,675,659,1.0786150140762245,0.05,0.6501125397729464,0.12226345083487941,0.6348390143133475,0.817279234407725,0.0,0.03203170420192983,0.03203170420192983,0.06679774189113173,98.55892905333423,96.99717503010102,1.5617540232332061,1.2028802867355635,0.46419566439172966,0.7008065492794652,0.23661088488773552,1.18215967459648,-0.0,1.7501898274462235,0.17238027393567035,False,True,True,-1.7501898274462235,0.0,97.79805881500796,99.80505725249773,95.53310349238947,False,False,False,-2.00699843748977,0.0,0.42850247430327815,2.1408919789404277,1
2024.12.09startup_a,751,763,759,0.7637291180072021,0.05,0.6501125397729464,0.14081632653061224,0.4733642672202661,0.5029587022205632,0.9868276003074302,0.9354690978877329,0.051358502419697305,0.10710113851323959,96.30926374953629,95.21913742685382,1.0901263226824653,0.8396273959272926,0.44573833531609997,0.3332237255226792,0.11251460979342076,0.5621475722211572,0.9842399889605548,1.7501898274462235,0.17238027393567035,False,False,False,-0.7659498384856688,0.0,96.12291385802612,99.80505725249773,95.53310349238947,False,False,False,-3.682143394471609,0.0,0.11361657823425575,0.5676532473047493,0
2024.12.09startup_a,944,977,959,1.4071148510440772,0.05,0.6501125397729464,0.17792207792207793,0.8677207248945981,0.810754717386248,0.5338753833826843,0.5930904143472048,0.05921503096452052,0.12348485517686288,95.1423289703009,97.23520531441754,2.0928763441166467,1.6119565946123333,0.7021541572145189,0.8416241795478394,0.1394700223333205,0.6968227023695482,0.4023829390456117,1.7501898274462235,0.17238027393567035,False,False,False,-1.3478068884006118,0.0,95.55598031251492,99.80505725249773,95.53310349238947,False,False,False,-4.249076939982814,0.0,0.7570023112711308,3.782148933620126,0
2024.12.09startup_a,1094,1118,1104,0.875015540956317,0.05,0.6501125397729464,0.20482374768089054,0.833995946646982,0.7543726320845471,1.06405888723041,0.7671774686091575,0.2968814186212525,0.619105628858195,99.0372828983195,97.67546629739891,1.3618166009205908,1.0488862644357688,0.5008631405322133,0.6199784285985701,0.11911528806635685,0.5951260029596774,0.8301899714180443,1.7501898274462235,0.17238027393567035,False,False,False,-0.9199998560281792,0.0,98.86923217216852,99.80505725249773,95.53310349238947,False,False,False,-0.9358250803292094,0.0,0.2249030011833706,1.1236645297229362,0
2024.12.09startup_a,1331,1359,1347,1.1056882149538336,0.05,0.6501125397729464,0.24990723562152134,0.9878793108588138,0.8204936272334749,1.3649199839662487,1.6608404438558262,0.2959204598895775,0.6171016807409859,96.22192861237008,94.45792269493795,1.7640059174321294,1.3586569409766416,0.6998675522303712,0.6026495738016706,0.09721797842870061,0.48572225998279706,1.530333327439556,1.7501898274462235,0.17238027393567035,False,False,False,-0.21985650000666745,0.0,95.73529411764706,99.80505725249773,95.53310349238947,False,False,False,-4.069763134850675,0.0,0.45557567518088726,2.276155605357889,0
2024.12.09startup_a,2713,2728,2723,0.839145728568181,0.05,0.6501125397729464,0.5051948051948052,0.6297898559253629,0.5819548620301803,0.36139826193831637,0.1766083554949141,0.18478990644340226,0.3853540978300211,98.19230119789799,97.05725443974083,1.1350467581571593,0.8742256140207046,0.47363138022386503,0.5709619666699631,0.0973305864460981,0.48628487423981537,0.208180945557171,1.7501898274462235,0.17238027393567035,False,False,False,-1.5420088818890525,0.0,98.11635670004767,99.80505725249773,95.53310349238947,False,False,False,-1.688700552450058,0.0,0.18903318879523467,0.9444511103541915,0
2024.12.09startup_a,2802,2809,2805,0.6973949600801455,0.05,0.6501125397729464,0.5204081632653061,0.6342694404389306,0.531279823880977,0.8662664442373672,0.5318546183627216,0.3344118258746456,0.6973701645499979,97.18496923804545,96.44339499287197,0.7415742451734815,0.5711687163278634,0.3465452006042087,0.4116545612848623,0.0651093606806536,0.32530059076506984,0.5140912790181235,1.7501898274462235,0.17238027393567035,False,False,False,-1.2360985484281,0.0,97.272030651341,99.80505725249773,95.53310349238947,False,False,False,-2.5330266011567346,0.0,0.04728242030719909,0.23623330190837621,0
2024.12.09startup_a,2902,2911,2910,0.7153482745151205,0.05,0.6501125397729464,0.5398886827458256,0.9557277813265235,0.6377598172875772,1.0848178365532353,1.6317606313781146,0.5469427948248793,1.1405744573442145,96.11348847554116,95.11261857940394,1.0008698961372176,0.7708811053088324,0.38659484112827297,0.3862297871942619,0.00036505393401109476,0.001823889209684832,1.24810682051445,1.7501898274462235,0.17238027393567035,False,False,False,-0.5020830069317734,0.0,95.97338338167548,99.80505725249773,95.53310349238947,False,False,False,-3.8316738708222573,0.0,0.06523573474217415,0.32593198318607136,0
2024.12.09startup_a,3097,3124,3109,1.0774613354932328,0.05,0.6501125397729464,0.5768089053803339,0.6720759013793466,0.5885441932522185,1.0751630639071954,0.9845347897002036,0.09062827420699182,0.1889928812514642,96.64386328849812,98.14365849923654,1.4997952107384123,1.1551589215072289,0.5622347812162832,0.6465947384637669,0.08435995724748369,0.4214807769979627,0.9559312637896478,1.7501898274462235,0.17238027393567035,False,False,False,-0.7942585636565758,0.0,97.4671491144544,99.80505725249773,95.53310349238947,False,False,False,-2.337908138043332,0.0,0.4273487957202864,2.1351279486892176,0
2024.12.09startup_a,3276,3298,3288,0.9644179937929316,0.05,0.6501125397729464,0.6100185528756957,0.5514314112676818,0.4696899628159068,1.0558577427294926,1.0050544309094702,0.0508033118200224,0.10594336438596626,98.04282908268459,96.74848334290229,1.294345739782301,0.9969194581493974,0.5909195899375013,0.529631824518561,0.06128776541894032,0.3062070659123568,1.1412418450836317,1.7501898274462235,0.17238027393567035,False,False,False,-0.6089479823625918,0.0,97.81428890045348,99.80505725249773,95.53310349238947,False,False,False,-1.990768352044256,0.0,0.3143054540199852,1.5703387163462827,0
2024.12.09startup_a,3436,3443,3439,0.6824819400394141,0.05,0.6501125397729464,0.6380333951762523,0.35012225287284304,0.24600335045332522,1.437199060382665,1.420633837034272,0.016565223348393054,0.03454450960895934,97.47552546903493,96.61121697657943,0.8643084924555069,0.6656999961367267,0.42591534698479677,0.4183565210849746,0.0075588258998221525,0.037765545614289596,1.418464503832282,1.7501898274462235,0.17238027393567035,False,False,False,-0.33172532361394147,0.0,97.44500529694024,99.80505725249773,95.53310349238947,False,False,False,-2.360051955557495,0.0,0.03236940026646773,0.16172459565436575,0
2024.12.09startup_a,3656,3671,3667,0.8029999289677866,0.05,0.6501125397729464,0.6803339517625232,0.4412984675819585,0.39235634820799326,0.9787568344232479,0.9689916190754533,0.00976521534779462,0.02036402216382868,97.33735835472697,96.21788226413742,1.1194760905895578,0.8622329130000883,0.47244046098795334,0.4135014632439416,0.058938997744011734,0.29447210946006286,0.8513226827573213,1.7501898274462235,0.17238027393567035,False,False,False,-0.8988671446889023,0.0,97.22469677242512,99.80505725249773,95.53310349238947,False,False,False,-2.5803604800726134,0.0,0.15288738919484024,0.7638587985765404,0
2024.12.09startup_a,3960,3970,3968,0.7236840087934375,0.05,0.6501125397729464,0.736178107606679,0.5206970696817954,0.4270432019595852,1.0530481653882364,1.1715450261028377,0.1184968607146013,0.24710901009277075,97.70343557746877,98.73469197921717,1.0312564017484078,0.79428512927082,0.44393360826331535,0.3959502248929686,0.047983383370346744,0.23973546651516492,1.1858996197264204,1.7501898274462235,0.17238027393567035,False,False,False,-0.5642902077198031,0.0,97.82705926202011,99.80505725249773,95.53310349238947,False,False,False,-1.9779979904776184,0.0,0.07357146902049116,0.3675791327948202,0
2024.12.09startup_a,4613,4616,4615,0.6695379851714736,0.05,0.6501125397729464,0.8562152133580705,0.40332733430713735,0.35434928297461205,0.7386695905324009,0.7833125191879734,0.04464292865557251,0.09309672713010007,97.8951471459473,96.96870251283487,0.926444633112439,0.7135579414841746,0.4801927367328616,0.5315101844312309,0.05131744769836927,0.2563931803095616,0.3491843735073079,1.7501898274462235,0.17238027393567035,False,False,False,-1.4010054539389156,0.0,97.96885210193858,99.80505725249773,95.53310349238947,False,False,False,-1.8362051505591523,0.0,0.019425445398527197,0.09705376919624933,0
2024.12.09startup_a,4777,4795,4789,0.8602796744001385,0.05,0.6501125397729464,0.8884972170686456,0.5089555659350943,0.5804363152843967,0.9435281786298458,0.9154985642705225,0.028029614359323385,0.05845193042114946,97.29039840150102,96.04468901170156,1.2457093897994582,0.9594592014490392,0.48830760038240995,0.34351853290656603,0.1447890674758439,0.7233978139830013,0.9559312637896478,1.7501898274462235,0.17238027393567035,False,False,False,-0.7942585636565758,0.0,97.05342951461058,99.80505725249773,95.53310349238947,False,False,False,-2.751627737887148,0.0,0.21016713462719216,1.0500409209814603,0
2024.12.09startup_a,5114,5118,5115,0.6954630903287536,0.05,0.6501125397729464,0.9489795918367347,0.7636199853391099,0.523850840451095,0.8973917553428822,0.5282954616817682,0.36909629366111396,0.7696998823891195,97.9701413823181,96.98659273355217,0.9835486487659324,0.7575400882891004,0.4569589256626694,0.46582814363057096,0.008869217967901577,0.04431255067506513,0.2829047929798921,1.7501898274462235,0.17238027393567035,False,False,False,-1.4672850344663315,0.0,98.06861804222648,99.80505725249773,95.53310349238947,False,False,False,-1.7364392102712571,0.0,0.04535055055580728,0.22658125856408246,0
2024.12.13startup_a,317,320,319,0.7866530123758037,0.05,0.7501800575054263,0.0612754514022282,0.4187357404317686,0.43501772369302305,0.03203170420192982,0.061126720499649095,0.029095016297719274,0.06343456347447618,99.3573495608364,98.25899892964313,1.09835063119327,0.774036917389061,0.4061761599208366,0.521479683447981,0.1153035235271444,0.46758169021553203,-0.0,1.5872543274675084,0.0781059790097085,False,True,True,-1.5872543274675084,0.0,99.39258870826778,100.03527171974142,95.36632828002826,False,False,False,-0.6426830114736362,0.0,0.03647295487037738,0.14790602545143433,1
2024.12.13startup_a,546,572,565,1.0326949762234416,0.05,0.7501800575054263,0.10852862082212832,1.0008676026241519,1.0628959032892598,0.9648601835561952,0.6317307593919478,0.3331294241642474,0.7263071924802174,97.873065841368,96.06324626894924,1.8098195724187605,1.2754280127680864,0.857641761723551,0.5649446589372783,0.2926971027862727,1.1869525046194758,0.9127341558073344,1.5872543274675084,0.0781059790097085,False,False,False,-0.674520171660174,0.0,97.24527725444268,100.03527171974142,95.36632828002826,False,False,False,-2.789994465298733,0.0,0.2825149187180154,1.14566146085011,0
2024.12.13startup_a,1800,1816,1811,0.9458126892164131,0.05,0.7501800575054263,0.3478678447944679,0.540714195797934,0.42582238038966674,0.375763186967796,0.4513995834055373,0.07563639643774134,0.1649066541745383,97.8251125845109,96.52457742115631,1.3005351633545956,0.9165217374213298,0.5107745353598379,0.46243226908500085,0.04834226627483701,0.19603874957313205,0.3491843735073079,1.5872543274675084,0.0781059790097085,False,False,False,-1.2380699539602005,0.0,97.7979460234058,100.03527171974142,95.36632828002826,False,False,False,-2.237325696335617,0.0,0.19563263171098688,0.7933342694007209,0
2024.12.13startup_a,2108,2114,2113,0.787751880389321,0.05,0.7501800575054263,0.40587783326930466,0.7595352821828425,0.547405953841866,0.3480061907007584,0.0,0.3480061907007584,0.7587423415620635,98.56280206087727,99.64170019179247,1.0788981309151922,0.7603282228036214,0.47487407373487917,0.44450650893815435,0.03036756479672481,0.12314729715991304,-0.0,1.5872543274675084,0.0781059790097085,False,True,True,-1.5872543274675084,0.0,98.84328358208955,100.03527171974142,95.36632828002826,False,False,False,-1.1919881376518617,0.0,0.03757182288389471,0.1523621821010033,1
2024.12.13startup_a,2916,2927,2923,0.7891090346867975,0.05,0.7501800575054263,0.5614675374567807,0.7990406450663607,0.6050339681077682,1.273991670318648,0.944614935452666,0.32937673486598207,0.7181253717499962,96.06019346591721,94.81154483344879,1.2486486324684165,0.8799559183827251,0.5383942164910838,0.4848779175901051,0.05351629890097864,0.217020614190583,1.1933654824135869,1.5872543274675084,0.0781059790097085,False,False,False,-0.3938888450539215,0.0,95.61342592592592,100.03527171974142,95.36632828002826,False,False,False,-4.421845793815493,0.0,0.03892897718137123,0.1578657476546436,0
2024.12.13startup_a,3058,3090,3074,1.1978071744222647,0.05,0.7501800575054263,0.590472531694199,0.6906065018432644,0.4779875225441517,1.4215266680057288,1.416286971474433,0.0052396965312957455,0.011423876130549801,95.4407497153449,97.3844667643039,1.9437170489590017,1.369789127555979,0.756714679100302,0.7697224822601779,0.01300780315987593,0.052749563945926344,1.4274202463828694,1.5872543274675084,0.0781059790097085,False,False,False,-0.15983408108463903,0.0,96.16960728514512,100.03527171974142,95.36632828002826,False,False,False,-3.8656644345962974,0.0,0.44762711691683843,1.8152285161086825,0
2024.12.13startup_a,3123,3141,3135,1.002491928378008,0.05,0.7501800575054263,0.6021897810218978,1.545761028205281,1.1947605219925428,1.4730410119585349,0.4750287377269108,0.9980122742316241,2.175921549939636,97.70663672514569,96.40740877928049,1.2992279458651979,0.9156005064709263,0.5326822699362473,0.6541945294911512,0.12151225955490386,0.4927595095670664,1.272538115441929,1.5872543274675084,0.0781059790097085,False,False,False,-0.3147162120255793,0.0,97.4180083482409,100.03527171974142,95.36632828002826,False,False,False,-2.6172633715005134,0.0,0.2523118708725818,1.0231813168855262,0
2024.12.13startup_a,3392,3418,3407,1.3114772868156082,0.05,0.7501800575054263,0.6544371878601614,0.9140254778682444,0.8705501969803086,1.2835690190054616,1.5274681281538849,0.24389910914842328,0.5317623252837517,96.46342940802778,94.62400882810371,1.8394205799240666,1.2962886304527372,0.7313030258360309,0.9245351409173739,0.19323211508134297,0.7835996352044368,1.3939473942522724,1.5872543274675084,0.0781059790097085,False,False,False,-0.19330693321523595,0.0,95.89221163325664,100.03527171974142,95.36632828002826,False,False,False,-4.14306008648478,0.0,0.5612972293101819,2.2761863572396743,0
2024.12.13startup_a,3483,3489,3483,0.8589130696222289,0.05,0.7501800575054263,0.6690357280061467,0.6247865569798821,0.4204804735921248,1.539335003059635,1.3039559488403372,0.23537905421929795,0.5131864303718113,96.38216185348526,95.3372365268621,1.044925326623158,0.7363866835879529,0.5714343771276018,0.5685077065096279,0.0029266706179739144,0.011868306816610165,1.5613116549052577,1.5872543274675084,0.0781059790097085,False,False,False,-0.02594267256225069,0.0,96.5330321852061,100.03527171974142,95.36632828002826,False,False,False,-3.5022395345353203,0.0,0.10873301211680264,0.44093679041674333,0
2024.12.13startup_a,3573,3574,3574,0.7710585628685965,0.05,0.7501800575054263,0.6865155589704187,1.0463908801756687,0.700052776958186,1.3809440379427933,0.7900015686108005,0.5909424693319928,1.2884054505081166,95.8294967245609,96.97089864969561,1.1414019251347156,0.804376309843221,0.4540353246346577,0.45221629580895295,0.0018190288257047271,0.007376570523220465,1.1006987578744163,1.5872543274675084,0.0781059790097085,False,False,False,-0.4865555695930921,0.0,96.06440071556352,100.03527171974142,95.36632828002826,False,False,False,-3.9708710041778943,0.0,0.020878505363170263,0.08466702949096752,0
2024.12.13startup_a,3697,3712,3707,0.8867117024536926,0.05,0.7501800575054263,0.7120630042258932,0.692954330508981,0.6466703199086012,0.2973772642371647,0.10117380839379723,0.19620345584336746,0.42777362439846145,98.05392067919966,99.41350469721938,1.3595840180197172,0.9581350366195006,0.5696383427722566,0.4329992297093513,0.13663911306290527,0.5541022987078418,-0.0,1.5872543274675084,0.0781059790097085,False,True,True,-1.5872543274675084,0.0,98.3577942433742,100.03527171974142,95.36632828002826,False,False,False,-1.6774774763672156,0.0,0.1365316449482663,0.55366649136085,1
2024.12.13startup_a,3910,3916,3912,0.8521619149248437,0.05,0.7501800575054263,0.7514406454091433,0.43076811106920926,0.30314621217023857,0.3961748288742562,0.41789782207024373,0.021722993195987528,0.04736167103829751,99.66751381741236,98.51220828609642,1.155305531315932,0.814174551100121,0.4416717472010835,0.42985922913597874,0.011812518065104749,0.04790241437229715,0.4090731390438265,1.5872543274675084,0.0781059790097085,False,False,False,-1.178181188423682,0.0,99.6448087431694,100.03527171974142,95.36632828002826,False,False,False,-0.39046297657201023,0.0,0.10198185741941745,0.4135593415084561,0
2024.12.13startup_a,4819,4824,4823,0.772235155636286,0.05,0.7501800575054263,0.9264310411064157,0.7901407287288984,0.6635243442083992,0.282904792979892,0.6745351133429626,0.39163032036307055,0.8538540814478955,99.17379964399784,98.14300647505199,1.0307931689458485,0.7264273760099014,0.46998358941727836,0.36880754835267454,0.10117604106460382,0.4102915751674008,0.2829047929798921,1.5872543274675084,0.0781059790097085,False,False,False,-1.3043495344876164,0.0,99.22494925262964,100.03527171974142,95.36632828002826,False,False,False,-0.8103224671117744,0.0,0.022055098130859707,0.08943837747915008,0
2024.12.13startup_a,4956,5021,4991,1.182933434968561,0.05,0.7501800575054263,0.9587014982712255,0.7915445588226826,0.8123801293175256,0.9720859163780357,1.0072194900938534,0.03513357371581771,0.07660016028710494,96.1574927129873,94.0197999750472,2.1376927379400996,1.5064889573582603,1.1200870306049093,0.9094818619254793,0.21060516867943002,0.8540512703072115,0.9904799742690308,1.5872543274675084,0.0781059790097085,False,False,False,-0.5967743531984776,0.0,95.45289416323564,100.03527171974142,95.36632828002826,False,False,False,-4.582377556505776,0.0,0.4327533774631347,1.7549121613187875,0
2024.12.13startup_a,5033,5055,5051,2.406310175491517,0.05,0.7501800575054263,0.9702266615443719,,,1.3529266583384294,1.3243544357032726,0.028572222635156796,0.06229473982108737,92.84708750479065,90.5130514024027,2.3340361023879552,1.644857351066838,1.3067931672393458,2.0735628192266127,0.7667696519872669,3.109423189463747,1.4184645038322825,1.5872543274675084,0.0781059790097085,False,False,False,-0.16878982363522588,0.0,91.77026677026676,100.03527171974142,95.36632828002826,False,True,True,-8.265004949474658,0.0,1.6561301179860906,6.715979669107713,1
2024.12.16startup_b,275,301,287,1.303003002595814,0.05,0.8227056253653748,0.054314912944738836,0.5734236443170815,0.5559411156639805,0.9879149825185181,0.8833236193808316,0.10459136313768647,0.23727721953460346,94.75794611622594,92.70036161403793,2.057584502188007,0.9095700690995594,0.7580584761731605,0.8863011253254285,0.12824264915226802,0.5209760583577786,0.9669852958320848,1.8332005327553733,0.3828339726002902,False,False,False,-0.8662152369232885,0.0,93.73947895791584,100.12076970024198,92.67757261206164,False,False,False,-6.381290742326144,0.0,0.4802973772304391,1.9511717520120173,0
2024.12.16startup_b,398,405,402,0.8801803989925514,0.05,0.8227056253653748,0.07607872823618471,0.30145302764433657,0.24007812853782542,0.9993406637795427,0.9608734114796488,0.038467252299893895,0.0872672694478547,91.3372257934527,92.50367839618998,1.1664526027372801,0.5156387858408185,0.5334731833480553,0.5045918256348146,0.02888135771324063,0.11732833032480308,0.9982545693874832,1.8332005327553733,0.3828339726002902,False,False,False,-0.8349459633678901,0.0,91.54631234353938,100.12076970024198,92.67757261206164,False,True,True,-8.574457356702595,0.0,0.05747477362717657,0.2334869188778178,1
2024.12.16startup_b,584,599,594,0.9703195859068874,0.05,0.8227056253653748,0.11241483724451173,0.6910616006940662,0.5489787903480425,0.6450659832832576,0.963345052604709,0.31827906932145145,0.7220517099986407,95.39808341438356,96.89126455254883,1.4931811381652693,0.6600714913894918,0.6281326649785507,0.6933186593487021,0.06518599437015138,0.26481316965599516,0.4090731390438265,1.8332005327553733,0.3828339726002902,False,False,False,-1.4241273937115468,0.0,95.9350111500478,100.12076970024198,92.67757261206164,False,False,False,-4.18575855019418,0.0,0.14761396054151255,0.5996705450944578,0
2024.12.16startup_b,984,1000,997,1.0510072262777412,0.05,0.8227056253653748,0.18868281604844814,0.5085483441211498,0.4057039259214983,1.761848106982189,1.6172833314895954,0.1445647754925936,0.3279613817287279,97.33303212733271,95.77410426155913,1.5589278657735832,0.6891353065135716,0.6370189309083257,0.587783530280493,0.049235400627832715,0.2000150895221954,1.7680896861341615,1.8332005327553733,0.3828339726002902,False,False,False,-0.0651108466212118,0.0,96.90064536690303,100.12076970024198,92.67757261206164,False,False,False,-3.220124333338944,0.0,0.2283016009123664,0.9274579786547694,0
2024.12.16startup_b,1447,1471,1461,1.2496889952458865,0.05,0.8227056253653748,0.27649507948523844,0.6167788365559591,0.62978106888666,1.265176085174718,1.0967391797710462,0.16843690540367184,0.38211798165957356,96.61558813138075,98.54167296332163,1.9260848319408836,0.8514396914523447,0.7624329796549597,0.6010058415959939,0.1614271380589658,0.6557855335480616,1.2834031297544843,1.8332005327553733,0.3828339726002902,False,False,False,-0.549797403000889,0.0,97.02462584222764,100.12076970024198,92.67757261206164,False,False,False,-3.0961438580143437,0.0,0.42698336988051167,1.7345876313000068,0
2024.12.16startup_b,1624,1627,1626,0.8547969291882018,0.05,0.8227056253653748,0.3077214231642695,0.978517702888296,0.8781554201263296,0.25153956172416553,0.9334297397536652,0.6818901780294997,1.5469442276777876,96.72936011296231,95.80167209726557,0.9276880156967451,0.4100911780988043,0.3455399187036532,0.512295235033439,0.1667553163297858,0.6774308546023973,0.7473944462440387,1.8332005327553733,0.3828339726002902,False,False,False,-1.0858060865113346,0.0,96.66891856779088,100.12076970024198,92.67757261206164,False,False,False,-3.4518511324510968,0.0,0.03209130382282699,0.13036849350583335,0
2024.12.16startup_b,2753,2766,2761,0.9702599291626772,0.05,0.8227056253653748,0.5225208175624527,0.3328343009749972,0.3258335729565652,1.4929509447039562,1.493300177415251,0.00034923271129483346,0.0007922735130383915,98.03629101152686,96.53224060822164,1.5040504033052144,0.6648763284369561,0.5251433903705692,0.6019034950298876,0.07676010465931837,0.31183211691970103,1.2583494426149708,1.8332005327553733,0.3828339726002902,False,False,False,-0.5748510901404025,0.0,97.1608627858628,100.12076970024198,92.67757261206164,False,False,False,-2.959906914379175,0.0,0.1475543037973024,0.5994281940851912,0
2024.12.16startup_b,2998,3019,3010,1.3951308075252076,0.05,0.8227056253653748,0.5696442089326268,0.7649853290110205,0.5171156639219382,1.7983738112527534,1.5059180300180004,0.292455781234753,0.6634686892535456,93.36138989546036,91.40123192344348,1.9601579720168871,0.8665019687684953,0.8222865187093843,0.817024553932911,0.005261964776473338,0.021376333743773627,1.6378056841256827,1.8332005327553733,0.3828339726002902,False,False,False,-0.1953948486296906,0.0,92.50698501397002,100.12076970024198,92.67757261206164,False,True,True,-7.613784686271956,0.0,0.5724251821598327,2.3254339884407242,1
2024.12.16startup_b,3238,3255,3244,0.9615402465819628,0.05,0.8227056253653748,0.6139288417865254,1.1982343025525957,0.8392266820509718,0.6348898634024116,1.4259833068281795,0.7910934434257679,1.7946840639319102,92.93190099418098,94.29322827136399,1.3613272771830083,0.6017845411732812,0.6599570640324125,0.6897942821888925,0.029837218156479994,0.12121144104772405,1.119720157474105,1.8332005327553733,0.3828339726002902,False,False,False,-0.7134803752812684,0.0,93.57410881801124,100.12076970024198,92.67757261206164,False,False,False,-6.546660882230739,0.0,0.13883462121658796,0.564005143399161,0
2024.12.16startup_b,3401,3423,3416,1.1951590457776828,0.05,0.8227056253653748,0.6464799394398183,0.818244613201081,0.8098116173084634,0.7157514318440253,1.1060836812098898,0.3903322493658644,0.8855124175243486,94.01540150195369,95.7142241610802,1.698822659126506,0.7509768088778133,0.7712490058649419,0.576058754759456,0.19519025110548593,0.7929456255232286,0.8536576732793313,1.8332005327553733,0.3828339726002902,False,False,False,-0.979542859476042,0.0,94.46895682319573,100.12076970024198,92.67757261206164,False,False,False,-5.651812877046254,0.0,0.372453420412308,1.513063837740014,0
2024.12.16startup_b,3489,3508,3497,1.0590387495341,0.05,0.8227056253653748,0.6618092354277063,0.9382427260536829,0.7245224454131872,1.1045254374333948,0.5523216817839052,0.5522037556494896,1.2527360560794267,96.05331167811916,94.64229659075293,1.4110150873662235,0.623749396027939,0.5900144945279973,0.6631437050263728,0.07312921049837551,0.297081884132196,0.9134853951751388,1.8332005327553733,0.3828339726002902,False,False,False,-0.9197151375802345,0.0,95.40840364929112,100.12076970024198,92.67757261206164,False,False,False,-4.7123660509508625,0.0,0.2363331241687252,0.9600854341570222,0
2024.12.16startup_b,3601,3627,3616,1.1692044431512925,0.05,0.8227056253653748,0.6843300529901589,0.4718499015279642,0.4813988540264999,1.4583285414598168,1.5048653350867764,0.046536793626959616,0.10557392758448449,94.3682219615877,96.26418893635854,1.8959669747708432,0.8381258754714439,0.793077969567081,0.6698764726084084,0.12320149695867255,0.5004967590235712,1.5253874232579383,1.8332005327553733,0.3828339726002902,False,False,False,-0.307813109497435,0.0,95.05018853895588,100.12076970024198,92.67757261206164,False,False,False,-5.0705811612861,0.0,0.3464988177859176,1.4076252284947826,0
2024.12.16startup_b,4524,4533,4530,0.9140010703835304,0.05,0.8227056253653748,0.8573050719152158,0.748256843816079,0.6180220786332769,1.9121233877914718,1.4773671858988295,0.4347562018926423,0.9862931284747829,97.34684769578014,96.19265193793248,1.1541957578476598,0.5102205591573752,0.6427469700048305,0.5547323956968865,0.08801457430794402,0.35755254826767235,1.530333327439556,1.8332005327553733,0.3828339726002902,False,False,False,-0.30286720531581723,0.0,97.42091319931431,100.12076970024198,92.67757261206164,False,False,False,-2.699856500927666,0.0,0.09129544501815556,0.3708808372720427,0
2024.12.16startup_b,4878,4897,4890,0.9868009639213816,0.05,0.8227056253653748,0.9254352763058289,1.1112187092675383,0.8931493936604973,1.3719672788483117,0.702939229670936,0.6690280491773757,1.5177650480613005,94.28007008215613,92.68599503740197,1.5940750447541632,0.7046723704737762,0.7608162271303714,0.6483191748628043,0.11249705226756712,0.4570107624464151,0.6917244835981394,1.8332005327553733,0.3828339726002902,False,False,False,-1.1414760491572338,0.0,93.58035887802032,100.12076970024198,92.67757261206164,False,False,False,-6.540410822221659,0.0,0.16409533855600678,0.666624896170758,0
2024.12.16startup_b,5041,5076,5064,1.1849358516336896,0.05,0.8227056253653748,0.9583648750946253,0.8243866391002144,0.7976317982769502,1.4924946335760254,1.1404055396696366,0.35208909390638876,0.7987535368535953,91.84203128438045,89.91915859346118,1.9228726909192773,0.8500197413468334,0.9558521621773646,0.7726802294204408,0.18317193275692378,0.7441221166304216,1.4220900521936763,1.8332005327553733,0.3828339726002902,False,False,False,-0.41111048056169697,0.0,91.71448244204728,100.12076970024198,92.67757261206164,False,True,True,-8.406287258194695,0.0,0.3622302262683148,1.4715328850953908,1
2024.12.16startup_b,5111,5133,5126,1.8615658381571905,0.05,0.8227056253653748,0.9700984102952309,,,0.9255630748079464,1.2886851784216444,0.363122103613698,0.8237831548632811,89.19023680049295,87.19628690811199,1.993949892380968,0.8814399308827509,0.9996326778291846,1.6451185061251843,0.6454858282959997,2.6222373350395536,1.1267251857192595,1.8332005327553733,0.3828339726002902,False,False,False,-0.7064753470361138,0.0,88.95507969731122,100.12076970024198,92.67757261206164,False,True,True,-11.16569000293076,0.0,1.0388602127918156,4.220291006328074,1
2024.12.23startup_a,736,737,737,0.6443304816249403,0.05,0.6368461727412325,0.1379891406103726,0.3478786375713865,0.31940302066637444,0.7296281863263422,0.7102593513109255,0.01936883501541664,0.042862152418510054,99.82323886550152,98.93264071621938,0.8905981492821411,0.6528951227242629,0.378103466111764,0.32331125786780773,0.05479220824395625,0.2624517868563504,0.7473944462440387,1.5934902061186866,0.10664208069234049,False,False,False,-0.8460957598746479,0.0,99.8642159297897,100.440658536343,95.95242496273883,False,False,False,-0.5764426065533002,0.0,0.00748430888370788,0.03584944470878585,0
2024.12.23startup_a,1085,1098,1097,0.6743744452983143,0.05,0.6368461727412325,0.2053922486425763,0.774480101423274,0.7332627232597172,1.399358550686543,0.9646561808496263,0.43470236983691657,0.9619721174663869,99.54008587381587,98.73938989019612,0.8006959836197467,0.586988085380161,0.4075769923492522,0.2717032689416074,0.1358737234076448,0.6508279669326038,0.9432261548473416,1.5934902061186866,0.10664208069234049,False,False,False,-0.650264051271345,0.0,99.53742203742205,100.440658536343,95.95242496273883,False,False,False,-0.9032364989209469,0.0,0.0375282725570818,0.1797584456969695,0
2024.12.23startup_a,1262,1272,1268,0.7360886109634283,0.05,0.6368461727412325,0.23740872495787305,0.41421917845594514,0.3267076449249386,0.9532918040497488,0.982637661578088,0.02934585752833918,0.06494074719674087,98.71591614160113,97.67444786510916,1.041468276491969,0.7634976097151495,0.38494377728520596,0.35327650202214594,0.03166727526306001,0.15168457786292536,0.976414308115487,1.5934902061186866,0.10664208069234049,False,False,False,-0.6170758980031996,0.0,98.57307029304732,100.440658536343,95.95242496273883,False,False,False,-1.8675882432956712,0.0,0.0992424382221958,0.4753660434240528,0
2024.12.23startup_a,1356,1363,1361,0.6923451996772654,0.05,0.6368461727412325,0.254821194532859,1.0420731729775194,0.7773880034156111,0.9278710577133947,1.5410019845422285,0.6131309268288337,1.3568245698474963,97.61356999620848,96.62144828295203,0.9921217132564522,0.7273217761075426,0.3893362460744668,0.4411150343724243,0.051778788297957457,0.24801766429179417,1.3237243701143493,1.5934902061186866,0.10664208069234049,False,False,False,-0.26976583600433734,0.0,97.51674751674751,100.440658536343,95.95242496273883,False,False,False,-2.9239110195954794,0.0,0.055499026936032925,0.26583741110228415,0
2024.12.23startup_a,1557,1571,1568,0.7557603491140674,0.05,0.6368461727412325,0.29357798165137616,0.5669960658800324,0.491656155484775,0.7896084938952787,0.9526620224342416,0.16305352853896293,0.36082837130112094,95.8965178788146,96.95117151335793,1.0546536345433282,0.7731637604589439,0.508707457823962,0.43752163523684184,0.07118582258712014,0.34097633469426014,0.9432261548473416,1.5934902061186866,0.10664208069234049,False,False,False,-0.650264051271345,0.0,96.23973393063191,100.440658536343,95.95242496273883,False,False,False,-4.20092460571108,0.0,0.11891417637283497,0.5695926313582044,0
2024.12.23startup_a,1647,1670,1662,1.02800442654729,0.05,0.6368461727412325,0.31117768208200713,1.135986387787491,0.9422362572624885,0.5005316677440199,1.1204970268269057,0.6199653590828857,1.3719487875267729,96.28599760172565,97.5136981468311,1.2277005451054492,0.9000239880482088,0.6311456836346206,0.7469582318704967,0.11581254823587606,0.5547359962124838,0.8623538561746378,1.5934902061186866,0.10664208069234049,False,False,False,-0.7311363499440489,0.0,96.3025758069775,100.440658536343,95.95242496273883,False,False,False,-4.138082729365493,0.0,0.3911582538060576,1.8736273996829351,0
2024.12.23startup_a,1902,1903,1903,0.644656016631548,0.05,0.6368461727412325,0.3563003182924546,1.028648941971425,0.7535514528364388,0.6393007891981196,0.0,0.6393007891981196,1.4147370167629119,97.6287884372516,98.50528988318638,0.8765014459347782,0.6425608671799384,0.426903081556348,0.38444823514182835,0.04245484641451963,0.20335647456646597,-0.0,1.5934902061186866,0.10664208069234049,False,True,True,-1.5934902061186866,0.0,97.7111316967732,100.440658536343,95.95242496273883,False,False,False,-2.7295268395698002,0.0,0.007809843890315582,0.03740874021642602,1
2024.12.23startup_a,1986,2001,1998,0.7475740351282764,0.05,0.6368461727412325,0.3740872495787306,0.9539365754598828,0.9400016803139836,0.0,0.5065570944078878,0.5065570944078878,1.1209826183096032,98.56075393828073,99.63413192448176,1.073377986201038,0.7868905326101622,0.5125642111317396,0.32213791964909233,0.19042629148264723,0.9121318900221853,-0.0,1.5934902061186866,0.10664208069234049,False,True,True,-1.5934902061186866,0.0,98.81395518575286,100.440658536343,95.95242496273883,False,False,False,-1.6267033505901338,0.0,0.11072786238704391,0.5303806192456065,1
2024.12.23startup_a,2404,2416,2414,0.7225163123767382,0.05,0.6368461727412325,0.45197528552705485,0.48021145736687165,0.5397346718162805,0.8887598602870911,0.9583683037702196,0.06960844348312856,0.15403960598633454,98.4485882914351,99.54855589325429,1.0999676018191877,0.8063833087474088,0.48466585344556756,0.34713174979200356,0.137534103653564,0.6587811007150982,0.8301899714180443,1.5934902061186866,0.10664208069234049,False,False,False,-0.7633002347006423,0.0,98.68826607411656,100.440658536343,95.95242496273883,False,False,False,-1.7523924622264389,0.0,0.08567013963550574,0.41035544921757394,0
2024.12.23startup_a,2670,2702,2689,1.0277354961044014,0.05,0.6368461727412325,0.5034637708294327,1.2415365480468117,1.030218222762626,0.9496032213280341,0.36486478735635514,0.584738433971679,1.2939935655348371,98.05968958908736,96.43769550090028,1.6219940881870798,1.1890795305587862,0.7315040597289285,0.6046589106536844,0.12684514907524413,0.607581572194255,0.7771529943226336,1.5934902061186866,0.10664208069234049,False,False,False,-0.816337211796053,0.0,97.458303761533,100.440658536343,95.95242496273883,False,False,False,-2.9823547748099912,0.0,0.39088932336316895,1.8723392370492637,0
2024.12.23startup_a,2982,2997,2989,0.7032301110167092,0.05,0.6368461727412325,0.5596330275229358,0.8737291256336734,0.6729396884854278,0.5037899211911225,0.9578419367221765,0.454052015531054,1.004791804986372,98.05062432122216,99.0636773209627,1.0130529997405375,0.7426664462809749,0.5640456949762128,0.5073935440482871,0.05665215092792575,0.2713608141889371,0.8536576732793313,1.5934902061186866,0.10664208069234049,False,False,False,-0.7398325328393554,0.0,98.417104276069,100.440658536343,95.95242496273883,False,False,False,-2.023554260273997,0.0,0.06638393827547673,0.31797556217096434,0
2024.12.23startup_a,3060,3077,3074,0.7512918384568703,0.05,0.6368461727412325,0.5755476502527617,0.43358832393352664,0.8966096743387423,0.959392178958623,0.9449144925859733,0.01447768637264979,0.032038313067253556,98.00330543418815,96.86411380986752,1.139191624320631,0.8351383347997997,0.6563557774549584,0.2758396084026365,0.38051616905232194,1.8226523751491734,0.9904799742690308,1.5934902061186866,0.10664208069234049,False,False,False,-0.6030102318496559,0.0,97.80023781212842,100.440658536343,95.95242496273883,False,False,False,-2.6404207242145787,0.0,0.11444566571563786,0.5481887010521578,0
2024.12.23startup_a,3361,3376,3365,0.727746701685539,0.05,0.6368461727412325,0.6300318292454596,0.2693608871303643,0.25836644190333385,1.281457500597212,1.3643158570689098,0.08285835647169781,0.18336092498130843,94.90650448361326,95.39124346186604,0.48473897825277845,0.35536084927942024,0.5553323644152842,0.5059836890706048,0.04934867534467946,0.23637755144927294,1.3969387860636409,1.5934902061186866,0.10664208069234049,False,False,False,-0.19655142005504578,0.0,94.94166297444986,100.440658536343,95.95242496273883,False,True,True,-5.498995561893139,0.0,0.09090052894430656,0.43540873807093095,1
2024.12.23startup_a,3553,3569,3566,0.7548901177599527,0.05,0.6368461727412325,0.6676652312301067,0.7385481111906653,0.7498154400642947,1.2056429133372908,0.8968854022945362,0.3087575110427546,0.6832631641573036,96.65452160944314,97.73736972376713,1.082848114323994,0.793833058224027,0.529515027056408,0.36827105953221945,0.16124396752418851,0.7723500978115533,1.1412418450836317,1.5934902061186866,0.10664208069234049,False,False,False,-0.45224836103505495,0.0,96.92848135471088,100.440658536343,95.95242496273883,False,False,False,-3.5121771816321115,0.0,0.11804394501872029,0.56542426908215,0
2024.12.23startup_a,3628,3655,3644,0.8454441070483747,0.05,0.6368461727412325,0.6822692379704175,0.6343480192332079,0.5013997462013061,0.8739231716040237,0.6693065311032433,0.20461664050078032,0.4528052216629027,96.68842939745956,97.80136595674885,1.1129365592892952,0.8158908168035132,0.6170603773278365,0.5678942408019121,0.04916613652592439,0.23550320013750226,0.7473944462440387,1.5934902061186866,0.10664208069234049,False,False,False,-0.8460957598746479,0.0,96.72755483461457,100.440658536343,95.95242496273883,False,False,False,-3.7131037017284285,0.0,0.20859793430714224,0.9991731004835313,0
2024.12.23startup_a,3824,3852,3841,1.242782678695055,0.05,0.6368461727412325,0.7191537165324845,0.6860390616840074,0.7974750919332029,1.0135276630658783,1.0562065077754768,0.042678844709598485,0.09444590475021823,98.93096575527049,97.18817912727971,1.7427866279907818,1.2776322186177966,0.718000676582029,0.5049822234527322,0.2130184531292968,1.020347152431594,0.999806132804711,1.5934902061186866,0.10664208069234049,False,False,False,-0.5936840733139757,0.0,98.52764250930966,100.440658536343,95.95242496273883,False,False,False,-1.9130160270333363,0.0,0.6059365059538226,2.9024038965725705,0
2024.12.23startup_a,4124,4156,4141,1.4554524042777952,0.05,0.6368461727412325,0.7753229732259876,0.9708978391035492,0.8275806433986639,1.4233506968155214,1.6454257603491873,0.2220750635336659,0.4914397388358124,96.97139368553185,98.94978848501322,1.9783947994813644,1.4503559393712862,0.8246675632364998,0.7117339077152823,0.11293365552121748,0.5409462519888931,1.5738937446297547,1.5934902061186866,0.10664208069234049,False,False,False,-0.019596461488931904,0.0,97.27714477211796,100.440658536343,95.95242496273883,False,False,False,-3.16351376422503,0.0,0.8186062315365628,3.9210806624537202,0
2024.12.23startup_a,5086,5106,5101,0.9107123781425932,0.05,0.6368461727412325,0.9550645946451976,1.038252130385164,0.9049619193919414,0.8694370522051045,1.404940562422385,0.5355035102172805,1.1850394232441397,99.11699297760325,97.90096775882361,1.2160252187796345,0.8914648375261884,0.5537623312978351,0.42048706438538125,0.1332752669124539,0.638381497405496,1.2681489963097885,1.5934902061186866,0.10664208069234049,False,False,False,-0.32534120980889814,0.0,99.1755319148936,100.440658536343,95.95242496273883,False,False,False,-1.2651266214493972,0.0,0.27386620540136075,1.311804675714701,0
2024.12.23startup_a,5148,5190,5189,1.008996104379049,0.05,0.6368461727412325,0.9715409099419584,,,0.823593180621735,0.9929563290994998,0.1693631484777648,0.3747912085757704,96.82727489193445,95.51093305015203,1.3163418417824175,0.9650066857093206,0.8780797095982513,0.982135767859858,0.10405605826160669,0.4984230294642216,0.9522481488898976,1.5934902061186866,0.10664208069234049,False,False,False,-0.641242057228789,0.0,96.34599604189796,100.440658536343,95.95242496273883,False,False,False,-4.094662494445032,0.0,0.3721499316378165,1.7825785393051217,0
2024.12.23startup_b,304,317,312,0.749437628788982,0.05,0.673486600120353,0.05660377358490566,0.6753805472699105,0.4594571216977761,0.6620945981281438,0.9568124690694054,0.2947178709412617,0.6397611274855421,98.805201246526,97.7546775647414,1.0505236817845969,0.7109999670542788,0.3806509328533904,0.3863565031980232,0.005705570344632815,0.02761027055350724,0.9929563290994996,1.6283324431453692,0.1125981068419436,False,False,False,-0.6353761140458696,0.0,98.76158334286694,99.94477159862747,95.08326664502552,False,False,False,-1.1831882557605269,0.0,0.07595102866862902,0.3675405478666458,0
2024.12.23startup_b,507,510,508,0.703517379877025,0.05,0.673486600120353,0.09216255442670537,0.7689619403061988,0.535302665553445,0.8137969461484632,1.4791064198941577,0.6653094737456945,1.4442257528902605,95.34693873490207,95.485380516438,0.13844178153593134,0.09369812772213708,0.4544002399965018,0.44035154910528146,0.01404869089122035,0.06798411604793725,1.1906001864191973,1.6283324431453692,0.1125981068419436,False,False,False,-0.4377322567261719,0.0,95.09404576494548,99.94477159862747,95.08326664502552,False,False,False,-4.850725833681992,0.0,0.03003077975667201,0.14532428905981062,0
2024.12.23startup_b,676,685,682,0.7198387404915917,0.05,0.673486600120353,0.1237300435413643,0.33901522843422216,0.7428326317424402,0.9621549085119744,0.9007761151535424,0.06137879335843199,0.133238496590927,98.026531505152,97.22158511635182,0.8049463888001753,0.5447919602775173,0.6488583922725051,0.32845946610205884,0.32039892617044624,1.5504674383588763,0.9288391461883214,1.6283324431453692,0.1125981068419436,False,False,False,-0.6994932969570478,0.0,97.5980201863354,99.94477159862747,95.08326664502552,False,False,False,-2.3467514122920647,0.0,0.04635214037123869,0.22430625845984686,0
2024.12.23startup_b,746,769,758,0.9946938155232304,0.05,0.673486600120353,0.13751814223512338,0.8247727171964947,0.5793697403068011,0.9926050989361184,1.310306613811367,0.31770151487524867,0.6896530526340661,96.88527724511542,95.4670075886762,1.4182696564392216,0.9598923817589233,0.5467847509457691,0.5650861621195548,0.018301411173785698,0.08856378652741383,1.1126817966979572,1.6283324431453692,0.1125981068419436,False,False,False,-0.515650646447412,0.0,96.80851063829788,99.94477159862747,95.08326664502552,False,False,False,-3.1362609603295937,0.0,0.32120721540287744,1.5543788938392045,0
2024.12.23startup_b,819,829,827,0.751730715688018,0.05,0.673486600120353,0.15003628447024672,0.6028951392641517,0.5383199675074058,1.1533491313324942,1.4194578222301546,0.2661086908976604,0.5776575257505152,95.42711904641295,96.35520394468868,0.9280848982757277,0.6281327527777882,0.4926042377676015,0.408050699327621,0.08455353843998048,0.40916962399391404,1.3773114348674147,1.6283324431453692,0.1125981068419436,False,False,False,-0.2510210082779545,0.0,95.3100929993724,99.94477159862747,95.08326664502552,False,False,False,-4.634678599255068,0.0,0.07824411556766497,0.3786372035663943,0
2024.12.23startup_b,935,946,941,0.70382376094435,0.05,0.673486600120353,0.17071843251088534,0.6989385573669273,0.4730986342374048,1.0462872672694872,0.7843684109284663,0.26191885634102086,0.5685624095589766,96.45247953682379,97.67781677706013,1.2253372402363425,0.8293147051748782,0.49368969951901653,0.49811582063472515,0.0044261211157086144,0.02141878797835956,1.0128030232541478,1.6283324431453692,0.1125981068419436,False,False,False,-0.6155294198912213,0.0,97.04980486898346,99.94477159862747,95.08326664502552,False,False,False,-2.894966729644011,0.0,0.030337160823996956,0.14680692158387926,0
2024.12.23startup_b,1023,1033,1032,0.7237447550855155,0.05,0.673486600120353,0.18722786647314948,1.2061527624696682,0.8165545628015938,1.2279472507284406,0.4041128112671485,0.8238344394612921,1.788345064274098,98.48860053172032,97.56668031962555,0.9219202120947756,0.6239604606652382,0.4228927569366045,0.41517281702564574,0.007719939910958762,0.037358163465445335,0.830774222099454,1.6283324431453692,0.1125981068419436,False,False,False,-0.7975582210459152,0.0,98.42875139977605,99.94477159862747,95.08326664502552,False,False,False,-1.5160201988514217,0.0,0.050258154965162505,0.24320815839446674,0
2024.12.23startup_b,1636,1651,1641,0.7413745295094545,0.05,0.673486600120353,0.29771407837445574,0.533969106945364,0.49634904418283593,0.9463342790505933,0.7560402085610164,0.19029407048957692,0.41308234448561393,96.25390665697891,97.22147575802389,0.9675691010449725,0.6548558694051141,0.48056754824598297,0.5675883021171911,0.08702075387120817,0.42110891865777966,0.9432261548473416,1.6283324431453692,0.1125981068419436,False,False,False,-0.6851062882980276,0.0,96.38027048528242,99.94477159862747,95.08326664502552,False,False,False,-3.5645011133450453,0.0,0.06788792938910149,0.3285217751304608,0
2024.12.23startup_b,2084,2095,2088,0.7521915743491969,0.05,0.673486600120353,0.3788098693759071,0.6486254778283579,0.5240523859676615,0.6601860539559665,0.3800599126283016,0.28012614132766495,0.608086016099374,99.6134974667527,98.59523569008884,1.0182617766638629,0.6891649395573418,0.47563289076589044,0.4188244407345053,0.05680845003138513,0.27490620224626844,0.4090731390438265,1.6283324431453692,0.1125981068419436,False,False,False,-1.2192593041015427,0.0,99.43630214205186,99.94477159862747,95.08326664502552,False,False,False,-0.5084694565756109,0.0,0.07870497422884393,0.3808673806658753,0
2024.12.23startup_b,2373,2416,2390,1.2196917603180817,0.05,0.673486600120353,0.4335994194484761,1.1232221251837091,0.8443299704986648,1.6298411353559374,1.1113170449008791,0.5185240904550583,1.1255902320360431,96.29664098781092,97.95273626860106,1.6560952807901401,1.120854018331375,0.7926938727856201,0.8519075781837634,0.0592137053981433,0.28654566112857627,1.4966777416164074,1.6283324431453692,0.1125981068419436,False,False,False,-0.13165470152896175,0.0,96.46684220194722,99.94477159862747,95.08326664502552,False,False,False,-3.4779293966802527,0.0,0.5462051601977287,2.6431840008716234,0
2024.12.23startup_b,4416,4416,4416,0.6749226489555068,0.05,0.673486600120353,0.8011611030478955,0.6872897186982843,0.6315011115842939,0.5334450656153925,0.8573626882107288,0.3239176225953363,0.7031467171711835,99.33867143666279,98.34660954354604,0.9920618931167553,0.6714327202253849,0.43045214598195447,0.3230116062569543,0.10744053972500017,0.5199238973563133,0.6807937753703206,1.6283324431453692,0.1125981068419436,False,False,False,-0.9475386677750486,0.0,99.24712538784448,99.94477159862747,95.08326664502552,False,False,False,-0.6976462107829917,0.0,0.0014360488351538025,0.006949295946187669,0
2024.12.23startup_b,4472,4493,4483,0.8525452597694458,0.05,0.673486600120353,0.8133164005805515,0.8245397893540826,0.6546287220527719,0.9662516440488563,0.6367219478990671,0.3295296961497892,0.7153291698105899,98.02992346009658,96.65027934915942,1.3796441109371642,0.9337504088975752,0.512706208929653,0.5777599405173167,0.0650537315876637,0.31480658745015033,0.8536576732793313,1.6283324431453692,0.1125981068419436,False,False,False,-0.7746747698660379,0.0,98.0709006639108,99.94477159862747,95.08326664502552,False,False,False,-1.8738709347166633,0.0,0.17905865964909284,0.8664967285015548,0
2024.12.23startup_b,4701,4722,4713,0.913812376139928,0.05,0.673486600120353,0.8550435413642961,0.8398886153493226,0.6895831538190434,1.1027301473442526,1.4785480474082144,0.3758179000639619,0.8158096511293282,95.41161125304662,96.68814914993571,1.2765378968890957,0.8639675795693168,0.7337095262240587,0.653329711748848,0.0803798144752107,0.38897223075848514,1.2041517951932372,1.6283324431453692,0.1125981068419436,False,False,False,-0.42418064795213195,0.0,95.79285984609562,99.94477159862747,95.08326664502552,False,False,False,-4.151911752531845,0.0,0.24032577601957505,1.1629792108555763,0
2024.12.23startup_b,4776,4793,4784,0.8334529245727025,0.05,0.673486600120353,0.8679245283018868,0.6103906420214646,0.5298268581351907,1.3338056799051325,1.575622947415881,0.2418172675107484,0.52492672810799,95.78019040363841,96.80833628825215,1.0281458846137355,0.6958545559349394,0.5025353289895288,0.578725807931179,0.07619047894165021,0.36869929036264276,1.2406030082663506,1.6283324431453692,0.1125981068419436,False,False,False,-0.38772943487901856,0.0,96.03745420002714,99.94477159862747,95.08326664502552,False,False,False,-3.907317398600327,0.0,0.15996632445234948,0.7741055198336583,0
2024.12.23startup_b,4945,5022,4985,1.0996105917135115,0.05,0.673486600120353,0.9043904208998549,0.9370447660300523,0.6452007077010999,1.5195131466642309,1.2294109389076615,0.29010220775656936,0.6297416404632544,94.6764588413248,96.51502000739224,1.8385611660674357,1.24434789159685,0.8741769868541648,0.8868883586821746,0.012711371828009854,0.06151259104319543,1.150999540671385,1.6283324431453692,0.1125981068419436,False,False,False,-0.4773329024739841,0.0,95.46101125048492,99.94477159862747,95.08326664502552,False,False,False,-4.483760348142553,0.0,0.4261239915931585,2.0620898501926574,0
2024.12.23startup_b,5271,5303,5288,1.1077202111854003,0.05,0.673486600120353,0.9593613933236574,1.2903430075318012,0.8645241525866588,0.936112219921155,0.26870555386535433,0.6674066660558007,1.448778249529105,96.54095810577714,94.86853058342945,1.6724275223476894,1.1319077655344973,0.6958576811791413,0.6985206215930628,0.0026629404139215662,0.012886442696374241,-0.0,1.6283324431453692,0.1125981068419436,False,True,True,-1.6283324431453692,0.0,95.69782791311653,99.94477159862747,95.08326664502552,False,False,False,-4.246943685510942,0.0,0.4342336110650473,2.101333742420797,1
2025.01.06startup_a,327,360,344,1.6496815157619258,0.05,0.7524835787554951,0.06051011433597186,0.9288506187247106,0.9303236697092387,0.23588082560878582,0.06894643373721124,0.16693439187157458,0.36817240586032574,99.03106970562725,96.49010244791894,2.540967257708303,1.4895288315890955,1.041690525717662,0.8239387733709262,0.21775175234673583,0.9332697716782951,-0.0,1.7047416493936316,0.21288680537854787,False,True,True,-1.7047416493936316,0.0,98.59987554449285,99.58031768046055,93.9674844338067,False,False,False,-0.9804421359677065,0.0,0.8971979370064307,3.845331689854393,1
2025.01.06startup_a,493,500,499,0.8285889150517265,0.05,0.7524835787554951,0.08777484608619174,0.6100597291282103,0.47375682546491005,1.1131889371803891,1.288902925461248,0.17571398828085893,0.3875357323519431,95.53683204130904,94.1165386290848,1.4202934122242397,0.8325837259044775,0.5836593859473463,0.6305922107480252,0.04693282480067884,0.20115101813830966,1.1412418450836317,1.7047416493936316,0.21288680537854787,False,False,False,-0.5634998043099999,0.0,95.1401549680948,99.58031768046055,93.9674844338067,False,False,False,-4.440162712365748,0.0,0.0761053362962314,0.3261824948052982,0
2025.01.06startup_a,626,657,646,2.019166183302481,0.05,0.7524835787554951,0.11363236587510994,0.9840265672070998,1.1352407661846355,1.5261505243755982,1.5567114586764828,0.03056093430088458,0.06740188514031394,94.27852334325716,97.52081881972337,3.242295476466211,1.9006512492738856,1.2094735029255006,0.874034609170994,0.33543889375450664,1.4376691641397075,1.582267169313773,1.7047416493936316,0.21288680537854787,False,False,False,-0.1224744800798585,0.0,95.41128484024472,99.58031768046055,93.9674844338067,False,False,False,-4.169032840215834,0.0,1.266682604546986,5.428918814173459,0
2025.01.06startup_a,1391,1403,1400,0.8763498608988769,0.05,0.7524835787554951,0.24626209322779244,0.6443958777057422,0.5907588271107104,1.5125852495957461,1.2821423652930763,0.2304428843026698,0.5082398550466314,98.94401776212523,97.61248474328923,1.331533018835998,0.7805519003648531,0.5382888730760234,0.42548156966065814,0.11280730341536521,0.48348472592064645,1.3237243701143493,1.7047416493936316,0.21288680537854787,False,False,False,-0.3810172792792823,0.0,98.77135151333532,99.58031768046055,93.9674844338067,False,False,False,-0.8089661671252344,0.0,0.1238662821433818,0.530882785597597,0
2025.01.06startup_a,1492,1500,1497,0.7647299290130355,0.05,0.7524835787554951,0.2633245382585752,0.31706377905705674,0.3145107765832499,0.9830084528541204,0.9299155854137057,0.05309286744041475,0.11709587533405902,96.98733238403572,96.10533497030298,0.8819974137327478,0.5170316827800544,0.44887616100838074,0.3766854255397455,0.07219073546863525,0.30940477163563623,0.9842399889605548,1.7047416493936316,0.21288680537854787,False,False,False,-0.7205016604330768,0.0,96.88715953307393,99.58031768046055,93.9674844338067,False,False,False,-2.693158147386626,0.0,0.012246350257540395,0.05248705640975973,0
2025.01.06startup_a,2081,2092,2088,0.8716596803678156,0.05,0.7524835787554951,0.36728232189973614,0.49025514475691917,0.35829938404247835,1.4891144122492233,1.3810752499075332,0.10803916234169009,0.23827946944015876,96.08862795167238,94.82246634978036,1.2661616018920228,0.7422308200736796,0.6121508415468692,0.5901281390999518,0.022022702446917397,0.09438786261359668,1.4634190046135478,1.7047416493936316,0.21288680537854787,False,False,False,-0.2413226447800838,0.0,96.02693602693604,99.58031768046055,93.9674844338067,False,False,False,-3.553381653524511,0.0,0.1191761016123205,0.5107809785343707,0
2025.01.06startup_a,2185,2203,2194,0.9309942528571752,0.05,0.7524835787554951,0.3859278803869833,0.7567128453890813,0.561984868074527,1.4753705788987792,1.1715537391071538,0.30381683979162544,0.6700655005411786,94.05594097556859,95.49461781377428,1.4386768382056943,0.843360190236984,0.5445866233765769,0.5848413003984834,0.04025467702190644,0.17252891344541824,1.3324661355215683,1.7047416493936316,0.21288680537854787,False,False,False,-0.37227551387206326,0.0,94.50883971431917,99.58031768046055,93.9674844338067,False,False,False,-5.071477966141387,0.0,0.1785106741016801,0.7650850763108034,0
2025.01.06startup_a,2395,2401,2398,0.7857138910009166,0.05,0.7524835787554951,0.4218117854001759,0.7925910619333776,0.53315681554118,0.9513953249424411,0.4378709212376836,0.5135244037047575,1.1325737797962028,97.92401008412108,97.15191157991025,0.772098504210831,0.4526083440705524,0.5358237398986396,0.5391575104897417,0.00333377059110207,0.014288322756784847,0.8301899714180443,1.7047416493936316,0.21288680537854787,False,False,False,-0.8745516779755873,0.0,97.91222313371615,99.58031768046055,93.9674844338067,False,False,False,-1.668094546744399,0.0,0.0332303122454215,0.14242294533960784,0
2025.01.06startup_a,2697,2713,2707,0.8394459008659167,0.05,0.7524835787554951,0.47616534740545297,0.7683965733592881,0.7243929702550496,0.5347590322764681,0.16121850916310057,0.3735405231133676,0.8238405012837332,98.12221180415968,99.33842816058547,1.2162163564257895,0.7129526454348432,0.6468635343037868,0.4983811560087519,0.14848237829503497,0.6363857640465725,-0.0,1.7047416493936316,0.21288680537854787,False,True,True,-1.7047416493936316,0.0,98.20837390457643,99.58031768046055,93.9674844338067,False,False,False,-1.3719437758841195,0.0,0.08696232211042165,0.37271482606199186,1
2025.01.06startup_a,3371,3387,3383,0.9331577432115244,0.05,0.7524835787554951,0.5950747581354442,0.8397672565689221,0.7036101948595591,0.9438454284599558,1.445653709846504,0.5018082813865483,1.10673396995901,97.59450813467241,96.61737536990263,0.9771327647697774,0.5728005431788343,0.5945435508305643,0.49391297413502155,0.10063057669554276,0.43129607144083304,1.170377295621679,1.7047416493936316,0.21288680537854787,False,False,False,-0.5343643537719527,0.0,97.28297701928408,99.58031768046055,93.9674844338067,False,False,False,-2.2973406611764773,0.0,0.18067416445602935,0.7743576544979887,0
2025.01.06startup_a,3469,3489,3483,0.986080401673356,0.05,0.7524835787554951,0.612664907651715,0.5989632447174664,0.5517453853954412,0.8762333625550912,1.0107080891640867,0.1344747266089955,0.296582885455576,96.19538104556588,94.65779107947374,1.537589966092142,0.901343603979357,0.6053939755741664,0.7120940791478018,0.10670010357363535,0.4573096667513906,0.9432261548473416,1.7047416493936316,0.21288680537854787,False,False,False,-0.76151549454629,0.0,95.60446297204513,99.58031768046055,93.9674844338067,False,False,False,-3.975854708415426,0.0,0.23359682291786088,1.0011807080302249,0
2025.01.06startup_a,4039,4056,4045,0.9245276400735076,0.05,0.7524835787554951,0.7115215479331575,0.45258754359555176,0.4214993936021974,0.981933559004727,1.06734685694585,0.08541329794112296,0.1883783146353725,95.51003794678952,94.28726394546187,1.2227740013276502,0.716796772555731,0.5626581167130756,0.646495861883712,0.08383774517063636,0.35932309361548875,0.9982545693874832,1.7047416493936316,0.21288680537854787,False,False,False,-0.7064870800061483,0.0,95.54322379259516,99.58031768046055,93.9674844338067,False,False,False,-4.037093887865396,0.0,0.17204406131801253,0.7373695967745678,0
2025.01.06startup_a,4248,4268,4262,1.015425527867763,0.05,0.7524835787554951,0.7496921723834653,0.5051510502802511,0.5047560426788591,1.5215701192110214,1.402712127548902,0.1188579916621193,0.26214030707126235,95.4286714627402,94.15239229283897,1.2762791699012297,0.7481617934892398,0.6818841496777138,0.5642981215683982,0.11758602810931562,0.5039660274760751,1.570663071721726,1.7047416493936316,0.21288680537854787,False,False,False,-0.13407857767190556,0.0,95.08555014362432,99.58031768046055,93.9674844338067,False,False,False,-4.494767536836235,0.0,0.262941949112268,1.1269520000091553,0
2025.01.06startup_a,4548,4569,4560,0.990375984099316,0.05,0.7524835787554951,0.8021108179419525,0.9106439012778976,0.7001182348520181,1.4087797346790787,0.8429303872698592,0.5658493474092194,1.2479760057497284,96.76478933110818,97.74279423658422,0.9780049054760411,0.5733117968060668,0.6724045943824862,0.6072923312656239,0.06511226311686236,0.2790669020002591,1.469987889434457,1.7047416493936316,0.21288680537854787,False,False,False,-0.2347537599591747,0.0,96.33501337813452,99.58031768046055,93.9674844338067,False,False,False,-3.2453043023260335,0.0,0.23789240534382095,1.0195912934179256,0
2025.01.06startup_a,5100,5129,5113,1.133961429943744,0.05,0.7524835787554951,0.8993843447669305,0.7531397142076306,0.6402301542110513,0.9078779769099903,1.1671101016583767,0.2592321247483864,0.5717342841990447,95.47775964877596,93.88353162046025,1.5942280283157118,0.9345451442162164,0.6234772329421188,0.7201681701515104,0.09669093720939159,0.4144110342178928,0.9842399889605548,1.7047416493936316,0.21288680537854787,False,False,False,-0.7205016604330768,0.0,95.45355548295764,99.58031768046055,93.9674844338067,False,False,False,-4.126762197502913,0.0,0.38147785118824884,1.6349891251936945,0
2025.01.06startup_a,5225,5226,5226,0.7595943518888087,0.05,0.7524835787554951,0.9192612137203167,0.4156340467633364,0.2830183322560564,1.3886574034494858,1.49007045774229,0.10141305429280423,0.2236656435262898,94.52412714285326,95.56062801374088,1.0365008708876218,0.6076024500003829,0.543814626419643,0.5479646904924272,0.0041500640727842875,0.017786903241496448,1.5067348178150048,1.7047416493936316,0.21288680537854787,False,False,False,-0.19800683157862675,0.0,94.83470071362687,99.58031768046055,93.9674844338067,False,False,False,-4.74561696683368,0.0,0.007110773133313653,0.030476308672899032,0
2025.01.06startup_a,5295,5296,5296,0.760343689367182,0.05,0.7524835787554951,0.9315743183817062,0.7315753872609164,0.7494271150376681,1.1521091152595937,0.5087389255407123,0.6433701897188814,1.4189475754633214,94.74598741015787,94.6705817656939,0.07540564446397013,0.04420319905851149,0.4839150635209284,0.6671027791797964,0.18318771565886804,0.7851305705911718,0.7498765864518436,1.7047416493936316,0.21288680537854787,False,False,False,-0.954865062941788,0.0,94.09036341809453,99.58031768046055,93.9674844338067,False,False,False,-5.489954262366027,0.0,0.007860110611686899,0.03368792010570996,0
2025.01.06startup_a,5406,5417,5413,0.8913956811879473,0.05,0.7524835787554951,0.9521547933157432,0.3887251298720553,0.3563686501276948,1.358907858550965,1.4048968204485512,0.04598896189758617,0.10142827104123109,95.06502232135212,96.21823916573659,1.153216844384474,0.6760219887028796,0.5090879223773922,0.5771374185100344,0.06804949613264222,0.29165569063897384,1.201681991620676,1.7047416493936316,0.21288680537854787,False,False,False,-0.5030596577729556,0.0,94.7185230024213,99.58031768046055,93.9674844338067,False,False,False,-4.861794678039246,0.0,0.13891210243245222,0.595368187503957,0
2025.01.06startup_b,421,450,432,1.0132085868133207,0.05,0.6422868023343379,0.07388404309902515,0.6631726815996641,0.7587614632420846,0.0,0.04121031964073666,0.04121031964073666,0.08741727353595412,98.80961942954713,97.17255553227056,1.6370638972765619,1.238928089663374,0.535892039213732,0.7295019260236008,0.1936098868098688,0.9499390265269257,-0.0,1.632600201233521,0.08150473767275479,False,True,True,-1.632600201233521,0.0,97.85798017832404,100.1170918977914,95.76949437049782,False,False,False,-2.259111719467356,0.0,0.37092178447898283,1.8199126329308652,1
2025.01.06startup_b,896,909,901,0.7179789768175144,0.05,0.6422868023343379,0.15409611766717976,0.674791161551779,0.4762908288065793,0.4764517895498764,0.8290863091969468,0.35263451964707043,0.748024973621794,99.23792216790076,98.44305132172796,0.7948708461727989,0.6015573494817641,0.38304842580173004,0.3992087888525121,0.016160363050782056,0.07929016331617993,0.7600473303889541,1.632600201233521,0.08150473767275479,False,False,False,-0.8725528708445669,0.0,99.18032786885246,100.1170918977914,95.76949437049782,False,False,False,-0.9367640289389385,0.0,0.07569217448317656,0.3713805721856859,0
2025.01.06startup_b,1460,1483,1470,1.010866189095537,0.05,0.6422868023343379,0.2514109799897383,0.7552634174652209,0.7300624283906864,1.5197446030213773,1.3026919502626013,0.21705265275877594,0.4604223234212023,98.23393957277426,96.84637866548536,1.3875609072889006,1.0501045115092393,0.5016135777325428,0.6401371873178093,0.13852360958526655,0.6796604502416175,1.3392246071829446,1.632600201233521,0.08150473767275479,False,False,False,-0.29337559405057645,0.0,98.06939733889904,100.1170918977914,95.76949437049782,False,False,False,-2.04769455889236,0.0,0.36857938676119917,1.80841975390266,0
2025.01.06startup_b,1575,1579,1577,0.6737520299346843,0.05,0.6422868023343379,0.26971096288695057,0.4430595138891381,0.3931098407941837,1.3381423894883757,1.2124973959363043,0.12564499355207137,0.26652408584832504,96.84812872670123,96.02942381652014,0.818704910181097,0.6195949419299511,0.47282170981293764,0.4130616103891351,0.05976009942380256,0.29321049460427484,1.5732230293875171,1.632600201233521,0.08150473767275479,False,False,False,-0.059377171846003884,0.0,97.03049759229536,100.1170918977914,95.76949437049782,False,False,False,-3.0865943054960354,0.0,0.031465227600346424,0.15438285806899024,0
2025.01.06startup_b,1761,1764,1763,0.6855199957095328,0.05,0.6422868023343379,0.30152214811014194,0.20344235472083283,0.2563789757119492,1.02692610781127,0.8984903028587741,0.12843580495249585,0.272444086607965,95.93953745285232,96.11718124978022,0.1776437969278959,0.1344406228337007,0.4770604795013759,0.5508921770165496,0.07383169751517366,0.36225221769418187,1.1267251857192595,1.632600201233521,0.08150473767275479,False,False,False,-0.5058750155142615,0.0,95.55858078788394,100.1170918977914,95.76949437049782,False,True,True,-4.558511109907457,0.0,0.043233193375194934,0.21212190299359043,1
2025.01.06startup_b,1866,1886,1878,0.9001863127071877,0.05,0.6422868023343379,0.3211903540277065,0.9416447643195793,0.9850714477778743,1.0094402299331429,1.4507499249140385,0.4413096949808957,0.9361269375372364,96.14070928528855,97.39224736540842,1.2515380801198717,0.9471625911019222,0.6289211173452739,0.4104489457150011,0.21847217163027277,1.071924814694464,1.4238430936939133,1.632600201233521,0.08150473767275479,False,False,False,-0.20875710753960774,0.0,96.38109305760707,100.1170918977914,95.76949437049782,False,False,False,-3.7359988401843225,0.0,0.25789951037284986,1.2653734468939737,0
2025.01.06startup_b,2006,2026,2017,0.8728039962760308,0.05,0.6422868023343379,0.34496322900632803,0.8929013557068519,0.611731686322703,1.3372227027165922,0.8372481861701748,0.49997451654641734,1.0605695237253272,98.0700240635638,99.02831460405355,0.9582905404897417,0.7252331876883765,0.5041122183240618,0.5141790189841472,0.010066800660085362,0.04939234755440526,1.2363772403452271,1.632600201233521,0.08150473767275479,False,False,False,-0.3962229608882939,0.0,98.16012939749292,100.1170918977914,95.76949437049782,False,False,False,-1.9569625002984736,0.0,0.2305171939416929,1.1310232262349964,0
2025.01.06startup_b,2115,2129,2128,0.7802538929984659,0.05,0.6422868023343379,0.36394732341371644,0.9131097776024178,0.7685343927440681,0.020392225085019564,0.5626753263641201,0.5422831012791005,1.1503164889694422,99.28421053709894,98.39110260208301,0.8931079350159337,0.6759030662353935,0.4314218634481898,0.33371726725724377,0.09770459619094601,0.47938362302736853,0.3491843735073079,1.632600201233521,0.08150473767275479,False,False,False,-1.283415827726213,0.0,99.21490409098624,100.1170918977914,95.76949437049782,False,False,False,-0.9021878068051592,0.0,0.13796709066412804,0.6769299128145218,0
2025.01.06startup_b,2649,2660,2656,0.7427368787503249,0.05,0.6422868023343379,0.4542500427569694,0.433295740426767,0.3111728757501833,0.9708679150661197,1.057916105318631,0.08704819025251131,0.1846507264309472,96.43495309578688,95.5338672309486,0.9010858648382793,0.6819407544225868,0.4467888176411633,0.4331481976891558,0.013640619952007493,0.06692714639701586,1.006634797484697,1.632600201233521,0.08150473767275479,False,False,False,-0.625965403748824,0.0,96.62027833001989,100.1170918977914,95.76949437049782,False,False,False,-3.496813567771511,0.0,0.10045007641598702,0.49285420996534635,0
2025.01.06startup_b,2908,2925,2920,0.7526425065340594,0.05,0.6422868023343379,0.4994014024285959,0.721929690172302,0.6977392155168501,1.4440927738350766,1.1765355242650142,0.26755724957006244,0.5675550560174105,94.93981063606064,96.09771978700512,1.1579091509444766,0.8763043243271936,0.637928156935392,0.5055805252365038,0.1323476316988882,0.6493582662059465,1.0924850533852573,1.632600201233521,0.08150473767275479,False,False,False,-0.5401151478482638,0.0,94.9483727617305,100.1170918977914,95.76949437049782,False,True,True,-5.168719136060901,0.0,0.11035570419972152,0.5414557693643222,1
2025.01.06startup_b,3095,3137,3125,0.9637642937452456,0.05,0.6422868023343379,0.5344621173251239,0.5982447097876559,0.5888334756751269,1.453559205481401,1.4510761917161619,0.0024830137652391837,0.0052670858998843965,96.74423236999698,95.17020471467161,1.5740276553253665,1.1912223336754273,0.8023612605324942,0.6861856286750753,0.11617563185741897,0.5700110074500687,1.3852702053381705,1.632600201233521,0.08150473767275479,False,False,False,-0.24732999589535054,0.0,95.74547258744728,100.1170918977914,95.76949437049782,False,True,True,-4.371619310344116,0.0,0.32147749141090776,1.5773162221880377,1
2025.01.06startup_b,3331,3360,3346,1.3792447491393895,0.05,0.6422868023343379,0.5722592782623568,1.0068834601555192,0.6805299944811724,1.3958941779701068,1.1253493632118257,0.2705448147582812,0.5738924201907971,97.08033113639716,95.17774568335732,1.9025854530398476,1.4398745001202413,0.6642480313511258,0.669918732262823,0.005670700911697191,0.027823063132478416,1.3958301562928708,1.632600201233521,0.08150473767275479,False,False,False,-0.23677004494065024,0.0,97.02398578620075,100.1170918977914,95.76949437049782,False,False,False,-3.093106111590643,0.0,0.7369579468050517,3.6158541596936082,0
2025.01.06startup_b,3414,3439,3428,0.919070520071838,0.05,0.6422868023343379,0.5862835642209681,0.9549759580373602,0.8190058391042058,0.5632841607973897,0.9372924223798015,0.37400826158241174,0.7933639630190435,95.56218354994034,97.03759268896313,1.475409139022787,1.1165879530556768,0.6823625448570889,0.5708634842063369,0.11149906065075199,0.5470656012378967,0.7473944462440387,1.632600201233521,0.08150473767275479,False,False,False,-0.8852057549894823,0.0,96.04885461811224,100.1170918977914,95.76949437049782,False,False,False,-4.068237279679153,0.0,0.2767837177375001,1.3580280414308994,0
2025.01.06startup_b,3635,3660,3650,1.106424913710358,0.05,0.6422868023343379,0.6242517530357449,0.807296326498045,0.6634759226860565,0.812285202759364,0.6001141755123361,0.21217102724702785,0.4500671891640358,98.03789553913239,99.57664715046819,1.5387516113357975,1.1645254638320541,0.6134511372234338,0.5368510691618226,0.07660006806161124,0.37583511506207956,0.9904799742690308,1.632600201233521,0.08150473767275479,False,False,False,-0.6421202269644902,0.0,98.33910034602076,100.1170918977914,95.76949437049782,False,False,False,-1.77799155177064,0.0,0.46413811137602,2.277274745414026,0
2025.01.06startup_b,3860,3876,3869,0.7119983242749388,0.05,0.6422868023343379,0.6617068582178895,0.7986158830243284,0.5422422359791049,0.9443861204845351,1.4075484228996757,0.46316230241514067,0.9824817190144681,98.64041547809754,97.82811239429049,0.812303083807052,0.6147500470341887,0.4337537466605178,0.43976519813378234,0.00601145147326454,0.029494941888658192,1.2014461200230289,1.632600201233521,0.08150473767275479,False,False,False,-0.43115408121049215,0.0,98.48387285605573,100.1170918977914,95.76949437049782,False,False,False,-1.6332190417356713,0.0,0.06971152194060093,0.34203674399642997,0
2025.01.06startup_b,5308,5310,5308,0.651603134863401,0.05,0.6422868023343379,0.9078159740037626,0.241794640208194,0.2832250398197748,0.7358204656342987,0.7706462776447177,0.03482581201041901,0.07387415485166798,98.57148928590557,98.03011013256635,0.5413791533392214,0.40971512556472,0.3769314222195808,0.45154446145741,0.07461303923782919,0.36608583904293646,0.208180945557171,1.632600201233521,0.08150473767275479,False,False,False,-1.42441925567635,0.0,99.03648509763616,100.1170918977914,95.76949437049782,False,False,False,-1.0806068001552376,0.0,0.009316332529063165,0.045710206225936856,0
2025.01.06startup_b,5677,5696,5692,1.4051806586062487,0.05,0.6422868023343379,0.9734906789806739,,,1.0044229054203473,1.0196008128723342,0.015177907451986883,0.032196093090289264,98.05568545267809,96.74232626239281,1.3133591902852828,0.9939487367407828,0.7291188437371693,1.3956727148529144,0.6665538711157452,3.270419428927479,1.0239228180015465,1.632600201233521,0.08150473767275479,False,False,False,-0.6086773832319745,0.0,97.80420134760206,100.1170918977914,95.76949437049782,False,False,False,-2.312890550189337,0.0,0.7628938562719109,3.7431076434748034,0
2025.01.13startup_a,150,161,153,0.7701693049486427,0.05,0.5781001759318839,0.028233991511348956,,,0.49731996930799954,0.5712629326919311,0.07394296338393153,0.17886135544160048,97.90687320313998,98.9998626035434,1.0929894004034253,1.1636413104251278,0.7601141132408528,0.44080766217223405,0.3193064510686187,1.6902051709882882,0.5140912790181235,1.454845047844951,0.09460297576988452,False,False,False,-0.9407537688268276,0.0,97.97551020408164,99.91264345261848,96.82211540829479,False,False,False,-1.9371332485368384,0.0,0.19206912901675877,1.016691751653894,0
2025.01.13startup_a,729,748,744,0.7600534642176485,0.05,0.5781001759318839,0.13729470381989298,0.6587029317298989,0.8232098851878349,1.2368393490674394,1.0327263321064402,0.20411301696099926,0.4937309678455789,99.56681269679335,98.79314823316595,0.7736644636273979,0.8236748956142188,0.5334755686900944,0.3158022967059975,0.21767327198409686,1.1522237921037068,1.3548527368476762,1.454845047844951,0.09460297576988452,False,False,False,-0.0999923109972749,0.0,99.75540553761864,99.91264345261848,96.82211540829479,False,False,False,-0.15723791499983975,0.0,0.18195328828576462,0.9631449277322378,0
2025.01.13startup_a,1033,1050,1045,0.7669705900277864,0.05,0.5781001759318839,0.1928400073814357,0.7029184548268999,0.5607191808243307,1.1929281414868662,1.28752906846111,0.09460092697424383,0.22883110508825077,98.3173554088608,99.42289786174386,1.105542452883057,1.177005804565549,0.46009722031463807,0.4078958887029609,0.05220133161167717,0.27632063281919217,0.9432261548473416,1.454845047844951,0.09460297576988452,False,False,False,-0.5116188929976094,0.0,98.44499006196656,99.91264345261848,96.82211540829479,False,False,False,-1.4676533906519182,0.0,0.18887041409590255,0.999759790268038,0
2025.01.13startup_a,1079,1116,1107,0.7083589061519916,0.05,0.5781001759318839,0.2042812326997601,1.0967580849456682,1.1612641948870008,1.2163732152643194,0.7816597125126674,0.434713502751652,1.0515327324279637,99.10326842387781,98.03062191210373,1.0726465117740815,1.1419834374633728,0.632292428165499,0.38853883542459866,0.24375359274090036,1.2902764147696657,0.9669852958320848,1.454845047844951,0.09460297576988452,False,False,False,-0.48785975201286624,0.0,98.77956172705576,99.91264345261848,96.82211540829479,False,False,False,-1.1330817255627181,0.0,0.1302587302201077,0.6895068315957117,0
2025.01.13startup_a,1462,1479,1474,0.7162461245220546,0.05,0.5781001759318839,0.2720059051485514,1.1587929928931286,0.8327838183361367,0.05229510607252698,0.5630661612859418,0.5107710552134148,1.2355090880177069,97.80251499375217,98.818892264898,1.0163772711458279,1.0820768977685504,0.42166133834282676,0.3875118862858734,0.034149452056953356,0.18076546922215267,-0.0,1.454845047844951,0.09460297576988452,False,True,True,-1.454845047844951,0.0,97.9172001707213,99.91264345261848,96.82211540829479,False,False,False,-1.995443281897181,0.0,0.1381459485901707,0.7312567468547977,1
2025.01.13startup_a,1718,1731,1728,0.6663005858312148,0.05,0.5781001759318839,0.3188780217752353,0.9017564374102216,0.7514182016012022,0.7161039653052811,0.38747818376274096,0.32862578154254013,0.7949161087115303,99.73518826018974,98.78782968434521,0.9473585758445324,1.0085967661089128,0.4065046484182242,0.32135241683127513,0.08515223158694907,0.4507417299831636,0.208180945557171,1.454845047844951,0.09460297576988452,False,False,False,-1.24666410228778,0.0,99.70400108873164,99.91264345261848,96.82211540829479,False,False,False,-0.2086423638868382,0.0,0.08820040989933087,0.4668768463531579,0
2025.01.13startup_a,2463,2464,2464,0.5807283792466651,0.05,0.5781001759318839,0.4546964384572799,1.0741820629015746,0.7267652647233471,0.44161653154576713,0.9559551670473805,0.5143386355016133,1.2441387427785082,97.950671588997,97.10134735964269,0.8493242293543091,0.904225383024641,0.40864693318637896,0.4026145367188124,0.0060323964675665365,0.03193166836689226,0.8301899714180443,1.454845047844951,0.09460297576988452,False,False,False,-0.6246550764269068,0.0,97.8200730330862,99.91264345261848,96.82211540829479,False,False,False,-2.0925704195322794,0.0,0.0026282033147811967,0.013912035971039972,0
2025.01.13startup_a,2794,2810,2806,0.711948118912059,0.05,0.5781001759318839,0.5178077136002952,0.5445539255426797,0.41286023323572785,0.020392225085019564,0.020392225085019564,0.0,0.0,98.62557255022979,99.64855388173439,1.022981331504596,1.0891078510853593,0.49481355024367196,0.5230513320489687,0.028237781805296736,0.14947284862182414,-0.0,1.454845047844951,0.09460297576988452,False,True,True,-1.454845047844951,0.0,98.86205634833516,99.91264345261848,96.82211540829479,False,False,False,-1.0505871042833235,0.0,0.1338479429801751,0.7085058400609036,1
2025.01.13startup_a,3093,3110,3105,0.7328104779129537,0.05,0.5781001759318839,0.5729839453773758,1.534236347683969,1.0472568068787016,0.03203170420192983,0.8528339511153125,0.8208022469133827,1.985446561969167,99.14136641214972,98.12409753937973,1.0172688727699892,1.083026133398771,0.42398181084298797,0.41013471291161907,0.013847097931368901,0.07329772526816676,0.4090731390438265,1.454845047844951,0.09460297576988452,False,False,False,-1.0457719088011246,0.0,98.84390685427466,99.91264345261848,96.82211540829479,False,False,False,-1.0687365983438184,0.0,0.15471030198106983,0.8189378934826762,0
2025.01.13startup_a,3389,3420,3405,1.0795696861091746,0.05,0.5781001759318839,0.6283447130466876,1.112489586382732,0.8857122312307276,0.21746669080988007,0.5960574613179959,0.3785907705081158,0.9157769079278831,97.60231128265845,98.83202372551496,1.2297124428565098,1.309202264837581,0.5609387711726214,0.6425801521589531,0.08164138098633178,0.4321575209267187,0.208180945557171,1.454845047844951,0.09460297576988452,False,False,False,-1.24666410228778,0.0,97.67813267813268,99.91264345261848,96.82211540829479,False,False,False,-2.2345107744857984,0.0,0.5014695101772907,2.654460491975701,0
2025.01.13startup_a,4366,4390,4379,0.8142852431228215,0.05,0.5781001759318839,0.8080826720797195,1.1360576759363676,0.7595147503693095,1.8209580924391378,1.137321057392719,0.6836370350464187,1.653656292940122,98.13521981654289,98.71612837482522,0.5809085582823315,0.6184590589326134,0.5563163477199986,0.555101827119599,0.0012145206003996156,0.00642889923519299,1.662459995234416,1.454845047844951,0.09460297576988452,True,False,True,0.20761494738946484,0.5022018215202594,97.78429233706026,99.91264345261848,96.82211540829479,False,False,False,-2.1283511155582175,0.0,0.23618506719093757,1.2502134565096867,1
2025.01.13startup_a,4467,4490,4480,0.8969407929162506,0.05,0.5781001759318839,0.8267207971950544,0.6702956173050753,0.4831339348771462,0.8434880247812178,0.8314088391577948,0.012079185623422917,0.029218459936724863,97.84408611475742,96.6123349472331,1.2317511675243225,1.3113727746734256,0.4651817639930801,0.444625728815448,0.020556035177632104,0.10881057002128809,0.560576942614533,1.454845047844951,0.09460297576988452,False,False,False,-0.8942681052304181,0.0,97.79566800843396,99.91264345261848,96.82211540829479,False,False,False,-2.1169754441845186,0.0,0.3188406169843667,1.6877393417656392,0
2025.01.13startup_a,4662,4672,4669,0.6491647913527571,0.05,0.5781001759318839,0.8615980808267208,0.8444410757298866,0.7682563472966887,0.4185466130009988,0.7102576416021832,0.29171102860118436,0.7056226527189685,96.2214229211012,97.14498261285625,0.9235596917550595,0.9832594987408045,0.48802348371085785,0.3716727230940293,0.11635076061682853,0.6158868904302929,-0.0,1.454845047844951,0.09460297576988452,False,True,True,-1.454845047844951,0.0,96.35413708898858,99.91264345261848,96.82211540829479,False,True,True,-3.5585063636299026,0.0,0.07106461542087317,0.37617085422693675,1
2025.01.13startup_a,4767,4792,4783,0.9974987606560234,0.05,0.5781001759318839,0.8826351725410593,0.7814079398966707,0.7294396510712714,0.9846756316177309,0.9509896978768196,0.03368593374091122,0.08148323373153632,97.61160597093004,99.00299768770022,1.3913917167701726,1.481332646061805,0.5958919644811794,0.4777245550242427,0.11816740945693671,0.6255030734204727,0.9842399889605548,1.454845047844951,0.09460297576988452,False,False,False,-0.4706050588843963,0.0,97.7768005472491,99.91264345261848,96.82211540829479,False,False,False,-2.135842905369387,0.0,0.4193985847241395,2.220029235969225,0
2025.01.13startup_a,4861,4897,4885,1.1523768535602543,0.05,0.5781001759318839,0.9014578335486252,2.0297646834765604,1.9391048004785896,0.020392225085019564,0.9106440432534093,0.8902518181683897,2.153438807357157,98.33402252504908,96.54366259266898,1.790359932380099,1.9060905595959634,0.8455575828061238,0.5134842282003041,0.33207335460581966,1.757785034482648,0.3491843735073079,1.454845047844951,0.09460297576988452,False,False,False,-1.1056606743376431,0.0,97.94965675057207,99.91264345261848,96.82211540829479,False,False,False,-1.9629867020464076,0.0,0.5742766776283704,3.0398553078304547,0
2025.01.13startup_a,5156,5194,5175,0.9958475150723622,0.05,0.5781001759318839,0.9549732422956265,1.0700896585010045,0.8672208732063891,0.6050264450910897,0.7803525263460611,0.1753260812549714,0.4240979682502551,97.04807669796841,98.65996406189366,1.6118873639252485,1.7160813487517539,0.6236894886586704,0.7108709729632946,0.08718148430462425,0.4614833026171582,0.7153220528038851,1.454845047844951,0.09460297576988452,False,False,False,-0.739522995041066,0.0,98.01266268026733,99.91264345261848,96.82211540829479,False,False,False,-1.8999807723511566,0.0,0.41774733914047835,2.2112885925693333,0
2025.01.13startup_b,198,219,211,0.7576567531197496,0.05,0.5430113351623125,0.03731211317418214,0.8282715557691789,0.7416541141629143,1.05476868684523,1.4274526021999572,0.3726839153547272,0.7720209679459753,96.03512418556916,96.98631462400569,0.9511904384365266,0.8845221435923825,0.5482048386596546,0.45329084603842706,0.09491399262122757,0.5684192309503848,1.114696123966521,1.6431352503893712,0.054793479667228695,False,False,False,-0.5284391264228503,0.0,96.25018417562988,100.26832752454781,96.73005589723634,False,True,True,-4.018143348917931,0.0,0.21464541795743708,1.285464661562483,1
2025.01.13startup_b,291,319,306,0.8573097212389655,0.05,0.5430113351623125,0.05411140583554377,0.7713436996125653,0.5868692448728952,1.1584442123244763,1.0334531683536805,0.12499104397079575,0.2589210394526025,96.42326651980103,97.80379305093197,1.3805265311309398,1.2837663597725282,0.560541283885766,0.5241531956942799,0.03638808819148609,0.21792033539355485,1.3058755112911309,1.6431352503893712,0.054793479667228695,False,False,False,-0.33725973909824036,0.0,96.60563836681789,100.26832752454781,96.73005589723634,False,True,True,-3.662689157729929,0.0,0.31429838607665306,1.8822645846918293,1
2025.01.13startup_b,358,379,370,0.7038024505935302,0.05,0.5430113351623125,0.06542882404951371,1.158812817962565,0.7740175140581392,0.862904206904978,1.5004381233911477,0.6375339164861696,1.3206621778553722,97.94264730430619,99.01475399564933,1.0721066913431372,0.9969634580697575,0.42303484362345883,0.4237740433623158,0.0007391997388569438,0.0044269062492880195,1.4984501655439488,1.6431352503893712,0.054793479667228695,False,False,False,-0.14468508484542242,0.0,98.04556126657783,100.26832752454781,96.73005589723634,False,False,False,-2.2227662579699796,0.0,0.1607911154312177,0.9629429724003243,0
2025.01.13startup_b,590,603,598,0.6382537654516482,0.05,0.5430113351623125,0.10574712643678161,0.7316681697324081,0.5840806917842786,1.418553136646533,1.1357100727295046,0.2828430639170283,0.5859141406040823,98.8350739424825,97.8915185865491,0.9435553559333982,0.8774221988607339,0.35721537725941427,0.4054565263817938,0.048241149122379534,0.28890573588801954,0.9168964532491246,1.6431352503893712,0.054793479667228695,False,False,False,-0.7262387971402466,0.0,98.68717676700705,100.26832752454781,96.73005589723634,False,False,False,-1.5811507575407688,0.0,0.09524243028933577,0.5703861726158379,0
2025.01.13startup_b,1010,1041,1027,0.9187292995833696,0.05,0.5430113351623125,0.18160919540229886,0.6692295142138155,0.48664967889988614,1.2492546673896905,1.1668240295210406,0.0824306378686499,0.17075644591526656,98.37676021371976,97.1210454309192,1.2557147828005668,1.1677025825123644,0.478110561909949,0.45782429937550884,0.020286262534440158,0.12149000827202734,1.1488768383324044,1.6431352503893712,0.054793479667228695,False,False,False,-0.49425841205696686,0.0,97.35417179424071,100.26832752454781,96.73005589723634,False,False,False,-2.914155730307101,0.0,0.3757179644210571,2.250093063124365,0
2025.01.13startup_b,1180,1200,1194,0.6463619491534895,0.05,0.5430113351623125,0.21114058355437665,0.6083537984271817,0.5589178359932271,1.0548873426116683,1.1587176674192068,0.10383032480753851,0.2150862555572433,97.68546154705474,98.76257719608347,1.0771156490287268,1.0016213412971202,0.5021432460766951,0.42532530636524707,0.07681793971144807,0.4600459111253179,1.01044884930661,1.6431352503893712,0.054793479667228695,False,False,False,-0.6326864010827613,0.0,97.80379553106826,100.26832752454781,96.73005589723634,False,False,False,-2.4645319934795538,0.0,0.10335061399117706,0.6189443189641594,0
2025.01.13startup_b,1858,1874,1867,0.6130916454075314,0.05,0.5430113351623125,0.33015030946065427,1.0034318126095143,0.7315842521100326,0.9812192699844751,1.484212818604272,0.502993548619797,1.0419595541342996,97.33074548176282,98.36837640267646,1.0376309209136423,0.9649040710847289,0.48300647962284576,0.4516329675513629,0.03137351207148287,0.18788913111106947,1.175193620727556,1.6431352503893712,0.054793479667228695,False,False,False,-0.4679416296618153,0.0,97.47198332030231,100.26832752454781,96.73005589723634,False,False,False,-2.7963442042455,0.0,0.07008031024521888,0.4196957156077172,0
2025.01.13startup_b,2342,2364,2354,0.7707772510626976,0.05,0.5430113351623125,0.41626878868258177,1.616835939535871,1.1457627139691053,1.1341466484747178,0.0456674755033907,1.088479172971327,2.254802823745475,98.1959576107947,99.24860608619207,1.0526484753973762,0.9788690553262669,0.43070700231067366,0.4647066128376167,0.03399961052694306,0.20361626283557377,0.4637773498877516,1.6431352503893712,0.054793479667228695,False,False,False,-1.1793579005016197,0.0,97.8126242827112,100.26832752454781,96.73005589723634,False,False,False,-2.4557032418366163,0.0,0.22776591590038509,1.3640404662931822,0
2025.01.13startup_b,2873,2889,2883,0.7154273865080779,0.05,0.5430113351623125,0.5098143236074271,0.5960467983189317,0.4477386505480578,0.7771529943226337,0.6252680492721431,0.15188494505049066,0.31463220563917405,99.61218457430888,98.66858707224364,0.943597502065245,0.8774613909986895,0.35572073744659366,0.3304864995690518,0.025234237877541865,0.15112235500630977,0.7771529943226336,1.6431352503893712,0.054793479667228695,False,False,False,-0.8659822560667376,0.0,99.56599240486707,100.26832752454781,96.73005589723634,False,False,False,-0.7023351196807397,0.0,0.17241605134576543,1.0325621818541355,0
2025.01.13startup_b,3174,3188,3184,0.6625303152859608,0.05,0.5430113351623125,0.5630415561450044,1.124765698742645,0.8925187025967546,0.32918172705375714,0.9677684217784924,0.6385866947247353,1.3228430255960006,98.51059080718936,99.50712563125998,0.996534824070622,0.9266883718892894,0.3686453886875072,0.29717431244037823,0.07147107624712895,0.42802471030497385,0.8301899714180443,1.6431352503893712,0.054793479667228695,False,False,False,-0.812945278971327,0.0,98.65079365079364,100.26832752454781,96.73005589723634,False,False,False,-1.6175338737541693,0.0,0.11951898012364837,0.715773142501482,0
2025.01.13startup_b,3540,3552,3545,0.6071267626534547,0.05,0.5430113351623125,0.6268788682581786,0.6473726473853196,0.4771287320523068,0.6273080388361592,0.8995296997689317,0.27222166093277256,0.5639117265609527,99.01944100085484,98.23352296906178,0.7859180317930594,0.7308335682096867,0.3631972915644321,0.38601343289070505,0.022816141326272965,0.13664090138628113,0.9432261548473416,1.6431352503893712,0.054793479667228695,False,False,False,-0.6999090955420296,0.0,98.92330130404942,100.26832752454781,96.73005589723634,False,False,False,-1.3450262204983972,0.0,0.06411542749114219,0.38397333185643884,0
2025.01.13startup_b,3911,3933,3928,0.8095613084865926,0.05,0.5430113351623125,0.694606542882405,0.6791997906167935,0.8464233759001066,0.20470956788149622,0.34738188896696515,0.14267232108546893,0.2955481009119048,99.14472306705069,98.0017622346015,1.1429608324491909,1.0628514803216822,0.5724072436326227,0.3752268313046106,0.19718041232801214,1.1808705464667328,0.1206810140135238,1.6431352503893712,0.054793479667228695,False,False,False,-1.5224542363758475,0.0,98.87119926921572,100.26832752454781,96.73005589723634,False,False,False,-1.3971282553320918,0.0,0.2665499733242801,1.5963097396131147,0
2025.01.13startup_b,4213,4224,4215,0.5933795604698554,0.05,0.5430113351623125,0.7453580901856764,0.7720660510894342,0.8423424098172102,0.5866505088129823,0.10889163536160368,0.47775887345137863,0.9896855021919678,97.6305993355758,98.22683574226345,0.5962364066876518,0.5544465999869004,0.31231197637658253,0.47643467979291093,0.1641227034163284,0.9828951272727622,0.1206810140135238,1.6431352503893712,0.054793479667228695,False,False,False,-1.5224542363758475,0.0,97.8263836756978,100.26832752454781,96.73005589723634,False,False,False,-2.4419438488500163,0.0,0.050368225307542924,0.30164433191535645,0
2025.01.13startup_b,4287,4311,4296,0.8605124211580609,0.05,0.5430113351623125,0.7596816976127321,0.49583159448557196,0.48046818339258635,0.9546248321799186,0.967540668425213,0.012915836245294465,0.026755370943318244,97.63828143072936,96.60064648045764,1.0376349502717233,0.9649078180278257,0.44989401153879327,0.5249913092985017,0.07509729775970841,0.4497413612066152,0.9904799742690308,1.6431352503893712,0.054793479667228695,False,False,False,-0.6526552761203405,0.0,97.3868092691622,100.26832752454781,96.73005589723634,False,False,False,-2.8815182553856147,0.0,0.31750108599574844,1.9014448570068085,0
2025.01.13startup_b,4471,4501,4488,0.8774122774014953,0.05,0.5430113351623125,0.793633952254642,0.5771693208085199,0.4615376204340611,0.8577422660791948,0.7982938032312942,0.05944846284790062,0.12314848572697984,96.5935913904158,95.48467826303059,1.1089131273852075,1.03119015589006,0.5967012518438146,0.558250326192493,0.03845092565132158,0.2302742196851434,0.9929563290994996,1.6431352503893712,0.054793479667228695,False,False,False,-0.6501789212898716,0.0,96.8402385942286,100.26832752454781,96.73005589723634,False,False,False,-3.4280889303192197,0.0,0.3344009422391828,2.0026544155110053,0
2025.01.13startup_b,4588,4615,4605,0.9007644681839612,0.05,0.5430113351623125,0.8143236074270557,1.2520234025804395,1.1589713894323594,1.5685883690921814,0.9955182055099837,0.5730701635821976,1.1871244348406647,95.76893975118621,97.18512133113433,1.416181579948116,1.3169223703202144,0.6036313075181762,0.4411830286804705,0.16244827883770568,0.9728673631361993,1.046078320219219,1.6431352503893712,0.054793479667228695,False,False,False,-0.5970569301701523,0.0,96.25086662044691,100.26832752454781,96.73005589723634,False,True,True,-4.017460904100901,0.0,0.3577531330216487,2.1425056003468144,1
2025.01.13startup_b,4777,4795,4790,0.6974360272142236,0.05,0.5430113351623125,0.8470380194518126,1.1008788356375996,0.9836020094736767,0.16121850916310057,0.776161042720014,0.6149425335569134,1.273863750024963,98.78254212808018,99.78037336630335,0.9978312382231707,0.9278939212502362,0.44481483129272853,0.3197395939116631,0.1250752373810654,0.7490483571458308,0.7153220528038851,1.6431352503893712,0.054793479667228695,False,False,False,-0.9278131975854862,0.0,99.03682556161144,100.26832752454781,96.73005589723634,False,False,False,-1.2315019629363775,0.0,0.15442469205191112,0.9248158492941295,0
2025.01.13startup_b,5223,5241,5235,0.7147834935088901,0.05,0.5430113351623125,0.9257294429708223,0.7356223142652591,0.63955458261464,0.3187482367996079,0.01096206531902316,0.30778617148058474,0.6375842053732276,99.71065613594834,98.81416097282036,0.8964951631279803,0.8336604231572907,0.4310582734371291,0.35634874097091473,0.07470953246621437,0.44741911931340206,0.2829047929798921,1.6431352503893712,0.054793479667228695,False,False,False,-1.3602304574094792,0.0,99.77450024378352,100.26832752454781,96.73005589723634,False,False,False,-0.49382728076429316,0.0,0.17177215834657766,1.0287060469123335,0
2025.01.13startup_b,5490,5504,5503,0.7365662302205964,0.05,0.5430113351623125,0.9731211317418214,,,1.3584887284259344,1.2206340886225493,0.13785463980338508,0.28556819350669943,96.4485758312576,95.56532419678068,0.8832516344769203,0.8213451244770209,0.4856501596131678,0.7211316584919383,0.23548149887877046,1.4102474124113338,1.2667356005770385,1.6431352503893712,0.054793479667228695,False,False,False,-0.37639964981233276,0.0,96.41168469460456,100.26832752454781,96.73005589723634,False,True,True,-3.8566428299432545,0.0,0.19355489505828394,1.159158113122154,1
2025.02.10startup_b,308,341,324,1.3916579248753098,0.05,0.632756296222857,0.05984484669375693,0.8104031764269467,0.627846405583491,1.4959631396273778,1.4053721559416459,0.09059098368573193,0.19618608950696387,94.84483129409715,96.78978130301749,1.944950008920344,1.4246202633469296,0.7525600147814383,0.8063005029006768,0.05374048811923848,0.26273286389657957,1.4984244813325356,1.6574202280515506,0.13808813697339628,False,False,False,-0.15899574671901506,0.0,95.2794051374493,100.18091183345805,95.6888546927513,False,True,True,-4.901506696008752,0.0,0.7589016286524528,3.710208174314268,1
2025.02.10startup_b,508,533,523,0.9700404443706938,0.05,0.632756296222857,0.09660140376800887,0.6777917567478335,0.6146112246557013,1.5554019385385647,1.3640354771242884,0.19136646141427627,0.4144279728531664,96.31444828847954,95.02954414646798,1.2849041420115555,0.9411555406425006,0.6250091657662065,0.5251404186331489,0.0998687471330576,0.488250160471437,1.5184387137728148,1.6574202280515506,0.13808813697339628,False,False,False,-0.13898151427873584,0.0,96.0812209001552,100.18091183345805,95.6888546927513,False,False,False,-4.099690933302853,0.0,0.3372841481478368,1.6489546948881544,0
2025.02.10startup_b,812,838,824,1.058079344639114,0.05,0.632756296222857,0.15219800517177687,0.7563481533268602,0.5137136630861585,1.5553656592045229,1.3992366237357134,0.1561290354688094,0.33811692599982285,97.32901622659831,98.93260016798727,1.6035839413889619,1.1745793806538976,0.6056567077822745,0.6114749031344101,0.005818195352135569,0.02844468260475501,1.554697508762069,1.6574202280515506,0.13808813697339628,False,False,False,-0.10272271928948173,0.0,97.60756560405837,100.18091183345805,95.6888546927513,False,False,False,-2.5733462293996894,0.0,0.4253230484162569,2.0793696987583337,0
2025.02.10startup_b,1465,1474,1472,0.7202071367531611,0.05,0.632756296222857,0.27188769855929074,0.5192810893808459,0.4346178799887186,1.1336533874377308,0.987878176686776,0.1457752107509548,0.3156944254352731,98.13417516858281,97.1472864660612,0.9868887025216111,0.7228677533264188,0.42224061169022425,0.3679767772861434,0.054263834404080835,0.26529146120446373,0.976414308115487,1.6574202280515506,0.13808813697339628,False,False,False,-0.6810059199360636,0.0,98.03142576555663,100.18091183345805,95.6888546927513,False,False,False,-2.149486067901421,0.0,0.08745084053030405,0.4275400277666,0
2025.02.10startup_b,2150,2188,2166,1.255638462565849,0.05,0.632756296222857,0.40007388252678244,0.6978950151018644,0.6129456196880234,0.8888676165840077,0.9058614056577208,0.016993789073713073,0.03680217267364802,95.64184285248376,97.49718880931864,1.8553459568348813,1.3589878575300807,0.7657524685245296,0.8563751355541392,0.09062266702960964,0.44304682886034163,0.999806132804711,1.6574202280515506,0.13808813697339628,False,False,False,-0.6576140952468397,0.0,96.1406051820982,100.18091183345805,95.6888546927513,False,False,False,-4.040306651359856,0.0,0.622882166342992,3.0452201154238216,0
2025.02.10startup_b,2811,2854,2830,1.1981169180238085,0.05,0.632756296222857,0.5227188769855929,1.2583615255229277,1.000179773513248,1.5029021284612811,1.0748298008695658,0.4280723275917153,0.9270440893732094,97.89238689988055,95.72209198674919,2.1702949131313574,1.589678961672646,0.7983688812402895,0.8973307016118182,0.09896182037152867,0.48381626949388845,1.3038818925522595,1.6574202280515506,0.13808813697339628,False,False,False,-0.35353833549929115,0.0,97.10802536628034,100.18091183345805,95.6888546927513,False,False,False,-3.0728864671777103,0.0,0.5653606218009515,2.764001975020018,0
2025.02.10startup_b,2933,2952,2950,0.724974656128563,0.05,0.632756296222857,0.5448836350203177,0.8962663476599738,1.05179397418664,1.0533712933796688,1.51489846112444,0.4615271677447712,0.9994947240575341,96.42188401119031,97.5045719730036,1.082687961813292,0.7930379712624135,0.635104020754648,0.35634109167687245,0.27876292907777556,1.362849227239972,1.4267547652077353,1.6574202280515506,0.13808813697339628,False,False,False,-0.2306654628438154,0.0,96.7829496330552,100.18091183345805,95.6888546927513,False,False,False,-3.3979622004028585,0.0,0.09221835990570604,0.4508480412033701,0
2025.02.10startup_b,3061,3062,3062,0.6643661803146982,0.05,0.632756296222857,0.5655707425193942,0.9483214062915499,0.7361724000758308,0.5843769689460707,1.0861874098242066,0.5018104408781359,1.0867331831959404,96.65399456828472,95.54827272687243,1.10572184141229,0.8099096293871596,0.4901809523408135,0.5539730549933986,0.06379210265258506,0.3118743876443927,0.5140912790181235,1.6574202280515506,0.13808813697339628,False,False,False,-1.1433289490334273,0.0,96.46786334684424,100.18091183345805,95.6888546927513,False,False,False,-3.7130484866138147,0.0,0.03160988409184118,0.15453814554980352,0
2025.02.10startup_b,3112,3148,3131,1.0821918594499615,0.05,0.632756296222857,0.5783154783893609,1.2651765156311767,1.113596819222346,1.475925367412986,0.8980749094418142,0.5778504579711717,1.2514073372075276,94.82767486760689,96.57374398023947,1.7460691126325827,1.278945694054826,0.8334814476082701,0.6677111582004281,0.165770289407842,0.8104374264046844,1.2861766890619075,1.6574202280515506,0.13808813697339628,False,False,False,-0.37124353898964313,0.0,95.53871007829004,100.18091183345805,95.6888546927513,False,True,True,-4.642201755168017,0.0,0.44943556322710454,2.1972538173012537,1
2025.02.10startup_b,4818,4837,4826,0.8304052305889091,0.05,0.632756296222857,0.8913926856298485,0.5315468881287495,0.4250475086963765,0.8545506731952851,0.9812601630688064,0.12670948987352126,0.2744052256673266,98.75155440316266,97.67480444882611,1.0767499543365489,0.7886885505901723,0.38220095570881296,0.42557430136499935,0.04337334565618639,0.2120487498316306,0.9127341558073344,1.6574202280515506,0.13808813697339628,False,False,False,-0.7446860722442162,0.0,98.47899129303804,100.18091183345805,95.6888546927513,False,False,False,-1.7019205404200193,0.0,0.19764893436605213,0.9662895219128093,0
2025.02.10startup_b,5128,5137,5132,0.691736450536263,0.05,0.632756296222857,0.9479128186183967,0.01848539749686774,0.14897169450708322,0.6078379385204765,0.6217309837172814,0.013893045196804898,0.03008712454166612,97.51936047928069,97.50996261007188,0.009397869208811471,0.006883670452069355,0.39119568632597623,0.4750474201381366,0.08385173381216038,0.4099442885275142,0.603652249754401,1.6574202280515506,0.13808813697339628,False,False,False,-1.0537679782971496,0.0,97.42489270386268,100.18091183345805,95.6888546927513,False,False,False,-2.756019129595373,0.0,0.058980154313405975,0.2883491646268831,0
2025.02.10startup_b,5206,5227,5216,0.8893179235365715,0.05,0.632756296222857,0.9634281492427041,0.8502643993389642,0.6026138806880293,1.4469035820669371,1.0887050578901571,0.35819852417678,0.7757236412090777,96.98929788867116,95.72671596031725,1.2625819283539101,0.924805157468851,0.5169605958523422,0.49501037424890515,0.02195022160343707,0.10731284338615926,1.30962049684272,1.6574202280515506,0.13808813697339628,False,False,False,-0.34779973120883056,0.0,96.98322510822511,100.18091183345805,95.6888546927513,False,False,False,-3.1976867252329413,0.0,0.25656162731371446,1.2543088734240229,0
2025.02.24startup_a,163,177,170,0.563757227848514,0.05,0.49289514355279923,0.03311903370348724,1.3105119394210727,1.2634636738826666,1.2413252615135457,0.16386029433038835,1.0774649671831573,2.1725782886137597,98.04533034317508,97.65882233538149,0.3865080077935943,0.4484455902283856,0.5161621544018945,0.3415814575360656,0.1745806968658289,1.169367142805854,0.7600473303889541,1.6021976290787543,-0.02960732095922025,False,False,False,-0.8421502986898002,0.0,98.16133191322383,100.0527439943513,97.21685477625986,False,False,False,-1.89141208112747,0.0,0.07086208429571478,0.4746446459073948,0
2025.02.24startup_a,278,293,288,0.5912224367515923,0.05,0.49289514355279923,0.056107539450613676,0.504745337297622,0.5822075132070902,0.8854038170208424,0.9879683150136608,0.10256449799281842,0.20680895278137448,98.17167664530679,98.86349505081861,0.6918184055118246,0.8026817218138697,0.38070330857272694,0.27065318832608887,0.11005012024663807,0.7371318650260266,0.8948692308065574,1.6021976290787543,-0.02960732095922025,False,False,False,-0.7073283982721968,0.0,98.31387808041504,100.0527439943513,97.21685477625986,False,False,False,-1.7388659139362659,0.0,0.09832729319879302,0.6586106480951477,0
2025.02.24startup_a,360,365,365,0.5262760524617754,0.05,0.49289514355279923,0.07110851353984025,0.7293467414069111,0.53530960812421,0.8667090635897269,0.5396273110406317,0.3270817525490952,0.6595209457692802,98.69741726536434,98.00862336950034,0.688793895863995,0.799172537044542,0.2754763978292091,0.2534948938244547,0.02198150400475435,0.147235341558808,0.603652249754401,1.6021976290787543,-0.02960732095922025,False,False,False,-0.9985453793243533,0.0,98.63908214329304,100.0527439943513,97.21685477625986,False,False,False,-1.413661851058265,0.0,0.033380908908976215,0.2235902294808191,0
2025.02.24startup_a,493,516,505,0.7934956556439368,0.05,0.49289514355279923,0.09838301188388857,1.0483921873905484,0.850742127303144,0.48614343393256376,0.9371713531760617,0.45102791924349794,0.9094434573300539,98.52957910956279,97.50622915903233,1.0233499505304593,1.1873409174510428,0.5563510389227143,0.48835581306434794,0.06799522585836637,0.4554420071283355,0.9371713531760616,1.6021976290787543,-0.02960732095922025,False,False,False,-0.6650262759026927,0.0,98.26785582663815,100.0527439943513,97.21685477625986,False,False,False,-1.7848881677131487,0.0,0.30060051209113753,2.0134663697678965,0
2025.02.24startup_a,661,673,667,0.5628162651556385,0.05,0.49289514355279923,0.12994350282485875,0.3927286417968983,0.3199974562911553,1.5534081641957378,1.5557662343204095,0.0023580701246717073,0.004754764295756098,96.14486615338208,96.81774103940705,0.6728748860249709,0.7807025192980406,0.3516375752673364,0.37769479519447474,0.02605721992713833,0.17453508527966918,1.545378825051491,1.6021976290787543,-0.02960732095922025,False,False,False,-0.05681880402726325,0.0,96.28798084119144,100.0527439943513,97.21685477625986,False,True,True,-3.764763153159862,0.0,0.06992112160283931,0.4683419396207981,1
2025.02.24startup_a,795,821,811,0.8039617129040579,0.05,0.49289514355279923,0.1579972725501656,1.041945146423099,0.8717441891214835,0.9306125555537278,0.6016968658599383,0.3289156896937895,0.6632188590607551,98.03305072090207,99.25750447307752,1.2244537521754495,1.4206714337854431,0.5221986664494292,0.44287190827056355,0.0793267581788657,0.5313422745182527,0.7391385203526044,1.6021976290787543,-0.02960732095922025,False,False,False,-0.8630591087261499,0.0,98.32010838010451,100.0527439943513,97.21685477625986,False,False,False,-1.7326356142467887,0.0,0.3110665693512587,2.0835695581181883,0
2025.02.24startup_a,1149,1161,1155,0.5686036225360916,0.05,0.49289514355279923,0.2250146113383986,0.7429001660262436,0.7033645471874498,0.7835825411147097,1.1440845342918167,0.36050199317710696,0.7269088343783057,98.51028676127832,99.1643630802096,0.6540763189312742,0.7588914976741816,0.3154668998731751,0.4086707851485813,0.09320388527540618,0.6242933095098623,0.9371713531760616,1.6021976290787543,-0.02960732095922025,False,False,False,-0.6650262759026927,0.0,98.4317409843174,100.0527439943513,97.21685477625986,False,False,False,-1.6210030100339026,0.0,0.07570847898329242,0.5071065091629733,0
2025.02.24startup_a,1458,1459,1458,0.5370089936693883,0.05,0.49289514355279923,0.28404441846873174,0.5038141148778749,0.36286433652815453,1.4147781708949396,1.515357619225763,0.10057944833082333,0.2028063393054623,98.73636153582535,98.04269855354875,0.6936629822766065,0.8048218904502874,0.3637975090545724,0.35170987022270894,0.012087638831863479,0.08096477982871396,1.6755530741995286,1.6021976290787543,-0.02960732095922025,True,False,True,0.0733554451207743,0.147912416899863,98.72712808273668,100.0527439943513,97.21685477625986,False,False,False,-1.3256159116146193,0.0,0.044113850116589026,0.29548104570029543,1
2025.02.24startup_a,1747,1764,1759,0.619008345683622,0.05,0.49289514355279923,0.3426845899084356,1.3299611488780523,0.9506832203929072,0.11022966767459631,0.9128703953720586,0.8026407276974623,1.618428321722156,97.81948959733064,98.71713642579182,0.8976468284611769,1.0414939760339486,0.42044332943728513,0.3917596699042897,0.028683659532995454,0.19212736342261674,0.4637773498877516,1.6021976290787543,-0.02960732095922025,False,False,False,-1.1384202791910027,0.0,97.94547609640458,100.0527439943513,97.21685477625986,False,False,False,-2.107267897946727,0.0,0.12611320213082272,0.8447247461679855,0
2025.02.24startup_a,2140,2144,2142,0.5278130022451635,0.05,0.49289514355279923,0.4172998246639392,0.30662565902515615,0.5226008912509077,1.1690829189146692,1.265328907036463,0.09624598812179386,0.1940684389082713,97.68077682609366,97.31948987612977,0.36128694996389754,0.41918287914204094,0.2840488326154772,0.4265586011667698,0.1425097685512926,0.9545513557024109,1.4766549183659508,1.6021976290787543,-0.02960732095922025,False,False,False,-0.12554271071280354,0.0,97.77310924369748,100.0527439943513,97.21685477625986,False,False,False,-2.279634750653827,0.0,0.034917858692364245,0.23388494481362473,0
2025.02.24startup_a,2558,2576,2569,0.6156689935213615,0.05,0.49289514355279923,0.5004870446132865,0.6899594099133938,0.46321508129804484,0.8434528474478616,0.6227217000645218,0.22073114738333988,0.44507776404049787,98.7023773837822,97.89665298387986,0.8057243999023456,0.9348410557862896,0.34170392818476153,0.3431560349094431,0.0014521067246815456,0.009726424067347098,0.7153220528038851,1.6021976290787543,-0.02960732095922025,False,False,False,-0.8868755762748692,0.0,98.61793611793613,100.0527439943513,97.21685477625986,False,False,False,-1.434807876415178,0.0,0.12277384996856228,0.8223572750391119,0
2025.02.24startup_a,2622,2631,2629,0.5232496192975924,0.05,0.49289514355279923,0.5121761153321644,0.4266721958301144,0.49771601072063265,0.940060702992246,0.8838949768884513,0.056165726103794666,0.11325141959496168,97.94923629406736,98.58711046754135,0.637874173473989,0.7400929720652671,0.3724192385967731,0.27689973806757073,0.09551950052920238,0.6398036405016692,0.976414308115487,1.6021976290787543,-0.02960732095922025,False,False,False,-0.6257833209632673,0.0,98.07285659361784,100.0527439943513,97.21685477625986,False,False,False,-1.9798874007334604,0.0,0.030354475744793163,0.20331873574967962,0
2025.02.24startup_a,2855,2875,2865,0.6394646186243221,0.05,0.49289514355279923,0.5581531268264173,0.36943860499187053,0.2939966209412123,1.034710466813033,0.9891143519832172,0.04559611482981574,0.09193907193416732,98.59930251855972,99.15688804588288,0.5575855273231554,0.6469381380495738,0.3789916583063856,0.40035766539561896,0.021366007089233363,0.14311265283989574,1.1906001864191973,1.6021976290787543,-0.02960732095922025,False,False,False,-0.411597442659557,0.0,98.60043907793631,100.0527439943513,97.21685477625986,False,False,False,-1.4523049164149882,0.0,0.1465694750715229,0.9817438660968473,0
2025.02.24startup_a,3291,3292,3292,0.5041963925562395,0.05,0.49289514355279923,0.6413403467757647,0.5429457351915913,0.5409320900921993,0.9844739628558107,0.7694152261103955,0.2150587367454152,0.43364003142606755,98.78346737249315,99.34563234801098,0.5621649755178311,0.652251438957115,0.24779494554072654,0.3279521610847613,0.08015721554403474,0.5369047998934156,0.8749177494187964,1.6021976290787543,-0.02960732095922025,False,False,False,-0.7272798796599579,0.0,98.78346737249312,100.0527439943513,97.21685477625986,False,False,False,-1.2692766218581824,0.0,0.011301249003440261,0.07569742528549335,0
2025.02.24startup_a,3600,3622,3615,0.6904939865411008,0.05,0.49289514355279923,0.7042665108123904,0.8313040994545495,0.6229573570514363,0.4127646144053744,0.17750682176475996,0.23525779264061442,0.47436899396777565,99.61273765181909,98.58861348181617,1.0241241700029207,1.1882392049413233,0.4333720888182909,0.40257791884665217,0.030794169971638752,0.20626387224520987,0.208180945557171,1.6021976290787543,-0.02960732095922025,False,False,False,-1.3940166835215833,0.0,99.53883571812123,100.0527439943513,97.21685477625986,False,False,False,-0.5139082762300689,0.0,0.1975988429883016,1.3235460654882967,0
2025.02.24startup_a,3846,3865,3856,0.6404002105961712,0.05,0.49289514355279923,0.7512176115332164,0.5620814266612719,0.5175763088792243,0.20194217410651866,0.11563489264122206,0.08630728146529659,0.1740282343944697,97.84932971247073,97.0304240376249,0.818905674845837,0.950134618928074,0.42132571227907734,0.3573429296323195,0.06398278264675783,0.4285660733151293,-0.0,1.6021976290787543,-0.02960732095922025,False,False,False,-1.6021976290787543,0.0,97.88187226722098,100.0527439943513,97.21685477625986,False,False,False,-2.1708717271303186,0.0,0.14750506704337202,0.9880105985053799,0
2025.02.24startup_a,3900,3924,3916,0.7865857237194179,0.05,0.49289514355279923,0.7629066822520942,0.7707428846371405,0.7658711727205801,0.6256940135934479,0.7726633062242384,0.1469692926307905,0.29634587108417765,97.07637356143897,98.14953951949573,1.0731659580567623,1.2451398981901034,0.5003646263763085,0.38747851517292614,0.11288611120338238,0.7561277488874596,0.6436394131461666,1.6021976290787543,-0.02960732095922025,False,False,False,-0.9585582159325877,0.0,97.39133218103836,100.0527439943513,97.21685477625986,False,False,False,-2.661411813312938,0.0,0.2936905801666187,1.9671826310922087,0
2025.02.24startup_a,4142,4165,4157,0.7280717372434625,0.05,0.49289514355279923,0.8098577829729203,0.6924715942295886,0.6361554294958603,0.8293106238232854,0.9052673739865617,0.0759567501632763,0.15315763510141278,98.49968556989887,99.56134163393726,1.061656064038388,1.2317855533577644,0.46205574105833086,0.3838963467307171,0.07815939432761376,0.5235231000284039,0.9669852958320848,1.6021976290787543,-0.02960732095922025,False,False,False,-0.6352123332466695,0.0,98.7409840288511,100.0527439943513,97.21685477625986,False,False,False,-1.311759965500201,0.0,0.2351765936906633,1.5752473575599077,0
2025.02.24startup_a,4763,4780,4775,0.6054842518519833,0.05,0.49289514355279923,0.9302552113773621,0.46980448601086733,0.4526606774044111,0.0,0.0,0.0,0.0,99.8178269989499,99.0079932090889,0.8098337898610026,0.9396089720217347,0.35262852847890513,0.29016751198166996,0.06246101649723518,0.4183730601914987,-0.0,1.6021976290787543,-0.02960732095922025,False,False,False,-1.6021976290787543,0.0,99.80338386712889,100.0527439943513,97.21685477625986,False,False,False,-0.24936012722241685,0.0,0.11258910829918406,0.7541383798236259,0
2025.02.24startup_a,4966,4982,4981,0.8516426733283875,0.05,0.49289514355279923,0.9703876875121761,,,1.261304459489252,1.347922583568817,0.08661812407956493,0.17465501107445852,97.44121166061262,96.38251549154243,1.0586961690701884,1.2283513377160094,0.50630991388867,0.8246925200099398,0.3183826061212698,2.132573446680882,1.3058755112911309,1.6021976290787543,-0.02960732095922025,False,False,False,-0.2963221177876234,0.0,97.2073354546977,100.0527439943513,97.21685477625986,False,True,True,-2.8454085396536044,0.0,0.35874752977558827,2.4029436324494875,1
2025.02.24startup_b,150,168,150,1.2012592623272151,0.05,0.5335369871963437,0.02926829268292683,,,,0.11259486037142036,,,,97.93908160221233,,,,0.6830498662102183,,,0.7391385203526044,1.4998729329926097,0.0774039010426869,False,False,False,-0.7607344126400053,0.0,96.48422889913977,100.03809149985557,96.78692817375389,False,True,True,-3.553862600715803,0.0,0.6677222751308715,3.9916262684180785,1
2025.02.24startup_b,574,579,577,0.5761535824914711,0.05,0.5335369871963437,0.11258536585365854,0.4576972740496668,0.48288564140153545,1.0680645533373192,1.0214390743054051,0.04662547903191405,0.1078502478797552,98.48726691284743,97.68933748476252,0.7979294280849132,0.8075443002195785,0.36845479852268326,0.2792502630600429,0.08920453546264034,0.5332623761052728,1.2574580300524587,1.4998729329926097,0.0774039010426869,False,False,False,-0.242414902940151,0.0,98.48807339449542,100.03809149985557,96.78692817375389,False,False,False,-1.5500181053601523,0.0,0.0426165952951274,0.2547608902477185,0
2025.02.24startup_b,663,680,675,0.6695315642731189,0.05,0.5335369871963437,0.13170731707317074,0.44600026312675234,0.34633748946275356,1.2028584555505035,1.1956957021075576,0.007162753442945924,0.01656829592666547,97.37098792992646,96.50597886642139,0.8650090635050702,0.8754322303268393,0.43062211717979476,0.40602984779568474,0.02459226938411002,0.1470119421347559,1.30738316633364,1.4998729329926097,0.0774039010426869,False,False,False,-0.19248976665896977,0.0,97.32385848200786,100.03809149985557,96.78692817375389,False,False,False,-2.714233017847704,0.0,0.1359945770767752,0.8129720191162833,0
2025.02.24startup_b,775,787,782,0.6385146521644572,0.05,0.5335369871963437,0.15258536585365853,0.47241702476146186,0.3758628969011853,0.8464547036231411,0.8334467831090683,0.013007920514072846,0.03008885873070927,96.77190635867943,97.67576031038683,0.9038539517074042,0.9147451907922144,0.38832210346857904,0.35775076822976687,0.03057133523881217,0.1827546411806324,0.6807937753703206,1.4998729329926097,0.0774039010426869,False,False,False,-0.8190791576222891,0.0,96.82009838369642,100.03809149985557,96.78692817375389,False,False,False,-3.2179931161591497,0.0,0.10497766496811356,0.6275537310804638,0
2025.02.24startup_b,861,886,878,0.8417149111525393,0.05,0.5335369871963437,0.17131707317073172,0.6409390217297346,0.7916877289220383,0.9125212753021682,0.9507762284053197,0.03825495310315152,0.08848823133761874,97.39269129060182,98.57187223461916,1.1791809440173466,1.1933898121218505,0.5798673722013135,0.3969985307961622,0.18286884140515125,1.0931851433066457,0.976414308115487,1.4998729329926097,0.0774039010426869,False,False,False,-0.5234586248771227,0.0,97.65549207718011,100.03809149985557,96.78692817375389,False,False,False,-2.3825994226754545,0.0,0.3081779239561956,1.842279556075911,0
2025.02.24startup_b,974,979,977,0.5501479843798733,0.05,0.5335369871963437,0.19063414634146342,0.5925420637123495,0.47689418405732525,1.453437923928795,1.6480898238761088,0.1946518999473139,0.45025286807699544,98.47141470095845,99.1974968321193,0.726082131160851,0.7348312593477035,0.37341843351775117,0.33233454241343663,0.04108389110431454,0.24559842474727672,1.4608248015713592,1.4998729329926097,0.0774039010426869,False,False,False,-0.03904813142125052,0.0,98.65029886239476,100.03809149985557,96.78692817375389,False,False,False,-1.3877926374608052,0.0,0.016610997183529652,0.09930010600500054,0
2025.02.24startup_b,1203,1206,1203,0.5750818743320917,0.05,0.5335369871963437,0.23473170731707316,0.6686589523006123,0.5194254719973744,1.442577935321613,1.6886829917281598,0.24610505640654678,0.5692701048656141,99.25889772077717,98.49999453562897,0.7589031851481991,0.7680477997356105,0.3682262770274817,0.3312641693515212,0.036962107675960476,0.2209585113908985,1.4608248015713592,1.4998729329926097,0.0774039010426869,False,False,False,-0.03904813142125052,0.0,99.25666283918537,100.03809149985557,96.78692817375389,False,False,False,-0.7814286606702012,0.0,0.041544887135748,0.24835424694647715,0
2025.02.24startup_b,1990,2026,2008,1.0367696213823625,0.05,0.5335369871963437,0.3918048780487805,1.780782125715087,1.3236943972666182,1.0209369096254908,0.09694899455407097,0.9239879150714199,2.137293337193193,99.21038924326997,97.80307613892873,1.4073131043412417,1.424270914236981,0.591340925856158,0.659845565365206,0.06850463950904795,0.40951894036968045,0.603652249754401,1.4998729329926097,0.0774039010426869,False,False,False,-0.8962206832382087,0.0,98.93348301992702,100.03809149985557,96.78692817375389,False,False,False,-1.1046084799285438,0.0,0.5032326341860188,3.0083115039833532,0
2025.02.24startup_b,2295,2331,2318,0.9758837481781144,0.05,0.5335369871963437,0.4522926829268293,1.4115169045996068,1.2032389902842788,1.192539678095634,0.6372034213088609,0.5553362567867732,1.2845584473260514,96.70259740973597,98.22275520824732,1.5201577985113488,1.5384753618731621,0.697940005741099,0.5663430487156909,0.1315969570254082,0.7866831616536231,1.1787269834988532,1.4998729329926097,0.0774039010426869,False,False,False,-0.3211459494937565,0.0,96.66682471196243,100.03809149985557,96.78692817375389,False,True,True,-3.371266787893134,0.0,0.4423467609817707,2.6443373489950157,1
2025.02.24startup_b,2399,2412,2409,0.5942348378039195,0.05,0.5335369871963437,0.47004878048780485,1.2228840361367728,1.106016691683824,0.16121850916310057,0.8809332284037636,0.7197147192406631,1.6647852737273519,98.64749331572901,99.4191774915924,0.7716841758633848,0.7809827985461936,0.4457284155392773,0.2998124193301888,0.14591599620908846,0.8722820027779266,0.7153220528038851,1.4998729329926097,0.0774039010426869,False,False,False,-0.7845508801887247,0.0,98.5862146553664,100.03809149985557,96.78692817375389,False,False,False,-1.4518768444891634,0.0,0.06069785060757582,0.3628501608310568,0
2025.02.24startup_b,3630,3647,3642,0.6788678160985977,0.05,0.5335369871963437,0.7106341463414634,1.0354580050030373,0.9244116890104266,0.4840887352976335,0.0,0.4840887352976335,1.119754502938427,99.07969646894585,98.13985978488468,0.9398366840611772,0.9511615070676478,0.4229219659675951,0.30543750046664797,0.11748446550094716,0.702319057025205,-0.0,1.4998729329926097,0.0774039010426869,False,True,True,-1.4998729329926097,0.0,98.99746995572424,100.03809149985557,96.78692817375389,False,False,False,-1.0406215441313265,0.0,0.14533082890225402,0.8687838879472928,1
2025.02.24startup_b,3888,3911,3903,0.8187288599236581,0.05,0.5335369871963437,0.7615609756097561,0.8696897544934591,0.6417529685545478,0.9241761918184024,0.6648678198821578,0.25930837193624456,0.5998109353788588,97.68082635962917,98.80682687744023,1.1260005178110646,1.1395685736080594,0.48647088959387286,0.4553768428813972,0.031094046712475676,0.1858793966767252,0.9904799742690308,1.4998729329926097,0.0774039010426869,False,False,False,-0.5093929587235789,0.0,97.846211272863,100.03809149985557,96.78692817375389,False,False,False,-2.1918802269925663,0.0,0.2851918727273144,1.704869543995031,0
2025.02.24startup_b,4001,4019,4008,0.706593218092926,0.05,0.5335369871963437,0.7820487804878049,0.7967373601847743,0.8247712789640578,0.3491843735073079,0.09022909978648115,0.2589552737208268,0.5989941774420097,99.21766157094108,98.23502162085539,0.9826399500856837,0.9944805429275387,0.40828365987940823,0.5556310965776455,0.1473474366982373,0.880839116522625,0.3491843735073079,1.4998729329926097,0.0774039010426869,False,False,False,-1.1506885594853018,0.0,99.23141313446465,100.03809149985557,96.78692817375389,False,False,False,-0.8066783653909226,0.0,0.17305623089658229,1.0345256147472872,0
2025.02.24startup_b,4219,4235,4231,0.6191914980715897,0.05,0.5335369871963437,0.825560975609756,1.1989786083797958,0.8091979921301711,0.9569441637509581,0.27836163373902817,0.6785825300119299,1.5696416549107075,96.70565788815797,95.88720450750728,0.8184533806506948,0.8283155618488841,0.444982946698874,0.44002528702897,0.004957659669904024,0.0296367596309217,0.7771529943226336,1.4998729329926097,0.0774039010426869,False,False,False,-0.7227199386699761,0.0,96.64253081630892,100.03809149985557,96.78692817375389,False,True,True,-3.3955606835466483,0.0,0.085654510875246,0.5120404221217907,1
2025.02.24startup_b,4325,4348,4342,0.752417707469086,0.05,0.5335369871963437,0.8472195121951219,0.6246748327928978,0.8380234797379044,0.812285202759364,0.7628565278946353,0.04942867486472868,0.11433437140409733,96.90685496886552,98.02835642000296,1.1215014511374477,1.1350152941816982,0.5960747644732358,0.3845113124903462,0.21156345198288962,1.2647207736279176,0.9904799742690308,1.4998729329926097,0.0774039010426869,False,False,False,-0.5093929587235789,0.0,97.23461195361284,100.03809149985557,96.78692817375389,False,False,False,-2.803479546242727,0.0,0.2188807202727423,1.3084632117742472,0
2025.02.24startup_b,4958,4974,4972,0.7194771072478356,0.05,0.5335369871963437,0.9701463414634146,,,0.708740948428182,0.9873599816147928,0.27861903318661074,0.6444787789231244,98.76644449369256,97.85283687943262,0.913607614259945,0.9246163828091244,0.4667835354812702,0.6793686022979333,0.21258506681666306,1.2708279603409809,0.976414308115487,1.4998729329926097,0.0774039010426869,False,False,False,-0.5234586248771227,0.0,98.67023172905526,100.03809149985557,96.78692817375389,False,False,False,-1.3678597708003082,0.0,0.18594012005149196,1.1115451665962122,0
2025.03.02startup_a,150,161,152,0.6846713279771561,0.05,0.46345938615539417,0.028902833238258225,,,0.9360326505178316,0.5495146120561866,0.386518038461645,0.7930541871891004,97.89531538374248,98.79358547293012,0.8982700891876334,0.9186034775651509,0.6760137012326508,0.34286860707923167,0.33314509415341914,2.0962243484325054,0.9127341558073344,1.5351777511795535,-0.06845645376154108,False,False,False,-0.622443595372219,0.0,97.99384200904456,100.64201627164208,97.42452586926852,False,False,False,-2.6481742625975215,0.0,0.22121194182176196,1.3919156149940655,0
2025.03.02startup_a,212,231,221,0.5860989278234849,0.05,0.46345938615539417,0.04202319832667808,0.3734802751716137,0.26417333826446115,0.780778225712654,0.7800880611336496,0.0006901645790043931,0.0014160733905394433,98.56703276272242,99.29607453119117,0.7290417684687469,0.745544476952688,0.376886317160276,0.36964572190377293,0.007240595256503057,0.045559464450156115,0.8948692308065574,1.5351777511795535,-0.06845645376154108,False,False,False,-0.640308520372996,0.0,98.5685194058457,100.64201627164208,97.42452586926852,False,False,False,-2.073496865796372,0.0,0.12263954166809077,0.7716757588117592,0
2025.03.02startup_a,588,605,598,0.5729703026658401,0.05,0.46345938615539417,0.11370983076630538,0.660909079980823,0.5291881275393658,0.707668058770214,0.8842537413116042,0.17658568254139018,0.36231689339640316,99.02901570485417,98.09075310369602,0.9382626011581578,0.959501266565243,0.35092575637400214,0.39315980943898093,0.042234053064978794,0.26574622265645154,0.804717519321077,1.5351777511795535,-0.06845645376154108,False,False,False,-0.7304602318584764,0.0,98.87616846969856,100.64201627164208,97.42452586926852,False,False,False,-1.7658478019435222,0.0,0.10951091651044598,0.6890674773155746,0
2025.03.02startup_a,753,776,769,0.7008831796553744,0.05,0.46345938615539417,0.1462255181593459,0.5543563228288838,0.5765361897144577,0.7167586162346977,0.9972755056961363,0.2805168894614386,0.5755619961491955,96.62842733749541,97.14977663910476,0.521349301609348,0.5331506495085722,0.48062450190783507,0.381947835431863,0.09867666647597206,0.6208959234856055,0.8959704136014894,1.5351777511795535,-0.06845645376154108,False,False,False,-0.639207337578064,0.0,96.45206298584812,100.64201627164208,97.42452586926852,False,True,True,-4.189953285793962,0.0,0.23742379349998022,1.4939242557258645,1
2025.03.02startup_a,886,907,899,0.641886228145854,0.05,0.46345938615539417,0.17094504658680357,0.7505201272331425,0.616472843449707,1.543077960149817,1.3036196605715304,0.23945829957828657,0.49131835578376676,96.26496981750867,97.25234141160317,0.9873715940944976,1.0097218986825183,0.3942185436544999,0.33885208747972073,0.055366456174779144,0.34837827588283615,1.5613116549052577,1.5351777511795535,-0.06845645376154108,True,False,True,0.026133903725704233,0.05362130538526785,96.60940905012178,100.64201627164208,97.42452586926852,False,True,True,-4.032607221520294,0.0,0.17842684199045988,1.1227020813402024,1
2025.03.02startup_a,1069,1092,1084,0.6917864674984339,0.05,0.46345938615539417,0.2061228370412626,0.4928698861631743,0.5285815792551566,0.0,0.0,0.0,0.0,98.7581958668887,99.72211618161512,0.9639203147264226,0.9857397723263486,0.4318844662386134,0.33652792157620365,0.09535654466240973,0.600004965439121,-0.0,1.5351777511795535,-0.06845645376154108,False,False,False,-1.5351777511795535,0.0,98.92596854622172,100.64201627164208,97.42452586926852,False,False,False,-1.7160477254203528,0.0,0.2283270813430397,1.4366856835580295,0
2025.03.02startup_a,1458,1470,1464,0.5334519156466381,0.05,0.46345938615539417,0.27837992013690815,0.29757428467965485,0.29430640984939066,0.0,0.0,0.0,0.0,99.27521322679922,99.85718811752716,0.5819748907279347,0.5951485693593097,0.23903514887226424,0.2847694634053906,0.045734314533126375,0.28777066018886227,-0.0,1.5351777511795535,-0.06845645376154108,False,False,False,-1.5351777511795535,0.0,99.24678663239077,100.64201627164208,97.42452586926852,False,False,False,-1.395229639251312,0.0,0.0699925294912439,0.44040884018048465,0
2025.03.02startup_a,1838,1861,1853,0.7634824266539172,0.05,0.46345938615539417,0.3523483552006085,1.039228735947458,0.8676117187531872,0.9730028269222591,1.4391742259863924,0.4661713990641333,0.9564862262238195,99.37973174899963,98.28259545948079,1.0971362895188435,1.1219712456710964,0.4765577155913806,0.3932203318040762,0.08333738378730443,0.5243776843646459,1.1538530565800795,1.5351777511795535,-0.06845645376154108,False,False,False,-0.38132469459947393,0.0,99.28320259670002,100.64201627164208,97.42452586926852,False,False,False,-1.3588136749420556,0.0,0.300023040498523,1.887812888801325,0
2025.03.02startup_a,2136,2167,2153,0.9104311758851448,0.05,0.46345938615539417,0.4093934208024339,0.6986793430767101,0.6783884075035692,1.2423292495355354,1.3148462527818205,0.07251700324628518,0.1487897260778914,97.59673742453505,98.8176691742131,1.2209317496780443,1.2485689600755288,0.5715962341996483,0.47023202727909497,0.10136420692055337,0.6378065363572873,1.4634190046135478,1.5351777511795535,-0.06845645376154108,False,False,False,-0.07175874656600567,0.0,97.68817944131004,100.64201627164208,97.42452586926852,False,False,False,-2.953836830332037,0.0,0.4469717897297506,2.8124476846189848,0
2025.03.02startup_a,3236,3252,3248,0.5820085190096166,0.05,0.46345938615539417,0.6176079102490968,0.39160464933247324,0.3470849134991811,0.9441164416636024,0.995676310325299,0.051559868661696595,0.10579006841652525,99.19173727138875,98.5293127898425,0.662424481546239,0.6774192302484212,0.3075439507154999,0.2665337539398235,0.04101019677567641,0.25804544183259687,0.8301899714180443,1.5351777511795535,-0.06845645376154108,False,False,False,-0.7049877797615092,0.0,99.23725119860526,100.64201627164208,97.42452586926852,False,False,False,-1.4047650730368133,0.0,0.11854913285422242,0.7459379805849392,0
2025.03.02startup_a,4374,4388,4386,0.5761643815140832,0.05,0.46345938615539417,0.833998859098688,1.0300035369940632,0.8874005037033107,0.3033149766073955,0.9207176242132449,0.6174026476058494,1.266781123111911,99.70576000388131,98.93009219612583,0.7756678077554824,0.7932259508762152,0.30693616496009996,0.2112316557535231,0.09570450920657686,0.602194437121806,0.6436394131461666,1.5351777511795535,-0.06845645376154108,False,False,False,-0.8915383380333869,0.0,99.69032258064516,100.64201627164208,97.42452586926852,False,False,False,-0.9516936909969189,0.0,0.11270499535868905,0.7091653444911813,0
2025.03.02startup_a,4766,4788,4780,0.7020243529685074,0.05,0.46345938615539417,0.908918045255752,1.0325802339614685,0.9848299473897818,0.42392325208258896,0.9395490349234784,0.5156257828408894,1.0579562799504454,99.28887425795956,98.30396464477334,0.9849096131862183,1.0072041879724916,0.44512321493177903,0.3037854242805697,0.14133779065120933,0.8893293742464087,0.8301899714180443,1.5351777511795535,-0.06845645376154108,False,False,False,-0.7049877797615092,0.0,99.245754676321,100.64201627164208,97.42452586926852,False,False,False,-1.3962615953210786,0.0,0.23856496681311323,1.5011047765462286,0
2025.03.02startup_a,4885,4894,4893,0.5092523700148573,0.05,0.46345938615539417,0.930405019965773,0.40855398619265254,0.44921247630228783,0.9538137456325967,0.9681110185918267,0.01429727295923,0.02933501430057577,97.70655912299523,96.93622360543979,0.7703355175554378,0.7877729580847294,0.4010340009904499,0.31671893906675824,0.08431506192369165,0.5305294565215585,0.9559312637896478,1.5351777511795535,-0.06845645376154108,False,False,False,-0.5792464873899057,0.0,97.7566831261706,100.64201627164208,97.42452586926852,False,False,False,-2.8853331454714777,0.0,0.04579298385946318,0.2881398208714947,0
2025.03.02startup_a,4992,5019,5008,0.8811869946492955,0.05,0.46345938615539417,0.9522722951131394,1.1147648456325265,0.8080101676700503,0.6325845695393936,1.1208894726405334,0.48830490310113983,1.0018995480019615,96.6518845816615,95.45142816579718,1.2004564158643234,1.2276301432630916,0.541793276335884,0.5108819899126582,0.030911286423225826,0.19450081174509795,0.8301899714180443,1.5351777511795535,-0.06845645376154108,False,False,False,-0.7049877797615092,0.0,96.51626543654798,100.64201627164208,97.42452586926852,False,True,True,-4.125750835094095,0.0,0.41772760849390134,2.6284366761052906,1
2025.03.02startup_a,5067,5108,5107,0.8926611939931985,0.05,0.46345938615539417,0.9710971667617417,,,1.2362060987302994,0.7967286463062391,0.43947745242406033,0.9017158298931112,95.95920712847857,95.106885484164,0.8523216443145714,0.8716149361930595,0.635135086929237,0.8872333044344208,0.2520982175051838,1.586259053502488,0.830774222099454,1.5351777511795535,-0.06845645376154108,False,False,False,-0.7044035290800995,0.0,96.03948404287532,100.64201627164208,97.42452586926852,False,True,True,-4.602532228766762,0.0,0.42920180783780437,2.700634935859286,1
2025.03.17startup_a,223,230,227,0.5619824832215069,0.05,0.5226198554275051,0.04305766312594841,1.2119536232093675,0.8145728681819989,1.3445406938890838,0.4771674604196635,0.8673732334694203,1.803484449824412,95.33835036017699,95.99947985669228,0.6611294965152865,0.6204227965943229,0.4341630120829935,0.43084269605006564,0.0033203160329278725,0.01981135812726202,1.0032709271829536,1.6133018276073756,0.030845226562035144,False,False,False,-0.610030900424422,0.0,95.3332448220924,100.2757734880857,96.76957110043021,False,True,True,-4.942528665993308,0.0,0.03936262779400179,0.23486532857820513,1
2025.03.17startup_a,318,363,346,1.030045594066162,0.05,0.5226198554275051,0.06562974203338391,1.085516122724624,1.1428804790855087,0.3920185515562784,0.12068101401352381,0.2713375375427546,0.5641781539126293,96.54969383814084,98.2619755955853,1.7122817574444582,1.6068540915366185,0.7903891071771997,0.5796180971388154,0.21077101003838428,1.2576091918072783,0.1206810140135238,1.6133018276073756,0.030845226562035144,False,False,False,-1.492620813593852,0.0,97.16740628835804,100.2757734880857,96.76957110043021,False,False,False,-3.1083671997276667,0.0,0.5074257386386568,3.027661503142001,0
2025.03.17startup_a,547,569,561,0.7634731594860806,0.05,0.5226198554275051,0.10641122913505312,0.9355690322959257,0.665534483437995,1.2909783507472696,1.7001269798925087,0.4091486291452391,0.8507216522913705,98.50185148728575,99.58921867076671,1.0873671834809642,1.0204164123004809,0.3897235034246803,0.4107510740291118,0.0210275706044315,0.12546538572213362,1.7069874934359262,1.6133018276073756,0.030845226562035144,True,False,True,0.09368566582855054,0.1947957753058724,98.57757813962192,100.2757734880857,96.76957110043021,False,False,False,-1.6981953484637842,0.0,0.24085330405857552,1.437101473329068,1
2025.03.17startup_a,915,933,927,0.7212844104213001,0.05,0.5226198554275051,0.17583459787556904,0.5298147319361628,0.46576259181856133,0.09694899455407097,0.0,0.09694899455407097,0.20158104649483963,99.85965634515604,98.94531031970294,0.9143460254530993,0.858048417377486,0.3570794522344912,0.3004890711813714,0.05659038105311981,0.33765831158335835,-0.0,1.6133018276073756,0.030845226562035144,False,True,True,-1.6133018276073756,0.0,99.85518825526816,100.2757734880857,96.76957110043021,False,False,False,-0.4205852328175439,0.0,0.19866455499379498,1.1853735027459391,1
2025.03.17startup_a,1764,1780,1770,0.6530814220315493,0.05,0.5226198554275051,0.3357359635811836,0.9388383583822004,0.7344197053018898,0.7484841521993989,1.3141003888130105,0.5656162366136116,1.1760566823357217,97.97169088472974,97.22403670011057,0.7476541846191651,0.701620034428679,0.3923008585330994,0.4468673578595783,0.054566499326478946,0.3255823991412687,0.7771529943226336,1.6133018276073756,0.030845226562035144,False,False,False,-0.836148833284742,0.0,98.18672261351716,100.2757734880857,96.76957110043021,False,False,False,-2.0890508745685423,0.0,0.13046156660404418,0.7784261474523658,0
2025.03.17startup_a,1981,1996,1992,0.6132277036758821,0.05,0.5226198554275051,0.37784522003034904,0.44403865182580954,0.32789845901387227,1.005744652721764,0.8745377040232157,0.1312069486985482,0.2728118444931049,97.85224873597697,98.50788251582773,0.6556337798507599,0.6152654591585142,0.4059958918443628,0.3899706289585437,0.016025262885819125,0.09561807338999766,1.0916362019205923,1.6133018276073756,0.030845226562035144,False,False,False,-0.5216656256867833,0.0,98.08501118568232,100.2757734880857,96.76957110043021,False,False,False,-2.1907623024033853,0.0,0.09060784824837698,0.54063062461145,0
2025.03.17startup_a,2169,2169,2169,0.5236490163114581,0.05,0.5226198554275051,0.4114188163884674,0.3613941215090131,0.4001873171172894,1.613198225186614,1.6854201197471244,0.07222189456051042,0.1501672622012389,98.56232900285801,97.95213765782748,0.610191345030529,0.5726209808167874,0.31901917360676096,0.2389459300814066,0.08007324352535436,0.47777370833384186,1.654963435358364,1.6133018276073756,0.030845226562035144,True,False,True,0.04166160775098837,0.08662483327166295,98.53587115666178,100.2757734880857,96.76957110043021,False,False,False,-1.7399023314239201,0.0,0.0010291608839529953,0.00614070306572087,1
2025.03.17startup_a,2761,2778,2774,0.669029909970303,0.05,0.5226198554275051,0.526176024279211,0.41860514492879125,0.6131482685281783,0.0,0.0,0.0,0.0,98.96911160910142,99.86125229195399,0.8921406828525704,0.8372102898575825,0.452225293014254,0.2842542074407379,0.1679710855735161,1.0022345157269525,-0.0,1.6133018276073756,0.030845226562035144,False,True,True,-1.6133018276073756,0.0,99.09745230206786,100.2757734880857,96.76957110043021,False,False,False,-1.1783211860178398,0.0,0.14641005454279787,0.8735861271077819,1
2025.03.17startup_a,3213,3242,3228,0.9188797762184936,0.05,0.5226198554275051,0.6122913505311077,0.8585307429859175,0.6462710348401923,0.859778715777862,1.0763114650494183,0.2165327492715563,0.45022538293804504,98.65939012925521,97.30943535718103,1.3499547720741845,1.26683610303379,0.5512354195488556,0.5140706048165478,0.037164814732307816,0.22175161854874198,0.8959704136014894,1.6133018276073756,0.030845226562035144,False,False,False,-0.7173314140058862,0.0,98.71335296376904,100.2757734880857,96.76957110043021,False,False,False,-1.5624205243166642,0.0,0.3962599207909885,2.3643674651500532,0
2025.03.17startup_a,3445,3450,3450,0.5314769502377636,0.05,0.5226198554275051,0.6544006069802731,0.22331772206601638,0.4024492710442446,0.9406492637109721,0.9786296921673251,0.037980428456352966,0.07897074693522471,97.73558342828224,98.12737105678086,0.39178762849861926,0.36766469719680805,0.32783736391993024,0.2003445661513684,0.12749279776856184,0.7607123690007009,0.9288391461883214,1.6133018276073756,0.030845226562035144,False,False,False,-0.6844626814190542,0.0,97.71036061820264,100.2757734880857,96.76957110043021,False,False,False,-2.565412869883062,0.0,0.008857094810258537,0.052847703505625156,0
2025.03.17startup_a,3592,3613,3608,0.7324665126625302,0.05,0.5226198554275051,0.6843702579666161,0.6667257614058768,0.7533967157728801,0.7078620460080257,0.5749522627853038,0.13290978322272196,0.27635246053527585,97.73316888571254,96.6067122586415,1.1264566270710503,1.0570990622764778,0.5757269589010467,0.4204087271312898,0.15531823176975695,0.9267386245068872,0.6131379016405238,1.6133018276073756,0.030845226562035144,False,False,False,-1.0001639259668518,0.0,97.55953386252322,100.2757734880857,96.76957110043021,False,False,False,-2.71623962556248,0.0,0.20984665723502505,1.2520938480141934,0
2025.03.17startup_a,4023,4044,4036,0.6472401115554088,0.05,0.5226198554275051,0.7655538694992413,0.868924598590368,0.7867792872634242,0.6131379016405238,0.16544759182765448,0.4476903098128694,0.930859382016022,98.68607291669585,99.54601032248023,0.8599374057843789,0.8069898151647139,0.4707205290006574,0.36639355251867955,0.10432697648197786,0.6224886646095368,0.6131379016405238,1.6133018276073756,0.030845226562035144,False,False,False,-1.0001639259668518,0.0,98.6587070691805,100.2757734880857,96.76957110043021,False,False,False,-1.6170664189052104,0.0,0.12462025612790373,0.7435727501770169,0
2025.03.17startup_a,4218,4235,4230,0.6917818127794013,0.05,0.5226198554275051,0.8023520485584219,0.8498283445103479,0.7224655238694107,0.5950364568656976,0.981877266787208,0.3868408099215104,0.8043381537845455,99.4654606268305,98.51139914541702,0.9540614814134898,0.8953185352361503,0.3681993128314948,0.28980770426943053,0.07839160856206429,0.46773988258753574,0.9842399889605548,1.6133018276073756,0.030845226562035144,False,False,False,-0.6290618386468209,0.0,99.38961485557084,100.2757734880857,96.76957110043021,False,False,False,-0.8861586325148636,0.0,0.1691619573518962,1.0093401005722402,0
2025.03.17startup_a,4396,4420,4405,0.6787025596999386,0.05,0.5226198554275051,0.835546282245827,0.8180443315140342,0.7822363959489397,0.5187843196928099,0.8221003707473261,0.3033160510545162,0.6306694285122335,98.34160196429312,97.27021594180808,1.0713860224850436,1.005419234515835,0.3963786032619636,0.5154761788409178,0.11909757557895417,0.7106205248187506,0.4090731390438265,1.6133018276073756,0.030845226562035144,False,False,False,-1.2042286885635491,0.0,98.35732742709487,100.2757734880857,96.76957110043021,False,False,False,-1.9184460609908314,0.0,0.15608270427243354,0.9313000091397876,0
2025.03.17startup_a,4520,4532,4529,0.5829880969558549,0.05,0.5226198554275051,0.8590667678300455,0.47394878846716315,0.5070142769986061,1.347521473653845,1.2061133863985967,0.14140808725524834,0.2940225460084423,96.58612039191398,97.28289696484609,0.6967765729321087,0.653875030925884,0.38721121949267956,0.29115403027665215,0.0960571892160274,0.573145254061492,1.3675380544221296,1.6133018276073756,0.030845226562035144,False,False,False,-0.245763773185246,0.0,96.7797847108192,100.2757734880857,96.76957110043021,False,False,False,-3.495988777266504,0.0,0.06036824152834974,0.3601997040554509,0
2025.03.17startup_a,4698,4710,4705,0.603115452095989,0.05,0.5226198554275051,0.8924506828528073,0.4527213326783899,0.3082800774345877,1.0867124109664617,1.0949559068393042,0.008243495872842566,0.01714027600251908,97.83451856471385,98.78110356231689,0.9465849976030398,0.8883023893542606,0.4228710289409718,0.42612199498379105,0.00325096604281927,0.019397566946983295,1.0971804769523517,1.6133018276073756,0.030845226562035144,False,False,False,-0.516121350655024,0.0,97.87067422434367,100.2757734880857,96.76957110043021,False,False,False,-2.4050992637420308,0.0,0.08049559666848394,0.4802937664523266,0
2025.03.17startup_a,5103,5121,5119,0.8046235387029893,0.05,0.5226198554275051,0.97097875569044,,,1.350464402183131,1.222731822382257,0.12773257980087394,0.26558776835364906,99.48691249729991,98.3885691420914,1.0983433552085131,1.030716765249486,0.5358405913652303,0.7606580982897468,0.22481750692451652,1.3414205451498236,1.222731822382257,1.6133018276073756,0.030845226562035144,False,False,False,-0.39057000522511864,0.0,99.2148517757558,100.2757734880857,96.76957110043021,False,False,False,-1.0609217123299004,0.0,0.2820036832754842,1.6826337936425444,0
2025.03.17startup_b,1417,1419,1419,0.7508408685474856,0.05,0.7358327864359394,0.22332389046270065,0.19657016709832473,0.2420303734610548,0.6887876062945308,0.6807937753703209,0.00799383092420991,0.01672511612732826,98.2197322900595,97.36869106023768,0.8510412298218171,0.3764152180693212,0.48617763259288355,0.4117177612586706,0.07445987133421295,0.3329507861865149,0.6807937753703206,1.7512643285853553,0.1786959412050123,False,False,False,-1.0704705532150347,0.0,98.03998947645356,100.61962914888525,93.18075601823989,False,False,False,-2.5796396724316963,0.0,0.01500808211154614,0.06710933887814885,0
2025.03.17startup_b,3273,3307,3288,1.0569112967308838,0.05,0.7358327864359394,0.5174693106704438,0.4443287728199083,0.46002220288485224,1.506715650550352,1.4686036615601865,0.038111988990165546,0.0797399204145635,98.87482612035879,97.04593552946493,1.828890590893863,0.8089176252252531,0.6822103801635685,0.7921072692012363,0.10989688903766781,0.49140906301474013,1.5797194615364951,1.7512643285853553,0.1786959412050123,False,False,False,-0.17154486704886018,0.0,98.54647033757873,100.61962914888525,93.18075601823989,False,False,False,-2.073158811306527,0.0,0.3210785102949444,1.4357175283108048,0
2025.03.17startup_b,3343,3373,3354,1.0651839402646333,0.05,0.7358327864359394,0.5278564683663833,0.4053770681289357,0.4006989461242984,0.4498747696041498,0.4817489208422054,0.03187415123805559,0.06668878613656615,96.10361942374205,94.42135404169147,1.6822653820505735,0.7440653501213053,0.639571247901675,0.727089669410205,0.08751842150853006,0.39134270211502364,0.3491843735073079,1.7512643285853553,0.1786959412050123,False,False,False,-1.4020799550780474,0.0,95.05588428665352,100.61962914888525,93.18075601823989,False,False,False,-5.563744862231729,0.0,0.32935115382869384,1.4727090395644253,0
2025.03.17startup_b,3407,3425,3417,0.951089649585476,0.05,0.7358327864359394,0.5377714825306893,0.7467737041662181,0.7136941235792366,1.3700917152223648,1.8348610064793613,0.4647692912569965,0.9724149087450974,94.04672893650051,95.22496303028588,1.1782340937853633,0.521132499587339,0.5568352189852469,0.7016475215400497,0.14481230255480282,0.6475349624052733,1.554697508762069,1.7512643285853553,0.1786959412050123,False,False,False,-0.1965668198232864,0.0,93.84768617836347,100.61962914888525,93.18075601823989,False,False,False,-6.771942970521778,0.0,0.21525686314953663,0.9625310994158306,0
2025.03.17startup_b,3651,3676,3662,0.9615898280633326,0.05,0.7358327864359394,0.5763298709474347,0.41311709931606094,0.3173979532963102,0.7133933899872583,0.7861012066757992,0.07270781668854087,0.1521231420841607,96.53272370680462,98.05682867137969,1.5241049645750735,0.6741110565479612,0.6433692613769829,0.6715384099707005,0.028169148593717552,0.12595966125680866,0.2829047929798921,1.7512643285853553,0.1786959412050123,False,False,False,-1.4683595356054633,0.0,96.74259504003732,100.61962914888525,93.18075601823989,False,False,False,-3.877034108847937,0.0,0.22575704162739318,1.00948313702558,0
2025.03.17startup_b,3902,3916,3915,0.841336262648435,0.05,0.7358327864359394,0.6161473087818697,0.303392986408395,0.7015225625036021,1.4796604613900464,1.4699768142095246,0.009683647180521726,0.020260639131082007,97.4564215515617,96.13034009326739,1.3260814582943112,0.586525333685708,0.6662507953031029,0.3312924819733408,0.3349583133297621,1.4977817146940164,1.4919310878474152,1.7512643285853553,0.1786959412050123,False,False,False,-0.25933324073794006,0.0,97.09701621746407,100.61962914888525,93.18075601823989,False,False,False,-3.522612931421179,0.0,0.10550347621249556,0.47176371273448936,0
2025.03.17startup_b,4227,4259,4240,1.191433977807588,0.05,0.7358327864359394,0.6672961913755114,0.48496400322983796,0.4749381884286905,1.3874752549846023,1.3179983343602468,0.06947692062435551,0.14536329034584425,97.43179196028694,95.56752469269746,1.864267267589483,0.8245647161138316,0.7089693915825893,0.8106985240763697,0.10172913249378035,0.45488655882639567,1.4267547652077353,1.7512643285853553,0.1786959412050123,False,False,False,-0.32450956337762005,0.0,96.44260513335006,100.61962914888525,93.18075601823989,False,False,False,-4.177024015535196,0.0,0.45560119137164856,2.0372419685474688,0
2025.03.17startup_b,4297,4316,4309,0.8806352025941657,0.05,0.7358327864359394,0.6781554926030847,0.36511777513988347,0.2991499283332108,1.2210728099519637,1.264006195813825,0.04293338586186124,0.08982750211845321,94.7688172783319,93.32091180923202,1.4479054690998794,0.6404080481613137,0.6163073380022094,0.6537025054535195,0.03739516745131011,0.16721423471986557,1.2834031297544843,1.7512643285853553,0.1786959412050123,False,False,False,-0.46786119883087096,0.0,94.30263223366671,100.61962914888525,93.18075601823989,False,False,False,-6.316996915218539,0.0,0.1448024161582263,0.6474907549220515,0
2025.03.17startup_b,4521,4555,4539,1.3855321388902797,0.05,0.7358327864359394,0.714353163361662,1.1259342213903079,0.9475142020889583,1.9025861857771553,1.230461346985328,0.6721248387918273,1.4062551594392354,92.88732872893034,94.79918492937753,1.9118562004471897,0.8456132833413801,0.9322176421440863,0.8001214764693405,0.1320961656747458,0.5906741634862595,1.7306822363524228,1.7512643285853553,0.1786959412050123,False,False,False,-0.020582092232932503,0.0,93.4122521456052,100.61962914888525,93.18075601823989,False,False,False,-7.207377003280058,0.0,0.6496993524543403,2.9051609451969083,0
2025.03.17startup_b,4597,4622,4613,1.1620047280775423,0.05,0.7358327864359394,0.7259993704752912,1.3170891203524426,1.1815505762219096,0.20001409430833278,1.0754079958080267,0.8753939014996939,1.831545450304157,94.78580858668822,96.60048972668442,1.8146811399961962,0.8026327904007283,0.7975735933509029,0.5939587001612553,0.20361489318964765,0.910473487960843,0.804144968682279,1.7512643285853553,0.1786959412050123,False,False,False,-0.9471193599030763,0.0,95.35270572334564,100.61962914888525,93.18075601823989,False,False,False,-5.266923425539616,0.0,0.4261719416416029,1.9056477063103308,0
2025.03.17startup_b,4832,4850,4843,0.8578335715032873,0.05,0.7358327864359394,0.7621970412338684,0.420994738128019,0.28893965335246447,1.710755237572177,1.4477732197225524,0.2629820178496247,0.5502248958772935,95.55344920321704,94.89379551392798,0.6596536892890583,0.29176458037874453,0.5794269322331452,0.5738741591331947,0.005552773099950503,0.024829483801355454,1.7523266075497783,1.7512643285853553,0.1786959412050123,True,False,True,0.0010622789644230135,0.00222255626970856,95.530433480572,100.61962914888525,93.18075601823989,False,False,False,-5.089195668313252,0.0,0.1220007850673479,0.5455321984270104,1
2025.03.17startup_b,4909,4935,4926,1.1524505469522155,0.05,0.7358327864359394,0.7752596789423984,0.5413639002416657,0.6023589035005376,1.560311742611882,1.3990436355587905,0.16126810705309147,0.33741366857392563,93.71567013775164,92.03058137147613,1.6850887662755127,0.7453141319094057,0.8968978533146329,0.7349071661659774,0.1619906871486555,0.7243489100182815,1.4327750609388543,1.7512643285853553,0.1786959412050123,False,False,False,-0.318489267646501,0.0,93.6822185020744,100.61962914888525,93.18075601823989,False,False,False,-6.9374106468108465,0.0,0.4166177605162761,1.8629257399673096,0
2025.03.17startup_b,5218,5240,5228,1.016085832595449,0.05,0.7358327864359394,0.8227887944601826,0.57712956448081,0.5121766338598789,0.8223876469397726,0.5832973937326161,0.2390902532071565,0.5002372814380287,94.35701002798731,95.83569508302223,1.4786850550349158,0.6540218475235913,0.5668676293556243,0.6523572384056014,0.08548960904997716,0.3822707726180167,0.7967286463062392,1.7512643285853553,0.1786959412050123,False,False,False,-0.9545356822791161,0.0,94.97126436781608,100.61962914888525,93.18075601823989,False,False,False,-5.648364781069176,0.0,0.2802530461595095,1.2531645620383969,0
2025.03.17startup_b,5821,5842,5832,0.977612026529341,0.05,0.7358327864359394,0.9178470254957507,0.4779804981824779,0.3470793999307526,1.51939217285574,1.317719508031014,0.201672664824726,0.4219502227256164,95.24698989464625,94.03963917203963,1.2073507226066198,0.5340107736393394,0.6428580897076102,0.6237870141661895,0.019071075541420623,0.08527720342730204,1.5184387137728148,1.7512643285853553,0.1786959412050123,False,False,False,-0.2328256148125405,0.0,94.90781387181738,100.61962914888525,93.18075601823989,False,False,False,-5.7118152770678705,0.0,0.24177924009340157,1.0811271444634858,0
2025.03.17startup_b,5968,5986,5972,0.9046053572572922,0.05,0.7358327864359394,0.9398803903053194,0.22047819934880158,0.31827119328844844,1.2368998767180743,1.3212060144509523,0.08430613773287798,0.176389763205841,94.38348585256027,93.78532429045981,0.5981615621004579,0.2645666354917622,0.48945891253125756,0.6043760149419354,0.11491710241067782,0.5138571811677421,1.1316501862018715,1.7512643285853553,0.1786959412050123,False,False,False,-0.6196141423834838,0.0,94.60273628718464,100.61962914888525,93.18075601823989,False,False,False,-6.016892861700612,0.0,0.16877257082135277,0.7546744190500507,0
2025.03.17startup_b,6183,6203,6201,1.1210964387314435,0.05,0.7358327864359394,0.9759206798866855,,,1.2912354173948344,1.23998463200453,0.051250785390304365,0.1072296056041916,93.03198779654862,91.624940664789,1.4070471317596258,0.6223364208171233,0.8634057405649334,1.0683079018313588,0.20490216126642546,0.9162295671819878,1.150999540671385,1.7512643285853553,0.1786959412050123,False,False,False,-0.6002647879139702,0.0,92.52261182009664,100.61962914888525,93.18075601823989,False,True,True,-8.09701732878861,0.0,0.3852636522955041,1.7227243832469092,1
2025.03.24startup_b,150,166,150,0.9834603647725108,0.05,0.7003233189614314,0.02843601895734597,,,,0.7210137070223688,,,,96.01092081956214,,,,0.7040615937850941,,,0.208180945557171,1.8690210082147605,0.2946700512884983,False,True,True,-1.6608400626575894,0.0,94.676191469392,100.1846450240687,94.40496695561735,False,False,False,-5.508453554676706,0.0,0.28313704581107935,1.3725663204958687,1
2025.03.24startup_b,329,345,341,0.8282841252028822,0.05,0.7003233189614314,0.06464454976303317,0.5602855732214848,0.49320066283690345,1.2706683663469895,1.4833531798743218,0.21268481352733226,0.44450133932105823,95.6402545437981,96.82781859923038,1.18756405543229,0.6760698071219113,0.5571857733161972,0.4831238278494024,0.07406194546679484,0.35903084206774066,1.5711846428660488,1.8690210082147605,0.2946700512884983,False,False,False,-0.2978363653487117,0.0,96.05254156119588,100.1846450240687,94.40496695561735,False,False,False,-4.13210346287282,0.0,0.1279608062414508,0.6203168945532602,0
2025.03.24startup_b,813,823,818,0.797019656530562,0.05,0.7003233189614314,0.15507109004739336,0.4363673561004586,0.44106688910744235,0.6291715338527103,0.7016406940821515,0.07246916022944117,0.15145716446425686,98.27822727800171,97.01125265399229,1.2669746240094213,0.7212775477366604,0.46685462869616945,0.559778080093013,0.09292345139684355,0.4504659551214099,0.4637773498877516,1.8690210082147605,0.2946700512884983,False,False,False,-1.405243658327009,0.0,98.18252730109204,100.1846450240687,94.40496695561735,False,False,False,-2.0021177229766636,0.0,0.09669633756913054,0.46875581357603624,0
2025.03.24startup_b,1106,1152,1141,1.074600341461481,0.05,0.7003233189614314,0.21630331753554502,0.5292863745616958,0.6414814269878798,1.4697978875148228,1.3339540826928828,0.13584380482193992,0.2839072154724432,95.50810344843688,94.14734908098109,1.3607543674557974,0.7746655336509484,0.8692327030290152,0.6906181589328201,0.17861454409619515,0.8658715318402478,1.2842839696213428,1.8690210082147605,0.2946700512884983,False,False,False,-0.5847370385934176,0.0,95.33932444995352,100.1846450240687,94.40496695561735,False,False,False,-4.845320574115178,0.0,0.3742770225000497,1.8143865072386811,0
2025.03.24startup_b,1220,1248,1237,0.9393747359444184,0.05,0.7003233189614314,0.23450236966824645,0.4888091634961742,0.41725143074963494,1.312038365496477,1.2312646643685754,0.0807737011279015,0.16881326756626674,94.33890873105491,92.91818589103465,1.420722840020261,0.8088050594260817,0.7053734914641233,0.6488239126246331,0.05654957883949019,0.2741359652565565,1.2259790140555222,1.8690210082147605,0.2946700512884983,False,False,False,-0.6430419941592382,0.0,93.8541925852202,100.1846450240687,94.40496695561735,False,True,True,-6.330452438848496,0.0,0.23905141698298704,1.1588519717642078,1
2025.03.24startup_b,1430,1447,1441,0.9088901930075508,0.05,0.7003233189614314,0.27317535545023697,0.45605599251985474,0.3874223074412912,1.4385264943718137,1.3220481271728914,0.11647836719892224,0.24343435416557066,94.07115592421884,95.24573510336943,1.1745791791505837,0.6686776308741388,0.5652790727672277,0.5136763714040572,0.05160270136317047,0.25015493728416405,1.554697508762069,1.8690210082147605,0.2946700512884983,False,False,False,-0.31432349945269156,0.0,94.33333333333331,100.1846450240687,94.40496695561735,False,True,True,-5.851311690735386,0.0,0.2085668740461194,1.0110717446625468,1
2025.03.24startup_b,1527,1544,1537,0.7920614729831611,0.05,0.7003233189614314,0.29137440758293837,0.3190037258197539,0.40973402518615565,1.1905091643450076,1.1849977003907457,0.0055114639542619415,0.011518702575227998,94.69907002387872,95.79954147177362,1.100471447894904,0.6264887490642798,0.7189182632770186,0.5969648852753398,0.12195337800167882,0.591194623918959,1.175193620727556,1.8690210082147605,0.2946700512884983,False,False,False,-0.6938273874872045,0.0,94.73338586813765,100.1846450240687,94.40496695561735,False,False,False,-5.451259155931055,0.0,0.09173815402172969,0.44471997704851945,0
2025.03.24startup_b,1988,2001,1999,0.8202944560786241,0.05,0.7003233189614314,0.378957345971564,0.803416738112787,0.7391015711281987,1.5496373586066172,1.0843036730798732,0.46533368552674403,0.9725256966749087,98.01705334448076,99.13125946807948,1.11420612359872,0.6343077795506653,0.547308526567259,0.4213787116936173,0.12592981487364174,0.6104712371590223,1.5184387137728148,1.8690210082147605,0.2946700512884983,False,False,False,-0.35058229444194566,0.0,98.31474911302584,100.1846450240687,94.40496695561735,False,False,False,-1.8698959110428603,0.0,0.11997113711719265,0.5815852947357653,0
2025.03.24startup_b,2076,2082,2081,0.741268033117036,0.05,0.7003233189614314,0.3945023696682464,0.9828171219243508,0.7030823072833424,0.2760247521512754,0.9307882409504685,0.6547634887991931,1.368425149322511,99.31185310379733,98.26281342362614,1.049039680171191,0.5972090945261905,0.3951703059397495,0.42479515450489796,0.029624848565148465,0.1436126780013257,0.5140912790181235,1.8690210082147605,0.2946700512884983,False,False,False,-1.3549297291966371,0.0,99.22475734274548,100.1846450240687,94.40496695561735,False,False,False,-0.9598876813232238,0.0,0.04094471415560463,0.19848810490807997,0
2025.03.24startup_b,2873,2882,2879,0.7790525055029507,0.05,0.7003233189614314,0.545781990521327,0.9764722437897215,0.6612321289544795,1.4287997316148646,0.814270908292831,0.6145288233220336,1.2843365752719063,96.6495360030624,97.82399271665865,1.174456713596257,0.6686079123075368,0.39748145082526776,0.40382504368947614,0.0063435928642083805,0.03075189928399555,1.2259790140555222,1.8690210082147605,0.2946700512884983,False,False,False,-0.6430419941592382,0.0,96.80306905370844,100.1846450240687,94.40496695561735,False,False,False,-3.3815759703602595,0.0,0.07872918654151928,0.38165627382800604,0
2025.03.24startup_b,2992,2999,2998,0.7591231648859793,0.05,0.7003233189614314,0.5683412322274881,0.3379475976188886,0.37461331921387914,0.0,0.04566747550339071,0.04566747550339071,0.09544289358516009,98.52969403102497,99.54929922870434,1.0196051976793683,0.5804523016526171,0.4934404584729688,0.40103708617708234,0.09240337229588647,0.44794476240386005,-0.0,1.8690210082147605,0.2946700512884983,False,True,True,-1.8690210082147605,0.0,98.77319496965966,100.1846450240687,94.40496695561735,False,False,False,-1.4114500544090447,0.0,0.0587998459245479,0.2850446077629542,1
2025.03.24startup_b,3784,3803,3797,0.9078289897518153,0.05,0.7003233189614314,0.7198104265402844,0.4669526764883403,0.41682726447209584,0.45018300711318865,0.4756209187458696,0.025437911632680943,0.05316404872886852,99.11785181010646,97.57076790835391,1.5470839017525435,0.8807413042478122,0.5632327543374058,0.628537080096379,0.06530432575897316,0.31657644043960675,0.2829047929798921,1.8690210082147605,0.2946700512884983,False,True,True,-1.5861162152348685,0.0,98.83380569623192,100.1846450240687,94.40496695561735,False,False,False,-1.3508393278367805,0.0,0.20750567079038384,1.0059273389071972,1
2025.03.24startup_b,3954,3973,3968,0.9538400285750156,0.05,0.7003233189614314,0.7522274881516587,0.7105677038497327,0.8031088462092573,1.4535443706186943,1.7729219612409397,0.31937759062224536,0.667484266630428,97.46485843080735,96.1410173184831,1.32384111232426,0.7536511410690374,0.6088993312211434,0.40505233794312906,0.2038469932780143,0.9881911309283063,1.711237023675737,1.8690210082147605,0.2946700512884983,False,False,False,-0.15778398453902343,0.0,97.20506031185644,100.1846450240687,94.40496695561735,False,False,False,-2.979584712212258,0.0,0.2535167096135842,1.228975517144852,0
2025.03.24startup_b,4269,4269,4269,0.7033939598005917,0.05,0.7003233189614314,0.8092890995260663,0.8572389655509964,0.6442649661162074,1.0168968022110922,0.46514148985813397,0.5517553123529583,1.1531428654960396,98.48599804677515,99.47202247789895,0.9860244311237949,0.5613350656059533,0.47597525198446444,0.5210103225916999,0.04503507060723544,0.21831696724662933,0.804717519321077,1.8690210082147605,0.2946700512884983,False,False,False,-1.0643034888936835,0.0,98.67108438073971,100.1846450240687,94.40496695561735,False,False,False,-1.5135606433289865,0.0,0.00307064083916031,0.014885576651042712,0
2025.03.24startup_b,4439,4475,4468,0.8419966525158804,0.05,0.7003233189614314,0.8470142180094786,0.7136248516801369,0.6229636452006528,1.26999428410118,0.981916626132197,0.288077657968983,0.6020688674098997,96.84014081755363,95.39065277699464,1.4494880405589896,0.825180835950374,0.7755579020467583,0.6844548406223018,0.09110306142445657,0.4416412322416849,1.101131799569232,1.8690210082147605,0.2946700512884983,False,False,False,-0.7678892086455285,0.0,96.16233254531129,100.1846450240687,94.40496695561735,False,False,False,-4.022312478757414,0.0,0.141673333554449,0.6867912518906587,0
2025.03.24startup_b,4558,4576,4566,0.8425938719881504,0.05,0.7003233189614314,0.8655924170616114,0.8808620112158996,0.7436466356853856,1.4977032721438683,0.9799703181366887,0.5177329540071797,1.0820377235691285,94.88472488730714,93.69080821036617,1.1939166769409724,0.6796862988626706,0.49559683508524943,0.5923880774728502,0.09679124238760073,0.46921588462435776,1.2041517951932372,1.8690210082147605,0.2946700512884983,False,False,False,-0.6648692130215232,0.0,94.41559418980958,100.1846450240687,94.40496695561735,False,False,False,-5.769050834259119,0.0,0.14227055302671898,0.6896863987663842,0
2025.03.24startup_b,4686,4751,4730,1.1777054056657206,0.05,0.7003233189614314,0.8966824644549763,1.1329886133255003,1.0018359150071487,1.6953182861736795,1.1909868015531573,0.5043314846205222,1.054029277679437,95.07017038225062,97.19904199593886,2.128871613688233,1.2119479489715632,1.0159244931390874,0.8633719474938627,0.1525525456452247,0.7395305183704456,1.405224438224013,1.8690210082147605,0.2946700512884983,False,False,False,-0.46379656999074736,0.0,95.81742134933624,100.1846450240687,94.40496695561735,False,False,False,-4.3672236747324575,0.0,0.47738208670428917,2.3142099697386405,0
2025.03.24startup_b,5113,5124,5121,0.9412474109190856,0.05,0.7003233189614314,0.9708056872037915,,,1.3119105049699498,1.4233924675869136,0.11148196261696386,0.2329921016528638,95.95878683579811,95.35216409202962,0.606622743768483,0.3453450106537906,0.5979004314477868,0.9269326361036329,0.32903220465584604,1.595052746190114,1.41185921520636,1.8690210082147605,0.2946700512884983,False,False,False,-0.45716179300840043,0.0,95.95352828569544,100.1846450240687,94.40496695561735,False,False,False,-4.2311167383732595,0.0,0.24092409195765419,1.1679301571782728,0
2025.03.25startup_a,271,302,287,0.9158904552204415,0.05,0.5504825180093537,0.056109481915933526,1.2026984950615442,0.8857090302463991,1.2551851388780049,1.7707860788093537,0.5156009399313488,1.2308918513762677,96.1922771635726,94.77211456843517,1.4201625951374268,1.1745051387468208,0.6212962964733013,0.575408148164541,0.04588814830876031,0.2517301006161093,1.5250033289027036,1.4512050187153247,0.07293395574105754,True,False,True,0.07379831018737892,0.17617838064274627,96.02611003514812,100.58469993245929,96.60615760402753,False,True,True,-4.558589897311165,0.0,0.3654079372110879,2.0045301497273926,1
2025.03.25startup_a,504,519,515,0.6711904542557908,0.05,0.5504825180093537,0.10068426197458455,0.44678851446693346,0.4692006339533954,0.2487321299703466,0.2099757257980314,0.03875640417231521,0.09252299286091253,97.87633176380508,98.84493287178194,0.968601107976852,0.8010540360729544,0.38701875853012013,0.29331661665076664,0.0937021418793535,0.5140248729263192,-0.0,1.4512050187153247,0.07293395574105754,False,True,True,-1.4512050187153247,0.0,98.01558262666263,100.58469993245929,96.60615760402753,False,False,False,-2.5691173057966523,0.0,0.12070793624643716,0.6621714332865706,1
2025.03.25startup_a,575,596,590,0.7593918811047384,0.05,0.5504825180093537,0.11534701857282502,1.0400299276438807,0.8721671046231415,0.812285202759364,0.3013398072857797,0.5109453954735843,1.2197776906116553,98.72907360699773,99.76929089616212,1.0402172891643886,0.8602821646761062,0.5052029330243902,0.4074144478566861,0.09778848516770411,0.5364414585816633,0.2829047929798921,1.4512050187153247,0.07293395574105754,False,False,False,-1.1683002257354327,0.0,98.9399480574548,100.58469993245929,96.60615760402753,False,False,False,-1.6447518750044878,0.0,0.20890936309538477,1.1460208557077256,0
2025.03.25startup_a,1081,1096,1092,0.6783109236913639,0.05,0.5504825180093537,0.21348973607038124,1.2634443168726182,1.1091107952666415,0.20144551383427517,0.9327388342083653,0.7312933203740901,1.7458133205385817,99.28888462892957,98.34444095881936,0.9444436701102035,0.7810753132066547,0.43169057116141324,0.2857768265706501,0.14591374459076312,0.8004437520546877,0.7153220528038851,1.4512050187153247,0.07293395574105754,False,False,False,-0.7358829659114396,0.0,99.31174545864832,100.58469993245929,96.60615760402753,False,False,False,-1.2729544738109695,0.0,0.12782840568201026,0.7012324229650004,0
2025.03.25startup_a,1291,1313,1306,0.7379426363719548,0.05,0.5504825180093537,0.255327468230694,0.9087826104566201,0.7369115782632488,0.4938721554908794,0.8751957887407252,0.3813236332498458,0.910332228965531,99.4604380633296,98.36344979334768,1.096988269981921,0.9072329919477092,0.4363109246161131,0.36463963493287316,0.07167128968323994,0.39316951387650606,0.875195788740725,1.4512050187153247,0.07293395574105754,False,False,False,-0.5760092299745997,0.0,98.46247065060972,100.58469993245929,96.60615760402753,False,False,False,-2.1222292818495703,0.0,0.18746011836260112,1.0283560395466342,0
2025.03.25startup_a,1626,1637,1634,0.6098195343499037,0.05,0.5504825180093537,0.31945259042033236,0.9768923704491326,0.7689471631592065,0.14280999750523143,0.6711594404211162,0.5283494429158848,1.2613262963619591,99.60452929531354,98.76723744432446,0.8372918509890752,0.692458444536306,0.46100573510756276,0.5253648260568211,0.06435909094925835,0.35305674857935476,0.208180945557171,1.4512050187153247,0.07293395574105754,False,False,False,-1.2430240731581537,0.0,98.98779680257309,100.58469993245929,96.60615760402753,False,False,False,-1.5969031298862006,0.0,0.05933701634055,0.32550699132949823,0
2025.03.25startup_a,1749,1770,1759,0.7926851926669872,0.05,0.5504825180093537,0.34389051808406645,1.208339551881729,0.919882996248499,0.8765309632573914,1.4838942614449897,0.6073632981875983,1.449955724796914,97.60788224326812,96.43896068016792,1.1689215631001986,0.9667233789665441,0.46019889459770685,0.5227192404322928,0.06252034583458593,0.3429698849820389,1.4326648482653093,1.4512050187153247,0.07293395574105754,False,False,False,-0.018540170450015436,0.0,97.5049504950495,100.58469993245929,96.60615760402753,False,False,False,-3.079749437409788,0.0,0.24220267465763357,1.3286590526778221,0
2025.03.25startup_a,2054,2067,2058,0.5936459235732764,0.05,0.5504825180093537,0.4023460410557185,0.4854505858082874,0.35481156814276843,0.5651458801337603,0.3333154354626178,0.2318304446711425,0.5534477987659232,99.03959174198259,98.53482454618384,0.504767195798749,0.41745337285065165,0.33658990777465125,0.35364023514909765,0.017050327374446395,0.09353353281173062,0.4637773498877516,1.4512050187153247,0.07293395574105754,False,False,False,-0.9874276688275732,0.0,99.10694646078043,100.58469993245929,96.60615760402753,False,False,False,-1.4777534716788523,0.0,0.04316340556392273,0.23678289113849268,0
2025.03.25startup_a,2354,2372,2367,0.7014969878240407,0.05,0.5504825180093537,0.4627565982404692,0.5568675771546272,0.44377960876716055,0.989705545734835,1.1259712553018468,0.13626570956701178,0.32530652785538483,98.6433365551368,99.59667154473085,0.9533349895940546,0.7884286264538695,0.44486111557806934,0.40519391031151275,0.03966720526655659,0.21760367199222716,0.9288391461883214,1.4512050187153247,0.07293395574105754,False,False,False,-0.5223658725270033,0.0,98.7962752668635,100.58469993245929,96.60615760402753,False,False,False,-1.7884246655957838,0.0,0.15101446981468702,0.8284249655304201,0
2025.03.25startup_a,3314,3333,3324,0.7673197371247592,0.05,0.5504825180093537,0.6498533724340176,0.43427965667782326,0.3318807811247143,0.0,0.0,0.0,0.0,99.87841005588074,98.82818438398452,1.0502256718962144,0.8685593133556465,0.3647539117208367,0.3879200126946279,0.02316610097379118,0.1270830300184964,-0.0,1.4512050187153247,0.07293395574105754,False,True,True,-1.4512050187153247,0.0,99.85503044360684,100.58469993245929,96.60615760402753,False,False,False,-0.7296694888524513,0.0,0.21683721911540554,1.189510952108257,1
2025.03.25startup_a,3503,3529,3515,0.7580413123110646,0.05,0.5504825180093537,0.6871945259042033,1.2006911089626373,0.9582492734636414,1.1574197854009245,0.5788593501917291,0.5785604352091954,1.381194776957789,98.16491088850385,96.93134281298494,1.2335680755189173,1.0201874409674856,0.4682339370573369,0.5545242571940434,0.08629032013670651,0.47336560246564974,1.012803023254148,1.4512050187153247,0.07293395574105754,False,False,False,-0.43840199546117664,0.0,97.98505037374066,100.58469993245929,96.60615760402753,False,False,False,-2.5996495587186246,0.0,0.20755879430171098,1.1386119967571984,0
2025.03.25startup_a,3614,3642,3628,1.0544238802880708,0.05,0.5504825180093537,0.7092864125122189,0.8697945301532257,0.6538050440196143,1.0000136795482824,1.2290377253106017,0.22902404576231938,0.5467480950201512,96.49431201551437,97.93664552684726,1.4423335113328903,1.1928409652863003,0.6137715084094301,0.5733345973908038,0.04043691101862623,0.22182607175239133,0.9559312637896478,1.4512050187153247,0.07293395574105754,False,False,False,-0.49527375492567693,0.0,96.68460158852164,100.58469993245929,96.60615760402753,False,False,False,-3.9000983439376427,0.0,0.5039413622787171,2.7644874440667477,0
2025.03.25startup_a,3800,3825,3816,0.8872406948777111,0.05,0.5504825180093537,0.7460410557184751,0.5777153849108692,0.5683592656100317,1.0121526303313475,0.9519872864692253,0.060165343862122245,0.14363246022204296,97.99411699819706,99.21754128619118,1.2234242879941206,1.0117983095996954,0.5341721476797637,0.43397640537045257,0.10019574230931116,0.5496470270083568,1.0971804769523517,1.4512050187153247,0.07293395574105754,False,False,False,-0.35402454176297304,0.0,98.36149513568868,100.58469993245929,96.60615760402753,False,False,False,-2.2232047967706023,0.0,0.3367581768683574,1.847365231997946,0
2025.03.25startup_a,4087,4101,4097,0.653962827077102,0.05,0.5504825180093537,0.8009775171065494,0.4481590187754748,0.38738856333305094,0.3491843735073079,0.4002621365563372,0.05107776304902928,0.12193771860064712,99.85908993013135,98.92274156765656,0.9363483624747886,0.7743803189503026,0.32633521902075924,0.37479687089799296,0.048461651877233725,0.265847652448203,0.3491843735073079,1.4512050187153247,0.07293395574105754,False,False,False,-1.1020206452080168,0.0,99.83419551664676,100.58469993245929,96.60615760402753,False,False,False,-0.7505044158125287,0.0,0.1034803090677483,0.5676652811993602,0
2025.03.25startup_a,4391,4392,4392,0.5681062493446359,0.05,0.5504825180093537,0.8586510263929619,0.34611297646235006,0.39940137728743696,0.35913088581097574,0.4916568405131869,0.13252595470221118,0.31637862754969354,98.66949662622359,99.12395552586668,0.45445889964308606,0.37584732537500665,0.24485927769003576,0.33709457914686797,0.0922353014568322,0.5059781789376107,0.5621380056254565,1.4512050187153247,0.07293395574105754,False,False,False,-0.8890670130898682,0.0,98.6694966262236,100.58469993245929,96.60615760402753,False,False,False,-1.9152033062356821,0.0,0.017623731335282278,0.09667907348126634,0
2025.03.25startup_a,4549,4569,4566,0.7520612114833626,0.05,0.5504825180093537,0.8926686217008798,0.703653627164813,0.8037739252508526,0.949277872149552,1.1601600569992423,0.21088218484969035,0.5034381104240603,98.75531416408454,97.66239331876308,1.0929208453214585,0.9038691439055656,0.4832680708454451,0.300245193762242,0.18302287708320308,1.0040145214229321,1.0305279703180823,1.4512050187153247,0.07293395574105754,False,False,False,-0.4206770483972424,0.0,97.81516478451256,100.58469993245929,96.60615760402753,False,False,False,-2.7695351479467263,0.0,0.20157869347400892,1.1058067640656772,0
2025.03.25startup_a,4626,4653,4642,0.712114265726907,0.05,0.5504825180093537,0.9075268817204301,0.3900492036724271,0.2938512486711266,0.9761348515246255,0.8602941743309855,0.11584067719364,0.27654593809418837,97.73468802688195,98.34356265665319,0.6088746297712362,0.5035524692506659,0.5392955852684973,0.5208011834621887,0.01849440180630857,0.10145533866852564,0.9904799742690308,1.4512050187153247,0.07293395574105754,False,False,False,-0.4607250444462939,0.0,98.09572585901851,100.58469993245929,96.60615760402753,False,False,False,-2.4889740734407724,0.0,0.1616317477175533,0.8866685106125712,0
2025.03.25startup_a,4734,4734,4734,0.5511186591051936,0.05,0.5504825180093537,0.9255131964809384,0.5840996361515851,0.4541338841321791,0.8173541912453671,1.0917709957180388,0.2744168044726717,0.6551140278198494,97.42073088611122,96.80032962238441,0.620401263726805,0.5130852444833209,0.3101686660051698,0.34557002483284893,0.03540135882767914,0.19420238009336685,1.1042875713905729,1.4512050187153247,0.07293395574105754,False,False,False,-0.3469174473247518,0.0,97.2123368920522,100.58469993245929,96.60615760402753,False,False,False,-3.3723630404070803,0.0,0.0006361410958399816,0.003489699801882608,0
2025.03.31startup_a,165,172,169,0.6093033609684736,0.05,0.55704119574594,0.032956318252730106,0.3986044705189827,0.5128203226518111,0.0,0.0,0.0,0.0,99.99664932189674,99.1788397968361,0.817809525060639,0.7972089410379654,0.42592672901934053,0.29009895510902856,0.13582777391031198,0.741252026917468,-0.0,1.567639437855758,0.06319083773442935,False,True,True,-1.567639437855758,0.0,99.9952335557674,100.15561906221633,96.78025507149108,False,False,False,-0.16038550644893235,0.0,0.052262165222533574,0.28520997427137795,1
2025.03.31startup_a,468,491,484,0.8326883100296837,0.05,0.55704119574594,0.09438377535101404,0.6172717500338304,0.7983594053578752,0.9588010706327779,0.9291590936232301,0.029641977009547738,0.06482916394049722,97.43015604063997,98.63009682961216,1.1999407889721851,1.1697143361271636,0.558538343417949,0.3458807839152113,0.21265755950273763,1.160534716005965,0.9432261548473416,1.567639437855758,0.06319083773442935,False,False,False,-0.6244132830084165,0.0,97.82646420824295,100.15561906221633,96.78025507149108,False,False,False,-2.329154853973378,0.0,0.27564711428374367,1.5042872035265225,0
2025.03.31startup_a,628,643,638,0.6574500902123236,0.05,0.55704119574594,0.12441497659906396,0.6823272781611062,0.7393259953012595,0.6851109437532531,0.9551957469769569,0.27008480322370376,0.5906951476410166,98.13553781173466,98.92949701596245,0.7939592042277894,0.7739594086811957,0.5223309284069253,0.36596707690074654,0.15636385150617876,0.8533234295815662,0.8948692308065574,1.567639437855758,0.06319083773442935,False,False,False,-0.6727702070492007,0.0,98.13441429821732,100.15561906221633,96.78025507149108,False,False,False,-2.021204763999009,0.0,0.10040889446638357,0.5479608065497302,0
2025.03.31startup_a,900,929,916,1.147224448588008,0.05,0.55704119574594,0.17862714508580343,0.8073503811064991,0.7090317699256504,0.9457165573362631,0.962334434076453,0.016617876740189885,0.03634450749306423,96.9852052903013,98.60434766641211,1.6191423761108155,1.5783562547199341,0.6119868754489753,0.5180951783849992,0.09389169706397615,0.512394547563953,0.9842399889605548,1.567639437855758,0.06319083773442935,False,False,False,-0.5833994488952033,0.0,97.14374902450444,100.15561906221633,96.78025507149108,False,False,False,-3.011870037711887,0.0,0.5901832528420681,3.2208032262296733,0
2025.03.31startup_a,1509,1528,1523,0.6501189877553727,0.05,0.55704119574594,0.296996879875195,0.7320294631774653,0.6034222997456457,1.1224366079521464,0.8616944686856437,0.2607421392665027,0.570262060700585,96.87484443096874,95.95795106390518,0.9168933670635511,0.8937968656543455,0.476981155708413,0.4135416552970362,0.0634395004113768,0.3462079728820065,0.875195788740725,1.567639437855758,0.06319083773442935,False,False,False,-0.6924436491150331,0.0,96.31569104170563,100.15561906221633,96.78025507149108,False,True,True,-3.8399280205106976,0.0,0.09307779200943267,0.5079528288047462,1
2025.03.31startup_a,1602,1615,1613,0.6321844743201046,0.05,0.55704119574594,0.31454758190327614,0.43914426362403597,0.477307390638364,1.088012838040621,1.0949351651713455,0.006922327130724382,0.015139633913855791,96.33902413337356,97.22447755740967,0.8854534240361147,0.8631488933342162,0.44166194619185534,0.3402135551099558,0.10144839108189951,0.55363364466702,1.09722616210171,1.567639437855758,0.06319083773442935,False,False,False,-0.470413275754048,0.0,96.5865107469324,100.15561906221633,96.78025507149108,False,True,True,-3.569108315283927,0.0,0.07514327857416458,0.4100789253095071,1
2025.03.31startup_a,1766,1785,1779,0.7494702608368561,0.05,0.55704119574594,0.3469188767550702,0.6990196420882868,0.4864047458655368,1.2708079299036033,1.459207571669505,0.18839964176590174,0.4120437465570702,97.67843634543696,98.6899108796822,1.011474534245238,0.9859955376195033,0.45470739715071856,0.46591715771847725,0.011209760567758686,0.061174953420036864,1.570663071721726,1.567639437855758,0.06319083773442935,True,False,True,0.003023633865967934,0.006612907618467428,97.82067247820672,100.15561906221633,96.78025507149108,False,False,False,-2.3349465840096144,0.0,0.19242906509091606,1.0501418850511388,1
2025.03.31startup_a,1882,1892,1888,0.6470150348608675,0.05,0.55704119574594,0.36817472698907955,0.642987355215197,0.5399049292497122,0.1778532241615095,0.0,0.1778532241615095,0.38897796266418533,99.67200155364148,98.75182561668258,0.9201759369588984,0.8969967477662087,0.32756518094177534,0.38872005151308703,0.06115487057131169,0.3337400773187426,-0.0,1.567639437855758,0.06319083773442935,False,True,True,-1.567639437855758,0.0,99.03437845384212,100.15561906221633,96.78025507149108,False,False,False,-1.1212406083742081,0.0,0.08997383911492751,0.4910136468666874,1
2025.03.31startup_a,2100,2125,2115,0.987707158734521,0.05,0.55704119574594,0.4124414976599064,1.2033284357076948,0.899662675842686,0.9811216707958558,1.5337884310400722,0.5526667602442165,1.2087224813916835,98.33762313903867,97.10873306502175,1.2288900740169169,1.1979343900237058,0.5387914802313436,0.4852244224189909,0.053567057812352714,0.2923311561126684,1.0916362019205923,1.567639437855758,0.06319083773442935,False,False,False,-0.4760032359351658,0.0,97.86922783360896,100.15561906221633,96.78025507149108,False,False,False,-2.2863912286073713,0.0,0.43066596298858095,2.350270558070399,0
2025.03.31startup_a,2413,2424,2419,0.6180107696013649,0.05,0.55704119574594,0.4717238689547582,0.5614065116760409,0.407417121681285,0.8980694471500155,1.0197373491250834,0.12166790197506794,0.26609656842043306,97.37779528954162,98.25665005527853,0.8788547657369037,0.8567164549316488,0.39082375779889206,0.4090449404774662,0.018221182678574144,0.09943834169177337,0.5140912790181235,1.567639437855758,0.06319083773442935,False,False,False,-1.0535481588376348,0.0,97.44818304172274,100.15561906221633,96.78025507149108,False,False,False,-2.7074360204935886,0.0,0.0609695738554249,0.3327288587566028,0
2025.03.31startup_a,3412,3425,3420,0.6858340052192058,0.05,0.55704119574594,0.6669266770670826,0.520314440935734,0.36094419013709605,0.8954648818814637,0.9506443917299771,0.055179509848513386,0.12068160936004095,99.77242980407453,98.82871028051544,0.9437195235590963,0.9199472725114269,0.40213006510604715,0.39439661837402734,0.007733446732019811,0.04220368853982043,0.9669852958320848,1.567639437855758,0.06319083773442935,False,False,False,-0.6006541420236733,0.0,99.77245912691724,100.15561906221633,96.78025507149108,False,False,False,-0.38315993529909065,0.0,0.12879280947326577,0.7028601612619497,0
2025.03.31startup_a,3756,3764,3763,0.5899127033599987,0.05,0.55704119574594,0.733814352574103,0.44851613928224754,0.5491087113636587,0.9447431984661622,0.9127341558073346,0.032009042658827536,0.07000610902029575,98.78527042384242,99.6336676809618,0.8483972571193874,0.8270261695441994,0.4077556239019499,0.27027101613831545,0.13748460776363447,0.7502938555264808,0.9127341558073344,1.567639437855758,0.06319083773442935,False,False,False,-0.6549052820484237,0.0,99.03582485625827,100.15561906221633,96.78025507149108,False,False,False,-1.1197942059580583,0.0,0.03287150761405866,0.17938946465281136,0
2025.03.31startup_a,3849,3862,3858,0.6257105528601064,0.05,0.55704119574594,0.7523400936037441,0.7396683809656153,0.5588807072082816,0.853003925446702,0.564781535203583,0.288222390243119,0.6303633722667885,99.17298368425618,98.30207207144032,0.8709116128158598,0.848973389664442,0.39075557548168854,0.35460114107264656,0.03615443440904198,0.19730535969361424,0.6807937753703206,1.567639437855758,0.06319083773442935,False,False,False,-0.8868456624854375,0.0,99.28851815505398,100.15561906221633,96.78025507149108,False,False,False,-0.867100907162353,0.0,0.06866935711416633,0.37474883584270274,0
2025.03.31startup_a,4151,4161,4159,0.60497630482565,0.05,0.55704119574594,0.8110374414976599,0.9402829158763262,0.8321247380580038,0.07769917970532053,0.5503400303809604,0.4726408506756398,1.0336999851108992,98.25127484967574,99.12002445869346,0.8687496090177262,0.846865846641753,0.46827463402308617,0.35543328087705783,0.11284135314602833,0.6158083824213592,0.4090731390438265,1.567639437855758,0.06319083773442935,False,False,False,-1.1585662988119316,0.0,98.56189540116912,100.15561906221633,96.78025507149108,False,False,False,-1.593723661047207,0.0,0.04793510907970999,0.2615959589333105,0
2025.03.31startup_a,4417,4446,4428,0.7060512935204593,0.05,0.55704119574594,0.8634945397815913,0.5461362745415844,0.6896039754817958,0.9904610046085676,0.9739358707790217,0.0165251338295459,0.03614167198865368,99.41720654824115,98.33378431532692,1.0834222329142307,1.0561308770945153,0.38058421198276343,0.5595262788455913,0.17894206686282782,0.9765393773622182,0.995148095654003,1.567639437855758,0.06319083773442935,False,False,False,-0.5724913422017551,0.0,98.67589985541436,100.15561906221633,96.78025507149108,False,False,False,-1.479719206801974,0.0,0.14901009777451923,0.8131918371824752,0
2025.03.31startup_a,4478,4495,4491,0.6817763490496591,0.05,0.55704119574594,0.875780031201248,1.1470033275937381,1.0424948998139063,0.9788712267267278,0.31883299774273427,0.6600382289839934,1.4435517084442815,97.99449652587977,97.12206507124007,0.8724314546396954,0.8504549467431949,0.4279817006992309,0.2752543377469011,0.1527273629523298,0.8334780442542427,0.875195788740725,1.567639437855758,0.06319083773442935,False,False,False,-0.6924436491150331,0.0,98.04330065359476,100.15561906221633,96.78025507149108,False,False,False,-2.112318408621576,0.0,0.12473515330371909,0.6807163406454337,0
2025.03.31startup_a,4726,4750,4737,0.8067388636976323,0.05,0.55704119574594,0.9237519500780031,0.9508197708185571,0.8307155448483247,0.8168055406000552,1.1354009488157233,0.3185954082156681,0.6967913760694976,96.15196824290956,97.38795075054442,1.2359825076348585,1.2048481655676164,0.6083300131137322,0.5001248939433063,0.10820511917042597,0.5905070929078602,1.049830215710004,1.567639437855758,0.06319083773442935,False,False,False,-0.5178092221457542,0.0,96.76526717557252,100.15561906221633,96.78025507149108,False,True,True,-3.3903518866438134,0.0,0.24969766795169224,1.3626734588757397,1
2025.03.31startup_a,4958,4977,4973,0.9513939293932228,0.05,0.55704119574594,0.9697737909516381,,,1.197594078471048,0.6123566369464932,0.5852374415245547,1.2799569350078037,97.71955064430232,96.59253465606915,1.1270159882331683,1.0986265077379729,0.5492829928158123,0.8750702969639432,0.32578730414813095,1.7779169354806446,0.5140912790181235,1.567639437855758,0.06319083773442935,False,False,False,-1.0535481588376348,0.0,97.6461843409316,100.15561906221633,96.78025507149108,False,False,False,-2.509434721284734,0.0,0.39435273364728274,2.1520986078260416,0
2025.03.31startup_b,246,266,257,0.663464099793117,0.05,0.4936341497200312,0.04062598798608916,0.6488834473978888,0.4889826847352765,1.1684699184232687,0.9359870755746285,0.2324828428486403,0.484554215492756,98.74906454212295,99.56030890992028,0.8112443677973289,0.8132126793030218,0.40375879286825817,0.37631762569253296,0.0274411671757252,0.16918115941005185,0.976414308115487,1.5416848913295513,-0.036916804177802964,False,False,False,-0.5652705832140643,0.0,98.71638580136248,100.42373446150714,97.14148499244322,False,False,False,-1.7073486601446604,0.0,0.16982995007308582,1.0470410267873953,0
2025.03.31startup_b,1043,1065,1057,0.6947815743948224,0.05,0.4936341497200312,0.16708820739803984,0.9067997441844993,0.7059388190877058,1.0218914470171174,0.5764355616570097,0.4454558853601077,0.9284449743580744,98.74026156164042,97.85724948817253,0.8830120734678957,0.8851545140109243,0.46913611756002277,0.4197921555596068,0.049343962000415964,0.3042169688941191,0.4023829390456117,1.5416848913295513,-0.036916804177802964,False,False,False,-1.1393019522839396,0.0,98.56928651755592,100.42373446150714,97.14148499244322,False,False,False,-1.8544479439512145,0.0,0.20114742467479113,1.2401205204176196,0
2025.03.31startup_b,1358,1362,1360,0.5100992305376632,0.05,0.4936341497200312,0.21498577300031615,1.1791973533667561,0.8172370091615738,0.3188329977427342,1.1610283507445311,0.8421953530017969,1.7553523673620943,98.57226393650099,99.17384666363908,0.6015827271380942,0.603042339371418,0.32614970205279287,0.3110138041378777,0.015135897914915153,0.09331632075120941,0.8536576732793313,1.5416848913295513,-0.036916804177802964,False,False,False,-0.68802721805022,0.0,98.67883616559932,100.42373446150714,97.14148499244322,False,False,False,-1.7448982959078165,0.0,0.016465080817631927,0.1015110415919675,0
2025.03.31startup_b,1502,1525,1516,0.7587888214086639,0.05,0.4936341497200312,0.23964590578564654,0.613064878025977,0.4238480359329755,1.0127695232001357,1.0989084854163245,0.08613896221618877,0.17953581756224476,98.51904228925667,97.47498154158328,1.0440607476733987,1.0465939384897092,0.46967981060615444,0.4770460139281528,0.007366203321998388,0.045414351746972594,0.8793939303559065,1.5416848913295513,-0.036916804177802964,False,False,False,-0.6622909609736448,0.0,98.38091461802802,100.42373446150714,97.14148499244322,False,False,False,-2.0428198434791227,0.0,0.26515467168863266,1.6347400419234905,0
2025.03.31startup_b,1801,1823,1815,0.5865949867348533,0.05,0.4936341497200312,0.2869111602908631,0.7861484251229716,0.7025126749738906,1.3562793626059935,1.766100120305177,0.40982075769918347,0.8541721759177814,96.72628700201356,96.00990048683488,0.7163865151786837,0.7181246743281616,0.48814928982270056,0.4013332246956783,0.08681606512702228,0.5352411746757285,1.4900315255825651,1.5416848913295513,-0.036916804177802964,False,False,False,-0.0516533657469862,0.0,96.64834739530924,100.42373446150714,97.14148499244322,False,True,True,-3.7753870661978937,0.0,0.0929608370148221,0.5731251183735714,1
2025.03.31startup_b,2060,2083,2070,0.7805093364294563,0.05,0.4936341497200312,0.32722099272842237,0.5532487359530411,0.39655194149597967,1.24151489132126,1.120228958677658,0.12128593264360199,0.2527911704034444,97.64203029635472,96.79039031769541,0.851639978659307,0.8537063015026378,0.46655307614734554,0.4800413526387351,0.013488276491389561,0.08315835258185682,1.1267251857192595,1.5416848913295513,-0.036916804177802964,False,False,False,-0.41495970561029183,0.0,97.50290681579094,100.42373446150714,97.14148499244322,False,False,False,-2.9208276457162015,0.0,0.2868751867094251,1.7686520541447417,0
2025.03.31startup_b,2360,2386,2370,0.8468984239850244,0.05,0.4936341497200312,0.3746443250079039,0.6116983551025573,0.5899975034193375,0.6242482757964714,0.6449870634673334,0.020738787670862013,0.043224983258949155,97.04538006321751,98.22269528577317,1.177315222555663,1.1801717269461656,0.4462166051207045,0.53487438935096,0.0886577842302555,0.5465958000528979,0.603652249754401,1.5416848913295513,-0.036916804177802964,False,False,False,-0.9380326415751503,0.0,97.07265146810964,100.42373446150714,97.14148499244322,False,True,True,-3.3510829933974975,0.0,0.35326427426499313,2.1779561749535032,1
2025.03.31startup_b,2535,2554,2547,0.5845728734428866,0.05,0.4936341497200312,0.40262409105279795,0.5081063398872123,0.41783102052440374,0.6471916209855233,0.5329750221136982,0.11421659887182511,0.23805685522617356,98.62760506571757,97.85133270056643,0.7762723651511436,0.778155824548251,0.3959553129580582,0.3574684587056955,0.0384868542523627,0.2372803817987866,0.5140912790181235,1.5416848913295513,-0.036916804177802964,False,False,False,-1.0275936123114278,0.0,98.7950916617386,100.42373446150714,97.14148499244322,False,False,False,-1.6286427997685422,0.0,0.09093872372285533,0.5606583209883623,0
2025.03.31startup_b,2837,2849,2843,0.5534328104611002,0.05,0.4936341497200312,0.44941511223521974,0.3738160089524882,0.3536054397067394,0.4637773498877515,0.24663766045474972,0.21713968943300177,0.4525751258730542,99.13969843215796,99.43404116430256,0.2943427321445995,0.29505689203192215,0.2994867442788605,0.3502852066870187,0.05079846240815816,0.313184301215242,0.4637773498877516,1.5416848913295513,-0.036916804177802964,False,False,False,-1.0779075414417998,0.0,99.1753336922946,100.42373446150714,97.14148499244322,False,False,False,-1.2484007692125374,0.0,0.05979866074106893,0.36867261113775973,0
2025.03.31startup_b,3198,3213,3211,0.5877289924168724,0.05,0.4936341497200312,0.5075877331647171,0.749974664382598,0.7273318769929779,0.9095159244923041,0.5692335701890617,0.3402823543032424,0.7092362051972388,99.83670015788913,99.04790088758297,0.788799270306157,0.790713123567957,0.35660547056086306,0.24597762839512155,0.11062784216574151,0.6820463022137377,0.9288391461883214,1.5416848913295513,-0.036916804177802964,False,False,False,-0.6128457451412299,0.0,99.82370141038872,100.42373446150714,97.14148499244322,False,False,False,-0.600033051118416,0.0,0.09409484269684115,0.5801165263859567,0
2025.03.31startup_b,3497,3518,3512,0.6644927962626913,0.05,0.4936341497200312,0.5551691432184634,0.9387771689704697,0.9151082306288938,0.6934146659593428,1.1566660319389064,0.4632513659795636,0.9655353464699251,98.6512562845655,99.56106781233113,0.9098115277656262,0.9120189914710143,0.4433996127309171,0.3026473479054491,0.140752264825468,0.867770353945742,1.222731822382257,1.5416848913295513,-0.036916804177802964,False,False,False,-0.31895306894729436,0.0,98.70497171777316,100.42373446150714,97.14148499244322,False,False,False,-1.7187627437339756,0.0,0.1708586465426601,1.0533831790832187,0
2025.03.31startup_b,4483,4506,4494,0.76653515148882,0.05,0.4936341497200312,0.7104015175466329,0.5674476962188025,0.5268774940813895,0.7029011917928809,0.6692063108221823,0.033694880970698615,0.07022882383414623,99.66247813012286,98.60038849558603,1.0620896345368322,1.0646665686034589,0.3889108280902717,0.46120933958206856,0.07229851149179684,0.4457370898065635,0.7153220528038851,1.5416848913295513,-0.036916804177802964,False,False,False,-0.8263628385256663,0.0,99.6039603960396,100.42373446150714,97.14148499244322,False,False,False,-0.8197740654675414,0.0,0.2729010017687888,1.682497963288187,0
2025.03.31startup_b,4679,4702,4693,0.7648674735752179,0.05,0.4936341497200312,0.7418589946253556,0.5870836251906314,0.39957122472695983,1.3449789419507463,1.3096774187728302,0.03530152317791613,0.07357748064149043,97.74091642185817,98.83884230850566,1.097925886647488,1.1005897697397724,0.39748663316447236,0.4014680606555731,0.003981427491100753,0.024546423799616614,1.411268792775777,1.5416848913295513,-0.036916804177802964,False,False,False,-0.13041609855377434,0.0,97.90086529216964,100.42373446150714,97.14148499244322,False,False,False,-2.522869169337497,0.0,0.27123332385518667,1.672216342206292,0
2025.03.31startup_b,5454,5461,5460,0.5373996842364884,0.05,0.4936341497200312,0.8631046474865633,0.5349759348840595,0.45927071467236713,1.0505082016761624,0.9455358633347027,0.10497233834145969,0.21878943164249787,97.74224885135862,96.89314657887333,0.8491022724852968,0.8511624381256212,0.42510254155932814,0.4750374473247806,0.04993490576545245,0.3078602742489822,1.0434758622197662,1.5416848913295513,-0.036916804177802964,False,False,False,-0.49820902910978515,0.0,97.74374025497568,100.42373446150714,97.14148499244322,False,False,False,-2.679994206531461,0.0,0.043765534516457205,0.26982466978462977,0
2025.03.31startup_b,5526,5553,5540,0.6875316497822782,0.05,0.4936341497200312,0.8757508694277585,0.5558711521740071,0.5467788912082084,0.9070748782111011,0.9286103203283953,0.02153544211729419,0.04488541662934235,97.20577384029204,98.27004849246462,1.0642746521725854,1.0668568877186717,0.5206020818328799,0.4348641278783884,0.08573795395449152,0.5285943692766114,0.9127341558073344,1.5416848913295513,-0.036916804177802964,False,False,False,-0.6289507355222169,0.0,97.34936045615656,100.42373446150714,97.14148499244322,False,False,False,-3.0743740053505775,0.0,0.19389750006224699,1.1954230538801645,0
2025.03.31startup_b,5613,5633,5626,0.692035322681929,0.05,0.4936341497200312,0.8893455580145432,0.6475610675724535,0.6143807218519769,1.173283724299708,0.9513661810782029,0.22191754322150514,0.4625334056577462,98.54223574864777,97.71166222873305,0.8305735199147222,0.8325887294871607,0.4141535658848199,0.3252647716325835,0.08888879425223639,0.5480200304110235,1.0236982481827188,1.5416848913295513,-0.036916804177802964,False,False,False,-0.5179866431468325,0.0,98.65468847769732,100.42373446150714,97.14148499244322,False,False,False,-1.7690459838098178,0.0,0.1984011729618978,1.2231892417353434,0
2025.03.31startup_b,5754,5762,5759,0.5209483471337882,0.05,0.4936341497200312,0.9103699019917799,0.5669702566012393,0.4382669721549817,0.9880197170505733,1.2529919976026516,0.2649722805520782,0.552270584603227,97.29925343600848,97.87951548246065,0.5802620464521624,0.5816699285992518,0.3794817903517398,0.4088173297149931,0.029335539363253338,0.18086040326246633,1.180846716107336,1.5416848913295513,-0.036916804177802964,False,False,False,-0.3608381752222154,0.0,97.3411188154945,100.42373446150714,97.14148499244322,False,False,False,-3.0826156460126413,0.0,0.027314197413757013,0.16839836138246655,0
2025.03.31startup_b,5918,5936,5927,0.6234176616563468,0.05,0.4936341497200312,0.9369269680682896,0.52636012302345,0.4201175857947021,0.9118390843460038,0.8135139254362508,0.09832515890975302,0.20493499500836218,98.3584727811005,99.20420604069025,0.8457332595897498,0.8477852510385379,0.38721658807477544,0.353538615453071,0.03367797262170441,0.20763251133720628,0.9669852958320848,1.5416848913295513,-0.036916804177802964,False,False,False,-0.5746995954974665,0.0,98.47672778561352,100.42373446150714,97.14148499244322,False,False,False,-1.9470066758936184,0.0,0.1297835119363156,0.8001454486643538,0
2025.03.31startup_b,6157,6175,6171,0.8398883291040546,0.05,0.4936341497200312,0.9754979449889346,,,1.5921248874417557,1.7575177580349783,0.1653928705932226,0.34472140686343394,98.69574471229488,98.07039784883594,0.6253468634589439,0.6268641343026691,0.4889365918917243,0.8233518244249647,0.3344152325332404,2.061747461471107,1.7693970225289426,1.5416848913295513,-0.036916804177802964,True,False,True,0.22771213119939127,0.4746108217686478,98.50634802091112,100.42373446150714,97.14148499244322,False,False,False,-1.9173864405960188,0.0,0.3462541793840234,2.1347373143291617,1
2025.04.07startup_a,304,317,312,0.7061154571700969,0.05,0.6114069747001494,0.05258722400134839,0.6352112879019729,0.4458728371832524,1.1618419336689987,0.9348116789899485,0.22703025467905014,0.5828200309035925,98.89553935215166,97.79677287738845,1.0987664747632095,0.6876025449003534,0.37273733831067574,0.38564571841519424,0.012908380104518502,0.06719593574581141,1.3058755112911309,1.3627708425904919,0.08109570273337174,False,False,False,-0.056895331299360974,0.0,98.78423977768956,100.40552250618416,95.14781262357891,False,False,False,-1.6212827284945917,0.0,0.09470848246994756,0.4930150066162224,0
2025.04.07startup_a,387,410,394,0.9538871564910828,0.05,0.6114069747001494,0.06640822518118995,1.2884038473179729,1.24389710935968,0.12914744243177786,0.8496500674599626,0.7205026250281847,1.8496361323238024,97.54798963300395,96.38599315699388,1.1619964760100743,0.7271715623121435,0.419793593636766,0.6416474416635811,0.22185384802681513,1.1548836334430943,0.1206810140135238,1.3627708425904919,0.08109570273337174,False,False,False,-1.2420898285769681,0.0,97.20927262277284,100.40552250618416,95.14781262357891,False,False,False,-3.196249883411312,0.0,0.3424801817909334,1.7828167518697184,0
2025.04.07startup_a,553,563,560,0.6848118711103526,0.05,0.6114069747001494,0.09438732513062531,0.477643323452133,0.35220231002229013,1.4819208538926112,1.3516860956276147,0.13023475826499653,0.3343317653588986,96.1260303877356,97.11829606685912,0.9922656791235198,0.6209548815453674,0.36295411229285074,0.3434904243057113,0.019463687987139433,0.10132028316260433,1.411268792775777,1.3627708425904919,0.08109570273337174,True,False,True,0.04849795018528513,0.12450136597744414,96.18692011767368,100.40552250618416,95.14781262357891,False,False,False,-4.218602388510476,0.0,0.0734048964102032,0.3821169397453179,1
2025.04.07startup_a,688,700,694,0.6912303724192573,0.05,0.6114069747001494,0.11697286364402494,1.2586879677125582,0.844828727139009,1.2100636379497303,0.5005764759803631,0.7094871619693671,1.8213578196846638,98.22187025135544,99.33408453426549,1.1122142829100454,0.6960181157404528,0.45962495080562266,0.4563380621494265,0.003286888656196141,0.017110245991910293,1.1706718933538656,1.3627708425904919,0.08109570273337174,False,False,False,-0.1920989492366263,0.0,98.62441792003426,100.40552250618416,95.14781262357891,False,False,False,-1.781104586149894,0.0,0.07982339771910796,0.41552912609599696,0
2025.04.07startup_a,1634,1662,1649,1.0529161727461482,0.05,0.6114069747001494,0.27793696275071633,0.96776229182527,0.6774694277681178,0.98465260881617,1.362380619326522,0.377728010510352,0.9696833185075513,96.74380815705594,95.20042526827417,1.543382888781764,0.9658412651429887,0.6334529144544935,0.6148414968563483,0.01861141759814522,0.09688369965381331,0.9904799742690308,1.3627708425904919,0.08109570273337174,False,False,False,-0.3722908683214611,0.0,96.4058664316737,100.40552250618416,95.14781262357891,False,False,False,-3.9996560745104546,0.0,0.44150919804599886,2.298322753348322,0
2025.04.07startup_a,1893,1919,1908,0.956479650144668,0.05,0.6114069747001494,0.32159110062363055,0.8064312022239768,0.6104223267688694,1.500412755464405,1.2365238653278603,0.2638888901365446,0.6774415653187741,96.85207796843953,98.34685000710172,1.494772038662191,0.9354208391291796,0.6156323287402523,0.5736766769518122,0.041955651788440074,0.21840457585865442,1.4326648482653093,1.3627708425904919,0.08109570273337174,True,False,True,0.0698940056748174,0.17942818504503025,97.2987012987013,100.40552250618416,95.14781262357891,False,False,False,-3.1068212074828523,0.0,0.3450726754445186,1.796312251348135,1
2025.04.07startup_a,2143,2151,2149,0.6528458471690458,0.05,0.6114069747001494,0.36221136018877464,0.40276652342171004,0.5346331696113903,0.6107256308491338,0.5140912790181233,0.09663435183101043,0.24807458371624364,99.23192595681607,98.3411254865445,0.8908004702715715,0.5574584631271764,0.41990277960180733,0.2665360969342678,0.15336668266753956,0.7983664619907509,0.5140912790181235,1.3627708425904919,0.08109570273337174,False,False,False,-0.8486795635723684,0.0,99.22317234734432,100.40552250618416,95.14781262357891,False,False,False,-1.1823501588398386,0.0,0.04143887246889644,0.2157144265394023,0
2025.04.07startup_a,2481,2513,2491,0.7638771119163243,0.05,0.6114069747001494,0.41985504803640655,0.5278894525245281,0.6770710627837682,0.0,0.10186857890339139,0.10186857890339139,0.2615116138970629,99.42281733702451,98.15360407132133,1.2692132657031863,0.7942672911519932,0.43740917665261,0.6247906954318744,0.1873815187792644,0.9754342833022481,-0.0,1.3627708425904919,0.08109570273337174,False,True,True,-1.3627708425904919,0.0,99.31331953071084,100.40552250618416,95.14781262357891,False,False,False,-1.0922029754733131,0.0,0.15247013721617497,0.7936993999693897,1
2025.04.07startup_a,2933,2940,2938,0.6669899387752578,0.05,0.6114069747001494,0.4951963593460307,0.8533917434580796,0.7448068389745938,0.5114255681333334,0.9524641861007319,0.4410386179673985,1.1322109527508564,96.34307686221133,95.4249286637458,0.9181481984655306,0.5745725341653029,0.39965731156800105,0.2982979173581783,0.10135939420982276,0.527637030007622,0.9127341558073344,1.3627708425904919,0.08109570273337174,False,False,False,-0.45003668678315745,0.0,95.63579636252948,100.40552250618416,95.14781262357891,False,False,False,-4.76972614365468,0.0,0.05558296407510843,0.2893429889971502,0
2025.04.07startup_a,3047,3070,3059,0.9762410014764368,0.05,0.6114069747001494,0.5155907635260408,0.8337977557132946,0.766937251902562,0.8843844285852931,0.5822758488698724,0.3021085797154207,0.7755571257006997,95.94086760980927,94.51541931892265,1.4254482908866208,0.8920383857258896,0.5323482365611968,0.6539894620135196,0.12164122545232281,0.6332162442810972,0.7153220528038851,1.3627708425904919,0.08109570273337174,False,False,False,-0.6474487897866068,0.0,95.83333333333331,100.40552250618416,95.14781262357891,False,False,False,-4.572189172850841,0.0,0.3648340267762874,1.8991820524841525,0
2025.04.07startup_a,3348,3366,3359,0.7191669461969689,0.05,0.6114069747001494,0.5661554019888758,0.4257192112150957,0.4709518747016557,0.8482434412477592,0.7763223410096303,0.07192110023812892,0.18463203471565628,97.47043100400256,98.53596589681607,1.0655348928135027,0.6668063877145352,0.5204825512856955,0.4126339655639786,0.10784858572171696,0.5614172016747757,0.7771529943226336,1.3627708425904919,0.08109570273337174,False,False,False,-0.5856178482678582,0.0,97.23804805548674,100.40552250618416,95.14781262357891,False,False,False,-3.167474450697412,0.0,0.10775997149681948,0.5609559109695004,0
2025.04.07startup_a,3524,3547,3537,0.9867468392660712,0.05,0.6114069747001494,0.5961570874768245,0.3019601238309784,0.2969069491720671,0.9815696924262804,0.9777763292574745,0.0037933631688059632,0.009738120773363399,97.25685471095002,96.30737102190507,0.9494836890449534,0.5941821268885934,0.547390912099993,0.4922963425247301,0.05509456957526293,0.28680059985424466,0.9982545693874832,1.3627708425904919,0.08109570273337174,False,False,False,-0.3645162732030086,0.0,97.61778014373172,100.40552250618416,95.14781262357891,False,False,False,-2.787742362452434,0.0,0.37533986456592183,1.9538713005038228,0
2025.04.07startup_a,3826,3856,3841,1.0611175750680388,0.05,0.6114069747001494,0.647395921119164,0.505281532992631,0.46397043798807425,0.9601828789952971,0.9739631994725307,0.013780320477233654,0.035376107989469,92.52799782295048,94.08631482456568,1.558317001615194,0.9751869579957929,0.5224784555305062,0.595735685785112,0.07325723025460584,0.38134824797896083,0.995148095654003,1.3627708425904919,0.08109570273337174,False,False,False,-0.3676227469364889,0.0,92.98804780876496,100.40552250618416,95.14781262357891,False,True,True,-7.417474697419195,0.0,0.44971060036788946,2.3410160191946225,1
2025.04.07startup_a,3895,3922,3909,0.81559560453509,0.05,0.6114069747001494,0.6588572391707399,0.44283997417983745,0.35132736435453976,0.9630737487130525,0.9240643875058233,0.0390093612072292,0.10014276351170698,94.37349649139328,95.62875933152122,1.2552628401279406,0.785537184847968,0.5690304275253268,0.6013613718321722,0.032330944306845355,0.16830214470394422,0.9559312637896478,1.3627708425904919,0.08109570273337174,False,False,False,-0.4068395788008441,0.0,95.12465619732056,100.40552250618416,95.14781262357891,False,True,True,-5.280866308863594,0.0,0.20418862983494057,1.0629254747163128,1
2025.04.07startup_a,4356,4362,4359,0.690003867070636,0.05,0.6114069747001494,0.7347041968649924,0.6591468890931949,0.5667104116987766,0.6708682398524316,0.9393394170452273,0.2684711771927957,0.6892049696611109,98.73286394782905,97.72760051827545,1.0052634295535938,0.6290888085252788,0.39688706063575474,0.47023826822338693,0.0733512075876322,0.38183745690993975,0.976414308115487,1.3627708425904919,0.08109570273337174,False,False,False,-0.38635653447500484,0.0,98.70921761165664,100.40552250618416,95.14781262357891,False,False,False,-1.6963048945275148,0.0,0.07859689237048662,0.40914442298603787,0
2025.04.07startup_a,4522,4522,4522,0.6163713296662953,0.05,0.6114069747001494,0.7621776504297995,0.3363738071472684,0.25807236339311274,0.9907151252014257,0.9216054895449228,0.06910963565650285,0.17741459192740722,98.51247636579706,97.72095032672603,0.7915260390710301,0.4953330223671295,0.3734064295705645,0.35391408157079823,0.01949234799976629,0.10146947588480147,0.976414308115487,1.3627708425904919,0.08109570273337174,False,False,False,-0.38635653447500484,0.0,97.90065050266116,100.40552250618416,95.14781262357891,False,False,False,-2.5048720035229906,0.0,0.00496435496614589,0.02584247400708085,0
2025.04.07startup_a,5763,5782,5776,0.9119629022989374,0.05,0.6114069747001494,0.9735378392044497,,,0.3447657348054802,0.3149794474117838,0.029786287393696376,0.07646577749665608,98.18634212244733,97.436657333026,0.7496847894213232,0.4691489783489048,0.5148911787227696,0.8752463554749307,0.3603551767521611,1.87586692572158,0.2829047929798921,1.3627708425904919,0.08109570273337174,False,False,False,-1.0798660496105998,0.0,97.8490304203338,100.40552250618416,95.14781262357891,False,False,False,-2.5564920858503513,0.0,0.300555927598788,1.56457561951413,0
2025.04.07startup_b,230,237,232,0.8200337706491867,0.05,0.7701422269986902,0.03578590158877063,0.7584143687416933,0.5078339598282066,1.2605287612765392,1.6110140731408542,0.350485311864315,0.7562740880422458,93.93627798691223,92.5910974131447,1.3451805737675357,0.7605546494411409,0.6933016416230271,0.6947961893295216,0.0014945477064944868,0.006673142001233088,1.5892967719582916,1.844570433324511,0.31977023756405165,False,False,False,-0.25527366136621943,0.0,93.60634509550016,99.47986114623087,93.6605376725628,False,True,True,-5.873516050730714,0.0,0.04989154365049653,0.22276529146158142,1
2025.04.07startup_b,522,542,533,1.0141345092498009,0.05,0.7701422269986902,0.08221502390868425,0.8551165804566448,0.8917475366610979,0.8320731976467467,1.2357792280763775,0.4037060304296308,0.8711132811138209,94.68602995449804,96.170167566697,1.484137612198964,0.8391198797994688,0.6144864325067323,0.8306144061938766,0.21612797368714431,0.9650094490700039,0.9929563290994998,1.844570433324511,0.31977023756405165,False,False,False,-0.8516141042250112,0.0,94.6001479411523,99.47986114623087,93.6605376725628,False,False,False,-4.879713205078573,0.0,0.2439922822511107,1.0894233349603764,0
2025.04.07startup_b,1438,1458,1451,1.6903152705602174,0.05,0.7701422269986902,0.22381613450563012,1.5588608924109701,1.0605467438360516,0.6344319207556451,1.4512235886887623,0.8167916679331172,1.7624657949311249,98.47628473689014,96.07926562534725,2.397019111542889,1.3552559898908156,0.81435364069443,0.8286691112598578,0.014315470565427812,0.06391844668621471,1.0032709271829536,1.844570433324511,0.31977023756405165,False,False,False,-0.8412995061415574,0.0,98.2864009194922,99.47986114623087,93.6605376725628,False,False,False,-1.1934602267386794,0.0,0.9201730435615272,4.108564322644165,0
2025.04.07startup_b,1825,1831,1831,0.7954779732242139,0.05,0.7701422269986902,0.28243097331482336,0.3423281037308051,0.48720569805929453,0.9550833717677663,0.9948329654312669,0.039749593663500615,0.08577131959684418,97.26744624034254,96.20820833065308,1.0592379096894575,0.598884887864766,0.5931674085927495,0.41915565954512585,0.17401174904762368,0.7769608867162736,0.999806132804711,1.844570433324511,0.31977023756405165,False,False,False,-0.8447643005198,0.0,97.23815273166316,99.47986114623087,93.6605376725628,False,False,False,-2.241708414567711,0.0,0.025335746225523703,0.11312387790329033,0
2025.04.07startup_b,2343,2361,2348,0.8738061823099126,0.05,0.7701422269986902,0.362178004010489,1.237727220533488,1.179955374354549,0.9061791320055644,0.11439502780939081,0.7917841041961736,1.7085046963654964,98.20330736234084,96.84681588814304,1.3564914741977958,0.7669497447014794,0.48291867608837774,0.7213092330104555,0.23839055692207772,1.0644116819966714,0.5621380056254565,1.844570433324511,0.31977023756405165,False,False,False,-1.2824324276990544,0.0,98.11199061858692,99.47986114623087,93.6605376725628,False,False,False,-1.3678705276439587,0.0,0.10366395531122241,0.4628586235121428,0
2025.04.07startup_b,2464,2504,2488,0.9968066795399844,0.05,0.7701422269986902,0.38377294462440226,0.9168401921803586,0.756352880458952,1.1291497558952417,1.5254716163472777,0.396321860452036,0.8551797848253476,94.90195267170091,93.17129465931211,1.7306580123888011,0.9785005995353697,0.8521768927338197,0.7546675672375543,0.09750932549626534,0.4353782570161383,1.2681489963097885,1.844570433324511,0.31977023756405165,False,False,False,-0.5764214370147225,0.0,94.02834008097166,99.47986114623087,93.6605376725628,False,False,False,-5.4515210652592145,0.0,0.2266644525412942,1.0120547319212616,0
2025.04.07startup_b,2554,2577,2566,1.039877483820928,0.05,0.7701422269986902,0.3958044115378683,0.5423129254292984,0.4024603516793251,1.599570638356703,1.666807761755397,0.06723712339869392,0.14508366673185116,92.04212455036154,90.3803716503548,1.6617529000067321,0.9395421841267457,0.6518200247824988,0.6243272022361404,0.02749282254635843,0.12275520417937844,1.4995196245467155,1.844570433324511,0.31977023756405165,False,False,False,-0.3450508087777955,0.0,91.349763342582,99.47986114623087,93.6605376725628,False,True,True,-8.13009780364888,0.0,0.26973525682223776,1.204365483746108,1
2025.04.07startup_b,2619,2697,2666,1.521780405354174,0.05,0.7701422269986902,0.4112293691192349,0.8210943806862357,0.6475565403855651,1.792612724708488,1.7641461163609184,0.028466608347569533,0.061424994254961486,89.87915545365281,92.67502648383396,2.7958710301811465,1.58076376711751,1.1435066732094055,1.210803754517284,0.06729708130787859,0.30048085978422356,1.9746265604944933,1.844570433324511,0.31977023756405165,True,False,True,0.13005612716998227,0.2806339542350423,90.56244041944709,99.47986114623087,93.6605376725628,False,True,True,-8.917420726783789,0.0,0.7516381783554837,3.3560576727784825,1
2025.04.07startup_b,2764,2802,2776,1.2609809004655697,0.05,0.7701422269986902,0.42819682245873825,1.07858111002495,1.1472120632897367,1.0686533620770275,1.5310450929198016,0.4623917308427741,0.997744763400452,94.62905604462935,96.6796987442931,2.0506426996637543,1.1594174566494482,0.7288984034894932,1.0165751268816505,0.28767672339215733,1.28447396981931,1.3270089026073435,1.844570433324511,0.31977023756405165,False,False,False,-0.5175615307171675,0.0,95.73896353166988,99.47986114623087,93.6605376725628,False,False,False,-3.7408976145609927,0.0,0.4908386734668795,2.191590240651478,0
2025.04.07startup_b,3844,3862,3855,0.9473083357041618,0.05,0.7701422269986902,0.5946321147616844,0.5518030600340387,0.5645494817931253,1.4873100388194325,1.3250862591215062,0.16222377969792623,0.3500450286981248,96.81780991218396,95.48499873023566,1.3328111819483013,0.7535610913699524,0.6576217788785116,0.52547317423834,0.13214860464017164,0.5900423253112986,1.5164273757656148,1.844570433324511,0.31977023756405165,False,False,False,-0.32814305755889617,0.0,95.72526139448904,99.47986114623087,93.6605376725628,False,False,False,-3.7545997517418357,0.0,0.17716610870547167,0.791045074078317,0
2025.04.07startup_b,4144,4155,4154,0.8282965406265212,0.05,0.7701422269986902,0.6407527379299707,0.8504423350046282,0.7355497805823367,0.6805387766346537,1.1094990672553788,0.42896029062072516,0.9256066990936175,96.73441375893955,98.10563523067988,1.371221471740327,0.7752779709156388,0.6154068428858286,0.5021334508267474,0.11327339205908116,0.5057646717377539,0.7967286463062392,1.844570433324511,0.31977023756405165,False,False,False,-1.047841787018272,0.0,97.19948298147352,99.47986114623087,93.6605376725628,False,False,False,-2.2803781647573516,0.0,0.05815431362783108,0.2596584847284652,0
2025.04.07startup_b,4943,4950,4949,0.8286627962565478,0.05,0.7701422269986902,0.7633811507018355,0.5326019185287933,0.5673071012845946,0.23908373270033317,0.08849941027658412,0.15058432242374906,0.32492951133589415,94.9988044220989,96.30811551887729,1.3093110967783872,0.7402743257216926,0.6197754980875954,0.47717331316340306,0.1426021849241923,0.6367174667961969,0.1206810140135238,1.844570433324511,0.31977023756405165,False,True,True,-1.7238894193109873,0.0,95.40993661827846,99.47986114623087,93.6605376725628,False,False,False,-4.069924527952409,0.0,0.058520569257857646,0.26129381280618247,1
2025.04.07startup_b,5201,5202,5202,0.7813843417266676,0.05,0.7701422269986902,0.8024062933826932,0.3475628791513091,0.36361425501740746,1.5287961729124675,1.50286684433909,0.025929328573377486,0.05595007452971494,94.95415244354363,96.08465202522088,1.1304995816772418,0.6391756837729033,0.5109549291889317,0.4223283205015698,0.08862660868736189,0.395717006749604,1.582267169313773,1.844570433324511,0.31977023756405165,False,False,False,-0.2623032640107379,0.0,95.42467753711364,99.47986114623087,93.6605376725628,False,False,False,-4.055183609117236,0.0,0.011242114727977426,0.05019594065010463,0
2025.04.07startup_b,5324,5343,5330,0.9395535693068712,0.05,0.7701422269986902,0.8221502390868425,0.6796682908291194,0.4676781165137906,1.278024631424042,1.0264438266510811,0.25158080477296085,0.5428588224897227,96.08793824184687,97.53202910547354,1.4440908636266698,0.8164777591685161,0.6323008759620113,0.6225141220226231,0.009786753939388215,0.04369776788313301,1.3914372992027793,1.844570433324511,0.31977023756405165,False,False,False,-0.45313313412173173,0.0,97.1671699149053,99.47986114623087,93.6605376725628,False,False,False,-2.312691231325573,0.0,0.169411342308181,0.7564201122048084,0
2025.04.07startup_b,5704,5719,5712,0.9052101632735836,0.05,0.7701422269986902,0.8810735770476631,0.6096158024919459,0.43615315806060967,1.358388186392495,1.563251720271353,0.20486353387885803,0.44205271094876875,96.01801620910818,94.6434326057256,1.3745836033825896,0.7771788940351231,0.5291568169509339,0.5091729312130723,0.019983885737861584,0.08922786919793715,1.554697508762069,1.844570433324511,0.31977023756405165,False,False,False,-0.28987292456244207,0.0,95.81532863315896,99.47986114623087,93.6605376725628,False,False,False,-3.6645325130719186,0.0,0.13506793627489344,0.6030771146743522,0
2025.04.07startup_b,5826,5840,5835,0.9489339141499864,0.05,0.7701422269986902,0.9000462748727441,0.4035800343860503,0.5150047286125393,1.2220907095476692,1.2801767453765427,0.058086035828873506,0.12533753138127784,94.47604730972385,95.68197568413977,1.2059283744159188,0.6818225373908228,0.6626936487401516,0.49744043246152125,0.16525321627863032,0.7378541170655174,1.09722616210171,1.844570433324511,0.31977023756405165,False,False,False,-0.7473442712228009,0.0,94.77124183006536,99.47986114623087,93.6605376725628,False,False,False,-4.70861931616551,0.0,0.17879168715129623,0.7983032671463555,0
2025.04.07startup_b,6013,6013,6013,0.7746671085528277,0.05,0.7701422269986902,0.9275026993675768,1.0015552146698916,0.8359405513525688,1.1133105140043353,0.489465176699907,0.6238453373044284,1.3461279191407691,96.64715591101721,97.80915013546135,1.1619942244441432,0.6569825101990142,0.5145875354254797,0.40155007822693517,0.11303745719854458,0.504711224717923,0.9127341558073344,1.844570433324511,0.31977023756405165,False,False,False,-0.9318362775171766,0.0,96.90080683436165,99.47986114623087,93.6605376725628,False,False,False,-2.5790543118692284,0.0,0.00452488155413755,0.02020355524170183,0
2025.04.07startup_b,6216,6231,6226,0.9496316586955326,0.05,0.7701422269986902,0.9603578590158877,0.5652940226835035,0.5133016437891239,1.2088646361939688,1.44825452487447,0.23938988868050126,0.5165533721951504,97.05399273538978,95.9679596481193,1.0860330872704793,0.6140346731718567,0.5843416352272021,0.4926691347636618,0.09167250046354025,0.4093168860003646,1.3760468504367298,1.844570433324511,0.31977023756405165,False,False,False,-0.4685235828877812,0.0,96.9631713105388,99.47986114623087,93.6605376725628,False,False,False,-2.516689835692077,0.0,0.1794894316968424,0.8014186902357506,0
2025.04.07startup_b,6321,6332,6329,0.8698107125444163,0.05,0.7701422269986902,0.9762455653246953,,,0.8436897961980662,0.560576942614533,0.2831128535835332,0.6108983969057574,95.59061945230206,94.4792035326052,1.1114159196968671,0.6283859294970991,0.5939673957686382,0.814688584115698,0.22072118834705978,0.9855181110113846,0.560576942614533,1.844570433324511,0.31977023756405165,False,False,False,-1.2839934907099781,0.0,95.37248795679042,99.47986114623087,93.6605376725628,False,False,False,-4.107373189440452,0.0,0.09966848554572616,0.44501888712170845,0
2025.04.14startup_a,497,513,507,0.7136069673625067,0.05,0.6024254087473643,0.08144578313253012,0.8730590014767703,0.6045396953268591,0.6080268360049312,1.035508263484949,0.42748142748001783,0.9404515306917669,97.0402689602483,98.03044928800563,0.9901803277573293,0.8056664722617738,0.42477093201931576,0.41151353393182405,0.013257398087491712,0.0675010830270368,0.9127341558073344,1.4448003955335347,-0.050767057790057635,False,False,False,-0.5320662397262003,0.0,97.28648850682116,100.35328984863304,96.30954099365542,False,False,False,-3.066801341811882,0.0,0.11118155861514245,0.5660896330960222,0
2025.04.14startup_a,595,641,613,1.2507641981772186,0.05,0.6024254087473643,0.09847389558232932,1.280363669222271,0.9688127465064532,0.240070988059558,0.6411469981149245,0.40107601005536647,0.8823600824107086,98.26777692507544,96.20502975004247,2.0627471750329676,1.6783672560338334,0.7751294458037823,0.8430280162148461,0.06789857041106384,0.3457109010748177,0.2829047929798921,1.4448003955335347,-0.050767057790057635,False,False,False,-1.1618956025536427,0.0,97.4634048526168,100.35328984863304,96.30954099365542,False,False,False,-2.889884996016235,0.0,0.6483387894298543,3.3010678389633514,0
2025.04.14startup_a,895,926,909,1.2098305822333393,0.05,0.6024254087473643,0.14602409638554217,0.7662587634983761,0.6206843286296418,0.6741175040129033,0.6463008021886552,0.027816701824248113,0.06119624883734495,96.82561242497354,98.63389592143615,1.8082834964626073,1.4713212781594072,0.6460618176608295,0.7107834868039443,0.06472166914311483,0.3295354588921732,0.7473944462440387,1.4448003955335347,-0.050767057790057635,False,False,False,-0.697405949289496,0.0,97.12163416898792,100.35328984863304,96.30954099365542,False,False,False,-3.2316556796451152,0.0,0.607405173485975,3.0926511202233766,0
2025.04.14startup_a,1075,1087,1084,0.6790334297005701,0.05,0.6024254087473643,0.17413654618473895,0.5662101553363732,0.43307926039663425,0.8007777185935948,0.9601317055927452,0.15935398699915038,0.3505759346754127,98.36116571554206,99.32206820699975,0.9609024914576878,0.7818443759973337,0.42838687700136474,0.3956234676541616,0.03276340934720312,0.1668174705171562,0.9559312637896478,1.4448003955335347,-0.050767057790057635,False,False,False,-0.4888691317438869,0.0,98.5097192224622,100.35328984863304,96.30954099365542,False,False,False,-1.8435706261708447,0.0,0.07660802095320585,0.39005575217495003,0
2025.04.14startup_a,1492,1498,1498,0.6264769303083553,0.05,0.6024254087473643,0.24064257028112448,1.3775666820542414,1.2693991224524943,0.0,0.8915800698999701,0.8915800698999701,1.9614602824140088,98.89836555829244,99.87380576738812,0.9754402090956802,0.7936730816944737,0.5040558159196069,0.29723115360881425,0.20682466231079266,1.0530640032490006,0.1206810140135238,1.4448003955335347,-0.050767057790057635,False,False,False,-1.324119381520011,0.0,99.17271896493676,100.35328984863304,96.30954099365542,False,False,False,-1.1805708836962765,0.0,0.024051521560990996,0.12246020999752484,0
2025.04.14startup_a,2366,2374,2371,0.6525888669657026,0.05,0.6024254087473643,0.3808835341365462,0.522784712739271,0.5753940185663545,0.7034283907675574,0.8336617227847547,0.13023333201719733,0.2865110121032976,98.90396492558439,97.97106684130287,0.9328980842815184,0.7590584133752444,0.34806227992175215,0.4817364696913315,0.13367418976957934,0.6806126302205219,0.9842399889605548,1.4448003955335347,-0.050767057790057635,False,False,False,-0.4605604065729799,0.0,98.8633867779486,100.35328984863304,96.30954099365542,False,False,False,-1.4899030706844343,0.0,0.05016345821833834,0.2554111851943335,0
2025.04.14startup_a,2832,2850,2845,0.7784806215783533,0.05,0.6024254087473643,0.4570281124497992,1.059203821243714,0.9141369404974292,0.10939912610505861,0.6497967056162343,0.5403975795111756,1.188865055095679,99.20709861708083,98.06467204785294,1.1424265692278937,0.9295425873917492,0.49594605935737224,0.37339012127539734,0.1225559380819749,0.6240031790048594,0.5140912790181235,1.4448003955335347,-0.050767057790057635,False,False,False,-0.9307091165154112,0.0,99.01826905333088,100.35328984863304,96.30954099365542,False,False,False,-1.3350207953021567,0.0,0.17605521283098902,0.8963989359163652,0
2025.04.14startup_a,3134,3151,3146,0.7884537779621889,0.05,0.6024254087473643,0.5053815261044177,1.0506157857383553,0.8939658613597768,0.973450463988682,0.4485019186783442,0.5249485453103377,1.1548774548681426,96.75690426759635,97.91999254496668,1.1630882773703206,0.9463541166085679,0.524649166268701,0.4106047666867563,0.11404439958194468,0.5806660126026197,0.9127341558073344,1.4448003955335347,-0.050767057790057635,False,False,False,-0.5320662397262003,0.0,97.06383925261365,100.35328984863304,96.30954099365542,False,False,False,-3.2894505960193925,0.0,0.18602836921482457,0.9471780445064637,0
2025.04.14startup_a,4134,4161,4149,0.8436219046335413,0.05,0.6024254087473643,0.6665060240963856,0.7339739037692422,0.681072801742766,1.0514066269916718,1.281605668564206,0.23019904157253435,0.5064337935963014,97.8024047381745,96.62068464152489,1.181720096649613,0.961514013942183,0.5761530259283351,0.6891377512037562,0.11298472527542114,0.5752705976898135,1.365201675589878,1.4448003955335347,-0.050767057790057635,False,False,False,-0.07959871994365675,0.0,97.67339771729588,100.35328984863304,96.30954099365542,False,False,False,-2.679892131337155,0.0,0.24119649588617698,1.2280708919802474,0
2025.04.14startup_a,4226,4228,4227,0.6104456222690556,0.05,0.6024254087473643,0.6790361445783133,0.28635403046545643,0.29300383275728165,1.1311906354782097,1.1463351044191756,0.015144468940965883,0.03331756207750346,97.70809918630407,97.04517739505157,0.6629217912525007,0.5393904988534094,0.3298953186489116,0.39005415495631285,0.060158836307401264,0.306303437340932,1.3237243701143493,1.4448003955335347,-0.050767057790057635,False,False,False,-0.12107602541918538,0.0,97.6831280944522,100.35328984863304,96.30954099365542,False,False,False,-2.670161754180839,0.0,0.008020213521691355,0.04083554670754243,0
2025.04.14startup_a,4324,4337,4326,0.6838886477150329,0.05,0.6024254087473643,0.6949397590361446,0.410750447002059,0.4367166162835301,1.3392918647533625,1.274116319371529,0.06517554538183346,0.14338503962463056,97.30071246038723,96.4672944120205,0.8334180483667382,0.6781158543794874,0.35148395816896333,0.4474559548973961,0.09597199672843276,0.48864895484647225,1.3200235763720087,1.4448003955335347,-0.050767057790057635,False,False,False,-0.12477681916152594,0.0,96.99037816066236,100.35328984863304,96.30954099365542,False,False,False,-3.36291168797068,0.0,0.0814632389676686,0.4147764758151211,0
2025.04.14startup_a,4438,4455,4446,0.7661614585991545,0.05,0.6024254087473643,0.7142168674698796,0.9771903422153608,0.688386657545999,0.5035890792786119,1.0795874195705073,0.5759983402918954,1.2671860950701803,96.19626517365997,97.04084117024556,0.8445759965855899,0.6871945893605413,0.41692589514998485,0.43868325159157817,0.021757356441593323,0.11077928820727533,0.9440231356865456,1.4448003955335347,-0.050767057790057635,False,False,False,-0.5007772598469891,0.0,96.18387322302492,100.35328984863304,96.30954099365542,False,True,True,-4.169416625608122,0.0,0.16373604985179024,0.8336749505917438,1
2025.04.14startup_a,4523,4537,4533,0.7027635157315563,0.05,0.6024254087473643,0.7281927710843373,0.5938463483292804,0.44618292290109735,1.3393874134525783,1.0173311807066037,0.3220562327459746,0.7085179789920428,96.7413211990806,97.33023658196859,0.5889153828879898,0.479174717666518,0.44698621719905735,0.4173576703472791,0.029628546851778237,0.1508560720447313,1.2681489963097885,1.4448003955335347,-0.050767057790057635,False,False,False,-0.17665139922374617,0.0,96.84305861042826,100.35328984863304,96.30954099365542,False,False,False,-3.5102312382047813,0.0,0.10033810698419199,0.5108793479397644,0
2025.04.14startup_a,4623,4640,4631,0.6910383950307056,0.05,0.6024254087473643,0.7439357429718876,0.5852781713360785,0.4074071433270114,0.9263518048658604,0.7689633568171848,0.1573884480486757,0.3462517839736968,98.04722966969028,99.0603165812165,1.0130869115262158,0.8243045586984602,0.4411158199345503,0.4309686548971471,0.010147165037403205,0.05166508730887704,0.976414308115487,1.4448003955335347,-0.050767057790057635,False,False,False,-0.46838608741804766,0.0,98.559670781893,100.35328984863304,96.30954099365542,False,False,False,-1.7936190667400354,0.0,0.08861298628334136,0.4511799755058263,0
2025.04.14startup_a,4867,4874,4872,0.6430530885899719,0.05,0.6024254087473643,0.7826506024096386,0.42605956761918945,0.30779610539871666,0.9457191409457448,1.0053416948720952,0.05962255392635041,0.13116855727354304,99.55662213259166,98.67055934586307,0.8860627867285871,0.7209505779648359,0.3737442947774933,0.38774175764706253,0.01399746286956921,0.07126918095777117,1.09722616210171,1.4448003955335347,-0.050767057790057635,False,False,False,-0.3475742334318246,0.0,99.58153769283618,100.35328984863304,96.30954099365542,False,False,False,-0.771752155796861,0.0,0.04062767984260762,0.20685902106531592,0
2025.04.14startup_a,5093,5115,5106,0.8296027125783764,0.05,0.6024254087473643,0.8202409638554217,0.8971219817759493,0.6113793454594991,0.5072945071527104,0.8390016337153351,0.3317071265626247,0.7297497735893334,98.38010688308844,97.07182207516556,1.3082848079228881,1.0644941899625653,0.4944915774205651,0.5023268828864309,0.007835305465865805,0.03989407282659858,0.6436394131461666,1.4448003955335347,-0.050767057790057635,False,False,False,-0.8011609823873681,0.0,98.23230217626949,100.35328984863304,96.30954099365542,False,False,False,-2.1209876723635546,0.0,0.2271773038310121,1.1566910751683424,0
2025.04.14startup_a,5479,5511,5490,0.8535749499033247,0.05,0.6024254087473643,0.8819277108433735,0.8489284426180805,0.8643920074458172,0.6123839245403709,0.860562153297608,0.24817822875723705,0.5459876853480964,96.88070242275886,95.46503196712129,1.4156704556375672,1.1518691998880648,0.5095857948519704,0.6854289322301832,0.17584313737821278,0.8953191371012906,0.7153220528038851,1.4448003955335347,-0.050767057790057635,False,False,False,-0.7294783427296496,0.0,96.52757793764988,100.35328984863304,96.30954099365542,False,False,False,-3.825711910983159,0.0,0.25114954115596044,1.2787476032544898,0
2025.04.14startup_a,5617,5634,5627,0.7687761105717946,0.05,0.6024254087473643,0.9039357429718875,0.7952595342890898,0.6628688229362621,1.5036488237632333,1.2070445233681102,0.2966043003951231,0.6525241808999831,94.84455089633016,95.99736551291522,1.1528146165850615,0.9379948876781964,0.37656581975981035,0.4547512784487903,0.07818545868897997,0.39808740023060674,1.5183593905083006,1.4448003955335347,-0.050767057790057635,True,False,True,0.07355899497476592,0.16182847949201323,94.95655043449564,100.35328984863304,96.30954099365542,False,True,True,-5.3967394141374,0.0,0.16635070182443035,0.8469876563524997,1
2025.04.14startup_a,5687,5729,5702,0.8619080198073052,0.05,0.6024254087473643,0.9159839357429719,0.6291708639011053,0.5652791614806434,0.00402270046711746,0.0,0.00402270046711746,0.008849869417992295,96.78332866882556,98.31897933875068,1.5356506699251185,1.2494918583842183,0.6209523810731733,0.706877749189682,0.08592536811650875,0.4374957566397196,-0.0,1.4448003955335347,-0.050767057790057635,False,False,False,-1.4448003955335347,0.0,97.14252926325452,100.35328984863304,96.30954099365542,False,False,False,-3.210760585378523,0.0,0.25948261105994097,1.321176082790712,0
2025.04.14startup_b,150,151,150,0.6388576976650535,0.05,0.6188116434469997,0.02880184331797235,,,,0.9104909289485167,,,,98.52194657566646,,,,0.318168051795698,,,0.804717519321077,1.625708637675086,0.009083641351779748,False,False,False,-0.820991118354009,0.0,97.594921255036,99.96846003125093,96.15637780356697,False,False,False,-2.3735387762149287,0.0,0.020046054218053833,0.10292199749927045,0
2025.04.14startup_b,244,260,251,0.7562113601319237,0.05,0.6188116434469997,0.04819508448540707,0.8385770893534894,0.6413188394723411,1.0486212756159983,1.5443244868579973,0.495703211241999,1.008908295442146,97.89169304278867,98.6659039790361,0.7742109362474281,0.6682458832648328,0.39549905691835996,0.4435685969892779,0.04806954007091796,0.2468023397100448,1.4561112661478437,1.625708637675086,0.009083641351779748,False,False,False,-0.1695973715272423,0.0,97.8021978021978,99.96846003125093,96.15637780356697,False,False,False,-2.1662622290531317,0.0,0.137399716684924,0.7054482215412833,0
2025.04.14startup_b,588,591,588,0.6731823941564951,0.05,0.6188116434469997,0.11290322580645161,0.4070810649529773,0.4176885562781046,0.0,0.0,0.0,0.0,99.9094018759586,98.96613646926116,0.9432654066974351,0.8141621299059546,0.35906126089288687,0.4445462335093186,0.08548497261643173,0.4389035389283592,-0.0,1.625708637675086,0.009083641351779748,False,True,True,-1.625708637675086,0.0,99.92030895604732,99.96846003125093,96.15637780356697,False,False,False,-0.04815107520360584,0.0,0.054370750709495375,0.2791545013140956,1
2025.04.14startup_b,1034,1048,1042,0.7329971710809644,0.05,0.6188116434469997,0.2000768049155146,1.2254681718081464,0.8445182739441703,0.16121850916310057,0.9433075841992561,0.7820890750361555,1.5917914947568101,99.95265640674765,98.95727528362288,0.9953811231247727,0.8591448488594825,0.3301952271251419,0.3462867773668397,0.01609155024169784,0.0826184782162182,0.7153220528038851,1.625708637675086,0.009083641351779748,False,False,False,-0.9103865848712009,0.0,99.9368539998006,99.96846003125093,96.15637780356697,False,False,False,-0.03160603145032326,0.0,0.11418552763396472,0.5862601418593167,0
2025.04.14startup_b,1330,1344,1343,0.6678066587660735,0.05,0.6188116434469997,0.2578725038402458,0.6825143258372102,0.8044793515978353,0.710696655838938,0.47026459439226365,0.2404320614466744,0.48935309633365,98.69461150687384,99.70914464284631,1.0145331359724707,0.8756755553407705,0.5208501425697469,0.31665208726294414,0.2041980553068028,1.0484094031190856,0.3491843735073079,1.625708637675086,0.009083641351779748,False,False,False,-1.276524264167778,0.0,99.00170201623462,99.96846003125093,96.15637780356697,False,False,False,-0.9667580150163104,0.0,0.0489950153190738,0.25155398610091145,0
2025.04.14startup_b,1418,1446,1431,1.181746150537073,0.05,0.6188116434469997,0.27476958525345624,0.7375059637114354,0.5983838019892079,0.07271175676604466,0.12068101401352381,0.04796925724747915,0.09763217277112436,99.16742291117819,97.5716293625413,1.595793548636891,1.3773797546517463,0.5454415142840447,0.607794883827743,0.0623533695436983,0.3201394785447531,0.1206810140135238,1.625708637675086,0.009083641351779748,False,False,False,-1.5050276236615623,0.0,99.22471993471326,99.96846003125093,96.15637780356697,False,False,False,-0.7437400965376639,0.0,0.5629345070900733,2.890261759284142,0
2025.04.14startup_b,1719,1743,1732,1.0189202811209723,0.05,0.6188116434469997,0.3325652841781874,1.2061887792976507,0.8471169833663303,0.8738476098458422,0.26694014358205,0.6069074662637922,1.235243111992645,97.61049237420247,98.97428732575649,1.363794951554027,1.1771344466026563,0.5482120828294181,0.5733321510518365,0.025120068222418412,0.1289733915036899,0.6669740736911405,1.625708637675086,0.009083641351779748,False,False,False,-0.9587345639839455,0.0,97.6188248502994,99.96846003125093,96.15637780356697,False,False,False,-2.3496351809515232,0.0,0.40010863767397264,2.0542686235493517,0
2025.04.14startup_b,2137,2167,2152,0.8686873286745666,0.05,0.6188116434469997,0.41321044546851,0.4383340968467075,0.40271594844844194,1.4684739882995863,1.4412951511206515,0.027178837178934767,0.055317281930844654,95.85070201330832,96.80229614102159,0.951594127713264,0.8213509117625704,0.5736023874594786,0.6381644755518993,0.0645620880924207,0.3314796516519108,1.4916094114932357,1.625708637675086,0.009083641351779748,False,False,False,-0.13409922618185033,0.0,95.79353789880106,99.96846003125093,96.15637780356697,False,True,True,-4.174922132449865,0.0,0.24987568522756687,1.2829310132743383,1
2025.04.14startup_b,2394,2409,2407,0.7187150221342293,0.05,0.6188116434469997,0.462173579109063,0.8178674597858019,0.6181261771995868,1.1536354801338549,0.7995982331271387,0.3540372470067161,0.7205745440010831,97.13934926096094,98.19962840211385,1.060279141152904,0.9151603755705207,0.5320889482733716,0.48950386629263587,0.04258508198073574,0.21864361202715674,1.2259790140555225,1.625708637675086,0.009083641351779748,False,False,False,-0.39972962361956355,0.0,97.38151348520556,99.96846003125093,96.15637780356697,False,False,False,-2.5869465460453682,0.0,0.09990337868722965,0.5129316313110306,0
2025.04.14startup_b,2730,2741,2739,0.6872672523137963,0.05,0.6188116434469997,0.5259216589861752,0.7977628549952474,0.6793885288237834,0.997162174727623,0.6356383495532757,0.36152382517434734,0.735812030155095,98.71911154514018,99.7151516998781,0.9960401547379263,0.8597136798353996,0.4200054298255822,0.33379273303964213,0.08621269678594007,0.44263987648085573,0.9669852958320848,1.625708637675086,0.009083641351779748,False,False,False,-0.6587233418430012,0.0,98.86874598529728,99.96846003125093,96.15637780356697,False,False,False,-1.0997140459536467,0.0,0.06845560886679658,0.35147006627638927,0
2025.04.14startup_b,3152,3165,3161,0.7164095844949023,0.05,0.6188116434469997,0.6069508448540707,0.9684988991562131,1.0434911733884296,0.8197897600664525,1.3534524669040178,0.5336627068375652,1.0861675286458417,97.38348020811956,96.39773212322615,0.9857480848934159,0.8508302696665846,0.6028968336727977,0.370444300594405,0.2324525330783927,1.1934757218528624,1.190600186419197,1.625708637675086,0.009083641351779748,False,False,False,-0.43510845125588893,0.0,97.36855763741112,99.96846003125093,96.15637780356697,False,False,False,-2.5999023938398125,0.0,0.09759794104790265,0.501094875590005,0
2025.04.14startup_b,3453,3464,3462,0.7002396762023407,0.05,0.6188116434469997,0.6647465437788018,1.0564941636358038,0.7944973447001766,0.20730962337750966,0.8228005499934254,0.6154909266159158,1.2527130903112411,98.11205011432574,99.10874087339714,0.9966907590713987,0.8602752369603667,0.47831041443999545,0.42562457365736245,0.052685840782633,0.2705037068289223,0.3280668831792932,1.625708637675086,0.009083641351779748,False,False,False,-1.2976417544957928,0.0,98.30276623771404,99.96846003125093,96.15637780356697,False,False,False,-1.6656937935368887,0.0,0.08142803275534105,0.41807408542614255,0
2025.04.14startup_b,3529,3560,3546,0.9355224551134158,0.05,0.6188116434469997,0.6808755760368663,0.8245119239734059,0.6224314077817429,0.41124500683158516,0.6036522497544009,0.19240724292281575,0.3916078392988506,98.07958444749548,96.62277753003029,1.4568069174651868,1.257416008647961,0.6324680873032271,0.5899557003913559,0.0425123869118712,0.21827037539841676,0.603652249754401,1.625708637675086,0.009083641351779748,False,False,False,-1.022056387920685,0.0,97.4153466755193,99.96846003125093,96.15637780356697,False,False,False,-2.5531133557316252,0.0,0.3167108116664161,1.6260810736990723,0
2025.04.14startup_b,3626,3634,3632,0.6755453393841802,0.05,0.6188116434469997,0.6973886328725039,0.9152771274011118,0.787805860564874,0.24304211590062766,0.8750177836577262,0.6319756677570986,1.286264601998819,96.52770100774181,97.15829973231294,0.6305987245711293,0.5442896528034045,0.395986398945562,0.4997718617352176,0.10378546278965561,0.5328633268923983,0.5140912790181235,1.625708637675086,0.009083641351779748,False,False,False,-1.1116173586569627,0.0,96.78666161424782,99.96846003125093,96.15637780356697,False,False,False,-3.181798417003108,0.0,0.05673369593718047,0.2912865169302007,0
2025.04.14startup_b,3704,3724,3713,0.8755377966452063,0.05,0.6188116434469997,0.7129416282642089,0.6106091210556117,0.4385460632882186,0.8426223164523511,0.9417255033119526,0.09910318685960151,0.20170542586739978,96.33275217489252,95.15157322303122,1.1811789518612983,1.0195128162438236,0.4902569531894693,0.5086470684021529,0.018390115212683578,0.09441994775343232,0.976414308115487,1.625708637675086,0.009083641351779748,False,False,False,-0.649294329559599,0.0,96.36726909454184,99.96846003125093,96.15637780356697,False,False,False,-3.601190936709088,0.0,0.2567261531982066,1.3181032142308746,0
2025.04.14startup_b,4002,4028,4015,1.0170990738253949,0.05,0.6188116434469997,0.7709293394777266,0.583972935825402,0.6351966043059022,1.628200820432348,1.618128895092494,0.010071925339854015,0.020499461766633226,95.23015680932909,96.5595560342819,1.3293992249528088,1.1474464098841708,0.7855750071672579,0.6419045499323013,0.14367045723495664,0.7376439412669027,1.6663305144299163,1.625708637675086,0.009083641351779748,True,False,True,0.04062187675483031,0.08267799664176231,95.2810339645326,99.96846003125093,96.15637780356697,False,True,True,-4.687426066718331,0.0,0.3982874303783952,2.044918040602596,1
2025.04.14startup_b,4278,4293,4289,0.7227650297710753,0.05,0.6188116434469997,0.8235407066052227,0.4518482376945406,0.42848244804768604,1.4243753644794876,1.4579103317624986,0.033534967283010975,0.06825395904625954,97.3621851266903,98.33010539220483,0.9679202655145218,0.8354425163428216,0.49190046428426437,0.41754708212331654,0.07435338216094783,0.38175086875397685,1.4738989153366922,1.625708637675086,0.009083641351779748,False,False,False,-0.15180972233839385,0.0,97.4453678054786,99.96846003125093,96.15637780356697,False,False,False,-2.5230922257723307,0.0,0.10395338632407558,0.5337254928529231,0
2025.04.14startup_b,4588,4591,4590,0.6355804611777566,0.05,0.6188116434469997,0.881336405529954,0.37867627629090544,0.3299233718721918,1.3711432783514268,1.4059460841295732,0.03480280577814643,0.07083439981406925,97.99824644770433,97.2028657725427,0.7953806751616384,0.6865181527677416,0.4051783105559775,0.35991048460015246,0.045267825955825014,0.23241756303476444,1.3271059259290725,1.625708637675086,0.009083641351779748,False,False,False,-0.2986027117460135,0.0,98.07738380450408,99.96846003125093,96.15637780356697,False,False,False,-1.891076226746847,0.0,0.01676881773075689,0.08609575718878004,0
2025.04.14startup_b,4642,4654,4650,0.703697721847584,0.05,0.6188116434469997,0.8928571428571429,0.47330119461165254,0.33479638286160646,1.174143940836168,1.1455324383543763,0.028611502481791673,0.05823319588069159,96.9833055411803,98.01254517008884,1.0292396289085417,0.8883691933426134,0.3873946431006941,0.39864973471757376,0.011255091616879653,0.057786759361514395,0.9929563290994998,1.625708637675086,0.009083641351779748,False,False,False,-0.6327523085755862,0.0,97.09044908285895,99.96846003125093,96.15637780356697,False,False,False,-2.8780109483919745,0.0,0.08488607840058426,0.43582865005919375,0
2025.04.14startup_b,4963,4965,4965,0.6234085284219538,0.05,0.6188116434469997,0.9533410138248848,0.3894147468321428,0.49575541711944693,0.9605242790831701,1.0113180234341823,0.05079374435101225,0.10338087159836017,99.23655423209236,98.45399840470472,0.7825558273876396,0.6754486220659254,0.37262060225844473,0.23463881022319047,0.13798179203525426,0.7084367576940551,0.875195788740725,1.625708637675086,0.009083641351779748,False,False,False,-0.750512848934361,0.0,99.29677655379862,99.96846003125093,96.15637780356697,False,False,False,-0.6716834774523051,0.0,0.004596884974954141,0.023601681345876195,0
