second,entropy,pct_det,rmse,edge_window
0,0.7088356733321961,97.87010806840836,,True
1,0.6962122601251458,97.89016444306547,,True
2,0.6840384356390417,97.90986949429038,,True
3,0.6722948170756379,97.92923200643345,0.03317267778224544,True
4,0.6609623351442084,97.94826048171275,0.04101974040821631,True
5,0.6500224216483541,97.96696315120711,0.0486976598588246,True
6,0.6394571324851641,97.98534798534799,0.05621082652746624,True
7,0.6292492238560345,98.00342270393611,0.06356349157887847,True
8,0.6193821946787638,98.02119478570759,0.07075977219750859,True
9,0.6098403047164004,98.03867147747248,0.07780365660652351,True
10,0.600608575413187,98.05585980284775,0.08469900886888129,True
11,0.5916727785823275,98.07276657060518,0.09144957348120022,True
12,0.5830194167347008,98.08939838265351,0.09805897977057706,True
13,0.5746356978376794,98.10576164167324,0.10453074610398705,True
14,0.5665095065529053,98.12186255842133,0.1108682839193108,True
15,0.5586293734521992,98.13770715872202,0.11707490158662337,True
16,0.6071716548713029,98.15330129015938,0.12315380810780462,True
17,0.5993142373098092,98.1686506284858,0.12910811666224442,True
18,0.6420642892306891,98.18376068376068,0.13494084800584608,True
19,0.6800770457282799,98.19863680623175,0.1406549337302711,True
20,0.6722948170756379,98.2132841919718,0.14625321938895527,True
21,0.6646953053493418,98.2277078882823,0.15173846749605466,True
22,0.6572729784684465,98.24191279887482,0.15711336040421706,True
23,0.6500224216483541,98.25590368884087,0.16238050306676838,True
24,0.6429383500409614,98.26968518941993,0.1660539095741293,True
25,0.6360156177392154,98.28326180257511,0.26041749384683555,True
26,0.6292492238560345,98.2966379053853,0.26127187304705946,True
27,0.6226343162547098,98.3098177542622,0.26206491794311665,True
28,0.6161661934005355,98.32280548900022,0.26279533367059754,True
29,0.6098403047164004,98.3356051366669,0.26346169773573613,True
30,0.603652249754401,98.34822061534099,0.2640625023064923,True
31,0.560576942614533,98.36065573770492,0.26103370734735476,True
32,0.560576942614533,98.37291421449838,0.2581531223964438,True
33,0.560576942614533,98.3849996578389,0.2545477999473132,True
34,0.5140912790181235,98.39691558441558,0.25015206511514443,True
35,0.5140912790181235,98.40866541856111,0.24567323646929276,True
36,0.5140912790181235,98.42025249520788,0.2412393109130463,True
37,0.5140912790181235,98.4316800627328,0.23696804931645335,True
38,0.5140912790181235,98.44295128569583,0.3211039938880946,True
39,0.5140912790181235,98.45406924747668,0.31818498989980415,True
40,0.5140912790181235,98.4650369528141,0.31524629462135495,True
41,0.5140912790181235,98.47585733025173,0.3123097729296539,True
42,0.5140912790181235,98.48653323449469,0.3093974456874858,True
43,0.5140912790181235,98.49706744868035,0.30653150626822045,True
44,0.5140912790181235,98.4677370123924,0.3048139633342797,True
45,0.5140912790181235,97.47615022340297,0.23700247882779374,True
46,0.4637773498877516,98.44123268036311,0.23537067137597867,True
47,0.40907313904382653,98.4521769953329,0.23379636354689312,True
48,0.40907313904382653,98.46297703231839,0.23230783465845195,True
49,0.40907313904382653,98.4736355226642,0.23093315650759114,True
50,0.40907313904382653,98.48415513099188,0.22970009095034835,True
51,0.40907313904382653,98.4945384571849,0.22863595110554555,True
52,0.40907313904382653,98.50478803830431,0.22776742798346022,True
53,0.40907313904382653,98.47798108667673,0.2280982015702056,True
54,0.40907313904382653,98.42334786984233,0.22967767610157455,True
55,0.40907313904382653,98.40241313819685,0.23166528670727612,True
56,0.4637773498877516,98.38160611641274,0.2330034972861857,True
57,0.4637773498877516,98.36092992139153,0.2344094076359927,True
58,0.40907313904382653,97.40703961160763,0.08223613521467406,True
59,0.40907313904382653,98.31841013321686,0.08691788523652015,True
60,0.40907313904382653,98.33036148484358,0.09220344687658168,True
61,0.40907313904382653,98.34215733461683,0.09793629784641737,True
62,0.40907313904382653,98.35380055049757,0.103988814210551,True
63,0.40907313904382653,98.36529393272556,0.11025931188110148,True
64,0.40907313904382653,98.37664021575644,0.11657778196034144,True
65,0.40907313904382653,98.387842070134,0.1227359123041851,True
66,0.40907313904382653,98.39890210430009,0.1286340679507043,True
67,0.40907313904382653,98.40982286634461,0.1341879660028961,True
68,0.40907313904382653,98.42060684569778,0.13932488729355372,True
69,0.40907313904382653,98.43125647476691,0.142220778647243,True
70,0.40907313904382653,98.44177413051973,0.14467194073094203,True
71,0.40907313904382653,98.45216213601626,0.1466634144539038,True
72,0.40907313904382653,98.46242276189108,0.14817801420904658,True
73,0.40907313904382653,98.47255822778806,0.1491959021442882,True
74,0.40907313904382653,98.48257070374895,0.14803134807227794,True
75,0.40907313904382653,98.49246231155779,0.14543053974511808,True
76,0.40907313904382653,98.50223512604268,0.14348215697208463,True
77,0.3491843735073079,98.51189117633633,0.14100892078731705,True
78,0.3491843735073079,98.52143244709713,0.13811233889662797,True
79,0.2829047929798921,98.53086087969184,0.22684384672756155,True
80,0.208180945557171,98.54017837334162,0.22465609841818063,True
81,0.208180945557171,98.54938678623236,0.2221788917981294,True
82,0.208180945557171,98.5584879365909,0.2198703509570091,True
83,0.208180945557171,98.567483603728,0.28726540949988333,True
84,0.208180945557171,98.57637552904963,0.3398564663328545,True
85,0.208180945557171,98.58516541703732,0.3849652268296018,True
86,0.2829047929798921,98.5938549361988,0.5200183435522144,True
87,0.3491843735073079,98.60244571999002,0.5464655649931915,True
88,0.3491843735073079,98.61093936770949,0.5688956580359196,True
89,0.3491843735073079,98.6193374453658,0.5883796956930171,True
90,0.3491843735073079,98.62764148651931,0.6049570334166484,True
91,0.3491843735073079,98.63585299309902,0.6219287885157649,True
92,0.3491843735073079,98.64397343619517,0.638236113836754,True
93,0.3491843735073079,98.65200425682866,0.7080608755626879,True
94,0.3491843735073079,98.61756597085467,0.7202431694932041,True
95,0.3491843735073079,98.58717040535223,0.7305770134968587,True
96,0.3491843735073079,98.57260823404506,0.7391675249025512,True
97,0.3491843735073079,98.55812674340942,0.7481351371702828,True
98,0.3491843735073079,98.54372742973779,0.7567825522573868,True
99,0.3491843735073079,97.73549667328119,0.742531001473304,True
100,0.3491843735073079,98.50734755274425,0.7497784705538959,True
101,0.3491843735073079,98.51647931482756,0.7562556980422195,True
102,0.3491843735073079,98.46817938727176,0.7618571880074142,True
103,0.3491843735073079,97.68991895781262,0.7433626352338468,True
104,0.3491843735073079,97.67697022435776,0.7244678181348951,True
105,0.3491843735073079,97.65279510148542,0.7045806874719446,True
106,0.3491843735073079,96.87851307801844,0.6145046583099799,True
107,0.3491843735073079,97.62594739188587,0.5933123962299598,True
108,0.3491843735073079,97.63878144914723,0.5734963366314584,True
109,0.3491843735073079,97.65148471456226,0.5550836390128553,True
110,0.3491843735073079,97.66405910473708,0.5386530756581842,True
111,0.3491843735073079,97.61930605304099,0.5201758552110413,True
112,0.3491843735073079,97.59280008674594,0.5378854610376282,True
113,0.3491843735073079,96.83882298125515,0.4420039755422461,True
114,0.3491843735073079,97.56184247938585,0.4221071992826089,True
115,0.3491843735073079,97.57507401663612,0.4042380739749116,True
116,0.3491843735073079,97.58817155440596,0.3884781368868674,True
117,0.2829047929798921,97.54172777428592,0.371172356412016,True
118,0.208180945557171,97.5129063764476,0.3533221792980689,True
119,0.208180945557171,97.49817066796753,0.33604903500144834,True
120,0.208180945557171,97.48355434896105,0.31952017883813216,True
121,0.208180945557171,97.46905854540398,0.30392190525456875,True
122,0.208180945557171,97.45468435308007,0.28944283812440263,True
123,0.208180945557171,97.44043283737385,0.27593169126189393,True
124,0.208180945557171,97.42630503308047,0.30888816820936416,True
125,0.208180945557171,97.41230194423304,0.29946760376454,True
126,0.208180945557171,97.39842454394693,0.2920485191586553,True
127,0.208180945557171,97.38467377428148,0.28542252667740986,True
128,0.208180945557171,97.3710505461186,0.32627079612586485,True
129,0.208180945557171,97.35755573905863,0.3223666432188375,True
130,0.208180945557171,97.34419020133306,0.3181335132143618,True
131,0.208180945557171,97.33095474973412,0.31472200396950023,True
132,0.208180945557171,96.6073433831286,0.2743767052975426,True
133,0.208180945557171,97.29966920947817,0.2725761522919771,True
134,0.208180945557171,97.31467220250452,0.27291522075965496,True
135,0.208180945557171,97.3295246952536,0.27329739766423233,True
136,0.208180945557171,97.34422880490297,0.2736558383504096,True
137,0.208180945557171,97.35878661087867,0.3054693224101544,True
138,0.208180945557171,97.37320015566222,0.30550610681112456,True
139,0.208180945557171,97.38747144557769,0.3056796528396087,True
140,0.208180945557171,97.40160245155936,0.3059006836502913,True
141,0.208180945557171,97.41559510990055,0.3060816191616633,True
142,0.208180945557171,97.4294513229841,0.30615217900011477,True
143,0.208180945557171,97.34513274336283,0.3061800957715922,True
144,0.208180945557171,96.67133738128601,0.2923528726466578,True
145,0.208180945557171,97.33044955970956,0.293688740948987,True
146,0.208180945557171,97.24776303609997,0.2940385744877514,True
147,0.12068101401352381,97.25782597978802,0.29772493357660607,True
148,-0.0,96.57871403675054,0.25031852105739205,True
149,-0.0,97.22382353833551,0.2545524477880147,True
150,-0.0,97.23894977718896,0.2589646809871388,False
151,-0.0,97.33393177737881,0.2633097835235327,False
152,-0.0,96.70556552962299,0.23493021247083337,False
153,-0.0,97.28411417559919,0.23984876878575212,False
154,-0.0,97.38046489220764,0.24288366960678587,False
155,-0.0,97.35805611101011,0.2616350625750494,False
156,-0.0,97.33552832144382,0.2678234159494269,False
157,-0.0,96.63435156392903,0.2373526169229736,False
158,-0.0,97.26541064569234,0.24920647789109793,False
159,-0.0,97.26541064569234,0.25348890186462103,False
160,-0.0,97.26541064569234,0.25765294130639976,False
161,-0.0,97.26541064569234,0.2605795790444266,False
162,-0.0,97.26541064569234,0.28551007405110307,False
163,-0.0,97.26541064569234,0.31526797530264417,False
164,0.12068101401352381,96.63435156392903,0.400770270819635,False
165,0.12068101401352381,97.33552832144382,0.4198166836594314,False
166,0.12068101401352381,97.33078834151367,0.4366090272801696,False
167,0.12068101401352381,97.43165121040587,0.4494677560488351,False
168,0.12068101401352381,97.43165121040587,0.46207413468636316,False
169,0.12068101401352381,97.43165121040587,0.4732844914949614,False
170,0.12068101401352381,97.43165121040587,0.4832271243807704,False
171,0.12068101401352381,97.43165121040587,0.49744883884155466,False
172,0.12068101401352381,97.43165121040587,0.5098054218582384,False
173,0.208180945557171,97.43165121040587,0.5220705531164744,False
174,0.2829047929798921,97.43165121040587,0.5342679441444097,False
175,0.3491843735073079,96.79332771287487,0.5906921685144029,False
176,0.40907313904382653,97.49488136818017,0.5987321347131801,False
177,0.4637773498877516,97.48653500897666,0.6032651156180537,False
178,0.4637773498877516,97.58251561106155,0.6020765783533564,False
179,0.4637773498877516,97.48653500897666,0.607902010562085,False
180,0.4637773498877516,97.49488136818017,0.6116064455793728,False
181,0.4637773498877516,97.47318669332849,0.6159317009719939,False
182,0.4637773498877516,96.7702841907532,0.6105475735159197,False
183,0.4637773498877516,96.69837205048472,0.6018322526211553,False
184,0.4637773498877516,96.02158404975306,0.5393224403765194,False
185,0.4637773498877516,96.65874032071216,0.5272353552004333,False
186,0.4637773498877516,96.65874032071216,0.5165482701859506,False
187,0.4637773498877516,96.65874032071216,0.506489623796623,False
188,0.4637773498877516,96.65874032071216,0.49585601166806276,False
189,0.4637773498877516,96.65874032071216,0.4858492921937332,False
190,0.4637773498877516,96.65874032071216,0.476410533500104,False
191,0.4637773498877516,96.55521472392638,0.4617761597230234,False
192,0.4637773498877516,96.55864197530865,0.4481035934053613,False
193,0.4637773498877516,96.53127134960562,0.44559670366692783,False
194,0.4637773498877516,96.50378054114853,0.4494550843731476,False
195,0.4637773498877516,95.83804853514397,0.38057623919916717,False
196,0.4637773498877516,96.48640101201771,0.3855070714402504,False
197,0.4637773498877516,96.55597722960152,0.3969328898050647,False
198,0.4637773498877516,97.24148902322622,0.41390128702281775,False
199,0.4637773498877516,96.50537634408602,0.4251166460597967,False
200,0.4637773498877516,97.27461335345153,0.43950576492169446,False
201,0.4637773498877516,97.27461335345153,0.5222616807793181,False
202,0.4637773498877516,97.27461335345153,0.534803077011281,False
203,0.4637773498877516,97.27461335345153,0.5458835653095833,False
204,0.4637773498877516,97.27461335345153,0.5556643263934415,False
205,0.4637773498877516,97.14737507906388,0.5679999273927426,False
206,0.4637773498877516,97.17467387846007,0.5800565142623503,False
207,0.4637773498877516,97.15127072530568,0.6016299302141139,False
208,0.4637773498877516,97.12776919113858,0.6178646763075232,False
209,0.4637773498877516,97.1041720653019,0.632899637303795,False
210,0.4637773498877516,97.08048224177256,0.6480831384795536,False
211,0.4637773498877516,97.05670272041954,0.6620611355999559,False
212,0.4637773498877516,97.03283660820256,0.7224706235270981,False
213,0.4637773498877516,96.31742054595806,0.726584970143146,False
214,0.5140912790181235,96.19976124154397,0.7246129961990908,False
215,0.560576942614533,96.24441331465546,0.7573662171416866,False
216,0.603652249754401,96.21938946662193,0.7503745729067829,False
217,0.6436394131461666,96.19433198380567,0.7436074830193361,False
218,0.6807937753703206,96.1692453854506,0.7320144903166655,False
219,0.6807937753703206,96.14413430696786,0.7195186596480917,False
220,0.6807937753703206,96.11900350010295,0.7062124722216657,False
221,0.6807937753703206,95.40525701736325,0.6420474821577895,False
222,0.7153220528038851,96.04351108365933,0.6273994485660342,False
223,0.7153220528038851,96.04351108365933,0.6120304281225288,False
224,0.7473944462440387,96.04351108365933,0.6214429923260362,False
225,0.7473944462440387,96.04351108365933,0.6077596731419785,False
226,0.7473944462440387,96.04351108365933,0.5932789896641135,False
227,0.7473944462440387,95.86266390614216,0.5684677636777337,False
228,0.7473944462440387,95.92297015961138,0.5509511073942696,False
229,0.7473944462440387,95.8970064894285,0.5321458186992425,False
230,0.7473944462440387,95.87104469234548,0.5464062168192206,False
231,0.7771529943226336,95.84509029345372,0.5290283895312776,False
232,0.804717519321077,95.13261851015801,0.44291425839339504,False
233,0.804717519321077,95.76044018058691,0.4308454951425947,False
234,0.7771529943226336,95.76044018058691,0.4740839661136962,False
235,0.7473944462440387,95.13261851015801,0.409521083431933,False
236,0.7153220528038851,95.84509029345372,0.4219119166301193,False
237,0.7153220528038851,95.7728197572441,0.4269294996452311,False
238,0.7153220528038851,95.9667852906287,0.4396946961495713,False
239,0.7473944462440387,95.9667852906287,0.4529047897291541,False
240,0.7771529943226336,95.9667852906287,0.46634444779100853,False
241,0.804717519321077,95.9667852906287,0.47983044597021174,False
242,0.8301899714180443,95.7728197572441,0.49134322185400264,False
243,0.8536576732793313,95.84509029345372,0.5598683232860578,False
244,0.875195788740725,95.13261851015801,0.5470798695225363,False
245,0.8948692308065574,95.76044018058691,0.6014030493335273,False
246,0.9127341558073343,95.76044018058691,0.6074914625080129,False
247,0.9288391461883214,95.76044018058691,0.6154351939357169,False
248,0.9432261548473415,95.56028368794327,0.6196667765773555,False
249,0.9559312637896478,95.62923351158645,0.6220348586963521,False
250,0.9669852958320848,94.91978609625669,0.5947296716230328,False
251,0.976414308115487,95.53654188948306,0.5965284022579657,False
252,0.976414308115487,95.53654188948306,0.5981561702276379,False
253,0.976414308115487,95.33008386495592,0.5948972510313502,False
254,0.976414308115487,94.66346498458891,0.5506835037582808,False
255,0.976414308115487,95.26915633287936,0.5479912598488439,False
256,0.976414308115487,95.06052745352356,0.5370087347280341,False
257,0.976414308115487,95.12168622338113,0.5304558357024256,False
258,0.976414308115487,95.08918820531488,0.523348781430214,False
259,0.976414308115487,95.0567142334431,0.5159729208269401,False
260,0.976414308115487,95.02427184466019,0.5082215799164623,False
261,0.976414308115487,94.99186871673565,0.5007954906350004,False
262,0.976414308115487,94.95951266622093,0.4930235016368556,False
263,0.9842399889605549,94.26119901938935,0.41947687175522763,False
264,0.9842399889605549,94.85179407176287,0.4068081052371539,False
265,0.9842399889605549,94.26119901938935,0.3296322537959255,False
266,0.9904799742690308,94.95951266622093,0.3273011855769252,False
267,0.995148095654003,94.8772915434654,0.38595486571727133,False
268,0.995148095654003,94.8772915434654,0.4646791647523972,False
269,0.995148095654003,94.95951266622093,0.5129225407558314,False
270,0.995148095654003,94.92721164613661,0.555329084000449,False
271,0.995148095654003,94.89497374343586,0.5931965623315942,False
272,0.995148095654003,94.86280717624001,0.6273897303347717,False
273,0.9982545693874831,94.83072029084299,0.658378596444393,False
274,0.999806132804711,94.79872155848109,0.744719482800941,False
275,0.999806132804711,94.76681957186544,0.8433916270945514,False
276,0.999806132804711,94.73502304147465,0.9101131782482654,False
277,0.9982545693874831,94.70334079160558,1.026367487402715,False
278,0.995148095654003,94.67178175618074,1.0781071622575344,False
279,0.9904799742690308,94.64035497431107,1.1226032366749843,False
280,0.9904799742690308,94.60906958561377,1.160812027362388,False
281,0.9904799742690308,94.57793482528464,1.1933467817273518,False
282,0.9904799742690308,94.54696001892596,1.2212318770560344,False
283,0.9842399889605549,94.51615457713018,1.245068771914958,False
284,0.9842399889605549,94.48552798982189,1.2652729750295741,False
285,0.976414308115487,94.45508982035928,1.2819834785078408,False
286,0.9669852958320848,94.42484969939879,1.2958491282678386,False
287,0.9669852958320848,93.73947895791584,1.3030030025958141,False
288,0.9669852958320848,93.48140994688556,1.2904608668428514,False
289,0.9669852958320848,93.6419453869769,1.285474288737376,False
290,0.9669852958320848,93.61365663774228,1.2795858299455452,False
291,0.9669852958320848,93.58567358567359,1.2992603659506894,False
292,0.9559312637896478,93.55800653594771,1.2935133417912208,False
293,0.9432261548473415,93.53066579206298,1.286287802571294,False
294,0.9432261548473415,92.86241390619875,1.2448638903798332,False
295,0.9432261548473415,92.58207849913602,1.1850237020433951,False
296,0.9432261548473415,92.76277764016184,1.1379043180665915,False
297,0.9432261548473415,92.10634959953761,1.036375255200604,False
298,0.9288391461883214,92.65130872760301,0.9837486154178993,False
299,0.9288391461883214,92.65130872760301,0.9332510034972923,False
300,0.9288391461883214,92.65130872760301,0.8851398522083336,False
301,0.9288391461883214,92.65130872760301,0.8486181064337572,False
302,0.9127341558073343,92.65130872760301,0.8089280054196742,False
303,0.9127341558073343,92.65130872760301,0.7722305642807903,False
304,0.8948692308065574,92.65130872760301,0.7385568803950703,False
305,0.875195788740725,92.65130872760301,0.7083890563473098,False
306,0.8536576732793313,92.65130872760301,0.681934826981034,False
307,0.8301899714180443,92.31151615575808,0.6322515267440176,False
308,0.804717519321077,92.48960931005819,0.6019406243535488,False
309,0.7771529943226336,92.46518221999833,0.6063105831989244,False
310,0.7473944462440387,92.44122814356228,0.6381651578133931,False
311,0.7473944462440387,91.79703840040158,0.5945611607223596,False
312,0.7473944462440387,92.31991968543461,0.603760773650217,False
313,0.7771529943226336,92.31991968543461,0.6151302295974826,False
314,0.804717519321077,92.31991968543461,0.628052867491481,False
315,0.8301899714180443,92.31991968543461,0.6419744485694072,False
316,0.8536576732793313,92.31991968543461,0.6564079016646075,False
317,0.875195788740725,92.31991968543461,0.6709319134468614,False
318,0.8948692308065574,92.31991968543461,0.6851947618457696,False
319,0.8948692308065574,92.31991968543461,0.6985353728705963,False
320,0.8948692308065574,92.31991968543461,0.7110717676699012,False
321,0.8948692308065574,91.9645854313528,0.7120508622141987,False
322,0.8948692308065574,92.1506734006734,0.7207016802869418,False
323,0.8948692308065574,92.12747994934571,0.7528948720567156,False
324,0.875195788740725,92.10481754296842,0.7574212435014588,False
325,0.8948692308065574,92.08269655289523,0.7540617326933168,False
326,0.9127341558073343,92.06112719223566,0.7505852458275217,False
327,0.9127341558073343,92.04011950490823,0.7471789427559495,False
328,0.9127341558073343,92.01968335472829,0.7434222412881774,False
329,0.9288391461883214,91.3992297817715,0.7133874436435689,False
330,0.9432261548473415,91.07755662319835,0.6596873038676079,False
331,0.9559312637896478,91.296869625043,0.6319827794934034,False
332,0.9669852958320848,91.28092405827084,0.6042681735115645,False
333,0.9669852958320848,91.26565874730022,0.5723651103039182,False
334,0.9669852958320848,91.25108225108225,0.5425677429578856,False
335,0.9669852958320848,91.23720284574007,0.5108228784420505,False
336,0.9669852958320848,91.22402851430061,0.48004104874011,False
337,0.9669852958320848,91.21156693667798,0.45149365771234123,False
338,0.976414308115487,91.1998254799302,0.42657653525122746,False
339,0.9842399889605549,91.18881118881119,0.4035255387314442,False
340,0.9904799742690308,91.17853077663952,0.3817440098188668,False
341,0.9904799742690308,91.16899061650443,0.36091950079075313,False
342,0.9904799742690308,91.16019673282979,0.3396149973593807,False
343,0.9904799742690308,90.7080035180299,0.2569152037336164,False
344,0.9904799742690308,91.19771025979745,0.24057525631072726,False
345,0.9904799742690308,91.64244826067811,0.24812103221618997,False
346,0.9904799742690308,91.64094876994974,0.25505951300084706,False
347,0.995148095654003,91.64018361581921,0.2613613181629513,False
348,0.9982545693874831,91.6401555319901,0.2669856639716858,False
349,0.999806132804711,91.64086687306502,0.27188074576467436,False
350,0.999806132804711,91.6423196104471,0.27446641338567285,False
351,0.9982545693874831,91.08897742363878,0.2595749828351279,False
352,0.9982545693874831,91.08897742363878,0.2451013261846963,False
353,0.9982545693874831,91.6423196104471,0.2417294814060997,False
354,0.9982545693874831,91.17308543603365,0.23458636260092303,False
355,0.9982545693874831,91.49623727312971,0.23375802295745515,False
356,0.9982545693874831,91.49623727312971,0.23269279474373777,False
357,0.9982545693874831,91.17308543603365,0.2293096501461559,False
358,0.9982545693874831,91.6423196104471,0.21981356763797988,False
359,0.9982545693874831,91.64451532872586,0.20922866736846288,False
360,0.999806132804711,91.64745522255718,0.19901176556809383,False
361,0.999806132804711,91.65114009404667,0.19005118369968838,False
362,0.999806132804711,91.65557035064359,0.1826944036250973,False
363,0.999806132804711,91.6607460035524,0.1773446224125016,False
364,0.999806132804711,91.66666666666667,0.17314299564585106,False
365,0.999806132804711,91.67333155602951,0.2634751938069507,False
366,0.999806132804711,91.68073948982313,0.26968011938897146,False
367,0.999806132804711,91.68888888888888,0.274088733956437,False
368,0.999806132804711,91.69777777777777,0.277546773846792,False
369,0.9982545693874831,91.7074037863301,0.2793373784284335,False
370,0.9982545693874831,91.67934150487608,0.2811974878171143,False
371,0.9982545693874831,91.64715417867436,0.2830840328076425,False
372,0.999806132804711,91.61983321247281,0.2847043251412983,False
373,0.999806132804711,91.59292035398231,0.30083479765846766,False
374,0.999806132804711,91.56643099807181,0.3009727456486693,False
375,0.9982545693874831,91.54038070596933,0.3010883473938913,False
376,0.9982545693874831,91.51478519620606,0.3011101968966814,False
377,0.9982545693874831,91.48966033498643,0.3009828279533652,False
378,0.9982545693874831,91.46502212597684,0.3125095004601372,False
379,0.9982545693874831,91.44088669950739,0.3165579050356334,False
380,0.999806132804711,91.41727030118186,0.31777295093395597,False
381,0.999806132804711,91.3941892798926,0.31821351582252916,False
382,0.9982545693874831,91.37166007523874,0.3191903085409443,False
383,0.9982545693874831,91.34969920434698,0.35715443469012287,False
384,0.9982545693874831,91.32832324809682,0.441763632585351,False
385,0.9982545693874831,90.62454292818488,0.4104808691844351,False
386,0.999806132804711,91.15526982271577,0.4844149936429609,False
387,0.999806132804711,91.17489661882753,0.5439891036806132,False
388,0.999806132804711,91.19533527696792,0.593419812687863,False
389,0.999806132804711,91.2165768913476,0.6356258879449106,False
390,0.999806132804711,91.23861213413453,0.6338755828423761,False
391,0.999806132804711,91.26143126723763,0.6684124057002536,False
392,0.999806132804711,91.28502415458937,0.6741131220040922,False
393,0.999806132804711,91.00554617795997,0.7048701815987728,False
394,0.999806132804711,91.46447140381282,0.7379327926000518,False
395,0.999806132804711,91.46447140381282,0.7668512258434558,False
396,0.999806132804711,91.46447140381282,0.7757973903191334,False
397,0.999806132804711,91.46447140381282,0.8050567488532518,False
398,0.999806132804711,91.00712497592913,0.8247090512140912,False
399,0.999806132804711,91.62333911034084,0.8428058121104253,False
400,0.999806132804711,91.19006354708262,0.8582320736064128,False
401,0.999806132804711,91.19006354708262,0.8707529578475101,False
402,0.9982545693874831,91.54631234353938,0.8801803989925514,False
403,0.995148095654003,92.08102242585001,0.8728381468511014,False
404,0.9904799742690308,92.5343621895346,0.8385205006352149,False
405,0.9842399889605549,91.95726080621661,0.8339305726850162,False
406,0.976414308115487,92.60527216706608,0.7931782740984943,False
407,0.976414308115487,92.59095378564405,0.753006499021236,False
408,0.976414308115487,92.57721769211761,0.7135362490547803,False
409,0.976414308115487,92.56407709119809,0.6746740220433389,False
410,0.976414308115487,91.66997814424796,0.6749276869736652,False
411,0.976414308115487,92.52433936022253,0.6434597806662512,False
412,0.976414308115487,92.01831210191082,0.6378487770578699,False
413,0.9669852958320848,92.63283820157511,0.5967156845139138,False
414,0.9669852958320848,92.63283820157511,0.5561197387785975,False
415,0.9559312637896478,92.63283820157511,0.5162999485123952,False
416,0.9432261548473415,92.29388894427275,0.5032376269395784,False
417,0.9432261548473415,92.76742099491577,0.4554255600881185,False
418,0.9432261548473415,92.74588117823265,0.41044405607619056,False
419,0.9432261548473415,92.725,0.36834057868563513,False
420,0.9432261548473415,92.70478670138193,0.3291795762516429,False
421,0.9432261548473415,92.68525017547378,0.29262679941227,False
422,0.9432261548473415,92.66639895592812,0.27163819599982253,False
423,0.9559312637896478,92.64824120603015,0.24382778733408236,False
424,0.9669852958320848,92.6307847082495,0.2664006952951998,False
425,0.9669852958320848,92.61403685429464,0.25327910170627965,False
426,0.9669852958320848,92.59800463569485,0.29495528400991583,False
427,0.9559312637896478,92.58269463493345,0.29341852975267796,False
428,0.9432261548473415,92.56811301715439,0.34310066498354513,False
429,0.9432261548473415,92.5542655224634,0.3856409162687369,False
430,0.9432261548473415,92.54115745884255,0.42234091376146127,False
431,0.9432261548473415,92.09941402303495,0.4487686723900786,False
432,0.9432261548473415,92.66370250606306,0.4500739291973266,False
433,0.9432261548473415,92.66370250606306,0.48539638904149024,False
434,0.9559312637896478,92.66370250606306,0.51497203335173,False
435,0.9559312637896478,92.66370250606306,0.5397682441800983,False
436,0.9559312637896478,92.66370250606306,0.5423384193014698,False
437,0.9669852958320848,92.66370250606306,0.5699154915311758,False
438,0.976414308115487,92.66370250606306,0.5938056792502381,False
439,0.9842399889605549,92.66370250606306,0.6145289019844292,False
440,0.9904799742690308,92.66370250606306,0.6324889614637372,False
441,0.9904799742690308,92.66370250606306,0.6482005173589596,False
442,0.9904799742690308,92.22918350848828,0.656045553888604,False
443,0.9904799742690308,92.71928051738075,0.6669817377626134,False
444,0.9842399889605549,93.28448711470439,0.6597866282886701,False
445,0.976414308115487,92.82971197574533,0.6669811990303623,False
446,0.9669852958320848,93.40576048509348,0.6521218654632666,False
447,0.9559312637896478,92.95603840323396,0.655531843629407,False
448,0.9432261548473415,93.51758286176234,0.6338517394291402,False
449,0.9559312637896478,93.51758286176234,0.612116155578979,False
450,0.9559312637896478,93.51758286176234,0.5889364420703527,False
451,0.9559312637896478,93.51758286176234,0.5655299298957797,False
452,0.9559312637896478,93.0375909458367,0.5639678317578035,False
453,0.9559312637896478,93.62873888439773,0.5334895037601769,False
454,0.9559312637896478,93.61487169125076,0.5046923747994438,False
455,0.9559312637896478,93.60165639834361,0.48911232259605647,False
456,0.9559312637896478,93.16002019182231,0.48561738827339007,False
457,0.9559312637896478,93.70837537840565,0.4522773225274758,False
458,0.9559312637896478,93.70837537840565,0.4350925983769309,False
459,0.9559312637896478,93.70837537840565,0.4050969468017769,False
460,0.9559312637896478,93.70837537840565,0.391799219206164,False
461,0.9559312637896478,93.70837537840565,0.3804288072270436,False
462,0.9559312637896478,93.70837537840565,0.3574523501591501,False
463,0.9559312637896478,93.70837537840565,0.3547887551496154,False
464,0.9559312637896478,93.70837537840565,0.4123275595427592,False
465,0.9559312637896478,93.70837537840565,0.40565153218084093,False
466,0.9559312637896478,93.70837537840565,0.3962479950811661,False
467,0.9559312637896478,93.70837537840565,0.3899413919217732,False
468,0.9432261548473415,93.70837537840565,0.38479257550768475,False
469,0.9432261548473415,93.70837537840565,0.380747437325893,False
470,0.9432261548473415,93.16002019182231,0.38125803777806494,False
471,0.9559312637896478,93.60165639834361,0.3865610599746877,False
472,0.9669852958320848,93.61487169125076,0.39063059966546854,False
473,0.976414308115487,93.62873888439773,0.39394520783283815,False
474,0.976414308115487,93.6432541687721,0.39637595438406925,False
475,0.9669852958320848,93.05709954522486,0.3839149584570435,False
476,0.9669852958320848,93.53208691258212,0.4014518373432888,False
477,0.9669852958320848,93.53208691258212,0.401448884193257,False
478,0.9559312637896478,93.05709954522486,0.39676824940653715,False
479,0.9432261548473415,93.6432541687721,0.3987547049149195,False
480,0.9288391461883214,93.0621526023244,0.3860542285221837,False
481,0.9127341558073343,93.0621526023244,0.37391148227888654,False
482,0.8948692308065574,93.47770830156067,0.37730417860727056,False
483,0.875195788740725,94.05687397708674,0.3635635123984885,False
484,0.8536576732793313,94.6285243877341,0.2775571448248138,False
485,0.8301899714180443,93.93908211566166,0.28111590882249715,False
486,0.804717519321077,93.81987577639751,0.28878867735935493,False
487,0.7771529943226336,93.8873268770176,0.29330579164035014,False
488,0.7771529943226336,93.87765790300618,0.2973875179211285,False
489,0.7771529943226336,93.8685208596713,0.30023018317742006,False
490,0.8916091590804429,93.38313201949566,0.3013276372659053,False
491,0.9727642516015449,93.96909962706447,0.2968983481302422,False
492,1.0128030232541478,93.93955631765084,0.296158569929162,False
493,1.0429842335712594,93.9103255011856,0.29922929237689244,False
494,1.0652163930664527,93.8814220680685,0.36063062075529556,False
495,1.0805333164475432,93.85286103542235,0.36490703487408044,False
496,1.0895209637560108,93.13896457765668,0.35227944527314903,False
497,1.0924850533852573,93.66212534059946,0.35511511397599477,False
498,1.0895209637560108,93.20980926430518,0.34438185553261114,False
499,1.0805333164475432,93.82561307901908,0.3440813153864788,False
500,1.0652163930664527,93.84774671680017,0.3480440453204829,False
501,1.0429842335712594,93.8705459300425,0.3523181149974298,False
502,1.0730208202534555,93.89400294133668,0.356891936334437,False
503,1.1006987578744163,93.9181095502559,0.3616924113097194,False
504,1.1261358508278747,93.46938775510205,0.3682188463702399,False
505,1.1261358508278747,94.07701512020016,0.3675043222153024,False
506,1.1261358508278747,94.07701512020016,0.3584241786216674,False
507,1.1261358508278747,94.07701512020016,0.3672658260993636,False
508,1.1261358508278747,94.07701512020016,0.3749342384730024,False
509,1.1261358508278747,94.07701512020016,0.38132484578977177,False
510,1.0670056836533541,94.07701512020016,0.3869531593626829,False
511,1.0670056836533541,94.07701512020016,0.38460306605685757,False
512,1.0670056836533541,93.57663439573588,0.39698079815340687,False
513,1.0670056836533541,94.19123245948003,0.390414332329798,False
514,1.0670056836533541,94.79863036034567,0.34233952089303893,False
515,1.0670056836533541,94.19123245948003,0.34461702774563174,False
516,1.0670056836533541,93.57663439573588,0.3464655215503359,False
517,1.0670056836533541,94.07701512020016,0.3514347232635491,False
518,1.0670056836533541,94.07701512020016,0.355818863226193,False
519,1.0670056836533541,94.07701512020016,0.3596743822673306,False
520,1.1261358508278747,93.57663439573588,0.35825919133333406,False
521,1.1787269834988532,94.22930490590667,0.35311859577299454,False
522,1.2259790140555222,94.25512256100875,0.3543077980779222,False
523,1.2686794699537274,94.28152492668622,0.34946992864108695,False
524,1.30738316633364,94.30850198035918,0.3515232147127442,False
525,1.3282820174272938,94.3360433604336,0.34486071247208394,False
526,1.3470624465271648,93.90937144713334,0.3531772029285429,False
527,1.3637938028246002,94.49010489888613,0.3360771470583121,False
528,1.3785347251376459,94.49010489888613,0.3345484677277654,False
529,1.391334586143604,94.49010489888613,0.35752610492647374,False
530,1.4230670603378361,94.49010489888613,0.35864789790935625,False
531,1.4514270347987224,93.9439818319455,0.36723315178389243,False
532,1.4514270347987224,94.63069103493025,0.3487310245599831,False
533,1.4514270347987224,94.079160808911,0.35959500133295563,False
534,1.4514270347987224,94.53336217151508,0.41938138240763256,False
535,1.4766549183659508,94.53336217151508,0.42718775187272395,False
536,1.498941259446481,94.53336217151508,0.48300889112305356,False
537,1.5184387137728148,94.53336217151508,0.5251593610098404,False
538,1.5352702332191592,94.53336217151508,0.5590884278075045,False
539,1.5495348211113549,94.53336217151508,0.5761198649304656,False
540,1.5613116549052575,94.53336217151508,0.5971002204191534,False
541,1.570663071721726,94.079160808911,0.6159826442127914,False
542,1.577636732431408,94.63069103493025,0.6106860272603057,False
543,1.582267169313773,94.05013264035514,0.6294365802524343,False
544,1.584576851106354,94.70460704607046,0.6413468888545725,False
545,1.584576851106354,94.05013264035514,0.6560973125513403,False
546,1.582267169313773,94.63069103493025,0.6671105712055844,False
547,1.577636732431408,94.20055078567957,0.6669059122347115,False
548,1.570663071721726,94.77515367195082,0.6769603478170778,False
549,1.5613116549052575,93.63896538689994,0.6730554341777659,False
550,1.5495348211113549,94.76046285281713,0.6785034528321442,False
551,1.542279235137156,94.76046285281713,0.6828750499996311,False
552,1.532902144485799,94.29004001297719,0.6898668476287206,False
553,1.5213655983156218,94.78749864821023,0.6899818406212863,False
554,1.5076213244090613,95.45233068052623,0.6535368394491893,False
555,1.4916094114932357,94.95966650424991,0.646573940416377,False
556,1.473256553252489,95.53353906123112,0.6030532968725527,False
557,1.4524737111892643,95.50135501355014,0.5632211617210084,False
558,1.4291529843613586,95.46958927893223,0.5254594639205451,False
559,1.4031633649036754,95.27889968344067,0.502540347087588,False
560,1.374344879613302,95.37194619818831,0.4731297025566864,False
561,1.3425003133763334,95.34511319712865,0.4464506150353649,False
562,1.30738316633364,94.76314766479702,0.4464330816970746,False
563,1.2686794699537274,95.42052943147549,0.4167799397863609,False
564,1.2259790140555225,95.42648709315375,0.38896591932917113,False
565,1.1787269834988532,95.43301759133965,0.3613900185041504,False
566,1.1538530565800798,95.44012688342585,0.3677333072717404,False
567,1.1267251857192597,94.92432001820872,0.36739261275328317,False
568,1.0972261621017099,95.53040695016004,0.36100941789938684,False
569,1.0652163930664527,95.50626364785657,0.357385372637258,False
570,1.0305279703180825,95.48238012709416,0.3557467407955574,False
571,0.9929563290994998,95.45876887340302,0.35605480066346423,False
572,0.9522481488898977,95.43544244688303,0.3589017077999673,False
573,0.908083119686079,95.41241346943565,0.3479559318016846,False
574,0.8600451249809193,95.3896946114845,0.3605434749197444,False
575,0.8075738393756748,95.36729857819905,0.44624448812140505,False
576,0.7498765864518436,95.3452380952381,0.46575651460129014,False
577,0.6857486151292824,95.32352589403182,0.5421460787793646,False
578,0.6131379016405238,95.30217469662381,0.6046404705762821,False
579,0.5277139815252946,95.28119720009654,0.6588398897925728,False
580,0.40907313904382653,95.26060606060607,0.7066132236915033,False
581,0.40907313904382653,95.24041387705417,0.7489628056484224,False
582,0.40907313904382653,95.22063317442856,0.7866987577743811,False
583,0.40907313904382653,95.2012763868434,0.8202970465582083,False
584,0.40907313904382653,95.18235584031542,0.8502888767982217,False
585,0.40907313904382653,95.16388373531231,0.8772387523130423,False
586,0.3491843735073079,94.62445685909373,0.8670830958093578,False
587,0.2829047929798921,95.24046847744829,0.89603370327683,False
588,0.208180945557171,95.9112222569553,0.9106486719040728,False
589,0.12068101401352381,95.89711417816812,0.9229991086567341,False
590,0.12068101401352381,95.88342670107635,0.9170967128392904,False
591,0.208180945557171,95.87016923465522,0.9318196855894795,False
592,0.2829047929798921,95.85735098498765,0.9450835532082568,False
593,0.3491843735073079,95.33036848792884,0.9624092090423947,False
594,0.40907313904382653,95.93501115004779,0.9703195859068874,False
595,0.40907313904382653,96.62533554902211,0.9457994567254716,False
596,0.40907313904382653,96.0907459625737,0.9472523769712752,False
597,0.40907313904382653,96.72963248522231,0.9151747097313347,False
598,0.40907313904382653,96.73948063663896,0.8839379927117396,False
599,0.40907313904382653,96.74980615146032,0.8529102208748003,False
600,0.4637773498877516,96.76060900550696,0.8137712056774551,False
601,0.5140912790181235,96.77188880228631,0.7860584485784323,False
602,0.6318640827062832,96.78364476853962,0.7578290865990736,False
603,0.7164037343212466,96.7958757504568,0.7291652502249192,False
604,0.7881133310528374,96.80858021058138,0.6996248283746377,False
605,0.7881133310528374,96.82175622542594,0.6699529637704756,False
606,0.8513226827573213,96.2773291313768,0.6692049652619467,False
607,0.908083119686079,96.93501710076296,0.6337950631470353,False
608,0.9595986573441049,96.92936215076436,0.5986810796846708,False
609,1.006661191043945,96.92409240924093,0.5707865073026687,False
610,1.0498302157100041,96.38371016792279,0.6075709418036278,False
611,1.0895209637560108,97.02727754237289,0.6101382964112312,False
612,1.1260528027543955,97.04302857521714,0.6129468870529168,False
613,1.1596780472087271,97.05921402018056,0.6160523121452857,False
614,1.190600186419197,97.07582906891739,0.6194955633108366,False
615,1.2189859772419214,97.09286854709953,0.6233029732379461,False
616,1.258887499344383,97.11032691923563,0.6274862688310802,False
617,1.2952336017523502,97.12819829424308,0.6318580237215066,False
618,1.3283399146847865,97.14647643176212,0.6365561291458891,False
619,1.3584547364298434,97.16515474919957,0.6248362837982891,False
620,1.3857772327036844,96.66377527190231,0.6348028656830601,False
621,1.410469497157276,97.27709556860651,0.6291263670858636,False
622,1.4326648482653093,97.2752771470549,0.6212406886773271,False
623,1.4524737111892643,97.27382066016304,0.6165331414590545,False
624,1.4699878894344567,97.27272727272727,0.613668882461212,False
625,1.485283726758245,97.27199786039048,0.6117511278459509,False
626,1.4984244813325356,97.27163300789087,0.6091982866057253,False
627,1.5094621252684286,97.27163300789087,0.6060346812031775,False
628,1.5184387137728148,96.76384059909067,0.6192157007566359,False
629,1.5253874232579383,97.3529411764706,0.6135059859937771,False
630,1.530333327439556,97.96886483597247,0.5778025428146261,False
631,1.5332939593741384,97.96981434486443,0.5396356088819415,False
632,1.534279692145678,97.97103383835012,0.5021311423663627,False
633,1.5332939593741384,97.97252234227024,0.46987031622013103,False
634,1.530333327439556,97.97427866995402,0.43934147261504947,False
635,1.530333327439556,97.97630142457729,0.4040744471042416,False
636,1.5253874232579383,97.97858900192831,0.3686777303952728,False
637,1.5184387137728148,97.98113959357153,0.33493278600691007,False
638,1.5094621252684286,97.98395119039724,0.3006389271735246,False
639,1.4984244813325356,97.40035811393328,0.3005700372662248,False
640,1.485283726758245,97.8712116188076,0.27892270694610644,False
641,1.4699878894344567,97.8712116188076,0.2600271185298019,False
642,1.4524737111892643,97.13945172824792,0.25073509721253195,False
643,1.4326648482653093,97.8052488927084,0.2379185720825559,False
644,1.410469497157276,97.80915929787515,0.22597496857459945,False
645,1.3857772327036844,97.81334387143515,0.21489992887383522,False
646,1.3584547364298434,97.26667983929394,0.20707871601898922,False
647,1.3283399146847865,97.6882039122703,0.20408554013094413,False
648,1.2952336017523502,96.9436045747338,0.17420678741216317,False
649,1.258887499344383,97.61264511051354,0.33036637771178323,False
650,1.2189859772419214,97.23203769140164,0.327079071204798,False
651,1.2189859772419214,97.74136692995626,0.3295545302942724,False
652,1.2189859772419214,97.75808133472367,0.3318082646129042,False
653,1.258887499344383,97.26758180990176,0.32817649911932667,False
654,1.2952336017523502,97.25457029471082,0.3236575346939851,False
655,1.3283399146847865,97.76391055642226,0.32655203776190245,False
656,1.3283399146847865,97.7531008507046,0.32979196964228336,False
657,1.3283399146847865,97.74260508562533,0.3338964013304921,False
658,1.3283399146847865,97.73242630385488,0.3381729087807475,False
659,1.3283399146847865,97.72256728778468,0.34353793566013296,False
660,1.3283399146847865,97.71303055752955,0.3488058563960674,False
661,1.3584547364298434,97.70381836945305,0.3543672545494476,False
662,1.3857772327036844,97.69493271521473,0.3595286972465343,False
663,1.3857772327036844,97.68637532133675,0.3642683654326694,False
664,1.3819829643540342,97.67814764928484,0.4109722594152955,False
665,1.3525074295964727,97.67025089605735,0.412762917227493,False
666,1.3283399146847865,97.66268599527429,0.41410415468801187,False
667,1.2952336017523502,97.65545361875637,0.4150605206674404,False
668,1.2588874993443833,97.24770642201835,0.40725946983423356,False
669,1.2449737775841294,96.3393708293613,0.29524203993732817,False
670,1.2259790140555225,97.31237322515213,0.29028239579493775,False
671,1.2014461200230289,97.29764019284445,0.2852101714344574,False
672,1.1706718933538656,97.2832296559604,0.28013445141391297,False
673,1.132529774880598,97.26914772005588,0.27407055953868376,False
674,1.0850365744330073,97.25540025412961,0.2681126939327719,False
675,1.0239228180015463,97.24199288256227,0.26239045914965065,False
676,0.9288391461883214,97.22893097750095,0.2570393651738254,False
677,0.9432261548473415,97.21621965170968,0.25130035776991233,False
678,0.9559312637896478,97.20386375190645,0.24598195567935066,False
679,1.065299640553338,97.19186785260483,0.2390808360865153,False
680,1.1412418450836315,97.18023625047631,0.23265231203161477,False
681,1.2041517951932372,97.16897295924845,0.2248608195167465,False
682,1.2583494426149708,97.15808170515098,0.21718115294349605,False
683,1.305875511291131,97.14756592292089,0.2097026723482964,False
684,1.347922583568817,96.5547815072831,0.17044822189906425,False
685,1.3852702053381707,97.20992028343667,0.16954310239072906,False
686,1.418464503832282,97.21381744831064,0.16897656031315889,False
687,1.44790620869417,97.2180356694298,0.2199850187119655,False
688,1.4738989153366922,97.22256974852996,0.21934007652897472,False
689,1.4966777416164074,97.22741433021807,0.2435081060247875,False
690,1.5164273757656148,97.23256391164061,0.2450653061439761,False
691,1.5332939593741384,97.2380128521997,0.2467452544213164,False
692,1.547393175014927,97.24375538329026,0.24844432182845141,False
693,1.5588158799768146,97.24978561803259,0.2500652785782201,False
694,1.567632081836135,97.2560975609756,0.2515170753110691,False
695,1.5738937446297547,97.26268511774703,0.2522981996033859,False
696,1.5798387881475398,97.26954210462728,0.25281731912406713,False
697,1.582267169313773,97.27666225802572,0.25300057589625446,False
698,1.582267169313773,97.28403924383824,0.2527758773952125,False
699,1.5798387881475398,97.0952380952381,0.2528328030867415,False
700,1.5749691486891673,97.0952380952381,0.25236375417318735,False
701,1.567632081836135,97.28403924383824,0.25240075440560783,False
702,1.557787262784918,97.27666225802572,0.25252426767140923,False
703,1.545378825051491,97.26954210462728,0.2527279450175862,False
704,1.530333327439556,96.546491866958,0.2071659418969678,False
705,1.5125568756434098,97.32926829268293,0.20511178088141527,False
706,1.4919310878474152,97.31531311154599,0.20993479886098024,False
707,1.4683074126842999,96.53846153846153,0.15303868982821558,False
708,1.441499001640642,97.2333942717855,0.15216838194114884,False
709,1.411268792775777,96.6792361026639,0.10785252296528379,False
710,1.3773114348674147,97.2808934207332,0.10349966903531096,False
711,1.3392246071829446,97.2808934207332,0.09930677394170732,False
712,1.296460736137167,97.2808934207332,0.09520691349310637,False
713,1.2482389571842902,97.2808934207332,0.09122585440022625,False
714,1.2363772403452271,97.2808934207332,0.19610985079280646,False
715,1.222731822382257,97.2808934207332,0.19637145637682313,False
716,1.2072640872959293,97.2808934207332,0.19645361262748168,False
717,1.1899285414712581,97.2808934207332,0.19638333422364626,False
718,1.1706718933538656,97.2808934207332,0.19680251155039144,False
719,1.1494318918359776,97.2808934207332,0.19711074205436088,False
720,1.1261358508278745,97.2808934207332,0.19780763788388225,False
721,1.100698757874416,97.2808934207332,0.19833029017307013,False
722,1.0730208202534555,97.2808934207332,0.19868923656046336,False
723,1.0429842335712594,97.2808934207332,0.1988945061659973,False
724,1.01044884930661,97.2808934207332,0.19895569385258974,False
725,0.9752462395674341,97.2808934207332,0.19888201898599653,False
726,0.9134853951751389,96.95713153241051,0.19200570242930207,False
727,0.843195316078971,97.17593727027689,0.1925073487104575,False
728,0.7600473303889541,97.16940495969479,0.1928811409540383,False
729,0.6436394131461666,97.16316440049444,0.19314305845355187,False
730,0.603652249754401,97.15722177394326,0.193269985416924,False
731,0.560576942614533,97.15158314634755,0.19326338941286905,False
732,0.5140912790181235,97.14625445897741,0.19319061919891448,False
733,0.4637773498877516,97.14124151796933,0.1930678160093504,False
734,0.40907313904382653,96.38728323699422,0.07995418960583542,False
735,0.3491843735073079,97.05956270419703,0.07619735916263073,False
736,0.2829047929798921,97.05956270419703,0.07288510474916989,False
737,0.208180945557171,97.05956270419703,0.06999397093553866,False
738,0.12068101401352381,97.05956270419703,0.06567840732455847,False
739,-0.0,97.05956270419703,0.06157194991468396,False
740,-0.0,97.05956270419703,0.055978869812362955,False
741,-0.0,97.05956270419703,0.050619498385859794,False
742,-0.0,97.05956270419703,0.045524756622333205,False
743,-0.0,97.05956270419703,0.040734383314012475,False
744,-0.0,97.05956270419703,0.03630026639303479,False
745,-0.0,97.05956270419703,0.03180375834847035,False
746,-0.0,97.05956270419703,0.027572902242186156,False
747,-0.0,97.05956270419703,0.02363522767662776,False
748,-0.0,97.05956270419703,0.020027809693216273,False
749,-0.0,97.05956270419703,0.15126226736613094,False
750,-0.0,97.05956270419703,0.16336358967414374,False
751,-0.0,97.05956270419703,0.16318741026315053,False
752,-0.0,97.05956270419703,0.16308044677929637,False
753,-0.0,97.05956270419703,0.16302645407522465,False
754,-0.0,97.05956270419703,0.17351473841293513,False
755,-0.0,97.05956270419703,0.17566123761017463,False
756,-0.0,97.05956270419703,0.17755125955048245,False
757,-0.0,97.05956270419703,0.179220334003423,False
758,-0.0,97.05956270419703,0.18069689895030883,False
759,0.12068101401352381,97.05956270419703,0.3425961002680361,False
760,0.208180945557171,97.05956270419703,0.3441312228739053,False
761,0.2829047929798921,97.05956270419703,0.36751443724765714,False
762,0.2829047929798921,97.05956270419703,0.36964491159213503,False
763,0.2829047929798921,97.05956270419703,0.3714237160688293,False
764,0.2829047929798921,97.05956270419703,0.3834194778233771,False
765,0.2829047929798921,97.05956270419703,0.38621047878536036,False
766,0.3491843735073079,97.05956270419703,0.444708430964732,False
767,0.40907313904382653,97.05956270419703,0.4925764676977331,False
768,0.40907313904382653,97.05956270419703,0.5328760847991701,False
769,0.40907313904382653,96.38728323699422,0.5471173434295249,False
770,0.40907313904382653,96.75812046672974,0.5746852719254577,False
771,0.40907313904382653,97.02932828760643,0.6017497000951638,False
772,0.40907313904382653,97.02932828760643,0.6254098250232516,False
773,0.40907313904382653,97.02932828760643,0.6461699143031683,False
774,0.5277139815252946,96.75812046672974,0.661758061929431,False
775,0.6131379016405237,97.1365499842321,0.6618483866722008,False
776,0.6857486151292823,97.13218536338313,0.6789240312484071,False
777,0.7498765864518437,97.12815299574306,0.6942813255494718,False
778,0.8075738393756747,97.12445804641673,0.7080808095920605,False
779,0.8600451249809193,95.72175465442488,0.6594064053697393,False
780,0.9080831196860789,97.12445804641673,0.6700831861166027,False
781,0.9522481488898976,96.40397857689365,0.6675254684122162,False
782,0.9929563290994997,97.13720989543484,0.6688676635593533,False
783,1.0305279703180825,97.12533537753929,0.6740861412833529,False
784,1.0652163930664527,96.53782157941892,0.6729391701643017,False
785,1.0972261621017099,97.15384615384616,0.6761195741376267,False
786,1.1267251857192595,97.93569131832797,0.6437261664157529,False
787,1.1538530565800795,97.92619308301668,0.6122155709293039,False
788,1.201681991620676,97.91693537985296,0.5815797996773152,False
789,1.2259790140555222,97.90792277393943,0.5518115419850746,False
790,1.2481068205144499,97.89915966386555,0.5217854573416564,False
791,1.2681489963097885,97.89065027499191,0.4925721575881842,False
792,1.2861766890619075,97.88239865302423,0.4636998476541044,False
793,1.3022504881911108,97.87440865789644,0.4356298834026725,False
794,1.3164218868227548,97.8666839579821,0.40888791295538773,False
795,1.3287344279695676,97.33376581252027,0.4094538365866567,False
796,1.3392246071829446,97.89746917585983,0.43467792944403477,False
797,1.347922583568817,97.89746917585983,0.45883710746690387,False
798,1.3548527368476762,97.89746917585983,0.4819795312024614,False
799,1.360034097940745,97.89746917585983,0.4691511265875618,False
800,1.3634806730596907,97.89746917585983,0.4903673134177583,False
801,1.3652016755898781,97.89746917585983,0.5109539472582438,False
802,1.3652016755898781,97.15210355987055,0.5383121947713614,False
803,1.3634806730596907,97.82468370772011,0.558367403666902,False
804,1.360034097940745,97.83084449021626,0.5769325644177639,False
805,1.3548527368476762,97.83724810678989,0.5944042296683854,False
806,1.347922583568817,97.84388995521434,0.5939527534330978,False
807,1.3392246071829446,97.85076530612245,0.602739562435714,False
808,1.3287344279695676,97.85786931095856,0.610619129887615,False
809,1.3164218868227548,97.86519701000887,0.6176659427834286,False
810,1.3022504881911108,97.87274334048732,0.6248830725461971,False
811,1.2861766890619075,97.88050314465409,0.6236271865828654,False
812,1.2681489963097885,97.88847117794487,0.6238542668611837,False
813,1.2481068205144499,97.896642117089,0.6317545259503717,False
814,1.2259790140555222,97.60661444734552,0.63817494124951,False
815,1.201681991620676,97.9692917285785,0.6434185268433248,False
816,1.1751172867945407,98.78033680039624,0.6130901214472103,False
817,1.1461683299371317,98.79161528976572,0.5815324927772856,False
818,1.114696123966521,98.80294659300183,0.5567198756896846,False
819,1.0805333164475432,98.2649745570474,0.5530916040133479,False
820,1.0805333164475432,98.77556018121709,0.5212883791191416,False
821,1.0805333164475432,98.7835442264197,0.48880129514258874,False
822,1.0805333164475432,98.79165140974003,0.4555525653006179,False
823,1.0895209637560108,98.79987816021931,0.42143027843124103,False
824,1.0924850533852573,98.80822084397421,0.41073850585453464,False
825,1.0895209637560108,98.81667576916075,0.37806645101795716,False
826,1.0805333164475432,98.45864433521452,0.3722098692175633,False
827,1.0434758622197662,98.71351416954913,0.3518909131800855,False
828,1.0032709271829536,98.71351416954913,0.3312763660451269,False
829,0.9522481488898977,98.71351416954913,0.31573529297921676,False
830,0.8959704136014894,98.71351416954913,0.3005262719731666,False
831,0.8332341082038747,98.14702676516895,0.30266421499919427,False
832,0.7619882811604883,98.45326566370612,0.30265823528475483,False
833,0.677903479475398,98.78239903556359,0.28641380479072,False
834,0.560576942614533,98.77945619335347,0.27178296109499556,False
835,0.560576942614533,98.7766472868217,0.2588095949517234,False
836,0.560576942614533,98.77397426559844,0.24751944200683332,False
837,0.560576942614533,98.77143899768885,0.23758287526515373,False
838,0.560576942614533,97.95037100109475,0.3853657834380373,False
839,0.560576942614533,98.6680452499696,0.38471909559890394,False
840,0.560576942614533,98.6680452499696,0.38469622186282465,False
841,0.560576942614533,98.6680452499696,0.3852013120761631,False
842,0.560576942614533,98.6680452499696,0.3857513227090471,False
843,0.560576942614533,98.6680452499696,0.38648122886761826,False
844,0.560576942614533,97.97469894173459,0.36146862529658924,False
845,0.560576942614533,98.7653570125289,0.37557959664145896,False
846,0.603652249754401,98.7772397094431,0.3748915193384848,False
847,0.6436394131461666,98.78915662650603,0.3739886803788606,False
848,0.6807937753703206,98.57341473735114,0.3742513788572805,False
849,0.6807937753703206,98.87190684133915,0.37073300219809,False
850,0.7153220528038851,98.86252446183953,0.36806039441300586,False
851,0.7473944462440387,98.85312615612283,0.3656888491359016,False
852,0.7771529943226336,98.84371503170459,0.36358985446527514,False
853,0.804717519321077,98.83429430935071,0.36173614558486183,False
854,0.804717519321077,98.8248673237301,0.36010185202054174,False
855,0.804717519321077,98.81543752388231,0.3585322276042893,False
856,0.804717519321077,98.80600847348825,0.35715429004877813,False
857,0.804717519321077,98.79658385093168,0.3561691066150066,False
858,0.804717519321077,97.22437888198758,0.1464082095378592,False
859,0.804717519321077,98.79658385093168,0.1415528398071992,False
860,0.804717519321077,98.79876001033325,0.13660965777550851,False
861,0.804717519321077,98.80108289287095,0.13156712540419693,False
862,0.804717519321077,98.80355075260518,0.12758838570818662,False
863,0.804717519321077,98.80616174582798,0.12406921887636392,False
864,0.804717519321077,98.80891393442623,0.12039200034172094,False
865,0.804717519321077,98.18775614754098,0.05552666486364926,False
866,0.804717519321077,98.73847336065573,0.05302579938994277,False
867,0.804717519321077,98.73847336065573,0.05041280659489204,False
868,0.804717519321077,98.73847336065573,0.04766277801948181,False
869,0.804717519321077,98.73847336065573,0.04533003793867218,False
870,0.804717519321077,98.73847336065573,0.04306262088508603,False
871,0.804717519321077,98.73847336065573,0.04087008742509125,False
872,0.804717519321077,98.73847336065573,0.038764398929659494,False
873,0.804717519321077,98.73847336065573,0.03676044442592433,False
874,0.804717519321077,98.73847336065573,0.03487660231947515,False
875,0.804717519321077,98.73847336065573,0.03451745520115724,False
876,0.804717519321077,98.73847336065573,0.03386816087576979,False
877,0.804717519321077,98.73847336065573,0.03314687964864235,False
878,0.804717519321077,98.73847336065573,0.08337811431035733,False
879,0.804717519321077,98.73847336065573,0.08638386531099203,False
880,0.804717519321077,98.73847336065573,0.08957383229120552,False
881,0.7771529943226336,98.73847336065573,0.09291478346545227,False
882,0.7473944462440387,98.73847336065573,0.09637533562500795,False
883,0.7153220528038851,98.73847336065573,0.09992625669883749,False
884,0.6807937753703206,98.73847336065573,0.10839309841975314,False
885,0.6436394131461666,98.73847336065573,0.20509046595937006,False
886,0.603652249754401,98.73847336065573,0.2762637716017428,False
887,0.560576942614533,98.73847336065573,0.3246350627181271,False
888,0.560576942614533,98.73847336065573,0.36479972510476094,False
889,0.560576942614533,98.73847336065573,0.39944233502195126,False
890,0.603652249754401,98.73847336065573,0.42971380031590317,False
891,0.6436394131461666,98.73847336065573,0.5107432376018617,False
892,0.6807937753703206,98.73847336065573,0.5344484245267155,False
893,0.7153220528038851,98.73847336065573,0.5551467401123771,False
894,0.7473944462440387,98.73847336065573,0.5732544271439179,False
895,0.7771529943226336,98.73847336065573,0.5945297784425384,False
896,0.804717519321077,98.73847336065573,0.6104526580292764,False
897,0.8301899714180443,98.73847336065573,0.6248206290656743,False
898,0.8536576732793313,98.39476049826634,0.6331095910313093,False
899,0.8536576732793313,98.6223767220291,0.6443816046531374,False
900,0.8536576732793313,98.61254517294786,0.6543768991634998,False
901,0.875195788740725,98.60284605433377,0.6916806928159965,False
902,0.8948692308065574,98.59328406586283,0.7009736909865464,False
903,0.9127341558073343,98.58386384305574,0.7087494651483588,False
904,0.9288391461883214,98.51097178683385,0.7144427692407056,False
905,0.9432261548473415,97.91666666666667,0.6988103594363527,False
906,0.9559312637896478,97.84007352941177,0.6788205868240866,False
907,0.9559312637896478,97.87514847565,0.6611350317587097,False
908,0.9559312637896478,97.8644382544104,0.6430951418808498,False
909,0.9559312637896478,97.85390562516662,0.6250315838308167,False
910,0.9559312637896478,97.84355746048755,0.606855875579236,False
911,0.9559312637896478,97.28770425930887,0.5422576350198249,False
912,0.9559312637896478,97.76989016876507,0.5231974701038926,False
913,0.9559312637896478,97.76989016876507,0.5029332419664694,False
914,0.9559312637896478,97.76989016876507,0.5041918879267606,False
915,0.9669852958320848,97.67191495088144,0.4811451445181607,False
916,0.976414308115487,97.72204947951873,0.46675603302879703,False
917,0.9842399889605549,97.71184139054861,0.45075528101215845,False
918,0.9904799742690308,97.70185488270594,0.4969096888758097,False
919,0.995148095654003,97.6920969730174,0.48314045478747675,False
920,0.9982545693874831,97.68257461147023,0.4700812787128395,False
921,0.999806132804711,97.15995048824095,0.4228702446530613,False
922,0.999806132804711,97.59317837986522,0.40639762655177736,False
923,0.999806132804711,97.59317837986522,0.3916761709744264,False
924,0.999806132804711,97.59317837986522,0.37872983759531903,False
925,0.999806132804711,97.59317837986522,0.38706757738424535,False
926,0.999806132804711,97.59317837986522,0.3784022165299158,False
927,0.999806132804711,97.59317837986522,0.4500821833912741,False
928,0.999806132804711,97.59317837986522,0.44626623887241884,False
929,0.999806132804711,97.59317837986522,0.4436445499846931,False
930,0.999806132804711,97.59317837986522,0.44061545367777893,False
931,0.999806132804711,97.59317837986522,0.48490639717311207,False
932,0.999806132804711,97.45926539629936,0.4805278837249463,False
933,0.999806132804711,97.53257554754644,0.4876410394047757,False
934,0.999806132804711,97.0266149154422,0.46542253111010157,False
935,0.999806132804711,97.42861103410036,0.4637512665662186,False
936,0.999806132804711,97.28676777514957,0.4584584710394367,False
937,0.999806132804711,97.35372154726993,0.4559084259113425,False
938,0.999806132804711,96.48792068146906,0.3854718493206455,False
939,1.1042875713905729,97.3676860773635,0.3847349863567982,False
940,1.175193620727556,97.3706235179244,0.38450149856743326,False
941,1.2329087607099036,97.0883254388409,0.3743796130193538,False
942,1.2817425764699486,97.4819143016138,0.37587228648409604,False
943,1.3237243701143493,97.4819143016138,0.3774036807309444,False
944,1.3600340979407453,97.4819143016138,0.37901131890640266,False
945,1.3914372992027793,96.92801787335056,0.3673701966858308,False
946,1.3852702053381707,97.51261210762331,0.3670910155438631,False
947,1.3773114348674147,96.29965156794425,0.31914308593810536,False
948,1.3675380544221296,97.52598752598753,0.3187578374606903,False
949,1.3559212235520337,97.5433027396315,0.33188211452387134,False
950,1.3424256522693587,97.35512012739736,0.34453168448191623,False
951,1.3785347251376459,96.4430964362032,0.2885209425568112,False
952,1.41098399809997,97.27578398408015,0.2986557748487673,False
953,1.4400831784759722,96.91960931630354,0.2932578997560838,False
954,1.4660741214574515,97.41689891917612,0.30042275785717343,False
955,1.489148966540959,97.41689891917612,0.30633513696538356,False
956,1.5094621252684286,97.41689891917612,0.3103841930971999,False
957,1.527138493598173,97.41689891917612,0.31358906948619664,False
958,1.5352702332191592,97.41689891917612,0.3147835446268177,False
959,1.5413427890574958,97.41689891917612,0.315433560789193,False
960,1.5413427890574958,97.41689891917612,0.31560673037482745,False
961,1.5413427890574958,97.41689891917612,0.31521764662099294,False
962,1.545378825051491,97.41689891917612,0.3141078466535986,False
963,1.547393175014927,97.41689891917612,0.31257420093958677,False
964,1.547393175014927,97.41689891917612,0.3115955890944061,False
965,1.545378825051491,96.92643945085719,0.3033679213240976,False
966,1.5413427890574958,97.27578398408015,0.30567562737595433,False
967,1.5352702332191592,96.45688288412491,0.25173313359775507,False
968,1.6291708748965217,97.34127258879734,0.25534989209399767,False
969,1.689039280297612,97.69757311761046,0.24190294430294143,False
970,1.735217874109782,97.68087765588113,0.2316318212376385,False
971,1.7719679692478025,97.66436589277,0.2247869638607477,False
972,1.8012630609106781,97.64804703905922,0.22225895022750855,False
973,1.824218069032501,97.63193029302228,0.22292951960756485,False
974,1.8415220546537463,97.61602482719707,0.22661939218627825,False
975,1.8536146904174111,97.60033977489913,0.23303233330149295,False
976,1.8607700541987686,97.58488421650803,0.2441466093920468,False
977,1.8631390856781753,97.56966716556197,0.25733227990096935,False
978,1.8379912279190533,97.55469755469755,0.3848236093382702,False
979,1.8093652274583012,97.53998422147313,0.6403495662285038,False
980,1.776959432967167,97.52553589411596,0.6914473239059018,False
981,1.740374870612064,97.51136117723436,0.7363756217374211,False
982,1.6990670042494944,97.32674705796892,0.7763020916142702,False
983,1.6990670042494944,97.35937385706971,0.811926044508749,False
984,1.6990670042494944,97.32655766681397,0.8434482418335224,False
985,1.7174198624902413,97.29369022021206,0.8713799333910888,False
986,1.7334317754060666,97.26078519181968,0.9130697403885504,False
987,1.747176049312627,97.22785665990534,0.9298708974671006,False
988,1.7587125954828047,97.19491909874489,0.9449635865140151,False
989,1.7680896861341615,97.1619873697025,0.9584112709078578,False
990,1.7753452721083605,97.12907671107028,0.9702727308563356,False
991,1.7805079597590745,97.09620272664253,0.9806034175310012,False
992,1.7835977137819234,97.0633813730048,0.9894565823387763,False
993,1.7846263309738202,97.03062894552257,0.9970678545184606,False
994,1.7835977137819237,96.99796206301929,1.0034217071923455,False
995,1.7805079597590745,96.96539765113896,1.0085755723818073,False
996,1.7753452721083605,96.93295292439372,1.0470782948868507,False
997,1.7680896861341615,96.90064536690303,1.0510072262777412,False
998,1.7587125954828047,96.05609114811568,1.0177812997449855,False
999,1.747176049312627,95.01041166106039,0.8858509473154571,False
1000,1.747176049312627,96.03960396039604,0.8517192269391272,False
1001,1.747176049312627,96.02094240837697,0.8174894018844179,False
1002,1.747176049312627,96.00290112015473,0.7832845881733911,False
1003,1.747176049312627,95.98548972188634,0.7492346710339249,False
1004,1.747176049312627,95.96871724582762,0.7154779224648024,False
1005,1.747176049312627,95.95259211481093,0.7083424167208574,False
1006,1.747176049312627,95.65497783151955,0.6526386748929728,False
1007,1.7026575487369033,96.0109597872512,0.6269880411303737,False
1008,1.6513746756893453,95.98543099959531,0.6022241419323516,False
1009,1.5912922678886339,95.96033487767211,0.5783558157204393,False
1010,1.5180954492193064,95.93568921896679,0.5551969847447622,False
1011,1.4113949465359856,95.91151167554281,0.5331187187773121,False
1012,1.4113949465359856,95.88781972201662,0.5177987730617779,False
1013,1.4113949465359856,95.86463062319439,0.5804653606209075,False
1014,1.4113949465359856,95.84196140147436,0.5671711906955427,False
1015,1.4113949465359856,95.819828804122,0.5546185581202123,False
1016,1.4113949465359856,95.0386437297432,0.4722014386107386,False
1017,1.4113949465359856,95.69517161140197,0.4562837598294866,False
1018,1.5180954492193064,95.69517161140197,0.44258245498026183,False
1019,1.5752572246497292,95.69517161140197,0.43100579059199623,False
1020,1.6185646601203643,95.69517161140197,0.4625226261408915,False
1021,1.6522577343414264,95.69517161140197,0.4586580433658832,False
1022,1.6782841621862699,95.69517161140197,0.4561842369836572,False
1023,1.697727306404142,95.69517161140197,0.4548703683844898,False
1024,1.6998803448878625,95.69517161140197,0.4544900964120503,False
1025,1.672433397223175,95.03033325022854,0.4128731274571236,False
1026,1.6679113272600476,95.83644976315134,0.4156024799763257,False
1027,1.6587827811256293,95.84643389045176,0.4184747517082659,False
1028,1.6448690593653752,95.85701342558274,0.42065534022664514,False
1029,1.6448690593653752,95.86817511067387,0.422290068794287,False
1030,1.6448690593653752,95.87990536020233,0.42376982312172123,False
1031,1.622673708257342,95.89219029063159,0.4247337401635527,False
1032,1.5979814438037503,95.4283861554673,0.4184072236036196,False
1033,1.5706589475299095,94.4278687202645,0.2935979975711538,False
1034,1.5405441257848527,95.43595091040346,0.2879560426586975,False
1035,1.5405441257848527,95.43595091040346,0.2827164875566595,False
1036,1.5405441257848527,95.43595091040346,0.2782144072409867,False
1037,1.5405441257848527,95.43595091040346,0.27358543414371805,False
1038,1.5405441257848527,95.43595091040346,0.2694096062104341,False
1039,1.529187446996978,95.43595091040346,0.2657238718316278,False
1040,1.5117174851321669,94.74656598923609,0.18063795214528625,False
1041,1.460901082667665,95.28673690983672,0.1686206423732821,False
1042,1.4035023160770048,95.28142362509058,0.15752926379295118,False
1043,1.3374757440821938,95.27685983718868,0.14735111393903574,False
1044,1.258497062649956,95.27304993143503,0.1373974903880606,False
1045,1.1461683299371317,95.26999757849705,0.1285041582384673,False
1046,1.1461683299371317,95.26770572559154,0.12090759866937764,False
1047,1.1461683299371317,95.26617658938525,0.11253744737152871,False
1048,1.1461683299371317,95.26541165064232,0.10567332229715377,False
1049,1.1461683299371317,95.26541165064232,0.12022672160139841,False
1050,1.1461683299371317,95.26617658938525,0.1311113263080285,False
1051,1.1461683299371317,95.26770572559154,0.14132731224975695,False
1052,1.1751172867945407,95.26999757849705,0.1526689077094254,False
1053,1.201681991620676,95.27304993143503,0.16483866302157865,False
1054,1.201681991620676,95.27685983718868,0.17759088734848769,False
1055,1.201681991620676,95.28142362509058,0.19072488067321167,False
1056,1.2259790140555222,95.28673690983672,0.20361378391640897,False
1057,1.2481068205144499,95.29279460197606,0.2168212293867362,False
1058,1.2481068205144499,95.29959092002888,0.21992116478052326,False
1059,1.2481068205144499,95.30711940418034,0.23844172741193334,False
1060,1.2481068205144499,95.31537293148932,0.2384815995667077,False
1061,1.2481068205144499,95.32434373254608,0.2664081556515105,False
1062,1.2481068205144499,95.33402340950713,0.29135858089723154,False
1063,1.2481068205144499,95.34440295543021,0.3140808778049214,False
1064,1.2481068205144499,95.35547277482762,0.33533212153393593,False
1065,1.2681489963097885,95.3672227053522,0.3550339777935278,False
1066,1.2861766890619075,95.37964204052669,0.37337367213349015,False
1067,1.3949057788381025,95.39271955342402,0.39048706861010946,False
1068,1.4701909339012078,95.40644352120404,0.4064749814452166,False
1069,1.532425056661844,94.96757052434164,0.41627200987502877,False
1070,1.5464702686981733,95.56819066905523,0.42658438062300247,False
1071,1.5992554070750984,95.58789379982971,0.43665798642740056,False
1072,1.64532547106805,95.6080301515268,0.43859446571198346,False
1073,1.685870278016369,95.62858234619793,0.44262629569339973,False
1074,1.7216663363684948,95.64953306506719,0.44513646215594543,False
1075,1.7532564264584933,95.67086507278076,0.44624991444071016,False
1076,1.781037578035845,95.69256124054236,0.458532196643339,False
1077,1.8053092821481802,95.71460456811249,0.45576063153631574,False
1078,1.8263020865934854,95.5596601403768,0.4578419964001297,False
1079,1.8088321247286743,95.81101900080698,0.4522757850720554,False
1080,1.7846267828804199,95.39608301666179,0.4556978455781046,False
1081,1.7526244865667198,95.95312613727346,0.4422863487270206,False
1082,1.710894937006755,95.97514271262375,0.4316363398238485,False
1083,1.6552122965826201,95.9974176888315,0.42067954417354464,False
1084,1.565263635906296,96.01993592025632,0.40943293649958373,False
1085,1.5576725670893488,96.04268249593669,0.3979136411882717,False
1086,1.5576725670893488,96.06564275194614,0.38613904075497363,False
1087,1.5478570234493585,96.0888022826919,0.37412689945515026,False
1088,1.535773302827334,96.11214695117741,0.361895507174527,False
1089,1.5213655983156216,96.13566289825283,0.3492156868962141,False
1090,1.5045643034921028,96.1593365508803,0.33641111140447766,False
1091,1.485283726758245,96.18315462944231,0.32286360219442367,False
1092,1.485283726758245,96.05502731134938,0.31962269148363914,False
1093,1.485283726758245,96.13594982803966,0.31317756837526106,False
1094,1.485283726758245,96.13594982803966,0.3085501279299986,False
1095,1.485283726758245,96.13594982803966,0.30570541215032027,False
1096,1.4634190046135478,95.23045019733762,0.28548220430519455,False
1097,1.438841894200673,96.05865569637051,0.28831023233693764,False
1098,1.4113949465359856,96.08423823626192,0.2829873923342836,False
1099,1.3808832571151748,96.1099144964428,0.29160693223974465,False
1100,1.3470624465271648,96.13567221179365,0.29937610078555327,False
1101,1.30962049684272,96.11014827652609,0.3075897345672325,False
1102,1.3470624465271648,96.23193940551207,0.31038786157207043,False
1103,1.3808832571151748,96.2496040544821,0.31221540904746176,False
1104,1.4113949465359856,96.26757455393734,0.3132687972044059,False
1105,1.438841894200673,96.28583976410063,0.3268929538757852,False
1106,1.4634190046135478,96.3043885386104,0.3340165578799963,False
1107,1.485283726758245,96.32320973852556,0.32759605651484613,False
1108,1.5045643034921028,96.3422922459067,0.32591812513940543,False
1109,1.5213655983156216,96.36162497695287,0.35003208617589526,False
1110,1.535773302827334,96.38119689467571,0.3462195145374417,False
1111,1.5478570234493585,96.4009970210955,0.344749299858491,False
1112,1.5576725670893488,96.42101444894504,0.3424627257563483,False
1113,1.5576725670893488,96.44123835287046,0.3394980007806438,False
1114,1.5576725670893488,96.46165800011954,0.33586684096899444,False
1115,1.565263635906296,96.48226276071068,0.33157389654692193,False
1116,1.570663071721726,96.5030421170772,0.3266165319081179,False
1117,1.570663071721726,96.5239856731842,0.3522023796537105,False
1118,1.5732230293875173,96.30580682812956,0.35733749188803526,False
1119,1.577636732431408,96.6417261179746,0.3513425068731035,False
1120,1.5798387881475398,96.6417261179746,0.3464947315945634,False
1121,1.57983878814754,96.6417261179746,0.34276752379447867,False
1122,1.577636732431408,96.6417261179746,0.34012719271866515,False
1123,1.5732230293875173,96.6417261179746,0.3387913461031331,False
1124,1.5665782425417163,96.6417261179746,0.3385997147711797,False
1125,1.557672567089349,95.81810799837596,0.31839326979577065,False
1126,1.557672567089349,96.75192854242793,0.30656772457016324,False
1127,1.557672567089349,96.43724696356276,0.3062434058264076,False
1128,1.5478570234493585,96.64379216884839,0.30436814918488136,False
1129,1.535773302827334,95.76426203269692,0.2719800986852541,False
1130,1.5213655983156218,96.57204374185507,0.2722702847866394,False
1131,1.5213655983156218,96.64719757385151,0.2669978264603379,False
1132,1.5045643034921028,96.64719757385151,0.2646761408210847,False
1133,1.4852837267582453,96.64719757385151,0.2630189392025417,False
1134,1.4634190046135478,96.64719757385151,0.26198647158357385,False
1135,1.438841894200673,96.64719757385151,0.2615375827191973,False
1136,1.438841894200673,96.64719757385151,0.26079617787490145,False
1137,1.438841894200673,95.82163315736268,0.21404192485778642,False
1138,1.438841894200673,96.75390317870381,0.21168647104691385,False
1139,1.438841894200673,96.77401350672545,0.20837515597222786,False
1140,1.438841894200673,96.79423183582918,0.2025383516920946,False
1141,1.438841894200673,96.81454946266189,0.1932043390433036,False
1142,1.438841894200673,96.83495783594348,0.18426565358523952,False
1143,1.438841894200673,96.85544856101409,0.17656934695040086,False
1144,1.438841894200673,96.87601340395634,0.18236285609171798,False
1145,1.438841894200673,96.57593432706848,0.18400823537010288,False
1146,1.4473839613746429,96.76235700410102,0.20575717240809294,False
1147,1.4524737111892643,96.57142857142857,0.2137178558894265,False
1148,1.4541644890966259,96.79052234787291,0.21989495195962924,False
1149,1.4524737111892643,96.79052234787291,0.22808692454851842,False
1150,1.4473839613746429,96.79052234787291,0.2375617786945514,False
1151,1.438841894200673,96.58760107816711,0.2731988588304572,False
1152,1.4113949465359856,96.76235700410102,0.2864892618946194,False
1153,1.3969387860636409,96.7703607690646,0.299772939190587,False
1154,1.378534725137646,96.77872662414875,0.3129403612284509,False
1155,1.3559212235520337,96.78745267712277,0.3258925385230605,False
1156,1.3287344279695676,96.7965367965368,0.33989159910339095,False
1157,1.296460736137167,96.61650064963187,0.35524146322404726,False
1158,1.2583494426149708,96.902415249648,0.3668658930942816,False
1159,1.2132336634320215,96.902415249648,0.37870959601103243,False
1160,1.2132336634320215,96.902415249648,0.3914700661731678,False
1161,1.2132336634320215,96.84599098854568,0.40534225847631367,False
1162,1.2132336634320215,96.55827588078823,0.41861484529324455,False
1163,1.2667356005770385,96.51213407334856,0.43061752960679717,False
1164,1.3135448704851065,96.33527839886568,0.43651503912647804,False
1165,1.3548527368476762,96.59525631216526,0.4496786544876876,False
1166,1.3914372992027793,96.24986253161772,0.4517074203848044,False
1167,1.4238430936939133,96.43173268422217,0.4610818367039685,False
1168,1.4524690941546654,96.39915405164737,0.4686799322308913,False
1169,1.4776169519137876,96.36658828798566,0.4749275816999945,False
1170,1.4995196245467155,96.3340466268724,0.47985165355412734,False
1171,1.5183593905083006,96.06620564561841,0.47150457421632225,False
1172,1.5342796921456783,96.22889091738932,0.4726547570247102,False
1173,1.5473931750149272,96.19889756545705,0.4731961045359809,False
1174,1.557787262784918,96.16895874263261,0.473217167469553,False
1175,1.5655280605848256,96.13908594022561,0.4730087495996875,False
1176,1.570663071721726,96.10929089632576,0.47168806154876375,False
1177,1.5732230293875173,96.07958558982811,0.5355088191863461,False
1178,1.5732230293875173,96.04998223380315,0.5286672716564829,False
1179,1.577636732431408,96.02049326819969,0.5205215315766543,False
1180,1.5738937446297547,95.99113135186961,0.5112293172774637,False
1181,1.567632081836135,95.9619093539055,0.5009415769753405,False
1182,1.5588158799768146,95.93284034428416,0.4895768696364894,False
1183,1.547393175014927,95.9039375838108,0.4900727567616736,False
1184,1.5332939593741384,95.87521451336112,0.4789555434096235,False
1185,1.5164273757656148,95.8466847424205,0.46796687667800274,False
1186,1.4966777416164074,95.81836203692231,0.5089681366478904,False
1187,1.4738989153366922,95.79026030638934,0.5451161032586578,False
1188,1.44790620869417,95.76239359038559,0.5770743126104726,False
1189,1.418464503832282,95.73477604428787,0.6058976176994374,False
1190,1.3852702053381707,95.70742192438993,0.6151925656311172,False
1191,1.347922583568817,95.68034557235421,0.6504277625267012,False
1192,1.305875511291131,95.65356139902987,0.6799266884719511,False
1193,1.2583494426149708,95.62708386765837,0.7043853578377383,False
1194,1.2041517951932372,95.60092747649105,0.6982343408395475,False
1195,1.1412418450836315,95.57510674084617,0.7226318464208114,False
1196,1.065299640553338,95.54963617463618,0.7443467454347621,False
1197,1.0532169913190044,94.72860125260961,0.7189388319605471,False
1198,1.0394364783172854,95.61116205947857,0.7399588334650999,False
1199,1.0239228180015463,95.62381790908498,0.759081012135712,False
1200,1.0066347974846968,95.63693026879626,0.764146591391653,False
1201,0.9875245214535493,95.65048794674594,0.7678883359219635,False
1202,0.9665364727522964,95.66447960890261,0.7848143937594678,False
1203,0.9436063339556555,95.28295840543485,0.7910858085794591,False
1204,0.9186594970880807,95.58166262290895,0.8017509895807324,False
1205,0.8916091590804429,95.93283105605926,0.8097970545355204,False
1206,0.8623538561746379,96.7543296985247,0.7842965369144674,False
1207,0.830774222099454,96.7543296985247,0.7574710018919544,False
1208,0.7967286463062392,96.7543296985247,0.7288818106005753,False
1209,0.7600473303889541,96.7543296985247,0.6994756909181443,False
1210,0.720523936685393,96.49134060295061,0.6844330695864276,False
1211,0.677903479475398,96.8890314304041,0.6578490780345339,False
1212,0.7491906195671483,96.86211340206185,0.6204241479344308,False
1213,0.7164037343212466,96.83536111830183,0.5865680473762935,False
1214,0.7391385203526044,96.06135447809697,0.5889995624921582,False
1215,0.7498765864518437,96.88030283252839,0.5735455935146806,False
1216,0.6917244835981394,96.88030283252839,0.5366412688458065,False
1217,0.6271502454482835,96.88030283252839,0.5058096661741718,False
1218,0.5541015302865538,96.88030283252839,0.4712145942403409,False
1219,0.46824757305098735,96.88030283252839,0.4369017364111941,False
1220,0.3491843735073079,96.56702780315885,0.4257377468141704,False
1221,0.3491843735073079,96.53058562671188,0.4172491019842278,False
1222,0.3491843735073079,96.91834598272703,0.3831194070542784,False
1223,0.3491843735073079,96.895510632712,0.3522334852593929,False
1224,0.3491843735073079,96.87294272547729,0.3709822131634913,False
1225,0.3491843735073079,96.85065363792421,0.35042209418533826,False
1226,0.3491843735073079,96.82865466101696,0.3419286930261318,False
1227,0.3491843735073079,96.8069569835369,0.3299248715106736,False
1228,0.3491843735073079,96.78557167576201,0.3226453451049324,False
1229,0.3491843735073079,96.76450967311541,0.3324779545326459,False
1230,0.3491843735073079,96.70499630152646,0.34501655155223776,False
1231,0.3491843735073079,95.95363969093127,0.34064534646425676,False
1232,0.3491843735073079,96.73474964136895,0.36047091287954175,False
1233,0.3491843735073079,96.39207078674806,0.36670056603395534,False
1234,0.3491843735073079,96.38521160573427,0.37680233020066023,False
1235,0.3491843735073079,95.9589701225389,0.3554751851458522,False
1236,0.3491843735073079,96.67013527575442,0.3692387703753516,False
1237,0.3491843735073079,96.34324719648951,0.3742230543249561,False
1238,0.3491843735073079,96.80441927137963,0.3846213856745045,False
1239,0.3491843735073079,96.7732844864027,0.3945420939445817,False
1240,0.3491843735073079,96.74213925757684,0.40389375133037525,False
1241,0.3491843735073079,96.71099671099671,0.41258436715991603,False
1242,0.3491843735073079,96.67987036370184,0.41947151367455604,False
1243,0.3491843735073079,96.64877411867111,0.4257288566948409,False
1244,0.3491843735073079,95.85798816568047,0.3885542440911804,False
1245,0.3491843735073079,96.6529351184346,0.39856969267893066,False
1246,0.3491843735073079,96.30914593636967,0.3984217830495425,False
1247,0.46824757305098735,96.73381721226485,0.40304118380281156,False
1248,0.5541015302865538,96.724728301325,0.4060253787982326,False
1249,0.5541015302865538,96.16995810891682,0.39635920486590287,False
1250,0.5541015302865538,96.14751645721125,0.385689026623009,False
1251,0.5541015302865538,97.14755077658303,0.365484481863467,False
1252,0.5541015302865538,97.14755077658303,0.3451525236125599,False
1253,0.5541015302865538,96.98356719441735,0.3351334363583094,False
1254,0.5541015302865538,97.08232810615199,0.31816575378435624,False
1255,0.5541015302865538,97.07642202529728,0.30111009985342896,False
1256,0.5541015302865538,97.07090687766281,0.2842436585156785,False
1257,0.5541015302865538,97.0657904791014,0.26792477687835176,False
1258,0.5541015302865538,97.06108041743401,0.252208630004783,False
1259,0.5541015302865538,97.05678403575006,0.23731162643726278,False
1260,0.5541015302865538,97.05290841584159,0.2241921501456716,False
1261,0.5541015302865538,97.04946036182933,0.30401013541877353,False
1262,0.5541015302865538,97.0464463840399,0.29628833979277525,False
1263,0.5541015302865538,97.04387268319387,0.2888912348426238,False
1264,0.5541015302865538,96.5473948524796,0.2872755320850038,False
1265,0.6271502454482835,97.14240730536093,0.2747087670866622,False
1266,0.6917244835981394,97.11728835036034,0.2658148098726776,False
1267,0.7498765864518436,97.09232852704532,0.2588394243363365,False
1268,0.8028116417452926,97.06754266485058,0.25411656886005335,False
1269,0.8513226827573213,97.04294577391025,0.2506320222582464,False
1270,0.8959704136014894,97.01855302600664,0.2482250112048786,False
1271,1.0114225828970584,96.99437973446281,0.29312427751614617,False
1272,1.0935951075817558,96.97044133300581,0.2938930979935171,False
1273,1.1016315829206584,96.94675335363344,0.2949473815413063,False
1274,1.0935951075817558,96.92333140352328,0.29610159685196974,False
1275,1.0672075588204966,96.90019114102884,0.3629542700949098,False
1276,1.0032709271829536,96.87734825081407,0.3635492712869465,False
1277,1.0498302157100041,96.85481841818334,0.37111959161690544,False
1278,1.0924850533852573,96.83261730267037,0.3703158933842875,False
1279,1.1316501862018717,96.81076051095508,0.40174771201332854,False
1280,1.1676444621356104,96.78926356918373,0.4305975736892844,False
1281,1.2799731948484345,96.00068218640743,0.40267380036669737,False
1282,1.3124852065079404,96.80732688521783,0.4328462908394486,False
1283,1.390886983456251,96.80459179302665,0.4613721261291348,False
1284,1.4563222253858137,96.80240034290613,0.4883718929663833,False
1285,1.513114496319173,96.80075478171369,0.5140433313755858,False
1286,1.5482316433618664,96.7996567996568,0.5384881177304756,False
1287,1.5800762095988348,96.79910752595897,0.5617807520842578,False
1288,1.6088946948892082,96.79910752595897,0.5839762553652817,False
1289,1.6348843143468914,96.7996567996568,0.6051154183393205,False
1290,1.658205041174797,96.80075478171369,0.6252284963955451,False
1291,1.6827821515876717,96.16438356164383,0.6245939565583872,False
1292,1.7046468737323692,96.70170041869606,0.6412605010357055,False
1293,1.7239274504662268,96.70020463847203,0.6571747900004524,False
1294,1.7407287452897457,96.69927690344534,0.6723574317063487,False
1295,1.755136449801458,95.88983050847457,0.6481448910531721,False
1296,1.7672201704234825,96.68270448214737,0.6667511050074431,False
1297,1.777035714063473,96.42737054472092,0.6797508708178517,False
1298,1.7846267828804199,96.78580396752322,0.6956570479850342,False
1299,1.7900262186958502,97.45153743315508,0.6781403069923327,False
1300,1.7932568916038787,97.47130261187823,0.6689547520909191,False
1301,1.7943322956632914,97.49130650769995,0.6580108499893901,False
1302,1.7932568916038787,97.51153592617007,0.6446881928305016,False
1303,1.7900262186958502,97.53197769760577,0.6297099548955102,False
1304,1.7846267828804199,97.55261869799315,0.6131603440869063,False
1305,1.777035714063473,97.57344586917708,0.5951182177803017,False
1306,1.7672201704234825,97.59444623829512,0.5750548223234061,False
1307,1.755136449801458,97.61560693641619,0.5536779616509129,False
1308,1.7356389954751243,97.63691521634999,0.5309252489642193,False
1309,1.713352654394594,97.65835846959835,0.5354692032776616,False
1310,1.6973407414787687,97.67992424242425,0.5120748877592973,False
1311,1.6789878832380216,97.70160025101977,0.5207366954759849,False
1312,1.658205041174797,97.72337439575861,0.4996681828035406,False
1313,1.6348843143468916,97.74523477452348,0.4832330121029541,False
1314,1.6088946948892082,97.76716969510318,0.4663919521866927,False
1315,1.5800762095988348,97.6438188494492,0.4582386305626216,False
1316,1.548231643361866,97.88721690226478,0.4349409989390172,False
1317,1.5131144963191727,97.9011971510835,0.41181765287873756,False
1318,1.47441079993926,97.91540785498489,0.388905084777865,False
1319,1.431710344041055,97.44423440453686,0.3878250958783969,False
1320,1.384458313484386,97.8277323645171,0.39041014538486024,False
1321,1.3318671808134075,97.82592227861525,0.38094665114106685,False
1322,1.2727370136388871,97.8244390539721,0.37590456275535744,False
1323,1.236492510335934,97.82328403488813,0.367475542371542,False
1324,1.1858996197264204,97.82245827010622,0.36042786089233114,False
1325,1.1006987578744163,97.82196251043484,0.3925333653520909,False
1326,1.1006987578744163,97.8217972070431,0.388903641153006,False
1327,1.1006987578744163,97.82196251043484,0.38636401379855784,False
1328,1.1006987578744163,97.82245827010622,0.3849298142956253,False
1329,1.1006987578744163,96.91703188756235,0.3434415702649149,False
1330,1.1006987578744163,97.78781038374717,0.3427758630848675,False
1331,1.1006987578744163,96.87147476874483,0.2900979410236557,False
1332,1.1261358508278747,97.78295505786863,0.2892305306498943,False
1333,1.1494318918359776,98.00734137388568,0.30687211090056243,False
1334,1.1706718933538656,98.00913105306489,0.29917040189333505,False
1335,1.1899285414712581,98.01121495327102,0.29205694986454905,False
1336,1.2072640872959293,98.01359121798222,0.28549617170988306,False
1337,1.222731822382257,98.0162577373406,0.2794494490250395,False
1338,1.236377240345227,98.01921215280363,0.27387529845866654,False
1339,1.2482389571842902,97.68046985354249,0.2742474264960345,False
1340,1.2583494426149708,97.21091958274765,0.2466659931396603,False
1341,1.2583494426149708,98.03950580750167,0.24007548232984,False
1342,1.2041517951932372,97.43970315398887,0.23248148299111981,False
1343,1.2041517951932372,97.90100483810942,0.31934306231632076,False
1344,1.1412418450836315,97.88758677315818,0.3224463113332256,False
1345,1.065299640553338,96.99932820780772,0.3421573993031366,False
1346,0.9559312637896478,97.7905501231619,0.35045868833418486,False
1347,0.9432261548473415,97.7905501231619,0.3578410874928849,False
1348,0.9288391461883214,97.7905501231619,0.3643504862679863,False
1349,0.9127341558073343,97.7905501231619,0.3700276540277441,False
1350,1.006634797484697,97.7905501231619,0.37546968965417576,False
1351,1.066503202885787,97.7905501231619,0.381166330756715,False
1352,1.132529774880598,97.7905501231619,0.38604318782446206,False
1353,1.1899285414712581,97.17087044382906,0.37010287568325534,False
1354,1.2072640872959293,97.63637727920762,0.3743258290067644,False
1355,1.222731822382257,97.62316660398646,0.3778729985852896,False
1356,1.2722864781512913,97.61025254428948,0.38172692642215217,False
1357,1.3164218868227548,97.59764297046158,0.3850004900025244,False
1358,1.3559212235520337,97.58534554537886,0.41119982001452915,False
1359,1.391334586143604,97.5733677106241,0.4156083710091235,False
1360,1.4230670603378361,97.56171667299658,0.4192046268213999,False
1361,1.4514270347987224,97.55039939140357,0.422409026963175,False
1362,1.4766549183659508,97.5394225641807,0.42464561196359185,False
1363,1.498941259446481,96.71669078997486,0.366640652235693,False
1364,1.5184387137728148,97.42515426220767,0.3673646699222526,False
1365,1.5352702332191592,96.72793837235909,0.37127446640520845,False
1366,1.5495348211113549,97.25891425517294,0.4821915052511895,False
1367,1.5613116549052575,97.24875811998471,0.5225086197567563,False
1368,1.570663071721726,97.23900573613767,0.5569383108546817,False
1369,1.577636732431408,97.22966250860948,0.5866324231135406,False
1370,1.577636732431408,97.22073348135672,0.6121262718784901,False
1371,1.577636732431408,97.2122233284828,0.6746240094981806,False
1372,1.577636732431408,97.2041363462275,0.6856098025516166,False
1373,1.582267169313773,97.1964764458062,0.6950373828044275,False
1374,1.584576851106354,97.18924714712415,0.7044127697730671,False
1375,1.584576851106354,97.18245157338642,0.7508441111708128,False
1376,1.582267169313773,97.17609244662125,0.7530479436528261,False
1377,1.577636732431408,97.17017208413002,0.754853805813179,False
1378,1.570663071721726,96.73954737245876,0.7437993584386582,False
1379,1.5613116549052575,97.06855428175733,0.7436521429036255,False
1380,1.5495348211113549,97.05269655119204,0.743154633485732,False
1381,1.5352702332191592,97.0372089425234,0.7423670311444037,False
1382,1.5184387137728148,97.02210158976348,0.7716360843445822,False
1383,1.498941259446481,97.00738437621453,0.7718307324518745,False
1384,1.4891489665409592,96.99306691594609,0.7712438058231892,False
1385,1.477322818602089,96.28417854638934,0.7426753734994047,False
1386,1.4634190046135478,95.76926079150729,0.6723312374603628,False
1387,1.447383961374643,96.16798310784391,0.6566877990567976,False
1388,1.4291529843613586,96.16137877007442,0.6248831426741656,False
1389,1.408648411160687,96.15535504119262,0.6294126241750392,False
1390,1.3857772327036844,96.1499174982321,0.603018035787065,False
1391,1.3604279187829045,95.63370309181025,0.5292627900530031,False
1392,1.3324661355215683,96.25895880916752,0.511857366117118,False
1393,1.301728854068539,96.24861791186227,0.49535134144830534,False
1394,1.2680160454788014,96.2388154248159,0.47838554276198253,False
1395,1.2310786130055862,95.58660104778536,0.39783316301328814,False
1396,1.1906001864191973,96.37202641419366,0.38946549059737384,False
1397,1.146168329937132,96.36971578695963,0.3821850807277761,False
1398,1.0972261621017099,96.36798088410991,0.3760577350202443,False
1399,1.0429842335712594,96.36682336068839,0.37108448941038463,False
1400,0.9822408213425595,96.36624432225675,0.36724968036507627,False
1401,0.9129467467841514,96.36624432225675,0.3645202849599239,False
1402,0.8793939303559065,95.58613010975027,0.2926513066745477,False
1403,0.8431953160789711,96.24632965637647,0.2879588807500223,False
1404,0.804144968682279,96.25494853523357,0.3003198146104126,False
1405,0.7619882811604883,96.26411815812337,0.2976935434195459,False
1406,0.7164037343212466,96.2738301559792,0.386321411001225,False
1407,0.6669740736911406,95.67750570821195,0.35252614159316287,False
1408,0.6131379016405238,96.17623918174665,0.3511851145535122,False
1409,0.5541015302865538,95.37930493449439,0.2843443626629666,False
1410,0.48865925334338955,96.05036758955107,0.28392704406213787,False
1411,0.5541015302865538,96.06299212598425,0.28591875253901106,False
1412,0.6131379016405238,96.07614607614607,0.28997949715342586,False
1413,0.6669740736911406,96.08981804103756,0.2946102447208567,False
1414,0.7164037343212466,96.10399629686776,0.3003497979760142,False
1415,0.7491906195671483,96.11866881869187,0.3068607654456,False
1416,0.7164037343212466,96.1338233042413,0.31400907824474994,False
1417,0.7881133310528374,96.14944719786504,0.3218582532406387,False
1418,0.8513226827573213,96.16552771450266,0.3292987812798683,False
1419,0.908083119686079,96.1820518636123,0.33709000478976925,False
1420,0.9595986573441049,96.19900647297908,0.343900077530915,False
1421,1.006661191043945,96.21637821233236,0.3507584527247822,False
1422,1.0498302157100041,96.23415361670395,0.35790013777560964,False
1423,1.0895209637560108,96.25231910946196,0.3649953929616749,False
1424,1.1260528027543955,95.68920820679949,0.35350084019428246,False
1425,1.1596780472087271,96.15640476014488,0.3665939807048239,False
1426,1.190600186419197,95.02132666568613,0.28685449958992904,False
1427,1.2189859772419214,96.13724486063354,0.30280747158381577,False
1428,1.2449737775841292,95.99680325486777,0.31764721164345977,False
1429,1.2686794699537274,96.24125243488926,0.3300394604031776,False
1430,1.2902007807553537,96.26148105625718,0.33557708936861486,False
1431,1.2681489963097885,96.28202383501035,0.34910028618565536,False
1432,1.2407449439357603,96.3028668748226,0.3608717141475233,False
1433,1.2072640872959293,96.323996331052,0.3719326045859493,False
1434,1.222731822382257,96.34539842873176,0.38166401401305333,False
1435,1.236377240345227,96.36705947981312,0.3890393445069163,False
1436,1.2482389571842902,96.38896589963959,0.39505540532613714,False
1437,1.2583494426149708,96.41110422263553,0.39783914439952534,False
1438,1.2667356005770385,96.43346111719606,0.40017058803596317,False
1439,1.2667356005770385,96.45602339976872,0.4012074751761692,False
1440,1.2667356005770385,96.47877804812111,0.3949435696099015,False
1441,1.2667356005770385,96.50171221379172,0.3987970987850118,False
1442,1.2667356005770385,96.52481323372466,0.4849786437369769,False
1443,1.2667356005770385,96.5480686410919,0.6046281881664166,False
1444,1.2667356005770385,96.39378783890497,0.6995887480857141,False
1445,1.2667356005770385,96.6668845173518,0.7104067991274541,False
1446,1.2667356005770385,96.68526206538661,0.7908500463513303,False
1447,1.2667356005770385,96.70379192686538,0.858545181444081,False
1448,1.2667356005770385,96.7224635829287,0.916525492670585,False
1449,1.2734192269994744,96.74126672161289,0.9667314760216,False
1450,1.278417365535648,96.65953699043784,1.0070715683967073,False
1451,1.278417365535648,96.82291991760813,1.0464773621062882,False
1452,1.278417365535648,96.83595449742027,1.080834912755784,False
1453,1.278417365535648,96.8492726709997,1.1108046232107842,False
1454,1.278417365535648,96.86286594761171,1.1369165924869453,False
1455,1.278417365535648,96.87672577775051,1.159696923725797,False
1456,1.278417365535648,96.89084356484027,1.1796167955313046,False
1457,1.278417365535648,96.90521067671916,1.1976030485624591,False
1458,1.278417365535648,96.9198184568835,1.2132574893562658,False
1459,1.278417365535648,96.93465823547125,1.226878424317474,False
1460,1.2817425764699486,96.63210882723078,1.2409558288230145,False
1461,1.2834031297544843,97.02462584222765,1.2496889952458863,False
1462,1.2834031297544843,97.91902689165822,1.2272466292919544,False
1463,1.2834031297544843,98.34490122797651,1.1799991061743513,False
1464,1.2834031297544843,98.34490122797651,1.1340995067739774,False
1465,1.2834031297544843,97.53218247612268,1.1302419833782735,False
1466,1.2817425764699486,98.48134306222934,1.07721452380021,False
1467,1.278417365535648,98.49367461017947,1.0246532572768583,False
1468,1.2734192269994746,98.50598190837468,0.9725829538371118,False
1469,1.2667356005770385,98.51826127221162,0.9210338632652447,False
1470,1.2583494426149708,98.45014637506458,0.8762386561896762,False
1471,1.2482389571842902,98.5711846075027,0.8235274113190055,False
1472,1.193365482413587,98.57870894677237,0.7718119506580515,False
1473,1.1412418450836315,98.58631371444663,0.721495736050911,False
1474,1.0757143856082798,98.59399507058033,0.671622010169237,False
1475,0.976414308115487,98.60174920617236,0.6241338083594367,False
1476,0.9842399889605549,98.6095723465544,0.5777937557044858,False
1477,0.9904799742690308,98.61746075461305,0.5328057963356216,False
1478,0.995148095654003,98.62541073384448,0.48919593247115195,False
1479,0.9982545693874831,98.63341863124081,0.446992885124425,False
1480,0.999806132804711,98.64148084000865,0.40622870452974214,False
1481,0.999806132804711,98.64959380211977,0.3672968110607887,False
1482,0.9982545693874831,98.65775401069519,0.33154616539129256,False
1483,0.9982545693874831,98.6659580122243,0.29596224444759356,False
1484,0.9982545693874831,98.67420240862033,0.2619084333994039,False
1485,0.995148095654003,98.68248385911501,0.2294599196697611,False
1486,0.9904799742690308,98.69079908199457,0.1987085734982572,False
1487,0.9842399889605549,98.69914485618035,0.16977037985146362,False
1488,0.976414308115487,98.70751802265706,0.14279759359340466,False
1489,0.9669852958320848,98.71591548575229,0.11799924249333474,False
1490,0.9559312637896478,98.7243342142712,0.09567608052862321,False
1491,0.9432261548473415,98.73277124249003,0.21013133323616875,False
1492,0.9288391461883214,98.74122367101305,0.31430828994951526,False
1493,0.9127341558073343,98.74968866749688,0.3648487164495821,False
1494,0.8948692308065574,98.57441930016948,0.40810292418541366,False
1495,0.875195788740725,98.68335743853174,0.44394380330666566,False
1496,0.8536576732793313,98.67777666899511,0.4749012333486563,False
1497,0.8301899714180443,98.67232343399051,0.5016835339015796,False
1498,0.9186594970880806,98.66699950074887,0.5249803631624183,False
1499,0.9727642516015449,98.66180656114246,0.6250607137366522,False
1500,1.041018523939755,98.65674622990113,0.6427889166780059,False
1501,1.1006987578744163,98.65182004294203,0.6571715080880316,False
1502,1.1538530565800795,98.50723914128807,0.6684047309247351,False
1503,1.201681991620676,98.71724482156226,0.6784057503003091,False
1504,1.2449737775841292,98.71417891851483,0.6866718324234163,False
1505,1.2686794699537274,98.71125043538837,0.6935968375570227,False
1506,1.30738316633364,98.70845958968755,0.6992270125161653,False
1507,1.3425003133763334,98.70580651559479,0.703726055868292,False
1508,1.374344879613302,98.70329126453848,0.707243505917818,False
1509,1.4031633649036752,98.70091380587799,0.7115736910649141,False
1510,1.408648411160687,98.69867402770247,0.7126652784794452,False
1511,1.410469497157276,97.81078967943706,0.6862685781415777,False
1512,1.4326648482653093,97.591301379882,0.6443112731443692,False
1513,1.4524737111892643,97.77194006616074,0.6465611165512539,False
1514,1.4699878894344567,97.77238534336327,0.6202592008928649,False
1515,1.485283726758245,97.7730441518203,0.5951085105700151,False
1516,1.4984244813325356,97.77391472306726,0.5713028650335749,False
1517,1.5094621252684286,97.77499518397227,0.5488864047192232,False
1518,1.5184387137728148,97.77628355986744,0.5280187330121627,False
1519,1.5253874232579383,96.92007426096063,0.4069276527334022,False
1520,1.530333327439556,97.70700636942675,0.38140758114772955,False
1521,1.5164273757656148,97.73205517886369,0.360065600872322,False
1522,1.4966777416164074,97.74331352154532,0.3410048488512794,False
1523,1.4966777416164074,97.75462215869796,0.3240744956771172,False
1524,1.4966777416164074,97.76597692730269,0.3060882904057556,False
1525,1.4966777416164074,97.77737375573838,0.29122678694074805,False
1526,1.4738989153366922,97.78880866425993,0.27833898812543145,False
1527,1.4524690941546656,97.80027776533309,0.26741784127691254,False
1528,1.4274202463828696,97.81177726383206,0.25841812570106654,False
1529,1.3958301562928708,97.74824495562719,0.29303578871452085,False
1530,1.3600340979407453,97.89183029453015,0.29166743355211605,False
1531,1.3194892909924263,97.89183029453015,0.33501748799820524,False
1532,1.2734192269994746,97.89183029453015,0.3338340415570192,False
1533,1.2206340886225493,97.11605890603086,0.27078649944564986,False
1534,1.2206340886225493,97.99263674614306,0.27179260143550366,False
1535,1.2206340886225493,98.01016639874875,0.27214059798830276,False
1536,1.2206340886225493,98.02325581395348,0.2733502950019966,False
1537,1.2206340886225493,98.02325581395348,0.27131813414642536,False
1538,1.2206340886225493,98.02325581395348,0.2685791760665596,False
1539,1.2206340886225493,98.02325581395348,0.2650517812363746,False
1540,1.2206340886225493,98.02325581395348,0.2606517075885081,False
1541,1.2206340886225493,98.02325581395348,0.32123647063900507,False
1542,1.2206340886225493,98.02325581395348,0.383009228285958,False
1543,1.2206340886225493,98.02325581395348,0.4265098955720566,False
1544,1.1655498193580116,97.77296360485269,0.46906007226233987,False
1545,1.0971804769523517,97.93827913869758,0.5054152944394781,False
1546,1.0971804769523517,97.92598439007278,0.538749159309839,False
1547,1.0971804769523517,97.91372618207481,0.5691379966591174,False
1548,1.0971804769523517,97.90150842945874,0.5966545945144148,False
1549,1.0971804769523517,97.12201235341509,0.6011295380869714,False
1550,1.0971804769523517,97.96351485595594,0.7023163818529167,False
1551,1.0971804769523517,97.09547288211564,0.7039751040302415,False
1552,1.0971804769523517,97.81544758853889,0.7230775749643603,False
1553,1.0971804769523517,97.95089206853913,0.7390415580868693,False
1554,1.0971804769523517,97.95089206853913,0.7527375051486506,False
1555,1.0971804769523517,97.95089206853913,0.7647436245396014,False
1556,1.0971804769523517,97.67689779238663,0.7744155870577946,False
1557,1.0971804769523517,97.85561115082201,0.7834448615126764,False
1558,1.0971804769523517,97.84337511794043,0.7910602790114002,False
1559,1.0916362019205923,97.83119465028014,0.7974067327567861,False
1560,1.0844863484244938,97.81907401517562,0.8032847018564541,False
1561,1.0757143856082798,96.97396519605616,0.7841153642035411,False
1562,1.065299640553338,96.85525954408129,0.7588167365501014,False
1563,1.0532169913190044,96.914918146184,0.73758399899919,False
1564,1.0394364783172854,96.90142153674626,0.714366284477536,False
1565,1.0239228180015463,96.88801534933782,0.6909550976754292,False
1566,0.9127341558073343,96.86039374911478,0.6665982516449864,False
1567,0.8948692308065574,96.83734222433912,0.6418275584717756,False
1568,0.875195788740725,96.81898995723415,0.6169480844154144,False
1569,0.8536576732793313,96.80062048572398,0.5920788345932871,False
1570,0.8301899714180443,95.91351980222018,0.502557999457618,False
1571,0.804717519321077,96.68912695719618,0.4716419358547217,False
1572,0.7771529943226336,96.68912695719618,0.4426461236607029,False
1573,0.7473944462440387,96.68912695719618,0.41505671138777556,False
1574,0.7153220528038851,96.68912695719618,0.3888178764672333,False
1575,0.6807937753703206,96.68912695719618,0.3653419188161035,False
1576,0.6436394131461666,96.68912695719618,0.3437996381902806,False
1577,0.603652249754401,96.68912695719618,0.32426609144876256,False
1578,0.560576942614533,96.68912695719618,0.3068093924213127,False
1579,0.5140912790181235,96.68912695719618,0.29148333164207996,False
1580,0.4637773498877516,96.68912695719618,0.27636832570344855,False
1581,0.40907313904382653,96.68912695719618,0.2630057628804555,False
1582,0.3491843735073079,96.68912695719618,0.24984493543657812,False
1583,0.3491843735073079,96.68912695719618,0.23868050037128277,False
1584,0.3491843735073079,96.68912695719618,0.22980871832475108,False
1585,0.3491843735073079,96.68912695719618,0.22312107529662747,False
1586,0.3491843735073079,96.68912695719618,0.21842643367945444,False
1587,0.3491843735073079,96.68912695719618,0.21507969123532042,False
1588,0.2829047929798921,96.68912695719618,0.21892896287472585,False
1589,0.208180945557171,96.68912695719618,0.21775054604985372,False
1590,0.208180945557171,95.92321489165738,0.1130584264297747,False
1591,0.208180945557171,96.79577294100538,0.1108419647624292,False
1592,0.208180945557171,96.80973919738236,0.10753909069596951,False
1593,0.208180945557171,96.77668031799567,0.10574251907368147,False
1594,0.208180945557171,96.68596237337192,0.10590028652269687,False
1595,0.208180945557171,96.82233061283624,0.10070478735624268,False
1596,0.208180945557171,96.81747723309437,0.09543221531372077,False
1597,0.208180945557171,96.81290385269396,0.090103192230198,False
1598,0.208180945557171,96.80861430520366,0.09466609442149158,False
1599,0.208180945557171,96.80461230273123,0.09078147896303802,False
1600,0.208180945557171,96.80090143053106,0.08644636928203524,False
1601,0.208180945557171,96.79748514170637,0.0835600962571524,False
1602,0.208180945557171,96.7943667520189,0.08100290059897333,False
1603,0.208180945557171,96.79154943481909,0.0788519579121964,False
1604,0.208180945557171,96.78903621610924,0.07720153292330513,False
1605,0.12068101401352381,96.78682996975256,0.0762240710775643,False
1606,-0.0,96.78493341284039,0.0758404704605799,False
1607,-0.0,96.7833491012299,0.22385566907778842,False
1608,-0.0,96.4895682915899,0.2971875492307035,False
1609,-0.0,96.6887417218543,0.29715666310731936,False
1610,-0.0,96.6887417218543,0.2996581415667487,False
1611,-0.0,96.6887417218543,0.30121773851331207,False
1612,-0.0,96.6887417218543,0.30351007079238357,False
1613,-0.0,96.6887417218543,0.30358137038897465,False
1614,0.12068101401352381,96.6887417218543,0.3575326792408772,False
1615,0.208180945557171,96.6887417218543,0.43360692154936786,False
1616,0.2829047929798921,96.6887417218543,0.47426477581948295,False
1617,0.3491843735073079,96.6887417218543,0.5098345930905807,False
1618,0.40907313904382653,96.52442364188617,0.5396640229816423,False
1619,0.4637773498877516,96.77339042971667,0.6442575154946641,False
1620,0.5140912790181235,96.75802976399258,0.6603783133790229,False
1621,0.560576942614533,96.74280240004033,0.6881671243163472,False
1622,0.603652249754401,96.72771548881336,0.6969169802235755,False
1623,0.6436394131461666,96.71277627482007,0.7049572411508033,False
1624,0.6807937753703206,96.69799209161403,0.848344858982483,False
1625,0.7153220528038851,96.68337035697681,0.8519949527632651,False
1626,0.7473944462440387,96.66891856779088,0.8547969291882018,False
1627,0.7771529943226336,95.78028373954164,0.8305861672361083,False
1628,0.804717519321077,95.7854804344437,0.8072782053691988,False
1629,0.8301899714180443,96.67411526269292,0.8161060310939369,False
1630,0.8536576732793313,96.47672676551119,0.8172434648792559,False
1631,0.8536576732793313,96.7801571406563,0.8182248246841003,False
1632,0.875195788740725,96.47156067572455,0.8229474752789834,False
1633,0.8948692308065574,96.66891856779088,0.8230458195561267,False
1634,0.9127341558073343,95.78028373954164,0.8011499232414918,False
1635,0.9288391461883214,95.4942240342899,0.7626836926314445,False
1636,0.9432261548473415,95.6889753430419,0.738077266174033,False
1637,0.9559312637896478,95.67493258605192,0.7139463037925723,False
1638,0.9669852958320848,95.66118998245334,0.6903662266704509,False
1639,0.9669852958320848,94.87248035074587,0.5938029352788121,False
1640,0.9669852958320848,95.73678834471265,0.5757320327746517,False
1641,0.9669852958320848,95.48948981237568,0.5422140789599864,False
1642,0.9669852958320848,95.82280522552551,0.5565980092575311,False
1643,0.9669852958320848,95.81103724123021,0.5476587479307716,False
1644,0.9669852958320848,94.14626236419653,0.2850463277836558,False
1645,0.9669852958320848,95.81644235446733,0.27817001832697463,False
1646,0.9669852958320848,95.82818128057632,0.27263882023987185,False
1647,0.9669852958320848,95.84023953376463,0.268581488508001,False
1648,0.9669852958320848,95.85260807146275,0.26582373383960434,False
1649,0.9669852958320848,95.52826075397458,0.23937399732264272,False
1650,0.9669852958320848,95.7622161960972,0.23319700573500837,False
1651,0.9669852958320848,95.7622161960972,0.22834896053477288,False
1652,0.9669852958320848,95.52826075397458,0.20773918137212283,False
1653,0.9669852958320848,95.8472909023236,0.2074722886425856,False
1654,0.9669852958320848,95.83489279794685,0.20734178984684987,False
1655,0.9669852958320848,95.82280522552551,0.2072474877555352,False
1656,0.9669852958320848,95.81103724123021,0.2102147462860874,False
1657,0.9669852958320848,95.7995978916481,0.34752658026054767,False
1658,0.9669852958320848,95.78849620363795,0.34838430424298134,False
1659,0.9669852958320848,95.77774117388678,0.34906771580411117,False
1660,0.9669852958320848,95.76734175818112,0.34981147724977224,False
1661,0.9669852958320848,95.75730686040707,0.3504600844645629,False
1662,0.9669852958320848,94.96739675639525,0.3086914768546407,False
1663,0.9669852958320848,95.83356666853335,0.30704206506400655,False
1664,0.976414308115487,95.35014320211152,0.3131384283717689,False
1665,0.9842399889605549,95.84436060588997,0.30932929050397734,False
1666,0.9904799742690308,95.83002382843527,0.32091436700722614,False
1667,0.995148095654003,95.81594741354672,0.3314521699054052,False
1668,0.9982545693874831,95.80214211677992,0.34105716704274913,False
1669,1.1034990673875955,95.78861882939846,0.3498217013649492,False
1670,1.175193620727556,95.77538857076078,0.35821671892661283,False
1671,1.175193620727556,95.76246248013655,0.36579376203958625,False
1672,1.175193620727556,95.74985180794309,0.37269718912653843,False
1673,1.175193620727556,95.73756790639365,0.3778664532857088,False
1674,1.175193620727556,95.72562221955032,0.3825798963637232,False
1675,1.173589412323443,95.7140262727768,0.3863943337922281,False
1676,1.173589412323443,95.574951171875,0.3882710812723614,False
1677,1.173589412323443,94.48746312684366,0.27249152616548744,False
1678,1.173589412323443,95.56985521593862,0.273556959231329,False
1679,1.173589412323443,95.56985521593862,0.2728428780227402,False
1680,1.173589412323443,95.56985521593862,0.2726907338779419,False
1681,1.170377295621679,95.56985521593862,0.2718501411985256,False
1682,1.2715335232732405,95.56985521593862,0.2736182080429511,False
1683,1.338992997491278,95.56985521593862,0.27473463813216625,False
1684,1.3931309847846698,95.25402726146221,0.26139341934586685,False
1685,1.438246763967619,95.58933002481389,0.2621800588529223,False
1686,1.4903704012975747,96.05353252412075,0.29676773912954874,False
1687,1.5333821592292147,96.04312063808574,0.28483701771663555,False
1688,1.5692913970352786,96.03318156302626,0.27101721568529885,False
1689,1.5992554070750984,96.02372034956305,0.2609815393457278,False
1690,1.5859269938068614,96.01474170778937,0.2508652778903942,False
1691,1.5705671751351118,96.00625,0.24074407422811694,False
1692,1.5705671751351118,95.99824923403989,0.230697737682849,False
1693,1.5531196228513986,95.99074305729297,0.22254872870088546,False
1694,1.533517108212428,95.98373475132937,0.2145005024956907,False
1695,1.5116796581955987,95.97722722722723,0.20754156840318608,False
1696,1.4875121432839127,95.97122302158273,0.20090414040526483,False
1697,1.460901082667665,95.78354707538317,0.20070553185190282,False
1698,1.4317103440410552,95.89615264310291,0.1977409163192171,False
1699,1.3997752368654766,95.69677257943458,0.19748013380974652,False
1700,1.3997752368654766,95.83567810917276,0.19642373427228724,False
1701,1.3997752368654766,95.74375,0.19650229623977478,False
1702,1.3997752368654766,95.9085514398151,0.19310635753432073,False
1703,1.3997752368654766,95.89178987102862,0.2705303732522836,False
1704,1.3997752368654766,95.87530887663942,0.2697419787768189,False
1705,1.3997752368654766,95.8591207809609,0.2688825816129982,False
1706,1.3997752368654766,95.00803083841953,0.21208797979358493,False
1707,1.3997752368654766,95.91823533216896,0.2112381231565441,False
1708,1.3997752368654766,95.81906300484653,0.2134543160068434,False
1709,1.3997752368654766,95.98528367649907,0.21152193553052803,False
1710,1.3997752368654766,95.97167175622117,0.21029722786735136,False
1711,1.3997752368654766,95.95840690602316,0.20976686089947721,False
1712,1.3997752368654766,95.94550121766603,0.20970228064594082,False
1713,1.44306702282893,95.93296681459893,0.21009295765345332,False
1714,1.4823772148661434,95.92081583683263,0.21078286525567386,False
1715,1.5181168216168093,95.90906042518945,0.21169549266550228,False
1716,1.550600674841273,95.89771270494569,0.21258079367902386,False
1717,1.5800762095988348,95.88678476888617,0.21293464749933386,False
1718,1.6067416564054875,95.87628865979381,0.2132705042398554,False
1719,1.6307580935101098,95.86623635239992,0.21355011997826756,False
1720,1.6522577343414264,95.85663973482494,0.21384666131377145,False
1721,1.6713497984972894,95.8475105895424,0.21416196240372673,False
1722,1.6881247708273657,95.83886057390211,0.21449941076612047,False
1723,1.7026575487369033,95.00245665754194,0.09641022147573754,False
1724,1.7150097993082167,95.90771184646864,0.09597014507602124,False
1725,1.6992390322004514,95.79814189189189,0.09706156739003657,False
1726,1.6795896202440854,95.97753597753598,0.09198190980757782,False
1727,1.655793088522611,95.97178130511463,0.08729106255370377,False
1728,1.655793088522611,95.96654143333097,0.08351971402151281,False
1729,1.655793088522611,95.96182608076347,0.08036594438290846,False
1730,1.6795896202440854,95.95764470201044,0.07843543370541484,False
1731,1.6992390322004514,95.95400646784046,0.07440880976821969,False
1732,1.7252317388429736,95.95092024539878,0.07087331522951418,False
1733,1.748010565122689,95.94839457853156,0.06741781539952123,False
1734,1.7677601992718963,95.94643766829198,0.1542930203285012,False
1735,1.78462678288042,95.94505735369329,0.15485323095234804,False
1736,1.7987259985212087,95.94426109277595,0.15501849266605558,False
1737,1.7987259985212087,95.94405594405595,0.15533442315164264,False
1738,1.7987259985212087,95.94444854842284,0.15524201329039874,False
1739,1.7987259985212087,95.94544511155586,0.15493715768524577,False
1740,1.7987259985212087,95.94705138692645,0.2162854175297134,False
1741,1.7987259985212087,95.94927265945543,0.21638685786174805,False
1742,1.810148703483096,95.95211372989151,0.21622438644267752,False
1743,1.7748777433513636,95.9555788999775,0.2158593434587762,False
1744,1.7300911728744404,95.95967195846814,0.21535453685640446,False
1745,1.671537374108771,95.96439616806215,0.21477463828479226,False
1746,1.578882083461779,95.96975425330812,0.21418640605459116,False
1747,1.5732230293875173,95.9757483895415,0.21365871485409957,False
1748,1.565263635906296,95.9823801929065,0.21326236700561893,False
1749,1.5549659371186813,95.98965071151359,0.2130696602338297,False
1750,1.542279235137156,95.81801470588235,0.21312327037361636,False
1751,1.542279235137156,95.92230016187466,0.24601451725770168,False
1752,1.5495348211113549,95.91995035681043,0.24601213064715655,False
1753,1.554697508762069,95.91820806992898,0.29304846496460696,False
1754,1.554697508762069,95.31518848740811,0.2572979110638653,False
1755,1.557787262784918,95.81537497061359,0.2561664247113797,False
1756,1.5588158799768146,95.83137070183702,0.25541156886775823,False
1757,1.557787262784918,95.8480773767398,0.25521533909743266,False
1758,1.554697508762069,95.86549062844543,0.25562436591964227,False
1759,1.5495348211113549,95.88360539389637,0.25668214929868766,False
1760,1.542279235137156,95.23170442883082,0.20943836604747978,False
1761,1.532902144485799,95.81983405768472,0.2117856409819495,False
1762,1.5213655983156216,95.83234480031633,0.21525250724607023,False
1763,1.5076213244090613,95.84553295877186,0.21983265327524876,False
1764,1.5076213244090613,95.85939355553796,0.22549544029510213,False
1765,1.5076213244090613,95.87392096301576,0.23116115934913561,False
1766,1.5076213244090613,95.8891089108911,0.23758360400878806,False
1767,1.5076213244090613,95.9049504950495,0.24471733172533772,False
1768,1.5076213244090613,95.92143818800982,0.25251535665825625,False
1769,1.4916094114932357,95.93856385084317,0.2609306266128013,False
1770,1.473256553252489,95.95631874653795,0.26991718412187876,False
1771,1.4524737111892643,95.31386052402438,0.25069115451307883,False
1772,1.4291529843613586,95.85147652600745,0.26166323847324024,False
1773,1.4031633649036752,95.12696780318012,0.2076447923997572,False
1774,1.3819829643540342,95.78756026238837,0.23032780236297942,False
1775,1.3584547364298434,95.80800505249861,0.23468896953138146,False
1776,1.3324661355215683,95.82906252463928,0.24261218647515298,False
1777,1.3038818925522597,95.8507204157153,0.24949037621329767,False
1778,1.272538115441929,95.87296596179546,0.25531938639399504,False
1779,1.2382339767869435,95.89578592168249,0.26007997140907535,False
1780,1.200719639829801,95.91916660139422,0.26373891182882736,False
1781,1.1596780472087271,95.94309387946534,0.26642646078097276,False
1782,1.114696123966521,95.96755323297715,0.2671596860798899,False
1783,1.0652163930664527,95.99252976422068,0.26662989159247413,False
1784,1.1243908270736136,96.01800822789723,0.2640223240382805,False
1785,1.1448025073660157,96.04397305875978,0.2608923347424735,False
1786,1.1448025073660157,96.07040839959855,0.25651932122847887,False
1787,1.1243908270736134,96.09729812947425,0.2508128626655839,False
1788,1.0652163930664527,96.12462589210345,0.24364731830588746,False
1789,1.114696123966521,96.152375124302,0.23485020881859106,False
1790,1.1596780472087271,96.1805290843943,0.23851031711471288,False
1791,1.200719639829801,96.20907088049837,0.23241690700208376,False
1792,1.2382339767869435,96.23798349859965,0.26419604828666976,False
1793,1.2725381154419293,95.905286177513,0.2990722612178141,False
1794,1.3038818925522595,96.36445579508751,0.312249276849282,False
1795,1.3324661355215683,95.733493577706,0.3346303279747295,False
1796,1.4418345122852585,96.20671524074213,0.351087613009527,False
1797,1.4671838262060384,96.20671524074213,0.3654370817343767,False
1798,1.4900550046630412,96.20671524074213,0.360966712848524,False
1799,1.5105595778637129,96.20671524074213,0.3830448970263824,False
1800,1.528790554876997,96.20671524074213,0.4038004333219384,False
1801,1.5448255981159018,96.20671524074213,0.42345151123455016,False
1802,1.558729412104443,96.20671524074213,0.44269103338999405,False
1803,1.5705555600433132,96.20671524074213,0.4611696705324505,False
1804,1.6414616093802963,96.20671524074213,0.4786574784904428,False
1805,1.699176749362644,96.20671524074213,0.4957504461732173,False
1806,1.748010565122689,96.20671524074213,0.5112392188126972,False
1807,1.7899923587670896,96.20671524074213,0.5260985684687844,False
1808,1.8053092821481802,96.20671524074213,0.5403379666341936,False
1809,1.8142969294566478,96.20671524074213,0.5539656378675863,False
1810,1.8172610190858942,95.75602794261249,0.5611124657485544,False
1811,1.8142969294566478,96.3344099752122,0.5631244061865844,False
1812,1.8053092821481802,96.79040119985002,0.5527312968455412,False
1813,1.8263020865934854,96.79040119985002,0.5434403150899265,False
1814,1.8441955705839241,96.79040119985002,0.5351762958050229,False
1815,1.824752426366052,96.79040119985002,0.5228678069951467,False
1816,1.8378659092353011,96.79040119985002,0.5603171873910898,False
1817,1.841250995087295,96.79040119985002,0.5518305007332908,False
1818,1.8423776467440138,96.31046119235096,0.5552725307406461,False
1819,1.8505696787978732,96.91788526434196,0.5405689849426493,False
1820,1.8560007948051993,96.93839359233476,0.525333543094363,False
1821,1.8587074247758668,96.95928277923048,0.5456813253703148,False
1822,1.8587074247758668,96.98054126593603,0.5335705333951085,False
1823,1.8560007948051993,97.00215725656476,0.5269648426216014,False
1824,1.8505696787978732,97.02411873840445,0.5121081378366652,False
1825,1.8146604409918092,97.0464135021097,0.496616650249607,False
1826,1.771648683060169,97.06902916205242,0.48173609235917364,False
1827,1.7195250457302136,97.09195317676507,0.46656775968311137,False
1828,1.653997586254862,97.11517286941202,0.4773146509107129,False
1829,1.554697508762069,97.1386754482254,0.46109003197127585,False
1830,1.541342789057496,97.16244802684368,0.47658229756666237,False
1831,1.5253874232579385,96.34845735027223,0.4724655328704331,False
1832,1.506734817815005,97.09600520118471,0.462974549760628,False
1833,1.4852641811356104,97.11780349313591,0.4541329610727716,False
1834,1.4608248015713592,97.13979263496603,0.4460921529337443,False
1835,1.4332278865247239,96.480228001425,0.44238004287464344,False
1836,1.402234618245608,95.69808646350106,0.38001631713483974,False
1837,1.3675380544221296,96.44040318601536,0.3802241938395976,False
1838,1.3287344279695676,96.46712463199215,0.38137788300168485,False
1839,1.2852748466470731,96.49404056597199,0.38343475647236647,False
1840,1.2363772403452271,96.52113652113653,0.38449630440204785,False
1841,1.1808467161073357,95.88596672879133,0.34199391686186126,False
1842,1.1166404295430468,96.43888354186718,0.3644618061674659,False
1843,1.0394364783172854,96.28260423084822,0.3782557915841802,False
1844,0.9288391461883214,96.53715064758009,0.40363961620353933,False
1845,0.9127341558073343,96.53715064758009,0.4218690052998306,False
1846,0.8948692308065574,96.53715064758009,0.4484425160599731,False
1847,0.875195788740725,96.53715064758009,0.46966476995694884,False
1848,0.8536576732793313,95.9918200408998,0.4625308742339178,False
1849,0.8301899714180443,96.65985003408316,0.4629768909063364,False
1850,0.804717519321077,95.9240800163856,0.4562465280601187,False
1851,0.7771529943226336,96.76603309175441,0.47933323607126876,False
1852,0.7473944462440387,96.78758592527053,0.47906728047527564,False
1853,0.7153220528038851,96.80937542338437,0.49298636731098583,False
1854,0.6807937753703206,96.83138946942628,0.5049111848983601,False
1855,0.6436394131461666,96.69260700389106,0.5175426627437019,False
1856,0.603652249754401,96.91609371871037,0.5252591806355986,False
1857,0.603652249754401,96.91609371871037,0.5320907761951277,False
1858,0.560576942614533,96.91609371871037,0.5380459454912822,False
1859,0.5140912790181235,96.91609371871037,0.5423790593918741,False
1860,0.4637773498877516,96.32200787664375,0.547341767275997,False
1861,0.40907313904382653,97.00954542420399,0.5453935257915307,False
1862,0.3491843735073079,97.24398990569797,0.5323056716484034,False
1863,0.2829047929798921,97.25267467969886,0.5183582516725601,False
1864,0.208180945557171,97.26162332545312,0.5034474382945788,False
1865,0.208180945557171,97.18594933402977,0.49286985062221467,False
1866,0.208180945557171,97.33220823055952,0.47330817351883786,False
1867,0.208180945557171,97.33064882769371,0.4568635474155049,False
1868,0.208180945557171,97.32943469785575,0.4417897076044953,False
1869,0.208180945557171,96.63958401039974,0.44731580424564427,False
1870,0.2829047929798921,97.42556234559875,0.42663376770856787,False
1871,0.3491843735073079,97.44004137306872,0.40515083889835407,False
1872,0.40907313904382653,96.70930008355293,0.4084897554402405,False
1873,0.4637773498877516,97.38035908248675,0.39633420639945655,False
1874,0.5819881552488824,97.39599872975548,0.3845964494236669,False
1875,0.6669740736911405,97.41177955937125,0.3727520874552226,False
1876,0.7391385203526044,97.427693079867,0.3607355325327718,False
1877,0.8028116417452926,97.44373090591682,0.34875767585736406,False
1878,0.8075738393756747,97.459884765504,0.3368496748127394,False
1879,0.8028116417452926,97.47614650661743,0.32629447492045965,False
1880,0.8028116417452926,97.4925081034799,0.3280944143690225,False
1881,0.8028116417452926,97.50896166231242,0.3171126396760822,False
1882,0.8028116417452926,97.52549942664011,0.3380387717200722,False
1883,0.8028116417452926,97.54211378214735,0.32745559140425706,False
1884,0.8028116417452926,97.55879726108961,0.31697053976667244,False
1885,0.8028116417452926,97.57554254627166,0.30657482324440505,False
1886,0.8028116417452926,97.59234247460215,0.29657496578643106,False
1887,0.8028116417452926,97.60919004023559,0.32389650881637433,False
1888,0.8028116417452926,97.62607839731342,0.3157713762299351,False
1889,0.8028116417452926,97.64300086231675,0.30774376741141213,False
1890,0.8028116417452926,97.6599509160436,0.2998550100997388,False
1891,0.8513226827573213,97.67692220522409,0.2931758841784565,False
1892,0.8959704136014895,97.66578547724843,0.28793218511152424,False
1893,0.8959704136014895,97.73881971972531,0.27953814125572696,False
1894,0.8959704136014895,97.73881971972531,0.2967067726624603,False
1895,0.8959704136014895,97.73881971972531,0.28966517285831844,False
1896,0.8959704136014895,97.73881971972531,0.2833537922460181,False
1897,0.8959704136014895,97.73881971972531,0.3265984403448545,False
1898,0.8959704136014895,97.73881971972531,0.3223314009327449,False
1899,0.8959704136014895,97.73881971972531,0.34979387224444836,False
1900,0.8959704136014895,97.09318575661021,0.3361118690019699,False
1901,0.8959704136014895,97.64396440763333,0.3364365556678976,False
1902,0.8959704136014895,96.89406234260451,0.30464195037792596,False
1903,0.8959704136014895,97.55442386255527,0.30674548456471523,False
1904,0.8959704136014895,97.55442386255527,0.30845083727817235,False
1905,0.8959704136014895,97.55442386255527,0.31016811867240857,False
1906,0.8959704136014895,97.55442386255527,0.34098543298694534,False
1907,0.8959704136014895,96.89406234260451,0.30576222522560653,False
1908,0.8959704136014895,97.64396440763333,0.305054791439718,False
1909,0.8959704136014895,97.6465984683325,0.3044019085139911,False
1910,0.8959704136014895,97.6494891407515,0.30381472437845813,False
1911,0.8959704136014895,97.65263451352105,0.3033293163800306,False
1912,0.8959704136014895,97.65603251489338,0.3029086043457946,False
1913,0.8959704136014895,97.6596809161154,0.32132907746444395,False
1914,0.8959704136014895,97.04263716715771,0.3159458015425104,False
1915,0.9371713531760616,97.55961976763578,0.31745256246506875,False
1916,0.9752462395674341,97.55961976763578,0.3190097597690914,False
1917,1.01044884930661,96.79227482102226,0.26885245117903395,False
1918,1.0429842335712594,97.47936402415378,0.2692004439918151,False
1919,1.0730208202534555,96.88105922109578,0.22747597279491522,False
1920,1.100698757874416,97.3685668384023,0.22617910160471386,False
1921,1.1261358508278745,97.3685668384023,0.22516934418686316,False
1922,1.1494318918359776,97.3685668384023,0.22445506034388232,False
1923,1.1706718933538656,97.3143143700897,0.23831757458571834,False
1924,1.1899285414712581,97.31577472681424,0.2410333214091148,False
1925,1.2072640872959293,97.30064806987883,0.24302983918599938,False
1926,1.222731822382257,96.79832266107553,0.21507093441222402,False
1927,1.2363772403452271,97.38476440088884,0.216856667997822,False
1928,1.2482389571842902,97.38476440088884,0.217002123317122,False
1929,1.2583494426149708,97.38476440088884,0.21967095200242687,False
1930,1.2667356005770385,97.38476440088884,0.21968128466507045,False
1931,1.2206340886225493,97.33918295253832,0.22049935410675492,False
1932,1.1655498193580116,97.40755512506409,0.2210955913901284,False
1933,1.0971804769523517,96.89522827519046,0.1932341369932629,False
1934,0.995148095654003,96.88949991407458,0.16281856796032687,False
1935,0.995148095654003,97.47592729758988,0.16042145880957057,False
1936,0.995148095654003,97.47592729758988,0.15772670766189908,False
1937,0.995148095654003,97.38786733115656,0.1573584588855234,False
1938,0.995148095654003,97.43161531816872,0.15635204091729102,False
1939,0.995148095654003,97.42402315484804,0.15532556639447728,False
1940,0.995148095654003,97.41665212078897,0.1542711103602906,False
1941,0.9982545693874831,97.40950821589381,0.15317870630565605,False
1942,0.999806132804711,97.40259740259741,0.1520318907818942,False
1943,0.999806132804711,96.91762621789194,0.15828875354703664,False
1944,0.9982545693874831,97.50222485909225,0.15308308591378775,False
1945,0.995148095654003,97.50222485909225,0.14812836490704678,False
1946,0.9904799742690308,96.91762621789194,0.12346699216351226,False
1947,0.9842399889605549,97.40259740259741,0.12271354872559452,False
1948,0.976414308115487,97.33348926963336,0.12488273207911389,False
1949,0.9669852958320848,97.44574387618549,0.12267635087904677,False
1950,0.9559312637896478,97.33348926963336,0.12517610887977867,False
1951,0.9559312637896478,97.40259740259741,0.12613234645338064,False
1952,0.9669852958320848,97.39592559787422,0.15711825769101462,False
1953,0.976414308115487,97.38949866508455,0.15626623266975218,False
1954,0.976414308115487,97.38332240567443,0.15555829573406332,False
1955,0.9669852958320848,97.37740255074546,0.1549782420636651,False
1956,0.9669852958320848,97.37174475251098,0.15530250750176977,False
1957,0.9669852958320848,97.3663545756569,0.25750377008405284,False
1958,0.9669852958320848,97.36123748862602,0.32572907216880415,False
1959,0.9669852958320848,97.3563988548456,0.35486156085720316,False
1960,0.9669852958320848,97.35184392391902,0.39786958699001373,False
1961,0.9559312637896478,97.34757782280346,0.43421169225352224,False
1962,0.9432261548473415,97.34360554699538,0.46572191556361636,False
1963,0.9288391461883214,96.89452520878442,0.48350292868202305,False
1964,0.9127341558073343,97.4545228782517,0.5098119922927357,False
1965,0.8948692308065574,97.45626008189602,0.5322993632719248,False
1966,0.875195788740725,97.45831008616949,0.5513953864829243,False
1967,0.8536576732793313,97.46067137371485,0.5675956099995343,False
1968,0.8301899714180443,97.46334220132401,0.5813178003957806,False
1969,0.804717519321077,97.4663206031393,0.5928639660984345,False
1970,0.7771529943226336,97.46960439424798,0.6025005197077067,False
1971,0.7473944462440387,97.47319117465796,0.6104552380289632,False
1972,0.7153220528038851,96.93270351512177,0.6100422921730573,False
1973,0.6807937753703206,97.36842105263158,0.6158141455074124,False
1974,0.6436394131461666,97.37497721334387,0.6189905863457504,False
1975,0.603652249754401,97.3576006772282,0.621473231110008,False
1976,0.603652249754401,97.41892786234281,0.6327838910470065,False
1977,0.603652249754401,98.28605914302958,0.6024011449269934,False
1978,0.603652249754401,98.28890489913545,0.5712485726459889,False
1979,0.603652249754401,98.0583687900761,0.5573491988728592,False
1980,0.603652249754401,98.2535885167464,0.5340938736599898,False
1981,0.603652249754401,98.25723664577738,0.5054825090971182,False
1982,0.603652249754401,98.26107670319199,0.4768543537783388,False
1983,0.603652249754401,98.26510605430455,0.44832287129639214,False
1984,0.603652249754401,98.29895685158843,0.41746606600010094,False
1985,0.603652249754401,98.28891671138139,0.38823255741829377,False
1986,0.603652249754401,98.27896378028304,0.360961017834347,False
1987,0.603652249754401,98.26910319039865,0.33600861146878147,False
1988,0.603652249754401,98.25934012615235,0.3129799383755957,False
1989,0.603652249754401,98.24967981947917,0.2920200173470672,False
1990,0.603652249754401,98.24012754476331,0.2735336603794057,False
1991,0.603652249754401,98.23068861352567,0.25749004108144485,False
1992,0.6436394131461666,98.22136836886465,0.2440106217233387,False
1993,0.6807937753703206,98.2121721796549,0.2331670837759518,False
1994,0.7153220528038851,98.15966333773004,0.2289354484889836,False
1995,0.7473944462440387,98.15084541827623,0.22655142391574226,False
1996,0.7771529943226336,97.38875055864139,0.19725121809903656,False
1997,0.804717519321077,98.23003153761988,0.19031117832055316,False
1998,0.8301899714180443,98.20428654180344,0.18700569556596386,False
1999,0.8536576732793313,98.26221278239042,0.18114759273220796,False
2000,0.875195788740725,97.62611275964392,0.16673503421868144,False
2001,0.8948692308065574,98.10588919775034,0.1710808232566319,False
2002,0.9127341558073343,98.09560823940924,0.17600615026430552,False
2003,0.9288391461883214,98.01527714304368,0.1810234931483696,False
2004,0.9432261548473415,98.0326358731412,0.18574944292205414,False
2005,0.9559312637896478,98.01737285325906,0.18960701025179635,False
2006,0.9669852958320848,98.00213817987438,0.19227087016347183,False
2007,0.976414308115487,97.98693866558945,0.19484029390662205,False
2008,0.9842399889605549,97.97178130511463,0.19688806065414585,False
2009,0.9904799742690308,97.95667327273969,0.1984694073135896,False
2010,0.995148095654003,97.94162191931709,0.2411069432536463,False
2011,0.9982545693874831,97.92663476874003,0.2443940506292317,False
2012,0.9982545693874831,97.91171951389859,0.2470185246032569,False
2013,0.9982545693874831,97.8968840120982,0.24903017473374478,False
2014,0.9982545693874831,97.88213627992633,0.2505847372689768,False
2015,0.9982545693874831,97.86748448755438,0.25171553380995537,False
2016,0.999806132804711,97.85293695246303,0.2524490639376386,False
2017,0.999806132804711,97.83850213258151,0.2528105173906731,False
2018,0.999806132804711,97.82418861883278,0.25282412102027674,False
2019,0.999806132804711,97.8100051270783,0.25251342798830345,False
2020,0.9982545693874831,97.79596048945893,0.2519015611606426,False
2021,0.995148095654003,97.78206364513018,0.25101141931080245,False
2022,0.9982545693874831,97.7683236303926,0.24986585224551047,False
2023,0.999806132804711,97.75474956822107,0.2484878090249848,False
2024,0.999806132804711,97.74135065719898,0.2642565572438677,False
2025,0.9982545693874831,97.72813615986627,0.3417227363465405,False
2026,0.995148095654003,97.71511539049365,0.3550922898492752,False
2027,0.9904799742690308,97.7022977022977,0.3659950572869644,False
2028,0.9842399889605549,97.68969247411529,0.3754864699038386,False
2029,0.976414308115487,97.67730909655869,0.4313264780030026,False
2030,0.9669852958320848,97.22438796195229,0.41065885096093563,False
2031,0.9559312637896478,97.59017291291761,0.4092437526487127,False
2032,0.9432261548473415,97.58203799654576,0.407275109509654,False
2033,0.9288391461883214,97.5742301331023,0.4115959269234296,False
2034,0.9288391461883214,97.56675620161162,0.4503607430030935,False
2035,0.9288391461883214,97.55962285080422,0.4499435712436264,False
2036,0.9288391461883214,97.55283648498332,0.44931396958745,False
2037,0.9127341558073343,97.54640325021907,0.4796684139043945,False
2038,0.8948692308065574,97.54032902092318,0.48035875459189914,False
2039,0.8948692308065574,97.53461938685663,0.5085613703933776,False
2040,0.8948692308065574,97.52927964062249,0.5069167503283826,False
2041,0.8948692308065574,97.52431476569407,0.5054215047119018,False
2042,0.8948692308065574,97.51972942502819,0.5040949157366171,False
2043,0.9875245214535493,97.51552795031056,0.5029463606159548,False
2044,1.046078320219219,97.21322099805573,0.49306967294502746,False
2045,1.090864890696142,96.64935907837092,0.441031270059901,False
2046,1.1261358508278745,97.12428919577579,0.4285269093787984,False
2047,1.1538530565800795,97.121014964216,0.41845114989147353,False
2048,1.1751172867945407,97.11820253988928,0.407320426020021,False
2049,1.1906001864191973,96.5536907283689,0.34465183849489234,False
2050,1.200719639829801,97.23626284037177,0.35250955452200605,False
2051,1.2057219651274376,97.25337233869656,0.3506656007137389,False
2052,1.2057219651274376,97.27081308713962,0.4318304480296098,False
2053,1.2382339767869435,97.07069076823757,0.4282702217433389,False
2054,1.2725381154419293,96.5569823434992,0.38853810291517205,False
2055,1.3038818925522595,97.15890850722312,0.3905671587424521,False
2056,1.3324661355215683,97.15890850722312,0.3925037383214443,False
2057,1.3604279187829045,96.55089242643511,0.3584519771795365,False
2058,1.3857772327036844,97.06071831212756,0.3564540088890321,False
2059,1.408648411160687,96.5,0.3138918969961153,False
2060,1.4291529843613586,97.24644702842377,0.31528890745683985,False
2061,1.4473839613746429,97.24666935809446,0.31670212273524384,False
2062,1.4634190046135478,97.2473361317404,0.3181042671288357,False
2063,1.477322818602089,97.2484467037844,0.3194845342581402,False
2064,1.489148966540959,97.25,0.3206769344104472,False
2065,1.498941259446481,97.25199452010638,0.32389571074472423,False
2066,1.5184387137728148,97.25442834138487,0.32353992860131037,False
2067,1.5352702332191592,96.98634564110851,0.32100317208021634,False
2068,1.5495348211113549,97.18709468223086,0.32090420671537134,False
2069,1.5613116549052575,97.17004147353013,0.3208752713913617,False
2070,1.5655280605848252,96.71288743882545,0.30757527439966403,False
2071,1.567632081836135,97.23517382413088,0.30639535509067617,False
2072,1.567632081836135,95.94826880576247,0.1704785541750451,False
2073,1.5655280605848256,97.29751863074277,0.1610584828054412,False
2074,1.5613116549052575,97.30193769928869,0.1760274860473055,False
2075,1.554965937118681,97.30678201256835,0.16510756327618867,False
2076,1.5464650001141114,97.31204691699926,0.1547979723540293,False
2077,1.5357733028273342,96.75002036328094,0.13841594136342503,False
2078,1.5228447333219093,97.20615785615378,0.13383042494839995,False
2079,1.5076213244090613,97.20615785615378,0.1292576372070755,False
2080,1.4900315255825651,97.20615785615378,0.1257822773394537,False
2081,1.473256553252489,97.20615785615378,0.122304162161109,False
2082,1.4541644890966259,97.20615785615378,0.11866178754240818,False
2083,1.4326648482653093,97.20615785615378,0.11578890854993132,False
2084,1.408648411160687,97.20615785615378,0.11306989827343819,False
2085,1.3819829643540342,96.88086878419205,0.10374641544770988,False
2086,1.3525074295964727,97.11924052704804,0.10457913647667985,False
2087,1.3200235763720087,97.10489625194784,0.10545168490382174,False
2088,1.2842839696213428,97.09096885528803,0.10686348137624974,False
2089,1.2449737775841294,97.07746768749486,0.10806771736420533,False
2090,1.201681991620676,97.06440174816525,0.10855192331110818,False
2091,1.1538530565800798,97.05177966801553,0.21632857904621142,False
2092,1.1261358508278747,97.0396096915571,0.21822149757236758,False
2093,1.090864890696142,97.02789966056793,0.2635399522180164,False
2094,1.046078320219219,96.6768873788017,0.24971013507979728,False
2095,1.046078320219219,97.10541594094717,0.2525544144270266,False
2096,1.046078320219219,97.09433019731912,0.2553754644017342,False
2097,1.046078320219219,97.08364669507813,0.25788838799359476,False
2098,0.9875245214535493,97.07337526205451,0.2601218859679084,False
2099,0.875195788740725,97.06352545225073,0.2620698694984965,False
2100,0.8536576732793313,97.05410652485861,0.26374603398725743,False
2101,0.8301899714180443,97.04512742358818,0.2651062144328199,False
2102,0.804717519321077,97.03659675638957,0.2662279009202152,False
2103,0.7771529943226336,97.02852277564921,0.26670458293783994,False
2104,0.7771529943226336,97.02091335894153,0.2670133928933644,False
2105,0.7771529943226336,97.0137759904167,0.2673717893203254,False
2106,0.7771529943226336,97.0071177429037,0.26754742732366377,False
2107,0.7771529943226336,97.00094526080605,0.26758335841878594,False
2108,0.7771529943226336,96.99526474386569,0.2672776879683628,False
2109,0.7771529943226336,96.99008193186718,0.2668784334080056,False
2110,0.7771529943226336,96.98540209035156,0.2777303924599469,False
2111,0.7771529943226336,96.21257872487274,0.20756262317760105,False
2112,0.7771529943226336,96.87257689325408,0.2078221516755481,False
2113,0.7771529943226336,96.34262054688173,0.20033292989879425,False
2114,0.8916091590804429,96.79647698817028,0.20643899038220453,False
2115,0.9440231356865454,96.79370840895342,0.2052228911448906,False
2116,0.9822408213425595,96.7914900977255,0.24634965606326711,False
2117,1.0104488493066097,96.78982434887946,0.28145902260841704,False
2118,1.0652163930664527,96.78871288842724,0.31255648692517946,False
2119,1.114696123966521,96.7881568695351,0.31117233703262953,False
2120,1.1461683299371317,96.7881568695351,0.31359801366293677,False
2121,1.1751172867945407,96.78871288842724,0.31504593300274963,False
2122,1.201681991620676,96.78982434887946,0.32978071422060745,False
2123,1.2449737775841292,96.7914900977255,0.3438580050369724,False
2124,1.2842839696213428,96.79370840895342,0.3562655331477118,False
2125,1.320023576372009,96.79647698817028,0.3600499124287454,False
2126,1.3525074295964727,96.79979297852152,0.3664791767407494,False
2127,1.3584547364298434,96.80365296803653,0.37236961769454613,False
2128,1.3604279187829045,96.80805299836531,0.37776193216939014,False
2129,1.3584547364298434,96.8129885748647,0.3826900075032622,False
2130,1.3525074295964727,96.49258211131121,0.3791573678587626,False
2131,1.374344879613302,96.97851579217667,0.3818011366659011,False
2132,1.3939473942522724,96.97668460158852,0.3840478594881461,False
2133,1.4113949465359856,96.20393224955315,0.36042033878361784,False
2134,1.4267547652077353,96.50580951573234,0.3563378423481725,False
2135,1.4400831784759722,96.91592733417828,0.3564810194233091,False
2136,1.4514270347987221,97.40631578947368,0.3286151368094909,False
2137,1.4608248015713592,97.41654084885086,0.29828598605415996,False
2138,1.4683074126842999,97.42711552919556,0.26469567868573984,False
2139,1.4738989153366922,96.75941352882373,0.2655906032564115,False
2140,1.4776169519137876,97.02633109062215,0.26208333825050534,False
2141,1.4794731020725562,96.62586834270593,0.25961070649803314,False
2142,1.4794731020725562,97.27280217516685,0.24004862019008322,False
2143,1.4776169519137876,97.28332239001969,0.21901481340086096,False
2144,1.4738989153366922,97.29420420174937,0.19752790956897973,False
2145,1.4683074126842999,96.6324200913242,0.18960748608748368,False
2146,1.4608248015713592,97.19443766772383,0.1761660554912583,False
2147,1.4514270347987221,97.19429127473241,0.16311283073609448,False
2148,1.4400831784759722,97.19459940173013,0.1505289652670538,False
2149,1.4267547652077353,97.1953578336557,0.13853491248414182,False
2150,1.4267547652077353,97.19656197284922,0.1265088454091972,False
2151,1.4267547652077353,97.19820685238552,0.12304094573395616,False
2152,1.4267547652077353,97.20028715003589,0.11151701935275256,False
2153,1.41098399809997,96.80197782917298,0.10549975553481113,False
2154,1.3913345861436042,97.12987323606792,0.10022654201566124,False
2155,1.3675380544221296,97.13124551757112,0.09534916582875899,False
2156,1.3392246071829446,97.13307318627061,0.0904411935802968,False
2157,1.305875511291131,97.13535449988063,0.13294487402551275,False
2158,1.2667356005770385,97.1380872883377,0.1306069215643345,False
2159,1.2206340886225493,97.14126895894545,0.12852015667378808,False
2160,1.2206340886225493,97.14489650249821,0.12665650249921212,False
2161,1.2206340886225493,97.14896650035638,0.1253908758761974,False
2162,1.2206340886225493,97.15347513244248,0.12410503814797909,False
2163,1.2206340886225493,97.15841818612361,0.12279464825477558,False
2164,1.2132336634320215,97.16379106594185,0.12237573954499525,False
2165,1.2132336634320215,97.16958880415127,0.12226901071262954,False
2166,1.2132336634320215,97.17580607201694,0.12218007292144775,False
2167,1.2132336634320215,97.18243719182907,0.2091690677132112,False
2168,1.2132336634320215,97.18947614958232,0.21045172579206672,False
2169,1.2132336634320215,97.19691660826909,0.21126721947157634,False
2170,1.2132336634320215,97.20475192173305,0.21202457997018384,False
2171,1.2132336634320215,96.91746253591117,0.2078047237971914,False
2172,1.2132336634320215,97.20475192173305,0.20845831072565596,False
2173,1.2132336634320215,97.19691660826909,0.20900346550949866,False
2174,1.2583494426149708,97.18947614958232,0.20942811088986693,False
2175,1.305875511291131,97.18243719182907,0.2097267562411472,False
2176,1.347922583568817,97.17580607201694,0.21008616936457236,False
2177,1.3548527368476762,96.69726210088648,0.1842295243018327,False
2178,1.3600340979407453,97.0895112575508,0.18414928080841259,False
2179,1.363480673059691,97.0895112575508,0.19555092338806623,False
2180,1.3652016755898781,97.0895112575508,0.1961046451133489,False
2181,1.3271059259290725,97.0895112575508,0.19597969027276008,False
2182,1.2834031297544843,97.0895112575508,0.2019880115320576,False
2183,1.2329087607099036,97.0895112575508,0.2080753774344283,False
2184,1.2304597034223903,97.0895112575508,0.21413727976575014,False
2185,1.2263714330738393,97.0895112575508,0.22025658284261482,False
2186,1.2206340886225493,97.0895112575508,0.2264273665653203,False
2187,1.2206340886225493,96.36121762266218,0.15876085460258108,False
2188,1.2206340886225493,96.97182548973699,0.16447645296291585,False
2189,1.2206340886225493,96.97252704490622,0.17030295606999213,False
2190,1.2206340886225493,96.97369442073408,0.17624050445340333,False
2191,1.2206340886225493,96.9753229674325,0.18228468707101453,False
2192,1.2132336634320215,96.97740766443057,0.18842706910604826,False
2193,1.2041517951932372,96.97994313378929,0.18768808864768666,False
2194,1.1933654824135869,96.98292365418486,0.19895838590071632,False
2195,1.180846716107336,96.98634317540245,0.20977344798476802,False
2196,1.1665620111568704,96.99019533328266,0.21450558887170604,False
2197,1.260462652834233,96.9944734650617,0.23301589605802428,False
2198,1.3203310582353234,96.99917062504713,0.2367117260689793,False
2199,1.3665096520474935,96.73398903821608,0.2461168872742984,False
2200,1.4032597471855137,97.09202362263586,0.26227476772639813,False
2201,1.4325548388483895,96.99672911091288,0.2771951507881469,False
2202,1.4555098469702124,97.23556803902727,0.2826330672314072,False
2203,1.4728138325914575,97.24082113163122,0.29703726338956277,False
2204,1.4849064683551225,97.24642987916513,0.3086698691464091,False
2205,1.4849064683551225,97.25238685227025,0.31798014194128316,False
2206,1.4849064683551225,97.25868445862645,0.32530374319761357,False
2207,1.4849064683551225,97.26531495778916,0.33090118608912467,False
2208,1.4849064683551225,97.27227047591703,0.3355374461416694,False
2209,1.4849064683551225,97.27954302034988,0.3389098446965112,False
2210,1.4849064683551225,97.287124493999,0.34078320520395516,False
2211,1.5108950692633976,97.29500670951339,0.34179400101988616,False
2212,1.5344232971875884,97.30318140318843,0.34190955185790284,False
2213,1.5556036977372296,97.12310592835696,0.38756143747271055,False
2214,1.5745303850272305,97.38285317598056,0.3855161529262949,False
2215,1.5912822270342273,97.39238410596026,0.38333417904874584,False
2216,1.6059252469378846,97.30618959490026,0.382664803531428,False
2217,1.6185144542910057,97.51430128030509,0.3778310958623776,False
2218,1.629095251199505,97.33297231435728,0.3955178374967155,False
2219,1.6377045139691646,97.57804090419806,0.3865914598074252,False
2220,1.6443714206809694,97.58738220944997,0.37770669429062503,False
2221,1.6491180744499616,97.59691980881571,0.36889243660281484,False
2222,1.6519599573802697,97.54730665260104,0.36172050905307074,False
2223,1.652906239351416,97.70167627029859,0.3469582420890848,False
2224,1.6519599573802697,97.69904562687933,0.33305605599959553,False
2225,1.6519599573802697,97.6967245204228,0.33150372953017876,False
2226,1.6491180744499616,97.69471216462621,0.3225577385821694,False
2227,1.6443714206809694,97.69300753834156,0.31228589423310626,False
2228,1.6377045139691646,97.69160938918428,0.3037413697662313,False
2229,1.629095251199505,97.6905162375469,0.2955769672984477,False
2230,1.6185144542910057,97.68972638100155,0.2908135449673603,False
2231,1.6185144542910057,97.68923789907312,0.28655578540306603,False
2232,1.6185144542910057,97.68904865836436,0.2829323438834471,False
2233,1.6059252469378846,96.64912055462833,0.2173015051361235,False
2234,1.5912822270342273,97.69546796764668,0.2112149201952304,False
2235,1.5297438145503075,97.70621685515303,0.2049909976982668,False
2236,1.4551344868361715,97.65992623680529,0.20166589707906868,False
2237,1.3470624465271648,97.79788647725115,0.190258252089884,False
2238,1.3282820174272938,96.9515273920727,0.14462295326302255,False
2239,1.30738316633364,97.69622962170328,0.1382023423322039,False
2240,1.2842839696213428,97.69645995480793,0.13232397775492533,False
2241,1.2588874993443833,97.69697728268352,0.23553443453406203,False
2242,1.2310786130055862,97.46843394685595,0.2351418762366423,False
2243,1.200719639829801,97.63571023264612,0.2343098854125578,False
2244,1.1676444621356104,97.6273331224296,0.23410841779688293,False
2245,1.1316501862018717,97.18113135673926,0.2176314309953088,False
2246,1.0924850533852573,97.74507930441429,0.21385322926784173,False
2247,1.0498302157100041,97.61131282247277,0.21376527602699016,False
2248,1.0498302157100041,97.67501114720683,0.2127113683423199,False
2249,1.0498302157100041,97.61768265494618,0.21268773866875385,False
2250,1.0498302157100041,97.74507930441429,0.20995474024362165,False
2251,1.0498302157100041,97.73526965645192,0.21936495636953138,False
2252,1.0498302157100041,97.72566655958882,0.21979832644294262,False
2253,1.0498302157100041,97.7162763692665,0.2207380685889461,False
2254,1.0498302157100041,97.70710538247296,0.22218071876773007,False
2255,1.0498302157100041,97.69815982833734,0.22408342510590823,False
2256,1.0498302157100041,97.68944585862542,0.2258911983167556,False
2257,1.0498302157100041,97.68096953815919,0.2282130511600093,False
2258,1.0498302157100041,97.67273683518506,0.2283522978146173,False
2259,1.0032709271829536,97.66475361171581,0.23389515071504605,False
2260,0.9522481488898977,97.65702561387252,0.2393084842747736,False
2261,0.9371713531760616,96.71785408291043,0.1434180932068803,False
2262,0.9134853951751388,97.53920860948881,0.15267528556199705,False
2263,0.8793939303559065,97.54360749983668,0.16162880166544166,False
2264,0.830774222099454,97.54828640176888,0.1699410680213886,False
2265,0.7153220528038851,97.55323969188944,0.1780691349970213,False
2266,0.7153220528038851,97.55846163757006,0.18599069004055974,False
2267,0.7153220528038851,97.56394640682095,0.19367236225903525,False
2268,0.7153220528038851,97.56968807807617,0.2011107743598707,False
2269,0.7153220528038851,97.5756806498699,0.20821043833844766,False
2270,0.7153220528038851,97.58191805038197,0.21507503065281497,False
2271,0.7153220528038851,97.27438296803366,0.21014068637884586,False
2272,0.7153220528038851,97.7137859953776,0.21299395478217223,False
2273,0.830774222099454,97.72530060741292,0.21074221097757792,False
2274,0.9129467467841514,97.73691654879774,0.21786834710946926,False
2275,0.9822408213425595,97.74862721171446,0.2234568044604757,False
2276,1.0429842335712594,97.76042612432661,0.22820276747194004,False
2277,1.0972261621017099,97.7723069532845,0.23160464341398393,False
2278,1.146168329937132,97.68896301149562,0.23638463436704846,False
2279,1.1906001864191973,97.84946236559139,0.27173469380595533,False
2280,1.2310786130055862,97.85559015333999,0.2763616822003864,False
2281,1.2680160454788014,97.86189975464423,0.2739850346905673,False
2282,1.301728854068539,97.8683858976593,0.2709228475651948,False
2283,1.3324661355215683,97.87504330754129,0.2723763705301571,False
2284,1.3604279187829045,97.88186671258826,0.2726273516842204,False
2285,1.3857772327036844,97.88885085016547,0.2718314186317852,False
2286,1.408648411160687,97.8959904724097,0.27012343275688966,False
2287,1.4291529843613586,97.9032803517078,0.2676222886281842,False
2288,1.447383961374643,97.91071528594634,0.2644344005493248,False
2289,1.4634190046135478,97.91829010352889,0.26057339053291284,False
2290,1.477322818602089,97.92599966815995,0.2562600677731314,False
2291,1.581804257187951,97.93383888339378,0.2515621471937917,False
2292,1.6304239654444035,97.94180269694819,0.24794612403142088,False
2293,1.664515430263636,97.77633148931554,0.24832806367279744,False
2294,1.7150097993082167,98.04428640698238,0.24006493992667952,False
2295,1.7587125954828047,98.04428640698238,0.23236519876287542,False
2296,1.7968083451436103,98.04428640698238,0.30783277234560186,False
2297,1.8053092821481802,98.04428640698238,0.30333907457706205,False
2298,1.8116549999347566,98.04428640698238,0.2994030301607189,False
2299,1.8158714056143244,97.19303916814827,0.2628535626095138,False
2300,1.8179754268656338,98.14665158127256,0.25299242428331825,False
2301,1.8179754268656338,98.0119605624697,0.2503996459399704,False
2302,1.8158714056143244,98.01734820322181,0.24839398952331615,False
2303,1.8116549999347566,98.14665158127256,0.24122994069512832,False
2304,1.8053092821481802,98.13678092237492,0.23521408604980337,False
2305,1.7968083451436103,98.12695109261186,0.23017281811386076,False
2306,1.786116647856833,98.11716636298382,0.23417418024441103,False
2307,1.786116647856833,98.107431116059,0.23203008059954153,False
2308,1.786116647856833,98.09774984568767,0.23071143097958488,False
2309,1.786116647856833,98.08812715651338,0.3125539950840396,False
2310,1.786116647856833,98.07856776327043,0.31146347591592594,False
2311,1.786116647856833,98.06907648985691,0.31066000332477345,False
2312,1.786116647856833,98.0596582681726,0.31009598031545005,False
2313,1.786116647856833,98.05031813671123,0.3097236956736104,False
2314,1.7716604873844881,98.0410612388964,0.3095044030614672,False
2315,1.7532564264584933,98.03189282115122,0.3094051479679964,False
2316,1.730642924872881,97.0596952990693,0.2273992521773511,False
2317,1.703456129290415,97.91926018139783,0.22720437431147164,False
2318,1.6711824374580142,97.91926018139783,0.2270501421401158,False
2319,1.6330711439358183,97.91926018139783,0.22694822169462647,False
2320,1.6330711439358183,97.91926018139783,0.2269099514972745,False
2321,1.6330711439358183,97.91926018139783,0.22694623412936807,False
2322,1.5879553647528688,97.91926018139783,0.2270674229567375,False
2323,1.533817377459477,97.91926018139783,0.22720896174875366,False
2324,1.4663579032414398,97.91926018139783,0.22898911027435068,False
2325,1.3652016755898781,97.91926018139783,0.3345962340259772,False
2326,1.3652016755898781,97.68831013678992,0.4057061160801451,False
2327,1.3652016755898781,97.84532049352994,0.46277259524306413,False
2328,1.3652016755898781,97.83518282699654,0.51034552292943,False
2329,1.3652016755898781,96.98820942024558,0.5088225048698319,False
2330,1.3652016755898781,97.92602621699797,0.5474586470615377,False
2331,1.3652016755898781,97.92462125877572,0.581065164525719,False
2332,1.3652016755898781,97.92347033088915,0.6105620356416612,False
2333,1.3652016755898781,97.92257428183947,0.6297527062069619,False
2334,1.3652016755898781,97.92193377320096,0.6582432208385348,False
2335,1.3634806730596907,97.92154927840139,0.683263411122289,False
2336,1.360034097940745,97.9214210818479,0.6901279739256607,False
2337,1.3548527368476762,97.92154927840139,0.7131135172033201,False
2338,1.347922583568817,97.92193377320096,0.733254733495297,False
2339,1.3392246071829446,97.92257428183947,0.7508675195321677,False
2340,1.3287344279695676,97.92347033088915,0.7649929268176783,False
2341,1.3164218868227548,97.92462125877572,0.7773336605875525,False
2342,1.3022504881911108,97.92602621699797,0.7880562966021948,False
2343,1.2861766890619075,97.79854876398967,0.7973295038675047,False
2344,1.2681489963097885,97.99103028813663,0.8048102744250937,False
2345,1.2481068205144499,98.94268224819143,0.7740879582544016,False
2346,1.2259790140555222,98.94385769872152,0.7419236792372708,False
2347,1.201681991620676,98.94516069335636,0.7149150866062608,False
2348,1.1751172867945407,98.94659027906117,0.6877134461758772,False
2349,1.1461683299371317,98.94814541428308,0.6603744443165422,False
2350,1.114696123966521,98.94982497082847,0.6329622376577757,False
2351,1.0805333164475432,98.95162773588376,0.6139951753085587,False
2352,1.0305279703180825,98.95355241417293,0.5904134239294737,False
2353,1.0897024043252435,98.83955292249435,0.5745263687567098,False
2354,1.1101140846176456,99.03699640397392,0.545233602913478,False
2355,1.1101140846176456,99.03699640397392,0.5163034369930021,False
2356,1.0897024043252435,98.6895837142683,0.5087235814422677,False
2357,1.0305279703180825,99.09185103919059,0.4799787180854209,False
2358,0.9929563290994997,99.09383932372438,0.45250307276402146,False
2359,0.9522481488898977,99.09592864510648,0.426400182024912,False
2360,0.9080831196860789,99.09811754736396,0.40410240978967676,False
2361,0.8600451249809193,99.10040451609008,0.38322964775751106,False
2362,0.8600451249809193,99.10278798097188,0.3638613716963021,False
2363,0.8600451249809193,99.10526631838107,0.3460749463161902,False
2364,0.8600451249809193,99.10783785402072,0.3270413334187245,False
2365,0.8600451249809193,99.11050086561997,0.3139966034727378,False
2366,0.8600451249809193,99.07159435815034,0.305470987034685,False
2367,0.9239817566184623,99.181348994483,0.29057760325685034,False
2368,1.0071297423084793,99.17729819959462,0.27815025686322925,False
2369,1.077419821404647,99.17330617624154,0.268154418470592,False
2370,1.1391806657969423,99.16937522571325,0.2604852136356682,False
2371,1.194462396547591,98.34915643708048,0.2338989359144996,False
2372,1.2444677426770514,99.26497387923703,0.22120717670398435,False
2373,1.2899872289839036,99.26768746595654,0.21086350036102672,False
2374,1.3315788883651185,99.27046907030025,0.20312495129776423,False
2375,1.369656391356946,99.27331691790283,0.19741029024775764,False
2376,1.4045374344958588,99.22837660007178,0.1943211640815821,False
2377,1.4364725416714372,99.33281706082087,0.1850762672248716,False
2378,1.4656632802980472,99.3346798146608,0.1760257323954928,False
2379,1.492274340914295,99.33661079192086,0.16717736147634826,False
2380,1.516441855825981,99.33860871619227,0.1585406007302405,False
2381,1.516441855825981,99.34067227880143,0.1501268983016553,False
2382,1.516441855825981,99.34280014082854,0.1416235747628317,False
2383,1.516441855825981,99.3449909351424,0.1334316435739656,False
2384,1.516441855825981,99.20153864086723,0.13293983240240687,False
2385,1.516441855825981,99.39020849062082,0.12406356020777069,False
2386,1.516441855825981,99.38807622821842,0.11437703477273223,False
2387,1.516441855825981,99.38600081866558,0.2007327577897236,False
2388,1.516441855825981,99.38398357289527,0.19746567899619402,False
2389,1.516441855825981,99.38202577835325,0.19462260171646706,False
2390,1.516441855825981,99.38012869708956,0.4013863336815743,False
2391,1.516441855825981,99.37829356385814,0.4000351900575173,False
2392,1.516441855825981,99.37652158422897,0.3989957473405936,False
2393,1.516441855825981,99.37481393271807,0.3980726847324198,False
2394,1.516441855825981,99.37317175094024,0.3973198669207678,False
2395,1.516441855825981,99.3715961457897,0.4234557146237754,False
2396,1.516441855825981,99.37008818765374,0.4228969049661487,False
2397,1.516441855825981,99.36864890866454,0.4224610918909892,False
2398,1.516441855825981,99.36727930099427,0.42210162106677673,False
2399,1.516441855825981,99.36598031519836,0.4218145386050003,False
2400,1.516441855825981,99.36475285861214,0.42159585392019633,False
2401,1.516441855825981,99.36359779380568,0.4214415466065808,False
2402,1.516441855825981,99.36251593710158,0.42145745049882183,False
2403,1.516441855825981,99.36150805716024,0.42149886020802796,False
2404,1.516441855825981,99.36057487363742,0.4215662210896882,False
2405,1.516441855825981,99.25162556741505,0.42107285791799526,False
2406,1.516441855825981,99.29564411492122,0.42101594496106276,False
2407,1.516441855825981,98.5895453139499,0.38501888382630806,False
2408,1.516441855825981,99.23824859106955,0.3846463178034839,False
2409,1.516441855825981,99.23749302585085,0.3841487377086709,False
2410,1.516441855825981,97.74347529601388,0.15175971174537636,False
2411,1.516441855825981,99.23749302585085,0.234327371980467,False
2412,1.516441855825981,99.21206525084641,0.2756971718248719,False
2413,1.516441855825981,99.30322107450645,0.27616587354238364,False
2414,1.4662479130694515,99.30322107450645,0.2768158340015119,False
2415,1.4094556421360924,98.59895992658305,0.23488761039335496,False
2416,1.3440204002065297,99.23458453248423,0.23491853917772346,False
2417,1.2656186232582192,99.23402169250566,0.23516610614530986,False
2418,1.1538530565800798,99.23355202648844,0.23516416311187854,False
2419,1.1538530565800798,99.23317587878044,0.28276974155653933,False
2420,1.1538530565800798,99.23289352562135,0.3088729957775029,False
2421,1.1787269834988532,99.23270517463631,0.3096760179067115,False
2422,1.2014461200230289,99.23261096445454,0.310590685392709,False
2423,1.1706718933538656,99.23261096445454,0.31160232184894116,False
2424,1.132529774880598,99.23270517463631,0.31243599560327256,False
2425,1.0850365744330073,99.23289352562135,0.31515028503559384,False
2426,1.0239228180015463,99.23317587878044,0.31722287060137955,False
2427,0.9288391461883214,99.23355202648844,0.3192558389366623,False
2428,0.9288391461883214,99.1299518696779,0.3213024105750451,False
2429,0.9288391461883214,99.16796026078858,0.3235295834359901,False
2430,0.9288391461883214,99.1628139447707,0.32575403856225094,False
2431,0.9288391461883214,98.35819963792996,0.2750304331741912,False
2432,0.9288391461883214,98.47199700636148,0.24746992293370193,False
2433,0.9288391461883214,99.17762133200424,0.25317894216977627,False
2434,0.9288391461883214,99.18342097123414,0.25860252634243736,False
2435,0.9288391461883214,99.18923899023402,0.2637292504702176,False
2436,0.9127341558073343,99.09710705730606,0.2698303592570995,False
2437,0.8948692308065574,99.12167557275352,0.275637415970119,False
2438,0.875195788740725,99.09710705730606,0.28154845669174094,False
2439,0.8536576732793313,98.38404780779315,0.24045853000217182,False
2440,0.8301899714180443,98.50191827537908,0.21336682979403235,False
2441,0.804717519321077,99.18516266342353,0.21933845217719547,False
2442,0.804717519321077,99.1911631556709,0.22343562788815877,False
2443,0.804717519321077,99.1971721286921,0.22611948076420818,False
2444,0.804717519321077,99.18534815960041,0.2288770514455973,False
2445,0.804717519321077,99.26231926822071,0.2288972191683571,False
2446,0.8301899714180443,99.26362297496318,0.22963543959722918,False
2447,0.8536576732793313,99.2650085259011,0.2301365596310405,False
2448,0.875195788740725,99.26647497212605,0.23043334839318916,False
2449,0.8948692308065574,99.2680213152193,0.23049461146880645,False
2450,0.9127341558073343,99.26964650891031,0.22833689652705322,False
2451,0.9288391461883214,99.2713494607986,0.22737548455994147,False
2452,0.9432261548473415,98.73233703552945,0.21390226009274935,False
2453,0.9559312637896478,99.33878545327997,0.2081620614232852,False
2454,0.9669852958320848,99.34328014286537,0.20195064031355725,False
2455,0.976414308115487,99.34778877510155,0.19523811503981522,False
2456,0.9842399889605549,99.35230952786773,0.23943667067177127,False
2457,0.9904799742690308,99.35684062059238,0.2366594136936542,False
2458,0.995148095654003,99.3613803148283,0.23362219684866345,False
2459,0.9982545693874831,99.36592691473386,0.23051570469839944,False
2460,0.999806132804711,99.3704787674637,0.22727506585813773,False
2461,0.999806132804711,99.3750342634724,0.22391374602347286,False
2462,0.9982545693874831,99.37959183673469,0.2218504042815749,False
2463,0.995148095654003,99.38414996488575,0.22012248061970577,False
2464,0.9904799742690308,99.38870716928521,0.21837486773962062,False
2465,0.9842399889605549,99.39326201500879,0.21660696140195151,False
2466,0.976414308115487,99.3978131107707,0.21451976820594304,False
2467,0.9669852958320848,99.40235910878113,0.21333479932704733,False
2468,0.9559312637896478,99.4068987045419,0.21214669051396226,False
2469,0.9432261548473415,99.41143063658423,0.21100178130265054,False
2470,0.9288391461883214,99.36984476663764,0.21206778782056876,False
2471,0.9127341558073343,99.44588480504295,0.21164454053458617,False
2472,0.8948692308065574,99.44588480504295,0.2113485327913746,False
2473,0.875195788740725,99.44588480504295,0.2111664244717502,False
2474,0.8536576732793313,99.44588480504295,0.21108533340032623,False
2475,0.8301899714180443,99.44588480504295,0.21110818857858646,False
2476,0.804717519321077,98.67317370748817,0.15043340621285406,False
2477,0.7771529943226336,99.52213918967007,0.14548791891563598,False
2478,0.7473944462440387,99.52585119798235,0.14055119230790164,False
2479,0.7153220528038851,99.52955307542165,0.13563262971467951,False
2480,0.6807937753703206,99.53324395451611,0.13074177810551244,False
2481,0.6436394131461666,99.53692300113306,0.12583838316288973,False
2482,0.6436394131461666,99.54058941400713,0.12100810433114734,False
2483,0.6436394131461666,99.54424242424243,0.11748089427280005,False
2484,0.6436394131461666,99.54788129479101,0.11394841659170173,False
2485,0.6436394131461666,99.5515053199103,0.1104080596957546,False
2486,0.6436394131461666,99.5456481612949,0.1074549390698032,False
2487,0.6436394131461666,99.57279000985869,0.10229869406793626,False
2488,0.6436394131461666,99.57426900584795,0.1201137857376732,False
2489,0.6436394131461666,99.57577735303715,0.11596853579976736,False
2490,0.6436394131461666,99.57731432021924,0.1120073274913372,False
2491,0.6436394131461666,99.57887917071591,0.10822897147918466,False
2492,0.6436394131461666,99.58047116315522,0.10463206315351627,False
2493,0.6436394131461666,99.58208955223881,0.10121495263653797,False
2494,0.6436394131461666,99.58373358949729,0.09797571483167686,False
2495,0.6436394131461666,99.58540252403299,0.09491212059000437,False
2496,0.6436394131461666,99.58709560324878,0.21032289235088616,False
2497,0.603652249754401,99.58881207356197,0.20935104323870937,False
2498,0.560576942614533,99.59055118110236,0.20843190008192417,False
2499,0.5140912790181235,99.5923121723937,0.20756483687054128,False
2500,0.4637773498877516,99.59409429501761,0.20674951893569418,False
2501,0.40907313904382653,99.59589679825925,0.20601643396945896,False
2502,0.3491843735073079,99.59771893373414,0.20550483332194192,False
2503,0.2829047929798921,99.5995599559956,0.20495888172715812,False
2504,0.208180945557171,99.60141912312207,0.20445828985193068,False
2505,0.12068101401352381,99.6032956972841,0.20400101761662376,False
2506,-0.0,99.60518894529046,0.20358505006108019,False
2507,-0.0,99.60709813911316,0.2830686943572564,False
2508,-0.0,99.2573723068952,0.27437271451276307,False
2509,-0.0,99.55960450757739,0.2746005747603093,False
2510,-0.0,99.55960450757739,0.2747538831653216,False
2511,-0.0,99.55960450757739,0.27484693031497676,False
2512,-0.0,99.55960450757739,0.280657723085968,False
2513,-0.0,99.55960450757739,0.2807724882937604,False
2514,-0.0,99.55960450757739,0.28094436057666705,False
2515,-0.0,99.55960450757739,0.2811836844648607,False
2516,-0.0,98.72395273899033,0.20850586643448207,False
2517,-0.0,99.49980761831473,0.20878307330022472,False
2518,-0.0,99.5023182610915,0.20988890644268077,False
2519,-0.0,99.50484574040374,0.2108764550516538,False
2520,-0.0,99.50738916256158,0.2119762397564917,False
2521,-0.0,99.50994764397906,0.21319148193984358,False
2522,-0.0,99.48743803041761,0.214398941875236,False
2523,-0.0,99.49433230795162,0.2161288393014735,False
2524,-0.0,99.49285774659792,0.2668620109247865,False
2525,0.12068101401352381,99.49141767323586,0.26752152544281804,False
2526,0.208180945557171,99.49001274968126,0.2682985475814503,False
2527,0.208180945557171,98.63488440894298,0.18469533616665548,False
2528,0.208180945557171,99.42422459443557,0.2771648807187449,False
2529,0.208180945557171,99.42747294078315,0.2791097845444511,False
2530,0.3280668831792932,99.43073215324524,0.28086613309613595,False
2531,0.4147581439991112,99.43400123941335,0.2824365367384726,False
2532,0.48865925334338955,99.20726197321942,0.2781254747939179,False
2533,0.5541015302865538,99.48548327820654,0.2792739174520461,False
2534,0.6131379016405237,99.48963058976021,0.28017881934993877,False
2535,0.6131379016405237,99.49375226003455,0.2808470339870398,False
2536,0.6131379016405237,99.49784791965567,0.2812849063041493,False
2537,0.6131379016405237,99.49796418547653,0.28154482723643165,False
2538,0.6131379016405237,99.53340652446676,0.28155341962191555,False
2539,0.6131379016405237,99.53613471583378,0.2815609973718929,False
2540,0.6131379016405237,99.53886693017128,0.3361883537286663,False
2541,0.6131379016405237,99.33359013867488,0.3353984033041362,False
2542,0.6131379016405237,99.54066468522021,0.3345472280470419,False
2543,0.6131379016405237,99.55610452773382,0.33342812978570896,False
2544,0.6131379016405237,98.7287486598254,0.29449008580825103,False
2545,0.6131379016405237,99.49101682683177,0.29410738842688605,False
2546,0.6131379016405237,99.49510173323286,0.29376796327288757,False
2547,0.6131379016405237,99.29312678598285,0.2928890003064113,False
2548,0.6857486151292823,98.49225447435704,0.20825854748472997,False
2549,0.7498765864518437,99.22920739960897,0.2062612810005371,False
2550,0.8075738393756747,99.22920739960897,0.2576400309892512,False
2551,0.8075738393756747,99.22920739960897,0.2563533324109541,False
2552,0.8075738393756747,99.22920739960897,0.2554492989984695,False
2553,0.8075738393756747,99.22920739960897,0.25463673442010887,False
2554,0.8075738393756747,99.22920739960897,0.25414848110328675,False
2555,0.8075738393756747,99.22920739960897,0.2532948590830633,False
2556,0.8600451249809193,99.22920739960897,0.25273617008893234,False
2557,0.9080831196860789,99.22920739960897,0.25313991795592933,False
2558,0.9522481488898976,99.22920739960897,0.2522055235832268,False
2559,0.9522481488898976,99.22920739960897,0.2513103608119904,False
2560,0.9522481488898976,98.49225447435704,0.1749470037968486,False
2561,0.9522481488898976,99.3044066776959,0.1753111998008635,False
2562,0.9522481488898976,99.31227807886377,0.17556365136818622,False
2563,0.9522481488898976,99.32010699955417,0.17574524092572208,False
2564,0.9522481488898976,99.32789246279405,0.1757475606932405,False
2565,0.9522481488898976,99.33563353398914,0.2561600176958385,False
2566,0.9522481488898976,99.34332932034584,0.2561930191256417,False
2567,0.9522481488898976,99.35097897026832,0.25584966964838307,False
2568,0.9522481488898976,99.35858167273251,0.2551428826362963,False
2569,0.9522481488898976,99.343007725074,0.2545072995616574,False
2570,0.9522481488898976,98.54355000717463,0.1997282568635375,False
2571,0.9522481488898976,99.2906031655497,0.20246108265695006,False
2572,0.9522481488898976,99.29861849096706,0.2873681284519079,False
2573,0.9522481488898976,99.28333215071312,0.2891275034884957,False
2574,0.9522481488898976,99.28226264923252,0.2901158178917513,False
2575,0.9522481488898976,99.25628069176571,0.29447111579484603,False
2576,0.9522481488898976,99.26234765875562,0.29604900361726666,False
2577,0.9522481488898976,99.09486137837645,0.2966174139876701,False
2578,0.9522481488898976,99.23027581783194,0.2977225704348593,False
2579,0.9522481488898976,99.19711675706537,0.29863743601689713,False
2580,0.9522481488898976,99.03297173850984,0.2985616430558692,False
2581,0.9522481488898976,99.1578646874108,0.2989419621034419,False
2582,0.9522481488898976,99.1578646874108,0.35681718728764783,False
2583,0.9522481488898976,99.1578646874108,0.35780356527537654,False
2584,0.9522481488898976,99.1578646874108,0.35857296840172154,False
2585,0.9522481488898976,98.3657697897834,0.30688964472140595,False
2586,0.9080831196860789,99.098464572475,0.309724899668429,False
2587,0.8600451249809193,99.10792373622529,0.31097462637112255,False
2588,0.8600451249809193,99.11731998887961,0.31327774955089394,False
2589,0.8600451249809193,99.12665262867203,0.31548295093407264,False
2590,0.8600451249809193,99.13592099849129,0.3814524964989624,False
2591,0.8028116417452926,99.01248114113291,0.38280150929398543,False
2592,0.7391385203526044,98.25278430571166,0.3265675890195334,False
2593,0.6669740736911405,98.97158322056833,0.32720324388420485,False
2594,0.5819881552488824,98.98524915157421,0.32795664667712854,False
2595,0.4637773498877516,98.88108598501394,0.3754106167514205,False
2596,0.4637773498877516,98.94828802795605,0.37410478949969533,False
2597,0.4637773498877516,98.94828802795605,0.3729286164514406,False
2598,0.4637773498877516,98.94828802795605,0.37196353376973235,False
2599,0.4637773498877516,98.94828802795605,0.37128657907213003,False
2600,0.4637773498877516,98.8598526889315,0.3693156162717835,False
2601,0.4637773498877516,98.9665735348571,0.36934613751559486,False
2602,0.4637773498877516,98.16878176860672,0.3145412093496171,False
2603,0.4637773498877516,98.87568586528428,0.31410832709072195,False
2604,0.4637773498877516,98.87568586528428,0.31427524551162994,False
2605,0.4637773498877516,98.87568586528428,0.31435752311327153,False
2606,0.4637773498877516,98.76287960954447,0.3141004916696111,False
2607,0.4637773498877516,98.80899566597277,0.31555458004223685,False
2608,0.4637773498877516,98.76190803728032,0.3160885613406451,False
2609,0.40907313904382653,98.75229612172045,0.31680419935331505,False
2610,0.3491843735073079,97.94822028905139,0.23722246015631215,False
2611,0.2829047929798921,98.65178664263681,0.23340627346149392,False
2612,0.2829047929798921,98.65178664263681,0.23088279513486315,False
2613,0.2829047929798921,98.65178664263681,0.22810664384146986,False
2614,0.2829047929798921,98.65178664263681,0.22568861702802245,False
2615,0.2829047929798921,97.95515197726407,0.12311743140166273,False
2616,0.2829047929798921,98.74536443350777,0.12330988593449829,False
2617,0.208180945557171,98.76084262701363,0.12353649525527625,False
2618,0.12068101401352381,98.77619389464328,0.12362607956307889,False
2619,-0.0,98.79141770776752,0.12337323809186662,False
2620,-0.0,98.80651360372205,0.12259774047547611,False
2621,-0.0,98.82148118387572,0.1215270984173953,False
2622,-0.0,98.83632011171326,0.1200310048118762,False
2623,-0.0,98.85103011093503,0.12092360126627937,False
2624,-0.0,98.86561096357497,0.12170658018074379,False
2625,-0.0,98.84425055345748,0.1238950305031888,False
2626,-0.0,98.92994536579057,0.12303490095830577,False
2627,-0.0,98.92994536579057,0.12262437360138581,False
2628,0.12068101401352381,98.92994536579057,0.12262195089136882,False
2629,0.208180945557171,98.92994536579057,0.12297610535588857,False
2630,0.2829047929798921,98.92994536579057,0.12362764946025895,False
2631,0.3491843735073079,98.84750618570126,0.12966126454999488,False
2632,0.40907313904382653,98.86561096357497,0.13463639671237124,False
2633,0.4637773498877516,98.85103011093503,0.1411056561733499,False
2634,0.5140912790181235,98.83632011171326,0.14777993077075327,False
2635,0.560576942614533,98.82148118387572,0.15450772110449176,False
2636,0.560576942614533,98.80651360372205,0.16124564610661782,False
2637,0.560576942614533,98.79141770776752,0.16777997298390523,False
2638,0.560576942614533,98.77619389464328,0.17402536538849342,False
2639,0.560576942614533,98.76084262701363,0.17993869072940674,False
2640,0.560576942614533,98.74536443350777,0.18546919939230985,False
2641,0.560576942614533,98.72975991066443,0.19031114649310682,False
2642,0.677903479475398,98.71402972488669,0.19467932961096768,False
2643,0.7619882811604883,98.6615204844021,0.197509219508835,False
2644,0.8332341082038747,98.64753952110766,0.19972438107760587,False
2645,0.8959704136014894,98.6370338403999,0.20144933710525947,False
2646,0.9522481488898977,98.62646323342877,0.20171315169112553,False
2647,0.9522481488898977,98.61582849421131,0.2015882498325733,False
2648,0.9522481488898977,98.60513046998638,0.20110941570106566,False
2649,0.9522481488898977,98.59437006267848,0.20031310293055354,False
2650,0.9522481488898977,98.58354823036963,0.19923758632349667,False
2651,0.9522481488898977,98.57266598877716,0.19792309237020755,False
2652,0.9522481488898977,98.56172441273576,0.19641189926324484,False
2653,0.9522481488898977,98.55072463768116,0.19474839356436868,False
2654,0.9522481488898977,98.5396678611336,0.19303534368319292,False
2655,0.9522481488898977,98.52855534417829,0.19131972397830702,False
2656,0.9522481488898977,98.51738841294058,0.1895777278507236,False
2657,0.9522481488898977,98.50616846005282,0.18798641197240673,False
2658,0.9522481488898977,98.49489694611016,0.1865642596023746,False
2659,0.9522481488898977,98.4835754011123,0.18532924982507237,False
2660,0.9522481488898977,98.47220542588785,0.18429856844688067,False
2661,0.9522481488898977,98.46078869349795,0.1834882989364201,False
2662,1.0032709271829536,98.44932695061577,0.18276688327967486,False
2663,1.0498302157100041,98.43782201887804,0.18218295545203908,False
2664,1.0498302157100041,98.42627579620479,0.1817265888593867,False
2665,1.0498302157100041,98.41469025808341,0.18138761377792328,False
2666,1.0498302157100041,98.40306745881263,0.18115566993817558,False
2667,1.0895209637560108,98.39140953270234,0.18102025569255642,False
2668,1.0895209637560108,98.37971869522465,0.18097077276506532,False
2669,1.0895209637560108,98.36799724411144,0.1809965657884719,False
2670,1.0895209637560108,98.35624756039381,0.18108695604012645,False
2671,1.0895209637560108,98.34447210937842,0.18123126898088354,False
2672,1.0895209637560108,98.33267344155558,0.18141885537341143,False
2673,1.0895209637560108,98.32085419343406,0.18163910590024665,False
2674,1.0895209637560108,98.30901708829697,0.18182173026896017,False
2675,1.0895209637560108,98.2971649368738,0.18195966890314053,False
2676,1.0895209637560108,98.28530063792246,0.1820516457121783,False
2677,1.0895209637560108,98.27342717871623,0.18209638348941973,False
2678,1.0895209637560108,98.26154763542957,0.18209260562403234,False
2679,1.0895209637560108,98.24966517341709,0.18203903789340975,False
2680,1.0895209637560108,98.23778304737992,0.18193441033603222,False
2681,1.0895209637560108,98.22590460141366,0.18177745920448,False
2682,1.0895209637560108,98.21403326893171,0.18156692899803595,False
2683,1.0895209637560108,98.20217257245861,0.18130157457408339,False
2684,1.0895209637560108,98.19032612328702,0.27536344744677727,False
2685,1.0895209637560108,98.17849762099293,0.2723188459388301,False
2686,1.0895209637560108,98.16669085280317,0.2783314600759162,False
2687,1.0895209637560108,98.1549096928095,0.27604993814615947,False
2688,1.0895209637560108,98.14315810102396,0.2736546888788256,False
2689,1.0924850533852573,98.13144012226988,0.3097909362703956,False
2690,1.0498302157100041,98.1197598849035,0.3111411781752767,False
2691,1.0032709271829536,98.10812159936106,0.3129975210303065,False
2692,0.9522481488898977,98.09652955652655,0.31535217578198377,False
2693,0.9371713531760616,98.08498812591581,0.3181901625264166,False
2694,0.9134853951751389,98.07350175367255,0.3178903663905169,False
2695,0.9586474853745399,98.06207496037224,0.32475650054703203,False
2696,0.9586474853745399,98.05071233863087,0.3307370708975833,False
2697,1.0408200100592373,98.03941855051471,0.33591092968145314,False
2698,1.1101140846176456,98.02819832474897,0.3403463426154277,False
2699,1.1448025073660157,98.0170564537226,0.33857662707868696,False
2700,1.2050203043653231,98.0059977902878,0.33852072181454107,False
2701,1.2587246698311274,97.99502724435276,0.34325217383119055,False
2702,1.3071167709064087,97.98414977926706,0.3416167344676329,False
2703,1.3184734496942832,97.97337040799957,0.3398628301083614,False
2704,1.3240708331417594,97.19400096758588,0.2667885245135233,False
2705,1.285993330149932,98.0980169665532,0.2671967102768914,False
2706,1.2444016707687173,97.77921867401524,0.2580130806864098,False
2707,1.198882184461865,98.16826065812936,0.30218489456508196,False
2708,1.198882184461865,98.15890946613806,0.30469266019346336,False
2709,1.198882184461865,97.39643032585558,0.2679728614346632,False
2710,1.198882184461865,98.2666886073172,0.3644538259898996,False
2711,1.2380473172784794,98.28142958787149,0.362498112525928,False
2712,1.2380473172784794,98.2962922514061,0.359919491406935,False
2713,1.2380473172784794,98.31127090483194,0.3654421310857211,False
2714,1.2380473172784794,98.22311579633755,0.3638130114254682,False
2715,1.2740415932122178,98.40117066825647,0.3894364844927471,False
2716,1.3071167709064087,98.39394599303135,0.3845277753416793,False
2717,1.3374757440821938,98.38683217586264,0.3798119086088309,False
2718,1.365284630420991,98.37983304042179,0.3796114888704337,False
2719,1.3906811006979505,98.17467780297582,0.38339229511807693,False
2720,1.4555098469702124,98.2620320855615,0.384516769520425,False
2721,1.5116796581955987,97.77926945236896,0.3811986505548606,False
2722,1.5116796581955987,98.17456751291844,0.38340600372771544,False
2723,1.4662479130694515,98.16725878305984,0.3829410709768391,False
2724,1.4154315106049493,98.16009963768116,0.3829765899372649,False
2725,1.4154315106049493,98.15309427743365,0.3829061431111081,False
2726,1.4385307073172464,98.14624686287931,0.3828142328752694,False
2727,1.4594295584109003,97.38393726028966,0.34846873070308176,False
2728,1.4887246500737759,98.26516544117646,0.34577420128100944,False
2729,1.533517108212428,98.26516544117646,0.34326611860532064,False
2730,1.533517108212428,96.96032972694488,0.23308355571976175,False
2731,1.533517108212428,98.22039698836413,0.23020490718846737,False
2732,1.533517108212428,98.22039698836413,0.22793836466821457,False
2733,1.533517108212428,97.68160741885626,0.21183736049976157,False
2734,1.533517108212428,98.13304227941177,0.21248239576032646,False
2735,1.533517108212428,97.37737045362844,0.14327053452211247,False
2736,1.533517108212428,98.25352764284062,0.1404056171847404,False
2737,1.533517108212428,98.25352764284062,0.1393306773983666,False
2738,1.533517108212428,97.7851029377747,0.12968059020673497,False
2739,1.533517108212428,98.32870691649318,0.12487520868711302,False
2740,1.533517108212428,98.32337413703081,0.12421810935030066,False
2741,1.533517108212428,98.31820297951583,0.22687213109805823,False
2742,1.533517108212428,98.31319675480067,0.3449592603483896,False
2743,1.533517108212428,98.09059397215205,0.40383019755168503,False
2744,1.533517108212428,98.17870025427237,0.4553263725884712,False
2745,1.533517108212428,98.15509135273463,0.5722787944896127,False
2746,1.533517108212428,98.13140085045218,0.6122411017457059,False
2747,1.533517108212428,98.10763575001506,0.6472496551689239,False
2748,1.533517108212428,98.0838032866412,0.6780921847318488,False
2749,1.533517108212428,98.05991092672808,0.7063113331419685,False
2750,1.4779865839745367,98.03596636592401,0.7311165108766273,False
2751,1.4982461480806952,98.01197752670248,0.7763976353482837,False
2752,1.516369527713378,97.98795255542446,0.8023216919408946,False
2753,1.532425056661844,97.96389981887452,0.8258296459415905,False
2754,1.4849318562142535,97.93982790025753,0.8474708309846513,False
2755,1.4238180997827923,97.9157455946441,0.8672032183223705,False
2756,1.3926710596071106,97.8916619038547,0.885164732492681,False
2757,1.3556351701443277,97.86758603077315,0.9014744416371323,False
2758,1.3556351701443277,97.8435273730826,0.9159875279042193,False
2759,1.3556351701443277,97.8194955164183,0.9290822733178846,False
2760,1.2583494426149708,97.7955002269338,0.9408484060199397,False
2761,1.2583494426149708,97.16086278586279,0.9702599291626773,False
2762,1.2583494426149708,96.82052621270483,0.9471832274438443,False
2763,1.296460736137167,97.01521910259774,0.9352398955387624,False
2764,1.3287344279695676,96.98807091544191,0.9210168898418032,False
2765,1.3559212235520337,96.34251006800027,0.8619597015369758,False
2766,1.391334586143604,96.88553858361436,0.841320602205797,False
2767,1.4230670603378361,96.87437918018674,0.8206714259937419,False
2768,1.4514270347987224,96.86360320933625,0.800171311180981,False
2769,1.4766549183659508,96.8532164907389,0.7791051560790144,False
2770,1.498941259446481,96.84322456303582,0.7586467894839874,False
2771,1.5184387137728148,96.46956753870795,0.7142273940586112,False
2772,1.527138493598173,96.66957046170342,0.6864560837151641,False
2773,1.542279235137156,96.64289558665232,0.6732271116282443,False
2774,1.554965937118681,96.6164651853853,0.6497896643417227,False
2775,1.565263635906296,96.59029284164859,0.6271144652426318,False
2776,1.5665782425417163,96.56439213551943,0.605829142194189,False
2777,1.565263635906296,96.53877662479519,0.5854817719449863,False
2778,1.5613116549052575,96.51345982601548,0.5661096695210265,False
2779,1.554697508762069,96.48845519516217,0.5477483261521604,False
2780,1.545378825051491,96.46377610808575,0.5304305878617295,False
2781,1.545378825051491,95.73309436823602,0.438420946793566,False
2782,1.545378825051491,96.31901840490798,0.4151267931977445,False
2783,1.547393175014927,96.31901840490798,0.3951676356895155,False
2784,1.5473931750149272,96.31901840490798,0.3785862171726839,False
2785,1.545378825051491,96.31901840490798,0.36535849834439477,False
2786,1.541342789057496,96.31901840490798,0.35538015950271334,False
2787,1.5253874232579383,96.31901840490798,0.38508446562786924,False
2788,1.5067348178150048,96.31901840490798,0.37639404155940925,False
2789,1.5067348178150048,96.31901840490798,0.36969900170299347,False
2790,1.5067348178150048,96.31901840490798,0.36477798280037027,False
2791,1.498941259446481,96.31901840490798,0.3613798925399967,False
2792,1.4891489665409592,96.31901840490798,0.3589558693167975,False
2793,1.477322818602089,95.87251106194691,0.32953912007822406,False
2794,1.4634190046135478,96.13811273660126,0.3570695278648234,False
2795,1.447383961374643,96.11373748609566,0.3708176759108588,False
2796,1.4291529843613586,96.0897748658256,0.3624109507011602,False
2797,1.408648411160687,96.06623812185579,0.35398667916950344,False
2798,1.3857772327036844,96.04314027592969,0.38078106717804544,False
2799,1.3604279187829045,96.02049410443571,0.47755809719262143,False
2800,1.3324661355215683,95.99831211758914,0.5029147265012894,False
2801,1.301728854068539,95.97660653889515,0.5691938761159243,False
2802,1.2680160454788014,95.955389284958,0.5758833039683237,False
2803,1.2310786130055862,95.93467194570135,0.5793971491393805,False
2804,1.1906001864191973,95.91446576506408,0.6099119066127601,False
2805,1.146168329937132,95.89478162223483,0.614253053548302,False
2806,1.0972261621017099,95.87563001348761,0.6163262759701379,False
2807,1.0429842335712594,95.37379192723138,0.5944024612459735,False
2808,0.9822408213425595,95.98833487445765,0.5977640273408382,False
2809,0.9129467467841514,95.98833487445765,0.6011177277068088,False
2810,0.830774222099454,95.98833487445765,0.6044236814204685,False
2811,0.7153220528038851,95.98833487445765,0.63626124380381,False
2812,0.6807937753703206,95.98833487445765,0.6419170119088765,False
2813,0.6436394131461666,95.98833487445765,0.6467840484342788,False
2814,0.603652249754401,95.36668561682774,0.6319810056814424,False
2815,0.560576942614533,95.47810037623341,0.6234041964143116,False
2816,0.5140912790181235,96.02949517867272,0.6266567558104434,False
2817,0.4637773498877516,96.02949517867272,0.6649319050162554,False
2818,0.40907313904382653,95.273860979239,0.6498865795345289,False
2819,0.3491843735073079,94.6219797349961,0.5818311359586007,False
2820,0.2829047929798921,95.11797633387657,0.5588436890071997,False
2821,0.208180945557171,94.6219797349961,0.5105216789706141,False
2822,0.12068101401352381,95.28803231063559,0.49758780041341766,False
2823,-0.0,95.33164343050275,0.4879602111492306,False
2824,-0.0,94.83712784588441,0.4436709309019767,False
2825,-0.0,95.24738675958189,0.4320649836997781,False
2826,-0.0,95.28661537395162,0.46581789092290404,False
2827,-0.0,95.32607197021922,0.46098929114019727,False
2828,-0.0,95.30807976264404,0.48262076630736095,False
2829,-0.0,95.2907057036321,0.5024269455294023,False
2830,-0.0,95.27395840530643,0.5192472124155353,False
2831,-0.0,94.65902024459338,0.5000760807232757,False
2832,-0.0,95.11504180197609,0.5102803518887251,False
2833,-0.0,95.11504180197609,0.5204243447304279,False
2834,-0.0,95.11504180197609,0.5305163529581451,False
2835,-0.0,95.11504180197609,0.5396507092173843,False
2836,-0.0,95.11504180197609,0.5485237258170584,False
2837,-0.0,94.38078144415297,0.5046823666867654,False
2838,-0.0,95.00034480380664,0.5068951015218723,False
2839,0.12068101401352381,94.9924231987877,0.5093290586075561,False
2840,0.208180945557171,94.98521015340167,0.5119751881532131,False
2841,0.208180945557171,94.53908503915373,0.493717557984398,False
2842,0.208180945557171,95.1375077155202,0.49882645561761413,False
2843,0.208180945557171,95.18072289156626,0.5034561280089918,False
2844,0.208180945557171,95.22394109302168,0.5059161218221797,False
2845,0.208180945557171,95.21915037086985,0.5071656395098596,False
2846,0.208180945557171,94.25488873904249,0.4691816056145864,False
2847,0.208180945557171,95.19217801753203,0.46870150356241097,False
2848,0.208180945557171,95.75242718446601,0.4478737934305283,False
2849,0.208180945557171,95.75242718446601,0.42074486433562586,False
2850,0.32806688317929317,95.75242718446601,0.39565132870072856,False
2851,0.41475814399911126,95.75242718446601,0.36983655429115886,False
2852,0.48865925334338955,95.75242718446601,0.3519102588475785,False
2853,0.48865925334338955,95.75242718446601,0.32885824459262897,False
2854,0.48865925334338955,95.75242718446601,0.3038170592507353,False
2855,0.48865925334338955,95.75242718446601,0.2810599401789539,False
2856,0.48865925334338955,95.75242718446601,0.28689602920877,False
2857,0.48865925334338955,94.98654104979812,0.2840865270521383,False
2858,0.48865925334338955,95.63465413028878,0.2781295596110524,False
2859,0.48865925334338955,95.63061251842916,0.2720854877747385,False
2860,0.48865925334338955,95.62717304092003,0.27400694437142875,False
2861,0.48865925334338955,95.62433297758805,0.2755194915098713,False
2862,0.48865925334338955,95.62208915502329,0.27790660589201405,False
2863,0.5621380056254565,95.62043795620438,0.28020919416056866,False
2864,0.6271502454482835,95.5706757387766,0.2758628490532802,False
2865,0.6857486151292824,95.52769210138125,0.29141193387978154,False
2866,0.7391385203526044,95.49160994676191,0.3056710778354739,False
2867,0.7881133310528374,95.45577678450495,0.3185602746787727,False
2868,0.8332341082038747,95.05273902687989,0.3188235028136722,False
2869,0.8749177494187964,95.53534801039245,0.3263945077892668,False
2870,0.9134853951751388,95.59004512511964,0.32444872657809737,False
2871,0.9491912500871044,95.56288206607597,0.33578874869746295,False
2872,0.9822408213425595,95.16351593762937,0.39055375036491274,False
2873,1.0128030232541478,95.65518675074492,0.39924656485263016,False
2874,1.041018523939755,95.59975053703832,0.40962994351002624,False
2875,1.0670056836533544,95.6759753308849,0.4529870859638224,False
2876,1.090864890696142,94.94413407821229,0.4728122456492856,False
2877,1.1126817966979572,95.7356976989656,0.47126097453743365,False
2878,1.132529774880598,95.2613338991442,0.4896940709185673,False
2879,1.15047181636257,95.84192195607363,0.4885246101805031,False
2880,1.1665620111568704,95.95564716753145,0.49881935011686385,False
2881,1.1665620111568704,95.94314691807728,0.4929729226480914,False
2882,1.180846716107336,95.93110871905274,0.5102153559112849,False
2883,1.1933654824135869,95.91954437315262,0.5244751358598756,False
2884,1.2041517951932372,95.48844956187993,0.5416576562592336,False
2885,1.2041517951932372,96.0288020946978,0.5337755065070561,False
2886,1.2041517951932372,96.01372563335038,0.5480088152945991,False
2887,1.2041517951932372,95.99912068586502,0.5580400674276225,False
2888,1.2041517951932372,95.98499889697771,0.5700200963148842,False
2889,1.2041517951932372,95.97137165203276,0.5663369015956217,False
2890,1.2041517951932372,95.62513879635799,0.5875534803754928,False
2891,1.2132336634320215,96.04960273260563,0.5995273133856592,False
2892,1.2206340886225493,96.60827431979128,0.5686914699808439,False
2893,1.2263714330738393,96.10137905329854,0.573117298561401,False
2894,1.2304597034223903,96.13119642191576,0.5687695255183639,False
2895,1.2329087607099036,96.60827431979128,0.5365068790996745,False
2896,1.2337244651110395,96.60574412532637,0.5051361726673548,False
2897,1.2329087607099036,95.73234200743494,0.5075920823972294,False
2898,1.2304597034223903,96.48069941468475,0.48535046113061003,False
2899,1.2263714330738393,95.61188940775332,0.5150048651343752,False
2900,1.2263714330738393,96.46326091792096,0.49712657166638446,False
2901,1.278417365535648,95.7201339784146,0.4958055664155026,False
2902,1.3194892909924263,96.58573029510646,0.4712824794930764,False
2903,1.3548527368476762,96.58573029510646,0.4522416058355464,False
2904,1.3852702053381707,96.58573029510646,0.504700983804604,False
2905,1.411268792775777,96.20470676129996,0.5087418788358103,False
2906,1.4332278865247239,96.72768023907359,0.48893553587904404,False
2907,1.4514270347987221,95.45928241774602,0.4816730898136353,False
2908,1.4660741214574515,96.70745272525028,0.4667058966765723,False
2909,1.477322818602089,95.95105672969967,0.4713849657448752,False
2910,1.485283726758245,96.82610307749351,0.4651859511539553,False
2911,1.485283726758245,96.82352072098692,0.4433814473389795,False
2912,1.485283726758245,96.60589891803765,0.4370229902694392,False
2913,1.4634190046135478,95.68971879843531,0.425359403349573,False
2914,1.447383961374643,96.47949434073203,0.4246356439208127,False
2915,1.4291529843613586,96.48005854372485,0.4435337553283322,False
2916,1.408648411160687,96.48113070085968,0.44740906518444323,False
2917,1.3857772327036844,96.02943319248142,0.4500983755874576,False
2918,1.3604279187829045,96.34999271455632,0.45573640903698676,False
2919,1.3324661355215683,95.46740155196171,0.43837885688635236,False
2920,1.301728854068539,96.2249169914826,0.44562222197750273,False
2921,1.2680160454788014,96.22871920120681,0.4745710253399281,False
2922,1.2310786130055862,96.23302358827735,0.5026943063219923,False
2923,1.190600186419197,96.02350075231067,0.5035847045067705,False
2924,1.190600186419197,95.09587283484211,0.5059785409385733,False
2925,1.190600186419197,95.88739984400482,0.506945715727883,False
2926,1.190600186419197,95.89533817617604,0.5076775437732672,False
2927,1.190600186419197,95.68935057593103,0.4998838157755997,False
2928,1.190600186419197,95.84424778761061,0.4979757203323763,False
2929,1.190600186419197,95.82299127721438,0.4952017761873487,False
2930,1.190600186419197,95.5607642588252,0.4791278772873672,False
2931,1.190600186419197,95.91720606017498,0.4789793143488784,False
2932,1.190600186419197,95.89246238322755,0.4945367443457735,False
2933,1.190600186419197,95.86818214311245,0.584137976546253,False
2934,1.2189859772419214,95.84437916457692,0.5974875810451232,False
2935,1.2449737775841292,95.45291544144015,0.6250055058358095,False
2936,1.2686794699537274,95.70023688177446,0.642566494051199,False
2937,1.2902007807553537,95.69714819337692,0.6592310183123645,False
2938,1.3282820174272938,95.69467404585639,0.6743701948783881,False
2939,1.3470624465271648,95.40577518542521,0.679469639566805,False
2940,1.3637938028246002,95.614224915242,0.6911778640749314,False
2941,1.3785347251376459,95.20167400245327,0.6873438007883703,False
2942,1.3559212235520337,95.13603233023021,0.6815179156759729,False
2943,1.3675380544221296,95.54737677708017,0.6916162176990452,False
2944,1.3675380544221296,94.63087248322148,0.6504798915737492,False
2945,1.3675380544221296,95.38861225373458,0.6561867401706368,False
2946,1.3287344279695676,95.38861225373458,0.6621056121429434,False
2947,1.2852748466470731,95.38861225373458,0.7227587477233339,False
2948,1.236377240345227,95.38861225373458,0.7325643742949315,False
2949,1.180846716107336,95.38861225373458,0.7692130223102314,False
2950,1.1166404295430468,95.38861225373458,0.7833461743439915,False
2951,1.0532169913190046,95.38861225373458,0.7959948290108185,False
2952,1.065299640553338,94.97206703910615,0.7974144553303549,False
2953,1.0757143856082798,94.12319524051368,0.7450151140984992,False
2954,1.0844863484244938,94.85598200682,0.7434647058907133,False
2955,1.0916362019205925,94.4351250820509,0.7345973782442167,False
2956,1.0971804769523517,94.66314786305989,0.7287465989968356,False
2957,1.170377295621679,94.64377808885287,0.7592005662088243,False
2958,1.2304597034223903,94.62500925446065,0.7605025354891944,False
2959,1.2817425764699486,94.60685858811277,0.7605247258173005,False
2960,1.3262610770456722,94.58934309842314,0.7593648406021842,False
2961,1.3652016755898781,94.57247954357781,0.7567800483276125,False
2962,1.3984610270106808,94.55628440021111,0.7534254417461335,False
2963,1.4274202463828694,94.54077383205876,0.7498567584643486,False
2964,1.4524690941546654,94.52596365848096,0.746999294519267,False
2965,1.4738989153366922,94.51186932295245,0.7440377063843403,False
2966,1.4738989153366922,94.4985058616198,0.7409632569413531,False
2967,1.4738989153366922,93.6479963221209,0.6841462646678903,False
2968,1.4738989153366922,94.30694965902995,0.6753949302449871,False
2969,1.4738989153366922,93.78604937322156,0.6349583606224396,False
2970,1.4738989153366922,94.1035733580304,0.6182933575167746,False
2971,1.4738989153366922,94.09122589638349,0.6025526033334084,False
2972,1.4738989153366922,94.07971408592961,0.6059793086213552,False
2973,1.4738989153366922,94.06905151586002,0.593499293590821,False
2974,1.4776169519137876,94.05925115297428,0.5820754140506689,False
2975,1.4794731020725562,93.724935126209,0.549000682681695,False
2976,1.4794731020725562,93.93340188246461,0.5452807370642863,False
2977,1.4995196245467155,93.31429931001665,0.47874938422114605,False
2978,1.5164273757656148,93.70279080861891,0.45404175224717463,False
2979,1.530333327439556,93.69570415238702,0.43188058575403804,False
2980,1.541342789057496,93.68959182043294,0.4130535350814995,False
2981,1.5495348211113549,93.68446329944769,0.3973300696353684,False
2982,1.554965937118681,93.68032721148448,0.3847739229326928,False
2983,1.557672567089349,93.67719129107415,0.37443928585192643,False
2984,1.64901325110092,93.67506236420697,0.3644793053246003,False
2985,1.7061750265313427,93.67394632927714,0.3565042171378368,False
2986,1.749482462001978,93.67384814007907,0.40510399804979297,False
2987,1.7831755362230401,93.67477179093626,0.5277032986745258,False
2988,1.8092019640678836,93.67672030403493,0.5666667030099058,False
2989,1.8286451082857558,93.67969571902566,0.5987203200090935,False
2990,1.8421548255573508,93.68369908494616,0.625197586110332,False
2991,1.8501212404842342,93.68873045450863,0.6816936862454172,False
2992,1.8527545343024636,93.20546163849154,0.6914107894971496,False
2993,1.850121240484234,93.57626151463275,0.7134704450771738,False
2994,1.8421548255573508,93.57423152387182,0.7333856687271204,False
2995,1.8609945915189354,93.5732437085007,0.7512926857587089,False
2996,1.876914893156313,93.20764037543223,0.7582074836774204,False
2997,1.8900283760255623,93.44357172385283,0.7708674666714787,False
2998,1.9004224637955531,93.41690187614145,0.8649225032851109,False
2999,1.9019015988018408,93.39111592632719,0.930489865119428,False
3000,1.9081632615954605,93.36623724276393,1.1006027566821017,False
3001,1.9119062493971142,93.34228864075224,1.1458414431078976,False
3002,1.913151600427485,93.31929233361416,1.2186724694213031,False
3003,1.9119062493971142,93.29726988420252,1.2627723355541667,False
3004,1.9081632615954605,93.276242157029,1.3007156651160363,False
3005,1.8798498143562756,93.25622927119653,1.3333095690819001,False
3006,1.846500718464462,92.57589931116591,1.3457402163602132,False
3007,1.8073608077503693,91.92794629960065,1.326499663906161,False
3008,1.7612592957958806,92.45395127748068,1.3311915427486665,False
3009,1.706175026531343,92.47986434930056,1.3935370634264952,False
3010,1.6378056841256827,92.50698501397002,1.3951308075252076,False
3011,1.535773302827334,92.08114072313698,1.3797585567803108,False
3012,1.5228447333219095,92.39472564866014,1.3946792639578331,False
3013,1.5228447333219095,92.38704177323103,1.3848850877526258,False
3014,1.5228447333219095,92.38062697531392,1.3748600438706602,False
3015,1.5228447333219095,92.37549204175937,1.364950412698291,False
3016,1.5228447333219095,92.37164652438501,1.3555006936148692,False
3017,1.5213655983156218,92.36909871244636,1.346867163381001,False
3018,1.5213655983156218,91.22912205567452,1.286711299691183,False
3019,1.5228447333219095,91.36437698310608,1.2384940050313862,False
3020,1.5213655983156218,90.20345358180886,0.6126702734755791,False
3021,1.5169165540634162,91.27545369344807,1.0398315347035594,False
3022,1.5094621252684286,90.77276987305103,0.9509513089726294,False
3023,1.498941259446481,91.06245207463577,0.897945015710567,False
3024,1.4852641811356104,91.06245207463577,0.8500599643985252,False
3025,1.4683074126842999,91.06245207463577,0.7958949633030928,False
3026,1.4479062086941699,91.06245207463577,0.7541592521094728,False
3027,1.4683074126842999,91.06245207463577,0.7167973086914986,False
3028,1.4852641811356104,91.06245207463577,0.684811064564256,False
3029,1.498941259446481,90.03144386844565,0.47584544189636524,False
3030,1.5094621252684286,91.07551487414187,0.49568456315456155,False
3031,1.5169165540634162,91.07551487414187,0.47243166822445165,False
3032,1.5045643034921028,90.56699720315281,0.3931243557924937,False
3033,1.5076213244090613,91.3382490041529,0.3948957265174099,False
3034,1.5076213244090613,91.37158793205442,0.4032826054922918,False
3035,1.5045643034921028,91.40618417726851,0.40288661114769025,False
3036,1.4984244813325356,91.44200890232636,0.4044672424291525,False
3037,1.4984244813325356,91.47903239306939,0.4067958684637618,False
3038,1.5045643034921028,91.51722412211194,0.40927797647187275,False
3039,1.5045643034921028,91.55655281309731,0.4113961995480043,False
3040,1.5045643034921028,91.59698650550543,0.4108211461419368,False
3041,1.5045643034921028,91.63849261977406,0.4125872637073742,False
3042,1.5045643034921028,91.41003531247434,0.4459819743914815,False
3043,1.4900315255825651,91.92084389565787,0.4572900297562957,False
3044,1.4900315255825651,91.93942354665364,0.4466130635598466,False
3045,1.5045643034921028,91.46718775443739,0.480645571194969,False
3046,1.5169165540634162,91.83357759322585,0.4991331568976572,False
3047,1.5169165540634162,91.83357759322585,0.516178771443271,False
3048,1.5169165540634162,91.83357759322585,0.5319426885246953,False
3049,1.5169165540634162,91.83357759322585,0.5485476502997157,False
3050,1.5169165540634162,91.83357759322585,0.5515176302896991,False
3051,1.5169165540634162,91.83357759322585,0.5854311737499983,False
3052,1.5169165540634162,91.83357759322585,0.6170563918715813,False
3053,1.5169165540634162,91.83357759322585,0.6466944524161767,False
3054,1.5169165540634162,90.9540406906055,0.6732685683802493,False
3055,1.532902144485799,91.60884298854285,0.7052244957730226,False
3056,1.5464650001141114,91.6325383441741,0.7343474194322981,False
3057,1.557672567089349,91.65734377497203,0.7616952912578614,False
3058,1.5665782425417163,91.68323129522143,0.787423004037688,False
3059,1.5665782425417163,91.71017244106945,0.8116546082927608,False
3060,1.5665782425417163,91.42340073963334,0.8256896162926584,False
3061,1.5732230293875173,91.8610111128502,0.8500986744292515,False
3062,1.577636732431408,92.35262051242115,0.8570740035079876,False
3063,1.57983878814754,92.37977232246573,0.8628796614840701,False
3064,1.583393820970492,92.0997920997921,0.8765495654278755,False
3065,1.584576851106354,92.52086044553319,0.872898911996779,False
3066,1.5833938209704919,92.55959180565075,0.8668838263815827,False
3067,1.5798387881475398,92.59904552685403,0.8586409465688188,False
3068,1.5738937446297547,92.63919234536277,0.8482877175253383,False
3069,1.5655280605848254,92.68000299692815,0.8359240512687779,False
3070,1.554697508762069,92.49795127765775,0.8312283715884187,False
3071,1.5413427890574958,92.93385675135175,0.8049757152567003,False
3072,1.530333327439556,92.96282664703718,0.7788876167058961,False
3073,1.5125568756434098,92.99246580352572,0.7585675612991185,False
3074,1.5067348178150048,93.02274874627517,0.7378074807254139,False
3075,1.5067348178150048,93.05365008303849,0.7161775085332157,False
3076,1.5067348178150048,93.08514453769457,0.6952168214372515,False
3077,1.5067348178150048,93.11720698254364,0.6741763198338994,False
3078,1.5125568756434098,93.1498124690397,0.6531003051855044,False
3079,1.5164273757656148,93.18293625694005,0.6320401281346911,False
3080,1.5164273757656148,93.01416707376649,0.6240367122334106,False
3081,1.5164273757656148,93.31300672164092,0.5980526430965311,False
3082,1.5164273757656148,93.31300672164092,0.5751387475545537,False
3083,1.5164273757656148,93.31300672164092,0.5554610477937618,False
3084,1.5164273757656148,93.31300672164092,0.5391532832520539,False
3085,1.5164273757656148,93.31300672164092,0.5283556969120978,False
3086,1.5164273757656148,93.31300672164092,0.5214515349683542,False
3087,1.5125568756434098,93.31300672164092,0.518243102310742,False
3088,1.5125568756434098,93.31300672164092,0.5184565116238614,False
3089,1.5164273757656148,93.31300672164092,0.5217584602007255,False
3090,1.5183593905083004,93.31300672164092,0.5157968957426854,False
3091,1.5183593905083004,93.31300672164092,0.5087239137049444,False
3092,1.5164273757656148,92.58540641674173,0.5030174624631115,False
3093,1.4966777416164074,93.54168110318065,0.487912493527384,False
3094,1.4919310878474152,93.57413140694874,0.4742283043083174,False
3095,1.5067348178150048,93.60699405778294,0.46014624225580397,False
3096,1.5184387137728148,93.64024679639297,0.44455453303055037,False
3097,1.5094621252684286,93.67386768961572,0.5616134901414945,False
3098,1.5094621252684286,93.70783514795271,0.5839249942648731,False
3099,1.5094621252684286,93.74212794166391,0.5844825132383594,False
3100,1.4984244813325356,93.77672521544635,0.5865373784913769,False
3101,1.485283726758245,93.81160650172988,0.6123613123512673,False
3102,1.4699878894344567,93.84675173262517,0.6251263468816061,False
3103,1.4524737111892643,93.8821412505623,0.7062193888266755,False
3104,1.4291529843613586,93.91775581766018,0.7095617699667862,False
3105,1.408648411160687,93.95357662386945,0.7114948363605662,False
3106,1.3857772327036844,93.98958529393312,0.7120084028057972,False
3107,1.3604279187829045,94.02576389321052,0.7110961364164072,False
3108,1.3324661355215683,94.06209493241158,0.708755907811134,False
3109,1.301728854068539,94.09856137128864,0.7049902241623489,False
3110,1.2680160454788014,93.84088964927288,0.710283021438664,False
3111,1.2310786130055862,93.53206534991466,0.7142812512901219,False
3112,1.3023657530973365,93.7910484067137,0.717151580121043,False
3113,1.3374757440821938,93.72194589348538,0.7209055550635846,False
3114,1.3562502855203358,93.82940108892922,0.7235771310591753,False
3115,1.3622261539891927,93.49242101418396,0.7267185390836811,False
3116,1.414240382176244,93.61754257013352,0.7619154851509968,False
3117,1.460901082667665,92.03724121033933,0.7036097701641818,False
3118,1.502995042908569,92.72963123108283,0.6760573172218796,False
3119,1.5410762795805089,93.06011267256856,0.674941974896929,False
3120,1.5410762795805089,93.02078781447031,0.6649695770575212,False
3121,1.5410762795805089,92.63865335092017,0.6323356937382139,False
3122,1.575554139635707,92.78988941548184,0.6098027812856294,False
3123,1.6067416564054873,92.00305129998092,0.5008303570053562,False
3124,1.6348843143468912,92.89596521516721,0.48198180340651525,False
3125,1.6348843143468914,92.90088021431305,0.46796191864585085,False
3126,1.6348843143468914,92.90667345250971,0.451598486374131,False
3127,1.6067416564054873,92.91333587108235,0.4365256675299067,False
3128,1.5755541396357071,92.92085784778895,0.4223547578069267,False
3129,1.5410762795805089,92.92922921660148,0.40955921443744087,False
3130,1.502995042908569,92.88813431428032,0.3954739778797885,False
3131,1.4875121432839127,92.9923530149179,0.38798531573410494,False
3132,1.4662479130694515,92.9620061747842,0.3802748822430109,False
3133,1.4887246500737759,92.93223559214692,0.3725111470672985,False
3134,1.4594295584109003,92.90306154923302,0.36517406039686073,False
3135,1.42267946327288,92.87450428553153,0.358152724151124,False
3136,1.4400678690375037,92.15245195706665,0.3267876678297455,False
3137,1.4554846186995187,92.15245195706665,0.24609464801486908,False
3138,1.4554846186995187,92.88090060125367,0.24340459195940767,False
3139,1.4689801899821937,92.50351797364718,0.21547416105138362,False
3140,1.4689801899821937,92.72099270820007,0.2092575697684224,False
3141,1.4689801899821937,92.72099270820007,0.2625187056054087,False
3142,1.5224821271272106,92.72099270820007,0.2596015179514688,False
3143,1.5692913970352786,92.72099270820007,0.2666652263512566,False
3144,1.6105992633978485,92.72099270820007,0.27191677831220445,False
3145,1.6471838257529514,92.50351797364718,0.34275709990810954,False
3146,1.6795896202440854,92.87450428553153,0.34581880430531653,False
3147,1.7082156207048373,92.84658397069221,0.37568424592239835,False
3148,1.7082156207048373,92.81932067674028,0.3839838217576255,False
3149,1.6795896202440854,92.79273434965943,0.39082056820854866,False
3150,1.6795896202440854,92.7668447803988,0.39674020702546864,False
3151,1.6795896202440854,92.74167157536488,0.40153090294070803,False
3152,1.6795896202440854,92.71723412646247,0.40525134659732015,False
3153,1.6795896202440854,92.69355158075375,0.40797531418478,False
3154,1.6795896202440854,92.67064280980782,0.4095089989576971,False
3155,1.6795896202440854,92.64852637881711,0.4102057722160422,False
3156,1.6697973273385638,91.96607452918391,0.37170683200786847,False
3157,1.6579711793996936,92.77431463234801,0.37212509734707166,False
3158,1.6579711793996936,92.77431463234801,0.37213728621322345,False
3159,1.6579711793996936,92.77431463234801,0.37191497953093894,False
3160,1.6579711793996936,92.77431463234801,0.3716188109156047,False
3161,1.6579711793996936,91.96607452918391,0.3332144307600012,False
3162,1.6579711793996936,92.65517929612135,0.3336577031438111,False
3163,1.6579711793996936,92.35255135851557,0.3274882292611608,False
3164,1.6579711793996936,92.37905897945659,0.32383120619494077,False
3165,1.7032781839783946,91.64578662798365,0.24230070356705888,False
3166,1.7430344869237362,92.34452899501443,0.24076465819116935,False
3167,1.778014840874726,91.92111125671603,0.22611233433400418,False
3168,1.8087600820813243,92.21960476377437,0.21361229664248751,False
3169,1.8356650800118892,92.23078933612128,0.2055464258807102,False
3170,1.8590269159366017,92.24295407098121,0.20202159384205823,False
3171,1.879073438410761,92.2560896183405,0.19895519977850126,False
3172,1.8959811896296601,92.27018593160837,0.19179183440224032,False
3173,1.8959811896296601,92.28523228652998,0.19530205367449313,False
3174,1.879073438410761,92.3012173012173,0.19855421969935108,False
3175,1.8590269159366017,92.31812895722962,0.2016491862122052,False
3176,1.8356650800118892,92.33595462163207,0.22061900007113422,False
3177,1.8258495363718987,92.35468106995884,0.23726761483890754,False
3178,1.8137658157498744,92.37429451000513,0.24023019430962345,False
3179,1.799358111238162,92.39478060637073,0.25388634879080063,False
3180,1.782556816414643,92.41612450567675,0.26578866240985316,False
3181,1.7632762396807855,92.43831086237599,0.2760253784148415,False
3182,1.741411517536088,92.46132386507735,0.28048671574296763,False
3183,1.7168344071232133,92.48514726330426,0.2812495540117217,False
3184,1.6893874594585259,92.50976439460753,0.28072272797444653,False
3185,1.658875770037715,92.53515821195379,0.2788880720997469,False
3186,1.625054959449705,92.56131131131131,0.2974292446047976,False
3187,1.5876130097652603,91.82417309127082,0.2759840609489127,False
3188,1.5876130097652603,92.4873347337205,0.2956245180902295,False
3189,1.5876130097652603,92.5352977286679,0.2934375167278422,False
3190,1.5876130097652603,92.58355696511344,0.2886047045626586,False
3191,1.5876130097652603,92.09502977275488,0.3025261288573618,False
3192,1.5495317730933205,92.39801476818788,0.30324845578751936,False
3193,1.5074378128524164,92.59102965999517,0.30524293274514996,False
3194,1.4607771123609954,92.57222289375076,0.306884336287731,False
3195,1.4087628841739441,92.55422270689446,0.3082232909868403,False
3196,1.3501958830341083,91.9419480204032,0.295740585442802,False
3197,1.2830292405206853,91.94802040320621,0.29788430130470855,False
3198,1.202937326293622,92.17254331758149,0.3088141931540553,False
3199,1.202937326293622,92.71727305693219,0.3105856693988788,False
3200,1.0895209637560108,92.71727305693219,0.31399174200234764,False
3201,1.0895209637560108,92.71727305693219,0.31905344797245266,False
3202,1.0895209637560108,92.16042651157154,0.31467264911066567,False
3203,1.043475862219766,92.53704153509837,0.3373072867943832,False
3204,0.9929563290994997,92.52069133398247,0.38181251586171566,False
3205,0.9371713531760616,92.5051835589706,0.42185005330574904,False
3206,0.8749177494187964,91.91005743614811,0.415275236843446,False
3207,0.804144968682279,92.64813907933399,0.4388537753142434,False
3208,0.720523936685393,91.91616766467065,0.45814463557224216,False
3209,0.603652249754401,92.51128186364191,0.4856998249701937,False
3210,0.603652249754401,92.30722116739143,0.485786946420156,False
3211,0.603652249754401,91.93012670685201,0.49282448901601067,False
3212,0.603652249754401,92.4958310172318,0.5108755005575609,False
3213,0.603652249754401,92.69347168179853,0.5242145066018346,False
3214,0.603652249754401,92.67022200173632,0.5338903322017609,False
3215,0.603652249754401,92.64769968250016,0.554112133353393,False
3216,0.603652249754401,92.23222097237846,0.5735024191638184,False
3217,0.603652249754401,91.9523750155841,0.5826699991002662,False
3218,0.603652249754401,91.98354319910236,0.5783730003454386,False
3219,0.603652249754401,92.76898142376263,0.5883555985632718,False
3220,0.603652249754401,92.78786371549366,0.5852493942528331,False
3221,0.603652249754401,92.80753968253968,0.5904601727604027,False
3222,0.603652249754401,92.39520217633239,0.6008752729421568,False
3223,0.603652249754401,92.9725064726914,0.5889098060503819,False
3224,0.603652249754401,93.23206957799964,0.5785490037889859,False
3225,0.603652249754401,93.25314446208328,0.5676791367509153,False
3226,0.560576942614533,92.84888320856916,0.5785443407577423,False
3227,0.5140912790181235,93.179875442667,0.5743280318780297,False
3228,0.4637773498877516,93.3080962266455,0.5628651570714875,False
3229,0.40907313904382653,93.3080962266455,0.5521775656850214,False
3230,0.46824757305098735,92.49666383598205,0.5647064861349913,False
3231,0.5214461385892911,93.18510484454086,0.5510037618394072,False
3232,0.5338213435427906,93.21881733301413,0.5488836830496321,False
3233,0.5214461385892911,93.25288312923553,0.6144827155931395,False
3234,0.46824757305098735,93.19872476089267,0.6456708126197498,False
3235,0.5541015302865538,93.39821763602251,0.7019338645805621,False
3236,0.6271502454482835,93.39821763602251,0.7506058257829139,False
3237,0.6271502454482835,93.39821763602251,0.7928846243044306,False
3238,0.7449230491364432,92.53748966820167,0.8388909118578911,False
3239,0.8294627007514066,93.43716561645465,0.8697264988639322,False
3240,0.9011722974829974,92.53748966820167,0.9044930486077944,False
3241,0.9643816491874813,93.39821763602251,0.9278682514507276,False
3242,1.0211420861162388,93.39821763602251,0.9396907344939813,False
3243,1.0726576237742649,92.75328330206379,0.9573293371273159,False
3244,1.119720157474105,93.57410881801125,0.9615402465819628,False
3245,1.162889182140164,93.59738287183082,0.9516951561825308,False
3246,1.2025799301861708,93.62123152135956,0.9420120691972758,False
3247,1.2391117691845555,93.6456400742115,0.9447575238393986,False
3248,1.2727370136388871,93.67059367059368,0.9392326113250912,False
3249,1.3036591528493573,93.6960773035776,0.9449170423339613,False
3250,1.3320449436720814,93.72207583915683,0.94910473488018,False
3251,1.3580327440142894,93.43486196668948,0.9571443905772875,False
3252,1.3817384363838874,93.80963198546115,0.9564535426275363,False
3253,1.4032597471855137,94.66151749204907,0.9079093031255902,False
3254,1.4226794632728799,94.37408119416487,0.9249589625953207,False
3255,1.4400678690375037,94.79905437352245,0.8708999789128669,False
3256,1.4554846186995187,94.79905437352245,0.8164086661019546,False
3257,1.4554846186995187,94.79905437352245,0.766803208077493,False
3258,1.4554846186995187,94.79905437352245,0.7177091810507387,False
3259,1.4689801899821937,94.79905437352245,0.6687525501939495,False
3260,1.4805970208522896,94.79905437352245,0.6198833318535469,False
3261,1.4903704012975747,94.79905437352245,0.5735999258817728,False
3262,1.4983291717683305,94.60823222587595,0.5442511415748429,False
3263,1.5044962656329393,94.6608040201005,0.5122180780259692,False
3264,1.5088891227230308,94.62847941108811,0.48349875730208847,False
3265,1.5115199934408408,93.75431331953071,0.4821032940855215,False
3266,1.5123961470876277,93.76581550494593,0.5175070591082164,False
3267,1.5115199934408408,94.62847941108811,0.49506846930503035,False
3268,1.5088891227230308,94.33216923341158,0.49411672803868323,False
3269,1.5044962656329393,94.75723729199909,0.47105304120684727,False
3270,1.4983291717683305,94.75723729199909,0.4508186666518837,False
3271,1.4903704012975747,94.75723729199909,0.48678012054091985,False
3272,1.4805970208522896,94.75723729199909,0.4714788006657575,False
3273,1.4689801899821937,94.55348943985308,0.46707847080461684,False
3274,1.4554846186995187,93.00964187327824,0.3656136595999045,False
3275,1.4400678690375037,94.57644628099173,0.36095145983445165,False
3276,1.42267946327288,94.523592432186,0.3584660327164546,False
3277,1.4032597471855137,94.72105918298065,0.3494687765732571,False
3278,1.3817384363838874,94.72105918298065,0.3949071524477507,False
3279,1.3580327440142892,94.72105918298065,0.390677328672906,False
3280,1.3320449436720814,94.72105918298065,0.3868103051237266,False
3281,1.3320449436720814,94.72105918298065,0.3835410396350132,False
3282,1.3320449436720814,94.72105918298065,0.381638581271266,False
3283,1.3320449436720814,94.72105918298065,0.3801225798357381,False
3284,1.303659152849357,94.523592432186,0.42831131986703147,False
3285,1.303659152849357,94.57644628099173,0.4322745435646495,False
3286,1.303659152849357,93.70982552800734,0.38745017309305146,False
3287,1.2727370136388871,94.40426997245179,0.39371505896651826,False
3288,1.2391117691845555,94.19720263553346,0.3940657330381953,False
3289,1.2025799301861708,94.24397625421953,0.39033045702594027,False
3290,1.1628891821401641,94.20417252695734,0.49695065953729645,False
3291,1.1628891821401641,93.44465423648808,0.4441606938258053,False
3292,1.1016315829206587,94.3150766306285,0.44696174223044205,False
3293,1.0318342631894606,94.31333017077799,0.45145340220145325,False
3294,0.9491689791397934,94.31226325757575,0.4578603675286898,False
3295,0.8332341082038748,94.27052569403426,0.45956763088596475,False
3296,0.8332341082038748,94.34162442532123,0.475541882841087,False
3297,0.8332341082038748,94.34162442532123,0.49944169105194536,False
3298,0.7881133310528374,93.52307331927852,0.4734423720070472,False
3299,0.7164037343212466,94.24016755876193,0.4761273981062856,False
3300,0.6318640827062832,94.2781181366316,0.48441180634176645,False
3301,0.5140912790181235,94.3162245952463,0.49269768048947,False
3302,0.5140912790181235,94.26550097779823,0.5030489613024207,False
3303,0.5140912790181235,94.2959207190597,0.514165698088817,False
3304,0.5140912790181235,93.42526894026093,0.48726175692220797,False
3305,0.5140912790181235,94.06182520740994,0.4893550873392332,False
3306,0.5140912790181235,94.30651168039725,0.49596518208189844,False
3307,0.560576942614533,94.63608043047296,0.49597239531397114,False
3308,0.603652249754401,94.62470010282189,0.49050861890829367,False
3309,0.6436394131461666,94.36806074900765,0.4960304023182817,False
3310,0.6807937753703206,92.87809929241213,0.4019633776645239,False
3311,0.6807937753703206,94.40832997756429,0.4014027969306188,False
3312,0.6807937753703206,94.45333028675883,0.39930977559166014,False
3313,0.6807937753703206,94.4983268107311,0.39529466875900054,False
3314,0.6807937753703206,94.54330442617412,0.3876503123484797,False
3315,0.6807937753703206,94.40252280662237,0.38482102018070297,False
3316,0.6807937753703206,93.63783753564041,0.364749689627547,False
3317,0.7153220528038851,93.49807122491195,0.393749052961106,False
3318,0.7153220528038851,93.62665623078213,0.37853374382994553,False
3319,0.7153220528038851,94.40252280662237,0.37617027788679974,False
3320,0.7473944462440387,93.73287862693576,0.3670266085924483,False
3321,0.7771529943226336,93.72169732207749,0.3588998219347424,False
3322,0.7771529943226336,94.5938391010231,0.34673359308685464,False
3323,0.7771529943226336,94.62000667631023,0.3324920348450641,False
3324,0.7771529943226336,94.646514975364,0.36788531512979944,False
3325,0.7771529943226336,94.4956164687604,0.3610206964897139,False
3326,0.7771529943226336,94.53372629705834,0.35326046059418015,False
3327,0.7771529943226336,94.5168839852892,0.3468739590631357,False
3328,0.804717519321077,94.20467868907376,0.348885673779886,False
3329,0.8301899714180443,94.54636984002686,0.3430241672723992,False
3330,0.9436063339556555,93.69056941492337,0.32592969148524326,False
3331,1.0236982481827188,94.36178543461237,0.3282203334621333,False
3332,1.090864890696142,94.36178543461237,0.3310509328559644,False
3333,1.1494318918359776,94.36178543461237,0.33587371446388414,False
3334,1.2014461200230289,94.262665011847,0.34636974904578854,False
3335,1.2481068205144499,94.24214838416022,0.3568944995736013,False
3336,1.2902007807553537,94.20472802386963,0.3668885694224031,False
3337,1.30962049684272,93.28092724351617,0.31023042895055886,False
3338,1.3270089026073437,93.98095019508837,0.3181019096471794,False
3339,1.3424256522693587,93.98095019508837,0.3257178938016547,False
3340,1.3559212235520337,93.98095019508837,0.33344370775312704,False
3341,1.3675380544221296,93.98095019508837,0.3384157759285507,False
3342,1.3675380544221296,93.98095019508837,0.34338494995769847,False
3343,1.3675380544221296,93.98095019508837,0.3483694520294088,False
3344,1.3675380544221296,93.28666513656185,0.29887325184820607,False
3345,1.3773114348674147,94.19899013082396,0.30564416990535537,False
3346,1.3773114348674147,94.23645880746473,0.3108958953309719,False
3347,1.4022346182456082,94.27394787318063,0.31508103344811167,False
3348,1.4332278865247239,94.3114442331357,0.3171687292881689,False
3349,1.4608248015713592,94.34893522626442,0.3181322214299507,False
3350,1.4683074126842999,94.38640862106884,0.31719794306400867,False
3351,1.4738989153366922,94.42385261092336,0.3151049681056574,False
3352,1.4776169519137876,94.46125580892684,0.3119227296252393,False
3353,1.4794731020725562,94.50396400257125,0.3049574229986577,False
3354,1.4794731020725562,94.58368734069668,0.2929443009925846,False
3355,1.4776169519137876,94.58368734069668,0.34891532519773394,False
3356,1.4738989153366922,94.58368734069668,0.3432008546211354,False
3357,1.4683074126842999,94.58368734069668,0.33746504274267347,False
3358,1.4852641811356104,94.58368734069668,0.3316900450073396,False
3359,1.498941259446481,94.58368734069668,0.32641611079935606,False
3360,1.489148966540959,94.58368734069668,0.32096059497220025,False
3361,1.477322818602089,94.58368734069668,0.31684172055665133,False
3362,1.4634190046135478,94.58368734069668,0.312801206711801,False
3363,1.447383961374643,94.58368734069668,0.3087943110422383,False
3364,1.4291529843613586,94.58368734069668,0.304772441613191,False
3365,1.408648411160687,94.58368734069668,0.3008149475155937,False
3366,1.3857772327036844,94.58368734069668,0.2969630614420404,False
3367,1.3604279187829045,94.58368734069668,0.2932827921040934,False
3368,1.3604279187829045,94.58368734069668,0.291100581049044,False
3369,1.3604279187829045,94.58368734069668,0.2893359067657603,False
3370,1.3604279187829045,94.58368734069668,0.28795161508342687,False
3371,1.3604279187829045,94.58368734069668,0.2869082185243548,False
3372,1.3324661355215683,94.58368734069668,0.2861643359000566,False
3373,1.301728854068539,94.3903743315508,0.29432603150760794,False
3374,1.2680160454788014,94.41033925686591,0.30073483995394595,False
3375,1.2310786130055862,93.5702746365105,0.32774753788049293,False
3376,1.190600186419197,94.22186322024771,0.33592624748106337,False
3377,1.1461683299371317,94.22186322024771,0.34244316831571486,False
3378,1.1461683299371317,94.22186322024771,0.3475286750131323,False
3379,1.1461683299371317,94.22186322024771,0.35137936814267373,False
3380,1.1461683299371317,94.22186322024771,0.3541673163033262,False
3381,1.1461683299371317,94.22186322024771,0.35604632228362226,False
3382,1.1751172867945407,94.22186322024771,0.3571562539425192,False
3383,1.1538530565800795,94.22186322024771,0.3576260567214561,False
3384,1.1261358508278747,94.22186322024771,0.35778045853781676,False
3385,1.0670056836533541,94.22186322024771,0.3577145841220538,False
3386,0.9992889743797904,94.22186322024771,0.35824140104171837,False
3387,0.9186594970880806,94.22186322024771,0.3587088598146311,False
3388,0.804717519321077,94.22186322024771,0.35912063035366176,False
3389,0.804717519321077,94.22186322024771,0.40377553943688266,False
3390,0.804717519321077,94.22186322024771,0.4026395980957463,False
3391,0.7771529943226336,94.22186322024771,0.4156712977468143,False
3392,0.7473944462440387,94.22186322024771,0.43058139327913364,False
3393,0.7473944462440387,94.01908686693417,0.4423847822159506,False
3394,0.7153220528038851,94.03253985586373,0.45134099762852165,False
3395,0.6807937753703206,93.19720462983184,0.41241565551508547,False
3396,0.6436394131461666,93.83053068355537,0.41425387417169945,False
3397,0.603652249754401,93.83053068355537,0.4402153425174423,False
3398,0.603652249754401,93.83053068355537,0.5696300310505426,False
3399,0.603652249754401,93.83053068355537,0.6732597652738752,False
3400,0.603652249754401,93.83053068355537,0.7615507672699596,False
3401,0.603652249754401,93.83053068355537,0.8426573328869101,False
3402,0.603652249754401,93.83053068355537,0.9143091935008717,False
3403,0.603652249754401,93.83053068355537,0.9536245211014733,False
3404,0.6436394131461666,93.83053068355537,1.0062401851170253,False
3405,0.6807937753703206,93.83053068355537,1.0524420776406442,False
3406,0.6807937753703206,93.83053068355537,1.0912464086562226,False
3407,0.6807937753703206,93.83053068355537,1.093809190726299,False
3408,0.6807937753703206,93.83053068355537,1.1180245796868309,False
3409,0.6807937753703206,93.16444638567373,1.1252978656340265,False
3410,0.6807937753703206,94.02708014850404,1.1463699063879693,False
3411,0.7153220528038851,94.44444444444444,1.1606334939791512,False
3412,0.7473944462440387,94.48789169947683,1.1724738996163504,False
3413,0.7771529943226336,94.53133369041242,1.1819754851288506,False
3414,0.804717519321077,94.47901707355992,1.19137514383725,False
3415,0.8301899714180443,94.72905883595648,1.1932009566367177,False
3416,0.8536576732793313,94.46895682319571,1.1951590457776828,False
3417,0.875195788740725,94.79732553280401,1.1947072247971686,False
3418,0.875195788740725,95.7010029251985,1.1357144351250619,False
3419,0.8536576732793313,95.73344379433543,1.0907510921754875,False
3420,0.8301899714180443,95.76575651816876,1.0372281053508448,False
3421,0.8301899714180443,95.83354530192807,0.9782631194375953,False
3422,0.9436063339556555,95.85694050991502,0.9163592181967186,False
3423,1.0236982481827188,95.53824362606233,0.8773847312805166,False
3424,1.0236982481827188,95.80635370295427,0.8177238412454918,False
3425,1.0236982481827188,95.80635370295427,0.7585477113133307,False
3426,1.0236982481827188,95.80635370295427,0.702521018823199,False
3427,1.090864890696142,94.95498214375534,0.6992674906547499,False
3428,1.1494318918359776,95.65413082616523,0.6606271190670847,False
3429,1.1706718933538656,95.67941132600805,0.6228840242402444,False
3430,1.1706718933538656,95.70482404112298,0.5835478520314699,False
3431,1.1706718933538656,95.73035916081167,0.5448854043403913,False
3432,1.1706718933538656,95.75600703262356,0.5065707446723717,False
3433,1.1706718933538656,95.78175816707927,0.4686376820557527,False
3434,1.1706718933538656,95.80760324199152,0.43099101823728986,False
3435,1.1899285414712581,95.83353310639114,0.3937361935767211,False
3436,1.1899285414712581,95.65942443300933,0.3750378828676292,False
3437,1.2072640872959293,95.93295771980493,0.33444374789710135,False
3438,1.222731822382257,95.24643719520856,0.3344434950328208,False
3439,1.236377240345227,96.12234269210738,0.2779674410956505,False
3440,1.236377240345227,95.98673300165838,0.24536831095875583,False
3441,1.236377240345227,96.01251718742591,0.21144341136007497,False
3442,1.236377240345227,96.00075904929076,0.18030537844840824,False
3443,1.222731822382257,95.19724749022011,0.22824380799763955,False
3444,1.2072640872959293,95.87957110081004,0.2191902342432615,False
3445,1.2072640872959293,95.90678636215638,0.21411051813310028,False
3446,1.222731822382257,95.93402023749019,0.24086038812774538,False
3447,1.236377240345227,95.9612648584148,0.2441515715028728,False
3448,1.2482389571842902,95.9885125586908,0.23950238735044344,False
3449,1.2583494426149708,96.0157558744963,0.23810333024906383,False
3450,1.2583494426149708,95.87936967940591,0.24228190662212495,False
3451,1.2583494426149708,95.9063533034461,0.24571771799195477,False
3452,1.2583494426149708,95.89748234015578,0.2826972176450724,False
3453,1.2583494426149708,95.888984470503,0.2828389657019737,False
3454,1.2964607361371667,95.8808618504436,0.28333389685362315,False
3455,1.3392246071829446,95.87311643060772,0.28447928774694353,False
3456,1.3773114348674147,95.6875876736504,0.28572866872047786,False
3457,1.3773114348674147,95.82334042264355,0.28857879943338755,False
3458,1.3773114348674147,95.82334042264355,0.2922349242205945,False
3459,1.3773114348674147,95.82334042264355,0.2966728637637068,False
3460,1.3773114348674147,95.7056880401828,0.3006353287494524,False
3461,1.3773114348674147,95.86859133897461,0.3064600701771686,False
3462,1.3773114348674147,95.83921979674612,0.31305256278184695,False
3463,1.3773114348674147,95.11680205608334,0.2765791026303407,False
3464,1.3773114348674147,95.72148038626808,0.2847229657439236,False
3465,1.3675380544221296,96.00018474897233,0.2912107902999209,False
3466,1.3559212235520337,95.2575785754138,0.27056523607134686,False
3467,1.3559212235520337,96.11082510413254,0.26861658212798517,False
3468,1.3559212235520337,95.91426030795151,0.27540895802240783,False
3469,1.3424256522693587,96.0593438479899,0.2766078937136381,False
3470,1.3270089026073437,96.0593438479899,0.2925469566298132,False
3471,1.30962049684272,96.0593438479899,0.2997016182591084,False
3472,1.2902007807553537,95.19959105906408,0.27531643214604357,False
3473,1.2686794699537274,95.92580630277304,0.2842582555581331,False
3474,1.2449737775841292,95.95034128911081,0.290751825654638,False
3475,1.2189859772419214,95.97489425569655,0.2956657644987511,False
3476,1.190600186419197,95.99945816589154,0.3265266414289859,False
3477,1.1596780472087271,96.02402617777578,0.3545829605593614,False
3478,1.1260528027543955,96.0485916433053,0.39088952004896993,False
3479,1.1260528027543955,96.07314810724856,0.4172064470132023,False
3480,1.1260528027543955,96.09768930591486,0.44146803498141485,False
3481,1.1260528027543955,96.12220916568742,0.6641678218251658,False
3482,1.1260528027543955,96.14670180137371,0.6738939482341822,False
3483,1.0805333164475432,96.17116151438495,0.6897580269746627,False
3484,1.0305279703180825,96.19558279075706,0.6999453993829313,False
3485,1.0305279703180825,96.21996029902436,0.7086531241364098,False
3486,1.0305279703180825,96.18979754369786,0.7171583484626746,False
3487,1.0305279703180825,96.18560590183175,0.7277912090132057,False
3488,0.9752462395674342,96.21996029902436,0.7322939543625623,False
3489,0.9134853951751389,96.19558279075706,0.8519884077235839,False
3490,0.8749177494187964,95.47228058140034,0.8891029038808547,False
3491,0.8749177494187964,96.31517560153786,0.9198736021945427,False
3492,0.8749177494187964,96.31517560153786,0.9467842532493176,False
3493,0.9134853951751389,96.31517560153786,0.9702737810653824,False
3494,0.9491912500871044,96.31517560153786,0.9910652583621649,False
3495,0.9491912500871044,96.31517560153786,1.0091008484759358,False
3496,0.9134853951751389,95.40796638511341,1.0190360578538888,False
3497,0.9134853951751389,95.40840364929113,1.0590387495341,False
3498,0.8749177494187964,95.26583808044191,1.0568619530179453,False
3499,0.8332341082038748,95.3171877038132,1.055344945754424,False
3500,0.7881133310528374,95.29087086034694,1.0521016879812721,False
3501,0.7881133310528374,93.72262134221133,0.9339983098760453,False
3502,0.7881133310528374,95.29525144559314,0.9312999892211382,False
3503,0.7881133310528374,95.15945330296128,0.9221547249151428,False
3504,0.7881133310528374,95.23830383739268,0.9154137029515336,False
3505,0.7881133310528374,95.23830383739268,0.9082759221327382,False
3506,0.7391385203526044,95.23830383739268,0.9220810491192862,False
3507,0.6857486151292824,95.16821447345366,0.9118304323810028,False
3508,0.6271502454482835,95.29087086034694,0.9058945129810823,False
3509,0.5621380056254565,93.76642719467321,0.7923512080598069,False
3510,0.48865925334338955,94.41823552753407,0.7443019991088732,False
3511,0.48865925334338955,94.47996120100525,0.7012373294211504,False
3512,0.48865925334338955,94.47996120100525,0.6598310356072374,False
3513,0.5621380056254565,94.47996120100525,0.6417894701509095,False
3514,0.6271502454482835,94.47996120100525,0.6056017358826238,False
3515,0.5541015302865538,94.47996120100525,0.571696019386985,False
3516,0.46824757305098735,94.41382655085755,0.5349734913596607,False
3517,0.3491843735073079,93.81461363238128,0.46210888553552015,False
3518,0.3491843735073079,94.4760820045558,0.43542780151721583,False
3519,0.3491843735073079,94.4760820045558,0.4114843334165715,False
3520,0.3491843735073079,94.4760820045558,0.3935678136971874,False
3521,0.3491843735073079,94.4760820045558,0.37633818260700963,False
3522,0.3491843735073079,94.4760820045558,0.361935870798915,False
3523,0.3491843735073079,94.4760820045558,0.35032700224886987,False
3524,0.3491843735073079,94.4760820045558,0.3415992124805839,False
3525,0.3491843735073079,94.4760820045558,0.3348365378863151,False
3526,0.3491843735073079,93.8102330471351,0.3287922278508682,False
3527,0.3491843735073079,94.61188014718766,0.3308537634432644,False
3528,0.3491843735073079,94.65117291204248,0.3335236208951015,False
3529,0.3491843735073079,94.62988585264614,0.3359544535237852,False
3530,0.3491843735073079,94.81981014561231,0.3345372932060644,False
3531,0.3491843735073079,94.64285714285714,0.33629267993929995,False
3532,0.3491843735073079,94.65987726857293,0.34538345325424114,False
3533,0.3491843735073079,93.8547242895069,0.30922978902865783,False
3534,0.3491843735073079,94.5162553858206,0.31553717713749796,False
3535,0.3491843735073079,94.5162553858206,0.32245738934700363,False
3536,0.3491843735073079,94.5162553858206,0.329844795528243,False
3537,0.3491843735073079,93.68614898934537,0.2889500722711074,False
3538,0.3491843735073079,94.5403948937674,0.2984282197183356,False
3539,0.3491843735073079,94.49184386189823,0.30825220784288576,False
3540,0.3491843735073079,94.66047334660473,0.31430700447268733,False
3541,0.3491843735073079,94.63482019517846,0.3870847591205673,False
3542,0.3491843735073079,94.60927330670138,0.387388419591776,False
3543,0.46824757305098735,94.58384194583842,0.38743646651221386,False
3544,0.5541015302865538,94.32485322896282,0.38885986744983964,False
3545,0.6271502454482835,94.38819918457098,0.38868034095248744,False
3546,0.6917244835981394,93.57277016812498,0.33690962985107975,False
3547,0.6917244835981394,94.23702414219616,0.3868705073630273,False
3548,0.6917244835981394,94.23702414219616,0.38598502368687426,False
3549,0.6917244835981394,94.23702414219616,0.38495672957008964,False
3550,0.6917244835981394,94.23702414219616,0.39291565270785056,False
3551,0.6917244835981394,94.23702414219616,0.39410160313193293,False
3552,0.6917244835981394,94.03866562081853,0.43393920459170315,False
3553,0.6917244835981394,94.1121799340118,0.4300930782151445,False
3554,0.6271502454482835,94.08433565779005,0.42673304691196645,False
3555,0.5541015302865538,94.05665268416836,0.42260877598085517,False
3556,0.5541015302865538,94.02914234182923,0.41778290643816535,False
3557,0.5541015302865538,94.00181618314774,0.41104577636321066,False
3558,0.5541015302865538,93.97468598103855,0.4037652084008653,False
3559,0.5541015302865538,93.94776372534767,0.43417978287170916,False
3560,0.6271502454482835,93.92106161877348,0.4268905450901133,False
3561,0.6917244835981394,93.22167100545214,0.3596351579888363,False
3562,0.7498765864518436,94.02165850763981,0.3574299958949791,False
3563,0.7498765864518436,94.04084862271895,0.38980559394731423,False
3564,0.7498765864518436,93.99634043815836,0.38920777465826273,False
3565,0.7498765864518436,94.18483904465212,0.3891978702917046,False
3566,0.7498765864518436,94.16185546486163,0.3920323193371201,False
3567,0.7498765864518436,93.28090782400956,0.3581088380445742,False
3568,0.7498765864518436,93.98765677881744,0.36530716872927754,False
3569,0.7498765864518436,93.98765677881744,0.3734865346506171,False
3570,0.8028116417452926,93.7083604668637,0.3731691553612425,False
3571,0.8513226827573213,93.85460778382739,0.3807243145383239,False
3572,0.8959704136014894,93.15610572776622,0.3365396820734031,False
3573,0.9371713531760616,93.92485195017358,0.348248829021537,False
3574,0.9371713531760616,94.12154921671684,0.3593344222203738,False
3575,0.9371713531760616,94.10073419931201,0.3712349764121519,False
3576,0.9929563290994997,94.0802727413606,0.3841798478238097,False
3577,1.0434758622197662,94.06017772696565,0.39624248039775933,False
3578,1.0895209637560108,94.04046212556851,0.4155405496077245,False
3579,1.1316501862018717,93.16221443881018,0.39391326115269304,False
3580,1.17027775595384,93.85749385749386,0.40964579947719204,False
3581,1.2057219651274376,93.85749385749386,0.4128015769463898,False
3582,1.2382339767869435,93.85749385749386,0.4367142008964381,False
3583,1.2680160454788014,93.18312509801872,0.40993318550356983,False
3584,1.301728854068539,93.69511489719724,0.4242837591542707,False
3585,1.3324661355215683,93.85278201019283,0.43886613221002246,False
3586,1.3604279187829045,94.0528056270012,0.45868397516922715,False
3587,1.3857772327036844,93.34846645198755,0.4619196173971284,False
3588,1.410469497157276,94.17635504592026,0.47172314614702554,False
3589,1.4326648482653093,94.19905615356063,0.48183771947917486,False
3590,1.4524737111892643,94.22231636922099,0.49811796440473366,False
3591,1.4699878894344567,94.24612618329895,0.510815458318841,False
3592,1.4699878894344567,94.27047578813962,0.5212709721980153,False
3593,1.4699878894344567,94.2953550904202,0.5288047638946716,False
3594,1.4699878894344567,94.3207537238802,0.5214852705804403,False
3595,1.4699878894344567,94.34666106236537,0.5289480130021665,False
3596,1.4699878894344567,94.37306623315328,0.5408201485948096,False
3597,1.4699878894344567,94.36332234259696,0.6241316905284231,False
3598,1.4699878894344567,94.52133493497676,0.6863799633890121,False
3599,1.4699878894344567,94.51005091061775,0.7376227048047221,False
3600,1.4699878894344567,94.49923527240125,0.7952272475672734,False
3601,1.4699878894344567,93.7841131895501,0.8497301463866508,False
3602,1.4699878894344567,94.65474098919235,0.8864743114714024,False
3603,1.4699878894344567,93.8410386320456,0.9272785344182323,False
3604,1.4524737111892643,94.58017263928852,0.9272197641480254,False
3605,1.4326648482653093,94.58017263928852,0.9640111341952106,False
3606,1.410469497157276,93.46192253113996,0.9931895650697745,False
3607,1.410469497157276,94.62541576474315,1.0215086882746238,False
3608,1.4326648482653093,94.64858329390738,1.0466723644091525,False
3609,1.4524737111892643,94.68781074998691,1.067468042962617,False
3610,1.4699878894344567,94.84783630004698,1.0889148381013767,False
3611,1.485283726758245,94.84168588802684,1.1079860754029862,False
3612,1.4984244813325356,94.83602674106437,1.1237844716997434,False
3613,1.5094621252684286,94.83086680761099,1.1186930829494501,False
3614,1.5184387137728148,94.15760148580526,1.1432391920941123,False
3615,1.5253874232579383,94.9232900063925,1.158380219953409,False
3616,1.5253874232579383,95.05018853895587,1.1692044431512925,False
3617,1.5413427890574958,95.86331894024202,1.1405836816693742,False
3618,1.545378825051491,95.88182156331368,1.1130341169362068,False
3619,1.547393175014927,95.86356654838197,1.087245363529721,False
3620,1.547393175014927,96.0200580628134,1.0521934390260446,False
3621,1.534279692145678,96.01694915254237,1.018434108973202,False
3622,1.5183593905083004,96.0142424403465,0.9859550247224537,False
3623,1.5004659065178618,96.01194284495628,0.9547489233895775,False
3624,1.4995196245467155,95.3468470877681,0.9546852868900684,False
3625,1.4966777416164074,96.1480686695279,0.9158767164559087,False
3626,1.4919310878474152,96.16802950136284,0.8770749330304558,False
3627,1.4852641811356104,96.18824531516184,0.8383854601970993,False
3628,1.4766549183659508,96.20870671827774,0.8004387246419591,False
3629,1.4766549183659508,96.2029995775243,0.764843041591705,False
3630,1.489148966540959,96.33973179069156,0.7208270020602049,False
3631,1.489148966540959,96.34062747165832,0.6788274278289288,False
3632,1.489148966540959,96.34191467991754,0.6408885563221152,False
3633,1.489148966540959,95.67060569127233,0.6397261799667827,False
3634,1.489148966540959,96.4890848249854,0.5703150901870325,False
3635,1.489148966540959,96.50966311120499,0.5250335535761579,False
3636,1.489148966540959,96.53561492835021,0.4904958305023917,False
3637,1.498941259446481,96.55640196180737,0.477580512943938,False
3638,1.5067348178150048,96.55983687980341,0.43908060862913334,False
3639,1.5125568756434098,96.56364588789943,0.40287860553791766,False
3640,1.5164273757656148,96.56782996588822,0.3690283000779518,False
3641,1.5183593905083004,96.57238986436758,0.3372146395643835,False
3642,1.5183593905083004,96.57732610183771,0.3076224409998278,False
3643,1.5164273757656148,96.5826389621348,0.28046458944825786,False
3644,1.5125568756434098,96.5883284922102,0.2560146989621062,False
3645,1.4919310878474152,96.59439450026441,0.23662492588815265,False
3646,1.4683074126842999,96.60083655424366,0.22017239470319866,False
3647,1.4414990016406422,96.60765398070603,0.20640431173122895,False
3648,1.411268792775777,96.61484586406324,0.24624957109654855,False
3649,1.4022346182456082,96.62241104620287,0.23744329090622407,False
3650,1.3913345861436042,96.63034812649482,0.22913010837581357,False
3651,1.41098399809997,96.63865546218487,0.22101240461770857,False
3652,1.4267547652077353,96.64733116917674,0.24956389279885471,False
3653,1.4267547652077353,96.65637312320307,0.24406366863651424,False
3654,1.4267547652077353,96.66577896138482,0.2389104010134135,False
3655,1.4267547652077353,96.67554608417687,0.23999658340215924,False
3656,1.4267547652077353,95.99893446989877,0.22072977937771854,False
3657,1.4400831784759722,96.5423548215237,0.2271231066581912,False
3658,1.4514270347987221,96.5423548215237,0.23390177692076428,False
3659,1.4608248015713592,96.5423548215237,0.24101742740146023,False
3660,1.4683074126842999,96.5423548215237,0.24843601515792416,False
3661,1.4738989153366922,96.5423548215237,0.25610620588284877,False
3662,1.4776169519137876,96.5423548215237,0.26272798627015703,False
3663,1.4794731020725562,96.5423548215237,0.2682183412841214,False
3664,1.5004659065178618,96.5423548215237,0.27294280640700197,False
3665,1.5183593905083004,96.5423548215237,0.277031700967008,False
3666,1.5183593905083004,96.5423548215237,0.28058027586568585,False
3667,1.5183593905083004,96.5423548215237,0.28295733832820996,False
3668,1.5183593905083004,95.88106783183247,0.2404763499402439,False
3669,1.5164273757656148,96.44037088351274,0.24125070039925106,False
3670,1.5125568756434098,96.45121756274311,0.2419184076950204,False
3671,1.5067348178150048,96.46244006393181,0.2424957456831049,False
3672,1.5067348178150048,95.94673768308921,0.22152313017999176,False
3673,1.5067348178150048,96.61377915025024,0.22548680478312902,False
3674,1.5067348178150048,96.60738858897004,0.22760973692811864,False
3675,1.5067348178150048,96.74347643097643,0.23009876326798195,False
3676,1.5067348178150048,96.75587570324413,0.23112320957513036,False
3677,1.5125568756434098,96.76860025220681,0.2585044558062981,False
3678,1.4966777416164074,96.78164540347561,0.254532982646559,False
3679,1.4966777416164074,96.79500629458666,0.24973002131010913,False
3680,1.4966777416164074,96.80867788083634,0.24458707619799985,False
3681,1.4966777416164074,96.82265494137353,0.23907043690590646,False
3682,1.4995196245467155,96.81226618894567,0.23459102447339086,False
3683,1.5004659065178618,96.79677556215528,0.2307838557804909,False
3684,1.5004659065178618,96.78676274352816,0.22802857809944935,False
3685,1.5004659065178618,96.77696605070906,0.22627493357752873,False
3686,1.5004659065178618,96.76739283204498,0.2225850268558151,False
3687,1.4995196245467155,96.7580504786771,0.22165103102153225,False
3688,1.4966777416164074,96.74894641782059,0.2210478399406197,False
3689,1.4919310878474152,96.74008810572687,0.22074020375440048,False
3690,1.4966777416164074,96.73148302033128,0.22069318665713414,False
3691,1.4776169519137876,96.72313865358895,0.22087287030031666,False
3692,1.4552013979602214,96.24418409103649,0.20509904413564753,False
3693,1.429206268217279,96.83130356337392,0.2628563980411612,False
3694,1.3993371806574677,96.79494413723056,0.26015025880376147,False
3695,1.3652016755898781,96.91134952004518,0.2528305267575789,False
3696,1.3262610770456722,96.90534325137698,0.24653627261863928,False
3697,1.2817425764699486,96.0843202810676,0.21137814262361254,False
3698,1.278417365535648,96.79954763924229,0.2098331283281258,False
3699,1.278417365535648,96.81805359661494,0.2092576970882808,False
3700,1.278417365535648,96.83683232959982,0.20906456821234373,False
3701,1.278417365535648,96.85587558250519,0.2092906115875728,False
3702,1.278417365535648,96.87517500140001,0.20763858814191097,False
3703,1.278417365535648,96.89472214465233,0.21664583631963477,False
3704,1.2734192269994746,96.91450849345586,0.22424587620273084,False
3705,1.2667356005770385,96.93452546232021,0.23052209401124954,False
3706,1.2583494426149708,96.852502929851,0.249746395804533,False
3707,1.2482389571842902,96.91022262098357,0.26673198604276194,False
3708,1.2363772403452271,96.90686799256297,0.28165901600010185,False
3709,1.222731822382257,96.90383200316975,0.29650055766036926,False
3710,1.2072640872959293,96.90112014556206,0.3112459845561271,False
3711,1.1899285414712581,96.89873779199269,0.3258885448889647,False
3712,1.132529774880598,96.89669018528079,0.34042419443977767,False
3713,1.066503202885787,96.02720932891278,0.31160230184804194,False
3714,1.046078320219219,96.7876060830438,0.328539157885452,False
3715,1.0236982481827188,96.81080467597322,0.3449828322077834,False
3716,0.9992889743797904,96.83419074000791,0.36093390246995344,False
3717,0.9727642516015449,96.85775425160492,0.3761797105275501,False
3718,0.9727642516015449,96.88148522070783,0.3908292045379983,False
3719,0.9727642516015449,96.90537370126243,0.3906453713863394,False
3720,0.9727642516015449,96.92940980141292,0.40706514758904094,False
3721,0.9727642516015449,96.95358369336435,0.4214055990438184,False
3722,0.9727642516015449,96.6856008382507,0.43299741812205744,False
3723,0.9992889743797904,97.12858240913583,0.443733876859229,False
3724,1.0236982481827188,97.12858240913583,0.45173739007644576,False
3725,0.9665364727522964,97.12858240913583,0.4587001327533541,False
3726,0.8536576732793313,96.40386515866915,0.45872677777725546,False
3727,0.8301899714180443,97.26583946414846,0.45753732546679254,False
3728,0.804717519321077,97.28917308848445,0.4561351381892596,False
3729,0.7771529943226336,97.31258840169731,0.4468829687166884,False
3730,0.7473944462440387,97.33607666901294,0.44717514251950263,False
3731,0.7153220528038851,97.35962927039552,0.44952420851303515,False
3732,0.6807937753703206,97.38323770711567,0.4439292606205263,False
3733,0.6807937753703206,97.40689360793938,0.4375606640528663,False
3734,0.6807937753703206,97.43058873493656,0.43089347264748906,False
3735,0.6807937753703206,97.45431498890885,0.4229516711306869,False
3736,0.6807937753703206,97.47806441443808,0.4172204652965399,False
3737,0.6807937753703206,97.50182920455734,0.40924544261197143,False
3738,0.6807937753703206,97.52560170504756,0.395524111274059,False
3739,0.6807937753703206,97.17487620536878,0.39764537626977614,False
3740,0.6807937753703206,97.6012542461458,0.38166355368565025,False
3741,0.6807937753703206,97.60648027175333,0.3655669328476134,False
3742,0.6807937753703206,97.57537754088938,0.35194248885228135,False
3743,0.6807937753703206,97.6751475889452,0.36553714367673074,False
3744,0.6807937753703206,97.68014243820696,0.3530346906468563,False
3745,0.6807937753703206,97.68540387340576,0.339267220935704,False
3746,0.6807937753703206,97.69093204292027,0.326947032331953,False
3747,0.6807937753703206,97.69672692773942,0.3148184422948931,False
3748,0.6436394131461666,97.70278833967046,0.3052585296890433,False
3749,0.603652249754401,97.47632400402095,0.30566519434325795,False
3750,0.560576942614533,97.80050879796481,0.29009068826336826,False
3751,0.560576942614533,96.89372437716808,0.30996830600392644,False
3752,0.560576942614533,97.70666110705723,0.3047940169303298,False
3753,0.560576942614533,97.73103163117635,0.29973936554759373,False
3754,0.560576942614533,97.75522755227553,0.2941928957986884,False
3755,0.560576942614533,97.75383677202967,0.28955482358800216,False
3756,0.560576942614533,97.84339413483825,0.32381764149784337,False
3757,0.560576942614533,97.84339413483825,0.31709998664902966,False
3758,0.560576942614533,97.6695775792039,0.3174789332243557,False
3759,0.560576942614533,97.77470841006753,0.31589434244067577,False
3760,0.5140912790181235,97.75796309658799,0.31567575651055946,False
3761,0.4637773498877516,97.74119846297643,0.3169615710280489,False
3762,0.40907313904382653,97.72441933458883,0.31863256795012507,False
3763,0.3491843735073079,96.91715851602024,0.28209782288087404,False
3764,0.2829047929798921,97.83416498566727,0.28162544135832074,False
3765,0.2829047929798921,97.7598471175284,0.28491064298304464,False
3766,0.2829047929798921,97.78638921329228,0.28400810103964624,False
3767,0.2829047929798921,97.7598471175284,0.2944831862936048,False
3768,0.2829047929798921,97.82885656651449,0.3024678794077243,False
3769,0.2829047929798921,97.80478663596938,0.31036654137513037,False
3770,0.2829047929798921,97.78053785505995,0.318423348618707,False
3771,0.2829047929798921,96.9827351451446,0.28760357317112945,False
3772,0.2829047929798921,97.8578490607492,0.29249885795741554,False
3773,0.2829047929798921,97.85804746434668,0.296962023936361,False
3774,0.2829047929798921,97.85848327629981,0.2996858973536761,False
3775,0.2829047929798921,97.85915804613597,0.32013909004274627,False
3776,0.3491843735073079,96.93770960470614,0.28567734999619854,False
3777,0.40907313904382653,97.77632082172322,0.3145296051038254,False
3778,0.4637773498877516,97.80118356045388,0.34948536936381464,False
3779,0.5140912790181235,97.82596968225711,0.37858102938845967,False
3780,0.560576942614533,97.85067266977542,0.37811776422539395,False
3781,0.603652249754401,97.87528622397359,0.4118223057173391,False
3782,0.6436394131461666,97.89980426387346,0.42989701795575325,False
3783,0.6807937753703206,97.92422092595513,0.46145777641877495,False
3784,0.6807937753703206,97.9485305632406,0.4881793293186579,False
3785,0.6807937753703206,97.97272774407632,0.5108882950769708,False
3786,0.6807937753703206,97.8680673567125,0.5325765970716024,False
3787,0.7153220528038851,98.10770725719838,0.5442458441193162,False
3788,0.7153220528038851,98.10770725719838,0.5404915862223277,False
3789,0.7153220528038851,98.10770725719838,0.555379949989492,False
3790,0.7153220528038851,98.10770725719838,0.5707737056038319,False
3791,0.7153220528038851,98.10770725719838,0.5925753254581312,False
3792,0.7153220528038851,98.10770725719838,0.5896271403377717,False
3793,0.7153220528038851,98.10770725719838,0.6034820216801102,False
3794,0.7153220528038851,98.10770725719838,0.6165788757558138,False
3795,0.7153220528038851,97.32010433181608,0.6193752532777581,False
3796,0.7153220528038851,98.20999335140388,0.6257599285202884,False
3797,0.7153220528038851,98.45599065468028,0.6246275693464588,False
3798,0.7153220528038851,98.57459454014304,0.6174068881836532,False
3799,0.7153220528038851,98.57459454014304,0.6104102012252361,False
3800,0.7153220528038851,97.77374836305027,0.6197168445282553,False
3801,0.7153220528038851,98.68540344514959,0.60569582336987,False
3802,0.830774222099454,98.56949932476367,0.6000706920352671,False
3803,0.9129467467841514,98.78811959868878,0.5821558740749329,False
3804,0.9822408213425595,98.78811959868878,0.56482607979056,False
3805,1.0429842335712594,98.78811959868878,0.5480999755901209,False
3806,1.0972261621017096,98.78811959868878,0.5311662166030862,False
3807,1.1461683299371317,98.78811959868878,0.5168988520841542,False
3808,1.190600186419197,97.97357703387306,0.5184141188524467,False
3809,1.2310786130055862,98.87255388894407,0.5001370263092854,False
3810,1.2680160454788014,98.91693163751987,0.4782088415543509,False
3811,1.301728854068539,99.05702516253908,0.4494621731060584,False
3812,1.3324661355215683,98.14459373000639,0.45116289310683455,False
3813,1.3604279187829045,98.97027963496168,0.43178113262672807,False
3814,1.3857772327036844,98.97894991531575,0.4132189395855543,False
3815,1.408648411160687,98.98757257329302,0.3954713148354346,False
3816,1.4291529843613586,98.96760074218564,0.3790348507660252,False
3817,1.4291529843613586,99.03769045709703,0.362341200104607,False
3818,1.4291529843613586,99.04445173076023,0.34613674406843875,False
3819,1.4291529843613586,99.05120692060834,0.32945996841886177,False
3820,1.4291529843613586,99.0579542830755,0.31343238138869717,False
3821,1.4291529843613586,99.06469212782541,0.2981579913176006,False
3822,1.4291529843613586,99.07141881742456,0.28385473735011907,False
3823,1.4291529843613586,99.07813276695738,0.3020984934896751,False
3824,1.4291529843613586,99.0848324435871,0.29420361064197303,False
3825,1.4291529843613586,99.09151636606546,0.2861653360504761,False
3826,1.447383961374643,99.09818310419521,0.28274962338184856,False
3827,1.4634190046135478,99.10483127824828,0.2801346906851273,False
3828,1.477322818602089,99.11145955834313,0.27795505407637944,False
3829,1.489148966540959,99.11806666378453,0.2760097068785589,False
3830,1.498941259446481,99.03883286848315,0.2777243794501624,False
3831,1.5067348178150048,99.18657638090372,0.27336597694728093,False
3832,1.5125568756434098,99.163745406935,0.27346074378427254,False
3833,1.5125568756434098,99.22094240837697,0.27119408204109857,False
3834,1.5125568756434098,99.22677198087716,0.2688180487687252,False
3835,1.5125568756434098,99.23257828939225,0.2663653328905152,False
3836,1.5125568756434098,99.1851275541542,0.2661513519059842,False
3837,1.4919310878474152,99.28882025439916,0.26128573545713835,False
3838,1.4683074126842999,99.28882025439916,0.2568417733515452,False
3839,1.4414990016406422,99.28882025439916,0.25412951435395625,False
3840,1.411268792775777,99.28882025439916,0.2516584568844049,False
3841,1.3773114348674147,99.28882025439916,0.2492905218017783,False
3842,1.3392246071829446,99.28882025439916,0.24697586387147863,False
3843,1.296460736137167,98.50042670784737,0.20453448794068022,False
3844,1.2482389571842902,99.37416182387126,0.19759797982714564,False
3845,1.1933654824135869,99.34706380234573,0.1927173675145111,False
3846,1.129798482836793,99.39641044090018,0.2379641488908348,False
3847,1.0532169913190044,99.40096005077955,0.23500301921283007,False
3848,0.9432261548473415,99.40548840505532,0.23222908397967004,False
3849,0.9432261548473415,99.40999492048607,0.22837066846804066,False
3850,0.9432261548473415,99.41447904145178,0.22702637444312818,False
3851,0.9432261548473415,99.38045946049948,0.2273248990140481,False
3852,0.9432261548473415,99.45774620995151,0.2241198511145271,False
3853,0.9432261548473415,99.45774620995151,0.2212029393710571,False
3854,0.9432261548473415,99.45774620995151,0.21768304378340692,False
3855,0.9432261548473415,99.45774620995151,0.21453141912379914,False
3856,0.9432261548473415,99.45774620995151,0.21170226176567325,False
3857,0.9432261548473415,99.45774620995151,0.2092200237578617,False
3858,0.9432261548473415,99.45774620995151,0.25388497605179877,False
3859,0.9559312637896478,99.45774620995151,0.25494629267184327,False
3860,0.9669852958320848,99.45774620995151,0.2561781319470988,False
3861,0.976414308115487,99.45774620995151,0.25762806163758784,False
3862,0.9842399889605549,99.45774620995151,0.25909942258740776,False
3863,0.9842399889605549,99.45774620995151,0.2598008961341034,False
3864,0.9842399889605549,99.45774620995151,0.2620821758369952,False
3865,0.9842399889605549,99.45774620995151,0.2642564054774876,False
3866,0.9842399889605549,98.69018978882652,0.2203929359226231,False
3867,0.9842399889605549,99.53030129453546,0.21984232526019223,False
3868,0.9842399889605549,99.53389669938232,0.21921667800847214,False
3869,0.9842399889605549,99.49986838641748,0.21984588592197532,False
3870,0.9842399889605549,99.56714802791149,0.2179704965749288,False
3871,0.976414308115487,99.56714802791149,0.21626059977095322,False
3872,0.9669852958320848,99.56714802791149,0.21471096215418012,False
3873,0.9559312637896478,99.56714802791149,0.21331582910934363,False
3874,0.9432261548473415,99.56714802791149,0.21296513554771815,False
3875,0.9288391461883214,99.56714802791149,0.2126213034321037,False
3876,0.9127341558073343,99.56714802791149,0.21231080663595364,False
3877,0.8948692308065574,99.56714802791149,0.21146528856264946,False
3878,0.9127341558073343,98.79473114668458,0.15101894444564068,False
3879,0.9288391461883214,99.63058323071756,0.14561119603243095,False
3880,0.9432261548473415,99.63342837042248,0.14017685430662974,False
3881,0.9559312637896478,99.63625675129515,0.13475965781540689,False
3882,0.9669852958320848,99.63906813956032,0.20595121784590245,False
3883,0.976414308115487,99.61292189704446,0.20548737987335775,False
3884,0.9842399889605549,99.66258659679099,0.2031260984358059,False
3885,1.0916362019205923,99.66258659679099,0.20018655753875028,False
3886,1.1655498193580116,99.66258659679099,0.19857202556254694,False
3887,1.2206340886225493,99.66258659679099,0.19594686417377277,False
3888,1.2667356005770385,99.66258659679099,0.25311594350089944,False
3889,1.305875511291131,99.66258659679099,0.2508487852673052,False
3890,1.3392246071829446,99.66258659679099,0.24876531397397628,False
3891,1.3675380544221296,99.66258659679099,0.24686132917427736,False
3892,1.3913345861436042,99.66258659679099,0.24513207750010757,False
3893,1.41098399809997,99.66258659679099,0.24357227111456412,False
3894,1.4400831784759722,99.66258659679099,0.24217050833440484,False
3895,1.4660741214574515,99.66258659679099,0.24092952080174615,False
3896,1.4660741214574515,99.66258659679099,0.2398421732200242,False
3897,1.4660741214574515,99.66258659679099,0.23936443800173096,False
3898,1.4660741214574515,99.66258659679099,0.2389559426432692,False
3899,1.4660741214574515,99.66258659679099,0.23861142227267174,False
3900,1.4660741214574515,99.66258659679099,0.23834173198810502,False
3901,1.4660741214574515,99.66258659679099,0.23811493557806684,False
3902,1.4660741214574515,98.89084317455759,0.17592561600590703,False
3903,1.4660741214574515,99.71642916113285,0.17367813253213113,False
3904,1.4660741214574515,99.71863090786053,0.17151145608329935,False
3905,1.4660741214574515,99.69254691310033,0.17034490888292259,False
3906,1.4660741214574515,99.73351099267155,0.16793049429316506,False
3907,1.4660741214574515,99.69254691310033,0.16701784735956374,False
3908,1.4660741214574515,98.87620595822878,0.031553907611296964,False
3909,1.4660741214574515,99.64307170371417,0.031958604306746574,False
3910,1.4660741214574515,99.64307170371417,0.032415122649991246,False
3911,1.4660741214574515,99.64307170371417,0.032917513541514766,False
3912,1.4660741214574515,99.64307170371417,0.032287211216086346,False
3913,1.4660741214574515,99.64307170371417,0.19089673174803568,False
3914,1.4660741214574515,99.64307170371417,0.1911538920752402,False
3915,1.4660741214574515,99.64307170371417,0.19133096556228138,False
3916,1.4660741214574515,99.64307170371417,0.19144622356400767,False
3917,1.4660741214574515,99.64307170371417,0.1914932782295194,False
3918,1.4660741214574515,99.64307170371417,0.19149300815641268,False
3919,1.4660741214574515,99.64307170371417,0.19172777478929984,False
3920,1.4534849141043304,99.64307170371417,0.1919132813553678,False
3921,1.438841894200673,99.64307170371417,0.1920523933780303,False
3922,1.4220900521936763,99.64307170371417,0.19214793304963024,False
3923,1.4031633649036754,99.64307170371417,0.19220268599654014,False
3924,1.3819829643540342,99.64307170371417,0.19221940748530383,False
3925,1.3584547364298434,99.64307170371417,0.19220082811748923,False
3926,1.3324661355215683,99.64307170371417,0.1921496590527292,False
3927,1.3038818925522597,99.64307170371417,0.19206859679226335,False
3928,1.2725381154419293,99.64307170371417,0.1919603275489727,False
3929,1.2382339767869435,99.64307170371417,0.19182753122430857,False
3930,1.2382339767869435,99.64307170371417,0.19167288500754334,False
3931,1.2382339767869435,99.64307170371417,0.19448014107074615,False
3932,1.2382339767869435,99.60109698329593,0.19481139114049217,False
3933,1.2382339767869435,98.78548277949923,0.0513159301610625,False
3934,1.2382339767869435,99.5441108380525,0.05347093896709311,False
3935,1.2382339767869435,99.5441108380525,0.19186747013788286,False
3936,1.2382339767869435,99.5441108380525,0.1917279714085947,False
3937,1.2382339767869435,99.5441108380525,0.1917435056775604,False
3938,1.2382339767869435,99.5441108380525,0.19162575655233002,False
3939,1.200719639829801,99.5441108380525,0.19141815009010033,False
3940,1.1596780472087271,99.5441108380525,0.19129174415608693,False
3941,1.114696123966521,99.5441108380525,0.19124800021520863,False
3942,1.0652163930664527,99.5441108380525,0.1912882751582297,False
3943,1.0104488493066097,99.5441108380525,0.19139578016147035,False
3944,0.9491912500871044,99.5441108380525,0.191302071603868,False
3945,0.8793939303559065,99.5441108380525,0.19124229067764548,False
3946,0.8431953160789711,99.5441108380525,0.19121374593091578,False
3947,0.804144968682279,99.5441108380525,0.19112471351664745,False
3948,0.7619882811604883,99.5441108380525,0.19118540960501026,False
3949,0.7164037343212466,99.5441108380525,0.19123886267146875,False
3950,0.6669740736911405,99.5441108380525,0.19121308599064935,False
3951,0.6131379016405238,99.4047619047619,0.18816229121580222,False
3952,0.5541015302865538,99.49821306090033,0.1878197544957049,False
3953,0.48865925334338955,99.49483936618695,0.18749479709605332,False
3954,0.41475814399911126,99.45417246684738,0.18683773445911997,False
3955,0.32806688317929317,98.70762868325825,0.029838602499351552,False
3956,0.208180945557171,99.52731874348667,0.030553600704086033,False
3957,0.208180945557171,99.53477985782872,0.03131814101501435,False
3958,0.208180945557171,99.49756224645502,0.033786705065188466,False
3959,0.208180945557171,99.52361457441661,0.036010273249689806,False
3960,0.208180945557171,99.52361457441661,0.20818425840254898,False
3961,0.208180945557171,99.52361457441661,0.2851297492271733,False
3962,0.208180945557171,99.52361457441661,0.28495079436833504,False
3963,0.208180945557171,99.52361457441661,0.2847655604417079,False
3964,0.208180945557171,99.52361457441661,0.28476008184515816,False
3965,0.208180945557171,99.52361457441661,0.2847748549676499,False
3966,0.208180945557171,99.52361457441661,0.2847239494739247,False
3967,0.208180945557171,99.49756224645502,0.2847449509082444,False
3968,0.208180945557171,99.52733633555398,0.28470474897381126,False
3969,0.208180945557171,99.4673268812364,0.2847093610189083,False
3970,0.208180945557171,99.50092631101364,0.28481619650404333,False
3971,0.208180945557171,99.49698955872266,0.2849716574472652,False
3972,0.208180945557171,99.49302915082383,0.2851810060825093,False
3973,0.208180945557171,99.48904544398854,0.28544909212090896,False
3974,0.208180945557171,99.43807070943573,0.2855768843391729,False
3975,0.208180945557171,99.45318646734854,0.285900065069831,False
3976,0.208180945557171,99.44083121827411,0.28577822219602494,False
3977,0.208180945557171,99.4283201407212,0.28686669818218646,False
3978,0.208180945557171,99.41565245425969,0.28786164554101507,False
3979,0.208180945557171,99.40282742931427,0.2887744514280979,False
3980,0.208180945557171,98.54566135846603,0.20493023058378956,False
3981,0.208180945557171,98.55784855378616,0.06832176622207392,False
3982,0.208180945557171,99.41095222619434,0.07332519555765876,False
3983,0.208180945557171,99.41501593577279,0.07790722966229204,False
3984,0.208180945557171,99.41907051282051,0.07827302737261611,False
3985,0.208180945557171,99.42311517803859,0.17292430787965973,False
3986,0.208180945557171,99.42714917825538,0.1766567095168056,False
3987,0.208180945557171,99.43117178612059,0.18015130262286344,False
3988,0.208180945557171,99.43518229978186,0.18339283162613831,False
3989,0.208180945557171,99.43918004254496,0.18637817588013494,False
3990,0.208180945557171,99.4431643625192,0.1890916075193504,False
3991,0.12068101401352381,99.4471346322492,0.190577955732002,False
3992,-0.0,99.45109024833434,0.19041060850512834,False
3993,-0.0,99.45503063103695,0.19169558205182213,False
3994,-0.0,99.4589552238806,0.19264615564221574,False
3995,-0.0,99.46286349323948,0.19328286853259946,False
3996,-0.0,99.40423654015888,0.19430462934867798,False
3997,-0.0,99.51078821510715,0.19327095669065147,False
3998,-0.0,99.51078821510715,0.19209741389965007,False
3999,-0.0,99.51078821510715,0.1907677370610499,False
4000,-0.0,99.51078821510715,0.1893593179344185,False
4001,-0.0,99.51078821510715,0.18784989070434568,False
4002,-0.0,99.51078821510715,0.18625572203443536,False
4003,-0.0,99.51078821510715,0.1845922959467111,False
4004,-0.0,99.43342776203966,0.1845461476838738,False
4005,-0.0,98.70240610981352,0.10143563235436683,False
4006,-0.0,99.5292711174207,0.09493720998046591,False
4007,-0.0,99.52914798206278,0.08815031565059867,False
4008,-0.0,99.52905998878714,0.08109370848335976,False
4009,-0.0,99.52900717703349,0.07373088254985286,False
4010,-0.0,99.52898957048335,0.06600163374286103,False
4011,-0.0,99.52900717703349,0.060849823320868066,False
4012,-0.0,99.48047094001122,0.06038758482086398,False
4013,-0.0,99.5627802690583,0.05479797996317379,False
4014,-0.0,99.55953770281971,0.04949057892489113,False
4015,-0.0,99.55628033980582,0.04450093769707045,False
4016,-0.0,99.55300859598854,0.04071439803910549,False
4017,-0.0,99.54972290640394,0.037514708260320086,False
4018,-0.0,99.5464237255282,0.1980190344298991,False
4019,-0.0,99.54311152764761,0.1976434992148965,False
4020,-0.0,99.5397868072218,0.19738387577219252,False
4021,-0.0,99.5364500792393,0.1972259832811414,False
4022,-0.0,99.53310187956423,0.1971565734196131,False
4023,-0.0,99.52974276527331,0.19714611841292382,False
4024,-0.0,99.52637331498198,0.19720975332336957,False
4025,-0.0,99.52299412915852,0.19709433929018783,False
4026,-0.0,99.51960583042496,0.19776768746822185,False
4027,0.12068101401352381,99.51620906384386,0.197824510488952,False
4028,0.12068101401352381,99.51280449718925,0.19907050503866444,False
4029,0.12068101401352381,99.50939282120093,0.1996389816333581,False
4030,0.12068101401352381,99.50597474982055,0.20055521841860902,False
4031,0.12068101401352381,99.50255102040816,0.2005640954431439,False
4032,0.12068101401352381,99.4991223939381,0.20057979368376205,False
4033,0.12068101401352381,99.49568965517241,0.20060064580994283,False
4034,0.12068101401352381,99.49225361281083,0.2006252147150652,False
4035,0.12068101401352381,99.48881509961552,0.20064656333320777,False
4036,0.12068101401352381,99.48537497250935,0.20049051218756336,False
4037,0.12068101401352381,99.48193411264612,0.4427265448751455,False
4038,0.12068101401352381,98.64943169155337,0.39752476513639895,False
4039,0.12068101401352381,99.53338119167265,0.3975971340556259,False
4040,0.12068101401352381,99.53407105416424,0.3977156665328912,False
4041,0.12068101401352381,99.53480050098408,0.3978838047554554,False
4042,0.12068101401352381,99.535569151074,0.39810424615870593,False
4043,0.12068101401352381,99.53637660485022,0.39838750626372915,False
4044,0.12068101401352381,99.45167617689016,0.39848459363945926,False
4045,0.12068101401352381,99.49625534950071,0.3995476304252843,False
4046,0.12068101401352381,99.41155492154066,0.4002807415512345,False
4047,0.12068101401352381,99.45618258001248,0.4013753881493045,False
4048,0.12068101401352381,99.3804047428011,0.40192433691398705,False
4049,0.12068101401352381,99.40714986181689,0.40241297462586634,False
4050,0.12068101401352381,99.38486226263707,0.4027830817068168,False
4051,0.12068101401352381,99.45618258001248,0.4036576805310947,False
4052,0.208180945557171,99.45171003550402,0.404580660629894,False
4053,0.208180945557171,99.44721341187132,0.4055515857494395,False
4054,0.208180945557171,99.44269334429674,0.40656992485862303,False
4055,0.208180945557171,99.43815050198029,0.40666470465417653,False
4056,0.208180945557171,99.4335855889317,0.40833469556619223,False
4057,0.208180945557171,97.68327220390918,0.11014663588727967,False
4058,0.208180945557171,99.4335855889317,0.11516082656708104,False
4059,0.208180945557171,99.43815050198029,0.11941618146796655,False
4060,0.208180945557171,99.44269334429674,0.12304577606586388,False
4061,0.208180945557171,99.44721341187132,0.12606243221767555,False
4062,0.208180945557171,99.45171003550402,0.1286391797625909,False
4063,0.208180945557171,99.45618258001248,0.1307930941268166,False
4064,0.208180945557171,99.43410407179805,0.1332500206572084,False
4065,0.208180945557171,99.50451635534509,0.13293020836944586,False
4066,0.208180945557171,99.50764672563287,0.13228217849751145,False
4067,0.208180945557171,99.5107801541259,0.13131004646292346,False
4068,0.208180945557171,99.51391577407837,0.1281874760521792,False
4069,0.208180945557171,99.5170527395504,0.12617331148881974,False
4070,0.208180945557171,99.52019022546813,0.12387859975049972,False
4071,0.3280668831792932,99.52332742765545,0.12129596015600029,False
4072,0.41475814399911126,99.52646356283786,0.11841483884419186,False
4073,0.48865925334338955,99.52959786862043,0.11522090390504125,False
4074,0.6073000958248577,99.53272960344043,0.11169518465133794,False
4075,0.6927240159400868,99.36334510802595,0.11140773625403272,False
4076,0.7653347294288454,99.56754110399413,0.10514714694590295,False
4077,0.8294627007514066,99.56754110399413,0.09889958212325506,False
4078,0.9011722974829974,99.56754110399413,0.09253060891303642,False
4079,0.9643816491874813,99.56754110399413,0.08623134265833989,False
4080,1.021142086116239,99.56754110399413,0.07991594560157014,False
4081,1.0726576237742649,99.56754110399413,0.07363417052097093,False
4082,1.119720157474105,99.56754110399413,0.06803473302397618,False
4083,1.1628891821401641,99.56754110399413,0.06176090695451437,False
4084,1.2025799301861708,99.56754110399413,0.055361835142501446,False
4085,1.2391117691845555,99.56754110399413,0.04879583750667245,False
4086,1.2727370136388871,99.56754110399413,0.04230463632313821,False
4087,1.303659152849357,99.56754110399413,0.03551051603375516,False
4088,1.303659152849357,99.56754110399413,0.03559358880301295,False
4089,1.3562502855203358,99.56754110399413,0.20294560652981763,False
4090,1.4035023160770048,99.56754110399413,0.20276112387486775,False
4091,1.44620277197521,99.56754110399413,0.2027810424108191,False
4092,1.4849064683551225,99.56754110399413,0.20311097268045342,False
4093,1.520023615397816,99.56754110399413,0.2034146177208751,False
4094,1.5453729293185958,99.56754110399413,0.20369233519469876,False
4095,1.5682441077755982,99.56754110399413,0.20394973995877586,False
4096,1.5887486809762699,99.56754110399413,0.2041750614145706,False
4097,1.6069796579895543,99.56754110399413,0.20437099530557304,False
4098,1.6230147012284593,99.56754110399413,0.20454012768352273,False
4099,1.6369185152170003,99.56754110399413,0.20468493503741805,False
4100,1.6369185152170003,99.56754110399413,0.28311005799585004,False
4101,1.6369185152170003,99.56754110399413,0.2831247243164426,False
4102,1.6369185152170003,99.50643688561675,0.28293341960653123,False
4103,1.6369185152170003,99.52315793838372,0.28287763730086135,False
4104,1.6369185152170003,99.51929105881369,0.2831823610482011,False
4105,1.6369185152170003,99.51540179512031,0.283082177544553,False
4106,1.6369185152170003,99.511490590884,0.2829604123971323,False
4107,1.6369185152170003,99.50755791547124,0.2828862816281921,False
4108,1.6369185152170003,99.50360426468684,0.2828751391970807,False
4109,1.6369185152170003,98.65987904103032,0.2004336615751108,False
4110,1.6369185152170003,99.54387965440112,0.20100650594202893,False
4111,1.6369185152170003,99.48247883864742,0.20157836229359563,False
4112,1.6369185152170003,99.58335160738564,0.20204975815268722,False
4113,1.6230147012284593,99.58003624950267,0.20281154236103552,False
4114,1.6230147012284593,99.57670543153768,0.20385763522109354,False
4115,1.6230147012284593,99.57335968024431,0.20519432969522058,False
4116,1.6230147012284593,99.56999954736794,0.20682524859681306,False
4117,1.6230147012284593,99.56662561014552,0.20875135577057302,False
4118,1.6230147012284593,99.5632384717944,0.21097102336553947,False
4119,1.6230147012284593,99.5598387619886,0.21348015084790226,False
4120,1.6230147012284593,98.64708335263865,0.09514252121293162,False
4121,1.6230147012284593,99.50887272390307,0.10438359436107393,False
4122,1.6230147012284593,99.50887272390307,0.11353202261602487,False
4123,1.6230147012284593,99.50887272390307,0.12231526875260916,False
4124,1.651374675689345,99.41605157432495,0.12997421724610594,False
4125,1.6766025592565734,99.45833922095049,0.13825445776896478,False
4126,1.6988889003371042,99.44439168012157,0.1462012521231986,False
4127,1.7183863546634377,99.43026763058361,0.15381708866765278,False
4128,1.7352178741097821,99.4159667921614,0.16110340003045334,False
4129,1.749482462001978,99.40148897863851,0.16806087910363363,False
4130,1.7612592957958804,99.3868341018346,0.17468969615684987,False
4131,1.7706107126123491,99.37200217574049,0.1829985923129593,False
4132,1.724432118800179,99.35699332070581,0.1909404149412804,False
4133,1.664563713399089,99.34180776767322,0.19847005467464068,False
4134,1.570663071721726,99.32644586245316,0.2056014007369637,False
4135,1.570663071721726,99.31090807003216,0.21252387559638447,False
4136,1.570663071721726,99.29519497890729,0.23288104213748653,False
4137,1.570663071721726,99.27930730543889,0.240431513476422,False
4138,1.570663071721726,99.26324589821299,0.2469707142321607,False
4139,1.5655280605848256,99.2470117424043,0.25259697573340234,False
4140,1.557787262784918,99.23060596413032,0.2564491714418022,False
4141,1.5473931750149272,99.21402983478586,0.25957804961108555,False
4142,1.5342796921456783,99.19728477534748,0.26196251820240746,False
4143,1.5183593905083006,99.18037236063616,0.26378088120332427,False
4144,1.4995196245467155,99.1632943235262,0.2650747419486118,False
4145,1.4776169519137876,99.14605255908765,0.26588171587998505,False
4146,1.4524690941546654,99.12864912864913,0.2662362271627334,False
4147,1.4238430936939133,99.11108626376698,0.26617014639914677,False
4148,1.3914372992027793,99.09336637008673,0.26571330980875185,False
4149,1.3548527368476762,99.07549203108162,0.2648939487451843,False
4150,1.3548527368476762,99.05746601165315,0.2637390504960721,False
4151,1.3548527368476762,99.0392912615774,0.2608769253003694,False
4152,1.3548527368476762,99.02097091878113,0.363372007966858,False
4153,1.3548527368476762,99.00250831243073,0.36182141588382044,False
4154,1.3548527368476762,98.98390696581698,0.3597318197998306,False
4155,1.3135448704851065,98.96517059901839,0.3570484441757003,False
4156,1.2667356005770385,98.77212850926864,0.35963933018181365,False
4157,1.2132336634320215,98.89456293181135,0.3571951892654337,False
4158,1.150999540671385,98.88586133817742,0.3548608327331027,False
4159,1.0757143856082798,98.87715872337829,0.35263425588746933,False
4160,0.9669852958320848,98.86845827439886,0.35051330250627644,False
4161,0.9559312637896478,98.8597632769412,0.34849567400981324,False
4162,0.9432261548473415,98.85107711520449,0.3465789394919459,False
4163,0.9288391461883214,98.84240327146901,0.34476054654501,False
4164,1.0239228180015463,98.83374532547379,0.34303783280147815,False
4165,1.0850365744330075,98.82510695357895,0.34140803810944487,False
4166,1.1776918650799992,98.8164919277031,0.3398683172546771,False
4167,1.236245663845669,98.80790411402656,0.33855936360814143,False
4168,1.281032234322592,98.79934747145188,0.3373575744467542,False
4169,1.3163031944543246,98.79082604981271,0.3362503488817401,False
4170,1.3440204002065297,98.78234398782344,0.3352256225000781,False
4171,1.365284630420991,98.77390551076165,0.3342719101345694,False
4172,1.380767530045647,97.78769907376558,0.21324094785428696,False
4173,1.3908869834562507,98.68727926967415,0.2101938014985406,False
4174,1.3958893087538877,98.68727926967415,0.2077409589482901,False
4175,1.3958893087538877,98.68727926967415,0.20581579418500148,False
4176,1.3908869834562507,98.36967460583696,0.1772933942952033,False
4177,1.3908869834562507,98.5950692333671,0.1715418516118617,False
4178,1.3908869834562507,98.58570748623104,0.16593025289338964,False
4179,1.3908869834562507,98.5764150297721,0.1604460268489651,False
4180,1.3908869834562507,98.56719707928636,0.15507658217019252,False
4181,1.3908869834562507,98.5580589254766,0.1855147690401574,False
4182,1.3908869834562507,98.54900592954307,0.18477227035930904,False
4183,1.3908869834562507,98.5400435179336,0.18663431946861506,False
4184,1.3908869834562507,98.53117717675305,0.18943508502583165,False
4185,1.427233085864218,98.52241244583362,0.19308771461838725,False
4186,1.4603393987966544,98.51375491246874,0.3057379170542023,False
4187,1.490454220541711,98.50521020481494,0.3051499988248902,False
4188,1.517776716815552,98.49678398496783,0.31061918256805804,False
4189,1.5424689812691437,98.48848194171936,0.31422085134519606,False
4190,1.564664332377177,98.48030978300577,0.3156364297540416,False
4191,1.5844731953011322,98.47227322805729,0.3505575516400609,False
4192,1.6019873735463244,98.46437799926171,0.3502294458466605,False
4193,1.617283210870113,98.45662981375678,0.3500441810099604,False
4194,1.6304239654444035,98.44903437476698,0.34999544759061507,False
4195,1.641461609380296,98.44159736270323,0.35007635697179523,False
4196,1.6504381978846825,98.43432442604441,0.3502794993688325,False
4197,1.6573869073698062,98.42722117202268,0.35059700207049216,False
4198,1.662332811551424,98.42029315713526,0.3510205871610894,False
4199,1.6652934434860063,98.41354587750743,0.3515416279328856,False
4200,1.6662791762575457,98.40698475913304,0.35871066172748833,False
4201,1.6652934434860063,97.9976896418945,0.34107882574656495,False
4202,1.662332811551424,98.28881145954317,0.3387239799832147,False
4203,1.6573869073698062,98.26418619132872,0.3350642832361042,False
4204,1.6504381978846823,98.2395743682028,0.330978509508177,False
4205,1.6414616093802963,98.21498781159079,0.3264838434006574,False
4206,1.6304239654444035,97.3686290003951,0.22125594625366704,False
4207,1.617283210870113,98.26121476776498,0.21883031271828585,False
4208,1.6019873735463246,98.70583564906708,0.20783181530429598,False
4209,1.584473195301132,98.13545816733068,0.19931722182093092,False
4210,1.564664332377177,98.59278803869833,0.19425165253344553,False
4211,1.5424689812691437,97.6892939953626,0.21305256586827515,False
4212,1.517776716815552,98.48884624610218,0.21124449082455699,False
4213,1.4904542205417113,98.48884624610218,0.2525320813351162,False
4214,1.4603393987966542,98.48884624610218,0.28528968625872286,False
4215,1.4272330858642182,98.48884624610218,0.3122621136921867,False
4216,1.390886983456251,98.48884624610218,0.3349014283112164,False
4217,1.350985461353789,98.48884624610218,0.3520829387301504,False
4218,1.3071167709064087,98.48884624610218,0.3668869855020213,False
4219,1.2587246698311274,98.48884624610218,0.3805915918671976,False
4220,1.2050203043653231,98.01622359649828,0.3862475215857771,False
4221,1.1448025073660157,98.37863999354683,0.3981613873392555,False
4222,1.1085580040630627,98.36371000405022,0.40768367442150877,False
4223,1.057965113453549,98.34892232614884,0.41634835925196667,False
4224,0.9727642516015449,98.334285947579,0.424226929805755,False
4225,0.9727642516015449,98.3198098516515,0.4313812290459401,False
4226,0.9727642516015449,98.30550300238545,0.43591933469176636,False
4227,0.9186594970880807,98.29137432934378,0.46188135542039427,False
4228,0.8301899714180443,98.27743271221532,0.46721262762879007,False
4229,0.8301899714180443,98.26368696519066,0.4723291739334467,False
4230,0.8301899714180443,98.25014582118156,0.516984687253694,False
4231,0.8301899714180443,97.49310604161444,0.4871013341870635,False
4232,0.8301899714180443,98.31587767071638,0.48896319403532595,False
4233,0.8301899714180443,98.91076665270214,0.4935881528790525,False
4234,0.8301899714180443,98.9080218395632,0.4746366653857223,False
4235,0.8301899714180443,98.90544750357834,0.4565377283099446,False
4236,0.8301899714180443,98.9030461564425,0.43936615815700836,False
4237,0.8301899714180443,98.90082015726728,0.43823861138796544,False
4238,0.8536576732793313,98.89877170690386,0.424814157490344,False
4239,0.875195788740725,98.89690284259652,0.4114323665759684,False
4240,0.875195788740725,98.89521543299057,0.39917392745032565,False
4241,0.875195788740725,98.89371117351715,0.3872122541852322,False
4242,0.875195788740725,98.89239158217602,0.41367873424063334,False
4243,0.875195788740725,98.89125799573561,0.406372900581159,False
4244,0.9875245214535493,98.8903115663679,0.3992634664593812,False
4245,1.066503202885787,98.8895532587341,0.4167121178851607,False
4246,1.132529774880598,98.27217517748696,0.4132612798248336,False
4247,1.1899285414712581,97.86266094420601,0.38507170900841536,False
4248,1.2407449439357603,98.20859529756265,0.4068959161829958,False
4249,1.2861766890619075,98.20286849835838,0.4009547267491899,False
4250,1.3270089026073437,97.56478031025219,0.34152887932154485,False
4251,1.3637938028246002,98.28784981748653,0.3389234712674203,False
4252,1.3969387860636409,98.29342620809751,0.357371453032304,False
4253,1.4267547652077353,97.78475492761207,0.3383646902512898,False
4254,1.4534849141043304,98.41034151454275,0.33877246799836186,False
4255,1.477322818602089,98.41034151454275,0.33930938465939325,False
4256,1.4984244813325356,98.41034151454275,0.33999503483907795,False
4257,1.5169165540634162,97.99109092497162,0.32311783790476584,False
4258,1.532902144485799,98.47148222552188,0.3236562824062215,False
4259,1.5464650001141114,98.4678690246892,0.3392912977109048,False
4260,1.557672567089349,98.46450820391331,0.3416185229982784,False
4261,1.5665782425417163,98.46140320028134,0.3520306394708222,False
4262,1.5732230293875173,97.7580446632671,0.3091754899436904,False
4263,1.577636732431408,98.34710743801652,0.3081726657961504,False
4264,1.5798387881475398,98.34710743801652,0.3073006302233984,False
4265,1.57983878814754,97.82436360433366,0.2728543319819906,False
4266,1.577636732431408,98.2795129698253,0.2715910461198031,False
4267,1.5732230293875173,98.27692851462402,0.27082279319585845,False
4268,1.5665782425417163,97.71721819147054,0.2266564353893671,False
4269,1.557672567089349,98.38781114359111,0.2565811674592991,False
4270,1.5464650001141114,98.38781114359111,0.25625373647369143,False
4271,1.532902144485799,98.38781114359111,0.255731300629753,False
4272,1.5169165540634162,97.75181448043901,0.22518336423789428,False
4273,1.4984244813325356,97.78052878238572,0.19845384369164043,False
4274,1.477322818602089,98.3130189012542,0.197416610410253,False
4275,1.4534849141043307,98.30418653948065,0.19615267997716535,False
4276,1.4400831784759722,98.29565524549629,0.1945076269292385,False
4277,1.4230670603378361,98.28742937853107,0.19312896449103123,False
4278,1.402234618245608,98.2795129698253,0.1923144227687317,False
4279,1.3773114348674147,97.74290248633397,0.16317836498753607,False
4280,1.347922583568817,98.3615221987315,0.1582905540044796,False
4281,1.3135448704851065,97.82858151646218,0.13360660257869,False
4282,1.2734192269994746,98.30208701804033,0.13171744292742038,False
4283,1.2734192269994746,98.29922933829391,0.16253605930438908,False
4284,1.2734192269994746,98.29666430092264,0.16337819612917753,False
4285,1.2734192269994746,98.29439459891623,0.16429306268575683,False
4286,1.2734192269994746,98.2924226254002,0.16526875506669686,False
4287,1.2734192269994746,98.29075046737292,0.1662927710509124,False
4288,1.2734192269994746,98.28937990021383,0.16771224522914696,False
4289,1.2734192269994746,97.66446781957568,0.12001594355532362,False
4290,1.2734192269994746,98.18976279650437,0.122651936535284,False
4291,1.2734192269994746,98.1894398858366,0.12545060839751157,False
4292,1.3135448704851065,98.1894398858366,0.1275760574665009,False
4293,1.347922583568817,98.18976279650437,0.12997297163893495,False
4294,1.3773114348674147,98.19040827241933,0.13246556669904486,False
4295,1.402234618245608,98.19137562366357,0.1350388958233635,False
4296,1.402234618245608,98.19266381766381,0.13784332109745617,False
4297,1.402234618245608,98.19427148194272,0.1407492991048023,False
4298,1.402234618245608,98.19619690776612,0.1437473144931505,False
4299,1.402234618245608,98.19843805466809,0.14696874426422787,False
4300,1.402234618245608,98.20099255583126,0.1493506191763823,False
4301,1.3773114348674147,98.20385772429658,0.15164949663210406,False
4302,1.347922583568817,98.20703055997174,0.1538386687175798,False
4303,1.3135448704851065,97.74330042313117,0.12169042395191672,False
4304,1.2734192269994746,98.29345531315974,0.12223485705209061,False
4305,1.278417365535648,98.29615317056033,0.1226574513423474,False
4306,1.2817425764699486,98.29914080308609,0.1229579106388632,False
4307,1.2834031297544843,98.30241512075604,0.12313595138937028,False
4308,1.2834031297544843,98.3059727558505,0.12319130974899584,False
4309,1.2817425764699486,98.30981007144102,0.12312374817844525,False
4310,1.278417365535648,98.31392317051973,0.12380942174446974,False
4311,1.2734192269994744,98.31830790568655,0.12423597145408359,False
4312,1.2667356005770385,98.32295988934993,0.12521598783895252,False
4313,1.2583494426149708,98.3278745043958,0.126024138669647,False
4314,1.2482389571842902,98.33304691527754,0.12590386877149473,False
4315,1.236377240345227,98.33847207947927,0.1257193790441094,False
4316,1.222731822382257,98.34414475930352,0.1254625974291084,False
4317,1.2072640872959293,98.35005953393434,0.16296202561978854,False
4318,1.1899285414712581,98.35621081172683,0.1602424755915066,False
4319,1.1706718933538656,98.36259284267386,0.1572809000831439,False
4320,1.1494318918359776,98.36919973100201,0.15494873098760734,False
4321,1.1494318918359776,98.37602544784865,0.15254277557651,False
4322,1.1494318918359776,98.383063843974,0.15006416024531163,False
4323,1.1494318918359776,98.39030866246266,0.1522647615388528,False
4324,1.1494318918359776,98.397753551371,0.15017633647195155,False
4325,1.1494318918359776,98.40539207627815,0.18381671510218858,False
4326,1.1494318918359776,98.4132177327008,0.18588589416835774,False
4327,1.1494318918359776,98.42122395833333,0.2283893355414208,False
4328,1.1494318918359776,98.42940414507773,0.23304639974205751,False
4329,1.1261358508278747,98.43775165082944,0.23718581742613462,False
4330,1.1006987578744163,98.44625981098831,0.23991135169204666,False
4331,1.1267251857192595,98.4549219496655,0.24137366666315227,False
4332,1.1461683299371317,98.46373139056065,0.24278892115207207,False
4333,1.1596780472087271,98.47268146748543,0.24417033681128986,False
4334,1.1676444621356101,98.48176553451245,0.2459163742410481,False
4335,1.17027775595384,98.49097697573117,0.2475883506949225,False
4336,1.1676444621356104,98.50030921459494,0.2568482960539367,False
4337,1.200719639829801,97.9046298436176,0.24196773770876542,False
4338,1.2310786130055862,98.38808719680688,0.2500484854910062,False
4339,1.2588874993443833,98.38648007952894,0.25744591047422694,False
4340,1.2952336017523502,98.38513101767215,0.2642399717508793,False
4341,1.3283399146847865,98.38403762992186,0.2704981711301522,False
4342,1.3584547364298434,98.38319734058628,0.27627838651110775,False
4343,1.3857772327036844,98.21710674791244,0.30719812411417263,False
4344,1.410469497157276,98.4346914319952,0.3100011540270586,False
4345,1.4326648482653093,97.8954463750749,0.29323018865961187,False
4346,1.4524737111892643,98.54703415218694,0.29387860966259594,False
4347,1.469987889434457,97.77093965776044,0.26445296324551026,False
4348,1.485283726758245,98.6012934275831,0.25901479347468814,False
4349,1.4984244813325358,98.6012934275831,0.2549427133480535,False
4350,1.5094621252684286,98.16866380284874,0.25187868595217866,False
4351,1.5184387137728148,98.54251623621809,0.24978297822772047,False
4352,1.5253874232579383,98.54732541423924,0.24753660824994278,False
4353,1.5125568756434098,98.55237229043504,0.24514335350118335,False
4354,1.4966777416164074,98.55765581112883,0.24252575863734638,False
4355,1.4776169519137876,98.56317469971111,0.23979394284655392,False
4356,1.4552013979602212,98.06652964908274,0.2284437564338613,False
4357,1.4561112661478437,98.67398262459992,0.2191493600447653,False
4358,1.4552013979602212,98.67398262459992,0.20986959881969933,False
4359,1.4524690941546654,98.67398262459992,0.20072798787331203,False
4360,1.4479062086941699,98.67398262459992,0.19170859871061438,False
4361,1.441499001640642,98.67398262459992,0.27255853620572423,False
4362,1.4332278865247239,98.67398262459992,0.26695706848847905,False
4363,1.4230670603378361,97.80561883067578,0.2277781794803224,False
4364,1.4109839980999699,98.60060514372164,0.23666448395354742,False
4365,1.3969387860636409,98.60608800482218,0.23354306780307502,False
4366,1.3969387860636409,98.61173645505028,0.23019329888371032,False
4367,1.4882794700752122,98.61754595725601,0.31778254446835896,False
4368,1.5454412455056348,98.39676356008391,0.31939448897046335,False
4369,1.5887486809762699,98.5581255632322,0.3196269722400211,False
4370,1.622441755197332,98.5548697877465,0.31960122077157804,False
4371,1.6484681830421755,98.55181777040278,0.31938488840567414,False
4372,1.6679113272600476,98.54897218863361,0.3300753811941327,False
4373,1.6814210445316427,98.54633555420958,0.3308052492409186,False
4374,1.689387459458526,98.54391020779615,0.3319593305202238,False
4375,1.692020753276756,98.54169831383868,0.33290270946152684,False
4376,1.6893874594585259,98.53970185579556,0.3337755264572403,False
4377,1.6814210445316427,98.53792263173926,0.33443260537403396,False
4378,1.6679113272600476,98.53636225034305,0.3349836490232735,False
4379,1.6484681830421755,98.53502212726995,0.3354460599417886,False
4380,1.622441755197332,98.53390348197922,0.3357695273728705,False
4381,1.5887486809762699,97.6304397357029,0.27171151732471255,False
4382,1.5887486809762699,98.45166163141994,0.27481153784806006,False
4383,1.5887486809762699,98.46038302666166,0.27471786266428544,False
4384,1.5887486809762699,98.15176558978212,0.2636024051169407,False
4385,1.6069796579895546,98.39182385210792,0.26278866931544537,False
4386,1.6230147012284593,98.39170299113182,0.262069554957897,False
4387,1.6369185152170005,97.48991483639624,0.13683283870626486,False
4388,1.6487446631558704,98.2996732996733,0.13277044090672527,False
4389,1.6585369560613925,98.31021251475796,0.12995442815969202,False
4390,1.6086153744475689,98.32086816248717,0.12829987834299142,False
4391,1.5451919362235265,98.33163339647385,0.12769200455220345,False
4392,1.5866562806986217,98.019225167492,0.09513975365081886,False
4393,1.6127813305909708,98.2532751091703,0.09147849997032216,False
4394,1.6274796412834263,98.25454545454545,0.0869063067834878,False
4395,1.6322418389138083,98.2560674320593,0.08310963312548768,False
4396,1.6274796412834263,98.25783972125436,0.08043363858738888,False
4397,1.6127813305909708,98.25986078886311,0.07894107975456896,False
4398,1.5866562806986217,98.26212889210717,0.0773734740110725,False
4399,1.5451919362235265,98.2646420824295,0.10532611962662433,False
4400,1.4683074126843,98.26739820964481,0.10994201077401396,False
4401,1.4738989153366922,98.1262611703661,0.10626093040444122,False
4402,1.4776169519137876,98.11905448255982,0.10292409983164223,False
4403,1.4794731020725562,98.27112268518519,0.10753948039414404,False
4404,1.4794731020725562,98.2721068680122,0.11728327413830641,False
4405,1.4776169519137876,98.27334984700568,0.12498470525221096,False
4406,1.4738989153366922,98.27485380116958,0.131101504734016,False
4407,1.4683074126842999,98.27662070988559,0.13593184108922862,False
4408,1.4608248015713592,98.27865234662352,0.13968159821382245,False
4409,1.4608248015713592,98.28095027298214,0.14249779304859592,False
4410,1.4608248015713592,98.28351583308671,0.1444867958600478,False
4411,1.4608248015713592,98.28635014836796,0.14572489447956263,False
4412,1.4608248015713592,98.28945411274728,0.14670037528080243,False
4413,1.4608248015713592,98.29282838825108,0.14706979817727484,False
4414,1.4608248015713592,98.29647340107591,0.24391457963685031,False
4415,1.4608248015713592,98.30038933812519,0.24375577744322424,False
4416,1.4608248015713592,98.304576144036,0.24350092888703959,False
4417,1.4608248015713592,98.30903351871336,0.2687556650665891,False
4418,1.4608248015713592,98.31376091538694,0.2697575314731991,False
4419,1.4608248015713592,97.93425814234017,0.26090939968129756,False
4420,1.4608248015713592,98.40706628416126,0.26007217870461563,False
4421,1.4608248015713592,98.40706628416126,0.25941159433938005,False
4422,1.4608248015713592,98.40706628416126,0.2589045637632808,False
4423,1.4608248015713592,98.1277366752227,0.2587193924967283,False
4424,1.4608248015713592,98.47501132417334,0.2562581880890093,False
4425,1.4608248015713592,98.46574510101777,0.25446970289363574,False
4426,1.4608248015713592,98.45660146699267,0.25328003076104577,False
4427,1.441499001640642,98.44758684291423,0.2526130511695077,False
4428,1.4479062086941699,98.43870768279487,0.25239230858329725,False
4429,1.4524690941546654,98.42997046479093,0.2525427126729534,False
4430,1.4552013979602212,98.42138168177556,0.2533512958699803,False
4431,1.4561112661478437,98.41294783155249,0.2543032162340496,False
4432,1.4552013979602212,98.4046754067288,0.2554270494417884,False
4433,1.4524690941546654,98.39657088426735,0.256650163727594,False
4434,1.4479062086941699,97.45991427210669,0.1694818438323392,False
4435,1.441499001640642,98.261628829973,0.2483878081960692,False
4436,1.4332278865247239,98.261628829973,0.24839765963770055,False
4437,1.4230670603378361,97.7903637523931,0.22067560137599823,False
4438,1.4109839980999699,98.1724911830715,0.2199296833449471,False
4439,1.3969387860636409,98.16395554839748,0.21943340901097658,False
4440,1.3808832571151748,98.15563824623847,0.2192668097337611,False
4441,1.362759877482492,98.14754631134221,0.21950567989829187,False
4442,1.3425003133763334,98.13968668407311,0.2202200320166099,False
4443,1.3425003133763334,98.13206619695232,0.22147247750726823,False
4444,1.3425003133763334,98.12469156111203,0.22331667285301457,False
4445,1.3425003133763334,98.11756935270806,0.2245046079211949,False
4446,1.320023576372009,98.11070599933709,0.22611863887546196,False
4447,1.2952336017523502,98.1041077665059,0.22818914357506156,False
4448,1.2680160454788014,98.09778074420157,0.23322148767780215,False
4449,1.2382339767869435,98.09173083361232,0.23216811716353886,False
4450,1.2057219651274376,98.0859637340497,0.23072301415425692,False
4451,1.17027775595384,98.08048493012292,0.23487579380502882,False
4452,1.1316501862018717,98.07529967921661,0.23671683315787384,False
4453,1.0924850533852573,98.07041299932295,0.23799195793547198,False
4454,1.0498302157100041,98.06582965727858,0.23855139993078087,False
4455,1.0032709271829536,97.37289576602619,0.19012560031409115,False
4456,0.9522481488898977,98.1939001533481,0.19575779602201648,False
4457,0.9522481488898977,98.20440813547783,0.22282786372089192,False
4458,0.9522481488898977,98.21519632840388,0.22525535057800297,False
4459,0.9522481488898977,98.22625816854791,0.22751487249178975,False
4460,0.9522481488898977,98.2375868496865,0.22953875273313515,False
4461,0.9522481488898977,98.24917533620908,0.2312642607414982,False
4462,0.959598657344105,98.26101637683607,0.23263283963308504,False
4463,0.9595986573441049,98.27310251874316,0.23358928409675708,False
4464,0.9522481488898977,98.28542612203732,0.2340808794650746,False
4465,0.9371713531760616,98.29797937452838,0.23529545286791925,False
4466,0.9134853951751388,98.31075430674026,0.23525526594058596,False
4467,0.8793939303559065,98.32374280710533,0.23546468753151367,False
4468,0.830774222099454,97.89008422983905,0.22931055884813242,False
4469,0.7473944462440387,98.23200733883746,0.27021909159509055,False
4470,0.8623538561746378,98.23200733883746,0.26965110264126935,False
4471,0.9440231356865454,97.8984238178634,0.2645047607569366,False
4472,1.012803023254148,98.32374280710533,0.2682208917721066,False
4473,1.0730208202534555,98.31075430674026,0.26555808734626896,False
4474,1.1267251857192595,98.29797937452838,0.2634253442302921,False
4475,1.1751172867945407,97.65506807866868,0.2998897521115044,False
4476,1.2189859772419214,98.3489175301154,0.29684451933453776,False
4477,1.2588874993443833,97.66347285258027,0.29077918978706696,False
4478,1.2952336017523502,98.29797937452838,0.291110275300958,False
4479,1.3283399146847867,98.31075430674026,0.2913236534932939,False
4480,1.3584547364298434,98.32374280710533,0.3797212495484592,False
4481,1.3857772327036844,98.33693663728587,0.37788468493400057,False
4482,1.410469497157276,98.35032744756694,0.4229873506696138,False
4483,1.410469497157276,98.36390679226574,0.42308536662247037,False
4484,1.410469497157276,98.37766614510417,0.42274240271963714,False
4485,1.410469497157276,98.39159691449204,0.42200257953363796,False
4486,1.410469497157276,98.40569045867059,0.42184852731504646,False
4487,1.410469497157276,98.02959692584416,0.42096929455700727,False
4488,1.5178657101173134,98.31575504864688,0.5489120800049239,False
4489,1.5917793275547327,97.58103925720802,0.6249550023859524,False
4490,1.6526009412705607,98.25586111787133,0.6603896709162573,False
4491,1.7046468737323692,98.27112619163032,0.6742380129569261,False
4492,1.7499538783110704,97.93181450961383,0.6832409137783609,False
4493,1.789710181256412,98.16610114719664,0.6930260687064571,False
4494,1.8246905352074019,98.16610114719664,0.7010324011464061,False
4495,1.8554357764140004,97.37815666720283,0.6838656539362176,False
4496,1.882340774344565,98.06276016650656,0.688747601446811,False
4497,1.9057026102692773,97.75056035862953,0.6869137196598913,False
4498,1.9257491327434368,97.95068844060198,0.6888832711797142,False
4499,1.9426568839623357,97.95068844060198,0.7125313957644548,False
4500,1.9565628356362774,97.01920777875189,0.6688882721991087,False
4501,1.9565628356362774,98.00063471913678,0.6689200407863976,False
4502,1.9565628356362774,97.21516978736909,0.6400666276817064,False
4503,1.9565628356362774,97.84988892415106,0.6385797415477122,False
4504,1.967572297254217,97.84988892415106,0.6372631129383188,False
4505,1.975764329308076,97.84988892415106,0.6361420921477648,False
4506,1.9811954453154021,97.84988892415106,0.6349301422221947,False
4507,1.9811954453154021,97.84988892415106,0.6339642300322214,False
4508,1.9811954453154021,96.43707348039993,0.5267596333059925,False
4509,1.9811954453154021,96.46881447389303,0.40924635719175473,False
4510,1.9811954453154021,96.93595514491037,0.3494083141806825,False
4511,1.9811954453154021,97.23400911519724,0.3524793976445862,False
4512,1.9839020752860699,97.24273369992144,0.4563567756492421,False
4513,1.9839020752860699,97.25188442211055,0.46820802752525303,False
4514,1.9811954453154024,97.26145637162587,0.479173403508667,False
4515,1.9757643293080762,97.27144425278344,0.48929919867080024,False
4516,1.967572297254217,97.28184239385868,0.49861513506939076,False
4517,1.9565628356362774,97.2926447574335,0.5654702175362168,False
4518,1.942656883962336,97.30384495154736,0.5769063811879748,False
4519,1.9257491327434368,96.73013891056657,0.628004857109993,False
4520,1.9057026102692776,97.42091319931433,0.6482023260478283,False
4521,1.882340774344565,97.42091319931433,0.721758000134087,False
4522,1.8713911422135574,97.42091319931433,0.7429807720687529,False
4523,1.855786642545942,97.42091319931433,0.8179327388939911,False
4524,1.8352139931066644,97.42091319931433,0.8408174625118222,False
4525,1.8092019640678831,97.42091319931433,0.9016011422257925,False
4526,1.777035714063473,97.42091319931433,0.910984967953252,False
4527,1.7375789889547848,97.42091319931433,0.9123918531160592,False
4528,1.6888404374768236,97.42091319931433,0.913293971189279,False
4529,1.6265436509095,97.42091319931433,0.9137639078680752,False
4530,1.530333327439556,97.42091319931433,0.9140010703835304,False
4531,1.530333327439556,96.71453098173872,0.9026699773803689,False
4532,1.530333327439556,95.90291868269081,0.8454664166870184,False
4533,1.530333327439556,96.57405962228812,0.8308817029961911,False
4534,1.530333327439556,96.57405962228812,0.8179238967815342,False
4535,1.530333327439556,96.57405962228812,0.8066891284155031,False
4536,1.530333327439556,96.57405962228812,0.7972659534033381,False
4537,1.530333327439556,95.86589559237261,0.7555897022008367,False
4538,1.530333327439556,96.44757433489828,0.790944269159436,False
4539,1.530333327439556,95.64945226917058,0.7348944060860917,False
4540,1.530333327439556,96.28325508607199,0.7219460355636643,False
4541,1.530333327439556,95.56634811217296,0.6580657432872988,False
4542,1.530333327439556,96.14238670221107,0.6350774197831044,False
4543,1.530333327439556,95.36615963619256,0.5364899473803516,False
4544,1.5164273757656148,95.96205112121687,0.5338436248580586,False
4545,1.4995196245467155,95.33479692645444,0.42342460649367364,False
4546,1.4794731020725562,96.14238670221107,0.40347982265138005,False
4547,1.4561112661478437,96.45948685954924,0.4014264711708173,False
4548,1.4292062682172793,96.47433408402578,0.40067967792035375,False
4549,1.4274202463828694,96.48960024742905,0.4014456650789089,False
4550,1.4238430936939133,96.50527288122547,0.40267765365248614,False
4551,1.418464503832282,96.52133936096851,0.40242489272068505,False
4552,1.4112687927757768,96.53778692900175,0.40709827465229914,False
4553,1.402234618245608,96.55460271685513,0.41223426743321906,False
4554,1.4230670603378361,96.57177376727327,0.41666092255978737,False
4555,1.4400831784759722,96.5892870558185,0.42080259484032795,False
4556,1.4534849141043307,96.60712951199461,0.42371411008363286,False
4557,1.438841894200673,95.93508040500298,0.41437508956350344,False
4558,1.4220900521936763,95.17215845982969,0.3230007255760312,False
4559,1.4031633649036752,95.8321060382916,0.3144454066174082,False
4560,1.3819829643540342,95.85560518415464,0.3063334659092879,False
4561,1.3584547364298434,95.68287711124053,0.30143305187404923,False
4562,1.3283399146847865,95.98320909025114,0.31646781877928554,False
4563,1.2952336017523502,95.98320909025114,0.3320060406676123,False
4564,1.258887499344383,95.30288774697836,0.29597375870857373,False
4565,1.2310786130055862,96.16414561771731,0.31746825299509884,False
4566,1.200719639829801,96.18705035971223,0.338488691778245,False
4567,1.1676444621356101,96.21022524133,0.35897458689453493,False
4568,1.1260528027543955,96.23365548607163,0.37074149269883944,False
4569,1.0805333164475432,96.25732645999577,0.3892682384831894,False
4570,1.0305279703180825,96.28122368790345,0.40448206980695994,False
4571,0.9752462395674342,96.13105611711397,0.4189860947242455,False
4572,0.9134853951751389,96.39196675900277,0.42640817464109554,False
4573,0.8749177494187964,96.41480869804569,0.4316893121144398,False
4574,0.8332341082038748,96.43785040339122,0.43587818600022915,False
4575,0.7881133310528374,96.46107865779106,0.4375939417364956,False
4576,0.7391385203526044,96.48448043184885,0.4388483008021946,False
4577,0.6857486151292824,96.50804289544236,0.4389047224152102,False
4578,0.6271502454482835,96.53175342830515,0.43749305132479094,False
4579,0.5621380056254565,96.55559962977654,0.43463188447046974,False
4580,0.48865925334338955,96.4548319327731,0.43447098333253564,False
4581,0.4023829390456117,96.67535853976531,0.4251072550835036,False
4582,0.2829047929798921,96.69817428460443,0.41398416241070957,False
4583,0.2829047929798921,96.72110068149672,0.4011689956099599,False
4584,0.2829047929798921,96.744126659857,0.38651151641692,False
4585,0.2829047929798921,96.76724137931035,0.36980755417239125,False
4586,0.2829047929798921,96.79043423536815,0.35077645489313203,False
4587,0.2829047929798921,96.81369486442584,0.3455894817235147,False
4588,0.40238293904561173,96.73158025303894,0.3313696201492243,False
4589,0.48865925334338955,96.90347205121891,0.30721590628223777,False
4590,0.5621380056254565,96.90347205121891,0.2849604741740602,False
4591,0.6271502454482835,96.90347205121891,0.26503540663892994,False
4592,0.6857486151292824,96.90347205121891,0.2482316688024634,False
4593,0.7391385203526044,96.90347205121891,0.23405562628614182,False
4594,0.7881133310528374,96.90347205121891,0.2228403160304545,False
4595,0.8332341082038747,96.90347205121891,0.21666089835656552,False
4596,0.8749177494187964,96.90347205121891,0.21329391347063903,False
4597,0.8749177494187964,96.90347205121891,0.3089098630993791,False
4598,0.8749177494187964,96.90347205121891,0.31346280500801377,False
4599,0.8749177494187964,96.90347205121891,0.31824731190376326,False
4600,0.8749177494187964,96.90347205121891,0.3228738893325708,False
4601,0.8749177494187964,96.90347205121891,0.32729545341148414,False
4602,0.8749177494187964,96.90347205121891,0.33162811217210053,False
4603,0.8749177494187964,96.90347205121891,0.38904060261341683,False
4604,0.8749177494187964,96.90347205121891,0.3975728635524428,False
4605,0.8749177494187964,96.90347205121891,0.47178226698691683,False
4606,0.8749177494187964,96.90347205121891,0.4829845473411033,False
4607,0.9134853951751388,96.32625339590022,0.48136332478398003,False
4608,0.9491912500871044,96.76160990712074,0.4904448194322957,False
4609,0.9491912500871044,96.7341363467031,0.5081665506299693,False
4610,0.9491912500871044,96.70692231075697,0.5189995991638718,False
4611,0.9491912500871044,96.67998002995506,0.5289745068489918,False
4612,0.9822408213425595,96.65332165644939,0.5381176218445018,False
4613,1.0128030232541478,96.6269592476489,0.5463975539657868,False
4614,1.041018523939755,96.60090474993717,0.5537957291514483,False
4615,1.041018523939755,96.5751699823722,0.560304503157223,False
4616,1.041018523939755,96.54976662041125,0.6995250260045477,False
4617,0.9992889743797904,95.76132206383247,0.6639284937593912,False
4618,1.0236982481827188,96.41100037845338,0.6623700323320668,False
4619,1.046078320219219,96.41100037845338,0.6600025016840118,False
4620,1.046078320219219,96.41100037845338,0.657200551635949,False
4621,1.046078320219219,96.41100037845338,0.6541685178028598,False
4622,1.1126817966979572,96.41100037845338,0.6510957534434317,False
4623,1.1706718933538656,95.76646025527613,0.6175730055496478,False
4624,1.2220947914756688,96.25949367088607,0.6113303153151876,False
4625,1.2681489963097885,95.4873417721519,0.5555333854995992,False
4626,1.30962049684272,96.10759493670886,0.5457570126287058,False
4627,1.3470624465271648,96.10759493670886,0.5374258135970852,False
4628,1.3470624465271648,96.10759493670886,0.5302672420642904,False
4629,1.3808832571151748,95.90341488277268,0.5138985219268204,False
4630,1.4113949465359856,95.98563550083365,0.5067834097887252,False
4631,1.438841894200673,95.9597263456822,0.5007430740394163,False
4632,1.4634190046135478,95.93400883346324,0.49593947514590603,False
4633,1.485283726758245,95.90849673202614,0.49252539255596944,False
4634,1.5045643034921028,95.88320399842168,0.4897495804090409,False
4635,1.5213655983156216,95.85814476644171,0.488338912066069,False
4636,1.535773302827334,94.3826915442636,0.2614267658320558,False
4637,1.5478570234493585,95.85814476644171,0.26867724628147693,False
4638,1.5576725670893488,95.88320399842168,0.27929995297975596,False
4639,1.565263635906296,95.90849673202614,0.293215678297555,False
4640,1.570663071721726,95.93400883346324,0.3089187838119534,False
4641,1.5738937446297547,95.9597263456822,0.3258493661330877,False
4642,1.5749691486891673,95.98563550083365,0.3258813279032572,False
4643,1.5738937446297545,96.01172273190622,0.3527516009170743,False
4644,1.570663071721726,96.0379746835443,0.37567082084479025,False
4645,1.565263635906296,96.06437822205457,0.39509441832424397,False
4646,1.557672567089349,96.09092044461096,0.41132977277040805,False
4647,1.5478570234493585,96.11758868767055,0.4149401443881666,False
4648,1.535773302827334,96.14437053461444,0.4345249058127302,False
4649,1.5228447333219095,96.11009174311927,0.4530558975715947,False
4650,1.5076213244090613,96.26503097291388,0.4664687094767451,False
4651,1.5045643034921028,96.29045944963026,0.47795434988865215,False
4652,1.4852837267582453,96.31623518025647,0.48758584525969373,False
4653,1.4634190046135478,96.34234669241913,0.4954143531961621,False
4654,1.438841894200673,96.36878236781887,0.5023423214024342,False
4655,1.4113949465359856,96.39553045776763,0.5077719368055875,False
4656,1.3808832571151748,96.4225790987536,0.5128105578649526,False
4657,1.3637938028246004,96.44991632799426,0.5118892521549195,False
4658,1.3637938028246004,96.47753009893908,0.5109013508980869,False
4659,1.3470624465271646,96.5054082966837,0.510562854292625,False
4660,1.3282820174272938,96.53353875325907,0.5029662076231978,False
4661,1.3282820174272938,96.56190926275993,0.4970030748596901,False
4662,1.3282820174272938,96.1841950300318,0.5015546035988142,False
4663,1.30738316633364,96.71322925225965,0.4927334528632311,False
4664,1.2842839696213428,96.71322925225965,0.4855095600559297,False
4665,1.2588874993443833,96.71322925225965,0.4797058146675603,False
4666,1.2310786130055862,96.71322925225965,0.47393963619827084,False
4667,1.200719639829801,95.9854443009743,0.48080487826174056,False
4668,1.1596780472087271,96.87169855616857,0.4719043280340255,False
4669,1.114696123966521,96.89520591833168,0.4623031894370374,False
4670,1.0805333164475432,96.91871892704359,0.45205097000956507,False
4671,1.043475862219766,96.94222936148242,0.44189441266293455,False
4672,1.0032709271829536,96.9657292496869,0.4380012735138293,False
4673,0.9522481488898976,96.98921086821443,0.43368315408681646,False
4674,0.8959704136014895,97.0126667413967,0.42986949479389175,False
4675,0.8332341082038747,97.03608964021576,0.4129833893558355,False
4676,0.8332341082038747,97.05947258082313,0.3964743260596058,False
4677,0.8749177494187964,96.97671852587443,0.38585518698433996,False
4678,0.804144968682279,97.02085402184707,0.3742722684328556,False
4679,0.720523936685393,96.16879207487275,0.3604016822296072,False
4680,0.603652249754401,96.88891301987186,0.35588944538959183,False
4681,0.560576942614533,96.9838961598535,0.3482510318140533,False
4682,0.5140912790181235,96.9838961598535,0.34143115878441777,False
4683,0.5140912790181235,96.25679969838961,0.3274275358016882,False
4684,0.5140912790181235,97.12931545214629,0.31254304010196043,False
4685,0.5140912790181235,97.15247355486697,0.356498443537825,False
4686,0.5140912790181235,97.1437655662127,0.3453571502368819,False
4687,0.5140912790181235,97.22485020498266,0.32979707686521365,False
4688,0.5140912790181235,97.22485020498266,0.31518869967528085,False
4689,0.4637773498877516,97.22485020498266,0.30170629729567416,False
4690,0.4637773498877516,97.22485020498266,0.2892829938848008,False
4691,0.4637773498877516,96.48375906654053,0.2770209096611746,False
4692,0.4637773498877516,97.35624934300431,0.25407210398637553,False
4693,0.4637773498877516,97.3778866704895,0.23076056952074414,False
4694,0.4637773498877516,97.39944162961432,0.2046820705624101,False
4695,0.4637773498877516,96.95316520844055,0.22075788270100036,False
4696,0.4637773498877516,96.86310809420961,0.22001668082149092,False
4697,0.4637773498877516,96.9173859432799,0.21994438994895246,False
4698,0.4637773498877516,96.92055019503182,0.2194754837342517,False
4699,0.4637773498877516,96.92402337742233,0.284529698673604,False
4700,0.4637773498877516,96.92780337941629,0.28424983965000344,False
4701,0.4637773498877516,96.91756272401433,0.29555595440733945,False
4702,0.4637773498877516,96.92780337941629,0.29614864810829106,False
4703,0.4637773498877516,96.93368318156094,0.2965171179289833,False
4704,0.4637773498877516,96.93993590406285,0.29670949438942573,False
4705,0.4637773498877516,96.1021574584213,0.2218106051721117,False
4706,0.4637773498877516,96.87660272848497,0.2213460244198584,False
4707,0.4637773498877516,96.90963886192982,0.22137140631137958,False
4708,0.4637773498877516,96.94272052090751,0.22152593768705015,False
4709,0.4637773498877516,96.97583709031964,0.22152723190220844,False
4710,0.4637773498877516,97.00897810955311,0.2214499311831511,False
4711,0.4637773498877516,97.04213327976699,0.22099211255044449,False
4712,0.40907313904382653,97.02486006757097,0.22077031966721603,False
4713,0.40907313904382653,97.03306161713331,0.229107792003977,False
4714,0.40907313904382653,97.04163066131245,0.22974601142491877,False
4715,0.40907313904382653,96.6298988461343,0.21465391393864508,False
4716,0.40907313904382653,96.94505159355462,0.26816024919069004,False
4717,0.40907313904382653,96.94505159355462,0.268996442695451,False
4718,0.3491843735073079,96.94505159355462,0.26987455881969435,False
4719,0.2829047929798921,96.14470022767519,0.2008352643585323,False
4720,0.2829047929798921,96.8930963291203,0.20205065905776243,False
4721,0.2829047929798921,96.54061130973362,0.18590826381236217,False
4722,0.208180945557171,96.80749282441211,0.1860825272925132,False
4723,0.12068101401352381,96.80749282441211,0.18683889329818928,False
4724,0.12068101401352381,96.80749282441211,0.1881068187313308,False
4725,0.12068101401352381,96.80749282441211,0.18980350969036985,False
4726,0.12068101401352381,96.80749282441211,0.19125357870850782,False
4727,0.208180945557171,96.80749282441211,0.19274676199011406,False
4728,0.2829047929798921,96.80749282441211,0.19429920995838543,False
4729,0.3491843735073079,96.80749282441211,0.19590732428197496,False
4730,0.40907313904382653,96.80749282441211,0.19685927069420708,False
4731,0.4637773498877516,96.80749282441211,0.19782102241309196,False
4732,0.5140912790181235,96.80749282441211,0.19853731779136882,False
4733,0.560576942614533,96.54564681001058,0.18918174646378305,False
4734,0.603652249754401,96.89813182939724,0.18888470856481485,False
4735,0.6436394131461666,96.863141917531,0.18913765286558876,False
4736,0.6807937753703206,96.11650485436893,0.10039308417378288,False
4737,0.6807937753703206,96.91058571209723,0.09884265454187316,False
4738,0.6436394131461666,96.91058571209723,0.09716391524726121,False
4739,0.6436394131461666,96.91058571209723,0.09529836439034385,False
4740,0.6436394131461666,96.91058571209723,0.09317992388455944,False
4741,0.6436394131461666,96.91058571209723,0.09073053358432834,False
4742,0.6436394131461666,96.91058571209723,0.08731079461893664,False
4743,0.6807937753703206,96.91058571209723,0.12250395298865394,False
4744,0.7153220528038851,96.91058571209723,0.12151404705053383,False
4745,0.7153220528038851,96.91058571209723,0.12013101402497973,False
4746,0.7153220528038851,96.91058571209723,0.11907924965570361,False
4747,0.7153220528038851,96.91058571209723,0.14775749297952198,False
4748,0.7153220528038851,96.91058571209723,0.14548182146218097,False
4749,0.830774222099454,96.91058571209723,0.14311686038727317,False
4750,0.9129467467841513,96.91058571209723,0.14167824416824576,False
4751,0.9822408213425595,96.91058571209723,0.1402931027215405,False
4752,1.0429842335712594,96.91058571209723,0.13933668589164527,False
4753,1.0972261621017099,96.91058571209723,0.13854874541863613,False
4754,1.1461683299371317,96.91058571209723,0.13793470953507478,False
4755,1.1906001864191973,96.91058571209723,0.13749488543904945,False
4756,1.1906001864191973,96.91058571209723,0.1381067019671671,False
4757,1.1906001864191973,96.91058571209723,0.13742595333647686,False
4758,1.1906001864191973,96.91058571209723,0.22130748749527682,False
4759,1.1906001864191973,96.91058571209723,0.22103162321961872,False
4760,1.1906001864191973,96.91058571209723,0.22076207910728535,False
4761,1.1906001864191973,96.91058571209723,0.22079930131247788,False
4762,1.1906001864191973,96.87275710037937,0.2208434907501538,False
4763,1.1906001864191973,96.46775351173997,0.20191233025211136,False
4764,1.1906001864191973,96.77022454629345,0.20122989364925173,False
4765,1.1906001864191973,96.77022454629345,0.2001846896581299,False
4766,1.1906001864191973,96.77022454629345,0.25290307030813236,False
4767,1.1906001864191973,96.47288013944427,0.2359734539139725,False
4768,1.1906001864191973,96.87275710037937,0.23599007670196973,False
4769,1.1906001864191973,96.86158249846657,0.2365282783811951,False
4770,1.1906001864191973,96.85079494496534,0.23709695235433811,False
4771,1.1906001864191973,96.84039418876358,0.24320201369265534,False
4772,1.1906001864191973,96.83037974683545,0.2464246741149867,False
4773,1.1906001864191973,96.82075090835689,0.24920342001537985,False
4774,1.1906001864191973,96.81150673908671,0.2502943104043137,False
4775,1.1906001864191973,96.8026460859978,0.28369549595640126,False
4776,1.1906001864191973,96.75921302307,0.3153650620196419,False
4777,1.1906001864191973,96.8407960199005,0.32107470558958506,False
4778,1.1906001864191973,96.060846298682,0.27688590682057,False
4779,1.1906001864191973,96.78772328037107,0.28325412273923717,False
4780,1.1906001864191973,96.82095125786164,0.28349189699746924,False
4781,1.1906001864191973,96.85420743639922,0.28339503132313854,False
4782,1.1906001864191973,96.82220039292731,0.2929973253782057,False
4783,1.1906001864191973,96.82477073266936,0.30023170434879604,False
4784,1.1906001864191973,96.73493618284357,0.3053253024000465,False
4785,1.1906001864191973,96.78876315267024,0.32936312918881955,False
4786,1.1906001864191973,96.08894183045463,0.2919936953267657,False
4787,1.1906001864191973,96.78379988088147,0.3159329989301992,False
4788,1.1596780472087271,96.7398832492332,0.3177616998134901,False
4789,1.1260528027543955,96.81984025244059,0.3391697954081532,False
4790,1.0895209637560108,96.81984025244059,0.3563153367790311,False
4791,1.049830215710004,96.49935903757026,0.3665412561498894,False
4792,1.006661191043945,96.90858889655853,0.3761141716377673,False
4793,0.9595986573441049,96.89956761006289,0.3837500690603523,False
4794,0.9080831196860789,96.85663924794359,0.3905927550327976,False
4795,0.8513226827573213,96.14805459756157,0.37323139699447455,False
4796,0.7881133310528374,96.10433768883276,0.35158748701466536,False
4797,0.8332754212522386,96.97381842910575,0.34963264472042593,False
4798,0.9168964532491246,96.9978797224364,0.3464242959799743,False
4799,0.9168964532491246,96.99316410918304,0.3427305857203533,False
4800,0.9168964532491246,96.67555724899981,0.34346739921461583,False
4801,0.9168964532491246,96.68508287292818,0.3438780603080115,False
4802,0.9168964532491246,97.05181939417032,0.3358535968888345,False
4803,0.9168964532491246,97.01999426002105,0.3294734971867933,False
4804,0.8332754212522386,96.98818330291094,0.32455273224029807,False
4805,0.7164037343212466,96.18599289076761,0.30038691022946257,False
4806,0.7164037343212466,96.86329138245749,0.2994933786685109,False
4807,0.7164037343212466,96.18118935536555,0.2760935169820491,False
4808,0.7164037343212466,96.54640169785839,0.27650123266504734,False
4809,0.7164037343212466,97.25062704997106,0.2526015736568999,False
4810,0.6669740736911406,97.22491282448664,0.4362123943166218,False
4811,0.6131379016405238,97.19926091607508,0.47190837610775105,False
4812,0.5541015302865538,97.17367958605877,0.4712278585769722,False
4813,0.48865925334338955,97.14817718541748,0.4724247334694426,False
4814,0.41475814399911126,97.1227621483376,0.4803520647921951,False
4815,0.4475450292450128,97.09744298548722,0.5599003279941113,False
4816,0.4475450292450128,97.07222827702368,0.6237687056677177,False
4817,0.5338213435427906,97.04712666534103,0.6289486187985871,False
4818,0.6073000958248576,97.02214684756584,0.6542923842064948,False
4819,0.6723123356476847,96.99729756781103,0.6777334867417383,False
4820,0.7309107053286835,96.97258760919772,0.7142897917736185,False
4821,0.8030751519901475,96.94802578565672,0.7152001979295842,False
4822,0.8667482733828356,96.92362093352192,0.777716016940081,False
4823,0.9239817566184623,96.83872938301772,0.8032156588717951,False
4824,0.9759799959168378,96.84518313327177,0.8234749547259516,False
4825,0.9759799959168378,96.82104827871395,0.8966972890502009,False
4826,0.9759799959168378,96.796875,0.9146266408408921,False
4827,0.9759799959168378,96.77267002518892,0.9296532395006682,False
4828,0.9759799959168378,96.74844030876599,0.9422652911148548,False
4829,0.9759799959168378,96.72419303291787,0.9527295725731234,False
4830,0.9759799959168378,95.2327687227016,0.8925958462675415,False
4831,0.9759799959168378,95.92526976968917,0.9303847190081955,False
4832,1.0235352889816478,96.42259752873252,0.9404073545906045,False
4833,1.0672075588204966,96.39458371852739,0.948066378467532,False
4834,1.1074124938573089,96.26362789678409,0.9767587659421032,False
4835,1.188567586378411,95.43636662466444,0.9429012757685038,False
4836,1.256821858716621,95.47471648496138,0.943386484324135,False
4837,1.3165020926512825,96.26910644825509,0.9441308091381327,False
4838,1.369656391356946,95.86429195804196,0.9259027628087493,False
4839,1.369656391356946,95.86429195804196,0.9163458701020487,False
4840,1.369656391356946,95.60620172026516,0.9300565007112873,False
4841,1.4174853263975424,96.38540980004394,0.9375379107174281,False
4842,1.4607771123609954,95.17339615405687,0.8940406835270971,False
4843,1.500087304398209,95.57488029060488,0.877571459395692,False
4844,1.5358269111488752,95.60878243512974,0.8637684373141489,False
4845,1.5683107643733387,94.78265690840541,0.7919122044418362,False
4846,1.5977862991309002,95.48125970281659,0.7791897122728001,False
4847,1.6244517459375531,95.48125970281659,0.8117222963387235,False
4848,1.6484681830421755,95.48125970281659,0.8054763629442937,False
4849,1.6699678238734923,95.48125970281659,0.7999917711917437,False
4850,1.6890598880293552,95.3420832169785,0.7892701400239324,False
4851,1.7058348603594315,94.5378385925719,0.7267723289084101,False
4852,1.7203676382689692,95.21921251047193,0.7171520623760214,False
4853,1.7327198888402826,95.21921251047193,0.7111683891167749,False
4854,1.7429418283750393,94.6687573500588,0.6722485189813977,False
4855,1.7510735679960252,95.09853461344113,0.6669198279272993,False
4856,1.757146123834362,94.44475713401249,0.617931747708873,False
4857,1.7611821598283575,95.18194640338506,0.6240513006291175,False
4858,1.7381476620199974,95.60682500992007,0.6384269241693992,False
4859,1.7111204573904941,95.0,0.6414345213436122,False
4860,1.7111204573904941,94.24431818181819,0.5944110345526914,False
4861,1.7091884426478088,94.89204545454545,0.5973596914168136,False
4862,1.7053179425256038,94.89204545454545,0.6035105207054017,False
4863,1.6994958846971988,94.89204545454545,0.6120644173150012,False
4864,1.691702326328675,94.89204545454545,0.6225896168604172,False
4865,1.681910033423153,94.89204545454545,0.6355437287121303,False
4866,1.6700838854842828,94.74166046804372,0.6439974788153943,False
4867,1.6561800714957418,93.9577730731819,0.5998112488644186,False
4868,1.6401450282568368,94.60433712879785,0.6086379032189696,False
4869,1.6219140512435524,94.60433712879785,0.6181582146437081,False
4870,1.6014094780428807,94.60433712879785,0.6292297945862326,False
4871,1.5785382995858783,94.45148651763078,0.6872657400581559,False
4872,1.5531889856650984,94.45959273655508,0.6981380075890362,False
4873,1.5252272024037623,94.41004672897196,0.7233647351225323,False
4874,1.4944899209507327,94.36048221111437,0.7355068237624015,False
4875,1.4607771123609954,94.31091641013498,0.7983412624284815,False
4876,1.4607771123609954,94.26136702222752,0.8101901686853893,False
4877,1.4087628841739441,94.21185220729366,0.8187992108870731,False
4878,1.3501958830341085,94.16239058255357,0.8257055651724773,False
4879,1.2830292405206856,94.11300121506683,0.8301146474695656,False
4880,1.2029373262936218,94.06370361313199,0.8322794338304323,False
4881,1.0895209637560108,94.01451771653544,0.8462302840633217,False
4882,1.0895209637560108,93.96546388562233,0.849759259882742,False
4883,1.0434758622197662,93.91656288916563,0.8946852552294731,False
4884,0.9929563290994998,93.8678358910116,0.9004505224156466,False
4885,0.9371713531760616,93.81930443548387,0.9030390432593367,False
4886,0.8959704136014894,93.77099043153159,0.9854897473758032,False
4887,0.8513226827573213,93.7229161356105,0.9801112147221328,False
4888,0.8028116417452926,93.67510413329062,0.9734578244310824,False
4889,0.7498765864518436,93.62757731958763,0.966244417834884,False
4890,0.6917244835981394,93.58035887802033,0.9868009639213816,False
4891,0.6271502454482835,92.89188663337441,0.9461253507039561,False
4892,0.5541015302865538,93.44283581120561,0.9375965801926882,False
4893,0.48865925334338955,93.1414774210389,0.9156750256476227,False
4894,0.41475814399911126,93.27736603922084,0.9018252656175827,False
4895,0.32806688317929317,92.53623663671542,0.8409511239420339,False
4896,0.32806688317929317,93.100282022693,0.8371021999573341,False
4897,0.32806688317929317,93.100282022693,0.833806690362892,False
4898,0.4023829390456117,93.100282022693,0.8170552291990065,False
4899,0.46824757305098735,93.100282022693,0.8019811843595237,False
4900,0.46824757305098735,93.100282022693,0.8125056729944328,False
4901,0.46824757305098735,92.7959398892697,0.7886318652733244,False
4902,0.5541015302865538,92.92668388635009,0.7920225721189564,False
4903,0.6271502454482835,92.1981588184648,0.726163649695779,False
4904,0.7449230491364432,92.73461818663488,0.7113364671969247,False
4905,0.8294627007514066,92.73461818663488,0.6981842508206911,False
4906,0.8294627007514066,91.5368811717145,0.555084206804407,False
4907,0.8294627007514066,92.79225515549366,0.5415848077942983,False
4908,0.8294627007514066,92.79225515549366,0.5404040295512954,False
4909,0.8294627007514066,92.79225515549366,0.53518201019452,False
4910,0.8294627007514066,92.06706872556167,0.47820193019293494,False
4911,0.8294627007514066,92.59553612822042,0.4658445343092734,False
4912,0.8294627007514066,92.60141618688372,0.45776396035666655,False
4913,0.8294627007514066,92.60826446280991,0.4542753771707073,False
4914,0.8294627007514066,92.61607555643617,0.4543769346961798,False
4915,0.8871599536752378,92.62484332739626,0.45318190993569846,False
4916,0.9396312392804823,92.14704525989855,0.43706193380229774,False
4917,0.987669233985642,92.14045721061994,0.4214616621173909,False
4918,1.0318342631894608,92.61824658618643,0.43389703889512043,False
4919,1.0725424433990627,92.60947097285516,0.4461295895190286,False
4920,1.0725424433990627,91.85654844462057,0.41416219246156394,False
4921,1.0725424433990627,92.39151971468199,0.4213704082089649,False
4922,1.0725424433990627,91.86315302820157,0.3934539057397609,False
4923,1.0725424433990627,92.61607555643617,0.3966710354101171,False
4924,1.0725424433990627,92.1300877366581,0.3872439308971808,False
4925,1.1101140846176456,92.12349099544825,0.3790165055881155,False
4926,1.1448025073660157,92.60947097285516,0.38265462970884395,False
4927,1.176812276401273,92.60165289256199,0.3853870808874189,False
4928,1.176812276401273,92.0389120508239,0.3728962549262662,False
4929,1.176812276401273,92.78760182793563,0.36869769276248215,False
4930,1.176812276401273,92.09728447139467,0.3613324217042001,False
4931,1.176812276401273,92.68052731684922,0.35852950652915505,False
4932,1.176812276401273,92.73035760897938,0.35338411294127103,False
4933,1.176812276401273,92.78062715055509,0.36879891332337456,False
4934,1.176812276401273,92.83130973908551,0.3591749293439986,False
4935,1.176812276401273,92.74747864071433,0.353783711582844,False
4936,1.176812276401273,93.00408893432149,0.3803104934116386,False
4937,1.176812276401273,93.00408893432149,0.36799045926575746,False
4938,1.176812276401273,93.00408893432149,0.3554139339297393,False
4939,1.176812276401273,93.00408893432149,0.3432407168917702,False
4940,1.176812276401273,93.00408893432149,0.33048019337257684,False
4941,1.176812276401273,93.00408893432149,0.31973907219657693,False
4942,1.176812276401273,93.00408893432149,0.30901450443007966,False
4943,1.1768122764012727,92.35049568276303,0.3091121673397096,False
4944,1.236492510335934,92.83610755441741,0.3067883850462236,False
4945,1.2896468090415973,92.83014032165055,0.3043148024046089,False
4946,1.3374757440821938,92.82508335470634,0.30174064202569123,False
4947,1.380767530045647,92.82094052736255,0.29944052911576513,False
4948,1.4200777220828606,92.81771501925546,0.2974015901703929,False
4949,1.4558173288335268,92.81540930979133,0.2951546558738818,False
4950,1.4818059297418018,92.81402517338813,0.2928058671017444,False
4951,1.5453729293185958,92.81356367606448,0.2911307810508012,False
4952,1.6002464040892987,92.81402517338813,0.289737236775588,False
4953,1.6484681830421755,92.12689442589263,0.2579973097954953,False
4954,1.6782841621862699,92.60210634472129,0.25728968909745586,False
4955,1.6990670042494946,92.60210634472129,0.25657562278004004,False
4956,1.7174198624902413,91.89727126805778,0.1853826127321038,False
4957,1.7334317754060669,92.4390243902439,0.19214190113139612,False
4958,1.7471760493126274,92.44241996535574,0.20257907909829992,False
4959,1.7334317754060669,92.44678122595538,0.22362851937853329,False
4960,1.7174198624902413,92.45210482475812,0.24510408794083335,False
4961,1.6990670042494946,92.4583866837388,0.2658421014691368,False
4962,1.6990670042494946,92.46562200191877,0.2601722563706791,False
4963,1.6789878832380218,92.47380526450294,0.265338599496099,False
4964,1.6507798552739716,92.48293025333419,0.26970803642728564,False
4965,1.64529480901696,92.4929900586286,0.28927403912207716,False
4966,1.636078838365557,92.50397709195036,0.3517834626551451,False
4967,1.651374675689345,92.51588310038119,0.37773687205087125,False
4968,1.664515430263636,92.52869918183548,0.4011970602165659,False
4969,1.6755530741995286,92.54241580146872,0.42250771901995415,False
4970,1.699176749362644,92.55702280912365,0.4419048163535807,False
4971,1.7073084889836299,92.57250945775536,0.459552987730603,False
4972,1.7133810448219666,92.58886442277446,0.475567255732849,False
4973,1.7174170808159617,92.60607582224453,0.5594129563938574,False
4974,1.7174170808159617,92.62413123786864,0.5909242695284732,False
4975,1.7174170808159617,92.64301773669747,0.5975255986235184,False
4976,1.7133810448219666,92.29523512924322,0.6042800058212798,False
4977,1.7073084889836299,92.8944099378882,0.6106348974634783,False
4978,1.7198025371586385,92.93284041897721,0.6178313856556965,False
4979,1.7104254465072817,93.05097176384305,0.6229162639888342,False
4980,1.7104254465072817,93.07172018767899,0.6234693777178788,False
4981,1.7198025371586385,93.09318430324383,0.6363525952995644,False
4982,1.7270581231328372,92.59506742801604,0.6551502038909933,False
4983,1.7322208107835513,92.89272263394484,0.6690652438066013,False
4984,1.7353105648064004,92.89272263394484,0.6817516692592318,False
4985,1.736339181998297,92.09809264305177,0.69053455319849,False
4986,1.7502451336722387,91.67423554344535,0.6760542369374496,False
4987,1.7502451336722387,91.94671510747806,0.6748083023398067,False
4988,1.7502451336722387,91.94671510747806,0.6728531523783592,False
4989,1.7502451336722387,91.94671510747806,0.6703591589961828,False
4990,1.748141112420929,91.94671510747806,0.6675817350567075,False
4991,1.7580239223821499,91.94671510747806,0.6572268267604449,False
4992,1.7650329243001464,91.94671510747806,0.6634256719823592,False
4993,1.769218689277102,91.15872057936029,0.6122924363877954,False
4994,1.7706107126123491,91.57996030552715,0.5960625632820994,False
4995,1.769218689277102,91.9992808342323,0.6079311562143286,False
4996,1.7650329243001464,92.86827280354788,0.6122235307969673,False
4997,1.7580239223821499,92.9264662101816,0.610194115398442,False
4998,1.748141112420929,92.98473914586538,0.6004696222732396,False
4999,1.7353105648064004,93.04306951054704,0.5943106575111627,False
5000,1.719431430779398,92.97303606863547,0.5839573358264742,False
5001,1.7003706410767783,93.23517477247695,0.5715159974863905,False
5002,1.6779550871232116,93.17720711842792,0.5498663279299967,False
5003,1.6519599573802695,93.18880064923772,0.5300769397951917,False
5004,1.6519599573802695,93.17720711842792,0.5099774278865521,False
5005,1.6519599573802695,93.24097153788186,0.4852091951542323,False
5006,1.6519599573802695,93.21609503290048,0.4623444484028369,False
5007,1.6519599573802695,93.19178803298824,0.4423768036310575,False
5008,1.6519599573802695,93.16806673324326,0.424049353705311,False
5009,1.6519599573802695,93.14494720075511,0.4073312486333663,False
5010,1.6519599573802695,93.12244535276346,0.3965464069595681,False
5011,1.6760230723805263,92.82103134479271,0.39736508322368613,False
5012,1.644300639040701,93.28237893354033,0.37215001088067545,False
5013,1.5759312966350407,93.28237893354033,0.34879309762829336,False
5014,1.4738989153366922,93.21669552755718,0.33281089171803135,False
5015,1.4776169519137876,93.31820624589479,0.36392294493970273,False
5016,1.4776169519137876,93.26952019745951,0.3632575660823697,False
5017,1.4776169519137876,93.22085331067548,0.3697625504271566,False
5018,1.4776169519137876,92.48088100336494,0.3848960333810021,False
5019,1.4776169519137876,93.28399629972247,0.40717177679591166,False
5020,1.4552013979602212,93.03621169916434,0.4308681632183082,False
5021,1.4274202463828694,93.44598372367521,0.43895907607303375,False
5022,1.3958301562928708,92.91240329423509,0.466195973119169,False
5023,1.3958301562928708,93.18338449971806,0.49017606758037296,False
5024,1.3984610270106808,93.15551082033215,0.5150953832111388,False
5025,1.3993371806574677,93.128276384766,0.5399480900635372,False
5026,1.4292062682172793,93.1016992137966,0.5638740372505983,False
5027,1.4552013979602212,93.0757971106727,0.5867927458682065,False
5028,1.4776169519137876,93.05058763413388,0.6087241790826773,False
5029,1.4966777416164074,93.02608807127748,0.6310597642148874,False
5030,1.4966777416164074,92.83730543176387,0.6493389010169192,False
5031,1.4995196245467155,92.89386347367736,0.6683939020262294,False
5032,1.4995196245467155,92.84730872615224,0.6854541375869203,False
5033,1.4995196245467155,92.80100389670432,0.701402711647573,False
5034,1.4995196245467155,92.75497305568491,0.7157134218979351,False
5035,1.4794731020725562,92.14443035440165,0.7494882860096889,False
5036,1.4561112661478437,92.47506192675905,0.7659118908621323,False
5037,1.4561112661478437,92.45283018867924,0.7795624174997806,False
5038,1.4561112661478437,92.43148609521245,0.7906943861499588,False
5039,1.4794731020725562,92.20858479690784,0.7910852307025947,False
5040,1.4552013979602212,92.28405599180607,0.8127594479310197,False
5041,1.4552013979602212,92.23788243382606,0.8597336290165624,False
5042,1.4552013979602212,92.19215061950578,0.8545612288473342,False
5043,1.4552013979602212,92.1468887185562,0.8402052677356191,False
5044,1.4552013979602212,92.10212527179631,0.8252016717635617,False
5045,1.4794731020725562,92.05788916343099,0.8299436469193563,False
5046,1.5004659065178618,92.01420959147424,0.852047902398409,False
5047,1.5183593905083006,91.97111603631944,0.9254561809401883,False
5048,1.5342796921456783,91.92863822746565,0.9541263667686937,False
5049,1.5473931750149272,91.88680610841716,0.9773245500786519,False
5050,1.5473931750149272,91.84564979978158,0.9970096019596435,False
5051,1.5473931750149272,91.80519956060051,1.0352808289386388,False
5052,1.547393175014927,91.7654857479561,1.0542825784986092,False
5053,1.545378825051491,91.72653877490556,1.0709320312481054,False
5054,1.541342789057496,91.68838906680568,1.0857374998033922,False
5055,1.5352702332191592,90.994553458181,1.0673187166823528,False
5056,1.527138493598173,91.38330468574846,1.0713490156646155,False
5057,1.5169165540634162,91.37040640670608,1.1023776990481506,False
5058,1.5045643034921028,91.3587648954508,1.135274505428359,False
5059,1.4900315255825651,91.3483904854806,1.1412549286459963,False
5060,1.473256553252489,91.00301659125189,1.132985917993048,False
5061,1.4541644890966259,90.57976506252368,1.1480443436040328,False
5062,1.4326648482653093,91.36460554371003,1.1476605582164665,False
5063,1.4291529843613586,91.73773987206823,1.162241114068046,False
5064,1.4220900521936763,91.71448244204728,1.1849358516336896,False
5065,1.4113949465359856,90.98078248219892,1.1790211343185273,False
5066,1.3969387860636409,90.64062139506268,1.153654059472393,False
5067,1.378534725137646,89.9353647276085,1.0849695267238024,False
5068,1.3559212235520337,90.3548610576553,1.056506141270363,False
5069,1.3287344279695676,90.34493378503234,1.0233599577164079,False
5070,1.296460736137167,90.33649033649034,1.0152440756718604,False
5071,1.2583494426149708,89.97294163123308,0.9681494127374161,False
5072,1.2583494426149708,90.19790454016298,0.9387630970935721,False
5073,1.2482389571842902,90.16904261120199,0.9092415031626594,False
5074,1.193365482413587,90.14150574622782,0.9067579220030064,False
5075,1.129798482836793,90.1153212520593,0.8783428828948854,False
5076,1.1412418450836315,90.090515545061,0.851730689052388,False
5077,1.150999540671385,89.57757599684169,0.7908380081645058,False
5078,1.1590956761386297,89.4815750019727,0.7244101507554077,False
5079,1.1655498193580116,89.93135011441647,0.7707215762785017,False
5080,1.170377295621679,89.93135011441647,0.7478215758404877,False
5081,1.173589412323443,89.08687732636415,0.6522614982365109,False
5082,1.1034990673875957,90.09775093379957,0.6418608742502271,False
5083,0.999806132804711,89.75602002702058,0.6150102996915296,False
5084,0.999806132804711,89.48285420131464,0.6086867487655936,False
5085,0.9982545693874831,89.81408539467465,0.5919927299975991,False
5086,0.995148095654003,90.11204262320771,0.5948762211261884,False
5087,0.995148095654003,90.11272898074213,0.6106582933235852,False
5088,0.995148095654003,89.70091843943794,0.5946672209093492,False
5089,0.995148095654003,89.98111128600661,0.6042565512579632,False
5090,0.995148095654003,89.22254539737442,0.5612932493138063,False
5091,0.9904799742690308,89.66870780342283,0.5502606780512025,False
5092,0.9842399889605549,89.67625617308144,0.540729041824221,False
5093,0.976414308115487,89.68539677570824,0.5335621815087258,False
5094,0.9669852958320848,88.97532610403897,0.4807595812005381,False
5095,0.9559312637896478,89.66550962448721,0.4774167574929475,False
5096,0.9432261548473415,89.5985401459854,0.47338918181705725,False
5097,0.9288391461883214,89.53247167703846,0.49713072020416044,False
5098,0.9288391461883214,89.46735119525108,0.49316233847133994,False
5099,0.9288391461883214,88.29616557035135,0.36367878688060495,False
5100,0.9288391461883214,89.49141665329697,0.36112281012176317,False
5101,0.9127341558073343,89.50192184497118,0.3891201957026452,False
5102,0.9127341558073343,89.51406649616368,0.4170172324977299,False
5103,0.9127341558073343,89.52783538044345,0.4351647173701207,False
5104,0.9127341558073343,88.67849153084052,0.37965489990162504,False
5105,0.8948692308065574,89.54065300896286,0.39260162645558616,False
5106,0.9127341558073343,89.1767924680132,0.38605637593351966,False
5107,0.9288391461883214,88.87540453074433,0.39304841639173316,False
5108,0.9432261548473415,89.58926392842619,0.4989685129278235,False
5109,0.9559312637896478,88.96299308662057,0.6095049280915245,False
5110,0.9669852958320848,89.43472956486377,0.745262305199448,False
5111,0.9669852958320848,89.43472956486377,0.8452785774713261,False
5112,0.9669852958320848,89.43472956486377,0.972050187903869,False
5113,0.9559312637896478,89.43472956486377,1.1894125625122083,False
5114,0.9432261548473415,89.43472956486377,1.3174426013693123,False
5115,0.9288391461883214,89.43472956486377,1.4079739244988487,False
5116,0.9127341558073343,89.43472956486377,1.4914872319690302,False
5117,0.8948692308065574,88.6706703457231,1.5609158879638554,False
5118,0.875195788740725,89.14257954821473,1.6672441487698788,False
5119,0.8536576732793313,89.16168631884995,1.7151538550013203,False
5120,0.8301899714180443,89.18244059605315,1.7604348727706416,False
5121,0.804717519321077,88.64277084172372,1.8166891986926834,False
5122,0.8916091590804429,88.59444220700765,1.8451002834694776,False
5123,0.9440231356865455,88.67833239254898,1.8485054354042465,False
5124,1.0128030232541478,89.067782965706,1.857783209314101,False
5125,1.0730208202534555,88.76992432780551,1.858625309798061,False
5126,1.1267251857192597,88.95507969731122,1.8615658381571902,False
5127,1.175117286794541,88.4241791763667,1.8578836882904426,False
5128,1.2189859772419214,87.75542784163474,1.8364692991696923,False
5129,1.2588874993443833,87.41219667943805,1.8142730627799015,False
5130,1.2952336017523502,87.12658328686369,1.7636085383318822,False
5131,1.3283399146847865,87.18234684935872,1.7180172364530806,False
5132,1.3584547364298434,86.74200222823492,1.6496124692971097,False
5133,1.3857772327036844,85.73127229488703,0.8759652485541829,False
5134,1.3857772327036844,86.13656282367938,0.9531062609648744,True
5135,1.3819829643540342,86.36399968028135,1.0079463019827415,True
5136,1.374344879613302,86.27893845285149,0.9513874185997965,True
5137,1.3939473942522724,86.19342233800064,0.854522523717376,True
5138,1.4113949465359856,85.66381860006572,0.4679849901291847,True
5139,1.4267547652077353,86.35270707238206,0.6832613392114135,True
5140,1.4400831784759722,86.29611083291604,0.6861849999854258,True
5141,1.4514270347987224,85.85349462365592,0.5453445011845284,True
5142,1.4766549183659508,86.25179673628139,0.6233794137452884,True
5143,1.498941259446481,86.98472305197576,0.6999505890857337,True
5144,1.5184387137728148,86.82137352286351,0.6989037819204439,True
5145,1.5352702332191592,87.0618556701031,0.6903444388639193,True
5146,1.5495348211113549,86.97424334402913,0.7105381221820641,True
5147,1.5613116549052575,86.88610697715136,0.7462697728651755,True
5148,1.570663071721726,86.79745493107104,0.7695913067289268,True
5149,1.577636732431408,86.20874219446922,0.7560292113837104,True
5150,1.5798387881475398,86.94281855020262,0.7552951767376156,True
5151,1.57983878814754,87.19732562341886,0.7852591612439498,True
5152,1.577636732431408,87.11236774899672,0.8081272614439087,True
5153,1.5732230293875173,86.55740723690268,0.8196986192641743,True
5154,1.5665782425417163,87.2757691235245,0.8307749623159789,True
5155,1.565263635906296,87.2226902555462,0.8387836308477614,True
5156,1.5613116549052575,87.17006033182504,0.8446011444961661,True
5157,1.554697508762069,86.65274349724702,0.8515624476637003,True
5158,1.545378825051491,87.23831373673644,0.8488502582178594,True
5159,1.530333327439556,87.4916067146283,0.8338587493860632,True
5160,1.5125568756434098,87.99381821694195,0.7841256518271474,True
5161,1.4919310878474152,87.91455325790089,0.7392103936470502,True
5162,1.4683074126842999,87.83490937746257,0.6992392244983017,True
5163,1.4608248015713592,87.7548990351139,0.6653411492601952,True
5164,1.4514270347987224,87.67453540934204,0.6395288260623102,True
5165,1.4400831784759722,87.06634205721241,0.6385459893576696,True
5166,1.4109839980999699,87.84060643310796,0.6047766244511802,True
5167,1.3969387860636409,88.12583530379356,0.5474515188495327,True
5168,1.3808832571151748,88.05024916943522,0.4990215489088174,True
5169,1.362759877482492,87.97441811700565,0.46162232841809125,True
5170,1.3425003133763334,87.358390682901,0.4608004446053435,True
5171,1.320023576372009,88.17491713888592,0.4071358886392672,True
5172,1.2952336017523502,88.14250456057516,0.38723883253425473,True
5173,1.2680160454788014,88.11113504199871,0.34824848587842994,True
5174,1.2310786130055862,88.08082991138967,0.31205068852029594,True
5175,1.2189859772419214,88.05161010517185,0.28137280311514207,True
5176,1.201681991620676,88.02349613836614,0.25202294332682706,True
5177,1.1787269834988532,87.99650807507639,0.22620097334794842,True
5178,1.1494318918359776,87.97066549912434,0.20575398642012072,True
5179,1.1126817966979572,87.94598748490503,0.19280947627096068,True
5180,1.046078320219219,87.92249256853462,0.26151756075330657,True
5181,0.9665364727522964,87.9001987193641,0.25637353647606226,True
5182,0.8536576732793313,87.8791233119327,0.25284972088321955,True
5183,0.8536576732793313,87.85928309843524,0.25276034665282265,True
5184,0.8536576732793313,87.84069418177774,0.252545450522602,True
5185,0.875195788740725,87.82337198929527,0.277431955618442,True
5186,0.875195788740725,87.80733124720608,0.2854424771126206,True
5187,0.8948692308065574,87.79258595587412,0.2900321204928837,True
5188,0.9127341558073343,87.7791493659522,0.29183446822485953,True
5189,0.9288391461883214,87.7670339554756,0.3086897024430694,True
5190,0.9432261548473415,87.74498760982203,0.3098828605542818,True
5191,0.9432261548473415,87.8596412050096,0.31073010986946614,True
5192,0.9432261548473415,87.2270245677889,0.27531809297668447,True
5193,0.9432261548473415,87.92708094473744,0.27502878930612606,True
5194,0.9432261548473415,87.90767110702802,0.27619906468196903,True
5195,0.9432261548473415,88.01610120759057,0.2776179224929161,True
5196,0.9432261548473415,87.93584379358438,0.3282597546461774,True
5197,0.9432261548473415,87.85529715762274,0.3283074596922063,True
5198,0.9559312637896478,87.77448071216617,0.3273038096040296,True
5199,0.9669852958320848,87.69341489744512,0.3611115619025965,True
5200,0.976414308115487,87.03030303030303,0.3081688484813743,True
5201,0.976414308115487,87.91033806957374,0.3086642313824174,True
5202,0.976414308115487,87.88027477919529,0.3107010544881325,True
5203,0.9669852958320848,87.98673381648446,0.3140120548136741,True
5204,0.9669852958320848,87.90963257199603,0.3657681651957702,True
5205,0.9669852958320848,87.31811339688912,0.34712759880255417,True
5206,0.9669852958320848,88.11002661934339,0.34069998027315124,True
5207,0.9669852958320848,88.04347826086956,0.33756580503640204,True
5208,0.9559312637896478,87.97729618163055,0.33760255774979503,True
5209,0.9432261548473415,87.3519843851659,0.37676358436248547,True
5210,0.9432261548473415,87.97742485890537,0.37637839055776057,True
5211,0.9559312637896478,87.89969483879527,0.38007421522276696,True
5212,0.9669852958320848,87.82188841201717,0.38660740148910566,True
5213,0.976414308115487,87.74403470715835,0.39543910856903186,True
5214,1.0844863484244938,87.66616417705906,0.4058011178236101,True
5215,1.1590956761386297,87.58830863000415,0.4172558898798803,True
5216,1.2132336634320215,86.99243909269113,0.3976497232526006,True
5217,1.2583494426149708,87.80073591848287,0.4182074424937535,True
5218,1.296460736137167,87.73032423939438,0.4404396767821779,True
5219,1.296460736137167,87.04050742395849,0.4362659493260756,True
5220,1.305875511291131,87.70730288041896,0.4640451415452767,True
5221,1.3135448704851065,87.63053390204442,0.4919900888674505,True
5222,1.3194892909924263,87.5539033457249,0.561989500097371,True
5223,1.3237243701143493,87.47745039085989,0.5652812336899056,True
5224,1.3237243701143493,86.8693009118541,0.5413889427906866,True
5225,1.3237243701143493,87.69396220617607,0.5518332499433855,True
5226,1.3634806730596907,87.62214983713355,0.5644004503066493,True
5227,1.3984610270106808,87.55089257751331,0.5797096745222186,True
5228,1.429206268217279,87.48024027821688,0.5959699925494729,True
5229,1.5303624958688409,86.75602361576512,0.5826458117260275,True
5230,1.597821970086878,87.4375905942986,0.6041976738221301,True
5231,1.6519599573802695,87.3595048053429,0.6252986450099068,True
5232,1.6970757365632192,87.28171334431632,0.704807065166894,True
5233,1.735187030085415,87.20426524491836,0.7179493732275257,True
5234,1.767460721917816,87.12721145745577,0.7313198325417678,True
5235,1.7946475175002816,87.05060487306186,0.7827139240065755,True
5236,1.8236067368724704,86.97450034458994,0.7780057393216077,True
5237,1.8236067368724704,86.89895470383276,0.7726997931300901,True
5238,1.8236067368724704,86.82402677470495,0.7667443797574909,True
5239,1.8236067368724704,86.74977738201247,0.7600823685239101,True
5240,1.8236067368724704,86.67626935541952,0.7525254655033878,True
5241,1.8432561488288361,86.6035675282126,0.7442200295602096,True
5242,1.8590269159366017,86.07175712971481,0.7032584403691243,True
5243,1.8590269159366017,86.87000185977311,0.710339432236783,True
5244,1.8590269159366017,86.78571428571429,0.716494996070158,True
5245,1.8761163702271761,86.70212765957447,0.7215167356552719,True
5246,1.8985319241807423,86.61931272797082,0.7252024190125371,True
5247,1.9092270298384333,86.53734238603298,0.7266498368174354,True
5248,1.9092270298384333,86.4562916503332,0.7268490412610957,True
5249,1.9282878195410529,86.37623762376238,0.725683924535406,True
5250,1.9356248863940855,86.29725945189038,0.7220040008961358,True
5251,1.9356248863940855,86.21943827035764,0.7168727335364957,True
5252,1.9441669535680555,85.44897959183673,0.6520196469826552,True
5253,1.9353507517087352,86.15004122011541,0.6499577260880377,True
5254,1.93325406707882,86.06882168925965,0.6449717928291291,True
5255,1.9297457758226948,85.46106773580924,0.5896530634528699,True
5256,1.9246228432029286,86.33646456020496,0.5999430670562639,True
5257,1.9176449157790274,86.26266982963122,0.6080114085991258,True
5258,1.9085244979174423,86.19037246787192,0.6138841356487691,True
5259,1.9195401794781448,86.11966564012319,0.617584645552335,True
5260,1.9302348236284363,86.05064415815193,0.6182356328925697,True
5261,1.9405404421049912,85.98340435075129,0.6319891416453965,True
5262,1.9304169349797038,85.9180439212135,0.6264347221185199,True
5263,1.9172908378261742,85.85466179159049,0.6237335178116306,True
5264,1.9005893064584323,85.79335793357933,,True
5265,1.9119464762887697,85.73423318594368,,True
5266,1.922807661262219,85.67738905846443,,True
5267,1.9330643714792728,85.62292752250119,,True
5268,1.9425884284903308,85.57095078834209,,True
5269,1.9233403670409839,85.52156106962178,,True
5270,1.8984557484531848,85.47486033519553,,True
5271,1.9079787727898019,85.4309500489716,,True
5272,1.91646248951906,85.38993089832182,,True
5273,1.9236823796440554,85.35190251181298,,True
5274,1.9293658874684918,85.31696316712603,,True
5275,1.929811925513064,85.28520949015649,,True
5276,1.9274521054244969,85.25673614641586,,True
5277,1.9216495685547725,85.23163552597902,,True
5278,1.9115854196048738,85.2099974233445,,True
5279,1.8961825742000666,85.19190871369294,,True
5280,1.9053242150024603,85.17745302713988,,True
5281,1.912326045531446,84.8779207140982,,True
5282,1.916615921862549,85.21256931608133,,True
5283,1.9174554882121133,85.10581301901955,,True
