second,entropy,pct_det,rmse,edge_window
0,1.0701171824542435,96.06958762886597,,True
1,1.1154191407561969,96.10721123165284,,True
2,1.152021484634878,96.14533965244865,,True
3,1.181674238559905,94.50651769087523,0.5559057126886202,True
4,1.2056790882462356,95.88414634146342,0.5532315535296891,True
5,1.2250335169881907,95.92692422881102,0.5544485271863139,True
6,1.2405193035617867,95.96940276551928,0.5391768735022708,True
7,1.2980413872772285,96.01156069364161,0.5060334518375355,True
8,1.344240340176136,96.05337876206701,0.5148134491629522,True
9,1.3817918999211498,95.24479459763647,0.5084960406717582,True
10,1.4124993887955277,93.7517279513409,0.38202061948196303,True
11,1.4376585467234848,95.08285791904373,0.3691738612315779,True
12,1.5635746897178755,95.14148424986652,0.3825569466738868,True
13,1.6390754187663525,95.19937040923399,0.37607023069333667,True
14,1.6951739786300073,95.25650940964167,0.3751661250166171,True
15,1.7388734170500224,95.31289587028122,0.37418542059842036,True
16,1.7540569834371613,95.36852589641434,0.3728008011750943,True
17,1.7659009644045898,95.42339696524718,0.370728159860139,True
18,1.7749257502512932,95.47750781813808,0.36771108575541817,True
19,1.7815517337152158,95.53085835895011,0.3658130216726354,True
20,1.7861235943213822,95.58344955834495,0.3477437398864809,True
21,1.7889273776963224,95.63528336380256,0.3423018401731213,True
22,1.7902028747811358,94.98752551599001,0.3210964149789439,True
23,1.790152820787143,95.52104433941031,0.3225738178098554,True
24,1.7889498754232533,95.53372041089773,0.3808874391498462,True
25,1.7867420145525472,95.54718653079308,0.3870789784209721,True
26,1.7836567589059753,95.56141507361019,0.39227846075738904,True
27,1.779804534919489,95.57637829592504,0.38748887571130985,True
28,1.7752813769436118,95.59204840103716,0.40983063666204905,True
29,1.7701711222028167,95.60839760068552,0.4090693043630478,True
30,1.7645472099623474,94.20198186801602,0.2998574720853822,True
31,1.7635185927704509,95.41398630421249,0.3010660482027288,True
32,1.7635185927704509,94.69135802469135,0.2566179944208783,True
33,1.7635185927704509,95.28763769889841,0.2569429359914032,True
34,1.7604288387476017,95.30839231547017,0.25684087229966324,True
35,1.7741059170584725,95.32972539587091,0.38339851882695725,True
36,1.7900262186958502,95.35160905840286,0.38503112988504146,True
37,1.7987259985212085,95.3740157480315,0.3853570777547692,True
38,1.8044896494088345,95.39691827579482,0.4147952555758116,True
39,1.8073608077503696,94.97087378640776,0.40952268694333754,True
40,1.8073608077503698,95.30344027831465,0.40947692124861285,True
41,1.8044896494088347,95.30678976726294,0.4094813986538127,True
42,1.7987259985212087,95.31100478468899,0.409534519611945,True
43,1.7900262186958504,95.31607006854532,0.4097134350541606,True
44,1.7783223227380405,94.45283018867924,0.3596542819474617,True
45,1.7635185927704509,95.15797345298186,0.35943190352700777,True
46,1.7454864202597278,95.18429338766438,0.3607275781661449,True
47,1.7240565990777008,95.21100917431193,0.36363046196433346,True
48,1.699007751305905,94.74260679079956,0.3473753694402608,True
49,1.6700485319337162,95.0971490829853,0.3519264910881603,True
50,1.6367891805129136,95.10565288062128,0.35803240066264885,True
51,1.598693430852108,95.11494252873563,0.36615195014292595,True
52,1.55499063467752,95.125,0.3762022459129155,True
53,1.5044962656329393,95.13580685247648,0.3878144907394955,True
54,1.4451769172464783,95.14734427386624,0.40108332747164166,True
55,1.3727193044922674,93.9240947075209,0.3008931345728459,True
56,1.2667356005770385,94.98454139470972,0.3180445857282675,True
57,1.2667356005770385,95.03473987459752,0.33734319991260825,True
58,1.2667356005770385,94.41265567149108,0.3225062020595215,True
59,1.2667356005770385,94.98663101604278,0.34390212138189064,True
60,1.2667356005770385,95.02239920358387,0.36369208521139684,True
61,1.2667356005770385,95.0584747158623,0.3713684963691686,True
62,1.2667356005770385,95.09483322432963,0.37985727281533316,True
63,1.3135448704851067,95.13145082765335,0.3890393205212863,True
64,1.3548527368476762,95.16830407473023,0.39859132980005985,True
65,1.3914372992027793,95.20536998561612,0.4082724593823412,True
66,1.4238430936939135,95.24262607040913,0.4158030819343623,True
67,1.4524690941546656,95.28005034612964,0.42273579793439253,True
68,1.4738989153366922,95.31762135164664,0.4289397497884864,True
69,1.4919310878474152,95.35531816070599,0.4332133886344318,True
70,1.5067348178150048,95.3931203931204,0.436855532640164,True
71,1.5184387137728148,95.43100822418519,0.43940087300310604,True
72,1.527138493598173,95.46896239238785,0.44077383001925685,True
73,1.527138493598173,95.50696420548151,0.4409031801790183,True
74,1.527138493598173,95.54499554499554,0.4397195209414255,True
75,1.527138493598173,95.58303886925795,0.4387337552593261,True
76,1.527138493598173,95.62107721500512,0.4367323027462754,True
77,1.527138493598173,95.65909419765592,0.43365596877077073,True
78,1.527138493598173,95.69707401032703,0.42944001415129723,True
79,1.527138493598173,95.7350014216662,0.42507865825022945,True
80,1.527138493598173,94.68653359572673,0.42160562497256,True
81,1.527138493598173,95.53856845031272,0.4282809852811387,True
82,1.527138493598173,95.57509962896798,0.4342285194362744,True
83,1.527138493598173,95.61141304347827,0.4394673909103369,True
84,1.527138493598173,95.64750134336379,0.4440196914747116,True
85,1.5169165540634162,95.68335768362333,0.4479099921479095,True
86,1.5045643034921028,95.71897570584373,0.4530641086405621,True
87,1.5045643034921028,95.7543495196053,0.45793973325849424,True
88,1.5045643034921028,95.78947368421052,0.46252331290138154,True
89,1.5045643034921028,95.82434319076025,0.4678044080826687,True
90,1.5045643034921028,95.85895344459782,0.4729912141919827,True
91,1.5045643034921028,95.89330024813896,0.47617751137656544,True
92,1.5045643034921028,95.92737978410206,0.4788450053315263,True
93,1.5045643034921028,95.961188599151,0.4810083535315498,True
94,1.5045643034921028,95.99472358796018,0.4826802302613269,True
95,1.5045643034921028,96.02798197770927,0.48387145694753547,True
96,1.5169165540634162,96.0609613130129,0.4845911030093474,True
97,1.527138493598173,96.09365944128898,0.48484656115099045,True
98,1.5352702332191592,96.12607449856733,0.48464359989743555,True
99,1.5413427890574958,96.15820489573889,0.48398639525103965,True
100,1.545378825051491,96.19004930524429,0.48287754255473375,True
101,1.547393175014927,96.22160664819944,0.4813180489319903,True
102,1.547393175014927,96.25287608195464,0.4793073059886108,True
103,1.545378825051491,96.28385698808233,0.4768430417633047,True
104,1.5413427890574958,96.31454896078851,0.4739212501582543,True
105,1.5352702332191592,96.34495179574107,0.47053609521741907,True
106,1.527138493598173,96.37506547930853,0.46667978658785936,True
107,1.5169165540634162,96.40489017820141,0.4623424212188374,True
108,1.5045643034921028,96.43442622950819,0.457511784717954,True
109,1.5076213244090613,96.46367413111764,0.452173103644182,True
110,1.5076213244090613,96.4926345325183,0.4463087371612481,True
111,1.5045643034921028,96.52130822596631,0.4419725383623101,True
112,1.4984244813325358,96.54969613801215,0.42859257018926544,True
113,1.4891489665409592,96.57779932137663,0.4194885471237172,True
114,1.4766549183659508,96.60561894716656,0.40988580672406255,True
115,1.4608248015713592,96.63315629742033,0.39981440723899625,True
116,1.441499001640642,96.66041275797373,0.3892984885180713,True
117,1.418464503832282,96.6873898116359,0.3783563804743537,True
118,1.3914372992027793,96.7140890316659,0.3670005821260772,True
119,1.360034097940745,96.74051207554022,0.3552375951169994,True
120,1.3237243701143493,96.76666067900126,0.34306758319492103,True
121,1.2817425764699486,96.79253665037761,0.33048381178688047,True
122,1.2329087607099036,96.81814186516657,0.31747179615471216,True
123,1.1735894123234427,96.84347826086956,0.30400804684481886,True
124,1.170377295621679,96.86854783207157,0.29005823687948246,True
125,1.1655498193580116,96.89335262575538,0.2755745069406841,True
126,1.1590956761386297,96.9178947368421,0.31307420595198554,True
127,1.150999540671385,96.94217630394934,0.298941865516278,True
128,1.1412418450836315,96.96619950535862,0.28452707510986164,True
129,1.1412418450836315,96.98996655518394,0.2698200993254482,True
130,1.129798482836793,97.01347969973364,0.2548071350174804,True
131,1.1166404295430468,97.03674121405751,0.24815588375373154,True
132,1.1017332648846088,96.67515112949411,0.2743790453991738,True
133,1.0850365744330075,96.95049504950495,0.285547967437652,True
134,1.066503202885787,96.95559586718196,0.2863435879786058,True
135,1.046078320219219,96.96089209989006,0.30146448091722416,True
136,1.0236982481827188,96.96637998436279,0.43780559343172315,True
137,0.9992889743797904,96.97205573285592,0.4867196884376059,True
138,0.9992889743797904,96.97791553661372,0.5595306222558644,True
139,0.9992889743797904,96.98395556926874,0.6194774534993019,True
140,0.9992889743797904,96.99017199017199,0.6702582236149921,True
141,0.9992889743797904,96.99656094764998,0.7140438729535005,True
142,1.0236982481827188,97.00311858218605,0.7414216368358197,True
143,1.046078320219219,97.00984102952309,0.7721017514359673,True
144,1.066503202885787,97.0167244236854,0.7991086103964392,True
145,1.0850365744330075,97.02376489991754,0.822915797325928,True
146,1.0239228180015463,96.11758592532107,0.8258409401550526,True
147,0.9288391461883214,96.92002352249338,0.8451200660022058,True
148,0.9432261548473415,96.94278643179503,0.8620123714385278,True
149,0.9559312637896478,96.96532833561595,0.8767537968216096,True
150,0.9559312637896478,96.9876507959169,0.8895469035250854,False
151,0.9559312637896478,97.22222222222223,0.8982132785185192,False
152,0.9669852958320848,96.40731292517007,0.8909416165906365,False
153,0.976414308115487,97.3639455782313,0.8909985927362308,False
154,0.9842399889605549,97.20756840402335,0.8952690399152461,False
155,0.9904799742690308,97.43088522759005,0.8897817262437732,False
156,0.995148095654003,98.4012845573862,0.8330135037548185,False
157,0.9982545693874831,97.98732502263388,0.8064164076694311,False
158,0.999806132804711,98.29813837176994,0.7584600903005136,False
159,1.1042875713905729,98.29580879806026,0.7108375868563955,False
160,1.175193620727556,98.2937275490467,0.6634257426602418,False
161,1.2329087607099036,98.29189338108685,0.6160734441970468,False
162,1.2817425764699486,98.12659274054687,0.5827253918719176,False
163,1.3237243701143493,98.2436806942627,0.5408828771580081,False
164,1.3194892909924263,98.2436806942627,0.49950834116274234,False
165,1.3135448704851065,98.2436806942627,0.45849525466318897,False
166,1.305875511291131,98.2436806942627,0.42057635579739605,False
167,1.296460736137167,98.2436806942627,0.3812425742555395,False
168,1.3287344279695676,98.2436806942627,0.3420848929219723,False
169,1.3559212235520337,98.2436806942627,0.3030505434220212,False
170,1.391334586143604,98.2436806942627,0.2638301176943605,False
171,1.4230670603378361,98.2436806942627,0.26834406475882416,False
172,1.4514270347987224,97.76847020049436,0.27380151841366845,False
173,1.4766549183659508,98.12470056806515,0.2621476151024628,False
174,1.498941259446481,97.2363685747267,0.24794730118547798,False
175,1.506734817815005,97.91849107443583,0.24396729697858607,False
176,1.5125568756434098,98.08219178082192,0.23978657588477661,False
177,1.5164273757656148,98.09251628339759,0.24379879551508363,False
178,1.6166737352295537,98.1029810298103,0.24793861072936807,False
179,1.683186927476445,98.11357959773892,0.252116517458089,False
180,1.736339181998297,98.12430560094111,0.28999485308770795,False
181,1.78042634398935,98.1351526965562,0.2906356747220217,False
182,1.817462233452133,98.14611459208062,0.29316424603680424,False
183,1.8486092736278148,98.15718505200977,0.29251388891002267,False
184,1.8779981249264126,98.16835790414194,0.2919868470845862,False
185,1.9029213083046064,98.17962704554104,0.2916658283768705,False
186,1.923753750396834,97.91994957453514,0.28757025481025456,False
187,1.9407698685349701,98.246273330828,0.28656792315852353,False
188,1.9541716041633284,98.246273330828,0.28591703857487066,False
189,1.9641056946725457,98.246273330828,0.28543885364787847,False
190,1.9746265604944933,98.246273330828,0.28515711540430844,False
191,1.9793743593188131,97.45709632970062,0.24371841936071736,False
192,1.9809522452294839,98.37153952148316,0.2377691646669787,False
193,1.9793743593188133,98.38609172482552,0.2316018840009972,False
194,1.9746265604944933,98.4006942722539,0.3053909419669273,False
195,1.966665652338337,98.13170551239364,0.30539076449820723,False
196,1.9554169551936995,98.37981571949787,0.2996270207410591,False
197,1.9407698685349704,98.45990771916698,0.28982793456768463,False
198,1.922570720260972,98.44722449236185,0.28085770956936346,False
199,1.900611626512025,98.43452909113957,0.2727041127608716,False
200,1.900611626512025,97.47116237799467,0.2279911505065986,False
201,1.900611626512025,98.30143237419192,0.2241482259608905,False
202,1.900611626512025,97.89091372499044,0.21840985136381377,False
203,1.91901568743802,98.16807583909814,0.2181530541077041,False
204,1.933471847910365,98.15220190574298,0.21805236744801315,False
205,1.9441669535680555,98.13640481428756,0.21804710570753671,False
206,1.9512298857357377,98.12069189751593,0.21789790755520125,False
207,1.9547417496396884,98.10507056978568,0.2176050953928199,False
208,1.9547417496396884,98.08954831932773,0.21716081586582905,False
209,1.9512298857357377,98.07413270017148,0.21655622573576094,False
210,1.9441669535680552,98.05883132370478,0.21579061626254323,False
211,1.9441669535680552,98.04365184988022,0.21446244751625215,False
212,1.9441669535680552,98.02860197808073,0.2128649957329478,False
213,1.9334718479103647,98.01368943765938,0.21085110486620284,False
214,1.9190156874380198,97.21061851502493,0.028690862761548933,False
215,1.900611626512025,98.12635281385282,0.03048674423391352,False
216,1.8779981249264126,98.12365010799137,0.03240856145417116,False
217,1.8508113293439468,98.12121212121212,0.03449260379774646,False
218,1.8185376375115458,98.11903802230283,0.036594222951168494,False
219,1.78042634398935,98.11712677566337,0.03867851311748467,False
220,1.7635185927704509,98.11547714514836,0.04071209390163922,False
221,1.7434720702962916,98.11408769825402,0.042662778071865366,False
222,1.720110234371579,98.11295681063123,0.04449544412638168,False
223,1.6932052364410144,98.1120826709062,0.0490973095768279,False
224,1.662459995234416,98.11146328578975,0.0528378150429121,False
225,1.612781330590971,98.11109648545478,0.05416862449631293,False
226,1.5542504862074875,98.11097992916174,0.05538042609939488,False
227,1.482555932867527,98.11111111111111,0.0563268210731516,False
228,1.3773114348674147,98.11148736650169,0.05685814628212994,False
229,1.3392246071829446,98.11210587777346,0.05686737501184321,False
230,1.2964607361371667,98.11296368101331,0.05624220464778455,False
231,1.2482389571842902,98.11405767250257,0.056429159600380314,False
232,1.193365482413587,98.11538461538461,0.05624722109370312,False
233,1.129798482836793,98.11694114643176,0.05622139402014661,False
234,1.0532169913190046,98.11872378289056,0.05598895655840849,False
235,0.9432261548473415,98.12072892938497,0.055555413130805205,False
236,0.9432261548473415,98.12295288485765,0.12459652786621651,False
237,0.9432261548473415,98.12539184952978,0.12832622495719032,False
238,0.9432261548473415,98.12804193186072,0.1311435917272293,False
239,0.9288391461883214,98.13089915548932,0.13321364129287838,False
240,0.9127341558073343,98.1339594661394,0.13467017666002648,False
241,0.8948692308065574,98.13721873847288,0.13562500931825802,False
242,0.875195788740725,98.02446483180428,0.1361974782598551,False
243,0.8536576732793313,98.17473837916768,0.13546838850905385,False
244,0.8301899714180443,98.17473837916768,0.1946108661677147,False
245,0.804717519321077,98.17473837916768,0.19861250741977468,False
246,0.7771529943226336,98.17473837916768,0.19891705819157726,False
247,0.7473944462440387,98.17473837916768,0.20364346770364256,False
248,0.7153220528038851,98.17473837916768,0.20760622824365493,False
249,0.6807937753703206,98.17473837916768,0.21091956951700586,False
250,0.6436394131461666,98.17473837916768,0.21367880525105437,False
251,0.603652249754401,98.17473837916768,0.21596463024232682,False
252,0.677903479475398,98.17473837916768,0.21784613368853814,False
253,0.7164037343212466,98.17473837916768,0.21927626539939443,False
254,0.7391385203526044,98.17473837916768,0.2204495233335944,False
255,0.7498765864518436,98.17473837916768,0.22140225976644332,False
256,0.7498765864518436,97.63932830372353,0.19196557331645478,False
257,0.7391385203526044,98.27208566561207,0.1899677930073712,False
258,0.7164037343212466,98.26304241833252,0.18830913507466904,False
259,0.677903479475398,98.25418141863021,0.18695421544478627,False
260,0.603652249754401,98.24550678567061,0.18586773355270494,False
261,0.6436394131461666,98.23702252693438,0.18501508068543687,False
262,0.6807937753703206,98.22873253248345,0.18436287399625437,False
263,0.7153220528038851,98.22064056939502,0.1838794040842112,False
264,0.7473944462440387,97.52487409409163,0.18346887377646054,False
265,0.7771529943226336,98.32185886402753,0.17919195737044893,False
266,0.7771529943226336,98.21559520899535,0.178927735208054,False
267,0.7771529943226336,98.34770987729316,0.1739596492948442,False
268,0.7771529943226336,98.34062727935813,0.21782442103380947,False
269,0.7771529943226336,98.33373874969594,0.21475426858252905,False
270,0.7771529943226336,98.3270470860202,0.21222331214705586,False
271,0.7771529943226336,98.32055494706097,0.21018987949419257,False
272,0.7771529943226336,98.31426484907497,0.20861115494925464,False
273,0.7771529943226336,98.30817916260955,0.20755675652257258,False
274,0.7771529943226336,98.30230010952903,0.20683482344012274,False
275,0.7771529943226336,98.29662976031148,0.2060363430623069,False
276,0.7771529943226336,98.29117003162247,0.2055453624831158,False
277,0.804717519321077,98.28592268417214,0.20528714079029858,False
278,0.8301899714180443,98.28088932086017,0.2053138137106739,False
279,0.8536576732793313,98.27607138521306,0.20560986074299592,False
280,0.875195788740725,98.27147016011645,0.2061599806563995,False
281,0.8948692308065574,98.2670867668444,0.20694915367260758,False
282,1.006634797484697,98.26292216438688,0.23792553566157412,False
283,1.0850365744330075,98.25897714907508,0.2425047864695239,False
284,1.1504718163625702,97.60004836174586,0.20305740715806284,False
285,1.2072640872959293,98.15016322089227,0.20773465320502446,False
286,1.2574580300524587,98.15016322089227,0.21212558156504216,False
287,1.3022504881911108,98.15016322089227,0.2159681953029658,False
288,1.3424256522693587,97.60609357997824,0.1954974813827342,False
289,1.3785347251376459,98.25897714907508,0.20499376940210204,False
290,1.4109839980999699,98.26292216438688,0.3018504104647228,False
291,1.4400831784759722,98.2670867668444,0.3703039347694507,False
292,1.4514270347987224,98.27147016011645,0.42443000233869754,False
293,1.4608248015713592,98.27607138521306,0.46930562555916483,False
294,1.4608248015713592,98.28088932086017,0.5074786922982463,False
295,1.4608248015713592,98.28592268417214,0.5078301473810344,False
296,1.4608248015713592,98.29117003162247,0.5318672804687875,False
297,1.4608248015713592,98.29662976031148,0.5319439311593394,False
298,1.4608248015713592,98.30230010952903,0.5465995481210562,False
299,1.4608248015713592,98.30817916260955,0.5585442939445003,False
300,1.4608248015713592,98.31426484907497,0.5690665110394222,False
301,1.4608248015713592,98.32055494706097,0.570027530850689,False
302,1.4608248015713592,97.70045017642049,0.5721033883079417,False
303,1.4608248015713592,98.41887618584286,0.5828624902371918,False
304,1.4608248015713592,98.41887618584286,0.5922609799839921,False
305,1.4608248015713592,98.41887618584286,0.6004388566735742,False
306,1.4608248015713592,98.41887618584286,0.6075187385779304,False
307,1.4608248015713592,98.41887618584286,0.6136093379616105,False
308,1.4608248015713592,97.76818292386281,0.6117587537242939,False
309,1.4608248015713592,98.49185113111164,0.6102596456901608,False
310,1.4608248015713592,99.20982251398006,0.5778352449343118,False
311,1.4608248015713592,99.20982251398006,0.5398083814467046,False
312,1.4608248015713592,99.20982251398006,0.5114440995161769,False
313,1.4514270347987224,99.20982251398006,0.4817221168640123,False
314,1.4400831784759722,99.20982251398006,0.4517137920212619,False
315,1.4267547652077353,98.49793237655072,0.46031665411090406,False
316,1.438841894200673,99.11789755444701,0.4403877015479084,False
317,1.447383961374643,98.36354787687067,0.4470360239094975,False
318,1.4524737111892643,99.01447864703735,0.43200545109145005,False
319,1.4541644890966259,99.01447864703735,0.4242089888374213,False
320,1.4326648482653093,99.01447864703735,0.4167004842220853,False
321,1.408648411160687,98.36963134201241,0.4218663488176922,False
322,1.408648411160687,99.11789755444701,0.4093115599677273,False
323,1.408648411160687,99.11821941133545,0.3953606185645565,False
324,1.408648411160687,99.11864818867006,0.38764433167460854,False
325,1.408648411160687,99.11918357429231,0.381237230991315,False
326,1.408648411160687,99.11982517907005,0.37498081623383417,False
327,1.4326648482653093,99.12057253760311,0.36503027670150817,False
328,1.4541644890966259,99.12142510906448,0.3634746156294375,False
329,1.473256553252489,98.5352862849534,0.36958424574489945,False
330,1.4900315255825651,99.21412162979084,0.36328074360857393,False
331,1.5045643034921028,98.50683109660258,0.36595421356202895,False
332,1.5169165540634162,99.3047999032765,0.35360909378734284,False
333,1.527138493598173,99.30572325525236,0.3441469898684041,False
334,1.5352702332191592,99.30672775500362,0.33420852852417626,False
335,1.541342789057496,99.30781268809437,0.32834626677462625,False
336,1.545378825051491,99.30897728638385,0.3234339278059873,False
337,1.5473931750149272,99.3102207293666,0.334577132417169,False
338,1.5473931750149272,98.74880268199233,0.33944548214125364,False
339,1.5473931750149272,99.3906081969172,0.3376587669238568,False
340,1.5473931750149272,99.394910126357,0.33559714229127097,False
341,1.5473931750149272,99.39922252326541,0.33309428741555364,False
342,1.5473931750149272,99.403543652418,0.3292135189525732,False
343,1.5342796921456783,99.3324045048183,0.3285239130833231,False
344,1.5183593905083006,99.45254422866363,0.32176439912707094,False
345,1.4995196245467155,99.45383465562838,0.31493046863514723,False
346,1.4776169519137876,99.45518151058094,0.3093789309189141,False
347,1.4524690941546654,98.92460816840179,0.30965219523322707,False
348,1.4238430936939133,99.52079411261339,0.29937519295238546,False
349,1.3914372992027793,99.52440267240404,0.28986675926886524,False
350,1.3548527368476762,99.52801033882115,0.2806840747557141,False
351,1.3135448704851065,99.53161592505855,0.2718514353478016,False
352,1.2667356005770385,99.53521828141426,0.30844913106982275,False
353,1.2667356005770385,99.53881629515757,0.3020023310989449,False
354,1.2667356005770385,99.4988287846598,0.297759662512078,False
355,1.2583494426149708,99.5730191330667,0.29061422532917414,False
356,1.2482389571842902,99.5730191330667,0.28405079419844004,False
357,1.2363772403452271,98.78391525240515,0.25963588627081347,False
358,1.222731822382257,99.64328180737218,0.24780276265895926,False
359,1.2072640872959293,99.64594174132289,0.23650919048692098,False
360,1.1899285414712581,99.64859972313917,0.2270774027488288,False
361,1.1706718933538656,99.65125495376486,0.2180031307256032,False
362,1.1494318918359776,99.65390665967489,0.21080061452127474,False
363,1.1261358508278745,99.65655409273039,0.20386198878276446,False
364,1.100698757874416,99.65919653000103,0.19720144218642296,False
365,1.0730208202534555,99.66183327355638,0.19081622626171876,False
366,1.0429842335712594,99.66446365022877,0.18474727572191524,False
367,1.01044884930661,99.66708701134931,0.17900698356945952,False
368,0.9752462395674341,99.60155343723206,0.1766188223067235,False
369,0.9371713531760616,99.64197468609753,0.17372973468232664,False
370,0.8959704136014895,99.64208297625649,0.17113287591800608,False
371,0.8513226827573213,99.64222726127488,0.16881571865314934,False
372,0.8028116417452926,98.80535839248226,0.052134363907137236,False
373,0.7498765864518437,99.58351926223412,0.04918509636838154,False
374,0.6917244835981394,99.5868987902036,0.04649755232400693,False
375,0.6271502454482835,99.59026388956636,0.04377954361292426,False
376,0.5541015302865538,99.59361393323657,0.04103665147587603,False
377,0.48865925334338955,99.59694832301713,0.03827600937659792,False
378,0.4147581439991112,99.60026648900732,0.03699864052904296,False
379,0.3280668831792932,99.60828731889188,0.035247273175662494,False
380,0.208180945557171,99.61153234110269,0.03340849308464282,False
381,0.12068101401352381,99.61153234110269,0.031758792123378524,False
382,-0.0,99.61153234110269,0.03135946536361326,False
383,-0.0,99.61153234110269,0.03018718596505179,False
384,-0.0,99.61153234110269,0.029332847913225248,False
385,-0.0,99.61153234110269,0.028916768319423924,False
386,-0.0,99.61153234110269,0.19455121574870995,False
387,-0.0,99.61153234110269,0.1951740516485738,False
388,-0.0,99.61153234110269,0.1959184149083563,False
389,-0.0,99.61153234110269,0.1965877929443516,False
390,-0.0,99.61153234110269,0.19718074092064064,False
391,-0.0,99.61153234110269,0.1976991040774145,False
392,-0.0,99.61153234110269,0.19814656049007479,False
393,-0.0,99.61153234110269,0.1985265884421226,False
394,-0.0,99.61153234110269,0.1988424751913678,False
395,-0.0,99.61153234110269,0.19909732415008344,False
396,-0.0,99.61153234110269,0.19929406066495178,False
397,-0.0,99.61153234110269,0.23212273342540127,False
398,-0.0,99.61153234110269,0.23270985749835307,False
399,-0.0,99.61153234110269,0.23323044694382924,False
400,-0.0,99.61153234110269,0.23367876457253287,False
401,-0.0,99.61153234110269,0.23405723021253771,False
402,-0.0,99.53317300891216,0.2342300651163565,False
403,-0.0,99.57244655581948,0.2344735292726804,False
404,0.12068101401352381,99.56927494615937,0.23464254999328393,False
405,0.208180945557171,99.56609777263523,0.2347407512527075,False
406,0.2829047929798921,98.74168354064217,0.13451629020238565,False
407,0.3491843735073079,99.49378073474111,0.13357612949416375,False
408,0.40907313904382653,99.49378073474111,0.1326639365565772,False
409,0.4637773498877516,99.49378073474111,0.1317871971545171,False
410,0.5140912790181235,99.49378073474111,0.13095789036160516,False
411,0.560576942614533,99.49378073474111,0.20628080454572453,False
412,0.603652249754401,99.49378073474111,0.20669645336895134,False
413,0.6436394131461666,99.49378073474111,0.2071967643019132,False
414,0.6807937753703206,99.49378073474111,0.25699367825453795,False
415,0.7153220528038851,99.49378073474111,0.25693993378795066,False
416,0.7473944462440387,99.49378073474111,0.2569801275694189,False
417,0.7771529943226336,99.00357937506047,0.25734661003186887,False
418,0.804717519321077,99.43711180124224,0.256761831686111,False
419,0.8301899714180443,99.43535825545172,0.25622491500827427,False
420,0.8536576732793313,99.4336490577092,0.25573851977397277,False
421,0.875195788740725,99.43198511409264,0.2553050381455905,False
422,0.8948692308065574,99.43036731486937,0.2549265824600286,False
423,0.9127341558073343,99.42879653338586,0.25460497386554054,False
424,0.9288391461883214,99.42727362496296,0.2543417319675249,False
425,0.9432261548473415,99.42579942579943,0.276096659953796,False
426,0.9559312637896478,99.42437475188567,0.27688323128308523,False
427,0.9669852958320848,99.42300039793076,0.27772665149823894,False
428,0.976414308115487,99.42167713630472,0.2783390587389811,False
429,0.9842399889605549,99.4204057159988,0.2789709939879305,False
430,0.9904799742690308,99.41918686160625,0.2796187195500567,False
431,0.995148095654003,98.72065021071644,0.23011280849370888,False
432,0.9982545693874831,99.49230923896653,0.23015051795449334,False
433,0.999806132804711,99.49230923896653,0.23015624487653655,False
434,0.999806132804711,98.72065021071644,0.22782381062256496,False
435,0.999806132804711,99.41918686160625,0.22768608630959922,False
436,0.999806132804711,99.4204057159988,0.2683713439528524,False
437,0.9982545693874831,98.85580093934246,0.24217169787190732,False
438,0.995148095654003,99.35545118417107,0.2442591764457852,False
439,0.9904799742690308,99.35545118417107,0.24637650381458373,False
440,0.9842399889605549,99.35545118417107,0.24851840018631835,False
441,0.976414308115487,99.35545118417107,0.26419923605256634,False
442,0.9669852958320848,99.35545118417107,0.26789203931829614,False
443,0.9559312637896478,99.35545118417107,0.2716872574717403,False
444,0.9432261548473415,99.35545118417107,0.2755756371610205,False
445,0.9288391461883214,98.85580093934246,0.2568950496844244,False
446,0.9127341558073343,99.4204057159988,0.2592335228975366,False
447,0.8948692308065574,99.41918686160625,0.2615761463020074,False
448,0.875195788740725,99.4180212723259,0.2635773525221117,False
449,0.8536576732793313,99.41690962099125,0.2655384605629657,False
450,0.8301899714180443,99.41585255312721,0.26745603796369133,False
451,0.804717519321077,99.41485068603713,0.2686487525624014,False
452,0.7771529943226336,99.41390460792239,0.27159918541848915,False
453,0.7473944462440387,99.41301487703674,0.278855038627017,False
454,0.7153220528038851,98.65904260702358,0.24209115500681003,False
455,0.6807937753703206,99.32699119522316,0.24784547713990437,False
456,0.6436394131461666,98.65904260702358,0.20837518454256893,False
457,0.603652249754401,99.41301487703674,0.21118115260914533,False
458,0.560576942614533,99.41390460792239,0.2136409500544663,False
459,0.5140912790181235,99.41485068603713,0.21577204631408753,False
460,0.4637773498877516,99.41585255312721,0.21758995035272613,False
461,0.40907313904382653,98.86900573037097,0.20260215800284315,False
462,0.3491843735073079,99.473208910295,0.20179090869700173,False
463,0.2829047929798921,99.47683109118087,0.20050917912028327,False
464,0.208180945557171,99.48045522018802,0.19875650783286936,False
465,0.208180945557171,99.48408018867924,0.19685888343964608,False
466,0.208180945557171,99.48770491803279,0.1945754604750772,False
467,0.208180945557171,99.49132835965507,0.19127540188036282,False
468,0.208180945557171,99.4949494949495,0.18860513111836824,False
469,0.208180945557171,99.49856733524355,0.1858040751222422,False
470,0.208180945557171,99.50218092167647,0.18288138654702327,False
471,0.208180945557171,99.4822554833851,0.18085762384663276,False
472,0.208180945557171,99.54209886926455,0.175695031456284,False
473,0.208180945557171,99.05370128659332,0.16313183782853763,False
474,0.208180945557171,99.58612351190476,0.1538476310706036,False
475,0.208180945557171,99.58612351190476,0.20802014638154884,False
476,0.208180945557171,99.58612351190476,0.2045255095149921,False
477,0.208180945557171,99.58612351190476,0.2011622932448766,False
478,0.208180945557171,99.58612351190476,0.19793489511782303,False
479,0.208180945557171,99.58612351190476,0.19470733348464897,False
480,0.208180945557171,99.58612351190476,0.19253345957298706,False
481,0.208180945557171,99.58612351190476,0.228021522575813,False
482,0.208180945557171,99.58612351190476,0.22932453550780887,False
483,0.208180945557171,99.58612351190476,0.23056287641822407,False
484,0.208180945557171,99.58612351190476,0.23106836411445983,False
485,0.208180945557171,99.58612351190476,0.23241503544118702,False
486,0.208180945557171,99.58612351190476,0.23382453805201253,False
487,0.208180945557171,99.58612351190476,0.23580495312713043,False
488,0.3280668831792932,99.58612351190476,0.23772005462226534,False
489,0.41475814399911126,99.58612351190476,0.23956834230948032,False
490,0.48865925334338955,99.58612351190476,0.24051809888058465,False
491,0.5541015302865538,99.58612351190476,0.24152122725877842,False
492,0.5541015302865538,99.58612351190476,0.25449041123230026,False
493,0.5541015302865538,99.58612351190476,0.25506931002247674,False
494,0.5541015302865538,99.58612351190476,0.25562119777750925,False
495,0.5541015302865538,98.87462797619048,0.2079317409022287,False
496,0.46824757305098735,99.65587797619048,0.20663592579098924,False
497,0.3491843735073079,99.65841949778434,0.20536378662758223,False
498,0.3491843735073079,99.66095482452121,0.2590286072847541,False
499,0.3491843735073079,99.65893587994543,0.25785387915263047,False
500,0.3491843735073079,99.6885719443943,0.2560565844640489,False
501,0.3491843735073079,98.97544683155805,0.22131708029039998,False
502,0.3491843735073079,99.74724679545044,0.21640241912723174,False
503,0.3491843735073079,99.74790672548843,0.21167460299055668,False
504,0.3491843735073079,99.74858579509743,0.20788575214466867,False
505,0.3491843735073079,99.74928366762178,0.20423137858334645,False
506,0.3491843735073079,99.75,0.20055246029431162,False
507,0.3491843735073079,99.75073444315855,0.19701784510408182,False
508,0.3491843735073079,99.75148664240703,0.19363116625831575,False
509,0.3491843735073079,99.75225623783402,0.190396070454375,False
510,0.3491843735073079,99.72446893609457,0.1883801535350056,False
511,0.3491843735073079,99.7277028836711,0.18640761746733694,False
512,0.3491843735073079,99.24560307115436,0.1678689191190458,False
513,0.3491843735073079,99.68752789929471,0.16665095007637806,False
514,0.3491843735073079,99.68752789929471,0.165532615333469,False
515,0.3491843735073079,99.68752789929471,0.16451925626522515,False
516,0.3491843735073079,99.68752789929471,0.1636160883440572,False
517,0.3491843735073079,99.68752789929471,0.16282816035572867,False
518,0.3491843735073079,98.89660081865101,0.029380656950384984,False
519,0.3491843735073079,99.63196168854203,0.029166241547395846,False
520,0.3491843735073079,99.63323022536456,0.029292818267955368,False
521,0.3491843735073079,99.63452223690004,0.029717200007813326,False
522,0.40907313904382653,99.63583713583714,0.030455867826726955,False
523,0.4637773498877516,99.63717433117678,0.030311760840800672,False
524,0.5140912790181235,99.63853322881282,0.03034013634200937,False
525,0.560576942614533,99.63991323210412,0.030547550670076685,False
526,0.560576942614533,99.64131374243733,0.03196273682812745,False
527,0.560576942614533,99.64273415977961,0.033421729262308644,False
528,0.560576942614533,99.64417388322045,0.03491571321319063,False
529,0.560576942614533,99.64563231150201,0.035034062832595914,False
530,0.560576942614533,99.64710884353741,0.03509801953357055,False
531,0.560576942614533,99.64860287891618,0.03506754821655798,False
532,0.560576942614533,99.65011381839642,0.03550505982408036,False
533,0.560576942614533,99.65164106438344,0.03589332399163662,False
534,0.560576942614533,99.65318402139395,0.036202583626965386,False
535,0.560576942614533,99.65474209650583,0.03640395236277105,False
536,0.560576942614533,99.65631469979296,0.03646865271988877,False
537,0.677903479475398,99.65790124474486,0.0363670572922991,False
538,0.7619882811604883,99.65950114867083,0.03606745952466625,False
539,0.8332341082038747,99.66111383308835,0.03553442010541206,False
540,0.8959704136014894,99.6627387240959,0.0347263958339014,False
541,0.9522481488898977,99.66437525272949,0.03365865013341364,False
542,1.0032709271829536,99.6660228553034,0.03227900820291137,False
543,1.0498302157100041,99.66768097373479,0.03171245987766356,False
544,1.0924850533852573,99.66934905585212,0.030992271124061128,False
545,1.1316501862018717,99.67102655568767,0.030101357408030313,False
546,1.1676444621356101,99.67271293375394,0.029018328339209903,False
547,1.200719639829801,99.67440765730426,0.027715379159877672,False
548,1.2310786130055862,99.67611020057754,0.026154737668278406,False
549,1.2189859772419214,99.67782004502756,0.02626487186060728,False
550,1.201681991620676,99.67953667953668,0.026367416016575163,False
551,1.1787269834988532,99.68125960061444,0.026462476231223848,False
552,1.1494318918359776,99.68298831258116,0.026550161572755866,False
553,1.1706718933538656,99.68472232773684,0.026630583865905683,False
554,1.1706718933538656,99.68646116651557,0.02670385747927063,False
555,1.1706718933538656,99.68820435762585,0.02677009911680712,False
556,1.1706718933538656,99.68995143817706,0.026829427613688193,False
557,1.1899285414712581,99.69170195379243,0.026881963736721463,False
558,1.2072640872959293,99.69345545870883,0.026927829989481882,False
559,1.222731822382257,99.69521151586369,0.026967150422333854,False
560,1.236377240345227,99.6969696969697,0.027000050447457596,False
561,1.2482389571842902,99.69872958257713,0.02702665665902583,False
562,1.2583494426149708,99.70049076212472,0.02704709665861713,False
563,1.2667356005770385,99.70225283397905,0.030101642226727347,False
564,1.2734192269994744,99.70401540546324,0.03225500772653349,False
565,1.278417365535648,99.70577809287487,0.034046267068072594,False
566,1.2817425764699486,99.70754052149401,0.03717876558619442,False
567,1.2834031297544843,99.70930232558139,0.03704134846003428,False
568,1.2834031297544843,99.71106314836733,0.036810063393253996,False
569,1.2817425764699486,99.7128226420317,0.036499670897711244,False
570,1.278417365535648,99.71458046767538,0.03612344855370959,False
571,1.2734192269994746,99.71633629528367,0.035693441952892126,False
572,1.2667356005770385,99.71808980368182,0.035220650281024696,False
573,1.2583494426149708,99.71984068048336,0.034715162587785765,False
574,1.2583494426149708,99.72158862203139,0.03418625575807439,False
575,1.2583494426149708,99.72333333333333,0.03364246196116373,False
576,1.2583494426149708,99.7250745279894,0.03309161128254736,False
577,1.2583494426149708,99.72681192811532,0.03254085396288708,False
578,1.2583494426149708,99.72854526425955,0.03199666594388828,False
579,1.2583494426149708,99.73027427531522,0.031464841093732585,False
580,1.2583494426149708,99.73199870842751,0.030950473434592465,False
581,1.2583494426149708,99.73371831889638,0.03045793281646557,False
582,1.2583494426149708,99.73543287007523,0.029990837672574912,False
583,1.2132336634320215,99.64530022802128,0.026465677492670304,False
584,1.1590956761386297,99.76716380341074,0.023479464857615415,False
585,1.0916362019205925,99.76716380341074,0.020523317092924275,False
586,0.9904799742690308,99.64213326577148,0.013797341835160884,False
587,0.9904799742690308,99.73543287007523,0.014014269058012497,False
588,0.9904799742690308,99.73371831889638,0.014587405352089505,False
589,0.9904799742690308,99.73199870842751,0.01543375333799355,False
590,0.9904799742690308,99.73027427531522,0.01647220601753639,False
591,0.9904799742690308,99.72854526425955,0.017633875289923842,False
592,0.9904799742690308,99.72681192811532,0.018864741631016438,False
593,0.9904799742690308,99.7250745279894,0.020124174920174095,False
594,0.9904799742690308,99.72333333333333,0.3700146783826853,False
595,0.9904799742690308,99.72158862203139,0.3700536161637568,False
596,0.9904799742690308,99.71984068048336,0.3714177505927051,False
597,0.9904799742690308,99.71808980368182,0.371741000662217,False
598,0.995148095654003,99.71633629528367,0.37206857338084437,False
599,0.9982545693874831,99.71458046767538,0.37239952777187985,False
600,0.999806132804711,99.7128226420317,0.3727330009442454,False
601,0.999806132804711,99.71106314836733,0.3730682041644102,False
602,0.9982545693874831,99.70930232558139,0.3731088766023738,False
603,0.995148095654003,99.70693125242752,0.3733171092592729,False
604,0.9904799742690308,99.70098248611704,0.4122917940216162,False
605,0.9842399889605549,99.6985465637897,0.41231542482467737,False
606,0.976414308115487,99.69609261939219,0.41234440490186847,False
607,0.9669852958320848,99.69362074625232,0.41237937911860656,False
608,0.9559312637896478,99.69113104868363,0.41234452704953695,False
609,0.9432261548473415,99.68862364236202,0.4531037295334467,False
610,0.9288391461883214,99.68609865470852,0.45312090664755644,False
611,0.9127341558073343,99.68355622527783,0.4531144466639041,False
612,0.8948692308065574,99.68099650615221,0.45308867313391366,False
613,0.875195788740725,99.67841966234064,0.45304783269517807,False
614,0.8536576732793313,98.05903296198461,0.2622056762031909,False
615,0.8536576732793313,99.67841966234064,0.26215331824232024,False
616,0.8536576732793313,99.50920712220362,0.2602167563794417,False
617,0.8536576732793313,99.71643540398503,0.25975631649698433,False
618,0.8301899714180443,99.71643540398503,0.2592948743040605,False
619,0.804717519321077,99.71643540398503,0.2588382508954324,False
620,0.7771529943226336,99.71643540398503,0.2583920770714223,False
621,0.7473944462440387,99.71643540398503,0.2612711991622193,False
622,0.7153220528038851,99.67223111517646,0.2611980261319805,False
623,0.6807937753703206,99.7003342425756,0.26087883507786425,False
624,0.6436394131461666,98.85896500057628,0.2687123256394131,False
625,0.603652249754401,99.64270621230166,0.26935489222830417,False
626,0.560576942614533,99.64270621230166,0.2777896248437085,False
627,0.5140912790181235,99.64270621230166,0.27897539531220245,False
628,0.4637773498877516,99.59336999457827,0.28008991149232115,False
629,0.40907313904382653,98.76074665014329,0.29556379268971716,False
630,0.46824757305098735,99.53527999380373,0.29723837618901994,False
631,0.48865925334338955,99.53527999380373,0.2985966243188825,False
632,0.48865925334338955,99.53527999380373,0.2996726547279342,False
633,0.48865925334338955,99.53527999380373,0.3092196300913523,False
634,0.48865925334338955,99.53527999380373,0.3108365425398027,False
635,0.5541015302865538,99.53527999380373,0.31285006086701517,False
636,0.6131379016405238,99.53527999380373,0.38235731807527484,False
637,0.6669740736911405,99.53527999380373,0.38485615945199547,False
638,0.6669740736911405,99.53527999380373,0.3869090458863685,False
639,0.6669740736911405,99.53527999380373,0.38859348841230096,False
640,0.6669740736911405,99.53527999380373,0.40009737009052043,False
641,0.6669740736911405,99.32190179267342,0.4010544146887128,False
642,0.6669740736911405,99.49411764705883,0.4038893137751024,False
643,0.6669740736911405,99.49096361770972,0.465411192912166,False
644,0.6669740736911405,98.65046168416069,0.4302490299653775,False
645,0.6669740736911405,99.41598926682977,0.433041229783764,False
646,0.6669740736911405,99.19002620503454,0.43035257335929133,False
647,0.6669740736911405,99.36481303930968,0.47880215780087737,False
648,0.6669740736911405,99.36093247588424,0.47826111235163815,False
649,0.6669740736911405,98.52090032154341,0.42957898489655544,False
650,0.6669740736911405,99.27652733118971,0.4283543112125875,False
651,0.6669740736911405,99.27652733118971,0.4273991372667057,False
652,0.6669740736911405,99.27652733118971,0.42683925020771396,False
653,0.6669740736911405,99.03760614638091,0.42029483005052093,False
654,0.6669740736911405,99.21487267106012,0.4195612779558328,False
655,0.6669740736911405,99.21018169913243,0.41838725805935084,False
656,0.6669740736911405,98.37125552463579,0.3564909420331515,False
657,0.6669740736911405,99.1160582746767,0.3543388061170021,False
658,0.6669740736911405,99.1160582746767,0.3527603322515201,False
659,0.6669740736911405,99.1160582746767,0.35169167966575543,False
660,0.6669740736911405,98.8638234809814,0.3390786065695006,False
661,0.6669740736911405,99.04347826086956,0.33599718786150634,False
662,0.6669740736911405,99.03790087463557,0.33333356395749214,False
663,0.6669740736911405,98.20074968763015,0.24123451012516023,False
664,0.6669740736911405,98.93377759266973,0.23546695045041896,False
665,0.6669740736911405,98.93377759266973,0.2307259571854395,False
666,0.6669740736911405,98.93377759266973,0.2269872749661717,False
667,0.6669740736911405,98.18408996251561,0.09033798784295058,False
668,0.6669740736911405,99.03790087463557,0.08980865863366126,False
669,0.6669740736911405,99.04580940972366,0.08973712631634928,False
670,0.6669740736911405,99.0536665301106,0.08979543204818471,False
671,0.6669740736911405,99.06147158005932,0.08962515612612386,False
672,0.6669740736911405,99.08937061809976,0.08855698570183267,False
673,0.6669740736911405,99.08937061809976,0.08694918928998005,False
674,0.6669740736911405,99.08937061809976,0.08501869500598917,False
675,0.6669740736911405,99.08937061809976,0.08391277702256528,False
676,0.6669740736911405,99.08937061809976,0.08245042200528765,False
677,0.6669740736911405,99.08937061809976,0.08098780450809279,False
678,0.6669740736911405,99.08937061809976,0.08034015947422773,False
679,0.6669740736911405,99.08937061809976,0.07924736128099462,False
680,0.6669740736911405,99.08937061809976,0.07942348664842107,False
681,0.6669740736911405,99.08937061809976,0.20355081105037648,False
682,0.6669740736911405,99.08937061809976,0.20245162777631204,False
683,0.6669740736911405,99.08937061809976,0.20123229859515596,False
684,0.6669740736911405,99.08937061809976,0.20010303120634917,False
685,0.6669740736911405,99.08937061809976,0.19896853242244822,False
686,0.6669740736911405,99.08937061809976,0.19791731011858224,False
687,0.6669740736911405,98.83287404765764,0.1948330571359137,False
688,0.6669740736911405,99.00961851972612,0.19524141552824703,False
689,0.6669740736911405,99.00401672268218,0.1956134577806062,False
690,0.6669740736911405,98.99843376473498,0.19595243259229458,False
691,0.5819881552488824,98.99287135278514,0.19628002117343082,False
692,0.4637773498877516,98.9873312218703,0.19657857840632528,False
693,0.40907313904382653,98.98181513450096,0.196848209329671,False
694,0.3491843735073079,98.97632487993934,0.25983830544750275,False
695,0.2829047929798921,98.9708622734203,0.25973514422202176,False
696,0.208180945557171,98.96542915531334,0.3060027940657949,False
697,0.12068101401352381,98.96002739022511,0.30676478929290113,False
698,-0.0,98.95465886604147,0.3071210003558602,False
699,-0.0,98.94932549290903,0.30749797655453487,False
700,-0.0,98.94402920215539,0.3078982142915745,False
701,-0.0,98.18761463883308,0.24479595564036188,False
702,-0.0,99.03449486526814,0.24614576665591162,False
703,-0.0,99.0378728242806,0.24750238220954263,False
704,-0.0,99.0413107896113,0.24885452827781446,False
705,-0.0,99.04914901007294,0.25014738541306497,False
706,0.12068101401352381,99.06133748594169,0.25130535660743336,False
707,0.208180945557171,99.05701373196592,0.25252507446043143,False
708,0.2829047929798921,99.05273266980967,0.25379400881456593,False
709,0.3491843735073079,99.04849600982197,0.25510003620573835,False
710,0.40907313904382653,99.04430546991985,0.2564314842071079,False
711,0.4637773498877516,99.0401627742392,0.25777716877287143,False
712,0.5140912790181235,99.0360696517413,0.25856958362866733,False
713,0.560576942614533,99.03202783477563,0.2598108167474854,False
714,0.603652249754401,98.22464091355161,0.20097429043566784,False
715,0.6436394131461666,98.92943170666429,0.2049176236239226,False
716,0.6807937753703206,98.22464091355161,0.17656871309346053,False
717,0.7153220528038851,99.03202783477563,0.18595687892723628,False
718,0.7473944462440387,99.0360696517413,0.19474910674173904,False
719,0.7771529943226336,99.0401627742392,0.2028504893464196,False
720,0.804717519321077,99.04430546991985,0.21033193842622352,False
721,0.8301899714180443,99.04849600982197,0.2087125223662166,False
722,0.8536576732793313,99.05273266980967,0.2117064608171665,False
723,0.9665364727522963,99.05701373196592,0.21434121923473015,False
724,1.046078320219219,99.06133748594169,0.21663855061604695,False
725,1.1126817966979572,99.06570223025919,0.21758750138599958,False
726,1.1706718933538656,99.07010627356874,0.2619580198424368,False
727,1.2220947914756688,99.07454793585806,0.260800610976234,False
728,1.2681489963097885,99.07902554961379,0.2596407008795694,False
729,1.30962049684272,99.0835374609342,0.2584858028021682,False
730,1.3470624465271648,99.08808203059338,0.2573436568946881,False
731,1.3808832571151748,99.09265763505603,0.2562221783570252,False
732,1.4113949465359856,99.09726266744322,0.25569373456993993,False
733,1.438841894200673,98.87426537538283,0.25508320522628936,False
734,1.438841894200673,99.17654808959156,0.2537916120999559,False
735,1.438841894200673,99.17654808959156,0.25249839187786305,False
736,1.438841894200673,98.44367588932806,0.22177049532705348,False
737,1.438841894200673,99.26301054018445,0.2144664553223212,False
738,1.438841894200673,99.266874180865,0.20695147082241988,False
739,1.438841894200673,99.27075694614194,0.19922812458518602,False
740,1.438841894200673,99.27465758975606,0.1912975619013808,False
741,1.438841894200673,98.99505632547208,0.19283142150312965,False
742,1.4634190046135478,99.20577032174407,0.18909989799606397,False
743,1.485283726758245,99.20577032174407,0.18547014730564257,False
744,1.485283726758245,99.20577032174407,0.18176310910357268,False
745,1.485283726758245,99.20577032174407,0.1794993534496171,False
746,1.485283726758245,98.39593744962116,0.10249780793623162,False
747,1.485283726758245,99.13019079685746,0.10234135998887708,False
748,1.5045643034921028,99.13497568364825,0.1021691927757592,False
749,1.5045643034921028,99.13977642115277,0.10198487293060142,False
750,1.5045643034921028,99.14459161147903,0.10179227088673116,False
751,1.5045643034921028,99.14941988084038,0.10159559260263218,False
752,1.5045643034921028,99.15425987995947,0.10111464758457413,False
753,1.5045643034921028,98.99248236844144,0.09969972348131909,False
754,1.5045643034921028,99.22946524888272,0.09503119444099918,False
755,1.5045643034921028,99.22946524888272,0.09054011888288914,False
756,1.5045643034921028,99.22946524888272,0.0862250365856905,False
757,1.5045643034921028,99.22946524888272,0.08144308366171552,False
758,1.5045643034921028,99.22946524888272,0.07673792308051436,False
759,1.5045643034921028,99.22946524888272,0.07210346619780823,False
760,1.5045643034921028,99.22946524888272,0.06753217392529608,False
761,1.5169165540634162,99.22946524888272,0.06301462672270446,False
762,1.527138493598173,99.22946524888272,0.05853890759798795,False
763,1.5352702332191592,99.22946524888272,0.054089686984881195,False
764,1.5352702332191592,99.22946524888272,0.050332446064186846,False
765,1.5352702332191592,99.22946524888272,0.04643797459898084,False
766,1.541342789057496,99.22946524888272,0.042364775180355654,False
767,1.541342789057496,99.22946524888272,0.04026837080765705,False
768,1.541342789057496,99.22946524888272,0.03796926328241703,False
769,1.5352702332191592,99.22946524888272,0.03541512742836794,False
770,1.527138493598173,99.22946524888272,0.03253114942166828,False
771,1.5169165540634162,99.22946524888272,0.029202330266327008,False
772,1.5045643034921028,99.22946524888272,0.026349884964588913,False
773,1.5045643034921028,99.22946524888272,0.023243751635695534,False
774,1.5045643034921028,99.22946524888272,0.019763106209867327,False
775,1.5045643034921028,99.22946524888272,0.01565819865894275,False
776,1.4900315255825651,99.22946524888272,0.010198336205350931,False
777,1.473256553252489,99.22946524888272,0.008477609198560372,False
778,1.4541644890966259,99.22946524888272,0.006897498463890003,False
779,1.4326648482653093,99.22946524888272,0.005452323316634523,False
780,1.4326648482653093,99.22946524888272,0.004132994605005168,False
781,1.4326648482653093,99.22946524888272,0.002921399861034971,False
782,1.4326648482653093,99.22946524888272,0.0017663661005777307,False
783,1.408648411160687,99.22946524888272,4.263256414560601e-14,False
784,1.3857772327036844,99.22946524888272,4.263256414560601e-14,False
785,1.3604279187829045,99.22946524888272,4.263256414560601e-14,False
786,1.3324661355215683,99.22946524888272,4.263256414560601e-14,False
787,1.301728854068539,99.22946524888272,4.263256414560601e-14,False
788,1.2680160454788014,99.22946524888272,0.05299098301703005,False
789,1.2310786130055862,99.22946524888272,0.19159297236881864,False
790,1.190600186419197,99.22946524888272,0.25735348675481806,False
791,1.1461683299371317,99.22946524888272,0.33222193778045983,False
792,1.0972261621017096,99.22946524888272,0.37100485629064683,False
793,1.0429842335712594,99.22946524888272,0.40361167494403943,False
794,0.9822408213425595,99.22946524888272,0.43153459876006806,False
795,0.9822408213425595,99.22946524888272,0.4557204542519736,False
796,0.9822408213425595,99.22946524888272,0.4768194661983816,False
797,0.9822408213425595,99.22946524888272,0.5900219942492535,False
798,0.9822408213425595,99.22946524888272,0.6021213614262756,False
799,0.9822408213425595,99.22946524888272,0.6245685898005501,False
800,0.9822408213425595,99.22946524888272,0.6367436341190107,False
801,0.9822408213425595,99.22946524888272,0.647651659299186,False
802,0.9822408213425595,99.22946524888272,0.657392929153267,False
803,0.9129467467841514,99.22946524888272,0.6660567812130808,False
804,0.830774222099454,99.22946524888272,0.673723929380259,False
805,0.830774222099454,99.22946524888272,0.6823428151195053,False
806,0.830774222099454,99.22946524888272,0.6892723250909338,False
807,0.8623538561746378,99.22946524888272,0.6955513003027693,False
808,0.8916091590804429,98.99248236844144,0.7107438924765661,False
809,0.804717519321077,98.39816041780341,0.7570027136015387,False
810,0.8301899714180443,98.42544235715955,0.7509863640201258,False
811,0.8536576732793313,98.22747415066469,0.7331357176561099,False
812,0.875195788740725,98.39510001550627,0.724753029482694,False
813,0.8948692308065574,98.39510001550627,0.7160110576043294,False
814,0.9127341558073343,98.39510001550627,0.7069877453001713,False
815,0.9288391461883214,98.39510001550627,0.697764655756288,False
816,0.9432261548473415,98.39510001550627,0.6884274921626705,False
817,0.9559312637896478,97.44044406753527,0.5986083302396802,False
818,0.9669852958320848,98.39785358374856,0.5896769693841347,False
819,0.976414308115487,98.1651376146789,0.568356000053479,False
820,0.9842399889605549,98.31756861528919,0.5568755432860132,False
821,0.9904799742690308,98.31202245438952,0.5460260480326956,False
822,0.9904799742690308,98.30654645237162,0.5359476651678639,False
823,0.9904799742690308,98.30114308238076,0.526557148186022,False
824,0.9904799742690308,98.29581483830057,0.5178709650074615,False
825,0.995148095654003,98.23447173956461,0.5073906770576009,False
826,0.9982545693874831,98.2487922705314,0.49865520424814425,False
827,0.9982545693874831,98.23507931999838,0.4903903593972193,False
828,0.9982545693874831,97.92363547360692,0.46581693398735136,False
829,0.9982545693874831,97.14856816513013,0.34011047563344443,False
830,0.999806132804711,97.86652525087705,0.3092206140727461,False
831,0.999806132804711,97.86652525087705,0.27971416753289424,False
832,0.9982545693874831,97.86652525087705,0.2517147305093118,False
833,0.995148095654003,97.86652525087705,0.22670945932971892,False
834,0.9982545693874831,97.86652525087705,0.20317980145374107,False
835,0.999806132804711,97.86652525087705,0.1820719111408296,False
836,0.999806132804711,97.86652525087705,0.2590784457069977,False
837,0.999806132804711,97.86652525087705,0.2505597924389213,False
838,0.999806132804711,97.86652525087705,0.2440890235876954,False
839,0.999806132804711,97.86652525087705,0.2531783960676544,False
840,0.999806132804711,97.86652525087705,0.2531683801661676,False
841,0.9982545693874831,97.86652525087705,0.2540768554317224,False
842,0.995148095654003,97.86652525087705,0.25556503247084184,False
843,0.9904799742690308,97.86652525087705,0.3406904460372194,False
844,0.9904799742690308,97.86652525087705,0.3448904753908633,False
845,0.9904799742690308,97.86652525087705,0.3488542721054706,False
846,0.9904799742690308,97.86652525087705,0.35257313127747614,False
847,0.9904799742690308,97.86652525087705,0.35603821794590507,False
848,0.9904799742690308,97.86652525087705,0.35879570800058364,False
849,0.9904799742690308,97.86652525087705,0.36136665168401616,False
850,0.9904799742690308,97.86652525087705,0.363648033453732,False
851,0.9904799742690308,97.86652525087705,0.36571098057739765,False
852,0.9904799742690308,97.86652525087705,0.3675531833894969,False
853,0.9904799742690308,97.7923038973853,0.3683562430232087,False
854,0.9904799742690308,97.8082532316871,0.3693222834559942,False
855,0.9904799742690308,97.79123173277662,0.370014585931127,False
856,0.9904799742690308,96.96033402922755,0.32403256749005366,False
857,0.9904799742690308,97.6910229645094,0.3263481377984692,False
858,0.9904799742690308,97.6910229645094,0.32883075566646064,False
859,0.9904799742690308,97.4099571824364,0.32077383282865024,False
860,0.9904799742690308,97.58187035786631,0.32012495712019473,False
861,0.995148095654003,97.56914983879179,0.3191719017592933,False
862,0.9982545693874831,97.55650319829424,0.31791767129324977,False
863,0.999806132804711,96.75053304904051,0.22463383938729606,False
864,0.999806132804711,97.4498933901919,0.21890560724792973,False
865,0.9982545693874831,97.4498933901919,0.28337700442117997,False
866,0.9982545693874831,97.4498933901919,0.27749631609039843,False
867,0.9982545693874831,97.4498933901919,0.2721952125381642,False
868,0.999806132804711,97.4498933901919,0.26733895676099684,False
869,0.999806132804711,97.4498933901919,0.3175142745972885,False
870,0.9982545693874831,97.4498933901919,0.3146610684106236,False
871,0.995148095654003,97.4498933901919,0.32394671607621023,False
872,0.9904799742690308,97.4498933901919,0.32317846535402345,False
873,0.9842399889605549,97.4498933901919,0.32247239761573004,False
874,0.976414308115487,97.4498933901919,0.3223658751216592,False
875,0.9669852958320848,97.4498933901919,0.3803217225251884,False
876,0.9559312637896478,97.14959279897128,0.3709639583373623,False
877,0.9432261548473415,97.32896777528865,0.36954143370622994,False
878,0.9288391461883214,97.31555247661933,0.3677016393883937,False
879,0.9127341558073343,97.30223653293882,0.365557878409693,False
880,0.8948692308065574,97.28902492348054,0.36322021495633977,False
881,0.875195788740725,97.27592267135326,0.360795923618559,False
882,0.8536576732793313,97.26293484019071,0.3628248420954481,False
883,0.8301899714180443,97.25006653064845,0.36144082580272735,False
884,0.804717519321077,97.23732287674895,0.3606715816357329,False
885,0.7771529943226336,96.54431512981199,0.3088821024467708,False
886,0.7473944462440387,97.32913669064749,0.3118574769444496,False
887,0.7153220528038851,97.32913669064749,0.31524132267435356,False
888,0.6807937753703206,97.32913669064749,0.3193537300955045,False
889,0.6436394131461666,96.54431512981199,0.27093334592548124,False
890,0.603652249754401,97.24177880759291,0.27700274448125045,False
891,0.560576942614533,96.9075839942964,0.2702952866945531,False
892,0.5140912790181235,97.13483646733803,0.2766312004621364,False
893,0.4637773498877516,97.13483646733803,0.2841641964582789,False
894,0.40907313904382653,97.13483646733803,0.2930708993614563,False
895,0.40907313904382653,96.35412046482746,0.22389504499864704,False
896,0.40907313904382653,97.04220377891576,0.23060010428201874,False
897,0.40907313904382653,97.05623901581723,0.2377578085754074,False
898,0.40907313904382653,97.07039790118058,0.2451702865760863,False
899,0.40907313904382653,97.08467496301454,0.2526669371290788,False
900,0.40907313904382653,97.09906477312089,0.2587193207263701,False
901,0.40907313904382653,97.11356195071515,0.2771636369107661,False
902,0.40907313904382653,96.90098585512216,0.28331575477085597,False
903,0.40907313904382653,97.24946695095949,0.2939963617501217,False
904,0.40907313904382653,97.2706499661476,0.30482474319996544,False
905,0.40907313904382653,97.29173664763185,0.31356260830546373,False
906,0.40907313904382653,97.3127239396717,0.31896248465207055,False
907,0.40907313904382653,97.33360892930963,0.3281914714524292,False
908,0.40907313904382653,97.3543888433142,0.33674648290815773,False
909,0.40907313904382653,97.37506104509197,0.3450139306029432,False
910,0.40907313904382653,97.39562303157555,0.35105543949188145,False
911,0.40907313904382653,97.41607243009375,0.3550922422284644,False
912,0.40907313904382653,97.43640699523053,0.3573032775761382,False
913,0.40907313904382653,97.46056782334385,0.3573210553616769,False
914,0.40907313904382653,97.50019560284798,0.3487002429005119,False
915,0.40907313904382653,97.50019560284798,0.34249177314986756,False
916,0.40907313904382653,97.50019560284798,0.3371107105969496,False
917,0.40907313904382653,97.50019560284798,0.3314104325419159,False
918,0.40907313904382653,97.50019560284798,0.3254726990375162,False
919,0.40907313904382653,97.50019560284798,0.3193725593035561,False
920,0.40907313904382653,97.50019560284798,0.3421424809595778,False
921,0.40907313904382653,96.79993740708865,0.3291994545207228,False
922,0.3491843735073079,97.60973319771536,0.3207334505012523,False
923,0.2829047929798921,97.62865792129162,0.31022633913130615,False
924,0.208180945557171,97.66286770368089,0.30253192471425294,False
925,0.12068101401352381,97.66286770368089,0.30934288983455593,False
926,-0.0,97.66286770368089,0.3083325673701575,False
927,-0.0,96.95441244417064,0.3020131129938154,False
928,0.12068101401352381,97.76297551208994,0.2881767256510707,False
929,0.208180945557171,97.79602750190986,0.2842712081544772,False
930,0.208180945557171,97.79602750190986,0.2805116936466601,False
931,0.2829047929798921,97.79602750190986,0.2769003686891065,False
932,0.3491843735073079,97.79602750190986,0.2822820437863457,False
933,0.40907313904382653,97.79602750190986,0.28416083920669405,False
934,0.4637773498877516,97.53129079321201,0.2992824911482098,False
935,0.5140912790181235,97.68079030639808,0.29688634492595206,False
936,0.560576942614533,97.6690971144896,0.3068173297707023,False
937,0.560576942614533,97.65746803866541,0.3162538419955438,False
938,0.560576942614533,97.64590677634156,0.32391178178298197,False
939,0.603652249754401,97.6344170668346,0.3340666492451711,False
940,0.6436394131461666,96.95064072140484,0.3191779339718497,False
941,0.6807937753703206,97.70704180575426,0.3177125891138221,False
942,0.7153220528038851,97.70704180575426,0.31643329906038475,False
943,0.7473944462440387,97.50437132411382,0.3288788671220487,False
944,0.7771529943226336,97.79844221904308,0.335958786584523,False
945,0.8916091590804429,97.10532619979239,0.3318420192497836,False
946,0.9727642516015449,97.86602486963498,0.33172521087781975,False
947,1.041018523939755,97.86602486963498,0.33164590116147585,False
948,1.0670056836533541,97.64139590854393,0.33725242882754264,False
949,1.0670056836533541,97.95026073004412,0.3328861330691719,False
950,1.0670056836533541,97.94084461637654,0.3292549272198847,False
951,1.0670056836533541,97.93150906735751,0.3254903677908375,False
952,1.0670056836533541,97.23103195901439,0.3147330621662926,False
953,1.0670056836533541,97.99477252307442,0.3080613810412708,False
954,1.0670056836533541,97.23509799138002,0.2960983565282743,False
955,1.0670056836533541,97.69268134715026,0.29846046227441886,False
956,1.0670056836533541,98.02143778207608,0.288063006544166,False
957,1.0670056836533541,98.02143778207608,0.2779517742102286,False
958,1.0670056836533541,98.02143778207608,0.2696402075738646,False
959,1.0670056836533541,97.32430689877498,0.25771648372236267,False
960,1.0670056836533541,98.10203094777563,0.24165804672320448,False
961,1.0670056836533541,97.78368794326241,0.24226922803571344,False
962,1.0670056836533541,97.77965828497743,0.24287944066795755,False
963,1.0670056836533541,98.09800128949065,0.2262537189886403,False
964,1.0670056836533541,98.08937823834196,0.21005988607138606,False
965,1.0670056836533541,97.31622409326425,0.1900043395115854,False
966,1.0670056836533541,98.01246761658031,0.2285858541331332,False
967,1.0670056836533541,98.01246761658031,0.22087800191883625,False
968,1.0670056836533541,98.01246761658031,0.21357038549024362,False
969,1.0670056836533541,98.01246761658031,0.2561028611516129,False
970,1.0670056836533541,98.01246761658031,0.2499866849634107,False
971,1.0670056836533541,98.01246761658031,0.2455964280365168,False
972,1.0670056836533541,98.01246761658031,0.24161009120156532,False
973,1.1261358508278747,98.01246761658031,0.2380214459960278,False
974,1.1787269834988532,98.01246761658031,0.23526823330994726,False
975,1.2259790140555222,98.01246761658031,0.23298171317136607,False
976,1.2259790140555222,98.01246761658031,0.23144240869514507,False
977,1.2259790140555222,98.01246761658031,0.2302034791569508,False
978,1.2259790140555222,98.01246761658031,0.22927470492902247,False
979,1.2481068205144499,98.01246761658031,0.22886996246010038,False
980,1.2681489963097885,98.01246761658031,0.22870600799743138,False
981,1.2861766890619075,98.01246761658031,0.22879593029285528,False
982,1.3022504881911108,98.01246761658031,0.22914989915992276,False
983,1.3022504881911108,98.01246761658031,0.22992259000153908,False
984,1.3022504881911108,98.01246761658031,0.22938342759510344,False
985,1.3022504881911108,98.01246761658031,0.22926423337901666,False
986,1.3022504881911108,97.31622409326425,0.17878586244107036,False
987,1.3022504881911108,98.06185735270115,0.17696773043925068,False
988,1.3022504881911108,98.05928594824762,0.2366876193565434,False
989,1.2861766890619075,97.2530159765243,0.23969023138250792,False
990,1.2681489963097885,97.99188640973631,0.2845772158660145,False
991,1.2681489963097885,98.00129209399984,0.32076516624929124,False
992,1.2481068205144499,98.0107699726732,0.35109559960750986,False
993,1.2259790140555222,98.0203167493201,0.4956872180427605,False
994,1.201681991620676,98.02992915704847,0.5106179777579543,False
995,1.1751172867945407,98.03960396039604,0.5236962577613826,False
996,1.1751172867945407,98.04933795712485,0.5353369935357721,False
997,1.1751172867945407,98.05912797992472,0.5465478993730417,False
998,1.201681991620676,98.06897089802607,0.5562671440243048,False
999,1.2259790140555222,98.07886361872235,0.5646379688573309,False
1000,1.2259790140555222,98.08880308880309,0.5727967945640007,False
1001,1.2259790140555222,98.09878629589798,0.5905314282322504,False
1002,1.2259790140555222,98.10881026973333,0.599828319366895,False
1003,1.2259790140555222,97.86047222434478,0.6083763361664469,False
1004,1.2259790140555222,98.03239856345992,0.6166329568660045,False
1005,1.2259790140555222,98.03239856345992,0.6241230353763203,False
1006,1.2014461200230289,98.03239856345992,0.6308743712258548,False
1007,1.1706718933538656,98.03239856345992,0.6369145781966491,False
1008,1.132529774880598,97.26761419776545,0.6222598792337088,False
1009,1.1126817966979572,97.24920943345906,0.6069739336979311,False
1010,1.1126817966979572,97.24238026124819,0.5917372231679173,False
1011,1.132529774880598,97.23955741031433,0.5767913038817648,False
1012,1.1504718163625702,97.23693299562514,0.5621580378195635,False
1013,1.1665620111568704,96.28682643871164,0.44340201067264545,False
1014,1.180846716107336,97.24119611414693,0.42904053427989847,False
1015,1.180846716107336,97.24119611414693,0.4152140452123408,False
1016,1.180846716107336,97.24119611414693,0.4019531354963782,False
1017,1.180846716107336,97.24119611414693,0.38783420052164963,False
1018,1.180846716107336,97.24119611414693,0.4250822535183671,False
1019,1.180846716107336,97.24119611414693,0.41531154255567315,False
1020,1.180846716107336,97.24119611414693,0.4465524408191362,False
1021,1.180846716107336,97.00809036788277,0.42203998411973886,False
1022,1.180846716107336,97.14099316908435,0.4077304873412343,False
1023,1.180846716107336,97.12896503820329,0.40011060634668,False
1024,1.180846716107336,97.11702623001707,0.3879550641978448,False
1025,1.180846716107336,97.10518102372035,0.38235369395783614,False
1026,1.180846716107336,97.09343374911744,0.37092151189981093,False
1027,1.180846716107336,97.08178878460447,0.3602648723471799,False
1028,1.180846716107336,97.07025055502696,0.35043994758178065,False
1029,1.180846716107336,97.05882352941177,0.3414958378339908,False
1030,1.180846716107336,97.04751221857222,0.33347203591271724,False
1031,1.180846716107336,97.03632117258597,0.32639578385185863,False
1032,1.180846716107336,97.02525497814473,0.3202930433702686,False
1033,1.180846716107336,97.01431825577612,0.31515269786835604,False
1034,1.1166404295430468,97.0035156569373,0.310626960452377,False
1035,1.0394364783172854,96.99285186098102,0.30691557603051306,False
1036,0.9288391461883214,96.98233157199472,0.3039724447720302,False
1037,0.9288391461883214,96.97195951551352,0.30173747743688945,False
1038,0.9288391461883214,96.19213539074167,0.22270522896834746,False
1039,0.9288391461883214,96.88070350091256,0.21885662837924688,False
1040,0.9127341558073343,96.19628339140534,0.10527942307898754,False
1041,0.8948692308065574,96.98025551684088,0.1051246044859801,False
1042,0.875195788740725,96.99058784676355,0.10526021120727815,False
1043,0.8536576732793313,96.68923381770145,0.19340453528264817,False
1044,0.8536576732793313,96.89976882430648,0.1927179135251591,False
1045,0.8536576732793313,96.68510568031704,0.1798856480171043,False
1046,0.8536576732793313,96.98233157199472,0.18064416111811477,False
1047,0.8536576732793313,96.97195951551352,0.18255709355467495,False
1048,0.8536576732793313,96.96174043510878,0.18468320648119307,False
1049,0.8536576732793313,96.95167908885352,0.2806707932096678,False
1050,0.8536576732793313,96.94178024566718,0.2852839185406765,False
1051,0.8536576732793313,96.93204868154159,0.2903009295740822,False
1052,0.8536576732793313,96.92248917565158,0.2946519987609378,False
1053,0.8536576732793313,96.91310650635286,0.2983964056297253,False
1054,0.875195788740725,96.90390544707091,0.3019278971720764,False
1055,0.8948692308065574,96.89489076208498,0.3050286089708589,False
1056,0.9127341558073343,96.88606720221128,0.3079508128642421,False
1057,0.9127341558073343,96.87743950039032,0.31041362469689826,False
1058,0.9127341558073343,96.86901236718342,0.31247002862257467,False
1059,0.9127341558073343,96.86079048618399,0.3141675410638719,False
1060,0.9127341558073343,96.85277850934949,0.3155490623176963,False
1061,0.9127341558073343,96.84498105226051,0.3166535519752569,False
1062,0.9127341558073343,96.83740268931352,0.3175165705760635,False
1063,0.9127341558073343,96.07218683651804,0.26463968184252157,False
1064,0.9127341558073343,96.74009200283086,0.2645316962438206,False
1065,0.9127341558073343,96.74009200283086,0.2643920305197097,False
1066,0.9127341558073343,96.74009200283086,0.2642308710505804,False
1067,0.9127341558073343,96.6880627618793,0.26315003891616284,False
1068,0.9127341558073343,96.67145809001886,0.2618055571785832,False
1069,0.9127341558073343,95.86739735872787,0.15463549914165775,False
1070,0.9288391461883214,96.55017518641631,0.14694122592086778,False
1071,0.9432261548473415,96.55017518641631,0.13812608794179898,False
1072,0.9432261548473415,96.55017518641631,0.23451529313163202,False
1073,0.9432261548473415,96.55017518641631,0.23274063788118926,False
1074,0.9288391461883214,96.55017518641631,0.23149092269353236,False
1075,0.9127341558073343,96.55017518641631,0.23024792571508743,False
1076,0.9127341558073343,96.55017518641631,0.22872902591927644,False
1077,0.9127341558073343,96.55017518641631,0.2273590829880797,False
1078,0.9127341558073343,96.55017518641631,0.22616981949110965,False
1079,0.9127341558073343,96.55017518641631,0.22515324246768953,False
1080,0.9127341558073343,96.55017518641631,0.22497752586949282,False
1081,0.9288391461883214,96.55017518641631,0.224976748033468,False
1082,0.9432261548473415,96.55017518641631,0.22511638261355688,False
1083,0.9559312637896478,96.55017518641631,0.22536454968743475,False
1084,0.9669852958320848,96.55017518641631,0.22569205687724325,False
1085,0.9669852958320848,96.55017518641631,0.22607238139026473,False
1086,0.9669852958320848,96.55017518641631,0.22648160565903047,False
1087,0.9669852958320848,96.55017518641631,0.27857355081170515,False
1088,0.9669852958320848,96.55017518641631,0.2789654379211783,False
1089,0.9669852958320848,96.55017518641631,0.28339792132404396,False
1090,0.9669852958320848,96.49194278471845,0.28501013691926175,False
1091,0.9669852958320848,96.4696223316913,0.35413333067726616,False
1092,0.9669852958320848,95.66684911512498,0.36066441116935405,False
1093,0.9669852958320848,96.33734719941617,0.4128046383255933,False
1094,0.9669852958320848,96.33734719941617,0.4573635519847163,False
1095,0.9669852958320848,96.33734719941617,0.4967754047187569,False
1096,0.9669852958320848,96.33734719941617,0.5119791506461101,False
1097,0.9669852958320848,96.33734719941617,0.5522031783882535,False
1098,0.9669852958320848,96.33734719941617,0.553785000999924,False
1099,0.9669852958320848,96.33734719941617,0.598108707969545,False
1100,0.9669852958320848,96.33734719941617,0.6373530812947615,False
1101,0.9669852958320848,96.33734719941617,0.672501120984408,False
1102,0.9669852958320848,96.33734719941617,0.7041449364461715,False
1103,0.9669852958320848,96.33734719941617,0.7311240551558036,False
1104,0.9669852958320848,96.33734719941617,0.7411437317897085,False
1105,0.9669852958320848,96.33734719941617,0.7680499020788462,False
1106,0.9669852958320848,96.33734719941617,0.792271586068208,False
1107,1.0757143856082798,95.6896551724138,0.7974373272351074,False
1108,1.150999540671385,96.46506112023353,0.8198092848016493,False
1109,1.150999540671385,96.16013814414251,0.8568985080965089,False
1110,1.150999540671385,96.52784065187868,0.8894731082107702,False
1111,1.150999540671385,97.31552738795835,0.8935522259116742,False
1112,1.150999540671385,97.32593795093796,0.8951054177972595,False
1113,1.150999540671385,97.33650736615164,0.8943426226813789,False
1114,1.150999540671385,97.3472309206406,0.8914553272205431,False
1115,1.1412418450836315,97.35810389378953,0.8866212527864303,False
1116,1.129798482836793,97.07630878438331,0.8919082653778598,False
1117,1.1166404295430468,97.45538080933026,0.8794913623750186,False
1118,1.1017332648846088,96.77504859515815,0.8875152521538228,False
1119,1.0850365744330075,97.57465983389291,0.8658126794732682,False
1120,1.066503202885787,97.58511480601742,0.8430565889502778,False
1121,1.046078320219219,97.59569063676973,0.8198134702540868,False
1122,1.0236982481827188,97.6063829787234,0.7968342176018589,False
1123,1.0236982481827188,97.6171875,0.7757196128177697,False
1124,1.0236982481827188,97.32567182234511,0.7692148943299014,False
1125,1.0236982481827188,97.71222155328115,0.7450146261407693,False
1126,1.0236982481827188,97.7257211128179,0.7214899054265251,False
1127,1.0236982481827188,97.7307366638442,0.6990550603647893,False
1128,0.9992889743797904,97.79887423338654,0.6741464529328671,False
1129,1.041018523939755,98.1311927756177,0.6254299179432731,False
1130,1.0730208202534555,98.1311927756177,0.5780844082483216,False
1131,1.0972261621017096,98.1311927756177,0.532176551298816,False
1132,1.114696123966521,98.1311927756177,0.5053533718484124,False
1133,1.0805333164475432,98.1311927756177,0.4662975374607916,False
1134,1.0434758622197662,98.1311927756177,0.4294739122934882,False
1135,1.0434758622197662,98.1311927756177,0.395126941427852,False
1136,1.0434758622197662,98.1311927756177,0.3641566912657251,False
1137,1.0434758622197662,98.1311927756177,0.33588964195409277,False
1138,1.0434758622197662,98.1311927756177,0.33140407956875056,False
1139,1.0434758622197662,98.1311927756177,0.3163571283812053,False
1140,1.0434758622197662,98.1311927756177,0.305635067780627,False
1141,1.0805333164475432,98.1311927756177,0.29816918186155544,False
1142,1.0805333164475432,98.1311927756177,0.2860929851241619,False
1143,1.0805333164475432,98.1311927756177,0.2845616994488695,False
1144,1.0805333164475432,98.1311927756177,0.2839730592330061,False
1145,1.0805333164475432,98.1311927756177,0.284212314516674,False
1146,1.114696123966521,98.1311927756177,0.2851618541753347,False
1147,1.1461683299371317,98.1311927756177,0.28711364819367563,False
1148,1.1751172867945407,98.1311927756177,0.2894040155371775,False
1149,1.201681991620676,98.1311927756177,0.2926546096584221,False
1150,1.2259790140555222,98.1311927756177,0.295897651691372,False
1151,1.2481068205144499,98.1311927756177,0.29908861464738007,False
1152,1.2681489963097885,97.41627994481375,0.2717877135562236,False
1153,1.2861766890619075,98.23153141853757,0.2715002703885374,False
1154,1.3022504881911108,98.24124771859964,0.2712163176490577,False
1155,1.3164218868227548,98.26330301658504,0.2921844069934036,False
1156,1.3287344279695676,98.29740323370896,0.2952368034795498,False
1157,1.3392246071829446,98.29740323370896,0.29842052081935766,False
1158,1.3392246071829446,97.59513310468725,0.28088734972827273,False
1159,1.3392246071829446,98.39131144863629,0.27858562957771205,False
1160,1.3392246071829446,98.39496139780577,0.2753832804294788,False
1161,1.3392246071829446,98.39870602507077,0.27181014784954544,False
1162,1.3392246071829446,98.15708997263802,0.274310187107475,False
1163,1.347922583568817,98.46252402306214,0.26611548087580555,False
1164,1.3548527368476762,98.46252402306214,0.26006639342638993,False
1165,1.360034097940745,98.46252402306214,0.25153274392633634,False
1166,1.3634806730596907,98.46252402306214,0.24330335972875464,False
1167,1.3652016755898781,98.46252402306214,0.23540311492657812,False
1168,1.3271059259290725,98.46252402306214,0.23094767508857522,False
1169,1.2834031297544843,98.46252402306214,0.2243615947047001,False
1170,1.2817425764699486,98.46252402306214,0.26392089998812307,False
1171,1.278417365535648,98.46252402306214,0.26125610347289313,False
1172,1.2734192269994746,98.46252402306214,0.25887759094714113,False
1173,1.2667356005770385,98.46252402306214,0.2565408550023781,False
1174,1.2583494426149708,98.46252402306214,0.32236280232058334,False
1175,1.2482389571842902,97.74583600256246,0.3021752320706251,False
1176,1.2363772403452271,98.54660474055093,0.29723524317182803,False
1177,1.222731822382257,98.54991634132739,0.2923817057317965,False
1178,1.2072640872959293,98.5533095521205,0.28706257363693577,False
1179,1.1899285414712581,98.52941176470588,0.28322707333677954,False
1180,1.1706718933538656,98.51347042882193,0.2803824352117518,False
1181,1.1494318918359776,98.50955006792935,0.27801461780563497,False
1182,1.1261358508278745,98.50572870763561,0.27608516540289924,False
1183,1.1261358508278745,98.50200803212851,0.2751529706512962,False
1184,1.1494318918359776,98.20080321285141,0.27253105337766137,False
1185,1.1706718933538656,98.4417670682731,0.27264313840900867,False
1186,1.1899285414712581,98.4417670682731,0.27254410241490284,False
1187,1.2407449439357603,98.4417670682731,0.27248694390214767,False
1188,1.2861766890619075,98.22489959839358,0.269844600657297,False
1189,1.2861766890619075,98.49799196787149,0.26943517374978754,False
1190,1.2574580300524587,97.75507732062826,0.22435777218107156,False
1191,1.222731822382257,98.56713752232505,0.22148659577509391,False
1192,1.1808467161073357,98.56713752232505,0.218781128445662,False
1193,1.129798482836793,98.56713752232505,0.2165195790075585,False
1194,1.129798482836793,97.52897000040376,0.08255205781679467,False
1195,1.129798482836793,98.55020080321285,0.0750542380192633,False
1196,1.129798482836793,98.55020080321285,0.06701667529101296,False
1197,1.129798482836793,98.25978116041507,0.059522409027362735,False
1198,1.129798482836793,98.49001461276181,0.055663095016420125,False
1199,1.129798482836793,98.48614681519565,0.05179686675438708,False
1200,1.129798482836793,98.48236259228877,0.04805775005729898,False
1201,1.129798482836793,98.4786641929499,0.0443397337927365,False
1202,1.1412418450836315,98.47505387037958,0.04066710312649633,False
1203,1.150999540671385,98.47153388030486,0.03702304695485057,False
1204,1.1590956761386297,98.4681064791562,0.03338991428888731,False
1205,1.1655498193580116,98.46477392218718,0.030429499188907132,False
1206,1.170377295621679,98.46153846153847,0.029590776444138895,False
1207,1.173589412323443,98.45840234424767,0.18353931619420863,False
1208,1.175193620727556,98.45536781020652,0.18447184740341166,False
1209,1.175193620727556,98.4524370900673,0.18526614859020968,False
1210,1.2329087607099036,98.44961240310077,0.18594108323080646,False
1211,1.2817425764699486,98.44689595500758,0.18651143938803696,False
1212,1.278417365535648,98.44428993568573,0.18698670614337037,False
1213,1.2734192269994744,98.44179651695693,0.25320187528258264,False
1214,1.2667356005770385,98.43941785025426,0.26900890702899727,False
1215,1.2583494426149708,98.4371560642747,0.26893583152983125,False
1216,1.2482389571842902,98.43501326259947,0.2688775281269441,False
1217,1.236377240345227,98.43299152128557,0.2688346179951997,False
1218,1.222731822382257,98.43109288643252,0.268807718288498,False
1219,1.222731822382257,98.42931937172774,0.2688217141864623,False
1220,1.222731822382257,98.42767295597484,0.26884632136555037,False
1221,1.222731822382257,98.42615558060879,0.2688986763506145,False
1222,1.222731822382257,98.42476914720261,0.26897068210791936,False
1223,1.222731822382257,98.4235155149698,0.26906157737359987,False
1224,1.2072640872959293,98.42239649826737,0.26917013063014045,False
1225,1.1899285414712581,98.42141386410432,0.2692185626525831,False
1226,1.1706718933538656,98.42056932966024,0.269303972522841,False
1227,1.1494318918359776,97.63085399449035,0.19930214701229512,False
1228,1.1261358508278747,98.3287419651056,0.198487250667943,False
1229,1.1006987578744163,98.3287419651056,0.19782023538320884,False
1230,1.0730208202534555,98.3287419651056,0.1972934782619616,False
1231,1.0429842335712594,98.3287419651056,0.1968994787408109,False
1232,1.0104488493066097,98.3287419651056,0.19663090056397955,False
1233,0.9752462395674342,97.63085399449035,0.12261820175622795,False
1234,0.9371713531760616,97.95918367346938,0.08742202442561392,False
1235,0.8959704136014894,98.35536923573041,0.09258335775909808,False
1236,0.8513226827573213,98.35536923573041,0.17217536959539329,False
1237,0.8028116417452926,98.35536923573041,0.172869407899291,False
1238,0.7498765864518436,98.35536923573041,0.17315431588903474,False
1239,0.6917244835981394,98.35536923573041,0.17342299803982744,False
1240,0.6271502454482835,98.35536923573041,0.3032423784259595,False
1241,0.5541015302865538,98.35536923573041,0.3042321568277744,False
1242,0.46824757305098735,98.35536923573041,0.30519015134033,False
1243,0.3491843735073079,98.35536923573041,0.3396703043238646,False
1244,0.3491843735073079,98.35536923573041,0.34959356259334573,False
1245,0.3491843735073079,98.35536923573041,0.3500743865045472,False
1246,0.3491843735073079,98.35536923573041,0.3505515115314623,False
1247,0.3491843735073079,98.35536923573041,0.35102444680788203,False
1248,0.2829047929798921,98.35536923573041,0.3514927590670409,False
1249,0.208180945557171,98.35536923573041,0.35195606379199873,False
1250,0.208180945557171,98.35536923573041,0.35241401670433564,False
1251,0.208180945557171,98.35536923573041,0.35286630557504267,False
1252,0.208180945557171,98.35536923573041,0.35331264233976845,False
1253,0.208180945557171,97.96379048233288,0.3459896522501778,False
1254,0.208180945557171,98.41986455981942,0.34533317006914055,False
1255,0.208180945557171,98.41930116472545,0.34469812986126,False
1256,0.208180945557171,97.63357367350712,0.3134353001750933,False
1257,0.208180945557171,98.32686263634683,0.32359794699881195,False
1258,0.208180945557171,98.32686263634683,0.32359332175094047,False
1259,0.208180945557171,98.32686263634683,0.32360673899094583,False
1260,0.208180945557171,97.166968053044,0.2072428926170005,False
1261,0.208180945557171,98.35348837209303,0.20607000217192778,False
1262,0.208180945557171,98.35348837209303,0.2049546887127207,False
1263,0.208180945557171,97.57499884082162,0.14109276268118015,False
1264,0.208180945557171,97.86929192087263,0.11462791459506391,False
1265,0.208180945557171,98.32772838254941,0.11356101147733279,False
1266,0.208180945557171,98.32772838254941,0.1920544545471493,False
1267,0.208180945557171,98.32772838254941,0.19211054100455183,False
1268,0.208180945557171,98.32772838254941,0.19195462951319556,False
1269,0.208180945557171,98.32772838254941,0.1937448959451124,False
1270,0.208180945557171,98.32772838254941,0.19521541355921795,False
1271,0.12068101401352381,98.32772838254941,0.19525006185785287,False
1272,-0.0,98.32772838254941,0.19511747513220803,False
1273,-0.0,98.32772838254941,0.19483295700792044,False
1274,-0.0,98.32772838254941,0.2524303585213731,False
1275,-0.0,98.32772838254941,0.2515507604569901,False
1276,-0.0,98.32772838254941,0.2506254064225195,False
1277,-0.0,97.86004806803476,0.23689325322144833,False
1278,-0.0,98.25659572495016,0.2674951247974953,False
1279,-0.0,98.25581395348837,0.267856823868035,False
1280,-0.0,98.25519010963377,0.26808205517818035,False
1281,-0.0,98.25472580947033,0.2681777117952277,False
1282,-0.0,98.25442259865797,0.31013704491428123,False
1283,-0.0,98.25428194993412,0.3103529185872234,False
1284,-0.0,98.25430526067468,0.31069859772100333,False
1285,-0.0,98.25449385052035,0.31103899099083043,False
1286,-0.0,97.49356713999809,0.26971303298979865,False
1287,-0.0,98.28165498704041,0.283179504668962,False
1288,-0.0,98.27205529423058,0.2845613632663737,False
1289,-0.0,98.33445329749448,0.28499920224768155,False
1290,-0.0,98.32720943724618,0.3376220373673051,False
1291,-0.0,98.32002337358784,0.3410190620541658,False
1292,-0.0,98.31289847964689,0.3743450132438722,False
1293,-0.0,98.3058381902598,0.40981930790553495,False
1294,-0.0,97.52049787612368,0.40998553825186596,False
1295,-0.0,98.20211399782673,0.43896477153301877,False
1296,-0.0,98.20211399782673,0.46437484641367127,False
1297,-0.0,98.20211399782673,0.4851688906228252,False
1298,-0.0,97.66325065597307,0.48806361773515516,False
1299,0.12068101401352381,98.11948000396943,0.5048606895900357,False
1300,0.208180945557171,98.1204316045945,0.5047094382543348,False
1301,0.2829047929798921,98.1215744892875,0.5259845596266749,False
1302,0.3491843735073079,97.47890769307573,0.5223190812492835,False
1303,0.40907313904382653,98.2294688406522,0.5399898081968405,False
1304,0.5277139815252946,98.2294688406522,0.5557682339117471,False
1305,0.6131379016405238,98.2294688406522,0.5685810293028662,False
1306,0.6857486151292824,98.2294688406522,0.5798319978161549,False
1307,0.7498765864518436,97.73932179653896,0.5833165288837591,False
1308,0.8075738393756748,98.28448534560368,0.58497496574102,False
1309,0.8600451249809193,98.29948984695409,0.588661789613376,False
1310,0.9080831196860789,98.95688456189151,0.5635705775048804,False
1311,0.9522481488898977,98.39387200395355,0.5647518617495195,False
1312,0.9929563290994997,98.85939036381514,0.54598739804171,False
1313,1.0305279703180825,98.93382892355847,0.5217465639629806,False
1314,1.0305279703180825,98.9321054178505,0.5035412381445177,False
1315,1.0305279703180825,98.93048128342247,0.535932426121599,False
1316,1.0305279703180825,98.92895745308047,0.5232098481352467,False
1317,1.0652163930664527,98.92753480592316,0.5433962493507067,False
1318,1.0972261621017096,98.92621416609201,0.5319235016964889,False
1319,1.1267251857192595,98.92499630159278,0.5216202776638205,False
1320,1.1538530565800795,98.31671438444071,0.5274654764406533,False
1321,1.1787269834988532,99.02663175058056,0.5115339648668489,False
1322,1.2014461200230289,99.02663175058056,0.5365079340389444,False
1323,1.2220947914756688,99.02663175058056,0.5201360966222454,False
1324,1.2407449439357603,99.02663175058056,0.5042783880177099,False
1325,1.2574580300524587,99.02663175058056,0.49046882404710257,False
1326,1.2722864781512913,99.02663175058056,0.4774765604121549,False
1327,1.2852748466470731,99.02663175058056,0.4653438248012547,False
1328,1.2964607361371667,98.31671438444071,0.482262320197491,False
1329,1.3058755112911309,98.92499630159278,0.4772351957265897,False
1330,1.3135448704851065,98.92621416609201,0.4728241073562197,False
1331,1.3194892909924263,98.92753480592316,0.46924057375307177,False
1332,1.3237243701143493,98.92895745308047,0.4661904419157836,False
1333,1.3262610770456722,98.93048128342247,0.4642046172897532,False
1334,1.3271059259290725,98.34666143354757,0.4561606380598609,False
1335,1.3262610770456722,97.66336827667287,0.4110303898727243,False
1336,1.3237243701143493,98.28825744608011,0.4000953926590608,False
1337,1.3194892909924263,97.81759593789668,0.34523073164150786,False
1338,1.3135448704851065,98.38198742628784,0.3367316505487128,False
1339,1.305875511291131,98.38198742628784,0.32784531404626444,False
1340,1.296460736137167,98.38198742628784,0.31837955771027693,False
1341,1.2852748466470731,98.38198742628784,0.30956575097505973,False
1342,1.272286478151291,97.74842828597885,0.24295243717990805,False
1343,1.2574580300524587,98.48920512695551,0.24059806585003518,False
1344,1.2407449439357603,98.49693549956221,0.23926682703306648,False
1345,1.2220947914756686,98.50478178552356,0.2383933759485921,False
1346,1.201446120023029,98.51274101346769,0.2726783056867404,False
1347,1.201446120023029,98.52081017063857,0.27518521388804373,False
1348,1.201446120023029,97.98907526465896,0.2400945554475148,False
1349,1.201446120023029,98.44346691158698,0.2427714850432681,False
1350,1.201446120023029,98.44346691158698,0.2453055018446415,False
1351,1.201446120023029,98.44346691158698,0.24724099594200166,False
1352,1.201446120023029,98.43939909572659,0.24908603759265627,False
1353,1.201446120023029,98.43054808585538,0.25011924863061935,False
1354,1.1787269834988532,98.42666797777669,0.25122010777938786,False
1355,1.1538530565800795,97.86616844485962,0.21142744307687586,False
1356,1.1267251857192595,98.33325138895718,0.21154828665355607,False
1357,1.0972261621017099,98.33325138895718,0.2120703232377261,False
1358,1.0652163930664527,98.33325138895718,0.21288871495770964,False
1359,1.0305279703180825,98.33325138895718,0.21319011026768592,False
1360,0.9752462395674341,98.33325138895718,0.21362710693538853,False
1361,0.9134853951751389,98.33325138895718,0.2135332883910897,False
1362,0.843195316078971,97.89566842027632,0.1888568223581053,False
1363,0.7600473303889541,98.42175131520723,0.18714833927857893,False
1364,0.6436394131461666,98.41308954708984,0.18513471358000352,False
1365,0.6436394131461666,98.4045443319338,0.18344088871131456,False
1366,0.6436394131461666,97.71298450571754,0.12421358910665313,False
1367,0.6436394131461666,98.49198868991517,0.11679520233527782,False
1368,0.6436394131461666,98.46518284558061,0.11286260343436759,False
1369,0.6436394131461666,98.53208306740635,0.1867564386764919,False
1370,0.6436394131461666,98.5244208351778,0.18187397718596876,False
1371,0.6436394131461666,98.51687607785169,0.17739515780500673,False
1372,0.6436394131461666,98.50945165589063,0.17419030576202804,False
1373,0.6436394131461666,98.50215037816996,0.17183973175937722,False
1374,0.6436394131461666,98.49497499876232,0.16961016053196828,False
1375,0.603652249754401,98.48792821377225,0.16749732324668498,False
1376,0.603652249754401,98.48101265822785,0.16549967120938391,False
1377,0.603652249754401,98.47423090303663,0.16359052804795926,False
1378,0.6436394131461666,98.46758545201254,0.16185215478322826,False
1379,0.6807937753703206,98.46107873898103,0.1608030379395395,False
1380,0.6807937753703206,98.45471312496885,0.15995340298803068,False
1381,0.6807937753703206,98.37406533848547,0.16008070197929206,False
1382,0.6807937753703206,98.39858550138923,0.16015978547796245,False
1383,0.7153220528038851,98.38799898296466,0.16033443640196268,False
1384,0.7473944462440387,98.37743768234631,0.16058039384084377,False
1385,0.7771529943226336,98.36690536293854,0.16087376871195572,False
1386,0.804717519321077,98.35640586923834,0.23283863042141398,False
1387,0.8301899714180443,98.34594312548917,0.23415284607594344,False
1388,0.8536576732793313,98.33552113415594,0.2351501112643831,False
1389,0.875195788740725,97.6911290748666,0.1774921584525323,False
1390,0.8948692308065574,98.41582053054064,0.17841129746015266,False
1391,0.9127341558073343,98.33076391473074,0.1792524715128435,False
1392,0.9288391461883214,98.45303279995747,0.17922159327568793,False
1393,0.9432261548473415,98.44360057763278,0.17960556800165012,False
1394,0.9559312637896478,98.43422114608555,0.18002013169403208,False
1395,0.9669852958320848,98.42489851150204,0.18045036204727385,False
1396,0.976414308115487,98.41563673980508,0.18088062003445982,False
1397,0.976414308115487,98.40643995400033,0.1813196653956004,False
1398,0.976414308115487,98.39731233133227,0.18167956300269753,False
1399,0.976414308115487,98.38825810024923,0.18195609767692414,False
1400,0.976414308115487,98.37928153717627,0.1824915561805487,False
1401,0.976414308115487,98.37038696309571,0.1828857646993542,False
1402,0.976414308115487,98.36157873993581,0.18319046486553953,False
1403,0.976414308115487,98.35286126676856,0.18334882355476323,False
1404,0.976414308115487,98.34423897581793,0.18337798173003822,False
1405,0.976414308115487,98.33571632828138,0.18329338611080254,False
1406,1.0844863484244938,97.62081784386618,0.07251276864080469,False
1407,1.1590956761386297,98.22705175865028,0.06769191930633242,False
1408,1.2132336634320215,98.22705175865028,0.06315565140334824,False
1409,1.2583494426149708,98.22705175865028,0.05892609116899965,False
1410,1.296460736137167,98.22705175865028,0.0550277951186557,False
1411,1.3287344279695676,98.22705175865028,0.051487266330798656,False
1412,1.3559212235520337,98.22705175865028,0.04812431135498342,False
1413,1.378534725137646,98.22705175865028,0.04504422837874336,False
1414,1.378534725137646,98.22705175865028,0.042260056628544394,False
1415,1.391334586143604,98.22705175865028,0.039784751311355414,False
1416,1.402234618245608,98.22705175865028,0.03763000620219839,False
1417,1.411268792775777,98.22705175865028,0.035415335891097834,False
1418,1.411268792775777,98.22705175865028,0.03338010642657905,False
1419,1.411268792775777,98.22705175865028,0.031507087140637165,False
1420,1.411268792775777,98.22705175865028,0.027697139518958937,False
1421,1.411268792775777,98.22705175865028,0.024121563638817786,False
1422,1.411268792775777,98.22705175865028,0.02042094785952915,False
1423,1.411268792775777,98.22705175865028,0.017105370734717653,False
1424,1.411268792775777,98.22705175865028,0.014197709654328297,False
1425,1.411268792775777,98.22705175865028,0.011731808974474239,False
1426,1.411268792775777,98.22705175865028,0.009752156853856761,False
1427,1.411268792775777,98.22705175865028,0.008302517182915067,False
1428,1.411268792775777,98.22705175865028,0.007392703541801278,False
1429,1.4184645038322823,98.22705175865028,0.006953628126622991,False
1430,1.4238430936939133,98.22705175865028,0.006829453996254969,False
1431,1.4238430936939133,98.22705175865028,0.006827247493549388,False
1432,1.4238430936939133,98.22705175865028,0.05002213712500204,False
1433,1.4238430936939133,98.22705175865028,0.20948465353070314,False
1434,1.4238430936939133,98.22705175865028,0.21946608904369908,False
1435,1.4238430936939133,98.22705175865028,0.22830733583766422,False
1436,1.4238430936939133,98.22705175865028,0.2361602458749114,False
1437,1.4184645038322823,98.22705175865028,0.25977812384688137,False
1438,1.411268792775777,98.22705175865028,0.2687819012197032,False
1439,1.402234618245608,98.22705175865028,0.277658256773789,False
1440,1.391334586143604,98.22705175865028,0.2863852998412067,False
1441,1.391334586143604,98.22705175865028,0.29494257178544114,False
1442,1.391334586143604,98.22705175865028,0.3033109443015128,False
1443,1.391334586143604,98.22705175865028,0.31147253724359175,False
1444,1.378534725137646,98.22705175865028,0.3194106538171366,False
1445,1.3637938028246004,98.22705175865028,0.3866027825739188,False
1446,1.3470624465271646,98.22705175865028,0.46895184617675306,False
1447,1.3282820174272938,98.22705175865028,0.5141115379660618,False
1448,1.3282820174272938,98.22705175865028,0.5532024410336942,False
1449,1.3282820174272938,98.22705175865028,0.6497957098135841,False
1450,1.3282820174272938,98.22705175865028,0.6826892990168586,False
1451,1.3282820174272938,98.22705175865028,0.7111613633464186,False
1452,1.3282820174272938,98.00540323044203,0.7341942982343377,False
1453,1.3282820174272938,97.30988101396792,0.7277845956465184,False
1454,1.30738316633364,97.89618899810313,0.7442231862143963,False
1455,1.30738316633364,97.89618899810313,0.7583281518915416,False
1456,1.30738316633364,97.89618899810313,0.7703533921919539,False
1457,1.30738316633364,97.67200046213391,0.7751595109181397,False
1458,1.3282820174272938,97.82898937714053,0.8106383002965789,False
1459,1.3470624465271646,97.81277340332458,0.812180317383706,False
1460,1.3637938028246004,97.79665983006153,0.8125102001090961,False
1461,1.378534725137646,97.78065579560841,0.811817488855732,False
1462,1.391334586143604,97.76476849387973,0.8102871500626309,False
1463,1.402234618245608,97.7490051671913,0.8118180858917549,False
1464,1.411268792775777,97.73337309871756,0.8090211668572579,False
1465,1.4184645038322823,97.0593498359678,0.779323305515212,False
1466,1.4238430936939133,96.8074273734651,0.7328088765502461,False
1467,1.3958301562928708,97.00487159439466,0.7018845029772959,False
1468,1.360034097940745,96.9929352092265,0.6715066611713209,False
1469,1.3194892909924263,96.34080067628766,0.5785634238791357,False
1470,1.2734192269994746,96.86613127226617,0.5394352842140837,False
1471,1.2206340886225493,96.86613127226617,0.501509802161683,False
1472,1.2657961788219505,96.86613127226617,0.4649160077703503,False
1473,1.2657961788219505,96.86613127226617,0.4424563051540062,False
1474,1.2206340886225493,96.86613127226617,0.4127211630733615,False
1475,1.2132336634320215,96.86613127226617,0.3856014152632436,False
1476,1.2041517951932372,96.86613127226617,0.3635155598785395,False
1477,1.193365482413587,96.86613127226617,0.34704865164730836,False
1478,1.1808467161073357,96.33476239357526,0.2579033792397385,False
1479,1.1808467161073357,96.9929352092265,0.2567297720063806,False
1480,1.1808467161073357,97.00487159439466,0.25713671130571797,False
1481,1.1808467161073357,97.01707097933513,0.2598261199233742,False
1482,1.1808467161073357,97.02952579779303,0.2642379443674171,False
1483,1.1808467161073357,96.83435291322682,0.25841086791662077,False
1484,1.1808467161073357,97.10839098811425,0.26532618131912955,False
1485,1.1808467161073357,97.10633765311557,0.27182341688635875,False
1486,1.1808467161073357,97.10462431168216,0.277865193310884,False
1487,1.1808467161073357,97.10325217700372,0.2834081237592453,False
1488,1.1808467161073357,97.10222222222222,0.28840042421724926,False
1489,1.1808467161073357,97.10153517870903,0.292167218381494,False
1490,1.1665620111568704,97.10119153476792,0.29552383108115776,False
1491,1.1504718163625702,97.10119153476792,0.2984200490571356,False
1492,1.1504718163625702,97.10153517870903,0.3008060078940812,False
1493,1.1504718163625702,96.50962962962963,0.2838275434928082,False
1494,1.1504718163625702,97.1980332918666,0.2810613068303754,False
1495,1.1504718163625702,97.1980332918666,0.2773612551575472,False
1496,1.1504718163625702,96.6056513239737,0.26986544113210764,False
1497,1.1504718163625702,97.31650968544517,0.2583520664256553,False
1498,1.1504718163625702,97.31778080407366,0.24691500279890097,False
1499,1.1504718163625702,97.31936800994141,0.2355584412669557,False
1500,1.1504718163625702,97.32127017917333,0.2259338404605884,False
1501,1.260462652834233,97.32348596750369,0.21676922603730808,False
1502,1.3370441443520218,97.32601381264388,0.20806833513665476,False
1503,1.4006111439288156,97.3288519370246,0.1998355133293306,False
1504,1.4554846186995187,97.33199835090406,0.19137807142882604,False
1505,1.5037063976523952,97.33545085583201,0.1834630543656064,False
1506,1.5464702686981733,97.33920704845815,0.18486416196411273,False
1507,1.5845570963826432,97.34326432467304,0.18163451915586326,False
1508,1.6185144542910055,97.34761988406815,0.17869805780754286,False
1509,1.6369185152170005,97.35227073470104,0.17713980497886173,False
1510,1.6513746756893453,97.35721369815063,0.17557577728172621,False
1511,1.662069781347036,97.36244541484716,0.173983679043736,False
1512,1.6691327135147183,97.3679623496601,0.17234362169740966,False
1513,1.672644577418669,97.3737607977274,0.2129774537179739,False
1514,1.672644577418669,97.37983689050841,0.20953135658098654,False
1515,1.690234376245165,97.38618660204259,0.2110168695314743,False
1516,1.6851446264305436,97.39280575539568,0.21191777524252614,False
1517,1.6766025592565734,97.399690029275,0.21231473529681413,False
1518,1.664515430263636,97.40683496479478,0.212278400746325,False
1519,1.6487446631558704,97.41423597237285,0.21187122346862144,False
1520,1.6290952511995047,97.42188833873998,0.21114880162360603,False
1521,1.60529871947803,97.42978723404255,0.21016089379182237,False
1522,1.5769852722388453,97.43792771902042,0.2089521929050955,False
1523,1.5436361763470314,97.44630475224082,0.20756292339139581,False
1524,1.5044962656329393,97.45491319737064,0.20667736264146153,False
1525,1.45839475367845,97.46374783046862,0.20557907658097171,False
1526,1.45839475367845,97.06555090655509,0.19640968759774727,False
1527,1.45839475367845,97.55989105663943,0.19192054676892817,False
1528,1.45839475367845,97.55989105663943,0.18761762045980754,False
1529,1.5088891227230308,97.55989105663943,0.18351830578313177,False
1530,1.5525919188976187,97.55989105663943,0.17963713549408314,False
1531,1.5906876685584244,97.55989105663943,0.17598567133986115,False
1532,1.6239470199792274,97.55989105663943,0.17257243179793136,False
1533,1.597821970086878,96.82063253849147,0.11160291527184155,False
1534,1.556357625611783,97.42126755048386,0.11155590814661806,False
1535,1.4794731020725562,97.59968594021647,0.18660637434280758,False
1536,1.5004659065178618,97.59374824309889,0.23189331530057458,False
1537,1.5183593905083006,97.58805297266835,0.24172410564503724,False
1538,1.5332939593741386,97.58260378424174,0.2516619636279188,False
1539,1.545378825051491,97.57740419992075,0.35437869794278865,False
1540,1.554697508762069,97.57245760308547,0.3568418707856878,False
1541,1.5613116549052575,97.56776723305109,0.35892816119495335,False
1542,1.565263635906296,97.56333617990322,0.3758942316965731,False
1543,1.5665782425417163,97.55916737952666,0.3759452029724943,False
1544,1.565263635906296,97.55526360884218,0.3765619396008816,False
1545,1.5613116549052575,97.55162748126537,0.3774109080747311,False
1546,1.554697508762069,97.54826144240133,0.3783541994958789,False
1547,1.545378825051491,97.54516776598796,0.3793673972045833,False
1548,1.5332939593741384,97.54234855010048,0.38042813833366035,False
1549,1.5183593905083004,97.53980571362878,0.3815160711719228,False
1550,1.5004659065178618,97.53754099303838,0.3826127992053392,False
1551,1.4794731020725562,97.53555593942535,0.38370181626660654,False
1552,1.4552013979602214,97.5338519158744,0.4025155571164831,False
1553,1.4274202463828696,97.53243009512828,0.4047939872294145,False
1554,1.3958301562928708,97.53129145757629,0.4071388078910671,False
1555,1.3600340979407453,96.81029013093384,0.4411539044709786,False
1556,1.3194892909924263,96.84380589694767,0.4711473692612948,False
1557,1.2734192269994746,97.12877030162413,0.4817957066863631,False
1558,1.2206340886225493,97.11387091131712,0.47615988059739217,False
1559,1.1590956761386297,96.32559774964838,0.40480639298935056,False
1560,1.0844863484244938,97.17886801342836,0.41574532982374124,False
1561,0.976414308115487,97.1847576417928,0.498578354312188,False
1562,0.9669852958320848,96.87297567869972,0.5952657984571196,False
1563,0.9559312637896478,97.256402708272,0.6497294216599979,False
1564,0.9432261548473415,97.24341910677315,0.6948151982219066,False
1565,0.9288391461883214,97.23064123135437,0.7581157940239475,False
1566,0.9127341558073343,97.21807653274432,0.8205158568147357,False
1567,0.8948692308065574,97.20573244588356,0.8468198226518978,False
1568,0.875195788740725,97.19361638060825,0.8698652152827855,False
1569,0.8536576732793313,97.1817357121258,0.890054614955167,False
1570,0.8301899714180443,97.17009777130018,0.9088871342887256,False
1571,0.804717519321077,97.15870983476617,0.9252406904555955,False
1572,0.804717519321077,96.73486890468023,0.9318976528286828,False
1573,0.7771529943226336,97.05828050956983,0.963191906683162,False
1574,0.7473944462440387,97.03882294757666,0.9701610030785487,False
1575,0.7153220528038851,96.18570722057369,0.949323514756382,False
1576,0.6807937753703206,96.19188921859545,0.9297655360087245,False
1577,0.6807937753703206,96.55600372323921,0.9582095552463513,False
1578,0.6807937753703206,96.96781794506107,0.959989441368333,False
1579,0.6807937753703206,96.97664333064866,0.9610835560435511,False
1580,0.6807937753703206,96.57394213493588,0.9557192268636016,False
1581,0.6807937753703206,95.77551649707061,0.9142972612694477,False
1582,0.6807937753703206,95.42399013259327,0.8468578664628549,False
1583,0.6807937753703206,95.72617946345976,0.8054845442606187,False
1584,0.6807937753703206,95.72617946345976,0.7664794903337914,False
1585,0.6436394131461666,95.41165587419056,0.7037315930881776,False
1586,0.6436394131461666,95.3178905864958,0.6299295650010959,False
1587,0.6807937753703206,95.73065549531789,0.5945377865694383,False
1588,0.7153220528038851,95.73065549531789,0.5594785103760479,False
1589,0.7153220528038851,95.73065549531789,0.5307807229174344,False
1590,0.7153220528038851,95.73065549531789,0.5046088835920584,False
1591,0.7153220528038851,95.73065549531789,0.4836825274583096,False
1592,0.7153220528038851,95.73065549531789,0.4662357534894677,False
1593,0.7153220528038851,95.32405125677674,0.4082714352400475,False
1594,0.7153220528038851,95.81074420896994,0.4025849338219605,False
1595,0.7153220528038851,95.80216383307574,0.3998052547459191,False
1596,0.7153220528038851,95.79404466501241,0.3991762231843565,False
1597,0.7153220528038851,95.03952200161822,0.3158465472488327,False
1598,0.7153220528038851,95.8603896103896,0.3258869176476525,False
1599,0.7153220528038851,95.87879543612445,0.33831842082850316,False
1600,0.7153220528038851,95.8976593625498,0.35227802795353963,False
1601,0.7153220528038851,95.91697222049594,0.36701742390406006,False
1602,0.7153220528038851,95.93672456575682,0.38190632417107007,False
1603,0.7153220528038851,95.95690669308402,0.3964389315872054,False
1604,0.7153220528038851,95.97750865051903,0.40949862649733276,False
1605,0.7153220528038851,95.99852025402306,0.4217088065116592,False
1606,0.7153220528038851,96.01993110236221,0.4332525589964743,False
1607,0.7153220528038851,96.04173059220619,0.43713085142158636,False
1608,0.7153220528038851,95.81292850146914,0.4501971431540418,False
1609,0.7153220528038851,96.13529519506686,0.45607508270030445,False
1610,0.7153220528038851,95.39195887644576,0.4580104116525275,False
1611,0.7153220528038851,96.19748543391597,0.4561659843601188,False
1612,0.7153220528038851,96.2206457925636,0.4529041639952823,False
1613,0.7153220528038851,96.24413145539906,0.4465967561056097,False
1614,0.7153220528038851,96.2679309506443,0.44440123731179226,False
1615,0.7153220528038851,96.29203271735838,0.45299495605104073,False
1616,0.7153220528038851,96.31642512077295,0.459951708937276,False
1617,0.7153220528038851,96.34109646747306,0.46565249561541455,False
1618,0.7153220528038851,96.36603502038858,0.4696168415837079,False
1619,0.7153220528038851,96.39122901356276,0.47157785725724455,False
1620,0.7153220528038851,96.41666666666667,0.46224692822554553,False
1621,0.7153220528038851,96.44233619922917,0.45861098161871156,False
1622,0.7153220528038851,96.4682258445547,0.45382279999694,False
1623,0.7153220528038851,96.49432386330216,0.4479738534461752,False
1624,0.7153220528038851,96.52061855670104,0.4418689706734637,False
1625,0.7153220528038851,96.54709827938174,0.4347468859159088,False
1626,0.7153220528038851,96.57375145180023,0.42669178629313503,False
1627,0.7153220528038851,96.44447013933052,0.43001845716186776,False
1628,0.7153220528038851,96.66206261510129,0.4224398402853573,False
1629,0.7153220528038851,96.66455440981623,0.4159148600214777,False
1630,0.7153220528038851,96.66743542435424,0.41039536589365316,False
1631,0.7153220528038851,96.67070567191737,0.4015180085355581,False
1632,0.7153220528038851,96.6743648960739,0.39921793994344,False
1633,0.6807937753703206,95.99676506267691,0.39891100740777075,False
1634,0.6807937753703206,96.72907998150717,0.39696719438874917,False
1635,0.6807937753703206,96.94669656718993,0.37730146923993824,False
1636,0.6807937753703206,96.95174555702536,0.35881900400859196,False
1637,0.6807937753703206,96.9571469657751,0.34155464719896583,False
1638,0.6436394131461666,96.96289905090596,0.3253328501039975,False
1639,0.603652249754401,96.9689998274573,0.306142703121036,False
1640,0.560576942614533,96.27882901018002,0.30609936199594684,False
1641,0.5140912790181235,96.9172370161615,0.2965301205237073,False
1642,0.4637773498877516,96.9172370161615,0.3058302306221612,False
1643,0.40907313904382653,96.9172370161615,0.2983980166499188,False
1644,0.3491843735073079,96.9172370161615,0.291615368844787,False
1645,0.2829047929798921,96.9172370161615,0.28609662980335254,False
1646,0.2829047929798921,96.9172370161615,0.28202040179302806,False
1647,0.208180945557171,96.26157473974808,0.27159375573414657,False
1648,0.12068101401352381,96.9747512509346,0.2660873291214489,False
1649,-0.0,96.99033014819477,0.2613387939268546,False
1650,-0.0,97.00609027263931,0.2573781831582122,False
1651,-0.0,96.87482307648757,0.2599104412724064,False
1652,-0.0,96.38493158398559,0.2541962328675985,False
1653,-0.0,97.02610542791659,0.25136245769504106,False
1654,0.12068101401352381,96.3593984127865,0.2434793407196755,False
1655,0.208180945557171,97.00291994931409,0.243624062550254,False
1656,0.2829047929798921,97.01917808219179,0.24419220923348464,False
1657,0.3491843735073079,97.035583891886,0.24513458052260198,False
1658,0.40907313904382653,97.05212961959467,0.2454259906077161,False
1659,0.4637773498877516,96.90581987644956,0.2521786097368102,False
1660,0.5140912790181235,97.0196163433402,0.2554115351450388,False
1661,0.560576942614533,97.0196163433402,0.2618190925077894,False
1662,0.603652249754401,96.33062126192144,0.24668880254698286,False
1663,0.6436394131461666,96.99453551912568,0.2512112095158679,False
1664,0.6807937753703206,97.01198402130493,0.25851769762063065,False
1665,0.7153220528038851,97.02954569522397,0.2589143760831061,False
1666,0.7473944462440387,97.04721301121111,0.2584983874960897,False
1667,0.7771529943226336,97.0649785497541,0.2572679727634744,False
1668,0.804717519321077,97.08283500597993,0.25521371034413665,False
1669,0.8301899714180443,97.10077519379846,0.25231807197305395,False
1670,0.8536576732793313,97.11879204971495,0.2484041660197433,False
1671,0.875195788740725,97.13687863631723,0.24467647730912415,False
1672,0.8948692308065574,97.15502814544348,0.24014667548771154,False
1673,0.9127341558073343,97.17323390103799,0.23430865966479977,False
1674,0.9288391461883214,97.19148936170212,0.22760925397641715,False
1675,1.0394364783172854,97.20978812294837,0.22001169636490792,False
1676,1.0532169913190044,97.22812391916597,0.21146343111339683,False
1677,1.065299640553338,97.24649062530676,0.20189072902954852,False
1678,1.0757143856082798,97.26488225830042,0.19279909562416578,False
1679,1.0844863484244938,97.28329297820824,0.18252312128488365,False
1680,1.0916362019205923,97.29209754220577,0.1716500842584969,False
1681,1.0971804769523517,97.3488105474348,0.1554562333541472,False
1682,1.1011317995692318,97.34707510258612,0.13933820947624223,False
1683,1.1034990673875955,97.34559664506291,0.12504405368919283,False
1684,1.1042875713905729,96.76420129622569,0.10316871812248887,False
1685,1.1034990673875955,97.27411361036981,0.14687726880130744,False
1686,1.1011317995692318,97.27411361036981,0.14357326015197636,False
1687,1.0971804769523517,97.27411361036981,0.14061004544440492,False
1688,1.0916362019205923,97.27411361036981,0.1379834401466068,False
1689,1.0844863484244938,97.27411361036981,0.1356892393961652,False
1690,1.0757143856082798,97.27411361036981,0.13400293817621428,False
1691,1.065299640553338,97.27411361036981,0.13273036716964495,False
1692,1.129798482836793,97.27411361036981,0.13193246253619106,False
1693,1.180846716107336,97.27411361036981,0.13244871575564543,False
1694,1.222731822382257,97.27411361036981,0.1333550061309025,False
1695,1.222731822382257,97.27411361036981,0.13390532467092278,False
1696,1.222731822382257,97.27411361036981,0.1346695634906604,False
1697,1.2072640872959293,97.27411361036981,0.13561260469851963,False
1698,1.1899285414712581,97.27411361036981,0.13670413092317746,False
1699,1.1706718933538656,97.27411361036981,0.13791848285448993,False
1700,1.2014461200230289,97.27411361036981,0.1392343773738174,False
1701,1.2014461200230289,97.27411361036981,0.14063452936665607,False
1702,1.2259790140555225,97.27411361036981,0.14210521237215423,False
1703,1.2449737775841294,97.27411361036981,0.14363578515457912,False
1704,1.2588874993443833,97.27411361036981,0.1452182040976532,False
1705,1.2680160454788014,96.75943576057949,0.09289945879967212,False
1706,1.2382339767869435,97.34559664506291,0.17184224716392477,False
1707,1.2057219651274376,97.34707510258612,0.17044943815681463,False
1708,1.17027775595384,97.3488105474348,0.16908888888028828,False
1709,1.1316501862018717,97.35080336648814,0.16774843339129752,False
1710,1.0895209637560108,97.3530538004978,0.16641639545339862,False
1711,1.0434758622197662,97.3555619430871,0.16509027581347874,False
1712,0.9929563290994997,97.3583277399559,0.1637198954764815,False
1713,0.9371713531760616,97.36135098829399,0.16230983366560786,False
1714,0.8749177494187964,97.36463133640552,0.16086429942619895,False
1715,0.8749177494187964,97.36816828354625,0.1599740675624376,False
1716,0.8749177494187964,97.37196117997502,0.15892610158118042,False
1717,0.8749177494187964,97.3760092272203,0.15794394957960706,False
1718,0.8749177494187964,97.38031147856182,0.15704627462831988,False
1719,0.8749177494187964,97.38486683972695,0.15625196684913764,False
1720,0.8749177494187964,97.38967406980098,0.15558001445211944,False
1721,0.8749177494187964,97.39473178234955,0.15504935064572478,False
1722,0.8749177494187964,97.40003844675125,0.15467867763091006,False
1723,0.8749177494187964,97.40559238973768,0.15336660781542594,False
1724,0.8749177494187964,97.41139179713764,0.15191521620167678,False
1725,0.8749177494187964,97.36168156559556,0.1516192396326933,False
1726,0.8749177494187964,96.66763257026949,0.1722156483803588,False
1727,0.8749177494187964,97.29716685168204,0.17232160959457335,False
1728,0.8749177494187964,97.30394521076492,0.2104771029958818,False
1729,0.8749177494187964,97.3109729651583,0.21099520388859058,False
1730,0.8749177494187964,97.31824747231585,0.2114185782780975,False
1731,0.8749177494187964,97.32576595642345,0.239647276658693,False
1732,0.8749177494187964,97.33352551167484,0.23957919538784292,False
1733,0.8749177494187964,97.34152310571524,0.2938952386070857,False
1734,0.8749177494187964,97.34975558324547,0.3373194916247025,False
1735,0.8749177494187964,97.35821966977745,0.373739333319251,False
1736,0.8332341082038748,97.36691197553283,0.37718316571821225,False
1737,0.8332341082038748,97.37582899947516,0.4106155938694635,False
1738,0.8332341082038748,97.3849671334667,0.4382593797710986,False
1739,0.8332341082038748,97.39432266653986,0.4613812684798325,False
1740,0.8332341082038748,97.40389178927384,0.4808404505019635,False
1741,0.8332341082038748,97.41367059826631,0.4972576296969922,False
1742,0.8332341082038748,97.42365510069018,0.5111026559617704,False
1743,0.8332341082038748,97.37717380975008,0.523073789736131,False
1744,0.8332341082038748,97.3686723973257,0.5248980457104805,False
1745,0.8332341082038748,97.35073910539451,0.5378319622174896,False
1746,0.8332341082038748,96.59547979314307,0.5657556955762023,False
1747,0.8332341082038748,97.29148753224419,0.6113316641427757,False
1748,0.8332341082038748,96.7755803955288,0.6036346631264239,False
1749,0.8332341082038748,97.22938759912105,0.6471295593515816,False
1750,0.8332341082038748,97.22938759912105,0.6846817048082046,False
1751,0.8332341082038748,96.78035731346135,0.7085420500221132,False
1752,0.8332341082038748,97.26760294258145,0.7375873014509937,False
1753,0.7881133310528374,98.02240950009576,0.7437948600539104,False
1754,0.7391385203526044,98.02240950009576,0.7484919479125488,False
1755,0.6857486151292824,98.02240950009576,0.7517821382256543,False
1756,0.6131379016405238,97.55315073740663,0.7500268515957599,False
1757,0.5277139815252946,98.07986975675158,0.745508688881994,False
1758,0.5277139815252946,98.06584757151084,0.7413442969790801,False
1759,0.5277139815252946,98.05194805194805,0.7368502970250524,False
1760,0.6131379016405238,98.03817603393425,0.7325844215696136,False
1761,0.6271502454482835,98.02453632148377,0.7285199854185305,False
1762,0.6271502454482835,98.01103368176538,0.722605283314088,False
1763,0.6271502454482835,97.99767284010473,0.7211961285334333,False
1764,0.6131379016405238,97.32394366197182,0.7217270417427369,False
1765,0.5819881552488825,98.04436660828955,0.7138963096330164,False
1766,0.5140912790181235,98.62813776999417,0.6731038849467295,False
1767,0.560576942614533,98.6211264860651,0.633396667392972,False
1768,0.603652249754401,97.95061969356885,0.6344927296387654,False
1769,0.6436394131461666,98.6905110915665,0.5904261827351337,False
1770,0.6807937753703206,98.6905110915665,0.5664376908946898,False
1771,0.7153220528038851,98.6905110915665,0.5243003078003864,False
1772,0.7153220528038851,98.6905110915665,0.4957922823714716,False
1773,0.7153220528038851,98.6905110915665,0.45577856985177595,False
1774,0.7473944462440387,98.6905110915665,0.4164816048542227,False
1775,0.7771529943226336,98.6905110915665,0.42451677822131806,False
1776,0.804717519321077,97.95549917048892,0.42629545960120885,False
1777,0.8301899714180443,98.6211264860651,0.42923823391477933,False
1778,0.8536576732793313,98.62813776999417,0.4112372646230436,False
1779,0.9665364727522964,98.63525983487129,0.39649946557631366,False
1780,1.046078320219219,98.64249006108794,0.38337730585460106,False
1781,1.1126817966979572,98.64982578397212,0.3718806914945198,False
1782,1.132529774880598,98.59422122774589,0.36603520099453507,False
1783,1.15047181636257,97.84455556094956,0.35312627936530766,False
1784,1.1665620111568704,98.52727448890612,0.3505140367268655,False
1785,1.180846716107336,98.53531203171073,0.34785926313888405,False
1786,1.1933654824135869,98.54345519436674,0.3451998226100791,False
1787,1.2041517951932372,98.5517009093971,0.34335099504565175,False
1788,1.2132336634320215,98.01279892219603,0.33411560469043433,False
1789,1.2206340886225493,98.48914978588269,0.3335427561180527,False
1790,1.2263714330738393,97.72007295766535,0.2982657620527802,False
1791,1.2304597034223903,98.4057068990281,0.2983469953353564,False
1792,1.2329087607099036,97.88385119931057,0.27589488759963526,False
1793,1.2337244651110395,98.33389189447982,0.2756385700778419,False
1794,1.2329087607099036,98.33389189447982,0.2752898470072742,False
1795,1.2304597034223903,97.56470251169898,0.19519842004162427,False
1796,1.2263714330738393,98.24277346540312,0.19127885779693535,False
1797,1.2206340886225493,97.7379875232154,0.12008656748107031,False
1798,1.2132336634320215,98.16181722939187,0.11045984949538937,False
1799,1.2041517951932372,98.16181722939187,0.09907644756747822,False
1800,1.1933654824135869,98.16181722939187,0.08852000501438463,False
1801,1.180846716107336,98.16181722939187,0.0784505223089193,False
1802,1.1665620111568704,98.16181722939187,0.06930582923928627,False
1803,1.15047181636257,98.16181722939187,0.06089420963459081,False
1804,1.15047181636257,98.16181722939187,0.05349662647752499,False
1805,1.15047181636257,98.16181722939187,0.04717073158905906,False
1806,1.15047181636257,98.16181722939187,0.04198516338803672,False
1807,1.15047181636257,98.16181722939187,0.1228901048886453,False
1808,1.15047181636257,98.16181722939187,0.12304331042108309,False
1809,1.15047181636257,98.16181722939187,0.12356565343696706,False
1810,1.15047181636257,98.16181722939187,0.1243663630489204,False
1811,1.15047181636257,98.16181722939187,0.1253502395574206,False
1812,1.15047181636257,98.16181722939187,0.1264193553399715,False
1813,1.15047181636257,98.16181722939187,0.16512519429749586,False
1814,1.15047181636257,98.16181722939187,0.16525107705724085,False
1815,1.15047181636257,98.16181722939187,0.16534126090014278,False
1816,1.15047181636257,98.16181722939187,0.16538082700158435,False
1817,1.15047181636257,98.16181722939187,0.16534793312150856,False
1818,1.15047181636257,98.16181722939187,0.16521381344716593,False
1819,1.15047181636257,98.16181722939187,0.16513021717727067,False
1820,1.15047181636257,98.16181722939187,0.16612643147471737,False
1821,1.1665620111568704,98.16181722939187,0.21751817377666396,False
1822,1.180846716107336,98.16181722939187,0.22014054294322613,False
1823,1.1933654824135869,98.16181722939187,0.22283234829256385,False
1824,1.2041517951932372,98.15674821659405,0.2255212872386912,False
1825,1.2132336634320215,98.14698945949849,0.22820954500067694,False
1826,1.2206340886225493,98.14214524166627,0.23088904554256529,False
1827,1.2263714330738393,97.6196235908849,0.20164690804500113,False
1828,1.2304597034223903,98.05022013643621,0.20358192082692356,False
1829,1.2329087607099036,98.05022013643621,0.20552475395969858,False
1830,1.2337244651110395,98.05022013643621,0.20745493999591236,False
1831,1.2329087607099036,98.05022013643621,0.2093535324547368,False
1832,1.2304597034223903,98.05022013643621,0.21120317690258353,False
1833,1.2304597034223903,97.64865257148386,0.18532504897603366,False
1834,1.2304597034223903,98.14214524166627,0.25097364741427364,False
1835,1.2263714330738393,98.13188412829346,0.25092514413180855,False
1836,1.2206340886225493,98.1217459004428,0.2513457131165,False
1837,1.2132336634320215,98.11173456940718,0.2517683291879667,False
1838,1.2041517951932372,98.10185411672619,0.25199040108564114,False
1839,1.1933654824135869,98.09210848987199,0.2521733024882797,False
1840,1.129798482836793,98.00899165061014,0.2515540337901365,False
1841,1.0532169913190044,97.46434231378764,0.20883520296943703,False
1842,0.9432261548473415,97.91511541325391,0.2061169643689251,False
1843,0.9288391461883214,97.90547263681592,0.20329148738219333,False
1844,0.9127341558073343,97.89599641023084,0.20029349028810403,False
1845,1.0066347974846968,97.88669064748201,0.1972412778840599,False
1846,0.9875245214535493,97.87755919307203,0.19415300295946356,False
1847,0.9665364727522964,97.86860581745236,0.19104792123722256,False
1848,0.9436063339556555,97.85983421250943,0.18794631322311012,False
1849,0.9186594970880807,97.85124798711755,0.18486938120709498,False
1850,0.8916091590804429,97.84285066276901,0.18183911503193947,False
1851,0.8623538561746379,97.83464566929133,0.21343043384301708,False
1852,0.830774222099454,97.82663634066212,0.2126188546330646,False
1853,0.7967286463062392,97.81882591093117,0.2127418577682347,False
1854,0.7600473303889541,97.19308912195369,0.1336433792632414,False
1855,0.720523936685393,97.90525461554068,0.16283223434271832,False
1856,0.677903479475398,97.97770941550255,0.1929817808592725,False
1857,0.6318640827062832,97.97082428953611,0.21732748416894976,False
1858,0.5819881552488825,97.96413235665572,0.22003340911102326,False
1859,0.5277139815252946,97.95763611546434,0.2362258544109899,False
1860,0.46824757305098735,97.95133795336132,0.24272382462279052,False
1861,0.4023829390456117,97.94524014373197,0.2515428882961025,False
1862,0.32806688317929317,97.93934484329907,0.3296619820766374,False
1863,0.3280668831792932,97.93365408964294,0.38987604852764896,False
1864,0.2829047929798921,97.9281697988957,0.43861685705482784,False
1865,0.3491843735073079,97.92289376361518,0.47672633156193894,False
1866,0.3491843735073079,97.9178276508435,0.5124342258092066,False
1867,0.3491843735073079,97.9129730003546,0.542057783759997,False
1868,0.46824757305098735,97.90833122309445,0.566796089846413,False
1869,0.5541015302865538,97.90390359981772,0.587498388701151,False
1870,0.6271502454482835,97.89969127992308,0.6048005330727472,False
1871,0.6917244835981394,97.3443269765795,0.6081555285788358,False
1872,0.7498765864518436,97.98291289621353,0.6197242825441915,False
1873,0.8028116417452926,98.01124949779027,0.6288293316155564,False
1874,0.8513226827573213,98.02943377400848,0.6358676910743233,False
1875,0.8959704136014894,97.45598809818993,0.6355105352047125,False
1876,0.9371713531760616,97.38983723699882,0.6319536767582569,False
1877,0.9752462395674342,97.38983723699882,0.6277497728556304,False
1878,1.01044884930661,97.98661046367468,0.6295801400215597,False
1879,1.0429842335712594,97.44301288404361,0.6256097854790786,False
1880,1.0730208202534555,98.06902015150764,0.6243438754040097,False
1881,1.1006987578744163,98.12146545365134,0.6215310831067291,False
1882,1.1261358508278747,98.78694855671634,0.5840505278350588,False
1883,1.1494318918359776,98.79685101747785,0.5457072125556481,False
1884,1.1706718933538656,98.79685101747785,0.5073445065049209,False
1885,1.1899285414712581,98.78694855671634,0.4717715627189271,False
1886,1.2072640872959293,98.8216071693816,0.4331918854208999,False
1887,1.222731822382257,98.79974102295931,0.3968609643297309,False
1888,1.2363772403452271,98.7777388168111,0.4232657413467777,False
1889,1.2482389571842902,98.75560481636354,0.39850107957068615,False
1890,1.2583494426149708,98.7333434665856,0.37727252352383484,False
1891,1.2667356005770385,98.71095939267336,0.35903199889955106,False
1892,1.2734192269994746,98.68845740048158,0.3438050952191538,False
1893,1.278417365535648,98.66584247669088,0.3306893976789277,False
1894,1.2817425764699486,98.64311978869956,0.3196253651153626,False
1895,1.2834031297544843,98.6202946842297,0.3105286885939421,False
1896,1.2834031297544843,98.59737269063694,0.30328660109585615,False
1897,1.2834031297544843,98.57435951391446,0.2977019796192982,False
1898,1.2834031297544843,98.55126103738169,0.2936061490566486,False
1899,1.2834031297544843,98.52808332004889,0.2907990475637775,False
1900,1.2834031297544843,98.50483259464944,0.28905695848116975,False
1901,1.2834031297544843,98.4815152653324,0.28814086375440034,False
1902,1.3271059259290725,98.45813790500836,0.2880721833171343,False
1903,1.3271059259290725,98.43470725234252,0.2881822883565467,False
1904,1.3271059259290725,98.41123020839001,0.28827148212189363,False
1905,1.3271059259290725,98.38771383286877,0.2881630510850364,False
1906,1.2834031297544843,98.36416534006698,0.2874128388035133,False
1907,1.2834031297544843,98.34059209438227,0.28550128849010253,False
1908,1.2834031297544843,97.53011716816107,0.18011619591533504,False
1909,1.2817425764699486,98.23829647110477,0.170181206995076,False
1910,1.2817425764699486,98.24254037777169,0.1578861399425797,False
1911,1.2817425764699486,98.24695538201081,0.14468064899930758,False
1912,1.278417365535648,98.25153875483414,0.1305121457963642,False
1913,1.2734192269994746,98.25628768537129,0.11770724108521188,False
1914,1.2667356005770385,98.26119928497914,0.10656113885774111,False
1915,1.2667356005770385,98.26627059141236,0.09736437099200512,False
1916,1.2667356005770385,98.271498573044,0.09036044218846183,False
1917,1.2583494426149708,98.27688013312577,0.08586906209353815,False
1918,1.2482389571842902,98.2824121140778,0.08383971892473228,False
1919,1.2363772403452271,98.28809130179724,0.08607604113871013,False
1920,1.222731822382257,98.29391442997608,0.09496019621831682,False
1921,1.2072640872959293,98.2998781844182,0.1031270023231925,False
1922,1.1899285414712581,98.30597920734603,0.1105717962568043,False
1923,1.1706718933538656,98.31221410168779,0.11729669547145312,False
1924,1.1126817966979572,98.31857943533602,0.12330817214455636,False
1925,1.046078320219219,98.32507174536916,0.1286157512266523,False
1926,0.9665364727522964,98.33168754222754,0.13323128260099085,False
1927,0.9436063339556555,98.33842331383612,0.13716852599844287,False
1928,0.9186594970880807,98.34527552966648,0.14044291667109982,False
1929,0.9186594970880807,98.35224064473077,0.1430714418410158,False
1930,0.9186594970880807,98.35931510350115,0.14507258943926193,False
1931,0.9186594970880807,98.36649534374841,0.20485782554390958,False
1932,0.9186594970880807,98.37377780029384,0.21068867660592439,False
1933,0.9186594970880807,98.38115890866912,0.2098321780794611,False
1934,0.9186594970880807,98.38863510867928,0.22041042187355595,False
1935,0.9186594970880807,98.3962028478641,0.22939220500123148,False
1936,0.9186594970880807,98.40385858485406,0.2370203147100516,False
1937,0.9186594970880807,98.41159879261716,0.24348454851293808,False
1938,0.9186594970880807,98.41941996159338,0.26886146075977935,False
1939,0.9186594970880807,98.1627553770026,0.2788079020728224,False
1940,0.9186594970880807,98.52790640994394,0.28721563248616083,False
1941,0.9186594970880807,98.52790640994394,0.29008107125362126,False
1942,0.9186594970880807,98.52790640994394,0.3011230956768086,False
1943,0.9186594970880807,98.52790640994394,0.31092251972855095,False
1944,1.0320758596256918,98.52790640994394,0.31963871582132497,False
1945,1.1121677738527553,98.52790640994394,0.32740094444448936,False
1946,1.1793344163661783,98.52790640994394,0.33431628475922065,False
1947,1.1793344163661783,98.52790640994394,0.3404750390319311,False
1948,1.1793344163661783,98.52790640994394,0.3459545337456109,False
1949,1.1793344163661783,98.52790640994394,0.35082186540292987,False
1950,1.1793344163661783,98.52790640994394,0.35479920611541166,False
1951,1.1793344163661783,97.76261272239825,0.3285477066876648,False
1952,1.1793344163661783,98.63027053375579,0.3288001670224067,False
1953,1.1793344163661783,98.37059308471946,0.3326821746815074,False
1954,1.1793344163661783,98.72642192098027,0.3285836278924518,False
1955,1.1793344163661783,98.72642192098027,0.32468235191821054,False
1956,1.1793344163661783,98.72642192098027,0.32097095949720067,False
1957,1.1538973234127199,98.72642192098027,0.3174425558828316,False
1958,1.126219385791759,97.93525978098316,0.29721580335589354,False
1959,1.096182799109563,98.81325679000435,0.2878370298692415,False
1960,1.1448025073660155,98.83626263110004,0.2773015889714435,False
1961,1.1101140846176456,98.74970287615878,0.2721638883213809,False
1962,1.0725424433990627,98.90047661743193,0.2571741742311805,False
1963,0.9903699187143654,98.90047661743193,0.28866926837926515,False
1964,0.9491689791397934,98.90047661743193,0.27895179724148883,False
1965,0.9045212482956251,98.90047661743193,0.2699435385497972,False
1966,0.8560102072835963,98.90047661743193,0.2616429958617216,False
1967,0.8030751519901475,98.90047661743193,0.254045035472841,False
1968,0.7449230491364432,98.90047661743193,0.24714045409796312,False
1969,0.7449230491364432,98.90047661743193,0.2401374434881501,False
1970,0.7449230491364432,98.90047661743193,0.23436662580443096,False
1971,0.6803488109865873,98.90047661743193,0.2291481498975194,False
1972,0.6073000958248577,98.90047661743193,0.22440088829109034,False
1973,0.6073000958248577,98.90047661743193,0.22025889633994616,False
1974,0.6073000958248577,98.90047661743193,0.21671691205412094,False
1975,0.6073000958248577,98.90047661743193,0.21185456946812153,False
1976,0.5214461385892911,98.90047661743193,0.2081263017346499,False
1977,0.4023829390456117,98.90047661743193,0.20460838949977983,False
1978,0.4023829390456117,98.90047661743193,0.20135710719591246,False
1979,0.4023829390456117,98.90047661743193,0.19842438216664124,False
1980,0.4023829390456117,98.90047661743193,0.19585685344147155,False
1981,0.4023829390456117,98.90047661743193,0.27342028031590476,False
1982,0.4023829390456117,98.90047661743193,0.27269392698275546,False
1983,0.4023829390456117,98.11240621018356,0.2225443720081364,False
1984,0.4023829390456117,98.98069935349913,0.21920451147508974,False
1985,0.4023829390456117,98.98610589560646,0.2159274027673661,False
1986,0.4023829390456117,98.99154955880293,0.2127325042608731,False
1987,0.4023829390456117,98.99702823179791,0.20963893917444376,False
1988,0.4023829390456117,99.00253982913877,0.20666538124201808,False
1989,0.4023829390456117,99.00808229243204,0.20474614942151542,False
1990,0.4023829390456117,99.0136535914882,0.2028874711708542,False
1991,0.4023829390456117,99.01925172539049,0.20107937608902582,False
1992,0.4023829390456117,99.02487472348878,0.19942597672585854,False
1993,0.4023829390456117,99.03052064631957,0.19778255426872007,False
1994,0.4023829390456117,99.03618758645308,0.19585987108658176,False
1995,0.5214461385892911,98.90065692452072,0.19603563339260244,False
1996,0.6073000958248577,98.98858805101813,0.19560384342345913,False
1997,0.6073000958248577,98.97378444992158,0.1955716692511723,False
1998,0.6073000958248577,98.9590344146812,0.19586760338833561,False
1999,0.6073000958248577,98.94434212299538,0.1964254315753671,False
2000,0.6073000958248577,98.92971174169178,0.19718501023475868,False
2001,0.6073000958248577,98.06042188058635,0.04471875004137653,False
2002,0.6927240159400868,98.87196340542701,0.04898991335177335,False
2003,0.7653347294288454,98.87908208296558,0.053725441029581614,False
2004,0.8294627007514066,98.88620916465688,0.054245482257363885,False
2005,0.8154503569436469,98.89334262809341,0.05501098331586776,False
2006,0.7843006105520056,98.90048049867971,0.06563151994824058,False
2007,0.7164037343212466,98.90762084981937,0.07466906118033301,False
2008,0.7619882811604883,98.91476180303354,0.08256800930320292,False
2009,0.804144968682279,98.92190152801358,0.08956270305665989,False
2010,0.8431953160789711,98.92903824261079,0.0957920021243775,False
2011,0.8793939303559065,98.93617021276596,0.09561231054302437,False
2012,0.9129467467841514,98.94329575238174,0.09605805285622136,False
2013,0.9440231356865454,98.9504132231405,0.09618893124533977,False
2014,0.9727642516015449,98.95752103427047,0.09662665289705254,False
2015,0.9992889743797904,98.96461764226316,0.09679363701572927,False
2016,1.0236982481827188,98.97170155054451,0.09667861422631902,False
2017,1.046078320219219,98.97877130910261,0.09626695036705048,False
2018,1.066503202885787,98.98582551407466,0.0955402551927401,False
2019,1.0850365744330075,98.9928628072958,0.09447577761978886,False
2020,1.1017332648846088,98.99988187581211,0.0930455096412709,False
2021,1.1017332648846088,99.00688145136066,0.2007215982361459,False
2022,1.1166404295430468,99.0138603098187,0.2000073510602083,False
2023,1.129798482836793,99.02081727062452,0.19921519015657158,False
2024,1.1412418450836315,98.95502392344497,0.19970560839245777,False
2025,1.150999540671385,98.95885167464115,0.19984537766598176,False
2026,1.1590956761386297,99.08014257790043,0.1973809703481807,False
2027,1.1655498193580116,99.08285045473733,0.19436619491782084,False
2028,1.1655498193580116,99.08563525298705,0.193208730926462,False
2029,1.1655498193580116,99.08849659628476,0.19172733680574552,False
2030,1.1655498193580116,99.09143407122232,0.25015764139802515,False
2031,1.1655498193580116,98.9720885466795,0.2503820655309497,False
2032,1.1655498193580116,99.03368623676612,0.2503031938497811,False
2033,1.1655498193580116,99.03368623676612,0.25027910927594527,False
2034,1.1655498193580116,99.03368623676612,0.25030422205324265,False
2035,1.1655498193580116,99.03368623676612,0.250348116167437,False
2036,1.1655498193580116,99.03368623676612,0.25040677735001465,False
2037,1.1655498193580116,99.03368623676612,0.2505141921019914,False
2038,1.1655498193580116,99.03368623676612,0.2506660725296647,False
2039,1.1655498193580116,99.03368623676612,0.2505800030993846,False
2040,1.1655498193580116,99.03368623676612,0.25053240933213233,False
2041,1.1655498193580116,98.21141939922036,0.17543217004326317,False
2042,1.1655498193580116,98.93395045335559,0.1750278508048149,False
2043,1.1655498193580116,99.04722452361226,0.2585764519764057,False
2044,1.1655498193580116,99.06147173197726,0.2584048616199377,False
2045,1.1655498193580116,98.940749335629,0.2584052595606692,False
2046,1.1655498193580116,99.0708826614716,0.25803849136428325,False
2047,1.1655498193580116,99.04022794586285,0.2580315774482838,False
2048,1.1655498193580116,99.12590036014406,0.2565898940010417,False
2049,1.1655498193580116,99.11882610997655,0.25538672535138757,False
2050,1.1655498193580116,98.27168897965358,0.19552745096963775,False
2051,1.1655498193580116,99.03940700400878,0.19519176924673404,False
2052,1.1655498193580116,99.03940700400878,0.19507801431725752,False
2053,1.1655498193580116,99.03940700400878,0.19495922468659066,False
2054,1.1655498193580116,99.03940700400878,0.1947916379194773,False
2055,1.1655498193580116,99.03940700400878,0.26304905352624147,False
2056,1.0916362019205925,99.03940700400878,0.263405547716794,False
2057,0.9842399889605549,99.03940700400878,0.2639880202125255,False
2058,0.9842399889605549,99.03940700400878,0.2637800384953896,False
2059,0.9842399889605549,98.9897064430042,0.3236371226812786,False
2060,0.9842399889605549,98.99692544196772,0.32370361832820094,False
2061,0.9842399889605549,98.98884239888424,0.3241390560493909,False
2062,0.9842399889605549,98.98070764664531,0.32418548485089277,False
2063,0.976414308115487,98.1254393501523,0.2646536691188214,False
2064,0.9669852958320848,98.89088494884011,0.2672696875475161,False
2065,0.9559312637896478,98.89088494884011,0.27029460121052545,False
2066,0.9432261548473415,98.89088494884011,0.27371744923757374,False
2067,0.9288391461883214,98.89088494884011,0.2771243812357497,False
2068,0.9127341558073343,98.89088494884011,0.2826666051155163,False
2069,0.8948692308065574,98.89088494884011,0.3030281093654292,False
2070,0.875195788740725,98.89088494884011,0.3128793725520866,False
2071,0.8536576732793313,98.89088494884011,0.32187971346847083,False
2072,0.8301899714180443,98.89088494884011,0.3328118073148989,False
2073,0.804717519321077,98.89088494884011,0.34294989401749587,False
2074,0.7771529943226336,98.89088494884011,0.3548503544843707,False
2075,0.7473944462440387,98.13325001952667,0.32151559225868886,False
2076,0.7153220528038851,98.97680231195814,0.3331545107804712,False
2077,0.6807937753703206,98.98841130188752,0.3460379983651453,False
2078,0.6436394131461666,98.87248634197373,0.35815948085284677,False
2079,0.603652249754401,98.04667974006998,0.31791971413298414,False
2080,0.560576942614533,98.8171099324608,0.3292363725675597,False
2081,0.5140912790181235,98.7920784581014,0.339011184026025,False
2082,0.4637773498877516,98.88400405816706,0.3481095599834859,False
2083,0.40907313904382653,99.01887637096172,0.354391456358604,False
2084,0.3491843735073079,99.03009662014586,0.35959840164496043,False
2085,0.2829047929798921,99.04121666299316,0.363799524814242,False
2086,0.208180945557171,99.05223635767142,0.3660809526411249,False
2087,0.12068101401352381,99.0523041307965,0.3679294027682323,False
2088,-0.0,99.10627759233337,0.36773740050852005,False
2089,-0.0,98.36689278920355,0.35484546190320254,False
2090,-0.0,99.18524101791034,0.3486731891594292,False
2091,-0.0,99.18085333713228,0.34247319292351414,False
2092,-0.0,99.22960031098702,0.3334444150338295,False
2093,-0.0,99.22960031098702,0.3243100111288789,False
2094,-0.0,98.48393822666714,0.3124073181306886,False
2095,-0.0,99.30027918153868,0.29907308763660245,False
2096,-0.0,99.29167543305982,0.2865168792749963,False
2097,-0.0,99.33544413903483,0.2708978038523418,False
2098,-0.0,99.33544413903483,0.2553737046334706,False
2099,-0.0,99.33544413903483,0.23996566632854432,False
2100,-0.0,99.33544413903483,0.2243292899876859,False
2101,-0.0,99.33544413903483,0.20880381326572495,False
2102,-0.0,99.33544413903483,0.19336420808384155,False
2103,-0.0,99.33544413903483,0.23890910538137636,False
2104,-0.0,99.33544413903483,0.22923188614775938,False
2105,-0.0,99.33544413903483,0.2195530868353182,False
2106,-0.0,99.33544413903483,0.21184894827948572,False
2107,-0.0,99.33544413903483,0.20566077395700905,False
2108,-0.0,99.33544413903483,0.19990737953171586,False
2109,-0.0,99.33544413903483,0.19482710807921844,False
2110,-0.0,99.33544413903483,0.19186732891098224,False
2111,-0.0,99.33544413903483,0.18957989246020862,False
2112,-0.0,99.33544413903483,0.187947069086516,False
2113,-0.0,99.33544413903483,0.18678990370544526,False
2114,-0.0,99.33544413903483,0.1859088228456468,False
2115,0.12068101401352381,99.33544413903483,0.1852691567473762,False
2116,0.208180945557171,99.33544413903483,0.18483789871194142,False
2117,0.2829047929798921,99.33544413903483,0.18458398988776858,False
2118,0.3491843735073079,99.33544413903483,0.18448718385278504,False
2119,0.40907313904382653,99.33544413903483,0.23614032225920947,False
2120,0.4637773498877516,99.33544413903483,0.23835955256977862,False
2121,0.4637773498877516,99.33544413903483,0.24477144669929546,False
2122,0.4637773498877516,99.33544413903483,0.2506333961986536,False
2123,0.4637773498877516,98.58738387669183,0.20032730825332984,False
2124,0.4637773498877516,99.40155179012561,0.20483084888910572,False
2125,0.4637773498877516,99.40611836199157,0.20945597216693912,False
2126,0.4637773498877516,99.3935240705842,0.213880758263157,False
2127,0.4637773498877516,99.43896633798028,0.216832698638164,False
2128,0.4637773498877516,99.43896633798028,0.21945275331312955,False
2129,0.4637773498877516,99.43896633798028,0.22176685668089416,False
2130,0.4637773498877516,99.43896633798028,0.22379854179111602,False
2131,0.4637773498877516,99.43896633798028,0.2255693716946489,False
2132,0.4637773498877516,99.43896633798028,0.22709928641825078,False
2133,0.4637773498877516,99.43896633798028,0.22840688561336736,False
2134,0.4637773498877516,99.43896633798028,0.2288145386387497,False
2135,0.4637773498877516,99.43896633798028,0.22913626841738635,False
2136,0.4637773498877516,99.43896633798028,0.22938228914496053,False
2137,0.4637773498877516,99.43896633798028,0.22955008465002855,False
2138,0.4637773498877516,99.43896633798028,0.22967668529740615,False
2139,0.4637773498877516,98.69432165929956,0.17625472921480803,False
2140,0.4637773498877516,99.4899693981639,0.17383486967567283,False
2141,0.4637773498877516,99.59482729513455,0.16525487814494016,False
2142,0.4637773498877516,99.59482729513455,0.15676997583733526,False
2143,0.4637773498877516,99.59482729513455,0.14838038045393526,False
2144,0.4637773498877516,99.59482729513455,0.14008616761844753,False
2145,0.5819881552488824,99.59482729513455,0.13188722514187784,False
2146,0.6997609589370422,99.59482729513455,0.12378319096280084,False
2147,0.7843006105520055,99.59482729513455,0.1157733676387992,False
2148,0.8560102072835964,99.59482729513455,0.107856602452455,False
2149,0.9192195589880803,99.59482729513455,0.1000311158984345,False
2150,0.9759799959168378,99.59482729513455,0.09208011516276303,False
2151,1.0586452799665054,99.59482729513455,0.08425006217152173,False
2152,1.128442599697703,99.59482729513455,0.07653323186808114,False
2153,1.1897001989172087,99.59482729513455,0.06891342327640962,False
2154,1.2444677426770514,99.59482729513455,0.18079142504809464,False
2155,1.2939474735771197,99.59482729513455,0.1798769637277553,False
2156,1.3389293968193257,99.59482729513455,0.17886195632239818,False
2157,1.3799709894403998,99.59482729513455,0.1787579464557129,False
2158,1.4174853263975424,99.59482729513455,0.17873074088383856,False
2159,1.4517894650525278,99.59482729513455,0.17877432097952567,False
2160,1.4831332421628582,99.59482729513455,0.17888258498307086,False
2161,1.4831332421628582,99.59482729513455,0.2330279714495504,False
2162,1.4831332421628582,99.59482729513455,0.23476533547813924,False
2163,1.4831332421628582,99.59482729513455,0.23661701765894821,False
2164,1.4831332421628582,99.59482729513455,0.2385680185019894,False
2165,1.5291874469969784,99.59482729513455,0.24060353287569686,False
2166,1.5706589475299095,99.59482729513455,0.24270903434162294,False
2167,1.6081008972143542,99.59482729513455,0.24487034422288434,False
2168,1.6419217078023642,99.59482729513455,0.24707368646105243,False
2169,1.6724333972231755,99.59482729513455,0.24930572954394734,False
2170,1.6724333972231755,99.59482729513455,0.25163207915890073,False
2171,1.6724333972231755,99.59482729513455,0.2539353905652279,False
2172,1.6724333972231755,99.59482729513455,0.2546459999742722,False
2173,1.6724333972231755,99.59482729513455,0.25634674427942683,False
2174,1.6724333972231755,98.83850491271905,0.19473009317642195,False
2175,1.6724333972231755,99.64209744403551,0.2412612456481613,False
2176,1.628973815900681,99.62809086644776,0.24231601477376258,False
2177,1.5800762095988348,99.66419523223726,0.24286059483207328,False
2178,1.5245456853609434,99.66419523223726,0.24347168513304984,False
2179,1.490454220541711,99.66419523223726,0.24317122790972523,False
2180,1.4418345122852585,99.66419523223726,0.24332021326249162,False
2181,1.3584547364298434,98.90946570469129,0.1924067607535345,False
2182,1.3819829643540342,99.70409282840708,0.19061063111303828,False
2183,1.3819829643540342,99.7094558901215,0.18865053398075773,False
2184,1.3819829643540342,99.71476345037867,0.18653331835696713,False
2185,1.3819829643540342,99.72001562703477,0.18383791757000997,False
2186,1.3819829643540342,99.72521255616978,0.18103257102230025,False
2187,1.3819829643540342,99.73035439137134,0.1778734330670913,False
2188,1.3819829643540342,99.73544130303127,0.17515647655654362,False
2189,1.3819829643540342,99.7404734776554,0.17226101851927025,False
2190,1.3819829643540342,99.74545111718676,0.169203825305762,False
2191,1.3819829643540342,99.75037443834249,0.1660016433574946,False
2192,1.3819829643540342,99.68796804792811,0.16492757219091309,False
2193,1.3819829643540342,99.73789316025962,0.16227660181062897,False
2194,1.3819829643540342,99.73789316025962,0.15976984362751792,False
2195,1.3819829643540342,98.97450196734516,0.0705494091462054,False
2196,1.3819829643540342,99.71084040851483,0.06563857378552326,False
2197,1.3819829643540342,99.71595247548944,0.06024153873628771,False
2198,1.4900550046630412,99.72100921882581,0.05424666239856474,False
2199,1.4900550046630412,99.67552159146045,0.052211300444301806,False
2200,1.4900550046630412,99.70281416787967,0.048133545943912774,False
2201,1.4900550046630412,99.70281416787967,0.04412486220750156,False
2202,1.4900550046630412,99.70281416787967,0.04018920983537334,False
2203,1.4900550046630412,99.70281416787967,0.036422930496926346,False
2204,1.4900550046630412,99.70281416787967,0.03279777482620833,False
2205,1.4900550046630412,99.70281416787967,0.03191859211796897,False
2206,1.4612365193726677,99.70281416787967,0.03335427699788164,False
2207,1.437708291448477,99.67552159146045,0.03639892383767715,False
2208,1.4117196905402016,99.72100921882581,0.03705562807928385,False
2209,1.383135447570893,99.71595247548944,0.03847740837236165,False
2210,1.3517916704605626,99.71084040851483,0.040652961094183766,False
2211,1.317487531805577,99.70567277008396,0.0433288333954212,False
2212,1.2826064886666642,99.70044932601098,0.04699324502387314,False
2213,1.2445289856748367,99.69516985638415,0.20493645276996336,False
2214,1.202937326293622,99.6898341562223,0.20608662889491702,False
2215,1.1574178399867696,99.68444203614573,0.20710054813544837,False
2216,1.107412493857309,99.67899332306112,0.20798340650248645,False
2217,1.0521307631066605,99.67348786086058,0.20874097179855206,False
2218,0.9903699187143654,99.66792551113426,0.20939587219869538,False
2219,0.9200798396181976,99.6623061538966,0.20992720154692907,False
2220,0.8369318539281807,99.65662968832541,0.21034655204577646,False
2221,0.720523936685393,99.65089603351399,0.21066518017343305,False
2222,0.720523936685393,99.6451051292353,0.21089401423472542,False
2223,0.720523936685393,99.63925693671825,0.2110274280856404,False
2224,0.720523936685393,99.63335143943509,0.21108499195299518,False
2225,0.720523936685393,99.62738864389978,0.21107470625865374,False
2226,0.677903479475398,99.62136858047639,0.2106914443360536,False
2227,0.6318640827062832,99.61529130419714,0.21022649949954142,False
2228,0.5819881552488825,99.60915689558905,0.20968885792606173,False
2229,0.5277139815252946,99.60296546150873,0.20908754308464322,False
2230,0.46824757305098735,99.59671713598415,0.2084009604672984,False
2231,0.46824757305098735,99.5904120810628,0.20764996315470066,False
2232,0.46824757305098735,99.58405048766494,0.2096053482204586,False
2233,0.46824757305098735,98.77008032128514,0.06473295718467681,False
2234,0.46824757305098735,99.5338496844521,0.06142677113674597,False
2235,0.46824757305098735,99.5338496844521,0.058458671058551286,False
2236,0.46824757305098735,99.5338496844521,0.055859732068037404,False
2237,0.46824757305098735,99.5338496844521,0.05365995026845246,False
2238,0.46824757305098735,99.5338496844521,0.1982035667221071,False
2239,0.46824757305098735,99.5338496844521,0.19810211559238047,False
2240,0.4023829390456117,99.5338496844521,0.19800485415666244,False
2241,0.32806688317929317,99.5338496844521,0.19791308720622358,False
2242,0.24096783080307266,99.5338496844521,0.19782789998360925,False
2243,0.12068101401352381,99.5338496844521,0.19775016740459006,False
2244,0.12068101401352381,99.5338496844521,0.1979988392956784,False
2245,0.12068101401352381,99.5338496844521,0.1982368284438323,False
2246,0.12068101401352381,99.5338496844521,0.19846025243396387,False
2247,0.12068101401352381,99.5338496844521,0.19866591262736683,False
2248,0.12068101401352381,99.5338496844521,0.19885127221527166,False
2249,0.12068101401352381,99.5338496844521,0.19901443403460367,False
2250,0.12068101401352381,99.5338496844521,0.1991541183789094,False
2251,0.12068101401352381,99.5338496844521,0.19926964095020375,False
2252,0.12068101401352381,99.38630374354716,0.19645064355829,False
2253,0.12068101401352381,99.49847361535107,0.19639643800821116,False
2254,0.12068101401352381,99.49145721289284,0.19630099585339184,False
2255,0.12068101401352381,99.48438420742487,0.19616702143118728,False
2256,0.12068101401352381,99.47725503281059,0.1959971715362043,False
2257,0.12068101401352381,99.47007015972534,0.1957940612562208,False
2258,0.12068101401352381,98.64905209732795,0.04055191635204828,False
2259,-0.0,99.41035975518734,0.038000967795738194,False
2260,-0.0,99.41035975518734,0.035829441865311784,False
2261,-0.0,99.41035975518734,0.034058814939043,False
2262,-0.0,99.41035975518734,0.03270678916713726,False
2263,-0.0,99.41035975518734,0.03166362263661215,False
2264,-0.0,99.41035975518734,0.028877332843352102,False
2265,-0.0,99.41035975518734,0.026341096982321757,False
2266,-0.0,99.41035975518734,0.024103503169465045,False
2267,-0.0,99.41035975518734,0.022217844740315313,False
2268,-0.0,99.41035975518734,0.038551147571920956,False
2269,-0.0,99.41035975518734,0.03855851866138492,False
2270,-0.0,99.41035975518734,0.03912062752746407,False
2271,-0.0,99.41035975518734,0.040230647260614406,False
2272,-0.0,99.41035975518734,0.041855920051753655,False
2273,-0.0,99.41035975518734,0.04394515614342921,False
2274,-0.0,99.41035975518734,0.19176856593762587,False
2275,-0.0,99.41035975518734,0.26324453910030654,False
2276,-0.0,99.41035975518734,0.2632356342623166,False
2277,-0.0,99.41035975518734,0.2632345251691068,False
2278,-0.0,99.41035975518734,0.2632586884018659,False
2279,-0.0,99.41035975518734,0.26332368962082175,False
2280,-0.0,99.41035975518734,0.26434493273992793,False
2281,-0.0,99.41035975518734,0.2652387571382136,False
2282,-0.0,99.41035975518734,0.2653741391233626,False
2283,-0.0,99.41035975518734,0.2654679185975906,False
2284,-0.0,99.41035975518734,0.2655184662295439,False
2285,-0.0,99.41035975518734,0.26553268622651216,False
2286,-0.0,99.41035975518734,0.2655171328143284,False
2287,-0.0,99.41035975518734,0.26547800646884173,False
2288,-0.0,99.23744412306074,0.26342399613769224,False
2289,-0.0,99.36479128856624,0.26327378734656576,False
2290,-0.0,99.35685199984778,0.26307178580586754,False
2291,-0.0,99.34885858740616,0.2628159280517192,False
2292,-0.0,99.34081184225742,0.2625042932016533,False
2293,-0.0,99.33271260086903,0.26213510842749155,False
2294,-0.0,98.55932534259946,0.18404250973443992,False
2295,-0.0,98.55932534259946,0.03693740198558511,False
2296,-0.0,99.33271260086903,0.03738384982912729,False
2297,-0.0,99.34081184225742,0.037927711129162614,False
2298,-0.0,99.34885858740616,0.03842444033821814,False
2299,-0.0,99.35685199984778,0.039023078862697375,False
2300,-0.0,99.22489413188143,0.032844686607428016,False
2301,-0.0,99.22489413188143,0.026725597594713282,False
2302,-0.0,99.35685199984778,0.027658258228162796,False
2303,-0.0,99.34885858740616,0.03483588071093712,False
2304,-0.0,99.34081184225742,0.19846290405000921,False
2305,-0.0,99.33271260086903,0.19840260301046023,False
2306,-0.0,99.32456174598836,0.19848568341690798,False
2307,-0.0,99.31636020744932,0.1986037580221866,False
2308,-0.0,99.30810896295418,0.19875316976082066,False
2309,-0.0,99.29980903882877,0.19893166888609848,False
2310,-0.0,99.29146151074816,0.1989974272371146,False
2311,-0.0,99.28306750443048,0.19947140447092093,False
2312,0.12068101401352381,99.27462819629615,0.20769573638809713,False
2313,0.208180945557171,99.26614481409003,0.2077080042457742,False
2314,0.2829047929798921,99.2576186374636,0.20770967373315002,False
2315,0.2829047929798921,99.2490509985146,0.20769851925026714,False
2316,0.2829047929798921,99.24044328228116,0.2076728369417394,False
2317,0.2829047929798921,99.2317969271877,0.2076314143651316,False
2318,0.2829047929798921,99.22311342543989,0.20757350014739318,False
2319,0.3491843735073079,99.21439432336544,0.20744697034219758,False
2320,0.40907313904382653,99.20564122169831,0.20721473194388135,False
2321,0.4637773498877516,99.19685577580314,0.2071158195309317,False
2322,0.5140912790181235,99.18803969583709,0.20691640940918002,False
2323,0.560576942614533,99.13367408819198,0.2057630517681282,False
2324,0.603652249754401,98.35349609119099,0.1823615411927235,False
2325,0.6436394131461666,99.21620431527961,0.18380706470583016,False
2326,0.6807937753703206,99.27344782034346,0.18504584464045723,False
2327,0.7153220528038851,99.27347981154507,0.244277190150455,False
2328,0.7473944462440387,99.27357576824866,0.24476217087617322,False
2329,0.7771529943226336,99.27373563977288,0.24533176026407522,False
2330,0.804717519321077,99.25635835606793,0.2463395866471952,False
2331,0.8301899714180443,99.29623927864526,0.2469810377990943,False
2332,0.8536576732793313,98.97762176393155,0.24111300291078372,False
2333,0.875195788740725,99.24278898761325,0.24205404917873236,False
2334,0.8948692308065574,99.24037370121366,0.24291294590461898,False
2335,0.9127341558073343,99.23803718378544,0.24328446793500047,False
2336,0.9288391461883214,99.23577941815024,0.2436382189166168,False
2337,0.9432261548473415,99.23360034639532,0.2439993236758972,False
2338,0.9559312637896478,99.2314998704775,0.2910213869876304,False
2339,0.9669852958320848,99.22947785286901,0.29300786679498064,False
2340,0.976414308115487,99.20178525448459,0.2941392675506722,False
2341,0.9842399889605549,99.23850267379679,0.29568278635913464,False
2342,0.9904799742690308,99.23040543445548,0.29736344915636465,False
2343,0.995148095654003,99.22229423201556,0.29882172259095363,False
2344,0.9982545693874831,98.43268354100638,0.24691321354903187,False
2345,0.999806132804711,99.27147406534921,0.24727959201526287,False
2346,0.999806132804711,99.2696287279367,0.24752748021455237,False
2347,0.9982545693874831,98.45629770169462,0.1906178933449669,False
2348,0.995148095654003,99.2216234710461,0.19108216619974436,False
2349,0.9904799742690308,99.22799575821846,0.1912367447880378,False
2350,0.9842399889605549,99.24694993689525,0.1907826295811138,False
2351,0.976414308115487,99.24694993689525,0.19020246953573927,False
2352,0.9669852958320848,99.24694993689525,0.18954327742868898,False
2353,0.9669852958320848,99.24694993689525,0.18882001355695346,False
2354,0.9669852958320848,99.24694993689525,0.18808587553247852,False
2355,0.9669852958320848,99.24694993689525,0.18762256570808625,False
2356,0.9669852958320848,99.24694993689525,0.18714924497868818,False
2357,0.9669852958320848,99.24694993689525,0.2533175376815169,False
2358,0.9669852958320848,98.47286495582667,0.19772829614703152,False
2359,0.9669852958320848,99.3100546907867,0.21728592546319234,False
2360,0.9669852958320848,99.27237550471064,0.23485992558446303,False
2361,0.9669852958320848,99.29784729229735,0.255292045728104,False
2362,0.9669852958320848,99.30234512902412,0.2654550428579381,False
2363,0.9669852958320848,99.30269679912627,0.274808529120107,False
2364,0.9669852958320848,99.29720575783234,0.2833686643943823,False
2365,0.9669852958320848,99.29168800136542,0.28499793203456675,False
2366,0.9669852958320848,99.2861443192569,0.3229226598545964,False
2367,0.9669852958320848,99.28057553956835,0.3233844640478185,False
2368,0.9669852958320848,99.27498252969951,0.32387810518964444,False
2369,0.9669852958320848,99.2693661971831,0.3239620967864185,False
2370,0.9669852958320848,99.26372749046394,0.33046253896236416,False
2371,0.9669852958320848,99.25806739966032,0.33012510906778453,False
2372,0.9559312637896478,99.25238695730499,0.37630852171562046,False
2373,0.9559312637896478,99.24668723906335,0.3760662365957018,False
2374,0.9559312637896478,99.24096936442615,0.37586934727320287,False
2375,0.9559312637896478,99.235234497374,0.37584198755299053,False
2376,0.9432261548473415,99.22948384701077,0.37582389258503757,False
2377,0.9288391461883214,98.44276094276094,0.3345146575802682,False
2378,0.9288391461883214,99.25562988787337,0.3343503276559264,False
2379,0.9288391461883214,99.64095053621203,0.3201339095843004,False
2380,0.9432261548473415,99.63830192271084,0.3063909898022451,False
2381,0.9559312637896478,98.76737102608034,0.2878847001825222,False
2382,0.9669852958320848,99.57643251475348,0.2911412341555286,False
2383,0.976414308115487,99.57643251475348,0.294719706069732,False
2384,0.9842399889605549,99.57643251475348,0.34074452929504523,False
2385,0.9904799742690308,99.43429694616233,0.35304535370471474,False
2386,0.995148095654003,98.57136008437605,0.33287141214056876,False
2387,0.9982545693874831,99.36717963469006,0.3456447658810797,False
2388,0.999806132804711,99.36717963469006,0.35917164859249,False
2389,0.999806132804711,99.36717963469006,0.45749496091706227,False
2390,0.9982545693874831,98.96937006357156,0.4644879431534803,False
2391,0.995148095654003,99.29853417831745,0.47448583734504723,False
2392,0.9904799742690308,98.45193749697644,0.4488324929744252,False
2393,0.9842399889605549,99.21629335784432,0.4574330194267256,False
2394,0.976414308115487,99.21629335784432,0.464526515546986,False
2395,0.9669852958320848,99.21629335784432,0.47029769142564104,False
2396,0.9559312637896478,99.21629335784432,0.4750588267127563,False
2397,0.9432261548473415,99.21629335784432,0.47978245744262604,False
2398,0.9288391461883214,99.21629335784432,0.48368149247765085,False
2399,0.9127341558073343,99.21629335784432,0.48684616781441814,False
2400,0.8948692308065574,99.21629335784432,0.48936090341339883,False
2401,0.875195788740725,99.21629335784432,0.4915781082957386,False
2402,0.8536576732793313,98.80952380952381,0.48490002302913515,False
2403,0.8301899714180443,98.79907847654526,0.47839316406777366,False
2404,0.804717519321077,98.35080982621966,0.4420810222946306,False
2405,0.7771529943226336,98.70470163642656,0.431664093486364,False
2406,0.7473944462440387,98.69433550116666,0.42103589094441896,False
2407,0.7153220528038851,98.68401375803798,0.41023907174789415,False
2408,0.7153220528038851,98.6737400530504,0.39787849643790135,False
2409,0.7153220528038851,97.8379460487463,0.27880787673879187,False
2410,0.7153220528038851,98.57864971723137,0.25838669466415115,False
2411,0.7153220528038851,98.57864971723137,0.23943520591771933,False
2412,0.7153220528038851,98.57864971723137,0.21942883743858566,False
2413,0.7153220528038851,98.57864971723137,0.20085703249575954,False
2414,0.7473944462440387,98.57864971723137,0.18386816715993604,False
2415,0.7473944462440387,98.57864971723137,0.16855156165353952,False
2416,0.7473944462440387,98.57864971723137,0.15464056471164936,False
2417,0.7473944462440387,98.57864971723137,0.13934375845190045,False
2418,0.7473944462440387,98.57864971723137,0.12522678925120814,False
2419,0.7473944462440387,98.57864971723137,0.1124286304549985,False
2420,0.7473944462440387,98.57864971723137,0.1009214411218925,False
2421,0.7771529943226336,98.57864971723137,0.08949967983872542,False
2422,0.804717519321077,98.57864971723137,0.1277863536169519,False
2423,0.8301899714180443,98.57864971723137,0.12216723590347855,False
2424,0.8536576732793313,98.57864971723137,0.11817700322365267,False
2425,0.875195788740725,98.57864971723137,0.11579341012320515,False
2426,0.8948692308065574,98.57864971723137,0.2344528493001585,False
2427,0.9127341558073343,98.57864971723137,0.23646012630371865,False
2428,0.9288391461883214,98.57864971723137,0.2385948455051836,False
2429,0.9432261548473415,98.57864971723137,0.24077202089838415,False
2430,0.9559312637896478,98.57864971723137,0.24290963167695112,False
2431,0.9669852958320848,98.57864971723137,0.2449285002521684,False
2432,0.976414308115487,98.57864971723137,0.24675191967406943,False
2433,0.976414308115487,98.57864971723137,0.24835141958610663,False
2434,0.976414308115487,98.57864971723137,0.24973244698027033,False
2435,0.976414308115487,98.57864971723137,0.2509514344307996,False
2436,0.976414308115487,98.57864971723137,0.25199163154509074,False
2437,0.976414308115487,98.57864971723137,0.2528646175666337,False
2438,0.976414308115487,98.57864971723137,0.25358224761701775,False
2439,0.9842399889605549,98.57864971723137,0.25415664837953206,False
2440,0.9904799742690308,98.57864971723137,0.25467456208914185,False
2441,0.995148095654003,98.57864971723137,0.25508811295826994,False
2442,0.9982545693874831,98.13093503491936,0.23497126561192272,False
2443,1.1034990673875957,98.47682453220357,0.23442890602140468,False
2444,1.175193620727556,98.46605578899408,0.23366736352459008,False
2445,1.2337244651110395,98.45536304049591,0.25845394786699044,False
2446,1.2834031297544843,97.63223413444439,0.15886247146537796,False
2447,1.3262610770456722,98.348661145267,0.15661956003831445,False
2448,1.3634806730596907,98.348661145267,0.15472852032126977,False
2449,1.3958301562928708,98.348661145267,0.15316420174879497,False
2450,1.4238430936939133,98.348661145267,0.15189878942070903,False
2451,1.4479062086941699,98.348661145267,0.150902477792849,False
2452,1.441499001640642,98.348661145267,0.150144187999005,False
2453,1.4332278865247239,98.348661145267,0.1501889947703666,False
2454,1.4230670603378361,98.348661145267,0.15053223343216451,False
2455,1.4109839980999699,98.348661145267,0.15114732540343778,False
2456,1.3969387860636409,98.348661145267,0.15200652733658598,False
2457,1.3808832571151748,98.348661145267,0.154304699663797,False
2458,1.362759877482492,98.348661145267,0.15689271637664595,False
2459,1.3425003133763334,98.348661145267,0.1597159560830652,False
2460,1.320023576372009,98.348661145267,0.1627217630307981,False
2461,1.2952336017523502,98.348661145267,0.1658601641899365,False
2462,1.2680160454788014,98.348661145267,0.16908431298134527,False
2463,1.2382339767869435,98.348661145267,0.17235071223752754,False
2464,1.2057219651274376,98.348661145267,0.2660736548697925,False
2465,1.17027775595384,97.87874152261486,0.2467215682890038,False
2466,1.1316501862018717,98.23466202732436,0.2501312678813667,False
2467,1.1316501862018717,98.22354572059352,0.2529242006126263,False
2468,1.1316501862018717,98.2125379900067,0.25516853330123296,False
2469,1.17027775595384,98.20164332592631,0.2569260164797521,False
2470,1.2057219651274376,98.19086620703955,0.2582533704863218,False
2471,1.2382339767869435,98.18021109551292,0.31189764448232277,False
2472,1.2680160454788014,98.1696824320801,0.31082430740304545,False
2473,1.2952336017523502,98.15928463107252,0.30954003181716233,False
2474,1.320023576372009,98.14902207540244,0.32279033940068796,False
2475,1.3425003133763334,98.13889911150834,0.32378360275603185,False
2476,1.3425003133763334,98.12892004427344,0.3245247920973416,False
2477,1.3425003133763334,98.11908913192794,0.3247390999555992,False
2478,1.3425003133763334,98.10941058094582,0.34188033363249437,False
2479,1.3425003133763334,98.09988854094793,0.34630422833457847,False
2480,1.3525074295964727,98.09052709962236,0.35089639621079727,False
2481,1.3584547364298434,98.08133027767414,0.3540472546104198,False
2482,1.3857772327036844,98.07230202381588,0.355494509146251,False
2483,1.410469497157276,98.06344620981116,0.35690767869855117,False
2484,1.4326648482653093,97.303803562831,0.29734972811298854,False
2485,1.4524737111892643,97.9404054993848,0.29631503537426107,False
2486,1.4699878894344567,97.9404054993848,0.295726131775637,False
2487,1.4852837267582453,97.9404054993848,0.3182230723568397,False
2488,1.4984244813325356,97.9404054993848,0.3925011880818567,False
2489,1.5094621252684286,97.9404054993848,0.5477316597516845,False
2490,1.5184387137728148,97.9404054993848,0.5884965740559628,False
2491,1.5253874232579385,97.303803562831,0.5981294704191568,False
2492,1.530333327439556,98.05809661370567,0.6291126074878858,False
2493,1.5332939593741384,98.06696214022534,0.6552965934469545,False
2494,1.5342796921456783,97.61232212332783,0.6706718903961532,False
2495,1.5332939593741386,98.18626668794214,0.6899175493148885,False
2496,1.5303333274395563,98.18626668794214,0.7063845526931384,False
2497,1.5253874232579383,98.18626668794214,0.7202909696140967,False
2498,1.5184387137728148,97.5214084357215,0.7241857507588801,False
2499,1.5094621252684286,98.29264400829743,0.7319579902460007,False
2500,1.4984244813325358,98.30157634945067,0.7378787432621179,False
2501,1.5045643034921028,97.74428108911417,0.7429131555068875,False
2502,1.5076213244090613,98.20604001910726,0.7479878625242692,False
2503,1.5076213244090613,98.20604001910726,0.7516925402059009,False
2504,1.5213655983156216,98.20604001910726,0.7542096140995392,False
2505,1.5213655983156216,98.20604001910726,0.7560249527044761,False
2506,1.532902144485799,98.20604001910726,0.7568839161088025,False
2507,1.542279235137156,97.43684795848117,0.7477252717241735,False
2508,1.5495348211113549,96.93374993380289,0.7111020912659533,False
2509,1.554697508762069,96.22232789137212,0.5991008306941815,False
2510,1.5655280605848254,96.9008591155853,0.5581134944204569,False
2511,1.5738937446297547,96.91393722727511,0.520031951935851,False
2512,1.5749691486891675,96.92727177389754,0.4879102862452005,False
2513,1.567632081836135,96.94085656016316,0.452488194281401,False
2514,1.557787262784918,96.95468530009907,0.4190610287695521,False
2515,1.545378825051491,96.96875162481152,0.3854198938565942,False
2516,1.530333327439556,96.98304909024934,0.35354780404102415,False
2517,1.5125568756434098,96.99757118495168,0.32364625072678604,False
2518,1.4919310878474152,97.01231133776335,0.295384227697293,False
2519,1.4683074126842999,97.02726292550187,0.2685665284653016,False
2520,1.4414990016406422,97.04241928056082,0.24309026346592216,False
2521,1.411268792775777,97.05777369843454,0.21952542749859577,False
2522,1.411268792775777,97.07331944515015,0.19585085313178155,False
2523,1.4825559328675273,97.08904976459272,0.17495189800818078,False
2524,1.4825559328675273,97.1049578857114,0.15735223313228047,False
2525,1.4825559328675273,97.12103702959352,0.14194514762748886,False
2526,1.4825559328675273,97.13728041639557,0.13119405243031723,False
2527,1.4825559328675273,97.15368127212004,0.12531719671027391,False
2528,1.5157502313616389,97.17023283522812,0.1240109317547596,False
2529,1.5157502313616389,97.18692836307905,0.12538233399582244,False
2530,1.5157502313616389,97.20376113818737,0.1299484481768368,False
2531,1.5157502313616389,97.06230867976696,0.41197444690424373,False
2532,1.5157502313616389,96.8856760905085,0.4059695505643722,False
2533,1.5157502313616389,97.25945784927018,0.40614955921163365,False
2534,1.5157502313616389,97.23986199309965,0.40595177733670734,False
2535,1.5157502313616389,97.22026387350186,0.40541644745213207,False
2536,1.5157502313616389,97.20066940514225,0.4045808586800722,False
2537,1.5157502313616389,97.18108466959453,0.409337533948985,False
2538,1.5157502313616389,97.16151591505117,0.4091791491891088,False
2539,1.5157502313616389,97.14196955576266,0.40940824077728877,False
2540,1.5157502313616389,97.12245217119325,0.4101017304491237,False
2541,1.5074791162457208,97.10297050488086,0.41094123184143855,False
2542,1.497318290058833,97.08353146298938,0.4124382675885006,False
2543,1.4852352278209668,97.06414211254122,0.4125257124107885,False
2544,1.4711900157846378,97.04480967931902,0.4124301729548601,False
2545,1.4551344868361717,97.02554154542516,0.4121106069168194,False
2546,1.437011107203489,97.00634524648842,0.4520515147873212,False
2547,1.4167515430973303,96.98722846850781,0.4514179362983192,False
2548,1.394274806093006,96.96819904432361,0.4504667594965689,False
2549,1.3694848314733472,96.94926494970709,0.44919143008311735,False
2550,1.3422672751997984,96.93043429906022,0.44758998156409885,False
2551,1.3124852065079404,95.34004337429795,0.21413526012029074,False
2552,1.2799731948484345,96.91931268420174,0.2124198078837204,False
2553,1.2445289856748367,96.93747577116908,0.21128719929781445,False
2554,1.2059014159228685,96.95582639386754,0.2106296776569692,False
2555,1.1637721934770076,96.97435615836582,0.2103297453334153,False
2556,1.117727091940763,96.99305669454924,0.21026280624935803,False
2557,1.0672075588204966,96.70712458498885,0.19865588791499716,False
2558,1.0114225828970584,97.11220675082625,0.19714733552982208,False
2559,0.9491689791397933,97.11220675082625,0.19558776488816926,False
2560,0.8783961984032758,97.11220675082625,0.1939560744343155,False
2561,0.7947751664063899,97.11220675082625,0.19222812363460864,False
2562,0.8369318539281806,96.83785846690655,0.189061655519766,False
2563,0.8759822013248726,97.04317296615284,0.18880186490101736,False
2564,0.9121808156018081,97.02505795341649,0.18865962375741516,False
2565,0.9457336320300529,97.00705202954079,0.18884285949889845,False
2566,0.830774222099454,96.13526570048309,0.08571047219618297,False
2567,0.830774222099454,96.88489088788938,0.20759253126701957,False
2568,0.830774222099454,96.88489088788938,0.20738342215021638,False
2569,0.830774222099454,96.88489088788938,0.20727277577459127,False
2570,0.830774222099454,96.88489088788938,0.27816985063930516,False
2571,0.7967286463062391,96.88489088788938,0.2782186878783923,False
2572,0.7600473303889541,96.88489088788938,0.27821293592979934,False
2573,0.7600473303889541,96.88489088788938,0.27827116692792503,False
2574,0.7600473303889541,96.88489088788938,0.28323480739623574,False
2575,0.7600473303889541,96.88489088788938,0.2855617071536039,False
2576,0.7600473303889541,96.88489088788938,0.2879276936574692,False
2577,0.7600473303889541,96.88489088788938,0.28956353566027676,False
2578,0.7600473303889541,96.88489088788938,0.29055035117601885,False
2579,0.7600473303889541,96.88489088788938,0.2909105096796726,False
2580,0.7600473303889541,96.88489088788938,0.45869649294252446,False
2581,0.7600473303889541,96.88489088788938,0.45929393869367735,False
2582,0.7600473303889541,96.88489088788938,0.46019406133916013,False
2583,0.720523936685393,96.88489088788938,0.46143165048573337,False
2584,0.603652249754401,96.88489088788938,0.46304583105582037,False
2585,0.603652249754401,96.85679067682653,0.4649715042726647,False
2586,0.603652249754401,96.5336489685492,0.4602345119377762,False
2587,0.603652249754401,96.03696564236309,0.42270225413799273,False
2588,0.603652249754401,96.86359489051095,0.42320413191019063,False
2589,0.603652249754401,96.86518586193114,0.46857068477915137,False
2590,0.6436394131461666,96.01523419736243,0.4307067414463406,False
2591,0.6807937753703206,96.7803994794319,0.4308063941095316,False
2592,0.7153220528038851,96.80108132462266,0.43081466662285434,False
2593,0.7473944462440387,96.82192702202791,0.4308110845744761,False
2594,0.7771529943226336,96.55287817938421,0.427774030043981,False
2595,0.804717519321077,96.93622689681968,0.4267459056319418,False
2596,0.8301899714180443,96.93622689681968,0.426097707123456,False
2597,0.8536576732793313,96.93622689681968,0.4262651427161239,False
2598,0.875195788740725,96.90842901148137,0.4269207374884244,False
2599,0.8948692308065574,96.86917208250918,0.4285752719466183,False
2600,0.9127341558073343,95.21333710087595,0.24513378236279926,False
2601,0.9288391461883214,96.85221814071771,0.24842644163034955,False
2602,0.9432261548473415,96.8735942420153,0.24688492239408938,False
2603,0.9559312637896478,96.8951048951049,0.2553636640759461,False
2604,0.9559312637896478,96.91674087266252,0.26354312725159357,False
2605,0.9559312637896478,96.93849305209544,0.2708017561854228,False
2606,0.9559312637896478,96.96035242290749,0.2779209950542161,False
2607,0.9559312637896478,96.98231009365244,0.2848581903467829,False
2608,0.9559312637896478,96.65918177337204,0.2962993595859057,False
2609,0.9559312637896478,95.8442265795207,0.23406255685122748,False
2610,0.9559312637896478,96.62026756215133,0.24932439016842123,False
2611,0.9559312637896478,96.65015079707022,0.25151965598675213,False
2612,0.9559312637896478,96.68005354752343,0.26706565518913755,False
2613,0.9559312637896478,96.70996592844975,0.2827018545349848,False
2614,0.9559312637896478,96.73987827467585,0.2982076570527297,False
2615,0.9559312637896478,96.76978114478115,0.31342146086695705,False
2616,0.9559312637896478,96.79966532447838,0.32824389187903197,False
2617,0.9559312637896478,96.82952182952182,0.3428385879336822,False
2618,0.9559312637896478,96.85934190815641,0.3575697554107888,False
2619,0.9559312637896478,96.88911704312115,0.3710685967797848,False
2620,0.9559312637896478,96.91883895322144,0.38166046691498945,False
2621,0.9669852958320848,96.948499594485,0.39180775022151104,False
2622,0.976414308115487,96.78670360110803,0.4041632158059698,False
2623,0.976414308115487,97.0726581265012,0.40953169387282723,False
2624,0.976414308115487,97.09099950273496,0.41426648120030546,False
2625,0.976414308115487,97.1093981618737,0.4187693141213379,False
2626,0.976414308115487,97.12784760408483,0.4185674807149152,False
2627,0.976414308115487,97.14634146341463,0.42363412563602965,False
2628,0.9842399889605549,97.1648735097412,0.42658758151456716,False
2629,0.9842399889605549,97.18343765045739,0.4219201292991523,False
2630,0.9842399889605549,97.2020279318921,0.4328692395543984,False
2631,0.9842399889605549,97.03059673128088,0.45911827911197367,False
2632,0.9842399889605549,97.28173666823973,0.4719297427816544,False
2633,0.9842399889605549,97.3089545241444,0.48573547942822964,False
2634,0.9842399889605549,97.3360655737705,0.5797013651707856,False
2635,0.9842399889605549,97.36306439674316,0.5922994733836918,False
2636,0.9842399889605549,97.38994577704256,0.6030877156760162,False
2637,0.9842399889605549,97.41670470104975,0.612155191226562,False
2638,0.9842399889605549,97.44333635539438,0.6195745261898895,False
2639,0.9842399889605549,97.46983612461733,0.6828174508037417,False
2640,0.9842399889605549,97.49619958866136,0.683144886838437,False
2641,0.9842399889605549,97.52242252020247,0.6823936451543374,False
2642,0.9842399889605549,97.54850088183422,0.6808375552378402,False
2643,0.9842399889605549,97.57443082311734,0.6783296564098523,False
2644,0.9842399889605549,97.6002086775063,0.6749572256283571,False
2645,0.9842399889605549,97.62583095916429,0.6708086722735839,False
2646,0.976414308115487,97.56557517572433,0.668483150262553,False
2647,0.9669852958320848,97.71063829787234,0.6618278960514055,False
2648,0.9559312637896478,97.71063829787234,0.6555688782827095,False
2649,0.9432261548473415,97.56557517572433,0.6534866063898539,False
2650,0.9288391461883214,96.73838505057432,0.6405212526874656,False
2651,1.0239228180015463,96.61572994906328,0.6210677834918963,False
2652,1.0850365744330075,96.67420224328319,0.604754573135224,False
2653,1.132529774880598,96.64185639229422,0.5864722171720601,False
2654,1.1706718933538656,95.80998248686515,0.48471740747990055,False
2655,1.2014461200230289,96.54553415061297,0.45950015441545666,False
2656,1.2259790140555222,96.54553415061297,0.43497820189924175,False
2657,1.2449737775841292,96.54553415061297,0.4108451451559785,False
2658,1.258887499344383,96.54553415061297,0.38713753309089494,False
2659,1.2680160454788014,95.79684763572679,0.2738312262000409,False
2660,1.2725381154419293,96.65936952714536,0.2551248201969826,False
2661,1.272538115441929,96.67753859534682,0.24238959926886566,False
2662,1.2680160454788014,96.69574982722875,0.2311419748207467,False
2663,1.2588874993443833,96.71399768349706,0.22215602184466046,False
2664,1.2449737775841294,96.7322767552829,0.24105038440021498,False
2665,1.2686794699537274,96.75058176433255,0.24159354603064606,False
2666,1.2902007807553537,96.76890756302521,0.25066617463501834,False
2667,1.30962049684272,96.78724913422623,0.25973309008079704,False
2668,1.3270089026073437,96.80560159098442,0.2685862051160067,False
2669,1.3424256522693587,96.82396017608096,0.2813838114308197,False
2670,1.3559212235520337,96.8423202614379,0.2933733081223351,False
2671,1.3559212235520337,96.86067734739403,0.2999639829415338,False
2672,1.3559212235520337,96.87902706185567,0.31083189682116014,False
2673,1.3559212235520337,96.8973651593299,0.31907824542807,False
2674,1.3559212235520337,96.91568751984757,0.3249443294270518,False
2675,1.3559212235520337,96.93399014778325,0.3285733700430504,False
2676,1.3559212235520337,96.95226917057903,0.33003013694133154,False
2677,1.3559212235520337,96.94489052524382,0.33012131735747635,False
2678,1.3559212235520337,96.92989335006274,0.32910707253761406,False
2679,1.3559212235520337,96.1039971976803,0.29993005325171695,False
2680,1.3559212235520337,96.79338587544429,0.29920810755418964,False
2681,1.3559212235520337,96.90531886336619,0.3343593455243771,False
2682,1.3287344279695676,96.90531886336619,0.3314441479367978,False
2683,1.296460736137167,96.90531886336619,0.3328207343815052,False
2684,1.2583494426149708,96.17287264639337,0.31920689302908123,False
2685,1.2132336634320215,97.00118878705372,0.32016555764821436,False
2686,1.150999540671385,97.11099269183921,0.3159062084085871,False
2687,1.0757143856082798,97.11099269183921,0.3286111882528592,False
2688,1.0757143856082798,97.11099269183921,0.32214084879832755,False
2689,0.9669852958320848,96.38778928136419,0.3170558403209808,False
2690,0.9669852958320848,97.18331303288673,0.3110565799087397,False
2691,0.9669852958320848,97.10321695380394,0.3095738882863123,False
2692,0.9669852958320848,97.19868712312038,0.3033239618468443,False
2693,0.9669852958320848,97.17551083233924,0.2988054852623571,False
2694,0.9669852958320848,97.15216885233181,0.29579199655200733,False
2695,0.9669852958320848,97.12866252004851,0.29325470534379267,False
2696,0.9669852958320848,97.1049932949436,0.2918800318405088,False
2697,0.9669852958320848,97.08116276295384,0.2897647900234609,False
2698,0.9669852958320848,97.05717264052602,0.2889073898228974,False
2699,0.9669852958320848,97.03302477868952,0.2884302463799979,False
2700,0.9669852958320848,97.00872116716928,0.2880074374895264,False
2701,0.9669852958320848,96.2282756070504,0.30391001964328057,False
2702,0.9669852958320848,97.0176455968851,0.3031477837297026,False
2703,0.9669852958320848,97.17247097844113,0.29787720606587487,False
2704,0.9669852958320848,97.24295190713102,0.2894900803615541,False
2705,1.0757143856082798,97.24896265560166,0.28110806930021137,False
2706,1.0844863484244938,97.25521136118263,0.2726964500682386,False
2707,1.0916362019205925,96.41370213116781,0.24394670005735175,False
2708,1.0971804769523517,97.13151649071119,0.24026046619670452,False
2709,1.1011317995692318,97.25009139282668,0.23280913443611045,False
2710,1.1011317995692318,97.25009139282668,0.22604486172453087,False
2711,1.1011317995692318,97.25009139282668,0.3017715631653317,False
2712,1.0971804769523517,97.25009139282668,0.2996756846653477,False
2713,1.0916362019205925,97.25009139282668,0.29788232906857603,False
2714,1.0844863484244938,97.25009139282668,0.3011863624355699,False
2715,1.0757143856082798,97.25009139282668,0.302806790631121,False
2716,1.065299640553338,97.25009139282668,0.30515300110849913,False
2717,1.0532169913190046,97.16672125777923,0.30975267225314984,False
2718,1.1166404295430468,97.18955057570881,0.3156672559305488,False
2719,1.1665620111568704,97.17138103161398,0.32244261533730467,False
2720,1.1504718163625702,97.15315919667938,0.3299386154853067,False
2721,1.132529774880598,96.28527105781728,0.36398653866975483,False
2722,1.1126817966979572,97.04834178860425,0.3668113181987252,False
2723,1.090864890696142,97.04834178860425,0.3691541255084012,False
2724,1.0670056836533541,97.04834178860425,0.3710618790296134,False
2725,1.041018523939755,97.04834178860425,0.37608380202173697,False
2726,1.0128030232541478,97.04834178860425,0.3767527517328335,False
2727,0.9822408213425595,97.04834178860425,0.3775772421424375,False
2728,1.0636474148449138,97.04834178860425,0.37860044211464144,False
2729,1.0284448051057378,96.92489651094027,0.37847544508595155,False
2730,0.9903699187143654,96.97859483382271,0.379419761227454,False
2731,0.9491689791397934,96.13600578748031,0.3196086335681788,False
2732,0.9491689791397934,96.88497382867357,0.320203188971675,False
2733,0.9491689791397934,96.88497382867357,0.3212981775709301,False
2734,0.9491689791397934,96.7546943325045,0.31839733708341816,False
2735,0.9491689791397934,96.80414597279206,0.31852482833489537,False
2736,0.9491689791397934,96.7762986165492,0.3185233849793368,False
2737,0.9491689791397934,96.74832376528332,0.3183846037496759,False
2738,0.9491689791397934,96.72022600865189,0.3168708399352141,False
2739,0.9491689791397934,96.6920101373883,0.3149373001256567,False
2740,0.9491689791397934,96.66368114643977,0.3129294299952696,False
2741,0.9491689791397934,95.88200802850571,0.20931136061379055,False
2742,0.9491689791397934,96.70664122830925,0.21582577505679365,False
2743,0.9045212482956251,96.70664122830925,0.2235437470380479,False
2744,0.8560102072835963,96.70664122830925,0.3305297017974262,False
2745,0.8030751519901475,96.58399200508767,0.3281551569034804,False
2746,0.7449230491364432,96.73389661124739,0.33020812632213936,False
2747,0.7449230491364432,96.7061622215106,0.3316324537245227,False
2748,0.7449230491364432,96.67833778678707,0.3324435392673261,False
2749,0.7449230491364432,96.65042913477151,0.3327100623664555,False
2750,0.7449230491364432,96.62244230589555,0.332469616751445,False
2751,0.7449230491364432,96.59438355520015,0.3317533438608514,False
2752,0.7449230491364432,96.56625935398314,0.33028324362583056,False
2753,0.7449230491364432,96.5380763912069,0.3281628848205482,False
2754,0.7449230491364432,96.50984157465194,0.3254151165195334,False
2755,0.7449230491364432,96.48156203180126,0.3220647671093447,False
2756,0.7449230491364432,96.45324511044079,0.3181942399595525,False
2757,0.7449230491364432,96.42489837896078,0.3137597653784254,False
2758,0.7449230491364432,96.3965296263433,0.30880623639821575,False
2759,0.7449230491364432,96.36814686182089,0.3033763449420475,False
2760,0.7449230491364432,96.33975831419156,0.2973243565504209,False
2761,0.7449230491364432,96.31137243077542,0.2907542531009199,False
2762,0.7449230491364432,96.28299787599879,0.34191752818221466,False
2763,0.7449230491364432,96.25464352959136,0.33924596041052957,False
2764,0.7449230491364432,95.4531490015361,0.23331842711587444,False
2765,0.7449230491364432,96.30106640564628,0.22875663806592517,False
2766,0.6723123356476847,96.30106640564628,0.22492531885661385,False
2767,0.6073000958248577,96.30106640564628,0.2217570887010097,False
2768,0.5338213435427908,96.30106640564628,0.2191808847429829,False
2769,0.5338213435427906,96.30106640564628,0.2171238226651833,False
2770,0.41475814399911126,96.30106640564628,0.21551303723852355,False
2771,0.48865925334338955,96.30106640564628,0.21427738980941782,False
2772,0.5541015302865538,96.30106640564628,0.21260844070084822,False
2773,0.6131379016405238,96.30106640564628,0.21133599324531027,False
2774,0.6131379016405238,96.30106640564628,0.21040869808017926,False
2775,0.6131379016405238,96.30106640564628,0.20945465818695233,False
2776,0.6131379016405238,96.30106640564628,0.20870560636106883,False
2777,0.6131379016405238,96.30106640564628,0.2082339176857204,False
2778,0.6131379016405238,96.30106640564628,0.207978155095081,False
2779,0.5277139815252946,96.30106640564628,0.20788473374321845,False
2780,0.40907313904382653,96.30106640564628,0.3080921904897485,False
2781,0.40907313904382653,96.30106640564628,0.30883860686745684,False
2782,0.40907313904382653,95.4531490015361,0.242044649077809,False
2783,0.40907313904382653,96.02055875019083,0.23602349856808524,False
2784,0.40907313904382653,96.30322645898654,0.2368305403145517,False
2785,0.40907313904382653,96.30322645898654,0.23755185263884454,False
2786,0.40907313904382653,96.30322645898654,0.23964189011821624,False
2787,0.40907313904382653,96.30322645898654,0.24047501984878425,False
2788,0.40907313904382653,96.30322645898654,0.24112029576082045,False
2789,0.3491843735073079,96.30322645898654,0.35645064497473294,False
2790,0.3491843735073079,96.30322645898654,0.43783833780111425,False
2791,0.3491843735073079,96.30322645898654,0.5022116241510661,False
2792,0.3491843735073079,96.30322645898654,0.5556448494319185,False
2793,0.3491843735073079,96.30322645898654,0.577233156404598,False
2794,0.3491843735073079,96.30322645898654,0.6104600272489398,False
2795,0.3491843735073079,96.30322645898654,0.6104467267299801,False
2796,0.3491843735073079,96.30322645898654,0.6317462296813317,False
2797,0.46824757305098735,96.30322645898654,0.6507001395121466,False
2798,0.5541015302865538,96.30322645898654,0.667576388849607,False
2799,0.5541015302865538,96.30322645898654,0.6825957069320957,False
2800,0.5541015302865538,95.24706121825861,0.6577556273933943,False
2801,0.5541015302865538,96.32872503840245,0.6601586856101758,False
2802,0.5541015302865538,96.32872503840245,0.6681766172081329,False
2803,0.5541015302865538,96.32872503840245,0.6744644924209462,False
2804,0.5541015302865538,96.32872503840245,0.679272941834194,False
2805,0.5541015302865538,96.32872503840245,0.6801393281323097,False
2806,0.5541015302865538,96.08294930875576,0.6993451876662559,False
2807,0.5541015302865538,96.33384536610343,0.7266251099160375,False
2808,0.5541015302865538,96.32872503840245,0.7478814874809524,False
2809,0.5541015302865538,97.40471222838532,0.723301080807155,False
2810,0.5541015302865538,97.40471222838532,0.766713460078473,False
2811,0.6271502454482835,97.40471222838532,0.7428116360804586,False
2812,0.6917244835981394,97.40471222838532,0.7203416743802219,False
2813,0.7498765864518436,97.10701484895033,0.7192468947307401,False
2814,0.8028116417452926,97.33141002524341,0.7070967955723537,False
2815,0.8513226827573213,96.4401627942919,0.7221770470464917,False
2816,0.8959704136014894,97.20776879089176,0.7182520176026818,False
2817,0.9371713531760616,97.20776879089176,0.7156716888267914,False
2818,0.9752462395674342,97.20776879089176,0.734687824893113,False
2819,1.01044884930661,97.20776879089176,0.7363157141180988,False
2820,1.0429842335712594,97.20776879089176,0.7446392370698007,False
2821,1.0730208202534555,96.90059085726132,0.7547938923800634,False
2822,1.1006987578744163,97.12185202565306,0.7579398612932685,False
2823,1.1261358508278747,97.09954893527745,0.760732667276677,False
2824,1.1494318918359776,97.07728831442891,0.7634685627151621,False
2825,1.1706718933538656,96.91039617123106,0.7682635114150319,False
2826,1.1899285414712581,96.00638128157405,0.7555123386173517,False
2827,1.1899285414712581,95.85142305836952,0.7333743234825946,False
2828,1.1899285414712581,95.92674625898114,0.7148431347405243,False
2829,1.1899285414712581,95.90025589372243,0.6940737006250539,False
2830,1.132529774880598,95.08916323731138,0.5980925128551081,False
2831,1.132529774880598,95.99115288913464,0.5779686681326449,False
2832,1.066503202885787,95.99115288913464,0.5577402547640047,False
2833,0.9875245214535493,95.99115288913464,0.5372913874586692,False
2834,0.875195788740725,95.99115288913464,0.5621254930995007,False
2835,0.875195788740725,95.99115288913464,0.5435732584078375,False
2836,0.875195788740725,95.99115288913464,0.5245807067928921,False
2837,0.8948692308065574,95.99115288913464,0.5049734923293009,False
2838,0.9127341558073343,95.62386181778048,0.45337737469273093,False
2839,0.9288391461883214,95.92488573159315,0.42801563164746514,False
2840,0.9432261548473415,95.76518530756098,0.39082004606742005,False
2841,0.9432261548473415,95.88083044220497,0.4167925749975947,False
2842,0.9432261548473415,95.88083044220497,0.3976343090955789,False
2843,0.9432261548473415,95.88083044220497,0.3812338181820751,False
2844,0.9432261548473415,95.88083044220497,0.36646295865081346,False
2845,0.9432261548473415,95.88083044220497,0.3543179811700422,False
2846,0.9432261548473415,95.88083044220497,0.34325419325991835,False
2847,0.9432261548473415,95.88083044220497,0.3340766703565744,False
2848,0.9432261548473415,95.88083044220497,0.3267263985073644,False
2849,1.0532169913190044,95.88083044220497,0.3210410275055577,False
2850,1.129798482836793,95.77619912990804,0.31229606299667634,False
2851,1.129798482836793,95.91937882041962,0.3725819236420496,False
2852,1.129798482836793,95.89322381930185,0.3721191984960859,False
2853,1.129798482836793,95.86712152564175,0.37179124710624045,False
2854,1.1933654824135869,94.94994687098037,0.2982726388992959,False
2855,1.2482389571842902,95.7273083160897,0.29697230499015903,False
2856,1.296460736137167,95.7273083160897,0.29641049970383565,False
2857,1.3392246071829446,95.7273083160897,0.2959117853550691,False
2858,1.3675380544221296,95.7273083160897,0.2953934907710367,False
2859,1.3913345861436042,95.7273083160897,0.2949038421960755,False
2860,1.4230670603378361,95.7273083160897,0.29443599030138473,False
2861,1.4514270347987221,94.9387618142162,0.2165228060088992,False
2862,1.4766549183659508,95.87271405402383,0.21590810410582084,False
2863,1.498941259446481,95.70493820256138,0.21503541241596216,False
2864,1.5184387137728148,95.82797382696717,0.2754583668095107,False
2865,1.5352702332191592,95.71053073094346,0.2766100969433208,False
2866,1.5495348211113549,95.86712152564175,0.2832946631954449,False
2867,1.5613116549052575,95.84108199492815,0.29111447792509354,False
2868,1.570663071721726,95.81511555277952,0.2999093246088046,False
2869,1.577636732431408,95.78923279363808,0.3035225293899992,False
2870,1.582267169313773,95.76344457893826,0.31597603853986483,False
2871,1.584576851106354,94.84120122197245,0.25467044961675733,False
2872,1.583393820970492,95.61934405441235,0.2650685306647371,False
2873,1.57983878814754,95.61934405441235,0.2748897485499418,False
2874,1.5738937446297545,95.61934405441235,0.28385931842163764,False
2875,1.5655280605848252,95.61934405441235,0.2922885238516538,False
2876,1.554697508762069,95.61934405441235,0.3000144013720388,False
2877,1.541342789057496,95.61934405441235,0.3180852390270019,False
2878,1.5253874232579385,95.61934405441235,0.33431242520494014,False
2879,1.506734817815005,95.61934405441235,0.346242949317894,False
2880,1.4852641811356104,95.61934405441235,0.36506228490816783,False
2881,1.4608248015713592,95.61934405441235,0.37169531148265195,False
2882,1.4332278865247239,95.61934405441235,0.38135168337673087,False
2883,1.402234618245608,95.61934405441235,0.3888525385172268,False
2884,1.3675380544221296,94.85272926393452,0.3548859132756227,False
2885,1.3287344279695676,95.7519165369762,0.35838392582029094,False
2886,1.2852748466470731,95.91241710496227,0.35584291641726046,False
2887,1.2363772403452271,95.93712761731828,0.3735095829871029,False
2888,1.222731822382257,95.96192836224375,0.37094466172873786,False
2889,1.2072640872959293,95.85266335028786,0.39154935194924584,False
2890,1.1899285414712581,96.03949412025737,0.4009393185342899,False
2891,1.1706718933538656,96.03949412025737,0.4075597140098003,False
2892,1.1494318918359776,96.03949412025737,0.4129899731129589,False
2893,1.1261358508278745,96.03949412025737,0.41620120397780225,False
2894,1.100698757874416,96.03949412025737,0.42705240368485387,False
2895,1.0730208202534555,96.03949412025737,0.42430179019623643,False
2896,1.0429842335712594,96.03949412025737,0.42146151150931677,False
2897,1.01044884930661,95.25737741291324,0.41039872032005814,False
2898,0.9491912500871044,96.17816729531839,0.3995302171905556,False
2899,0.8793939303559065,96.13247510590307,0.3913144583307455,False
2900,0.7967286463062392,96.25709297250108,0.37568828756580047,False
2901,0.6807937753703206,96.06905272417396,0.3708598987469396,False
2902,0.6807937753703206,96.17770884112564,0.36255285409578614,False
2903,0.6807937753703206,96.15449014902049,0.3560043295434148,False
2904,0.6807937753703206,96.13135402609088,0.3510366073578285,False
2905,0.6807937753703206,96.10831020223192,0.3474534132091702,False
2906,0.6807937753703206,96.08536863729742,0.3450468043685037,False
2907,0.6807937753703206,95.28654365695235,0.3194329356839138,False
2908,0.6807937753703206,96.1324687355257,0.31450377170353877,False
2909,0.6807937753703206,96.4857341684064,0.2851067004705128,False
2910,0.7153220528038851,96.46653428337811,0.25765143243253225,False
2911,0.7473944462440387,96.44747676743913,0.23231100346603228,False
2912,0.7473944462440387,96.42857142857143,0.20913403097965544,False
2913,0.7473944462440387,96.4098282442748,0.18832812064863436,False
2914,0.7473944462440387,95.48544847328245,0.14511538764286822,False
2915,0.7771529943226336,96.28458969465649,0.13544005968635117,False
2916,0.804717519321077,96.28458969465649,0.12652741770408715,False
2917,0.8301899714180443,96.28458969465649,0.1179536026797394,False
2918,0.8536576732793313,96.28458969465649,0.10945745298064119,False
2919,0.875195788740725,96.28458969465649,0.10125956425206029,False
2920,0.875195788740725,96.28458969465649,0.09372940530816294,False
2921,0.875195788740725,96.28458969465649,0.0863668942008741,False
2922,0.875195788740725,96.28458969465649,0.07919266130793422,False
2923,0.875195788740725,96.28458969465649,0.07222707881616913,False
2924,0.875195788740725,96.28458969465649,0.06549049792845713,False
2925,0.875195788740725,96.28458969465649,0.058616020982804266,False
2926,0.875195788740725,96.28458969465649,0.0518271484535911,False
2927,0.875195788740725,96.28458969465649,0.04508854480779865,False
2928,0.8948692308065574,96.28458969465649,0.17952766303949919,False
2929,0.9127341558073343,96.28458969465649,0.18076288393200884,False
2930,0.9288391461883214,96.28458969465649,0.20919722529564266,False
2931,0.9432261548473415,96.28458969465649,0.3736583312866326,False
2932,0.9559312637896478,96.28458969465649,0.47981978975271533,False
2933,0.9559312637896478,96.28458969465649,0.5312447720069785,False
2934,0.9559312637896478,96.28458969465649,0.6114853266162292,False
2935,0.9669852958320848,96.28458969465649,0.6775579326582618,False
2936,0.976414308115487,96.28458969465649,0.7334680952512609,False
2937,0.9842399889605549,96.28458969465649,0.7815549362033344,False
2938,0.9904799742690308,96.28458969465649,0.8233639215385479,False
2939,0.995148095654003,96.28458969465649,0.8599118458701239,False
2940,0.9982545693874831,96.28458969465649,0.8919799232957334,False
2941,0.9982545693874831,96.28458969465649,0.9201663546683929,False
2942,0.9982545693874831,96.28458969465649,0.9449454582754695,False
2943,0.9982545693874831,96.28458969465649,0.9667038480371715,False
2944,0.9982545693874831,96.28458969465649,0.9857641680358648,False
2945,1.1034990673875957,96.28458969465649,1.0024240146528225,False
2946,1.1042875713905729,96.28458969465649,1.0169030648589237,False
2947,1.175193620727556,96.28458969465649,1.0294110314866138,False
2948,1.2329087607099036,95.50333969465649,1.0253605583260912,False
2949,1.2817425764699486,96.38000954198473,1.0342452442899004,False
2950,1.3237243701143493,96.73803451752565,1.036552235071224,False
2951,1.360034097940745,97.663246545282,0.9958824630856616,False
2952,1.3914372992027793,97.67044114177872,0.9549819330825671,False
2953,1.418464503832282,97.3904884771008,0.9320109444594344,False
2954,1.441499001640642,97.76119402985074,0.8852553827384653,False
2955,1.4608248015713592,97.76119402985074,0.8387818727137363,False
2956,1.4766549183659508,97.76119402985074,0.7997917281902645,False
2957,1.4891489665409592,97.76119402985074,0.7574320090847425,False
2958,1.4891489665409592,97.76119402985074,0.7140690913866701,False
2959,1.4891489665409592,97.76119402985074,0.6728532411982326,False
2960,1.4984244813325358,97.76119402985074,0.6320680878305474,False
2961,1.5045643034921028,97.76119402985074,0.5920243682737595,False
2962,1.5076213244090613,97.76119402985074,0.5533070734530232,False
2963,1.5228447333219093,97.76119402985074,0.5159923695096592,False
2964,1.535773302827334,97.76119402985074,0.4799961005978718,False
2965,1.5464650001141114,97.76119402985074,0.44561838093581974,False
2966,1.5549659371186813,97.76119402985074,0.41297423978156916,False
2967,1.5613116549052575,97.76119402985074,0.3835635964516183,False
2968,1.5655280605848254,97.76119402985074,0.3537768968754469,False
2969,1.567632081836135,97.76119402985074,0.3260285712415318,False
2970,1.567632081836135,97.76119402985074,0.3475767371778891,False
2971,1.5655280605848254,97.76119402985074,0.3301610873708743,False
2972,1.5613116549052575,97.76119402985074,0.3156568178768082,False
2973,1.5549659371186813,97.76119402985074,0.3040819473220881,False
2974,1.5549659371186813,97.76119402985074,0.2953701914388599,False
2975,1.5549659371186813,97.76119402985074,0.2893606400844286,False
2976,1.5549659371186813,96.93913246268657,0.2651269921504217,False
2977,1.5549659371186813,97.88362873134328,0.25494657343577753,False
2978,1.5549659371186813,97.82043128866277,0.25173828999088826,False
2979,1.5549659371186813,97.93625315294658,0.2463362498573962,False
2980,1.5549659371186813,97.93625315294658,0.2436919204842179,False
2981,1.5495348211113549,97.93625315294658,0.2428546475440336,False
2982,1.5413427890574958,97.93625315294658,0.242376583918966,False
2983,1.5253874232579383,97.93625315294658,0.2422293477221924,False
2984,1.5067348178150048,97.93625315294658,0.2427234246876939,False
2985,1.4852641811356104,97.93625315294658,0.24338847370336522,False
2986,1.4608248015713592,97.93625315294658,0.24421095613835925,False
2987,1.4332278865247239,97.57827365507697,0.2865670941615733,False
2988,1.4022346182456082,97.84852702389237,0.2868363251327766,False
2989,1.3913345861436042,97.84218813786669,0.28712917551154676,False
2990,1.3785347251376459,97.00328407224958,0.22833557807235064,False
2991,1.3785347251376459,97.94209564243175,0.22541419790449724,False
2992,1.3785347251376459,97.94838633825172,0.2224186237942849,False
2993,1.3785347251376459,97.95487840609435,0.21934660363467648,False
2994,1.3559212235520337,97.9615676654401,0.21619613791416692,False
2995,1.3287344279695676,97.96844985156295,0.21296549051116972,False
2996,1.3287344279695676,97.97552062184582,0.263431955118144,False
2997,1.3287344279695676,97.98277556210624,0.2641609574965203,False
2998,1.3287344279695676,97.99021019291679,0.26468125232891604,False
2999,1.3287344279695676,97.997819975905,0.26532118655384757,False
3000,1.3287344279695676,98.00560032001829,0.26626981288826923,False
3001,1.3287344279695676,98.01354658773977,0.2662715431172885,False
3002,1.296460736137167,98.02165410124142,0.26606765970304636,False
3003,1.2583494426149708,98.02991814846176,0.26567600978492,False
3004,1.2132336634320215,98.0383339890956,0.2651139038419668,False
3005,1.1590956761386297,98.04689686048464,0.26439820365066746,False
3006,1.1655498193580116,98.05560198339741,0.26354539661840704,False
3007,1.1655498193580116,97.21117738016346,0.2142129972577592,False
3008,1.170377295621679,97.97879390324718,0.2550675912887236,False
3009,1.173589412323443,97.97879390324718,0.2606293768919102,False
3010,1.175193620727556,97.97879390324718,0.26109923540251645,False
3011,1.175193620727556,97.97879390324718,0.2703802423784582,False
3012,1.173589412323443,97.97879390324718,0.27882852084286286,False
3013,1.170377295621679,97.97879390324718,0.2984172056104582,False
3014,1.1655498193580116,97.97879390324718,0.3111898034278644,False
3015,1.1590956761386297,97.97879390324718,0.3229109885399009,False
3016,1.150999540671385,97.18908769604595,0.2931386733662049,False
3017,1.1412418450836315,98.08371990280538,0.3015355251263705,False
3018,1.129798482836793,98.09513383326947,0.3077677125057644,False
3019,1.0532169913190044,98.10655381944444,0.3131955316458723,False
3020,0.9432261548473415,98.12335322901544,0.31772452480295205,False
3021,0.9432261548473415,98.13472607120018,0.32245373792763876,False
3022,0.9432261548473415,98.13472607120018,0.3267945292260251,False
3023,0.9432261548473415,98.13472607120018,0.3307691970171743,False
3024,0.9432261548473415,98.13472607120018,0.3343977294797131,False
3025,0.9432261548473415,98.13472607120018,0.3376982087999667,False
3026,0.9432261548473415,98.13472607120018,0.34068714496522795,False
3027,0.9432261548473415,98.13472607120018,0.3425022866116157,False
3028,0.9432261548473415,97.3672990833511,0.31609691462142253,False
3029,0.9432261548473415,98.22532509059901,0.31422106391059773,False
3030,0.9432261548473415,97.87234042553192,0.3163193444747196,False
3031,0.9432261548473415,98.29917599830974,0.3107890765499038,False
3032,0.9432261548473415,98.29917599830974,0.3052118053947677,False
3033,0.9432261548473415,97.51214874286921,0.28764778924491463,False
3034,0.9288391461883214,98.3784069300655,0.2750464357576083,False
3035,0.9288391461883214,98.38056680161944,0.26218021461307783,False
3036,0.9288391461883214,98.38287628218548,0.24900877209516556,False
3037,0.9288391461883214,98.38533256940465,0.23548139999585405,False
3038,0.9288391461883214,98.38793282189509,0.22378788499977748,False
3039,0.9288391461883214,98.39067416309898,0.21811624708937152,False
3040,0.9288391461883214,98.39355368507493,0.20628170710070481,False
3041,0.9288391461883214,98.39656845222898,0.19508968569686205,False
3042,0.9288391461883214,98.39971550497866,0.1838622487543796,False
3043,0.9288391461883214,98.40299186334462,0.17286997294668843,False
3044,0.9127341558073343,98.40639453046451,0.27420029605932117,False
3045,0.8948692308065574,98.4099204960248,0.2688606499546196,False
3046,0.875195788740725,98.41356673960613,0.2637222055015048,False
3047,0.8536576732793313,98.41733023393837,0.25996065528495377,False
3048,0.8301899714180443,98.42120794806216,0.2562731459080047,False
3049,0.804717519321077,98.4251968503937,0.25266348516767984,False
3050,0.7771529943226336,98.42929391169034,0.2491369520927447,False
3051,0.7473944462440387,98.4334961079147,0.24569338223402498,False
3052,0.7473944462440387,98.42848135034195,0.2426840864203434,False
3053,0.7473944462440387,98.41872232764074,0.24025275366180576,False
3054,0.7473944462440387,98.4139378263628,0.2382086308288926,False
3055,0.7473944462440387,98.40928001566247,0.23653544104572358,False
3056,0.7473944462440387,98.40475138663918,0.23521672478712677,False
3057,0.7473944462440387,98.400354383029,0.23424783515013553,False
3058,0.7473944462440387,98.39609139811479,0.23346311262170116,False
3059,0.7473944462440387,98.10492029808024,0.22723572224614363,False
3060,0.7473944462440387,98.33193505403938,0.22722799659625584,False
3061,0.7473944462440387,98.29300875760724,0.22788758695343447,False
3062,0.7473944462440387,98.30861564406527,0.22813975580927812,False
3063,0.7473944462440387,98.30457912792721,0.22825276529358776,False
3064,0.7473944462440387,97.3918197984588,0.05647991094402773,False
3065,0.7473944462440387,98.24311724002551,0.05232212668193726,False
3066,0.7473944462440387,98.24980499219969,0.04869085492659497,False
3067,0.7473944462440387,98.25657416824059,0.04561643451223892,False
3068,0.7473944462440387,98.26342120454107,0.04311614815650595,False
3069,0.7473944462440387,98.27034258684122,0.041186973429629216,False
3070,0.7473944462440387,98.27733485193622,0.03964299096355563,False
3071,0.7473944462440387,98.28439458924447,0.03863698948344942,False
3072,0.7473944462440387,98.29151844223928,0.0381297669943558,False
3073,0.7473944462440387,98.29870310974759,0.038056547185567,False
3074,0.7473944462440387,98.30594534711965,0.038332426277451495,False
3075,0.7473944462440387,98.31324196727323,0.040536276297542126,False
3076,0.7473944462440387,98.32058984161661,0.043150618609115586,False
3077,0.7473944462440387,98.27704088609326,0.045958687597814706,False
3078,0.7473944462440387,98.29286105532226,0.049543084921067466,False
3079,0.7473944462440387,98.2905982905983,0.21796559532028723,False
3080,0.7473944462440387,98.28848617975471,0.21798273512352373,False
3081,0.7473944462440387,98.18573326613827,0.2204739297150968,False
3082,0.7153220528038851,98.34434048798386,0.32651596112971465,False
3083,0.6807937753703206,98.33495212987373,0.42967674410968576,False
3084,0.6436394131461666,98.32555970149254,0.4867654915726473,False
3085,0.603652249754401,98.31616574949437,0.5339739794810949,False
3086,0.560576942614533,98.30677290836654,0.5738539025212632,False
3087,0.5140912790181235,98.29738390166914,0.6148448252975754,False
3088,0.4637773498877516,98.28800154320987,0.6407535398096617,False
3089,0.40907313904382653,98.27862873814733,0.6642921665167545,False
3090,0.3491843735073079,98.26926848401648,0.685721991547978,False
3091,0.2829047929798921,98.25992387166939,0.7052332118462451,False
3092,0.208180945557171,98.2505980861244,0.7891190646525622,False
3093,0.12068101401352381,98.24129440731622,0.8000337129905424,False
3094,-0.0,98.23201621073962,0.8128850182879809,False
3095,-0.0,98.22276696797917,0.8193546527850938,False
3096,-0.0,98.21355024711697,0.825089012652177,False
3097,-0.0,98.20436971301054,0.8301297084568336,False
3098,-0.0,98.19522912743251,0.8345173824688669,False
3099,-0.0,97.32665436330082,0.8112221234855665,False
3100,-0.0,98.25680272108843,0.8560845884070197,False
3101,-0.0,98.06547619047619,0.8566414315083454,False
3102,-0.0,97.15732292600602,0.8575227691025414,False
3103,-0.0,96.94813409234662,0.811282508032581,False
3104,-0.0,97.12931261522255,0.7793111053379023,False
3105,-0.0,97.13157894736842,0.7476811055533867,False
3106,-0.0,97.13414313508966,0.721465510460328,False
3107,0.12068101401352381,97.04769909644884,0.7448276236465704,False
3108,0.208180945557171,97.1873852127827,0.7773983222237463,False
3109,0.2829047929798921,97.17349957734574,0.7868444399850797,False
3110,0.3491843735073079,97.15972554651349,0.8128580658173654,False
3111,0.40907313904382653,97.14606982223174,0.7981400601249226,False
3112,0.4637773498877516,96.26475502614133,0.7591612739640569,False
3113,0.5140912790181235,97.18967013888889,0.7870724444938836,False
3114,0.560576942614533,97.0964247020585,0.8090081328929464,False
3115,0.603652249754401,97.23634396971336,0.8340108962801784,False
3116,0.6436394131461666,97.22418766668481,0.8566958596444589,False
3117,0.6807937753703206,97.21218096177019,0.8663500928534322,False
3118,0.7153220528038851,97.20033066960595,0.888506232105778,False
3119,0.7473944462440387,97.18864367306199,0.9047818495330461,False
3120,0.7771529943226336,96.29567642956765,0.8871242629973709,False
3121,0.804717519321077,97.22752272982378,0.9076569166330308,False
3122,0.8301899714180443,96.32557621645697,0.8943445814029582,False
3123,0.8536576732793313,97.21117738016346,0.9058016304769492,False
3124,0.875195788740725,97.14066608238387,0.9179173145276573,False
3125,0.8948692308065574,97.27806150168423,0.9288121387710863,False
3126,0.9127341558073343,97.59140249500459,0.9349142709777346,False
3127,0.9127341558073343,98.52027866285036,0.897432875998392,False
3128,0.9127341558073343,98.52388620504563,0.8573667547457314,False
3129,0.9127341558073343,98.20719269994632,0.8361356372668707,False
3130,0.9127341558073343,98.47020933977456,0.7975623956655459,False
3131,0.9127341558073343,97.55134702587357,0.7984121367668034,False
3132,0.9127341558073343,98.40950058318312,0.7591036353245052,False
3133,0.9127341558073343,98.41420367736157,0.7181953658927903,False
3134,0.9127341558073343,98.41901371584127,0.6795602172012659,False
3135,0.9127341558073343,98.42392717815345,0.640969755118508,False
3136,0.9127341558073343,98.42894056847545,0.6026113833734096,False
3137,0.9127341558073343,98.20300867690096,0.5813325324071179,False
3138,0.9127341558073343,98.49535856370498,0.5398677000445505,False
3139,0.9127341558073343,98.42169162282477,0.5055391846418136,False
3140,0.9127341558073343,98.54505318081478,0.46087261022734244,False
3141,0.9127341558073343,98.54971343134812,0.415950933300916,False
3142,0.9127341558073343,98.55445544554455,0.4248543945547458,False
3143,0.9127341558073343,98.44323252354982,0.39861610901145644,False
3144,0.9127341558073343,98.51553966835468,0.36771721098468174,False
3145,0.9127341558073343,98.50864983098032,0.3392780297618744,False
3146,0.9127341558073343,98.5018913000199,0.313038992082373,False
3147,0.9127341558073343,98.49526656701545,0.28919115629552394,False
3148,0.9127341558073343,98.48877805486285,0.26793217851310125,False
3149,0.9127341558073343,98.48242811501598,0.24944571803614246,False
3150,0.9127341558073343,98.47621902478018,0.3341132127634422,False
3151,0.9127341558073343,98.47015298470153,0.32691894815300454,False
3152,0.9127341558073343,98.46423211605803,0.3216894013586827,False
3153,0.9127341558073343,98.31331331331332,0.32165028062594087,False
3154,0.9127341558073343,98.49789705587823,0.31899041477883633,False
3155,0.9127341558073343,98.48622464426279,0.3177545175449199,False
3156,0.9127341558073343,98.47452456015458,0.31739016655304475,False
3157,0.9127341558073343,98.46279975404796,0.3174202651695488,False
3158,0.9127341558073343,98.45105328376704,0.31751794650394916,False
3159,0.9127341558073343,98.43928831547186,0.3176658822039476,False
3160,0.9127341558073343,98.42750812454136,0.31785585584202675,False
3161,0.9127341558073343,98.41571609632446,0.3188882919941898,False
3162,0.9127341558073343,97.52606937646307,0.24178430849029262,False
3163,0.9127341558073343,98.45642619787759,0.24169810305568967,False
3164,0.9127341558073343,98.4513155779433,0.24164176451482436,False
3165,0.9127341558073343,98.44637308475302,0.2493685933438065,False
3166,0.9127341558073343,98.44160017137042,0.24955402622576475,False
3167,0.9127341558073343,98.43699818006637,0.24980426515528284,False
3168,0.8948692308065574,98.43256834109025,0.256699953464709,False
3169,0.875195788740725,98.42831177162408,0.25761717246626337,False
3170,0.8536576732793313,97.36897941862932,0.09953160756750819,False
3171,0.8301899714180443,98.42105263157895,0.1017941798184152,False
3172,0.9186594970880806,98.42105263157895,0.10398094902052363,False
3173,0.9727642516015449,98.42105263157895,0.1076524042991923,False
3174,1.0128030232541478,98.42105263157895,0.11110662631774242,False
3175,1.0429842335712594,98.42105263157895,0.11431655895371623,False
3176,1.0652163930664527,98.42105263157895,0.11729314031105957,False
3177,1.0805333164475432,98.42105263157895,0.1200456628404409,False
3178,1.0895209637560108,98.42105263157895,0.1225821349847745,False
3179,1.0895209637560108,98.42105263157895,0.12490956144914223,False
3180,1.0895209637560108,98.42105263157895,0.2566504492198278,False
3181,1.0924850533852573,98.2548270740505,0.26789259994339565,False
3182,1.0895209637560108,98.37485298834599,0.30359278010701113,False
3183,1.0805333164475432,98.36763279818985,0.3151577853875053,False
3184,1.0305279703180825,98.36047774158523,0.34962109466427893,False
3185,0.9752462395674342,98.08112836212553,0.3555943612568946,False
3186,0.9134853951751388,98.29902014752835,0.36597196080192634,False
3187,0.8431953160789711,98.28732956434985,0.3925157075354004,False
3188,0.8431953160789711,98.06757888857861,0.5173467608949962,False
3189,0.8431953160789711,98.22172200337647,0.5322516662597312,False
3190,0.8431953160789711,98.21398196972274,0.5442343526498503,False
3191,0.8431953160789711,98.20632925853992,0.5537384293270885,False
3192,0.8431953160789711,98.19876848708063,0.5613408162673027,False
3193,0.8431953160789711,98.19130434782609,0.5732057930929721,False
3194,0.8431953160789711,98.18394160583942,0.5755859441010851,False
3195,0.8431953160789711,98.17668509587108,0.5774185424228339,False
3196,0.8431953160789711,98.16953971921095,0.5789431807647129,False
3197,0.8793939303559065,98.1625104402816,0.5800575788958159,False
3198,0.9129467467841514,98.15560228296786,0.5808184381682032,False
3199,0.9440231356865455,98.14882032667876,0.5813744277386441,False
3200,0.9727642516015449,97.25284765791558,0.5372383160930424,False
3201,0.9992889743797904,97.8906058376257,0.5317989815749906,False
3202,1.0236982481827188,97.5962717684572,0.5127580351024907,False
3203,1.046078320219219,97.82928623988226,0.5060617866556673,False
3204,1.066503202885787,97.51103482099069,0.4830967191568471,False
3205,1.0850365744330073,97.7570780732933,0.4748190604122596,False
3206,1.1017332648846088,97.74592674261913,0.46679081985686793,False
3207,1.1166404295430465,97.47641798358447,0.4445609440755957,False
3208,1.129798482836793,96.55130466516636,0.28385012424351624,False
3209,1.1412418450836315,97.45138301727262,0.2539777467886737,False
3210,1.150999540671385,97.46956886730227,0.22639482731375943,False
3211,1.1590956761386297,97.48779616621026,0.20102531828518339,False
3212,1.1655498193580116,97.50605756160984,0.1776580191501046,False
3213,1.170377295621679,97.36595095623606,0.13186380612842205,False
3214,1.173589412323443,97.60088511034763,0.11832001678401839,False
3215,1.175193620727556,97.60088511034763,0.10600506454589476,False
3216,1.175193620727556,97.60088511034763,0.09421556168786291,False
3217,1.173589412323443,97.60088511034763,0.08391662236418411,False
3218,1.170377295621679,97.60088511034763,0.07494959048771765,False
3219,1.1655498193580116,97.60088511034763,0.06567651160358431,False
3220,1.1590956761386297,97.60088511034763,0.05757681631161363,False
3221,1.2132336634320215,97.60088511034763,0.05079254884650644,False
3222,1.2132336634320215,97.60088511034763,0.04545311838219509,False
3223,1.3115480081532747,97.60088511034763,0.04162311935410372,False
3224,1.37604685043673,97.60088511034763,0.0645106118861743,False
3225,1.4270950837072722,97.60088511034763,0.06670529081948884,False
3226,1.4689801899821937,97.60088511034763,0.07031794770512423,False
3227,1.5037063976523952,97.60088511034763,0.07500000284348232,False
3228,1.532425056661844,97.60088511034763,0.08042116105897712,False
3229,1.5558688644426564,97.60088511034763,0.08629968145924118,False
3230,1.5745303850272303,97.60088511034763,0.09240738465936157,False
3231,1.5887486809762699,97.60088511034763,0.26376916919120624,False
3232,1.5987557971964095,97.60088511034763,0.3967911111840333,False
3233,1.6262027448610965,97.60088511034763,0.46832127051041816,False
3234,1.6507798552739716,97.60088511034763,0.5278947266500387,False
3235,1.672644577418669,97.60088511034763,0.5792293515096198,False
3236,1.6919251541525266,97.60088511034763,0.6242989691017856,False
3237,1.7087264489760452,97.60088511034763,0.6643600273954287,False
3238,1.7231341534877576,97.60088511034763,0.7002974698984936,False
3239,1.735217874109782,97.60088511034763,0.7327908776160383,False
3240,1.689039280297612,97.60088511034763,0.7621875170125153,False
3241,1.6291708748965217,97.60088511034763,0.7888311273549633,False
3242,1.6434354627887175,97.60088511034763,0.8129947464644915,False
3243,1.6552122965826201,97.60088511034763,0.8349007640822841,False
3244,1.6645637133990887,97.3718174351754,0.919971746726083,False
3245,1.6645637133990887,97.50605756160984,0.9374538747909297,False
3246,1.6645637133990887,97.48779616621026,0.9524887076842341,False
3247,1.6645637133990887,97.46956886730227,0.9653112401577576,False
3248,1.6645637133990887,97.45138301727262,0.9761294257347557,False
3249,1.6606117323980503,97.43324615291041,0.9851303688864326,False
3250,1.6539975862548617,97.41516599289477,0.9924850345292371,False
3251,1.6539975862548617,96.4596349381355,0.96799108984467,False
3252,1.6539975862548617,96.2005797816567,0.9271923747094412,False
3253,1.6539975862548617,96.36691094274003,0.9097835564930331,False
3254,1.6539975862548617,96.3484024260614,0.882742493564199,False
3255,1.6539975862548617,96.33010197658315,0.8555304779176456,False
3256,1.6539975862548617,96.31202078448767,0.8280715341241277,False
3257,1.6539975862548617,96.29417017476719,0.8004274764447712,False
3258,1.6638424053060785,96.27656159722667,0.7726669847085603,False
3259,1.6711794721591111,96.25920661584183,0.7448668641132092,False
3260,1.6760491116174838,96.24211689747091,0.7171135384085936,False
3261,1.6784774927837167,96.2253041999215,0.689504810450763,False
3262,1.6784774927837167,96.20878035937602,0.6626288583616535,False
3263,1.738345898184807,96.19255727718183,0.6367016527346411,False
3264,1.7845244919969772,95.25228446563369,0.5057589421684301,False
3265,1.8212745871349978,96.10647596344855,0.4745034480736095,False
3266,1.8505696787978732,96.10647596344855,0.5001674314286256,False
3267,1.873524686919696,96.10647596344855,0.4744525487712208,False
3268,1.8908286725409411,96.10647596344855,0.45091925231711794,False
3269,1.9029213083046062,96.10647596344855,0.4337053387894142,False
3270,1.9100766720859634,96.10647596344855,0.4490806640668601,False
3271,1.9124457035653704,96.10647596344855,0.43945215365538576,False
3272,1.9100766720859634,96.10647596344855,0.4312365161166366,False
3273,1.902921308304606,95.74368880303737,0.39821764564876083,False
3274,1.8908286725409411,95.98686855152084,0.38656366921682545,False
3275,1.873524686919696,95.97062192574624,0.37626290182904293,False
3276,1.8505696787978732,95.95473641414826,0.3669390469883964,False
3277,1.8212745871349976,95.93922463718744,0.3586555100358022,False
3278,1.7845244919969772,95.9240991916701,0.3514679496026114,False
3279,1.738345898184807,95.9093726327388,0.34542102521663887,False
3280,1.678477492783717,95.89505745535097,0.3405451707009422,False
3281,1.584576851106354,95.88116607528003,0.33685367985038733,False
3282,1.584576851106354,95.86771080967696,0.3333941603288911,False
3283,1.583393820970492,95.85470385723319,0.3300630631207319,False
3284,1.5822671693137729,95.84215727798956,0.32705969559295905,False
3285,1.578882083461779,95.83008297283881,0.32458056954030634,False
3286,1.5732230293875173,94.98504060407465,0.226858319325486,False
3287,1.565263635906296,95.91471703512914,0.23137119902342254,False
3288,1.554965937118681,95.9274078308088,0.235868526102128,False
3289,1.542279235137156,95.6923076923077,0.23294245080593629,False
3290,1.5352702332191592,95.17039365578339,0.16408177925648465,False
3291,1.5253874232579385,95.59945795592326,0.15589208009844846,False
3292,1.5125568756434098,95.6147220046985,0.15042362444480345,False
3293,1.4966777416164074,95.63055062166963,0.14751477354250467,False
3294,1.4776169519137876,95.64693371144985,0.14686763318846527,False
3295,1.4552013979602212,95.66386079083257,0.14624879855692474,False
3296,1.429206268217279,95.68132100769176,0.1473436512065162,False
3297,1.3993371806574677,95.69930316041388,0.14828417088074522,False
3298,1.3652016755898781,95.71779571779572,0.15042819421471337,False
3299,1.3262610770456722,95.73678683934197,0.1534342625053999,False
3300,1.2817425764699486,95.75626439589585,0.1565846352112169,False
3301,1.2817425764699486,95.7762159905365,0.15888074730319715,False
3302,1.2817425764699486,95.79662897967677,0.1606934291148737,False
3303,1.3262610770456722,95.81749049429658,0.16178901992742972,False
3304,1.3652016755898781,95.83878746124698,0.16226469821021616,False
3305,1.3652016755898781,95.86050662456236,0.1618007642309585,False
3306,1.3634806730596907,95.71164763012106,0.16286574719813202,False
3307,1.360034097940745,95.9528514001499,0.15693783605534914,False
3308,1.3914372992027793,95.94862335177973,0.15104332444209614,False
3309,1.4184645038322823,95.94492773477636,0.1451956463545507,False
3310,1.4184645038322823,95.94177023964842,0.13940980114990897,False
3311,1.4184645038322823,95.93915617041779,0.13370359428612133,False
3312,1.441499001640642,95.93709043250328,0.19074865801685764,False
3313,1.4608248015713592,95.93557752125527,0.18606336435936685,False
3314,1.4766549183659508,95.93462151118499,0.18144342163562382,False
3315,1.489148966540959,95.93422604593076,0.17688353749226166,False
3316,1.4984244813325356,95.93439432900132,0.1723767335885503,False
3317,1.5045643034921028,95.93512911533375,0.17983773470084538,False
3318,1.5076213244090613,95.93643270370112,0.17841105736233384,False
3319,1.5076213244090613,95.9383069300021,0.1774233960784889,False
3320,1.5045643034921028,95.94075316146161,0.17721878024642532,False
3321,1.4852837267582453,95.94377229176865,0.17842266169740456,False
3322,1.477322818602089,95.94736473717366,0.26171871125873597,False
3323,1.4660741214574513,95.95153043356447,0.2653774012827519,False
3324,1.4660741214574513,95.9562688345364,0.2687013428047994,False
3325,1.4660741214574513,95.96157891046764,0.27169863970162256,False
3326,1.4660741214574513,95.9674591486079,0.2743776902592922,False
3327,1.4766549183659508,95.97390755418391,0.2767469056556195,False
3328,1.498941259446481,95.98092165252157,0.2788144472247173,False
3329,1.5184387137728148,95.98849849218038,0.3479766534873256,False
3330,1.5352702332191592,95.99663464909206,0.48999791451150054,False
3331,1.5495348211113549,96.00532623169107,0.5955971177375855,False
3332,1.5613116549052575,95.29048987315159,0.601078664085387,False
3333,1.570663071721726,95.91421963697526,0.6200516720236187,False
3334,1.577636732431408,95.91421963697526,0.6357450164027144,False
3335,1.5822671693137729,95.91421963697526,0.6486106058858133,False
3336,1.584576851106354,95.91421963697526,0.6590258474921508,False
3337,1.584576851106354,95.65370526908988,0.6645371637934985,False
3338,1.582267169313773,95.80884955752212,0.6758887182407963,False
3339,1.577636732431408,95.78827546955037,0.6793638723203249,False
3340,1.570663071721726,95.76810350990064,0.6869593513758128,False
3341,1.5613116549052575,95.74834817581154,0.6869896979061928,False
3342,1.5495348211113549,95.03016374604998,0.6597139236453312,False
3343,1.5352702332191592,95.64062051134731,0.6597252091917786,False
3344,1.5184387137728148,95.64062051134731,0.6580071037465406,False
3345,1.498941259446481,95.64062051134731,0.6564374829033396,False
3346,1.4766549183659508,95.64062051134731,0.6550435234801634,False
3347,1.4514270347987221,95.64062051134731,0.6538527996056296,False
3348,1.4230670603378361,95.64062051134731,0.6528482059457756,False
3349,1.3913345861436042,94.86977111286504,0.618734514391538,False
3350,1.3559212235520337,94.22400803616273,0.5137566163950917,False
3351,1.3559212235520337,94.19530745497596,0.38677646095932394,False
3352,1.3559212235520337,94.91999712994188,0.35145815206900327,False
3353,1.3559212235520337,94.93860651056539,0.31793302530371054,False
3354,1.3559212235520337,94.95774447837512,0.2867951107644365,False
3355,1.3559212235520337,94.97739474427804,0.2583969837558237,False
3356,1.3559212235520337,94.99754092601701,0.25576675533734694,False
3357,1.3559212235520337,95.01816657350476,0.24298391672638636,False
3358,1.3559212235520337,94.89335093448204,0.22097464204527992,False
3359,1.3559212235520337,95.0884222160818,0.2235455206605441,False
3360,1.3559212235520337,94.913040489448,0.21302139765363404,False
3361,1.3559212235520337,95.1983584131327,0.22417570017898036,False
3362,1.3424256522693587,95.2199632827905,0.2347080817305835,False
3363,1.3270089026073437,95.1000270343336,0.24105002523498378,False
3364,1.3270089026073437,95.2844763887956,0.2524731842291618,False
3365,1.3270089026073437,95.2844763887956,0.25318629031325124,False
3366,1.3022504881911108,95.2844763887956,0.25908032560032773,False
3367,1.2722864781512913,95.2844763887956,0.26398275311326763,False
3368,1.2363772403452271,95.2844763887956,0.2680687933275199,False
3369,1.2363772403452271,95.2844763887956,0.27117403605034934,False
3370,1.2363772403452271,95.2844763887956,0.29549964816732116,False
3371,1.222731822382257,95.2844763887956,0.2962414572610393,False
3372,1.222731822382257,95.2844763887956,0.2971297404702661,False
3373,1.222731822382257,95.2844763887956,0.2987074896016168,False
3374,1.222731822382257,95.2844763887956,0.30043437741233825,False
3375,1.222731822382257,95.2844763887956,0.3025008145695907,False
3376,1.222731822382257,94.63290118895681,0.28621324441381224,False
3377,1.222731822382257,95.39866998051991,0.2835118826150293,False
3378,1.222731822382257,95.42056074766356,0.27981113432589455,False
3379,1.222731822382257,95.44278606965175,0.27493860943579257,False
3380,1.222731822382257,95.46533087266016,0.27082755154386773,False
3381,1.222731822382257,95.48818021085718,0.26864990919961035,False
3382,1.180846716107336,95.51131928181108,0.28416600919490165,False
3383,1.180846716107336,95.53473344103392,0.39101934619139717,False
3384,1.1665620111568704,95.5584082156611,0.46927743323530346,False
3385,1.1017332648846088,95.32782157277447,0.5120194290768996,False
3386,1.0239228180015463,95.50166368057333,0.5596443104921641,False
3387,0.9127341558073343,95.50303417438518,0.5968786515095178,False
3388,0.8948692308065574,95.50497322111706,0.6275323833171002,False
3389,0.8948692308065574,95.5074769328667,0.6533615729626682,False
3390,0.8948692308065574,94.78738863966639,0.6658153518364929,False
3391,0.8948692308065574,95.46452543755098,0.6651369960546785,False
3392,0.8948692308065574,95.4910630877499,0.6797087366758462,False
3393,0.9127341558073343,95.5177743431221,0.6928380845459945,False
3394,0.9288391461883214,95.54464559680883,0.7047097347907076,False
3395,0.9432261548473415,95.57166351952245,0.7153504248047172,False
3396,0.9559312637896478,95.59881506559458,0.7245226329430826,False
3397,0.9669852958320848,95.62608747825044,0.7325306372322705,False
3398,0.976414308115487,95.65346829413517,0.7394333280352197,False
3399,0.9842399889605549,95.68094534711965,0.7452855081014244,False
3400,0.9904799742690308,95.71436946708097,0.75002282199349,False
3401,0.995148095654003,95.74195800127974,0.7467578685939669,False
3402,0.9982545693874831,95.97292136781809,0.7461148505679689,False
3403,0.999806132804711,96.71353353005844,0.7000404490163152,False
3404,0.999806132804711,96.72292220552538,0.6529478163252158,False
3405,0.9982545693874831,96.48267456033432,0.625859887616208,False
3406,0.995148095654003,96.64296538058049,0.5863951463472753,False
3407,0.9904799742690308,96.62637878432292,0.5505709083207656,False
3408,0.9842399889605549,96.60406331207182,0.5226925869002284,False
3409,1.0844863484244938,96.58780168826537,0.49491942877957995,False
3410,1.0757143856082798,96.57173626899605,0.4634809077190778,False
3411,1.0652996405533381,95.76488859685801,0.47229549715105723,False
3412,1.0532169913190046,96.48181276088253,0.45718930876686925,False
3413,1.0394364783172854,96.4942562942682,0.44175242789006264,False
3414,1.0239228180015463,96.50706902696923,0.42689557172480186,False
3415,1.006634797484697,96.52024423498726,0.41260237880750744,False
3416,0.9875245214535493,96.53377499112742,0.3991281623548154,False
3417,0.9665364727522964,96.54765417527294,0.3863067533766843,False
3418,0.9436063339556555,96.56187448486989,0.37414234924118306,False
3419,0.9186594970880806,96.57642844559281,0.3626300557769137,False
3420,0.8916091590804429,96.59130842216236,0.35177110150800556,False
3421,0.8623538561746378,96.15676654401028,0.35672255108723716,False
3422,0.830774222099454,96.703552708212,0.3578184115733121,False
3423,0.7967286463062392,96.703552708212,0.3502449441827097,False
3424,0.7600473303889541,96.703552708212,0.3451670079134169,False
3425,0.7600473303889541,96.703552708212,0.3424129927761045,False
3426,0.7600473303889541,96.703552708212,0.3417708130566502,False
3427,0.7600473303889541,96.703552708212,0.3429996572279965,False
3428,0.7600473303889541,95.97553873034363,0.337005791083457,False
3429,0.7600473303889541,96.8025626092021,0.3357101747805432,False
3430,0.7600473303889541,96.36490331571918,0.3437038247058616,False
3431,0.7600473303889541,96.90285978927868,0.3401869799759599,False
3432,0.720523936685393,96.90285978927868,0.3381700826206613,False
3433,0.720523936685393,96.90285978927868,0.33795940763734983,False
3434,0.720523936685393,96.90285978927868,0.3382146979147999,False
3435,0.720523936685393,96.90285978927868,0.33888460281963856,False
3436,0.720523936685393,96.90285978927868,0.34030625264729064,False
3437,0.720523936685393,96.90285978927868,0.34217408180015474,False
3438,0.720523936685393,96.90285978927868,0.34446241008049827,False
3439,0.720523936685393,96.90285978927868,0.34598250737442776,False
3440,0.720523936685393,96.90285978927868,0.3461454463070462,False
3441,0.720523936685393,96.90285978927868,0.3456458137833278,False
3442,0.720523936685393,96.15028366330903,0.32590136390474317,False
3443,0.720523936685393,97.00127359036702,0.3191759536108498,False
3444,0.720523936685393,97.01973419250906,0.3119573452581281,False
3445,0.677903479475398,97.03830760434533,0.3042321354862626,False
3446,0.6318640827062832,97.0569853985569,0.29598302846183167,False
3447,0.5819881552488824,97.0757592864401,0.28718798674722196,False
3448,0.5277139815252946,97.09462112288968,0.27781908671032196,False
3449,0.46824757305098735,97.11356291095508,0.26706964303690783,False
3450,0.4023829390456117,97.13257680597842,0.25809878326006086,False
3451,0.3280668831792932,97.15165511932256,0.24779186273303094,False
3452,0.3280668831792932,97.17079032169971,0.23729464603429393,False
3453,0.3280668831792932,97.18997504611045,0.28718345598603345,False
3454,0.4023829390456117,97.20920209040462,0.2769638639900492,False
3455,0.46824757305098735,97.22846441947566,0.2662089759291631,False
3456,0.5277139815252946,97.24775516710058,0.2548929520588923,False
3457,0.6459247868864254,97.267067637438,0.24298110026558528,False
3458,0.7309107053286835,97.28639530619729,0.23042679686221396,False
3459,0.8030751519901475,97.30573182149173,0.21902180804914076,False
3460,0.8667482733828356,97.28153317362775,0.2742640746642475,False
3461,0.9239817566184623,97.28362877997914,0.268958539370236,False
3462,0.9759799959168378,97.14807090719499,0.26869198816876955,False
3463,1.023535288981648,97.21584984358707,0.2671698609571422,False
3464,1.0672075588204966,97.21584984358707,0.2726882489615314,False
3465,1.107412493857309,97.21584984358707,0.27464831732948447,False
3466,1.1444699480850862,97.21584984358707,0.27742366515330796,False
3467,1.1786327556040639,97.21584984358707,0.2784637497092141,False
3468,1.2101049615746748,97.21584984358707,0.2852101533719796,False
3469,1.2101049615746748,97.1584984358707,0.29318685070378175,False
3470,1.1267251857192597,97.28362877997914,0.2994881108468143,False
3471,1.1538530565800798,97.26379917021166,0.306872152057015,False
3472,1.1787269834988532,97.24396953025814,0.3150791229684829,False
3473,1.2014461200230289,96.38700804062633,0.270392375754589,False
3474,1.2220947914756688,97.1540414727042,0.28098636372169766,False
3475,1.2407449439357603,97.1540414727042,0.29146466049488434,False
3476,1.2574580300524587,97.1540414727042,0.30181584680357654,False
3477,1.2722864781512913,97.1540414727042,0.31202960346446407,False
3478,1.2852748466470731,97.1540414727042,0.3220964055933365,False
3479,1.296460736137167,97.1540414727042,0.3220935279829286,False
3480,1.305875511291131,96.39229792636479,0.2695180137882179,False
3481,1.3135448704851067,97.23338975878121,0.28000476423351806,False
3482,1.3194892909924263,97.24872186791757,0.2968366269805928,False
3483,1.3237243701143493,97.2642302037387,0.29661637585228384,False
3484,1.3262610770456722,96.8771250719255,0.30674256952066153,False
3485,1.3271059259290725,97.3582742809504,0.3180857498948299,False
3486,1.3262610770456722,97.37754099208607,0.3231657472289529,False
3487,1.3237243701143493,97.32491271308277,0.33494303654733126,False
3488,1.3194892909924263,97.4619030630447,0.3731796788426621,False
3489,1.3135448704851067,97.4772854169839,0.3673671683375126,False
3490,1.305875511291131,97.49279684577668,0.3911307133918991,False
3491,1.296460736137167,97.50843106659285,0.40857929505702123,False
3492,1.2852748466470731,97.52418182729414,0.4228237635232517,False
3493,1.2722864781512913,97.54004291203034,0.43450365205111463,False
3494,1.2574580300524587,97.55600814663951,0.4438811935955687,False
3495,1.2407449439357603,97.5720714038471,0.4505010375568247,False
3496,1.2220947914756688,97.58822660825909,0.45549522138623977,False
3497,1.2014461200230289,97.60446774114534,0.4590377785447467,False
3498,1.1787269834988532,97.62078884501,0.461171441961469,False
3499,1.1538530565800798,97.25025596021646,0.4691660549914738,False
3500,1.1267251857192597,97.24050509482717,0.47610661820644573,False
3501,1.0972261621017099,97.62566427770464,0.47591221454231036,False
3502,1.0652163930664527,97.73931644708055,0.4706936242923332,False
3503,1.0305279703180825,97.39413680781759,0.47506434056987884,False
3504,0.9929563290994998,97.79279498274101,0.46836250073949853,False
3505,1.0032709271829536,97.78951960831839,0.46215993319218573,False
3506,1.006661191043945,97.71881494369532,0.4591883358760174,False
3507,1.0032709271829536,97.82702963141412,0.4509533593452495,False
3508,0.9929563290994997,98.21729703685858,0.41606642535501664,False
3509,0.9752462395674342,97.36930860033726,0.4166625305034249,False
3510,0.9134853951751389,98.14502529510962,0.38865592458858916,False
3511,0.8431953160789711,98.14502529510962,0.4016156541984261,False
3512,0.7600473303889541,98.14502529510962,0.37933099722345975,False
3513,0.7600473303889541,98.14502529510962,0.3580639212191281,False
3514,0.7600473303889541,98.14502529510962,0.3378804681694913,False
3515,0.7600473303889541,98.14502529510962,0.31982786808564795,False
3516,0.7600473303889541,98.14502529510962,0.3045063079501367,False
3517,0.7600473303889541,98.14502529510962,0.2894965439055122,False
3518,0.720523936685393,98.14502529510962,0.30353534330147325,False
3519,0.677903479475398,98.14502529510962,0.4213035172489187,False
3520,0.6318640827062832,98.14502529510962,0.434472256485098,False
3521,0.5819881552488824,98.14502529510962,0.4464524767090451,False
3522,0.5277139815252946,98.14502529510962,0.4573378131767604,False
3523,0.5277139815252946,98.14502529510962,0.5905919971184169,False
3524,0.5277139815252946,98.14502529510962,0.5957725981274387,False
3525,0.5819881552488824,98.14502529510962,0.600441066456543,False
3526,0.6318640827062832,98.14502529510962,0.6046185546105813,False
3527,0.7491906195671483,97.74454285852572,0.6090815086076733,False
3528,0.8332754212522386,98.08449608634352,0.6130383112250078,False
3529,0.9045212482956251,98.07607793349284,0.6165696928300443,False
3530,0.8513226827573213,98.06777499877397,0.634491149526418,False
3531,0.8513226827573213,97.22916973174439,0.6130882454147086,False
3532,0.8513226827573213,97.98440488450787,0.6282337038295803,False
3533,0.8513226827573213,97.98440488450787,0.6428636383247682,False
3534,0.8513226827573213,97.98440488450787,0.6569893689965782,False
3535,0.8513226827573213,97.98440488450787,0.6706546579139215,False
3536,0.8513226827573213,97.8750741253212,0.6831260391628556,False
3537,0.8513226827573213,97.918637653737,0.6955914781178267,False
3538,0.8513226827573213,97.45487274363718,0.6956792150045552,False
3539,0.8513226827573213,96.64483224161208,0.6384775505231504,False
3540,0.8513226827573213,97.38486924346218,0.6267095157542041,False
3541,0.8513226827573213,97.38486924346218,0.6247725722535598,False
3542,0.8513226827573213,97.38486924346218,0.6233691732187981,False
3543,0.8513226827573213,96.20926846412613,0.495636018268279,False
3544,0.8513226827573213,97.39375913696628,0.5030732761580573,False
3545,0.8513226827573213,97.39375913696628,0.5109071269024414,False
3546,0.8513226827573213,97.39375913696628,0.5190685339845679,False
3547,0.8513226827573213,97.39375913696628,0.5272984103686102,False
3548,0.8513226827573213,97.39375913696628,0.5356260151561643,False
3549,0.8513226827573213,97.39375913696628,0.5432535396782726,False
3550,0.8513226827573213,97.01567777385694,0.5319881941963627,False
3551,0.8513226827573213,97.41896456117357,0.5382186188383412,False
3552,0.8513226827573213,98.24383825092363,0.5262689853191109,False
3553,0.8513226827573213,98.24383825092363,0.5204122262157848,False
3554,0.8513226827573213,98.24383825092363,0.5121387240049036,False
3555,0.8513226827573213,98.24383825092363,0.5032145530225383,False
3556,0.8513226827573213,98.24383825092363,0.4936075155978445,False
3557,0.8513226827573213,98.24383825092363,0.4832827958170129,False
3558,0.8513226827573213,98.24383825092363,0.46917672290684226,False
3559,0.8513226827573213,98.24383825092363,0.45277535349033915,False
3560,0.8513226827573213,97.42904673085648,0.4509606272974963,False
3561,0.8513226827573213,98.18245719736908,0.46286100663862206,False
3562,0.8513226827573213,98.19990999549978,0.44855224071453553,False
3563,0.8513226827573213,97.84892695314446,0.4475636013109038,False
3564,0.8513226827573213,98.27953790470524,0.4281411414877019,False
3565,0.8513226827573213,98.27953790470524,0.4087238010748734,False
3566,0.8028116417452926,98.27953790470524,0.3893252857996073,False
3567,0.7498765864518436,98.27953790470524,0.370233913489685,False
3568,0.6917244835981394,98.27953790470524,0.35082818338107563,False
3569,0.6271502454482835,98.27953790470524,0.33534942040145616,False
3570,0.5541015302865538,98.27953790470524,0.32468314402377735,False
3571,0.5541015302865538,98.27953790470524,0.31506023217452284,False
3572,0.5541015302865538,97.52590609350985,0.3109104212324338,False
3573,0.5541015302865538,98.37869998512569,0.2964318129898978,False
3574,0.5541015302865538,98.39561633015748,0.2855761973048762,False
3575,0.5541015302865538,98.41254238954146,0.27601759800607967,False
3576,0.5541015302865538,98.42947306619698,0.2678674041397667,False
3577,0.5541015302865538,98.44640335070375,0.26122121206264,False
3578,0.5541015302865538,98.34896443923408,0.2631440606384447,False
3579,0.5541015302865538,97.95330207112153,0.2691221919004398,False
3580,0.6131379016405238,98.30500195388824,0.2753078811553639,False
3581,0.6669740736911406,97.4767854538383,0.23625136013183415,False
3582,0.7391385203526044,98.24850009676796,0.24622858023313646,False
3583,0.8028116417452926,98.26664740719342,0.2542593999645704,False
3584,0.8600451249809193,98.28478344193178,0.2620920719685501,False
3585,0.9120433642792949,98.30290317967298,0.26970400441686304,False
3586,0.9120433642792949,98.32100170745589,0.27708012639383733,False
3587,0.9120433642792949,98.33907422262068,0.28421160655515504,False
3588,0.9080831196860789,98.05670296657905,0.29176033513428584,False
3589,0.8959704136014894,98.42648363449597,0.2960221211023112,False
3590,0.8749177494187964,98.46773446903065,0.2980801854237702,False
3591,0.8431953160789711,98.48512754397274,0.30084427926836,False
3592,0.8793939303559065,98.50247298039935,0.30183314835075337,False
3593,0.8793939303559065,98.51976680633996,0.3023164669760145,False
3594,0.8793939303559065,98.53700516351118,0.30284410084510144,False
3595,0.8793939303559065,98.55418430772002,0.30280709797868854,False
3596,0.8793939303559065,98.57130060910067,0.30222442750309986,False
3597,0.8793939303559065,98.58835055219095,0.30111487134812903,False
3598,0.8793939303559065,98.60533073585407,0.299497146228822,False
3599,0.8793939303559065,98.6222378730522,0.2969642303462914,False
3600,0.8793939303559065,98.63906879047786,0.29403082022719124,False
3601,0.8793939303559065,98.65582042804942,0.2907471308530223,False
3602,0.8793939303559065,98.67248983827726,0.28713177763286607,False
3603,0.8793939303559065,98.68907418550675,0.2845666594492498,False
3604,0.8793939303559065,98.70557074504443,0.2815818724222823,False
3605,0.8793939303559065,98.7219769021739,0.27816076934078665,False
3606,0.8793939303559065,98.7382901510676,0.27428413248116723,False
3607,0.8793939303559065,98.7545080936006,0.2699296815220173,False
3608,0.8793939303559065,98.77062843807302,0.2650714451285003,False
3609,0.8793939303559065,98.78664899784661,0.2599204349062739,False
3610,0.8793939303559065,98.80256768990206,0.2553319390433948,False
3611,0.8793939303559065,98.81838253332243,0.24789023018623027,False
3612,0.8793939303559065,98.8340916477088,0.24606227931898084,False
3613,0.8793939303559065,98.84969325153374,0.24365411647720686,False
3614,0.8793939303559065,98.86518566043789,0.2407242355929674,False
3615,0.8793939303559065,98.88056728547527,0.23732466813086697,False
3616,0.8793939303559065,98.89583663131233,0.27339790722009744,False
3617,0.8793939303559065,98.9109922943859,0.27149414584600157,False
3618,0.8793939303559065,98.92603296102476,0.269098287401718,False
3619,0.9943533402865056,98.9409574055396,0.26674868781291305,False
3620,1.076022619798413,98.95576448828606,0.2639514085162865,False
3621,1.1448025073660157,98.97045315370484,0.2598311942338778,False
3622,1.2050203043653231,98.98502242834334,0.2572610196934207,False
3623,1.2587246698311274,98.9994714188628,0.25394166256985684,False
3624,1.3071167709064087,99.0137993100345,0.24998494152064232,False
3625,1.350985461353789,99.02800536272903,0.24549221815432604,False
3626,1.3908869834562507,99.04208891190177,0.24055645369283815,False
3627,1.427233085864218,99.05604936457797,0.23526379121379956,False
3628,1.4603393987966542,99.06988619784067,0.2789403765073938,False
3629,1.4603393987966542,99.0835989568241,0.27519575213930775,False
3630,1.4603393987966542,99.09718725271563,0.2765125283599254,False
3631,1.4603393987966542,99.03921708693478,0.2794522967407269,False
3632,1.4603393987966542,99.14881543481344,0.27805646610812984,False
3633,1.4603393987966542,99.14881543481344,0.27664940092011303,False
3634,1.4603393987966542,99.14881543481344,0.27524925199355443,False
3635,1.4603393987966542,99.14881543481344,0.27387230565356285,False
3636,1.4603393987966542,98.2927351953711,0.23248867086418945,False
3637,1.4603393987966542,99.16552765988058,0.27413557731549304,False
3638,1.4603393987966542,99.16229237074855,0.27101141024507275,False
3639,1.4603393987966542,99.15912031047866,0.26838727071212065,False
3640,1.4603393987966542,99.15601206723171,0.26621543577777407,False
3641,1.383135447570893,99.12066614026273,0.26532578490730424,False
3642,1.2725381154419293,99.18226812997632,0.262862084245292,False
3643,1.2406030082663506,99.16946520781426,0.26113927472757004,False
3644,1.2057219651274376,99.15654766232822,0.2594891310672364,False
3645,1.1676444621356104,99.1435159767212,0.2584129371359664,False
3646,1.1260528027543955,99.13037069791436,0.2577087006214018,False
3647,1.114696123966521,99.11711243832771,0.25735037155948004,False
3648,1.0972261621017099,98.34939129135857,0.20281584898162977,False
3649,1.0730208202534555,99.14664862223225,0.2016117175643706,False
3650,1.041018523939755,99.30453742340514,0.19349453412279854,False
3651,0.9727642516015449,99.29614773329297,0.18648522305430548,False
3652,0.8916091590804429,99.28770045328153,0.18059582181834774,False
3653,0.7771529943226336,99.27919638064566,0.17576658506028434,False
3654,0.7771529943226336,99.27063636012812,0.17196666093921262,False
3655,0.7771529943226336,99.26202128485978,0.16915544717633452,False
3656,0.8916091590804429,99.25335209725968,0.1672834596310922,False
3657,0.9727642516015449,98.42461201673117,0.07032140886826437,False
3658,0.9992889743797904,99.18298737344122,0.22908823485571686,False
3659,0.9992889743797904,99.18298737344122,0.23194335664331556,False
3660,0.9992889743797904,99.18298737344122,0.234514199318003,False
3661,0.9992889743797904,99.18298737344122,0.2434064927015181,False
3662,0.9992889743797904,99.18298737344122,0.24749862248911697,False
3663,1.0236982481827188,99.18298737344122,0.3450236150830529,False
3664,1.046078320219219,99.10967538606997,0.41419939274247164,False
3665,1.066503202885787,99.13057286910953,0.4149862167750502,False
3666,1.0850365744330073,99.1198591774684,0.4154563072281528,False
3667,1.1017332648846088,99.10905059463818,0.4156602050303917,False
3668,1.1166404295430465,99.09814754631134,0.4158456562633671,False
3669,1.129798482836793,99.08715051782717,0.42271331973673965,False
3670,1.1412418450836315,99.07606005609635,0.4226216778613177,False
3671,1.150999540671385,99.064876771539,0.46545230949073296,False
3672,1.1590956761386297,99.0536013400335,0.4655220425587103,False
3673,1.1655498193580116,99.0422345048732,0.46543407643312307,False
3674,1.170377295621679,99.03077707872811,0.46520138618726675,False
3675,1.173589412323443,99.01922994560795,0.46484653211344923,False
3676,1.175193620727556,99.00759406282361,0.4643731002021875,False
3677,1.175193620727556,98.99587046294283,0.4637886949316368,False
3678,1.173589412323443,98.11780047815692,0.4088242130753386,False
3679,1.170377295621679,98.904585959574,0.4076220911397033,False
3680,1.173589412323443,98.904585959574,0.40585742375093625,False
3681,1.175193620727556,98.76510772464529,0.4003334792340289,False
3682,1.175193620727556,98.83541400149984,0.39762037948608053,False
3683,1.173589412323443,97.95756319202435,0.3165095129216821,False
3684,1.170377295621679,97.9663858132251,0.28613787157615767,False
3685,1.1655498193580116,98.83100269089947,0.28532857608422435,False
3686,1.1590956761386297,98.84393063583815,0.34928966501142134,False
3687,1.150999540671385,98.85677026733319,0.34960035123301386,False
3688,1.1412418450836315,98.86952019330342,0.3501973495092239,False
3689,1.129798482836793,98.58177429088714,0.3425228798930151,False
3690,1.129798482836793,98.87175953836879,0.34357335097170055,False
3691,1.129798482836793,98.01911980018947,0.2845026329205546,False
3692,1.129798482836793,98.7770217896822,0.28592336009066355,False
3693,1.129798482836793,98.7770217896822,0.287564210318622,False
3694,1.129798482836793,98.7770217896822,0.28868681779692607,False
3695,1.129798482836793,98.7770217896822,0.28937985870051813,False
3696,1.129798482836793,98.7770217896822,0.2901762452339722,False
3697,1.129798482836793,98.7770217896822,0.29105867888758696,False
3698,1.1933654824135869,98.7770217896822,0.2920125998649033,False
3699,1.2041517951932372,98.65070068115753,0.2917834668038277,False
3700,1.2132336634320215,98.7061806101932,0.2924702008826537,False
3701,1.2132336634320215,98.69214848738386,0.2932034181440846,False
3702,1.2132336634320215,98.6780232454973,0.2935211228450506,False
3703,1.2132336634320215,98.6638065871207,0.29382782232286603,False
3704,1.2132336634320215,97.87971549473305,0.22903453095220996,False
3705,1.2132336634320215,98.73486600462522,0.22930110583903354,False
3706,1.2132336634320215,97.75366885747727,0.109235852898632,False
3707,1.2132336634320215,98.70849533002637,0.1089256048732624,False
3708,1.2041517951932372,98.71970938732113,0.10765230371478043,False
3709,1.1933654824135869,98.73084186026085,0.10682886694911987,False
3710,1.180846716107336,98.74624526576989,0.10470614471290433,False
3711,1.1665620111568704,98.76580503171795,0.10079262686172034,False
3712,1.1665620111568704,98.76580503171795,0.09662474590854522,False
3713,1.1665620111568704,98.76580503171795,0.0919613848749377,False
3714,1.1665620111568704,98.76580503171795,0.08902103742948528,False
3715,1.1665620111568704,98.76580503171795,0.08675713370477829,False
3716,1.1665620111568704,98.76580503171795,0.08428103557827964,False
3717,1.1017332648846088,98.76580503171795,0.08110945243169887,False
3718,1.0239228180015463,98.76580503171795,0.07760033825618566,False
3719,1.0066347974846968,98.76580503171795,0.07367076444082837,False
3720,1.0066347974846968,98.76580503171795,0.06998442958020049,False
3721,1.0066347974846968,98.76580503171795,0.06581235704980028,False
3722,1.0066347974846968,98.76580503171795,0.06323512179801208,False
3723,1.0066347974846968,98.76580503171795,0.06052304138107125,False
3724,0.9875245214535493,98.76580503171795,0.05765696912385374,False
3725,0.9665364727522964,98.76580503171795,0.05461253794591904,False
3726,0.9436063339556555,98.76580503171795,0.0513579029510875,False
3727,0.9186594970880807,98.76580503171795,0.04785004485836811,False
3728,0.8916091590804429,98.76580503171795,0.04402832172159808,False
3729,0.8623538561746379,98.76580503171795,0.039802250916670875,False
3730,0.830774222099454,98.76580503171795,0.03551768092380824,False
3731,0.7967286463062392,98.76580503171795,0.030895982767699972,False
3732,0.7600473303889541,98.76580503171795,0.02581769388178883,False
3733,0.720523936685393,98.76580503171795,0.020008107057463358,False
3734,0.677903479475398,98.76580503171795,0.012582794652283468,False
3735,0.6318640827062832,98.76580503171795,0.008842673087983472,False
3736,0.5819881552488825,98.76580503171795,0.0014609885709379108,False
3737,0.5277139815252946,98.76580503171795,0.000865365502473032,False
3738,0.46824757305098735,98.76580503171795,0.00043174935807191586,False
3739,0.4023829390456117,98.76580503171795,0.17465517841002715,False
3740,0.32806688317929317,98.76580503171795,0.176887769209753,False
3741,0.32806688317929317,98.76580503171795,0.17948899392149606,False
3742,0.32806688317929317,98.76580503171795,0.18228257599238085,False
3743,0.32806688317929317,98.76580503171795,0.1853537557932869,False
3744,0.32806688317929317,98.76580503171795,0.18868580850456626,False
3745,0.32806688317929317,98.76580503171795,0.19225921499282073,False
3746,0.32806688317929317,98.76580503171795,0.19605234779729536,False
3747,0.32806688317929317,98.76580503171795,0.20004210225680333,False
3748,0.32806688317929317,98.76580503171795,0.20420445772674664,False
3749,0.32806688317929317,98.76580503171795,0.20851496114557366,False
3750,0.32806688317929317,98.76580503171795,0.21294913138889732,False
3751,0.32806688317929317,98.76580503171795,0.21748278755855194,False
3752,0.32806688317929317,98.76580503171795,0.22005713158418894,False
3753,0.32806688317929317,98.76580503171795,0.22658525795531573,False
3754,0.32806688317929317,98.76580503171795,0.2324423815060902,False
3755,0.32806688317929317,98.76580503171795,0.23769749036237872,False
3756,0.4023829390456117,98.76580503171795,0.24240874304901494,False
3757,0.46824757305098735,98.76580503171795,0.24372768839248057,False
3758,0.5277139815252946,98.76580503171795,0.24580256099587486,False
3759,0.4637773498877516,97.98472360074224,0.2342831762117781,False
3760,0.4637773498877516,98.86505847322314,0.2330376460754064,False
3761,0.4637773498877516,98.87924027890662,0.2314156061178441,False
3762,0.5140912790181235,98.88903023364288,0.22954150746699836,False
3763,0.560576942614533,98.90123768628442,0.22733752986186342,False
3764,0.603652249754401,98.91336147448489,0.22480166186577089,False
3765,0.6436394131461666,98.92540038171106,0.22193278174117423,False
3766,0.6807937753703206,98.93735326825652,0.21873051281504396,False
3767,0.7153220528038851,98.94921906942514,0.21519508631776824,False
3768,0.7473944462440387,98.96099679370104,0.2113272081478533,False
3769,0.7771529943226336,98.97268552090887,0.20712792569435992,False
3770,0.804717519321077,98.9842844003679,0.20257847186110858,False
3771,0.8301899714180443,98.99579264904342,0.19771961919872322,False
3772,0.8536576732793313,98.95599416932593,0.19486986358057956,False
3773,0.875195788740725,99.05372644091656,0.18726168738562632,False
3774,0.8948692308065574,99.05372644091656,0.17996412810085494,False
3775,0.9127341558073343,99.05372644091656,0.17298834220184597,False
3776,0.9288391461883214,99.05372644091656,0.1663456027354995,False
3777,0.9288391461883214,98.96387345861403,0.16442722162981266,False
3778,0.9288391461883214,98.99976184805907,0.23372140139560998,False
3779,0.9288391461883214,98.15829165674367,0.17387378553477545,False
3780,0.9288391461883214,98.90847027069937,0.17525684805792355,False
3781,0.9288391461883214,98.90847027069937,0.17703336098964895,False
3782,0.9288391461883214,98.90847027069937,0.17920931732171017,False
3783,0.9288391461883214,98.90847027069937,0.18171988636704936,False
3784,1.0394364783172854,98.90847027069937,0.18467931238409568,False
3785,1.1166404295430465,98.90847027069937,0.1880725083615026,False
3786,1.180846716107336,98.90847027069937,0.19187938606802765,False
3787,1.2363772403452271,98.90847027069937,0.19607584920191728,False
3788,1.2852748466470731,98.90847027069937,0.19673860976601257,False
3789,1.3287344279695676,98.90847027069937,0.20367369350353323,False
3790,1.3675380544221296,98.90847027069937,0.20870585759404997,False
3791,1.4022346182456082,98.90847027069937,0.21325868292110028,False
3792,1.4332278865247239,98.90847027069937,0.21737652792380402,False
3793,1.4608248015713592,98.90847027069937,0.2210975812090994,False
3794,1.4852641811356104,98.90847027069937,0.22445563241703204,False
3795,1.5067348178150048,98.90847027069937,0.22748068206958127,False
3796,1.5253874232579383,98.90847027069937,0.2301995673147566,False
3797,1.5413427890574958,98.90847027069937,0.23263643505110193,False
3798,1.5413427890574958,98.16226085575931,0.1629026205215319,False
3799,1.5413427890574958,98.99976184805907,0.16393089282007495,False
3800,1.5413427890574958,99.01001814309379,0.16432892892239112,False
3801,1.554697508762069,99.02022260542405,0.16202973773707494,False
3802,1.5655280605848254,99.0303738317757,0.15967666066682465,False
3803,1.5655280605848254,99.04047047899094,0.15669459420271126,False
3804,1.5655280605848254,99.05051126316599,0.15297349881099864,False
3805,1.5655280605848254,99.06049495875344,0.1485292764239342,False
3806,1.5655280605848254,99.07042039763242,0.22297377865223267,False
3807,1.5655280605848254,99.08028646814927,0.22003677851805667,False
3808,1.5655280605848254,98.97775780723433,0.22008614087122083,False
3809,1.567632081836135,99.13703317958637,0.21511421164414626,False
3810,1.567632081836135,99.13703317958637,0.21139007345510133,False
3811,1.567632081836135,99.13703317958637,0.20714968862519503,False
3812,1.567632081836135,99.13703317958637,0.20302586597081176,False
3813,1.567632081836135,99.13703317958637,0.19905822383421032,False
3814,1.567632081836135,99.13703317958637,0.19528351231277238,False
3815,1.567632081836135,99.13703317958637,0.25521536636250713,False
3816,1.567632081836135,99.13703317958637,0.2536338861360798,False
3817,1.567632081836135,99.13703317958637,0.25139391866416605,False
3818,1.5655280605848254,99.13703317958637,0.24935667421308305,False
3819,1.570663071721726,99.13703317958637,0.25454888823818217,False
3820,1.5732230293875173,99.13703317958637,0.25909510152821835,False
3821,1.5732230293875173,99.0482257278825,0.2643450513270752,False
3822,1.570663071721726,99.07896723539181,0.2929905307985714,False
3823,1.5655280605848256,99.0684056428001,0.3166040434804437,False
3824,1.557787262784918,99.05776007354068,0.3222534940796145,False
3825,1.5473931750149272,99.04703113546047,0.3278401818029234,False
3826,1.5332939593741386,98.27840820767915,0.2862550925250096,False
3827,1.5164273757656148,99.1075273026187,0.29186091002602316,False
3828,1.4966777416164074,99.10714285714286,0.2974288369886862,False
3829,1.4738989153366922,98.94658521303258,0.3023289276756371,False
3830,1.4479062086941699,98.95833333333333,0.3073405298674599,False
3831,1.418464503832282,99.11105889724311,0.31276429249620535,False
3832,1.3852702053381705,99.1010881564422,0.3180176356482574,False
3833,1.347922583568817,99.09105342541875,0.32311684124861106,False
3834,1.3058755112911309,99.08095580596179,0.32802568120580694,False
3835,1.2583494426149708,98.31053901850362,0.28692509530073224,False
3836,1.2041517951932372,99.13346290897312,0.2912988668375657,False
3837,1.1412418450836315,99.04904499838135,0.2951678893726394,False
3838,1.1412418450836315,99.0328585302687,0.29887004810887996,False
3839,1.1412418450836315,99.30758017492711,0.2942262804267975,False
3840,1.1412418450836315,99.29850320159876,0.2934869945077836,False
3841,1.1412418450836315,99.2893526125534,0.2927921115662644,False
3842,1.1412418450836315,98.48992594431343,0.2679289592176472,False
3843,1.1412418450836315,98.49820032270075,0.24350853200767283,False
3844,1.1412418450836315,99.28489232286701,0.23968669974563295,False
3845,1.129798482836793,99.2896509491733,0.23540606727610927,False
3846,1.1166404295430468,99.29440389294403,0.22980526051417063,False
3847,1.1017332648846088,99.29915011882225,0.22382679854918214,False
3848,1.0850365744330075,99.30388862217954,0.21738650889138506,False
3849,1.066503202885787,99.30861842889499,0.21046945335947456,False
3850,1.046078320219219,99.31333859510656,0.2033062298046339,False
3851,1.0236982481827188,99.31804820693709,0.19587490257785267,False
3852,0.9992889743797904,99.32274638019616,0.1883558431536243,False
3853,0.9727642516015449,99.32743226005952,0.18005033586211006,False
3854,0.9440231356865454,99.33210502072778,0.17186346821380066,False
3855,0.9129467467841514,99.33676386506575,0.16259463667259433,False
3856,0.8793939303559065,99.34140802422407,0.15317631298406953,False
3857,0.8431953160789711,99.34603675724433,0.22616908719418582,False
3858,0.804144968682279,99.35064935064935,0.28126462522239476,False
3859,0.804144968682279,99.2737243858154,0.2821685763110116,False
3860,0.804144968682279,99.39293598233995,0.27774644687593414,False
3861,0.804144968682279,99.39293598233995,0.27682491817493954,False
3862,0.7619882811604883,99.39293598233995,0.2760467447569906,False
3863,0.7164037343212466,99.39293598233995,0.27542152725899577,False
3864,0.7164037343212466,99.39293598233995,0.27495648021139146,False
3865,0.7164037343212466,99.39293598233995,0.274656300681276,False
3866,0.7164037343212466,99.39293598233995,0.2752404331384877,False
3867,0.7164037343212466,99.39293598233995,0.27587934074463477,False
3868,0.7164037343212466,99.39293598233995,0.2766321029681628,False
3869,0.7164037343212466,99.39293598233995,0.27749420551533555,False
3870,0.6318640827062832,99.39293598233995,0.27820843691698166,False
3871,0.5140912790181235,99.39293598233995,0.27888666658544736,False
3872,0.5140912790181235,99.39293598233995,0.2795355156284126,False
3873,0.5140912790181235,99.39293598233995,0.2805577918672494,False
3874,0.5140912790181235,99.27001889798792,0.2813529861672678,False
3875,0.5140912790181235,99.35064935064935,0.2826503767946242,False
3876,0.5140912790181235,99.34603675724433,0.28385776144593794,False
3877,0.5140912790181235,98.58062074186222,0.22639785566694018,False
3878,0.5140912790181235,98.55412566237699,0.14729923617985433,False
3879,0.5140912790181235,99.46628580019545,0.14480376255286664,False
3880,0.4637773498877516,99.3804583115623,0.14576279376013818,False
3881,0.40907313904382653,99.50711532760154,0.14088868445490585,False
3882,0.3491843735073079,99.50711532760154,0.13614698469807118,False
3883,0.2829047929798921,99.50711532760154,0.1315316287954079,False
3884,0.208180945557171,99.50711532760154,0.1270364449484766,False
3885,0.12068101401352381,99.50711532760154,0.12252002672274008,False
3886,-0.0,99.50711532760154,0.11806347753316741,False
3887,-0.0,99.50711532760154,0.11365622178545208,False
3888,-0.0,99.50711532760154,0.10870623421141881,False
3889,-0.0,99.50711532760154,0.10356930738733319,False
3890,-0.0,99.50711532760154,0.09872910127414093,False
3891,-0.0,99.50711532760154,0.0939145313479364,False
3892,-0.0,99.50711532760154,0.08912662558192143,False
3893,-0.0,99.50711532760154,0.0843613386532284,False
3894,-0.0,99.50711532760154,0.07961363492863147,False
3895,-0.0,99.50711532760154,0.07487718652692021,False
3896,-0.0,99.50711532760154,0.07014394841531764,False
3897,0.12068101401352381,99.50711532760154,0.06540354448248999,False
3898,0.208180945557171,99.50711532760154,0.060642352444037005,False
3899,0.208180945557171,99.50711532760154,0.05584208797604958,False
3900,0.208180945557171,99.50711532760154,0.05097751193046175,False
3901,0.208180945557171,99.50711532760154,0.04601250006515341,False
3902,0.208180945557171,99.50711532760154,0.04089279351443369,False
3903,0.208180945557171,99.50711532760154,0.03553124502657047,False
3904,0.208180945557171,99.50711532760154,0.02977327745531141,False
3905,0.208180945557171,99.50711532760154,0.023996680449294316,False
3906,0.208180945557171,99.50711532760154,0.017463692668727073,False
3907,0.208180945557171,99.50711532760154,0.008496929759688398,False
3908,0.208180945557171,99.50711532760154,0.001565136521321132,False
3909,0.208180945557171,99.50711532760154,0.0009440456589614332,False
3910,0.208180945557171,99.50711532760154,2.842170943040401e-14,False
3911,0.208180945557171,99.50711532760154,2.842170943040401e-14,False
3912,0.208180945557171,99.50711532760154,2.842170943040401e-14,False
3913,0.208180945557171,99.50711532760154,2.842170943040401e-14,False
3914,0.208180945557171,99.50711532760154,2.842170943040401e-14,False
3915,0.208180945557171,99.50711532760154,0.17153352777293004,False
3916,0.208180945557171,99.50711532760154,0.17267307924779793,False
3917,0.208180945557171,99.50711532760154,0.17382916259691922,False
3918,0.208180945557171,99.50711532760154,0.17499878592273155,False
3919,0.208180945557171,99.50711532760154,0.17617895329076497,False
3920,0.208180945557171,99.50711532760154,0.17736667844543327,False
3921,0.208180945557171,99.50711532760154,0.17855899748278106,False
3922,0.208180945557171,99.50711532760154,0.17975298050897232,False
3923,0.208180945557171,99.50711532760154,0.1809457423246762,False
3924,0.208180945557171,99.50711532760154,0.18213445218461094,False
3925,0.208180945557171,99.50711532760154,0.1833163426884695,False
3926,0.208180945557171,99.50711532760154,0.18448871786452306,False
3927,0.208180945557171,99.50711532760154,0.18564896051057583,False
3928,0.208180945557171,99.50711532760154,0.18679453885885186,False
3929,0.208180945557171,99.50711532760154,0.18792301263209346,False
3930,0.208180945557171,99.50711532760154,0.18903203855781298,False
3931,0.208180945557171,99.50711532760154,0.19011937540647764,False
3932,0.208180945557171,99.50711532760154,0.19118288861763613,False
3933,0.208180945557171,99.50711532760154,0.19222055457570253,False
3934,0.208180945557171,99.50711532760154,0.1932304645945054,False
3935,0.208180945557171,98.73999407056033,0.09107192114610044,False
3936,0.208180945557171,99.57011562407352,0.09013655860638492,False
3937,0.208180945557171,99.57315278186636,0.09111951777568544,False
3938,0.208180945557171,99.57617829740592,0.09177306895909743,False
3939,0.208180945557171,99.5791917579627,0.09212232134606871,False
3940,0.208180945557171,99.58219276761274,0.09218894817633061,False
3941,0.2829047929798921,99.58518094693177,0.09199192512996927,False
3942,0.3491843735073079,99.5881559326848,0.09154808671819728,False
3943,0.40907313904382653,99.59111737751145,0.16993071019381253,False
3944,0.4637773498877516,99.59406494960807,0.17176027106187508,False
3945,0.5140912790181235,99.5969983324069,0.1706671236613599,False
3946,0.560576942614533,99.59991722425329,0.17010087743241667,False
3947,0.603652249754401,99.60282133808121,0.23015656441608243,False
3948,0.6436394131461666,99.60571040108769,0.22945976049374522,False
3949,0.7600473303889541,99.6085841544068,0.22878144146773968,False
3950,0.8431953160789711,99.61144235278354,0.22812432902140609,False
3951,0.9134853951751389,99.61428476424818,0.22749112649793443,False
3952,0.9752462395674342,99.61711116979139,0.22688450728226336,False
3953,1.0305279703180825,99.61992136304063,0.22630710282429836,False
3954,1.0805333164475432,99.6227151499382,0.22576149034578286,False
3955,1.1260528027543955,99.62549234842126,0.22525018028238294,False
3956,1.1676444621356101,99.6090244840405,0.2251019721374673,False
3957,1.2057219651274376,99.65326377401705,0.22393779098011818,False
3958,1.2057219651274376,99.65326377401705,0.22381520584532616,False
3959,1.2057219651274376,99.65326377401705,0.22374836404588475,False
3960,1.2382339767869435,99.65326377401705,0.26139193270159444,False
3961,1.2680160454788014,99.65326377401705,0.26301694925898195,False
3962,1.2952336017523502,99.65326377401705,0.26395095468251795,False
3963,1.2952336017523502,98.92798065911694,0.2246916132793319,False
3964,1.2952336017523502,99.70097976841838,0.22602080307070654,False
3965,1.2952336017523502,99.59600458073547,0.22935004886931157,False
3966,1.2952336017523502,99.65962590660389,0.23207401344658013,False
3967,1.2952336017523502,98.8940499889405,0.17550099120163112,False
3968,1.2952336017523502,99.61707470182047,0.2140684950764194,False
3969,1.2952336017523502,99.61964146531567,0.2195039521293289,False
3970,1.2952336017523502,99.62219744828441,0.2236937517654319,False
3971,1.2952336017523502,99.62474239488174,0.2292769813774084,False
3972,1.2952336017523502,99.62727606012464,0.23445337593072837,False
3973,1.2952336017523502,99.62979820967986,0.23925504876268036,False
3974,1.2952336017523502,99.63230861965039,0.24270520229955553,False
3975,1.2952336017523502,99.63480707636124,0.2459486849256574,False
3976,1.2952336017523502,99.63729337614461,0.24886913016868353,False
3977,1.2952336017523502,99.61614551037883,0.251773319244289,False
3978,1.2952336017523502,99.68035190615836,0.2810460851710883,False
3979,1.2952336017523502,99.68035190615836,0.28350042654911617,False
3980,1.2952336017523502,98.97653958944281,0.25177358056703725,False
3981,1.2952336017523502,99.72434017595307,0.25247661363617363,False
3982,1.2952336017523502,99.70001456239989,0.2537484938073447,False
3983,1.2952336017523502,99.75992132361449,0.25302438284412915,False
3984,1.2952336017523502,99.75992132361449,0.2522649569488991,False
3985,1.2952336017523502,99.75992132361449,0.25107301232818874,False
3986,1.2952336017523502,99.75992132361449,0.25103820696813706,False
3987,1.2952336017523502,99.75992132361449,0.2509060795190772,False
3988,1.2952336017523502,99.04547032280458,0.22141985428813474,False
3989,1.2952336017523502,99.79752400786764,0.21831663491123332,False
3990,1.2952336017523502,99.77886272257324,0.21609239718261924,False
3991,1.2952336017523502,99.81465640148275,0.21132919715891207,False
3992,1.2952336017523502,99.81465640148275,0.2065265933334135,False
3993,1.2952336017523502,99.81465640148275,0.20174146488471423,False
3994,1.3283399146847865,99.81465640148275,0.19826143031853635,False
3995,1.3584547364298434,99.81465640148275,0.24325103021334935,False
3996,1.3857772327036844,99.81465640148275,0.24056306423749357,False
3997,1.410469497157276,99.81465640148275,0.2375276520480336,False
3998,1.410469497157276,99.10464784716282,0.20113234957202134,False
3999,1.410469497157276,99.84602224123182,0.19656458083179412,False
4000,1.410469497157276,99.8470731500099,0.25136413586749035,False
4001,1.410469497157276,99.84811835517804,0.24817407397179633,False
4002,1.3857772327036844,99.84915779770385,0.24517326255138516,False
4003,1.3584547364298434,99.8501914220718,0.24235913419417113,False
4004,1.3283399146847865,99.85121917619507,0.23972874395701194,False
4005,1.2952336017523502,99.83855962348821,0.23770042974090344,False
4006,1.2588874993443833,99.87771406831708,0.23458604889431242,False
4007,1.2189859772419214,99.87771406831708,0.2317238769170291,False
4008,1.175117286794541,99.87771406831708,0.22913367214754618,False
4009,1.1267251857192597,99.87771406831708,0.22671859772155117,False
4010,1.0972261621017099,99.87771406831708,0.22448692780290194,False
4011,1.0652163930664527,99.87681020559008,0.22312896481205508,False
4012,1.0305279703180825,99.8731419431345,0.22197005374036835,False
4013,0.9929563290994998,99.87220447284345,0.22095232981565874,False
4014,0.9522481488898977,99.87126025020291,0.22002632830657198,False
4015,0.908083119686079,99.12680865355014,0.1637614539068813,False
4016,0.8600451249809193,99.84047465786013,0.16285055349542835,False
4017,0.8075738393756748,99.79989854010485,0.1626749122281643,False
4018,0.7498765864518436,99.81268624946786,0.16235484066847927,False
4019,0.6917244835981394,99.81137467847957,0.16230026496185213,False
4020,0.6271502454482835,99.06830523006573,0.009118235340116226,False
4021,0.5541015302865538,99.77422120605887,0.0090949395247431,False
4022,0.46824757305098735,99.77422120605887,0.009101332813526937,False
4023,0.3491843735073079,99.77422120605887,0.17244292056332336,False
4024,0.3491843735073079,99.77422120605887,0.1724361377087753,False
4025,0.3491843735073079,99.77422120605887,0.17242073039241626,False
4026,0.3491843735073079,99.77422120605887,0.17245329766781092,False
4027,0.3491843735073079,99.77422120605887,0.17245803267278978,False
4028,0.3491843735073079,99.77422120605887,0.17244500266420582,False
4029,0.3491843735073079,99.77422120605887,0.17244274105956064,False
4030,0.3491843735073079,99.77422120605887,0.1724396366356348,False
4031,0.3491843735073079,99.76389968615933,0.17249728503024428,False
4032,0.3491843735073079,99.7621395834542,0.17254185452217996,False
4033,0.3491843735073079,99.76036704754668,0.17257522237456333,False
4034,0.3491843735073079,99.75858211152328,0.17259918339745453,False
4035,0.3491843735073079,99.75678481388107,0.1726154450454773,False
4036,0.3491843735073079,99.75497519870913,0.17262461204191568,False
4037,0.3491843735073079,99.75315331587345,0.17263082348969205,False
4038,0.3491843735073079,99.75131922120458,0.17263455321190554,False
4039,0.3491843735073079,99.74947297668876,0.17263617727944341,False
4040,0.3491843735073079,99.74761465066175,0.1726359707127479,False
4041,0.3491843735073079,99.74574431800565,0.1726341040767201,False
4042,0.3491843735073079,99.7438620603486,0.1726302901924651,False
4043,0.3491843735073079,98.96295370775286,0.012101158821355778,False
4044,0.3491843735073079,99.69700755919285,0.012170209728230559,False
4045,0.3491843735073079,99.69700755919285,0.012383717051220839,False
4046,0.3491843735073079,99.69700755919285,0.0119504198106599,False
4047,0.3491843735073079,99.69700755919285,0.011948028480663987,False
4048,0.3491843735073079,99.69700755919285,0.01223960458330539,False
4049,0.3491843735073079,99.69700755919285,0.012780408409496968,False
4050,0.3491843735073079,99.69700755919285,0.013492767821192705,False
4051,0.3491843735073079,99.69700755919285,0.013257012869643333,False
4052,0.3491843735073079,99.69700755919285,0.013375110782741829,False
4053,0.3491843735073079,99.69700755919285,0.013818036835257513,False
4054,0.3491843735073079,99.69700755919285,0.013326093562716862,False
4055,0.2829047929798921,99.69700755919285,0.012965581891502768,False
4056,0.208180945557171,99.69700755919285,0.1632389707348777,False
4057,0.12068101401352381,99.69700755919285,0.1640003378122749,False
4058,-0.0,99.69700755919285,0.16441915915707792,False
4059,-0.0,99.69700755919285,0.1659293035890044,False
4060,-0.0,99.69700755919285,0.16735064997243582,False
4061,-0.0,99.69700755919285,0.1686854961594413,False
4062,-0.0,99.69700755919285,0.16993634596263232,False
4063,-0.0,99.69700755919285,0.17110568157458758,False
4064,-0.0,99.69700755919285,0.1721959115600348,False
4065,-0.0,99.69700755919285,0.1732093825120743,False
4066,-0.0,99.69700755919285,0.17414838943205574,False
4067,-0.0,99.69700755919285,0.17501518501197574,False
4068,-0.0,99.69700755919285,0.17581198796846303,False
4069,-0.0,99.69700755919285,0.17654099055289346,False
4070,-0.0,99.69700755919285,0.17720436534188833,False
4071,-0.0,99.69700755919285,0.17780427139551755,False
4072,-0.0,99.69700755919285,0.1783428598563388,False
4073,-0.0,99.69700755919285,0.17882227905038645,False
4074,-0.0,99.69700755919285,0.17933870085237105,False
4075,-0.0,99.69700755919285,0.17981047572918596,False
4076,-0.0,98.96920097457362,0.07746792442594228,False
4077,-0.0,99.7438620603486,0.07673880175161223,False
4078,-0.0,99.72710639749434,0.07665776145026951,False
4079,-0.0,99.7752601440798,0.07410181113559969,False
4080,-0.0,99.7752601440798,0.07154964808524467,False
4081,-0.0,99.7752601440798,0.06900169253869917,False
4082,-0.0,99.7752601440798,0.06645842843330409,False
4083,-0.0,99.7752601440798,0.06392041576038673,False
4084,-0.0,99.7752601440798,0.06138830586254378,False
4085,0.12068101401352381,99.7752601440798,0.058862860505605505,False
4086,0.208180945557171,99.7752601440798,0.05634497583341475,False
4087,0.208180945557171,99.7752601440798,0.05350161585358782,False
4088,0.208180945557171,99.7752601440798,0.05069668639292627,False
4089,0.208180945557171,99.7752601440798,0.047930816743182635,False
4090,0.208180945557171,99.7752601440798,0.04520507584719308,False
4091,0.208180945557171,99.7752601440798,0.04251918028421703,False
4092,0.208180945557171,99.7752601440798,0.03987265024443999,False
4093,0.208180945557171,99.7752601440798,0.03726474384112698,False
4094,0.208180945557171,99.7752601440798,0.03469436546332633,False
4095,0.208180945557171,99.7752601440798,0.03215993526677103,False
4096,0.208180945557171,99.7752601440798,0.029659198787190002,False
4097,0.208180945557171,99.7752601440798,0.027188941109972376,False
4098,0.208180945557171,99.7752601440798,0.024744542612189724,False
4099,0.208180945557171,99.7752601440798,0.02231925847079318,False
4100,0.208180945557171,99.7752601440798,0.17556013834861714,False
4101,0.208180945557171,99.7752601440798,0.17562589714223656,False
4102,0.208180945557171,99.7752601440798,0.23912776318354495,False
4103,0.208180945557171,99.7752601440798,0.23910971672525672,False
4104,0.208180945557171,99.7752601440798,0.23912843738716766,False
4105,0.208180945557171,99.7752601440798,0.23918299501700852,False
4106,0.208180945557171,99.7752601440798,0.23927235068639952,False
4107,0.208180945557171,99.7752601440798,0.2394702494903813,False
4108,0.208180945557171,99.7752601440798,0.23961053880735042,False
4109,0.208180945557171,99.7752601440798,0.2400987752922198,False
4110,0.208180945557171,99.7752601440798,0.24060031198898774,False
4111,0.208180945557171,99.7752601440798,0.2407633966694726,False
4112,0.208180945557171,99.7752601440798,0.28806290783511607,False
4113,0.208180945557171,99.7752601440798,0.2881643134376195,False
4114,0.208180945557171,99.7752601440798,0.28830614639438135,False
4115,0.208180945557171,99.7752601440798,0.2884933869719731,False
4116,0.208180945557171,99.7752601440798,0.2887303280938405,False
4117,0.208180945557171,99.7752601440798,0.2889932335223283,False
4118,0.208180945557171,99.7752601440798,0.28943824201776236,False
4119,0.208180945557171,99.7752601440798,0.28990855319674474,False
4120,0.208180945557171,98.99519305318654,0.23218353150890136,False
4121,0.208180945557171,99.79693845673228,0.23258942145584968,False
4122,0.208180945557171,99.02310435726469,0.1674570832148079,False
4123,0.208180945557171,99.75986700326335,0.16860823274032508,False
4124,0.208180945557171,99.761620977354,0.16971794636012488,False
4125,0.208180945557171,99.76336387355136,0.17078636473684194,False
4126,0.208180945557171,99.7650956181298,0.17181372503903125,False
4127,0.208180945557171,99.76681614349776,0.17280035351132791,False
4128,0.208180945557171,99.75962251832507,0.17385205372712526,False
4129,0.208180945557171,99.7908442820951,0.17441061543753505,False
4130,0.208180945557171,99.79236123296485,0.1749386997607587,False
4131,0.3280668831792932,99.76311633619933,0.1751666071317626,False
4132,0.41475814399911126,99.01579375217744,0.07612281275866561,False
4133,0.48865925334338955,99.73195757436015,0.0759184176876998,False
4134,0.5541015302865538,99.73676680972818,0.07553074553597688,False
4135,0.5541015302865538,99.7415213315912,0.07494136120332463,False
4136,0.5541015302865538,99.74622152041506,0.07413186290386178,False
4137,0.6271502454482835,99.7480685253611,0.07319139812533139,False
4138,0.6917244835981394,99.76379703217918,0.0714881866823906,False
4139,0.7498765864518436,99.7654848944682,0.06961823474487559,False
4140,0.7498765864518436,99.76716156248288,0.06758008454270618,False
4141,0.7498765864518436,99.76882700100629,0.06536011010617895,False
4142,0.7498765864518436,99.77588162229303,0.06257818458581275,False
4143,0.7498765864518436,99.78552853810889,0.058995499968275994,False
4144,0.7498765864518436,99.78552853810889,0.057368849676911714,False
4145,0.7498765864518436,99.78552853810889,0.05410535292691325,False
4146,0.6917244835981394,99.78552853810889,0.1850578863979236,False
4147,0.6271502454482835,99.78552853810889,0.18442875721434623,False
4148,0.6271502454482835,99.78552853810889,0.18376459223033637,False
4149,0.6271502454482835,99.78552853810889,0.1842935375358702,False
4150,0.6271502454482835,99.78552853810889,0.1841266086010726,False
4151,0.6857486151292824,99.77588162229303,0.2628861635913805,False
4152,0.7391385203526044,99.76882700100629,0.2637811850049246,False
4153,0.7881133310528374,99.76716156248288,0.3204683131006881,False
4154,0.8332341082038747,99.7654848944682,0.3204574657468795,False
4155,0.8749177494187964,99.76379703217918,0.32043154663671625,False
4156,0.9134853951751388,99.76209801561757,0.320407126875076,False
4157,0.9491912500871044,99.76038788972205,0.32040634386908556,False
4158,0.9822408213425595,99.75866670452287,0.32042972964961236,False
4159,1.0128030232541478,99.75693451529882,0.3204727439286644,False
4160,1.041018523939755,99.75519138273667,0.3205355296515885,False
4161,1.0670056836533544,99.75343737309277,0.32062046564269314,False
4162,1.090864890696142,99.75167255835694,0.320729757485158,False
4163,1.090864890696142,99.74989701641853,0.320850866062082,False
4164,1.090864890696142,99.69476959549563,0.32061719574415554,False
4165,1.090864890696142,99.72542231242166,0.3206861748197244,False
4166,1.090864890696142,98.96734913149884,0.26687360795323833,False
4167,1.090864890696142,99.6746851310213,0.2667887098043692,False
4168,1.090864890696142,99.6746851310213,0.26676779711016335,False
4169,1.090864890696142,99.62126904926508,0.26596510364415943,False
4170,1.090864890696142,99.64279227462615,0.2656866552412048,False
4171,1.090864890696142,98.88296906217836,0.1883120974308837,False
4172,1.090864890696142,99.58527577647273,0.18680737330115932,False
4173,1.090864890696142,98.87388750983835,0.04334597927483901,False
4174,1.090864890696142,99.63976509051281,0.16344717034907089,False
4175,1.090864890696142,99.64549660517936,0.16353575385278546,False
4176,1.090864890696142,99.65116279069767,0.1636720435238135,False
4177,1.090864890696142,99.65972304414724,0.16364688824251236,False
4178,1.090864890696142,99.66230105127151,0.163592337641058,False
4179,1.090864890696142,99.66230105127151,0.1635203820160024,False
4180,1.090864890696142,99.66230105127151,0.16341898621915624,False
4181,1.090864890696142,99.66230105127151,0.16328768343476305,False
4182,1.090864890696142,99.66230105127151,0.1630581270608686,False
4183,1.090864890696142,99.66230105127151,0.16278368601905213,False
4184,1.090864890696142,99.66230105127151,0.16257321734232358,False
4185,1.090864890696142,99.66230105127151,0.16229588706457668,False
4186,1.090864890696142,99.66230105127151,0.1619484747307369,False
4187,1.090864890696142,99.66230105127151,0.16152822799896127,False
4188,1.090864890696142,99.66230105127151,0.16103232733344033,False
4189,1.090864890696142,99.66230105127151,0.1604596477279404,False
4190,1.090864890696142,99.66230105127151,0.15980967634637736,False
4191,1.090864890696142,99.66230105127151,0.15964648951975144,False
4192,1.0670056836533544,99.61553248750481,0.15978038360161437,False
4193,1.041018523939755,99.63662357776852,0.15960245410984536,False
4194,1.0128030232541478,98.87710728539942,0.026265055871653953,False
4195,0.9822408213425595,99.58003216774885,0.026912765991229843,False
4196,0.9822408213425595,99.58003216774885,0.02724177859221309,False
4197,0.9822408213425595,99.58003216774885,0.028229112924712238,False
4198,0.9129467467841514,99.58003216774885,0.029059039603435477,False
4199,0.830774222099454,99.58003216774885,0.02972493399679318,False
4200,0.7153220528038851,99.58003216774885,0.030272131085931273,False
4201,0.7153220528038851,99.58003216774885,0.030679762926299918,False
4202,0.7153220528038851,99.58003216774885,0.03130283277779171,False
4203,0.7153220528038851,99.58003216774885,0.031914433066586895,False
4204,0.7153220528038851,99.58003216774885,0.031914937579138256,False
4205,0.7153220528038851,99.58003216774885,0.18971805167143294,False
4206,0.7153220528038851,99.58003216774885,0.19067830863553015,False
4207,0.7153220528038851,99.58003216774885,0.1915409775905635,False
4208,0.7153220528038851,99.58003216774885,0.19231306961673783,False
4209,0.7153220528038851,99.58003216774885,0.19299997548361375,False
4210,0.7153220528038851,99.58003216774885,0.19360643205236283,False
4211,0.7153220528038851,99.52905180430153,0.19367304406214172,False
4212,0.6807937753703206,99.5468551749139,0.19394833953857454,False
4213,0.6436394131461666,99.54364294624114,0.19415914713384141,False
4214,0.603652249754401,99.5404130155034,0.19431218005742787,False
4215,0.560576942614533,99.53716560214755,0.19441403220732317,False
4216,0.5140912790181235,99.53390093841277,0.19447119026673812,False
4217,0.4637773498877516,99.53061926964358,0.1944900429304357,False
4218,0.40907313904382653,99.5273208546039,0.1944768874366852,False
4219,0.3491843735073079,99.5240059657919,0.1944379335464224,False
4220,0.2829047929798921,99.52067488975523,0.19437930508566048,False
4221,0.208180945557171,99.51732792740611,0.1943070391495013,False
4222,0.12068101401352381,99.51396539433608,0.19423309166736197,False
4223,-0.0,99.51058762112956,0.19414725783343306,False
4224,-0.0,99.50719495367633,0.19405880905578476,False
4225,-0.0,98.71870687955845,0.0515112400696839,False
4226,-0.0,99.43820224719101,0.04755599475395035,False
4227,-0.0,99.43820224719101,0.04371206853548544,False
4228,-0.0,99.43820224719101,0.03999557706391125,False
4229,-0.0,99.43820224719101,0.036426587144652266,False
4230,-0.0,99.43820224719101,0.03303053730135454,False
4231,-0.0,99.43820224719101,0.029840112324171348,False
4232,-0.0,99.43820224719101,0.026897531596325526,False
4233,-0.0,99.43820224719101,0.02425685578038848,False
4234,-0.0,99.43820224719101,0.021985080690645517,False
4235,-0.0,99.43820224719101,0.02015933051963287,False
4236,-0.0,99.43820224719101,0.017925225972588506,False
4237,-0.0,99.43820224719101,0.015956619107149052,False
4238,-0.0,99.43820224719101,0.014285077100927997,False
4239,-0.0,99.43820224719101,0.01293939136155763,False
4240,0.12068101401352381,99.43820224719101,0.011936158331205553,False
4241,0.208180945557171,99.43820224719101,0.011267671799106654,False
4242,0.208180945557171,99.43820224719101,0.010785375184111467,False
4243,0.208180945557171,99.43820224719101,0.010503080118312339,False
4244,0.208180945557171,99.43820224719101,0.16048482452557733,False
4245,0.208180945557171,99.43820224719101,0.16182017912621055,False
4246,0.208180945557171,99.43820224719101,0.16194733597954278,False
4247,0.208180945557171,99.43820224719101,0.16438898357608794,False
4248,0.208180945557171,99.43820224719101,0.1666606115010126,False
4249,0.208180945557171,99.43820224719101,0.16877017643304096,False
4250,0.208180945557171,99.43820224719101,0.17072505357616066,False
4251,0.32806688317929317,99.43820224719101,0.1725321312348317,False
4252,0.32806688317929317,99.43820224719101,0.1741978891096553,False
4253,0.32806688317929317,99.43820224719101,0.1757284636267712,False
4254,0.32806688317929317,99.43820224719101,0.17712970284040297,False
4255,0.32806688317929317,99.43820224719101,0.17840721287365907,False
4256,0.32806688317929317,99.43820224719101,0.1796617178562698,False
4257,0.32806688317929317,99.43820224719101,0.18081756832167473,False
4258,0.32806688317929317,99.43820224719101,0.18188000800878576,False
4259,0.32806688317929317,99.43820224719101,0.1828540101212963,False
4260,0.32806688317929317,99.43820224719101,0.1837443097951308,False
4261,0.32806688317929317,99.43820224719101,0.18455543249403836,False
4262,0.32806688317929317,99.43820224719101,0.18522098840174636,False
4263,0.32806688317929317,99.43820224719101,0.18565179769927698,False
4264,0.32806688317929317,98.72199224653394,0.09448028992650864,False
4265,0.32806688317929317,99.50719495367633,0.0933673578380449,False
4266,0.32806688317929317,99.44533263728017,0.09316157511333388,False
4267,0.32806688317929317,99.54312747067591,0.08878206653568634,False
4268,0.32806688317929317,99.54312747067591,0.08443384436682408,False
4269,0.32806688317929317,99.54312747067591,0.08012979943800638,False
4270,0.32806688317929317,99.54312747067591,0.07588464012393915,False
4271,0.4475450292450128,99.54312747067591,0.07171534128505765,False
4272,0.5338213435427906,99.54312747067591,0.06764169600703838,False
4273,0.6073000958248576,99.54312747067591,0.06368698113962223,False
4274,0.6723123356476846,99.54312747067591,0.05987873413228668,False
4275,0.7309107053286835,99.54312747067591,0.2022352532057393,False
4276,0.7843006105520055,99.54312747067591,0.20238735425159185,False
4277,0.8332754212522386,99.54312747067591,0.20256701985819425,False
4278,0.8783961984032758,99.54312747067591,0.20269576554370022,False
4279,0.9200798396181976,99.54312747067591,0.20277784201761634,False
4280,0.9586474853745401,99.54312747067591,0.2028174588470282,False
4281,0.9943533402865056,99.54312747067591,0.20785488819782133,False
4282,1.0274029115419607,99.53948657652361,0.3058394462876719,False
4283,1.057965113453549,99.52923360547801,0.3102111001665281,False
4284,1.1262193857917593,99.52216617998407,0.3141481734375867,False
4285,1.1858996197264204,99.41188264385484,0.31742880940685825,False
4286,1.1858996197264204,99.48516050878256,0.32061779245442973,False
4287,1.1858996197264204,99.4815668202765,0.3258732005205456,False
4288,1.1858996197264204,99.47795823665894,0.32981238787261336,False
4289,1.239053918432084,99.4743351886209,0.3334504734688998,False
4290,1.2868828534726804,99.47069812495675,0.3953352451275978,False
4291,1.2868828534726804,99.4670475128884,0.39587762079325794,False
4292,1.2868828534726804,99.46338383838383,0.3962753444539067,False
4293,1.2868828534726804,99.45970760646938,0.39654544591820406,False
4294,1.2868828534726804,99.45601934153453,0.3971157482665343,False
4295,1.2868828534726804,98.64182606840646,0.3462743694773938,False
4296,1.2868828534726804,99.38135532958829,0.3844763001346099,False
4297,1.2868828534726804,99.38135532958829,0.3844657075828194,False
4298,1.2868828534726804,99.38135532958829,0.38465354818248276,False
4299,1.2868828534726804,99.38135532958829,0.4243920576857568,False
4300,1.2868828534726804,99.38135532958829,0.424829254470727,False
4301,1.239053918432084,99.24112256586483,0.42204470668681093,False
4302,1.1858996197264204,98.44286941580756,0.3576940772796393,False
4303,1.1858996197264204,99.17310996563575,0.3542416500568152,False
4304,1.1858996197264204,99.17310996563575,0.38682507840354663,False
4305,1.1858996197264204,99.17310996563575,0.42622255523492686,False
4306,1.1858996197264204,99.17310996563575,0.45364063794440024,False
4307,1.1858996197264204,99.10195837991849,0.4763216691834382,False
4308,1.1858996197264204,99.12063953488372,0.49714114603228393,False
4309,1.1858996197264204,99.1140399048142,0.5157296014180716,False
4310,1.1858996197264204,98.36972558276778,0.5630852766445622,False
4311,1.1858996197264204,99.18620638400654,0.5734031016982712,False
4312,1.1006987578744163,99.18620638400654,0.5825307188818637,False
4313,1.1261358508278747,99.18620638400654,0.5915824288212232,False
4314,1.1261358508278747,99.14533090557765,0.5993485003060218,False
4315,1.1261358508278747,99.22708186243544,0.6065400952842758,False
4316,1.1261358508278747,98.47259658580413,0.5891668340368955,False
4317,1.1261358508278747,99.29096737695644,0.5944121091613285,False
4318,1.1261358508278747,99.29439287600935,0.6478333660911827,False
4319,1.1261358508278747,98.37367908266506,0.6269639298613143,False
4320,1.1261358508278747,99.26317356356058,0.6301669706237226,False
4321,1.1261358508278747,99.12313572659822,0.6336360477380405,False
4322,1.1261358508278747,99.21515357331522,0.6363414459390097,False
4323,1.1261358508278747,99.20592705167174,0.637379776486139,False
4324,1.1261358508278747,98.37765957446808,0.6170796070372925,False
4325,1.1261358508278747,98.24407039020657,0.5893471231890214,False
4326,1.1261358508278747,98.33602958169632,0.5671852227204861,False
4327,1.1261358508278747,98.32467230279997,0.5456212211839345,False
4328,1.1261358508278747,98.31329064501016,0.5244869367236341,False
4329,1.1261358508278747,98.30188679245283,0.5038976613529568,False
4330,1.1261358508278747,97.53066877720617,0.39722150876635937,False
4331,1.1494318918359776,98.36268026452076,0.3815983905302599,False
4332,1.1494318918359776,98.36006846316124,0.36707516849028093,False
4333,1.1494318918359776,98.35759166467828,0.35210299931703715,False
4334,1.1494318918359776,98.35525008938858,0.33838929465790596,False
4335,1.1494318918359776,98.35304389237241,0.3257556373933518,False
4336,1.1494318918359776,98.35097316367384,0.3141933539678818,False
4337,1.1494318918359776,98.34903792857709,0.30376938053535985,False
4338,1.1494318918359776,97.53261040389754,0.15990760278684477,False
4339,1.1494318918359776,98.2922645040549,0.14093801082485669,False
4340,1.1494318918359776,98.30147798498801,0.12384337139528039,False
4341,1.1494318918359776,98.31068110266452,0.10495059654273592,False
4342,1.1494318918359776,98.30082291984151,0.08512479834639002,False
4343,1.1494318918359776,98.36307273552094,0.07482792359353263,False
4344,1.1494318918359776,98.36307273552094,0.06650123804474797,False
4345,1.090864890696142,98.36307273552094,0.06018622671756229,False
4346,1.0236982481827188,98.36307273552094,0.05620774503772523,False
4347,1.0236982481827188,98.36307273552094,0.052265770296354735,False
4348,1.0236982481827188,98.36307273552094,0.0506157992376073,False
4349,1.0236982481827188,98.36307273552094,0.04995396681905682,False
4350,0.9436063339556555,98.36307273552094,0.049279706803505054,False
4351,0.8301899714180443,98.36307273552094,0.049261921952439586,False
4352,0.8301899714180443,98.36307273552094,0.04909407377012731,False
4353,0.8301899714180443,98.36307273552094,0.047971063426739236,False
4354,0.8301899714180443,98.36307273552094,0.06231326118686553,False
4355,0.8301899714180443,98.36307273552094,0.06130622142538008,False
4356,0.8301899714180443,98.36307273552094,0.0609478626633894,False
4357,0.8301899714180443,98.36307273552094,0.06110224116655741,False
4358,0.8301899714180443,98.36307273552094,0.06181661588147443,False
4359,0.8301899714180443,98.36307273552094,0.0631141204815505,False
4360,0.8301899714180443,98.36307273552094,0.06499299931081065,False
4361,0.8301899714180443,98.36307273552094,0.0683679563965256,False
4362,0.8301899714180443,98.36307273552094,0.07205001288532105,False
4363,0.8301899714180443,98.36307273552094,0.07599549616686856,False
4364,0.8301899714180443,98.36307273552094,0.08016200431268719,False
4365,0.8301899714180443,98.36307273552094,0.08450953190289592,False
4366,0.8301899714180443,98.36307273552094,0.08900101925198908,False
4367,0.8301899714180443,98.36307273552094,0.09360251587327173,False
4368,0.8301899714180443,98.36307273552094,0.2322072692129758,False
4369,0.8301899714180443,98.36307273552094,0.23569973902276478,False
4370,0.8301899714180443,98.36307273552094,0.254982891229557,False
4371,0.8301899714180443,98.36307273552094,0.260102950812446,False
4372,0.8301899714180443,98.36307273552094,0.2651001915349975,False
4373,0.804717519321077,98.36307273552094,0.26996338458751057,False
4374,0.7771529943226336,98.17012858555886,0.2712728146999011,False
4375,0.7771529943226336,98.30028328611898,0.27560649225314293,False
4376,0.7771529943226336,98.28967642526965,0.279690907150974,False
4377,0.7771529943226336,98.27906976744185,0.2835130780297311,False
4378,0.7771529943226336,98.26846579829966,0.28706208459232363,False
4379,0.7771529943226336,98.25786706427058,0.2903288791193063,False
4380,0.7771529943226336,98.24727617243013,0.29330613432657,False
4381,0.7771529943226336,98.23669579030977,0.2959881233865793,False
4382,0.7771529943226336,98.22612864562525,0.29837062858912144,False
4383,0.7771529943226336,98.21557752592236,0.30045087574102936,False
4384,0.7771529943226336,98.20504527813713,0.30222749197685594,False
4385,0.7771529943226336,98.19453480806766,0.30389776327176954,False
4386,0.7771529943226336,98.1840490797546,0.30532035802176094,False
4387,0.7771529943226336,98.17359111476759,0.30650393032764045,False
4388,0.7771529943226336,97.35088440970794,0.22420848970587656,False
4389,0.7771529943226336,98.08720691073633,0.22382615412959078,False
4390,0.7771529943226336,97.82392851232831,0.20498709014521563,False
4391,0.7771529943226336,98.01131635879514,0.2017095571873362,False
4392,0.7473944462440387,98.00016735001255,0.19821165061037244,False
4393,0.7153220528038851,97.98906184265881,0.2869107301888191,False
4394,0.6807937753703206,97.97800338409475,0.2861686540413976,False
4395,0.6436394131461666,97.96699557672677,0.3105867215205108,False
4396,0.603652249754401,97.956042076456,0.31159218935508914,False
4397,0.560576942614533,97.94514659100679,0.3123091804622259,False
4398,0.5140912790181235,97.9343128781331,0.3127637050870787,False
4399,0.4637773498877516,97.92354474370113,0.37679323862148484,False
4400,0.40907313904382653,97.91284603964719,0.37449511854069667,False
4401,0.3491843735073079,97.90222066180988,0.37257623344475965,False
4402,0.40238293904561173,97.89167254763585,0.3699743030662553,False
4403,0.41475814399911126,97.88120567375887,0.36748967027339163,False
4404,0.4023829390456117,97.87082405345211,0.36513205559512857,False
4405,0.4023829390456117,97.86053173395399,0.3627451616999595,False
4406,0.48865925334338955,97.85033279366793,0.36045250382283267,False
4407,0.5621380056254565,97.8402313392373,0.35825514925966745,False
4408,0.6271502454482835,97.8302315024966,0.3561540127603771,False
4409,0.6857486151292824,97.8203374373005,0.3541498454890335,False
4410,0.7391385203526044,97.81055331623305,0.38840393884133556,False
4411,0.7881133310528374,97.80088332719912,0.41444421669575854,False
4412,0.8332341082038748,97.79133166990111,0.4132456020631537,False
4413,0.8749177494187964,96.9780981425007,0.353752897895483,False
4414,0.9134853951751389,97.68505683393401,0.3507534585661528,False
4415,0.9134853951751389,97.29002320185614,0.32549744108776685,False
4416,0.9134853951751389,97.5955265610438,0.3649653516622576,False
4417,0.9134853951751389,97.58562605277933,0.3612575082715761,False
4418,0.9134853951751389,97.57587146481255,0.3771434109567146,False
4419,0.9134853951751389,96.8493538345439,0.31065669935067064,False
4420,0.9134853951751389,97.67518939393939,0.31090210927997336,False
4421,0.9491912500871044,97.65116498443543,0.31069910226752306,False
4422,0.9491912500871044,97.7168091703467,0.3113374805061714,False
4423,0.9491912500871044,97.70841192003017,0.3637969865267989,False
4424,0.9491912500871044,97.70017035775128,0.3663114829941143,False
4425,0.9491912500871044,97.69208851742806,0.3684452499576965,False
4426,0.9491912500871044,97.68417039931383,0.37054003095375426,False
4427,1.0636474148449135,97.67641996557659,0.37236077766148723,False
4428,1.1448025073660157,97.66884113584037,0.37393617519820893,False
4429,1.2130567797042258,97.66143778269657,0.37529229991834145,False
4430,1.2727370136388871,96.94951250120668,0.3815312615459197,False
4431,1.3258913123445504,96.98329954628825,0.3512188677883615,False
4432,1.3737202473851469,97.68755685354527,0.350905450008593,False
4433,1.4170120333486,97.60744778351261,0.35098984942443956,False
4434,1.4563222253858137,97.6284200806726,0.35114220619151987,False
4435,1.4920618321364798,97.6156670746634,0.35146352959940674,False
4436,1.5245456853609434,96.8078335373317,0.3058669558518516,False
4437,1.5540212201185049,97.49326805385557,0.3064748348763828,False
4438,1.5806866669251578,97.004664866192,0.28336378276470797,False
4439,1.5806866669251578,97.3949869503127,0.28379957644447423,False
4440,1.5806866669251578,97.38778331934226,0.28478474788888525,False
4441,1.6066762863828412,97.38079912858345,0.28569592926572374,False
4442,1.6299970132107466,97.3740382228841,0.2865626655153327,False
4443,1.6507798552739714,96.61454455199801,0.22209217573455273,False
4444,1.6507798552739714,97.2499379498635,0.22615394474720915,False
4445,1.6691327135147183,97.2499379498635,0.22973363747791503,False
4446,1.6851446264305439,97.2499379498635,0.23845244871814852,False
4447,1.6988889003371042,97.2499379498635,0.24547036648722625,False
4448,1.7104254465072817,97.2499379498635,0.25918930019590214,False
4449,1.7198025371586385,97.2499379498635,0.27417785570158115,False
4450,1.7270581231328372,96.61454455199801,0.22627530885152652,False
4451,1.7322208107835517,97.3740382228841,0.24772413448381767,False
4452,1.7353105648064007,97.38079912858345,0.26628505978730815,False
4453,1.736339181998297,97.38778331934226,0.28248629552595117,False
4454,1.7353105648064004,97.3949869503127,0.2949984276027506,False
4455,1.7322208107835513,97.40240608887798,0.3057142554114879,False
4456,1.7270581231328377,97.41003671970624,0.31482471676190116,False
4457,1.7198025371586383,97.41787474984136,0.3224757317824216,False
4458,1.7198025371586383,97.42591601381928,0.3287813529117507,False
4459,1.7198025371586383,97.43415627879905,0.3338322687557007,False
4460,1.7198025371586383,97.44259124969786,0.3377015089851467,False
4461,1.7198025371586383,97.45121657431945,0.3402260345953158,False
4462,1.7198025371586383,97.46002784846593,0.34240537337572163,False
4463,1.671063985680677,97.08147935505478,0.34162280057282796,False
4464,1.6087671991133536,97.56876579110454,0.3389246036026546,False
4465,1.5125568756434098,97.54932109570895,0.3365187136084191,False
4466,1.5164273757656148,97.62899666651016,0.33009982143008576,False
4467,1.5183593905083006,97.62899666651016,0.3246008206172991,False
4468,1.5183593905083006,96.92004319451617,0.31342114438769025,False
4469,1.5164273757656148,97.74637306915818,0.3000425196331219,False
4470,1.5125568756434098,97.72166053207846,0.29528428934984224,False
4471,1.5067348178150048,97.79462758333719,0.31428624119391485,False
4472,1.498941259446481,97.79462758333719,0.3001031487003791,False
4473,1.4891489665409592,97.79462758333719,0.2894808771734278,False
4474,1.477322818602089,97.79462758333719,0.27958682916095845,False
4475,1.4634190046135478,97.79462758333719,0.2700184250784849,False
4476,1.4634190046135478,97.79462758333719,0.26079902787354076,False
4477,1.4634190046135478,97.79462758333719,0.25204508838954526,False
4478,1.4634190046135478,97.79462758333719,0.24379269329408063,False
4479,1.4634190046135478,97.79462758333719,0.23559152507534786,False
4480,1.4634190046135478,97.79462758333719,0.22805947917519534,False
4481,1.4634190046135478,97.79462758333719,0.22237936090888052,False
4482,1.447383961374643,97.79462758333719,0.2171871583608624,False
4483,1.447383961374643,97.79462758333719,0.21247795900763905,False
4484,1.447383961374643,97.79462758333719,0.26144275179859683,False
4485,1.447383961374643,97.79462758333719,0.2583577025554139,False
4486,1.447383961374643,97.79462758333719,0.2556679148791569,False
4487,1.447383961374643,97.79462758333719,0.25334616501382456,False
4488,1.4220900521936763,97.79462758333719,0.2513642741921693,False
4489,1.3939473942522724,97.79462758333719,0.24969349600450022,False
4490,1.362759877482492,97.36878741472923,0.28337539464389155,False
4491,1.3282820174272938,97.01457780261748,0.24335532691850797,False
4492,1.2902007807553537,97.7892030848329,0.24314311191970883,False
4493,1.2481068205144499,97.43865389109605,0.2392426439061549,False
4494,1.2220947914756688,97.86866090207992,0.2374505244893914,False
4495,1.1899285414712581,97.86126354298578,0.24647016337672079,False
4496,1.1504718163625702,97.85401665960751,0.2445758796891281,False
4497,1.1017332648846088,97.84692383965249,0.2431212622067623,False
4498,1.0394364783172854,97.83998863151912,0.24206085737977512,False
4499,0.9432261548473415,97.83321454027084,0.24182310283360509,False
4500,0.9559312637896478,97.82660502359278,0.2417667927933438,False
4501,0.9669852958320848,97.82016348773843,0.24168529067164715,False
4502,0.9669852958320848,97.81389328347475,0.24145800302853881,False
4503,0.9669852958320848,97.80779770203355,0.24131802524740412,False
4504,0.9669852958320848,97.04821883563291,0.19906172324125224,False
4505,0.976414308115487,97.70684101725878,0.20090766486646297,False
4506,0.976414308115487,97.70684101725878,0.20259538080899386,False
4507,0.976414308115487,97.70684101725878,0.20413756108002426,False
4508,0.9669852958320848,97.70684101725878,0.20554571655145992,False
4509,0.9559312637896478,97.70684101725878,0.20683030206493624,False
4510,0.9559312637896478,97.04341137445316,0.14345034770624437,False
4511,0.9559312637896478,97.80779770203355,0.142670632267548,False
4512,0.9559312637896478,97.81389328347475,0.14150721211346437,False
4513,0.9559312637896478,97.82016348773843,0.1399521411590388,False
4514,0.9559312637896478,97.82660502359278,0.13799377366373886,False
4515,0.9559312637896478,97.35474953529383,0.11572453555973934,False
4516,0.9559312637896478,97.74557933368285,0.11526558521438354,False
4517,0.9559312637896478,97.74557933368285,0.11463879304417068,False
4518,0.9559312637896478,97.74557933368285,0.11386308301858311,False
4519,0.9669852958320848,97.74557933368285,0.11295441628032958,False
4520,0.976414308115487,97.74557933368285,0.11192609526209316,False
4521,0.9842399889605549,97.74557933368285,0.11114505530653608,False
4522,0.9904799742690308,97.74557933368285,0.19529121480004677,False
4523,0.995148095654003,97.74557933368285,0.19593751584478725,False
4524,0.9982545693874831,97.35951575234736,0.17939791326710522,False
4525,0.999806132804711,97.82660502359278,0.17788695366545995,False
4526,0.999806132804711,97.82016348773843,0.1767414432968214,False
4527,0.9982545693874831,97.81389328347475,0.1756842252763874,False
4528,0.995148095654003,97.80779770203355,0.1747081754430192,False
4529,0.9904799742690308,97.80187997107737,0.22461325375171695,False
4530,0.9842399889605549,97.7961432506887,0.22556117652217642,False
4531,0.976414308115487,97.79059062939096,0.22650382214507556,False
4532,0.9669852958320848,97.78522512020982,0.2914920224856964,False
4533,0.9669852958320848,97.78004965678399,0.29461664152214273,False
4534,0.9669852958320848,97.77506708953403,0.297408172880299,False
4535,0.9559312637896478,97.7702801818982,0.30058162803538085,False
4536,0.9432261548473415,97.76569160664413,0.3033551394068982,False
4537,0.9288391461883214,97.7613039422652,0.30576418500239777,False
4538,0.9127341558073343,97.75711966947027,0.30784136812921115,False
4539,0.8948692308065574,97.75314116777531,0.30961688780539465,False
4540,0.875195788740725,97.74937071220572,0.31111891894603677,False
4541,0.8536576732793313,97.74581047011716,0.3123980325131005,False
4542,0.8301899714180443,97.02901774679916,0.26907554056997984,False
4543,0.804717519321077,97.64199911018834,0.26946406337583134,False
4544,0.7771529943226336,97.64199911018834,0.2697290757251198,False
4545,0.7473944462440387,97.64199911018834,0.26989426631953745,False
4546,0.7153220528038851,97.64199911018834,0.2697764558054831,False
4547,0.6807937753703206,97.64199911018834,0.2695775372219492,False
4548,0.6436394131461666,97.64199911018834,0.26931913082239417,False
4549,0.603652249754401,97.06916183969503,0.22832077776160878,False
4550,0.560576942614533,97.55093946755242,0.22637249867819906,False
4551,0.560576942614533,97.54777860511292,0.22445980701802729,False
4552,0.560576942614533,96.84785306527674,0.12772253022637972,False
4553,0.6318640827062832,97.43360635393398,0.1188616772280007,False
4554,0.6669740736911405,97.43360635393398,0.11020894928794794,False
4555,0.7391385203526044,97.43360635393398,0.10054504021235842,False
4556,0.7881133310528374,97.43360635393398,0.09125902708446139,False
4557,0.8332341082038747,97.43360635393398,0.08238092939513726,False
4558,0.8332341082038747,97.43360635393398,0.07395499389496764,False
4559,0.8332341082038747,97.43360635393398,0.06604602084325117,False
4560,0.8332341082038747,97.43360635393398,0.05840022001988605,False
4561,0.8332341082038747,97.43360635393398,0.14664772697659723,False
4562,0.8332341082038747,97.43360635393398,0.14901580150352692,False
4563,0.8749177494187964,97.43360635393398,0.15122467655349894,False
4564,0.9134853951751389,97.43360635393398,0.15448318045888798,False
4565,0.9491912500871044,97.43360635393398,0.15842908187361973,False
4566,0.9822408213425595,97.43360635393398,0.1624131489487236,False
4567,1.012803023254148,97.43360635393398,0.1663993637740603,False
4568,1.041018523939755,97.43360635393398,0.1703559750062972,False
4569,1.041018523939755,97.43360635393398,0.17425491589211636,False
4570,1.041018523939755,97.43360635393398,0.1780712571050338,False
4571,1.0670056836533544,97.43360635393398,0.1817827053193717,False
4572,1.090864890696142,97.43360635393398,0.1853691508831605,False
4573,1.1126817966979572,97.43360635393398,0.18877553564972813,False
4574,1.132529774880598,97.43360635393398,0.1982363686215127,False
4575,1.1504718163625702,97.43360635393398,0.2061292591052436,False
4576,1.1665620111568704,97.43360635393398,0.2131634731470809,False
4577,1.1808467161073357,97.43360635393398,0.2194324319378188,False
4578,1.193365482413587,97.43360635393398,0.22501066426435654,False
4579,1.2041517951932372,97.43360635393398,0.2299587717202879,False
4580,1.2132336634320215,97.43360635393398,0.2496475359399006,False
4581,1.2206340886225493,96.80317696698933,0.21742193554456302,False
4582,1.2263714330738393,97.55770662695458,0.2761709442778287,False
4583,1.2304597034223903,97.57106961619944,0.3212740404198934,False
4584,1.2329087607099036,97.58935993349958,0.35750649479435354,False
4585,1.2337244651110395,97.60275634493134,0.38757674820698507,False
4586,1.2329087607099036,97.60612521806551,0.38564867220767096,False
4587,1.2304597034223903,97.60971597232303,0.4193975011273063,False
4588,1.2263714330738393,97.61352657004831,0.4485614712498553,False
4589,1.2206340886225493,97.61755485893417,0.4740402732444417,False
4590,1.2132336634320215,97.62179857500482,0.496453223225621,False
4591,1.2041517951932372,97.62625534573063,0.5162506957800309,False
4592,1.193365482413587,97.63092269326684,0.5325574728435731,False
4593,1.180846716107336,97.63579803780809,0.5471957952680493,False
4594,1.180846716107336,97.21107927411653,0.5582030428739352,False
4595,1.180846716107336,97.72716443512651,0.5683676711204944,False
4596,1.1665620111568704,97.72716443512651,0.5775839186912295,False
4597,1.1504718163625702,97.72716443512651,0.5859229479032474,False
4598,1.132529774880598,97.72716443512651,0.5936252033850379,False
4599,1.1126817966979572,97.72716443512651,0.6008883899875438,False
4600,1.090864890696142,97.08867394101111,0.5950427598448422,False
4601,1.0670056836533541,97.78910754276457,0.6026746900905676,False
4602,1.041018523939755,98.3029092983457,0.5867334506908974,False
4603,1.0128030232541478,98.3029092983457,0.5623862969347986,False
4604,0.9822408213425595,98.3029092983457,0.5487332614101893,False
4605,0.9491912500871044,98.3029092983457,0.58813374686132,False
4606,0.9134853951751389,97.61836851112379,0.6391895607964703,False
4607,0.8749177494187964,98.40273816314888,0.6609190179872301,False
4608,0.8332341082038748,98.40962718263332,0.6792979328466006,False
4609,0.7881133310528374,98.41656516443362,0.6947553010901362,False
4610,0.7881133310528374,98.42354910714286,0.7076420213254321,False
4611,0.7881133310528374,98.43057607090104,0.7170012657927134,False
4612,0.8332341082038748,98.43764317786126,0.7254499775714182,False
4613,0.8749177494187964,98.44474761255115,0.7329340543235056,False
4614,0.8431953160789711,98.45188662213396,0.7395162360304136,False
4615,0.7967286463062391,98.45905751657409,0.7452490108647716,False
4616,0.7153220528038851,98.46625766871166,0.7501879400230023,False
4617,0.7473944462440387,98.47348451425042,0.7441145860617118,False
4618,0.7771529943226336,98.48511383537654,0.7497177694051748,False
4619,0.7771529943226336,98.50104275286758,0.7542674735241893,False
4620,0.7771529943226336,97.84063260340632,0.7630493357548256,False
4621,0.7771529943226336,98.57924921793536,0.7636515481474333,False
4622,0.7771529943226336,98.5787945751549,0.764148132455409,False
4623,0.7771529943226336,98.18959557552714,0.7709032604726163,False
4624,0.7771529943226336,98.61703502649605,0.7697334304322591,False
4625,0.7771529943226336,99.3709878936711,0.7289717345718684,False
4626,0.7771529943226336,99.37285223367698,0.6892938830026768,False
4627,0.7771529943226336,99.37475911095885,0.6507760226148712,False
4628,0.7771529943226336,99.37670765027322,0.6135051349254904,False
4629,0.7771529943226336,99.37869696582834,0.5775840658966399,False
4630,0.7771529943226336,99.38072616219884,0.543132654304172,False
4631,0.7771529943226336,99.38279433523567,0.511635849332296,False
4632,0.7771529943226336,99.38490057296933,0.4818759362056811,False
4633,0.7771529943226336,99.38704395650531,0.45260752244101526,False
4634,0.7771529943226336,99.38922356091031,0.42378053146324157,False
4635,0.804717519321077,99.3914384560877,0.39564282538487205,False
4636,0.8301899714180443,99.39368770764119,0.36840471055713075,False
4637,0.8536576732793313,99.06499524223243,0.36393985272280627,False
4638,0.875195788740725,99.46010550609957,0.3355098363611989,False
4639,0.8948692308065574,99.46010550609957,0.31831986045848903,False
4640,0.9127341558073343,99.46010550609957,0.29252413052970483,False
4641,0.9288391461883214,99.46010550609957,0.2677710627022754,False
4642,0.9432261548473415,99.46010550609957,0.24411010879116576,False
4643,0.9559312637896478,99.46010550609957,0.22160116408493735,False
4644,0.9669852958320848,99.46010550609957,0.20031740070642975,False
4645,0.976414308115487,99.46010550609957,0.180348738952953,False
4646,0.9842399889605549,99.46010550609957,0.16180579177884893,False
4647,0.9904799742690308,99.46010550609957,0.14482361758198348,False
4648,0.995148095654003,99.46010550609957,0.12975485883083346,False
4649,0.9982545693874831,99.46010550609957,0.11658037079697382,False
4650,0.999806132804711,99.46010550609957,0.10545005622674399,False
4651,0.999806132804711,99.46010550609957,0.09862205245156604,False
4652,0.9982545693874831,99.46010550609957,0.09377705437850109,False
4653,0.995148095654003,99.46010550609957,0.18477327725398174,False
4654,0.9904799742690308,99.46010550609957,0.184434111193074,False
4655,0.9842399889605549,99.46010550609957,0.1845498782325614,False
4656,0.976414308115487,99.46010550609957,0.1847100418345402,False
4657,0.9669852958320848,99.46010550609957,0.1849115807702335,False
4658,0.9559312637896478,99.46010550609957,0.185151590589681,False
4659,0.9432261548473415,99.06499524223243,0.16696757099621004,False
4660,0.9288391461883214,99.39368770764119,0.16736729435904954,False
4661,0.9127341558073343,99.3914384560877,0.1677582227864977,False
4662,0.9127341558073343,99.38922356091031,0.16813992102322234,False
4663,0.9127341558073343,99.38704395650531,0.1685123630763824,False
4664,0.9127341558073343,99.38490057296933,0.1688759013962985,False
4665,0.9127341558073343,99.38279433523567,0.16923123600876577,False
4666,0.9127341558073343,99.38072616219884,0.16957938358805758,False
4667,0.9127341558073343,99.37869696582834,0.18711160127568388,False
4668,0.9127341558073343,99.37670765027322,0.18941950637646174,False
4669,0.8948692308065574,99.37475911095885,0.2250320266038271,False
4670,0.875195788740725,99.37285223367698,0.22965688439138957,False
4671,0.875195788740725,99.3709878936711,0.2339437269145669,False
4672,0.8948692308065574,99.36916695471828,0.23791555608713852,False
4673,0.9127341558073343,98.69145110273409,0.18017417290821988,False
4674,0.9288391461883214,99.43952033368092,0.184597549706228,False
4675,0.9432261548473415,99.43952033368092,0.1886107822085321,False
4676,0.9559312637896478,99.43952033368092,0.1922458892622181,False
4677,0.9669852958320848,99.43952033368092,0.1955305724547333,False
4678,0.976414308115487,99.43952033368092,0.19848911976265635,False
4679,0.9842399889605549,99.43952033368092,0.20114309129855057,False
4680,0.9904799742690308,99.43952033368092,0.20351184919507262,False
4681,0.995148095654003,99.43952033368092,0.205612973839062,False
4682,0.9982545693874831,99.43952033368092,0.20746259581869333,False
4683,0.999806132804711,99.43952033368092,0.2090756644122603,False
4684,0.999806132804711,99.43952033368092,0.2098659101967081,False
4685,0.999806132804711,99.43952033368092,0.210543536546304,False
4686,0.999806132804711,99.43952033368092,0.21111383403273928,False
4687,0.999806132804711,99.02241918665277,0.19654389125686866,False
4688,0.999806132804711,99.50469238790407,0.2443645319638524,False
4689,0.999806132804711,98.81942931823133,0.2119357143256717,False
4690,0.999806132804711,99.56761006289308,0.20682725481696285,False
4691,0.999806132804711,99.56761006289308,0.2018798320983413,False
4692,0.999806132804711,99.56761006289308,0.27273951932450735,False
4693,0.999806132804711,99.56761006289308,0.3610764186710127,False
4694,0.999806132804711,99.56761006289308,0.4274327499546828,False
4695,0.999806132804711,99.56761006289308,0.42917441516122834,False
4696,0.9982545693874831,99.56761006289308,0.4305453542384612,False
4697,0.995148095654003,99.56761006289308,0.4315864967297598,False
4698,0.9904799742690308,99.56761006289308,0.43266616856386864,False
4699,0.9842399889605549,99.56761006289308,0.4334139103317091,False
4700,0.976414308115487,99.56761006289308,0.4343624293010815,False
4701,0.9669852958320848,99.56761006289308,0.43497251507111734,False
4702,0.9559312637896478,99.56761006289308,0.43529506338811014,False
4703,0.9432261548473415,99.56761006289308,0.4522509061231167,False
4704,0.9288391461883214,99.56761006289308,0.4532078725187126,False
4705,0.9127341558073343,99.56761006289308,0.45394881151266053,False
4706,0.8948692308065574,99.56761006289308,0.4544973219651434,False
4707,0.875195788740725,99.56761006289308,0.4946768914010303,False
4708,0.8536576732793313,98.81942931823133,0.472769238210914,False
4709,0.8301899714180443,99.50469238790407,0.4733056625207011,False
4710,0.804717519321077,99.50604445599896,0.4833291174976522,False
4711,0.7771529943226336,99.50743173176633,0.48326388601486225,False
4712,0.7473944462440387,98.62599377808503,0.4752540195795525,False
4713,0.7153220528038851,98.36715350480375,0.4104439570272963,False
4714,0.6807937753703206,98.36715350480375,0.3390803511760116,False
4715,0.6436394131461666,99.1211063719788,0.33560704820102355,False
4716,0.603652249754401,99.12800687285224,0.3329911462514038,False
4717,0.560576942614533,99.13494068776498,0.3539445792509852,False
4718,0.5140912790181235,99.14190573770492,0.3547043147553703,False
4719,0.4637773498877516,99.1488999531895,0.3556016579243425,False
4720,0.40907313904382653,99.15592127587377,0.35672091039706155,False
4721,0.3491843735073079,99.16296766011413,0.3587263921449261,False
4722,0.2829047929798921,99.17003707448602,0.376340532172381,False
4723,0.2829047929798921,98.74873609706775,0.3591521440344965,False
4724,0.2829047929798921,99.11948095719582,0.36056895726451743,False
4725,0.2829047929798921,99.11948095719582,0.36017968656445554,False
4726,0.2829047929798921,99.11948095719582,0.3607473344032355,False
4727,0.2829047929798921,98.36265166463747,0.30464963943221207,False
4728,0.2829047929798921,99.06710174029452,0.30495746311925265,False
4729,0.2829047929798921,99.07465299487308,0.30556506256127297,False
4730,0.208180945557171,98.72734123163227,0.2907997273144645,False
4731,0.12068101401352381,99.1212949337818,0.2921064205766054,False
4732,-0.0,98.37677474041111,0.24101742068673593,False
4733,-0.0,99.1797325586363,0.24138472243586365,False
4734,-0.0,99.17980264001025,0.24105684680203912,False
4735,-0.0,99.18421389826165,0.2401725139896134,False
4736,-0.0,99.18442290447926,0.23880513195580555,False
4737,-0.0,98.45498364606645,0.20141223396619334,False
4738,-0.0,99.23227065712427,0.1945607019486256,False
4739,-0.0,99.23351624422959,0.18814826948817615,False
4740,-0.0,99.23483887892965,0.18079679650327274,False
4741,-0.0,99.23623913616012,0.17233505718945052,False
4742,-0.0,98.4505311210605,0.12465618332421881,False
4743,-0.0,99.23184970590817,0.1630032543088141,False
4744,-0.0,99.22446461619812,0.15673944264742923,False
4745,-0.0,99.16514942937076,0.15532741418845264,False
4746,-0.0,99.19896178286942,0.15242083304524484,False
4747,-0.0,99.19278466741827,0.14997536071709405,False
4748,-0.0,99.18658547668818,0.14885604634048852,False
4749,-0.0,99.18036540134622,0.14809111814566256,False
4750,-0.0,99.17412568053889,0.1476320576040836,False
4751,-0.0,99.16786760262191,0.14743069950547985,False
4752,-0.0,99.1615925058548,0.24859986742715953,False
4753,-0.0,99.15530177905714,0.25035879942505396,False
4754,-0.0,99.14899686222307,0.2521252321040367,False
4755,-0.0,99.14267924709038,0.25365974516222134,False
4756,-0.0,99.13635047766091,0.29574250937727153,False
4757,-0.0,99.13001215066829,0.2987507969331366,False
4758,-0.0,99.12366591598942,0.3018531741775511,False
4759,-0.0,99.1173134769959,0.30480493031655326,False
4760,-0.0,99.11095659084137,0.30759750035592126,False
4761,-0.0,99.1045970686809,0.31024344166020906,False
4762,-0.0,99.09823677581863,0.3127065942088472,False
4763,-0.0,98.58962693357597,0.2914406829861622,False
4764,-0.0,99.0160275918036,0.2930563673003291,False
4765,-0.0,99.00773458172196,0.29445348128661464,False
4766,-0.0,98.99948953547728,0.2956438357461353,False
4767,-0.0,98.99129544290835,0.29663742482407107,False
4768,-0.0,98.98315529991783,0.29699668965906206,False
4769,-0.0,98.97507210548001,0.34524373768857697,False
4770,-0.0,98.967048858589,0.3442411522909525,False
4771,-0.0,98.95908855515277,0.34321639366242873,False
4772,-0.0,98.16675297773175,0.277549248531783,False
4773,-0.0,98.88658726048679,0.2748221653461351,False
4774,-0.0,98.88658726048679,0.27242018943997093,False
4775,-0.0,98.88658726048679,0.270327685070735,False
4776,-0.0,98.34371754932502,0.22285328669202586,False
4777,-0.0,98.79762648344784,0.21828303817508662,False
4778,-0.0,98.78952311384744,0.21389548276930184,False
4779,0.12068101401352381,98.78150821043823,0.20971297386349144,False
4780,0.208180945557171,98.77358490566037,0.20575715510194534,False
4781,0.2829047929798921,98.76575630252101,0.20204870551888357,False
4782,0.3491843735073079,98.75802547100305,0.1986070477939803,False
4783,0.40907313904382653,98.7503954444796,0.22622983336229913,False
4784,0.4637773498877516,98.74286921614198,0.2252067945023227,False
4785,0.5140912790181235,98.73544973544973,0.22424435677615373,False
4786,0.560576942614533,98.72813990461049,0.2233551606914914,False
4787,0.603652249754401,98.72094257509818,0.22211012780715977,False
4788,0.6436394131461666,98.71386054421768,0.22091007285542075,False
4789,0.6807937753703206,98.04171988080034,0.13204353918928827,False
4790,0.7153220528038851,98.77464038359084,0.13302700089040126,False
4791,0.7473944462440387,98.77464038359084,0.13389953296295096,False
4792,0.7771529943226336,98.77464038359084,0.13463643883253623,False
4793,0.804717519321077,98.77464038359084,0.13521535077704472,False
4794,0.8301899714180443,98.77464038359084,0.18702148557754456,False
4795,0.8536576732793313,98.77464038359084,0.18917553507886006,False
4796,0.875195788740725,98.77464038359084,0.22645054077694804,False
4797,0.8948692308065574,98.77464038359084,0.22726817239716893,False
4798,0.9127341558073343,98.77464038359084,0.22810465083596604,False
4799,0.9288391461883214,98.77464038359084,0.22894655807916883,False
4800,0.9432261548473415,98.77464038359084,0.2293634546778633,False
4801,0.9559312637896478,98.77464038359084,0.22979530313651253,False
4802,0.9669852958320848,98.77464038359084,0.2302397428738529,False
4803,0.976414308115487,98.22589238145977,0.20060160285748704,False
4804,0.9842399889605549,98.84922749067661,0.19952257994643643,False
4805,0.9904799742690308,98.84266666666667,0.1987174702267312,False
4806,0.995148095654003,98.8362161007901,0.1981745509191915,False
4807,0.9982545693874831,98.8298781790981,0.19837548630270277,False
4808,0.999806132804711,98.82365522404021,0.19886282004410702,False
4809,0.999806132804711,98.8175494917068,0.19962055856496433,False
4810,0.9982545693874831,98.81156316916488,0.20063154270763275,False
4811,0.995148095654003,98.80569837189374,0.2018776891918921,False
4812,0.9904799742690308,98.79995714132647,0.20334022967350246,False
4813,0.9842399889605549,98.79434144250348,0.2049999391296144,False
4814,0.976414308115487,98.16184351554126,0.16119291581170567,False
4815,0.9669852958320848,98.84780278670954,0.16089576429520436,False
4816,0.9559312637896478,98.16720257234726,0.14400548522540116,False
4817,0.9432261548473415,98.79434144250348,0.14326242253742988,False
4818,0.9288391461883214,98.79995714132647,0.14240810330871162,False
4819,0.9127341558073343,98.80569837189374,0.14144263682942237,False
4820,0.8948692308065574,98.81156316916488,0.14104876177574494,False
4821,0.875195788740725,98.8175494917068,0.1704914836684191,False
4822,0.8536576732793313,98.82365522404021,0.17258292710814926,False
4823,0.8301899714180443,98.8298781790981,0.17408116511894992,False
4824,0.804717519321077,98.8362161007901,0.175038960008283,False
4825,0.7771529943226336,98.84266666666667,0.17488623608175413,False
4826,0.7473944462440387,98.84922749067661,0.17439186687578964,False
4827,0.7153220528038851,98.85589612601107,0.17315731119594036,False
4828,0.7153220528038851,98.86267006802721,0.22419686889513663,False
4829,0.7153220528038851,98.86954675724445,0.22436067609819346,False
4830,0.7153220528038851,98.87652358240594,0.22431842617705783,False
4831,0.7153220528038851,98.88359788359789,0.24337029483122158,False
4832,0.6807937753703206,98.8907669554194,0.24551168893955205,False
4833,0.6807937753703206,98.89802805019508,0.24709060135613867,False
4834,0.6807937753703206,98.90537838122303,0.24862106756120617,False
4835,0.6807937753703206,98.91281512605042,0.24965055069566555,False
4836,0.6807937753703206,98.34033613445378,0.23030695063205311,False
4837,0.6807937753703206,98.83928571428571,0.23191841352818382,False
4838,0.6807937753703206,98.83928571428571,0.23325436083214743,False
4839,0.6807937753703206,98.83928571428571,0.23435488781027797,False
4840,0.7153220528038851,98.83928571428571,0.23525541423483845,False
4841,0.7473944462440387,98.34558823529412,0.21532237735985155,False
4842,0.7771529943226336,98.91281512605042,0.2138381268295061,False
4843,0.7771529943226336,98.90537838122303,0.21256990376001728,False
4844,0.7771529943226336,98.89802805019508,0.21150900864211647,False
4845,0.7771529943226336,98.8907669554194,0.21115596475566978,False
4846,0.7771529943226336,98.88359788359789,0.2507928061955507,False
4847,0.804717519321077,98.87652358240594,0.37982176702032855,False
4848,0.8301899714180443,98.1795987687082,0.37609748129321485,False
4849,0.8536576732793313,98.9264455782313,0.39684203649933975,False
4850,0.9665364727522964,98.9264455782313,0.4150811539752054,False
4851,1.046078320219219,98.37372448979592,0.4211174070556776,False
4852,1.1126817966979572,98.99022108843538,0.4365784187590266,False
4853,1.1706718933538656,98.98361004682843,0.45070546247298027,False
4854,1.2220947914756686,98.97709110282365,0.5307991372808578,False
4855,1.2681489963097885,98.97066666666667,0.5430561936886817,False
4856,1.3096204968427199,98.96433909886825,0.5997936482934587,False
4857,1.3470624465271646,98.95811070741611,0.610275422792675,False
4858,1.3808832571151748,98.95198374505401,0.6195187678931684,False
4859,1.4113949465359856,98.94596040663457,0.6285117811523075,False
4860,1.438841894200673,98.94004282655246,0.681810219496569,False
4861,1.4634190046135478,98.93423307626392,0.6898899549857533,False
4862,1.4634190046135478,98.92853316189864,0.6973653120857066,False
4863,1.4634190046135478,98.92294502196978,0.7036241173719983,False
4864,1.4634190046135478,98.91747052518757,0.7087927062726839,False
4865,1.4852837267582453,98.91211146838157,0.712988495637631,False
4866,1.5045643034921028,98.2261521972133,0.7033462587570978,False
4867,1.5213655983156218,97.55653199014039,0.6458293513803869,False
4868,1.535773302827334,98.1892210436087,0.6340059675266737,False
4869,1.5478570234493585,98.1898029134533,0.6223521366932809,False
4870,1.557672567089349,98.19057815845824,0.6109565985246652,False
4871,1.565263635906296,98.18328840970351,0.5995416661455713,False
4872,1.570663071721726,98.17066550863099,0.5872147979810379,False
4873,1.5738937446297545,98.16353301268036,0.5752034904402654,False
4874,1.5749691486891673,97.40564749576711,0.5008664349654444,False
4875,1.5738937446297547,98.0844793713163,0.4862927270482395,False
4876,1.570663071721726,97.44597249508841,0.4131303349897304,False
4877,1.565263635906296,98.02444881030343,0.39653655076858646,False
4878,1.5576725670893488,98.02444881030343,0.38104517374982677,False
4879,1.5478570234493585,98.02444881030343,0.3653321238638137,False
4880,1.535773302827334,97.29567635352488,0.2515922337361684,False
4881,1.5213655983156216,97.94662309368192,0.22816474608575074,False
4882,1.5045643034921028,97.94896904412165,0.20422049227591235,False
4883,1.5045643034921028,97.95153227559226,0.18200489972970674,False
4884,1.5045643034921028,97.954311140051,0.1618156455819907,False
4885,1.5045643034921028,97.95730385782402,0.1430387610641542,False
4886,1.5045643034921028,97.96050852042197,0.12671569825865953,False
4887,1.5045643034921028,97.96392309354073,0.11230417036250247,False
4888,1.5045643034921028,97.96754542023828,0.10091156807558369,False
4889,1.5076213244090613,97.97137322427895,0.09291971868535989,False
4890,1.5076213244090613,97.97540411363514,0.08848969409768706,False
4891,1.5045643034921028,97.97963558413718,0.08591526630612696,False
4892,1.5045643034921028,97.98406502326078,0.08587222129896012,False
4893,1.5076213244090613,97.98868971404183,0.08761332491564117,False
4894,1.5076213244090613,97.993506839108,0.09031574998862185,False
4895,1.5076213244090613,97.99851348481631,0.0932064709017899,False
4896,1.5045643034921028,98.00370664548583,0.0956041065678495,False
4897,1.4984244813325358,98.00908322771441,0.09772144127485578,False
4898,1.4891489665409592,98.01464005476855,0.10017440119166561,False
4899,1.4766549183659508,98.0203738710355,0.10237286382011003,False
4900,1.4608248015713592,98.02628134652636,0.11699566599252201,False
4901,1.441499001640642,98.03235908141963,0.11597660555116888,False
4902,1.418464503832282,98.0386036106342,0.11442185401844988,False
4903,1.3914372992027793,98.04501140842149,0.11228493997345404,False
4904,1.3914372992027793,98.05157889296605,0.10950386559433697,False
4905,1.3914372992027793,98.05830243098475,0.1073487868762925,False
4906,1.3914372992027793,98.0651783423146,0.10470553904979232,False
4907,1.3914372992027793,98.07220290447944,0.10263462576479672,False
4908,1.360034097940745,98.07937235722655,0.10020682940809132,False
4909,1.3237243701143493,98.08668290702396,0.09739188934727727,False
4910,1.2817425764699486,98.09413073151003,0.09415193564173023,False
4911,1.2834031297544843,98.10171198388721,0.20376182854982192,False
4912,1.2834031297544843,98.1094227972519,0.321696134013488,False
4913,1.2817425764699486,98.11725928885338,0.36693013624223314,False
4914,1.278417365535648,98.1252175642747,0.4045274423543068,False
4915,1.2734192269994746,98.13329372152901,0.4365316338682396,False
4916,1.2667356005770385,98.14148385506532,0.4641645477632885,False
4917,1.2583494426149708,98.14978405967805,0.48823082383117206,False
4918,1.2482389571842902,98.1581904343153,0.5092971943943,False
4919,1.2363772403452271,98.16669908578098,0.5277833409078413,False
4920,1.222731822382257,97.79712118264929,0.5425802564826818,False
4921,1.2072640872959293,98.10348181287688,0.5859406056096582,False
4922,1.1899285414712581,98.10348181287688,0.6031541736867729,False
4923,1.1899285414712581,98.10348181287688,0.6182367306523762,False
4924,1.1899285414712581,98.10348181287688,0.6314138111624461,False
4925,1.1899285414712581,98.10348181287688,0.6428760792120045,False
4926,1.1706718933538656,98.10348181287688,0.659143214578298,False
4927,1.1494318918359776,98.10348181287688,0.6684600808172118,False
4928,1.1261358508278745,98.10348181287688,0.67647197266289,False
4929,1.100698757874416,98.10348181287688,0.7006243654577066,False
4930,1.0730208202534555,98.10348181287688,0.7088903638357026,False
4931,1.0429842335712594,97.27505929045061,0.6926949655873138,False
4932,1.01044884930661,96.9459367891196,0.6528066061359746,False
4933,0.9752462395674341,97.2314989593921,0.6345210042632189,False
4934,0.9371713531760616,97.2314989593921,0.6697892999650656,False
4935,0.8959704136014895,97.2314989593921,0.6540515352248337,False
4936,0.9080831196860789,97.2314989593921,0.6502301489323862,False
4937,0.9120433642792949,97.2314989593921,0.6372946845339504,False
4938,0.9080831196860789,97.2314989593921,0.6324068242417961,False
4939,0.8959704136014895,97.2314989593921,0.6178382512605379,False
4940,0.8749177494187964,97.21088435374149,0.6029326982372781,False
4941,0.843195316078971,96.81243926141886,0.5614204168461604,False
4942,0.7967286463062392,97.11856171039844,0.5434258395953863,False
4943,0.7153220528038851,97.11856171039844,0.5268677118157922,False
4944,0.7473944462440387,97.11856171039844,0.5116736230314374,False
4945,0.7771529943226336,97.11856171039844,0.4978652910162511,False
4946,0.804717519321077,96.97471622740781,0.47678867710580947,False
4947,0.8301899714180443,97.08927524907209,0.4676128825464891,False
4948,0.8536576732793313,97.08718852499143,0.48077117583129125,False
4949,0.875195788740725,96.70044548881383,0.45179422835998867,False
4950,0.8948692308065574,96.98438341410878,0.44524993459541434,False
4951,0.9127341558073343,96.98438341410878,0.43955317041333497,False
4952,0.9288391461883214,96.98438341410878,0.4356364700564993,False
4953,0.9288391461883214,96.96329418701784,0.43203188681239296,False
4954,0.9288391461883214,96.09875336103642,0.34019552595785146,False
4955,0.9288391461883214,96.89703808180536,0.33665768184099254,False
4956,0.9127341558073343,96.58090559797675,0.3110031230771161,False
4957,0.9127341558073343,96.79976654831964,0.3057389756118779,False
4958,0.9127341558073343,96.57117844462817,0.285152781574949,False
4959,0.9127341558073343,96.89703808180536,0.28745265266387104,False
4960,0.9127341558073343,96.88584698117819,0.2904864401311586,False
4961,0.9127341558073343,96.87484644489214,0.2937022843123154,False
4962,0.9127341558073343,96.86404266877376,0.2964763396218704,False
4963,0.9127341558073343,96.85344185815673,0.2986167669553332,False
4964,0.9127341558073343,96.84305022193406,0.3003733063209486,False
4965,0.9127341558073343,96.83287396642446,0.3026852697872232,False
4966,0.9127341558073343,96.82291928905896,0.30466492250092936,False
4967,0.9127341558073343,96.65263478216767,0.3015560740464913,False
4968,0.9127341558073343,96.22439620911037,0.2633084283505593,False
4969,0.9127341558073343,96.5194246813738,0.2543778374983354,False
4970,0.9127341558073343,96.50899742930591,0.2455777703895337,False
4971,0.9127341558073343,96.49883810999225,0.23691557386388656,False
4972,0.9127341558073343,96.48895342806763,0.2275163061940319,False
4973,0.9127341558073343,96.4793500338524,0.21812180523851102,False
4974,0.9127341558073343,96.47003451521807,0.20879009212975153,False
4975,0.9127341558073343,96.46101338934103,0.20052252777354207,False
4976,0.9127341558073343,96.45229309435952,0.19331077304364377,False
4977,0.9127341558073343,96.44387998094936,0.18694799240265123,False
4978,0.9127341558073343,96.43578030383512,0.1820706745520854,False
4979,0.9127341558073343,96.42800021325372,0.17958163831143772,False
4980,0.9127341558073343,96.42054574638844,0.17829438167374106,False
4981,0.9127341558073343,96.41342281879194,0.1789489873766774,False
4982,0.9127341558073343,96.40663721581726,0.18156909210147026,False
4983,0.9127341558073343,96.40019458407653,0.26575205511820826,False
4984,0.9127341558073343,96.39410042294762,0.2739481994480588,False
4985,0.9127341558073343,96.38836007614904,0.28553140359731927,False
4986,0.9288391461883214,96.38297872340425,0.36792923304425196,False
4987,0.9288391461883214,96.37796137221645,0.4480362600483178,False
4988,0.9288391461883214,96.37331284977505,0.45367960925364703,False
4989,0.9288391461883214,96.36903779501569,0.45851229024854784,False
4990,0.9288391461883214,96.36514065085494,0.46282493300641125,False
4991,1.0394364783172854,96.36162565662151,0.4956138156902159,False
4992,1.1166404295430468,96.35849684070502,0.49570380646069084,False
4993,1.1808467161073357,96.3557580134437,0.5138495110711054,False
4994,1.1808467161073357,96.35341276027168,0.5309482521109482,False
4995,1.1808467161073357,96.3183297788753,0.5376254562198728,False
4996,1.193365482413587,96.28875311156371,0.5493395039734186,False
4997,1.193365482413587,96.25912408759125,0.5494189396955736,False
4998,1.193365482413587,96.22945166111047,0.5543570018282385,False
4999,1.193365482413587,96.1997451048546,0.5586413077803788,False
5000,1.1808467161073357,96.17001401214385,0.5624197925700176,False
5001,1.1665620111568704,96.14026829842315,0.5656806773648271,False
5002,1.1504718163625702,96.11051820230048,0.5637571788122806,False
5003,1.132529774880598,95.4623745322801,0.5401190086753672,False
5004,1.1126817966979572,95.96668649613325,0.5463118857093193,False
5005,1.090864890696142,95.88827619275953,0.5497248108156211,False
5006,1.0670056836533544,95.22809123649459,0.4978968839010586,False
5007,1.041018523939755,95.08354369515567,0.44464651216650314,False
5008,1.012803023254148,95.82982308340354,0.4550926141498261,False
5009,0.9822408213425595,95.82982308340354,0.44840490469029015,False
5010,0.9491912500871044,95.82982308340354,0.4692909607572964,False
5011,0.9134853951751389,95.33036466482127,0.43335285196192225,False
5012,0.8749177494187964,95.95619208087616,0.4541406804220199,False
5013,0.8332341082038747,96.70481927710843,0.4543239306547458,False
5014,0.7881133310528374,96.70481927710843,0.4534561860715569,False
5015,0.7391385203526044,96.50662953320821,0.4634330610855851,False
5016,0.6857486151292823,96.63543441226575,0.46096059955886165,False
5017,0.6857486151292823,95.9600876125578,0.47008201109900927,False
5018,0.6857486151292823,96.47724507179362,0.4700401064743022,False
5019,0.6857486151292823,96.47724507179362,0.4684423513697657,False
5020,0.6857486151292823,96.47724507179362,0.465526084964519,False
5021,0.6857486151292823,96.47724507179362,0.45965535173501065,False
5022,0.6857486151292823,95.97225602336334,0.4611105712437909,False
5023,0.6857486151292823,96.62935020686298,0.4592705928967961,False
5024,0.6857486151292823,96.6256547691558,0.4656441555489341,False
5025,0.6857486151292823,96.622363126448,0.4543178427662859,False
5026,0.6857486151292823,95.9665608982182,0.45511477058942396,False
5027,0.6857486151292823,96.7085979482169,0.43885814644451837,False
5028,0.6857486151292823,96.7085979482169,0.4228063917115572,False
5029,0.6857486151292823,96.1590131900342,0.42579868844229724,False
5030,0.6857486151292823,96.85515388373229,0.3993879690347217,False
5031,0.6857486151292823,96.12068965517241,0.4028520903115278,False
5032,0.6857486151292823,96.8014484007242,0.3819844810972811,False
5033,0.6857486151292823,96.82063587282543,0.3599113528203685,False
5034,0.6857486151292823,96.83997138087288,0.3391510596035032,False
5035,0.6857486151292823,96.85944536620052,0.3147718356985397,False
5036,0.6857486151292823,96.785290628707,0.29916742017191184,False
5037,0.6857486151292823,96.80042740116347,0.2844785388988409,False
5038,0.6857486151292823,96.78626589045979,0.2739508498912904,False
5039,0.6857486151292823,96.77246790299571,0.26566964935095777,False
5040,0.7391385203526044,96.75903901046622,0.2590799448488598,False
5041,0.7881133310528374,96.65675193337299,0.2577632593721677,False
5042,0.8332341082038747,96.77496132333691,0.2533262531046274,False
5043,0.8749177494187964,96.09314513727593,0.22924980067330428,False
5044,0.9134853951751389,95.94707354869472,0.18389885294320515,False
5045,0.9491912500871044,96.73167531460606,0.17866702144538343,False
5046,0.9822408213425595,96.75105235074406,0.17253324540918877,False
5047,0.9822408213425595,96.77058164888915,0.16533053476019977,False
5048,1.012803023254148,96.79025361682189,0.15871387339234372,False
5049,1.041018523939755,96.81005879271203,0.15176643834161552,False
5050,1.0670056836533544,96.82998785214323,0.14466488878099748,False
5051,1.0670056836533544,96.8500316146462,0.2129281840352132,False
5052,1.0236982481827188,96.87018104974584,0.20601613204443847,False
5053,0.9665364727522964,96.89042728252852,0.19998915055482921,False
5054,0.875195788740725,96.91076159873725,0.19448499025822263,False
5055,0.8948692308065574,96.82181900146512,0.258685323643172,False
5056,0.9127341558073343,96.8684877499296,0.2553845484004097,False
5057,0.9127341558073343,96.85916919959473,0.3075659934101259,False
5058,0.9127341558073343,96.85021654761235,0.3081849788330803,False
5059,0.9127341558073343,96.84163201079015,0.3088222957332607,False
5060,1.006634797484697,96.83341755095167,0.309742409675833,False
5061,1.0239228180015463,96.8255748738082,0.31049230270098055,False
5062,1.0394364783172854,96.81810542826733,0.31133888255713876,False
5063,1.0532169913190046,96.83898399910484,0.311706767360793,False
5064,1.0652996405533381,96.80958811613775,0.3121438341069588,False
5065,1.0757143856082798,96.78021729289271,0.31252709575691245,False
5066,1.1837864259172868,96.7508819847502,0.3127971191246502,False
5067,1.2583957536314228,96.72159285959492,0.31284904745527,False
5068,1.3199341661153423,96.69236079153244,0.31260957762431857,False
5069,1.3266177925377785,96.66319685403654,0.317078637648786,False
5070,1.331615931073952,96.6341123125218,0.3166994147125419,False
5071,1.3349411420082524,96.00327217482763,0.2710693561117757,False
5072,1.3366016952927882,96.65257223396759,0.2718784701789609,False
5073,1.4066920402286356,96.6225791213982,0.27257224014486836,False
5074,1.4066920402286356,96.59266294669358,0.3377117209349933,False
5075,1.4066920402286356,95.97804033894259,0.2932128076100578,False
5076,1.4058471913452353,96.67106525911709,0.2957931735950267,False
5077,1.4033104844139124,95.94651316183966,0.24125625633934036,False
5078,1.3990754052919891,96.53560297290818,0.28701177796783794,False
5079,1.3931309847846696,96.5374707961421,0.32849176795423085,False
5080,1.385461625590694,96.53975095785441,0.3640948030709707,False
5081,1.3760468504367298,96.54244182568642,0.46192067852903845,False
5082,1.3648609609466362,96.54554147740856,0.49023115755042085,False
5083,1.3518725924508541,96.54904770434055,0.5145959116910843,False
5084,1.3370441443520216,96.55295801526718,0.5357280875906656,False
5085,1.3203310582353232,96.55726964083627,0.5541525110181718,False
5086,1.3016809057752317,96.56197953842494,0.571299696461805,False
5087,1.338431000913252,96.56708439745798,0.5861102866389651,False
5088,1.3163031944543246,96.5725806451613,0.5999843543247374,False
5089,1.2920061720194782,96.33841390807335,0.6094850130118109,False
5090,1.2654414671933432,96.48535564853556,0.6197229124166844,False
5091,1.236492510335934,96.45985839433577,0.6284133616054837,False
5092,1.2050203043653231,96.43459407371718,0.6356922232127528,False
5093,1.1708574968463454,96.40957446808511,0.6416821747381974,False
5094,1.1338000426185681,95.62070213536012,0.614956564808368,False
5095,1.0935951075817558,96.2742265559167,0.6402920174141488,False
5096,1.049922837742907,96.28272880134519,0.64082128564294,False
5097,1.002367544678097,96.29163671219746,0.6414575687951821,False
5098,0.9503693053797215,95.72250179726815,0.6226838160186229,False
5099,0.8931358221440948,95.67365630272354,0.6020964791356764,False
5100,0.8294627007514066,95.65507211247122,0.5815449642864008,False
5101,0.8294627007514066,95.0612047024603,0.5075981629496891,False
5102,0.8294627007514066,95.56417403951036,0.4805395617990571,False
5103,0.8294627007514066,95.56417403951036,0.4545532713543334,False
5104,0.8294627007514066,95.56417403951036,0.4296277497262541,False
5105,0.8294627007514066,95.56417403951036,0.4060735997896858,False
5106,0.8294627007514066,95.56417403951036,0.38202576797479554,False
5107,0.8294627007514066,95.56417403951036,0.35929534213419295,False
5108,0.8294627007514066,95.56417403951036,0.3359472897441497,False
5109,0.8294627007514066,95.56417403951036,0.31377706733770055,False
5110,0.8294627007514066,95.56417403951036,0.29288943191804023,False
5111,0.8294627007514066,95.56417403951036,0.2733904807776487,False
5112,0.7572982540899428,95.56417403951036,0.25575105818929683,False
5113,0.7572982540899428,95.56417403951036,0.2398389795159765,False
5114,0.7572982540899428,95.56417403951036,0.2932827864684332,False
5115,0.8294627007514066,95.0854441885832,0.2919348784097519,False
5116,0.8931358221440948,95.64295236940977,0.28805646100396604,False
5117,0.9503693053797215,95.62575941676792,0.28451596424145603,False
5118,1.002367544678097,95.60901339829476,0.2813691125058924,False
5119,1.049922837742907,95.59272372115737,0.278665497273719,False
5120,1.0935951075817558,95.57689954728986,0.2764548077393897,False
5121,1.0935951075817558,95.56154977930358,0.328788615551086,False
5122,1.1338000426185684,95.54668304668304,0.32936735871369816,False
5123,1.1338000426185684,95.5323076923077,0.32971675711559745,False
5124,1.1338000426185684,95.51843175933917,0.3298830462699236,False
5125,1.1708574968463454,95.50506297851321,0.33066654227030073,False
5126,1.1708574968463454,95.49220875587434,0.3328959638700939,False
5127,1.1101140846176456,95.47987616099071,0.33573705659508996,False
5128,1.0408200100592375,95.46807191568506,0.33916492578348634,False
5129,0.95864748537454,95.45680238331678,0.34295536765737933,False
5130,0.95864748537454,95.44607355864811,0.3470842160620233,False
5131,0.95864748537454,95.43589105832608,0.35153362220731244,False
5132,0.95864748537454,95.42626011200996,0.3560273310572007,False
5133,0.95864748537454,95.41718555417185,0.3607673061395925,False
5134,0.9200798396181976,94.67621419676215,0.31420041818398664,False
5135,0.9200798396181976,94.67621419676215,0.26454024525006403,False
5136,0.8749177494187964,95.41095890410959,0.3335265622762566,False
5137,0.8749177494187964,95.42003733665214,0.401414338461454,False
5138,0.8749177494187964,95.42967292625295,0.45156824829339226,False
5139,0.8749177494187964,95.43986083499006,0.49484439503339467,False
5140,0.8749177494187964,95.39086929330831,0.5327359831494172,False
5141,0.8749177494187964,94.62735053414131,0.5367995265610707,False
5142,0.8749177494187964,95.24522650692624,0.5674964709579696,False
5143,0.8749177494187964,95.25768056334518,0.5952411628200492,False
5144,0.8749177494187964,95.27069072806472,0.6203711676364194,False
5145,0.8749177494187964,95.2222917971196,0.6810406272542286,False
5146,0.8749177494187964,95.18019153225806,0.6984352973052408,False
5147,0.8749177494187964,95.15086206896552,0.6976645016120585,False
5148,0.804144968682279,95.12179568932534,0.696721805577641,False
5149,0.804144968682279,95.09300833867864,0.6956227836625797,False
5150,0.804144968682279,95.06451612903226,0.6971678413795785,False
5151,0.9200798396181976,95.03633532312483,0.697312442165114,False
5152,1.0027451236678648,95.00848231763017,0.6971085441355801,False
5153,1.0725424433990627,94.98097362550847,0.6943026718483003,False
5154,1.1338000426185684,94.95382585751979,0.6957801520943393,False
5155,1.188567586378411,94.92705570291777,0.6931856883102645,False
5156,1.225099425376796,94.29708222811671,0.6694795248321185,False
5157,1.2587246698311274,94.16744434075457,0.636854291362614,False
5158,1.2896468090415976,94.19804368216535,0.6071127319757701,False
5159,1.3180325998643216,94.17586856988957,0.5796765159317996,False
5160,1.3440204002065297,94.15426251691476,0.5554247914923375,False
5161,1.3677260925761276,94.13324269204622,0.5315869029122264,False
5162,1.3892474033777542,94.11282611665074,0.5082557358077922,False
5163,1.3892474033777542,94.09302963776071,0.4855348944487286,False
5164,1.3892474033777542,94.07386990077177,0.46353962273742955,False
5165,1.3892474033777542,93.57785467128028,0.38048891519672934,False
5166,1.3892474033777542,94.08617095205004,0.3584916860729169,False
5167,1.3892474033777542,94.9184573388395,0.3686430559056475,False
5168,1.3892474033777542,94.90513000702741,0.376848716403996,False
5169,1.3892474033777542,94.89241622574956,0.38340648720102805,False
5170,1.3892474033777542,94.38464806684605,0.38345921232777364,False
5171,1.3892474033777542,94.94705422500178,0.3845203714547549,False
5172,1.3892474033777542,94.94985418593072,0.38479993503157756,False
5173,1.3892474033777542,94.71848530144494,0.3884747904276203,False
5174,1.3892474033777542,95.01460009970799,0.38327332304524386,False
5175,1.4086671194651204,94.51947123972847,0.38437154647265065,False
5176,1.4086671194651204,95.05411798437387,0.3736963216687222,False
5177,1.4086671194651204,95.00685475142507,0.36463450501134537,False
5178,1.4086671194651204,94.95969206187813,0.35751811982693743,False
5179,1.4086671194651204,94.20364008478913,0.3465660413512645,False
5180,1.4086671194651204,95.06436189775653,0.33056272281099774,False
5181,1.4086671194651204,95.0579036660028,0.31397394283574914,False
5182,1.4086671194651204,95.05214111382294,0.2970543040103691,False
5183,1.4086671194651204,95.04708237562097,0.27975336729748074,False
5184,1.426055525229744,95.04273504273505,0.26183457260703,False
5185,1.441472274891759,95.0391061452514,0.2965737460780925,False
5186,1.441472274891759,95.0362021348063,0.2796937713477538,False
5187,1.454967846174434,95.03402886844664,0.26429660874197397,False
5188,1.4665846770445299,95.03259159361654,0.25124420071165576,False
5189,1.476358057489815,95.03189493433396,0.24098073079103885,False
5190,1.484316827960571,95.03194287861706,0.2330426722350955,False
5191,1.4904839218251795,95.03273876721607,0.23063886546533902,False
5192,1.4948767789152713,95.03428528370131,0.2248883537658991,False
5193,1.497507649633081,95.03658444595308,0.2223044286724197,False
5194,1.4983838032798682,95.039637599094,0.218017631672334,False
5195,1.497507649633081,95.043445409898,0.2149181117309773,False
5196,1.4274173046972338,95.04800786270508,0.21342228679567246,False
5197,1.3262610770456722,95.05332425686407,0.2126698864112678,False
5198,1.3262610770456722,95.0593932057199,0.21182374476432508,False
5199,1.3262610770456722,95.06621263715475,0.21428309409985907,False
5200,1.3262610770456722,95.07377979568672,0.21492770683754342,False
5201,1.3262610770456722,95.08209124612242,0.21448863664145257,False
5202,1.3262610770456722,95.0911428787535,0.21320855844820047,False
5203,1.3262610770456722,95.10092991608074,0.2117357649613388,False
5204,1.3262610770456722,95.11144692104268,0.21087525831986462,False
5205,1.3262610770456722,94.23568315045844,0.12555889235088036,False
5206,1.3262610770456722,95.00710068017041,0.13095294936213334,False
5207,1.3262610770456722,95.05723204994797,0.13843571690027653,False
5208,1.3262610770456722,95.10753085507353,0.14738640135877654,False
5209,1.3237243701143493,95.15797207935341,0.1573256734342558,False
5210,1.3194892909924263,95.20853115185159,0.27928834597068264,False
5211,1.3135448704851067,94.77639162471729,0.2748649155872537,False
5212,1.2667356005770385,95.16939890710383,0.28197508290850976,False
5213,1.2132336634320215,94.8415300546448,0.28538659891828283,False
5214,1.1590956761386297,95.11111111111111,0.2893258469298105,False
5215,1.0916362019205923,95.11111111111111,0.3285702077992234,False
5216,0.9904799742690308,95.11111111111111,0.3280371534395616,False
5217,0.995148095654003,95.11111111111111,0.327534950009371,False
5218,1.1011317995692318,95.11111111111111,0.32706513255673253,False
5219,1.2063762975693444,94.8488160291439,0.35727608691477875,False
5220,1.2780708509093048,95.16939890710383,0.3597391718113829,False
5221,1.3489769002462877,95.11801788594047,0.38106560274789714,False
5222,1.4066920402286356,95.06673549148293,0.3999973717888613,False
5223,1.4555258559886803,95.01557632398755,0.41741078755500344,False
5224,1.4983838032798682,94.96456546064901,0.4325496400481955,False
5225,1.5356033992938867,94.91372843210803,0.43399410816752665,False
5226,1.567952882527067,94.86309119710342,0.46019715146879553,False
5227,1.5959658199281095,94.81268011527378,0.4851820435006828,False
5228,1.6200289349283659,94.76252191812152,0.4875631099394895,False
5229,1.6404301389184959,94.71264367816092,0.5173872644310419,False
5230,1.6573869073698062,93.94686176357335,0.4943738309854595,False
5231,1.671063985680677,94.82278285095187,0.5227612969952661,False
5232,1.6815848515026244,95.26389103853893,0.5179712300906177,False
5233,1.689039280297612,95.22587668144001,0.5528655501700316,False
5234,1.6934883245498173,95.18825183565068,0.6149143772811508,False
5235,1.6949674595561053,94.25870957662865,0.6225321802031702,False
5236,1.7061750265313425,94.96172473051085,0.6833946725565174,False
5237,1.7150807019837104,94.96172473051085,0.7347353479439754,False
5238,1.7217254888295115,94.96172473051085,0.7785034959356839,False
5239,1.726139191873402,94.2821434150914,0.8021494541645535,False
5240,1.7283412475895337,95.15700671770036,0.833180494997918,False
5241,1.7283412475895337,95.48913043478261,0.8503738282020815,False
5242,1.7261391918734021,95.48913043478261,0.8650388477923503,False
5243,1.7217254888295113,95.48913043478261,0.8777605544803185,False
5244,1.7150807019837102,95.48913043478261,0.8889698769218007,False
5245,1.7061750265313425,94.79037267080746,0.9043251284836821,False
5246,1.6949674595561053,95.6832298136646,0.8906226076341559,False
5247,1.681404603927793,95.71671563321479,0.8949501752899358,False
5248,1.66541901350541,95.35026943802926,0.9347906142467918,False
5249,1.6469269407745295,95.85377069282649,0.9535251382313499,False
5250,1.625825278044083,95.85377069282649,0.9677640026020206,False
5251,1.6019873735463244,95.85377069282649,0.9791849877104045,False
5252,1.5752572246497292,95.11802575107296,1.0026902364452226,False
5253,1.5454412455056348,96.01471489883507,1.0028916169476843,False
5254,1.5297438145503075,96.36737491432488,0.98353107050547,False
5255,1.5096902706304864,96.01364153088291,0.9825585319229888,False
5256,1.4849318562142537,96.48593620390619,0.9550581616850237,False
5257,1.454967846174434,96.48593620390619,0.9285260567117314,False
5258,1.454967846174434,96.48593620390619,0.9031594928330051,False
5259,1.454967846174434,96.48593620390619,0.8787118576831294,False
5260,1.5037063976523952,96.48593620390619,0.855883207256192,False
5261,1.5037063976523952,96.48593620390619,0.8361751513602731,False
5262,1.5037063976523952,96.48593620390619,0.8179167690782607,False
5263,1.5037063976523952,96.48593620390619,0.7997561903976552,False
5264,1.5037063976523952,96.48593620390619,0.7825644631249513,False
5265,1.5431631227610834,96.48593620390619,0.7666797214944885,False
5266,1.575329372765494,95.72430435110475,0.7690145595218123,False
5267,1.6013414018042753,96.63675439257975,0.7490356136695284,False
5268,1.6219140512435524,97.12548784148905,0.6966776243864689,False
5269,1.6375185509111683,97.12548784148905,0.6465002730303028,False
5270,1.622441755197332,97.12548784148905,0.6007268927691264,False
5271,1.5987557971964095,97.12548784148905,0.5570510538153414,False
5272,1.564664332377177,97.12548784148905,0.5146010020489408,False
5273,1.5160446241207244,97.12548784148905,0.4734402527516444,False
5274,1.4326648482653093,97.12548784148905,0.45910240058134666,False
5275,1.4326648482653093,97.12548784148905,0.4266604037506753,False
5276,1.408648411160687,97.12548784148905,0.3990168824845646,False
5277,1.4031633649036754,97.12548784148905,0.3729420302911107,False
5278,1.3939473942522724,97.12548784148905,0.3493962193576172,False
5279,1.4113949465359856,97.12548784148905,0.33023231693647714,False
5280,1.4113949465359856,97.12548784148905,0.3143275738336549,False
5281,1.4113949465359856,97.12548784148905,0.30190857399252474,False
5282,1.4267547652077353,97.12548784148905,0.28671912979925784,False
5283,1.4400831784759722,97.12548784148905,0.2860217434745435,False
5284,1.4514270347987224,97.12548784148905,0.29533500727349044,False
5285,1.4608248015713592,97.12548784148905,0.3068378269255763,False
5286,1.4683074126842999,97.12548784148905,0.3393924232037494,False
5287,1.4738989153366922,97.12548784148905,0.3674955356288996,False
5288,1.4776169519137876,97.12548784148905,0.3921278632975561,False
5289,1.4794731020725562,97.12548784148905,0.4139307286663358,False
5290,1.4794731020725562,97.12548784148905,0.4333516855761671,False
5291,1.4776169519137876,97.12548784148905,0.4328704265343708,False
5292,1.4738989153366922,97.12548784148905,0.4444787688631026,False
5293,1.4683074126843,97.12548784148905,0.4575249342228031,False
5294,1.4608248015713592,96.33743620534374,0.44472600358321385,False
5295,1.4514270347987224,97.27559291504053,0.4530055631280306,False
5296,1.4400831784759722,97.30092454518342,0.44968426319706706,False
5297,1.4267547652077353,97.32632202636647,0.4619645532817834,False
5298,1.4113949465359856,97.35177284095924,0.47251440287921664,False
5299,1.3939473942522724,97.37726475745178,0.48111662524881504,False
5300,1.374344879613302,97.40278583865351,0.4879272422914948,False
5301,1.3525074295964727,97.42832444892667,0.4930775855316072,False
5302,1.3283399146847865,97.28221999713918,0.5003990282755695,False
5303,1.301728854068539,97.52201079238853,0.5008969464858243,False
5304,1.2725381154419293,96.6983811417211,0.4959796147919342,False
5305,1.2406030082663506,97.64271513774496,0.4885996533003398,False
5306,1.2057219651274376,97.8784888638286,0.4667597693796409,False
5307,1.1676444621356104,97.8784888638286,0.44521840519111366,False
5308,1.1260528027543955,97.8784888638286,0.42401376346915043,False
5309,1.0805333164475432,97.8784888638286,0.4031856337722989,False
5310,1.0305279703180825,97.8784888638286,0.4049315509586211,False
5311,0.9752462395674342,97.44189342403628,0.41062700510393046,False
5312,0.9134853951751388,97.78458469867502,0.4039920856230806,False
5313,0.8431953160789711,96.8300327682006,0.38861761957435254,False
5314,0.7600473303889541,96.83715629006981,0.3777102548910012,False
5315,0.720523936685393,97.77746117680582,0.38255912059141345,False
5316,0.677903479475398,97.42026931254429,0.3828102794362423,False
5317,0.6318640827062832,97.87084038353073,0.36493339290812793,False
5318,0.5819881552488825,97.87084038353073,0.34792442675080615,False
5319,0.5277139815252946,97.87084038353073,0.3318211080466137,False
5320,0.46824757305098735,97.87084038353073,0.3166619296383603,False
5321,0.46824757305098735,97.87084038353073,0.3024852225309368,False
5322,0.4023829390456117,97.87084038353073,0.29365347075130854,False
5323,0.32806688317929317,97.87084038353073,0.2814713822748542,False
5324,0.24096783080307266,97.87084038353073,0.2711508564266689,False
5325,0.24096783080307266,97.87084038353073,0.2648173430876974,False
5326,0.32806688317929317,97.87084038353073,0.2599932201226767,False
5327,0.4023829390456117,97.87084038353073,0.25713315651357493,False
5328,0.46824757305098735,97.87084038353073,0.25568585208382927,False
5329,0.5277139815252946,97.87084038353073,0.25558518113988177,False
5330,0.5819881552488825,97.03186689227299,0.2201519718189765,False
5331,0.5819881552488825,97.98364354201918,0.21428826362532202,False
5332,0.5819881552488825,98.00841514726508,0.20843832263031817,False
5333,0.6669740736911406,97.60168302945301,0.2162174184560854,False
5334,0.7391385203526044,97.9523141654979,0.3355522374343134,False
5335,0.8028116417452926,97.19534427149067,0.3147471408612872,False
5336,0.8600451249809193,97.61284416590381,0.3152124432213007,True
5337,0.8600451249809193,97.6072840203275,0.31553563423252273,True
5338,0.9120433642792949,97.6018675721562,0.3157294561209935,True
5339,0.959598657344105,97.59659695143566,0.31580766251071785,True
5340,1.0032709271829536,97.59147424511545,0.31578506013408175,True
5341,1.0434758622197662,97.58650149508757,0.3160867817918803,True
5342,1.0805333164475432,97.43900699101155,0.31220120931936535,True
5343,1.114696123966521,97.61275105424916,0.31241520935432027,True
5344,1.1461683299371317,97.5887958417557,0.31195953552331906,True
5345,1.1751172867945407,97.56453259442905,0.31032782556319544,True
5346,1.201681991620676,97.53995728069529,0.3083235198779105,True
5347,1.2259790140555222,97.51506584331523,0.30538448639540716,True
5348,1.2481068205144499,97.48985420111228,0.3019151663746659,True
5349,1.2681489963097885,97.4643182508351,0.29788938225166867,True
5350,1.2861766890619075,97.43845386916175,0.29328044274496284,True
5351,1.3022504881911108,97.4122569148524,0.28806050667430616,True
5352,1.3164218868227548,97.38572323105824,0.28219982042335146,True
5353,1.3287344279695676,97.35884864779376,0.2756939593847077,True
5354,1.3392246071829446,96.43684588959016,0.08260559229651436,True
5355,1.3773114348674147,97.42513520058117,0.07655344166329921,True
5356,1.4112687927757768,97.4197201326539,0.07093339197472698,True
5357,1.441499001640642,97.41449181390826,0.06561669097442324,True
5358,1.4683074126843,97.40945265551404,0.06076685341280226,True
5359,1.4919310878474152,97.40460499552518,0.056933619707519534,True
5360,1.5125568756434098,97.39995109625886,0.05478681874929107,True
5361,1.5303333274395563,97.39549314173743,0.0525832782983838,True
5362,1.545378825051491,97.3912332351979,0.05393448149139312,True
5363,1.557787262784918,97.38717339667458,0.05901260374827119,True
5364,1.567632081836135,97.3833155606595,0.06662617044613532,True
5365,1.5749691486891673,97.37966157384591,0.08065230006262082,True
5366,1.57983878814754,97.37621319295937,0.09482884777857994,True
5367,1.5822671693137729,97.37297208268139,0.10966127200301985,True
5368,1.5822671693137729,97.36993981366972,0.29719069768827444,True
5369,1.57983878814754,97.3671178606801,0.29861422071840155,True
5370,1.5749691486891673,97.36450760079313,0.2998954788867612,True
5371,1.567632081836135,97.3621103117506,0.30103989225722577,True
5372,1.557787262784918,97.3599271704047,0.3020529023250201,True
5373,1.545378825051491,97.35795925128375,0.3027532655652068,True
5374,1.5303333274395563,97.35620752527764,0.30336183509867,True
5375,1.5125568756434098,97.35467285844598,0.3043886025461284,True
5376,1.4919310878474152,97.3450593213308,0.30587215731623196,True
5377,1.4683074126843,97.37715803452855,0.39618852278515404,True
5378,1.441499001640642,97.34921566982635,0.3964097988297572,True
5379,1.4112687927757768,97.32089868588385,0.41167616636989574,True
5380,1.3773114348674147,97.29220222793488,0.4115220441312837,True
5381,1.3392246071829446,97.26312142733414,0.4301825764177566,True
5382,1.2964607361371667,97.23365140505997,0.4468376707902819,True
5383,1.2482389571842902,97.20378727546235,0.4616750645716894,True
5384,1.193365482413587,97.17352415026834,0.4748334292384613,True
5385,1.129798482836793,97.14285714285714,0.4858138056390898,True
5386,1.129798482836793,97.11178137281784,0.49533270930944406,True
5387,1.129798482836793,97.08029197080292,0.503457706659493,True
5388,1.129798482836793,96.08630674388193,0.4332728918269329,True
5389,1.129798482836793,97.13881019830028,0.4436453672650198,True
5390,1.129798482836793,97.1377290761383,0.453187523763112,True
5391,1.129798482836793,97.13691769819522,0.46193884740874785,True
5392,1.0532169913190046,97.13637652395803,0.46993392084809876,True
5393,0.9432261548473415,97.14555765595463,0.4773058819175236,True
5394,0.9288391461883214,97.14555765595463,0.48396691788564117,True
5395,0.9127341558073343,97.11419015766842,0.4896281920381914,True
5396,0.8948692308065574,97.08240749686021,0.4942832504551098,True
5397,0.875195788740725,96.08321937878492,0.4310243394618236,True
5398,0.8536576732793313,97.10645862137073,0.4357383879369446,True
5399,0.8301899714180443,97.65547387244189,0.42464993854014493,True
5400,0.804717519321077,97.14057188562288,0.4274691090035859,True
5401,0.7771529943226336,97.72612938927458,0.41079770307830626,True
5402,0.7473944462440387,97.72267206477733,0.39409315102517073,True
5403,0.7153220528038851,97.71940541641213,0.37734789345905556,True
5404,0.6807937753703206,97.71633384536611,0.36055919896687044,True
5405,0.6436394131461666,97.71346173653312,0.34371496141667207,True
5406,0.603652249754401,97.71079345349078,0.32678121089589074,True
5407,0.560576942614533,97.70833333333333,0.30974584270966454,True
5408,0.5140912790181235,97.70608568136588,0.29214026944352645,True
5409,0.4637773498877516,97.70405476566614,0.2744402125996442,True
5410,0.40907313904382653,97.70224481152054,0.25678243141851775,True
5411,0.3491843735073079,97.70065999574196,0.2391028439253971,True
5412,0.2829047929798921,97.69930444087747,0.2215083239154647,True
5413,0.208180945557171,97.69818220931484,0.20764664538817715,True
5414,0.12068101401352381,97.6972972972973,0.19234384274182378,True
5415,-0.0,97.69665362885702,0.1766367241611233,True
5416,-0.0,97.69625504967792,0.16071108692879915,True
5417,-0.0,97.69610532089962,0.14480798471745338,True
5418,-0.0,97.69620811287479,0.12925737301638918,True
5419,-0.0,97.69656699889258,0.29931732196787497,True
5420,-0.0,97.69718544888197,0.2955109970756608,True
5421,-0.0,97.69806682310873,0.34497287654062414,True
5422,-0.0,97.69921436588103,0.3837794282975457,True
5423,-0.0,97.70063119927863,0.4151785442402887,True
5424,-0.0,97.70232031692133,0.43314385406357114,True
5425,-0.0,97.70428457779293,0.46531790748685664,True
5426,-0.0,97.70652670013692,0.49366457005082603,True
5427,-0.0,97.709049255441,0.5188656505481284,True
5428,-0.0,97.7118546625273,0.5415971656734218,True
5429,-0.0,97.71494518176573,0.5619506627865769,True
5430,-0.0,97.71832290942784,0.580179834012295,True
5431,0.12068101401352381,97.72198977219898,0.5965767075928103,True
5432,0.208180945557171,97.72594752186589,0.6113113866094106,True
5433,0.208180945557171,97.53129753129753,0.6233643120099044,True
5434,0.208180945557171,97.8169014084507,0.6347795796537153,True
5435,0.208180945557171,97.78808419550482,0.6350550311574363,True
5436,0.208180945557171,97.75876611639957,0.6481319582478635,True
5437,0.208180945557171,97.72893772893772,0.6788114834946793,True
5438,0.208180945557171,97.69858945805494,0.7060578386503682,True
5439,0.208180945557171,96.47648902821317,0.67649606612152,True
5440,0.208180945557171,97.72525098487736,0.6997054109995549,True
5441,0.208180945557171,98.48853592929423,0.6966600000072275,True
5442,0.208180945557171,98.46793040768631,0.6944916058353482,True
5443,0.208180945557171,98.44695972624375,0.6931225394841004,True
5444,0.208180945557171,97.1714476317545,0.6970859354516354,True
5445,0.208180945557171,98.49857973758961,0.689969446385905,True
5446,0.208180945557171,98.49972722313147,0.6827960785231512,True
5447,0.208180945557171,98.501100110011,0.6755359088660768,True
5448,0.208180945557171,98.50270345210038,0.6681646042547187,True
5449,0.208180945557171,98.50454227812719,0.6606642023418812,True
5450,0.208180945557171,98.50662158354466,0.6516677043032654,True
5451,0.208180945557171,98.5089463220676,0.6426959010770259,True
5452,0.208180945557171,98.51152139687991,0.6345239832242555,True
5453,0.2829047929798921,98.51435165152171,0.6271083113953458,True
5454,0.3491843735073079,98.51744186046511,0.620402260425701,True
5455,0.46824757305098735,97.87639132981839,0.6237763164409922,True
5456,0.47397752487758066,98.5834440017707,0.6138677286393376,True
5457,0.47986465755120905,98.93349133461709,0.583533824337473,True
5458,0.48591575216464866,98.94045664826146,0.5540255837948521,True
5459,0.4921379905974296,98.94768490679495,0.5253673688508855,True
5460,0.4985389856192778,98.95517867958813,0.49758600488913424,True
5461,0.5051268137294553,98.96294036907122,0.47071110903344615,True
5462,0.5119100510218906,98.9709722008908,0.44477544039729117,True
5463,0.5188978124006426,98.97927621404268,0.41981525935534186,True
5464,0.5260997945093815,98.98785425101215,0.3964272000641799,True
5465,0.5335263227828173,98.99670794795422,0.3739063499606432,True
5466,0.5411884030780174,99.00583872494872,,True
5467,0.5490977784000841,99.01524777636595,,True
5468,0.5572669913005267,99.02493606138107,,True
5469,0.5657094525987453,99.03490429467588,,True
5470,0.5744395171582861,99.04515293736851,,True
5471,0.5834725675409083,99.0556821882123,,True
5472,0.5928251064639408,99.06649197510646,,True
5473,0.6025148591007898,99.07758194696096,,True
5474,0.6125608863913521,99.08895146595991,,True
5475,0.6229837106687363,99.10059960026649,,True
5476,0.6338054550605168,99.11252511721366,,True
5477,0.6450499982850293,99.12472647702407,,True
5478,0.6567431466322969,99.13720182710202,,True
5479,0.6689128250884093,99.14994899693981,,True
5480,0.6815892897202809,99.16296549367954,,True
5481,0.6948053635662363,99.17624849836966,,True
5482,0.7085966983474103,99.18979486295466,,True
5483,0.7230020642792743,99.20360110803324,,True
5484,0.7380636700495734,99.21766342141864,,True
5485,0.7538275145266043,99.23197765753186,,True
