second,entropy,pct_det,rmse,edge_window
0,1.384251455535313,99.09049567985448,,True
1,1.4197367178034825,98.74641292856064,,True
2,1.447117316923155,98.99187481191694,,True
3,1.468090781663233,98.99580335731414,0.022026258776953227,True
4,1.4839123015466111,98.99985072398866,0.019956378469512686,True
5,1.495538029919111,99.00401367623012,0.020101724275774654,True
6,1.5037128837107905,99.00828892835997,0.02136237313735772,True
7,1.5090275125326515,99.01267315060419,0.023228877050300644,True
8,1.5119569275341505,99.01716297491565,0.02544840830735317,True
9,1.5128876215181604,99.02175500073004,0.027889268878764167,True
10,1.5121371519329765,99.02644580063935,0.03047911674419282,True
11,1.509968612636817,99.03123192596877,0.033175871598051646,True
12,1.5027618999246997,99.03610991224284,0.03595358136881305,True
13,1.4949188482339508,99.04107628452842,0.038795286414288914,True
14,1.4865494101440309,99.04612756264237,0.041689262843353475,True
15,1.4777468341000444,99.05126026621353,0.0446269613659278,True
16,1.4685904476497376,99.05647091958879,0.04760183158492703,True
17,1.4591479170272446,99.06175605657471,0.050608626991264054,True
18,1.480660353701156,99.06711222500697,0.05364298061112081,True
19,1.498688570451097,99.07253599114064,0.05670113824066208,True
20,1.5009498661393947,99.07802394385578,0.05977978629123493,True
21,1.5020352759844962,99.08357269867324,0.06287593803941507,True
22,1.5020901956649066,99.08917890157694,0.06598685685284433,True
23,1.5012404120907163,99.09483923263983,0.06911000336568887,True
24,1.499595225442199,99.10055040945093,0.07224299848962705,True
25,1.4972499831968558,99.1063091903428,0.07538359709133932,True
26,1.4942881552964493,99.1121123774185,0.07852966897541824,True
27,1.4907830471363805,99.11795681937862,0.08167918494555372,True
28,1.4867992237593075,99.12383941414934,0.0848302064424579,True
29,1.4823937016443556,99.12975711131315,0.08798087773013918,True
30,1.4776169519137876,99.13570691434468,0.26501773125983835,True
31,1.4524690941546654,99.14168588265437,0.48563494978296456,True
32,1.4238430936939133,99.14769113344359,0.5408467524904295,True
33,1.3914372992027793,99.15371984337501,0.5862790142142675,True
34,1.4184645038322823,99.15976925006271,0.6243221498924469,True
35,1.441499001640642,99.16583665338645,0.6564963665556041,True
36,1.4608248015713592,99.17191941663577,0.6838508806094746,True
37,1.4766549183659508,99.17801496748865,0.7071538943812608,True
38,1.4660741214574513,99.18412079883097,0.726993846066115,True
39,1.4534849141043307,99.1902344694223,0.743838026961103,True
40,1.438841894200673,99.19635360441406,0.758068740611791,True
41,1.4220900521936763,99.20247589572669,0.7700067619077786,True
42,1.4031633649036754,99.20859910229152,0.7799271958583667,True
43,1.3819829643540342,99.21472105016409,0.7880705714251923,True
44,1.3584547364298434,99.2208396325154,0.7946508285733294,True
45,1.3584547364298434,99.22695280950732,0.7998612097002882,True
46,1.3584547364298434,99.23305860805861,0.803878693923977,True
47,1.3584547364298434,99.23915512150806,0.8068673892109227,True
48,1.3584547364298434,99.24524050918103,0.808981158493976,True
49,1.3584547364298434,99.25131299586546,0.8103656669848672,True
50,1.3283399146847867,98.04657322591325,0.7720431888115775,True
51,1.2952336017523502,97.30676592949419,0.6565065792707372,True
52,1.2588874993443833,98.00173761946134,0.6118966701312962,True
53,1.2189859772419214,98.01788215016697,0.5683006775767394,True
54,1.1751172867945407,98.0339779891014,0.5258617774366474,True
55,1.1461683299371317,98.05002119542179,0.48476677226537224,True
56,1.114696123966521,98.06600798822788,0.4452616108970349,True
57,1.0805333164475432,98.08193474408422,0.4076722385386918,True
58,1.043475862219766,98.09779799441745,0.3724314019091964,True
59,1.0032709271829536,98.1135944228009,0.34010992843057963,True
60,0.9595986573441049,98.12932086213908,0.311445373813458,True
61,0.9120433642792949,98.14497429176328,0.2854411858950191,True
62,0.9120433642792949,98.16055183444966,0.26123269931124765,True
63,0.9120433642792949,98.17605075337035,0.23995486954451423,True
64,0.9120433642792949,98.19146844898762,0.221880764950212,True
65,0.9120433642792949,98.20680245590098,0.20725221643722339,True
66,0.9120433642792949,98.222050439656,0.19622449954230034,True
67,0.9120433642792949,98.23721019352367,0.18880402202136407,True
68,0.9120433642792949,98.25227963525836,0.17952655386692445,True
69,0.9120433642792949,98.26725680384217,0.17362211912042014,True
70,0.9120433642792949,98.28213985622257,0.2373101433448873,True
71,0.9120433642792949,98.29692706405035,0.23556156964072802,True
72,0.9120433642792949,98.31161681042393,0.23501614743280394,True
73,0.8600451249809193,98.32620758664605,0.235105773272801,True
74,0.8513226827573213,98.3406979889981,0.23530830972952557,True
75,0.7881133310528374,98.35508671553728,0.2354637805560145,True
76,0.7164037343212466,98.36937256292094,0.23517753798491534,True
77,0.6318640827062832,98.38355442326277,0.3076166660676468,True
78,0.5140912790181235,98.39763128102412,0.30630224622702507,True
79,0.4637773498877516,98.41160220994475,0.3034171090983046,True
80,0.40907313904382653,98.4254663700154,0.29868244624993956,True
81,0.40907313904382653,98.43922300449572,0.2936429124187144,True
82,0.40907313904382653,98.45287143697973,0.28937519080402374,True
83,0.40907313904382653,98.46641106851142,0.28501381581873564,True
84,0.40907313904382653,98.47984137475216,0.28060222437865473,True
85,0.40907313904382653,98.49316190320204,0.27618518515274515,True
86,0.40907313904382653,98.5063722704765,0.2718089847331815,True
87,0.40907313904382653,98.51947215963952,0.2675215543611223,True
88,0.40907313904382653,98.40874387205658,0.2669967555438804,True
89,0.40907313904382653,98.43486636166627,0.26635489932323025,True
90,0.40907313904382653,97.58930702522078,0.20837333766728536,True
91,0.40907313904382653,98.37539432176656,0.2092216728277401,True
92,0.40907313904382653,98.38961851156974,0.21036124042338805,True
93,0.40907313904382653,98.27465063627137,0.250133964371479,True
94,0.40907313904382653,98.29266391206049,0.2507052952756573,True
95,0.3491843735073079,98.28740463957652,0.2513714651130305,True
96,0.2829047929798921,98.28229441939997,0.2521516382705152,True
97,0.208180945557171,97.44972648123893,0.15556137468322548,True
98,0.12068101401352381,98.21278545787825,0.15639835355894274,True
99,0.12068101401352381,98.22834645669292,0.1580311599813821,True
100,0.12068101401352381,98.24377063944762,0.16038742342888915,True
101,0.12068101401352381,98.2590581057957,0.16218391796159434,True
102,0.12068101401352381,98.27420901246404,0.16438691588331467,True
103,0.12068101401352381,98.28922357069747,0.1669172907736166,True
104,0.12068101401352381,98.30410204377446,0.1695305438895663,True
105,0.12068101401352381,98.31884474459372,0.1721642881101558,True
106,0.12068101401352381,98.33345203333096,0.174732189300511,True
107,0.12068101401352381,98.3479243151652,0.17715455603412117,True
108,0.12068101401352381,98.36226203807391,0.17840541449697328,True
109,0.12068101401352381,98.3764656906959,0.1793208473514351,True
110,0.12068101401352381,98.39053580026136,0.17985393591264823,True
111,0.12068101401352381,98.40447293058776,0.17995726848093427,True
112,0.12068101401352381,98.41827768014059,0.1795819270668423,True
113,0.12068101401352381,97.69235929429128,0.1195856643346027,True
114,0.12068101401352381,98.36229279009387,0.12022636648015131,True
115,0.12068101401352381,98.3681289640592,0.12049231320634105,True
116,0.12068101401352381,98.3739837398374,0.12034692450663054,True
117,0.12068101401352381,98.37985555338669,0.11974626398336921,True
118,0.12068101401352381,98.3857428811261,0.11863748382062789,True
119,0.12068101401352381,98.3916442393951,0.11719774258605763,True
120,0.12068101401352381,98.39755818389928,0.11536627215062269,True
121,0.24096783080307263,98.40348330914368,0.11479969999813658,True
122,0.3280668831792932,98.40941824785521,0.11405479542703488,True
123,0.4023829390456117,98.41536167039523,0.11311487884104858,True
124,0.46824757305098735,98.42131228416379,0.11106814256481488,True
125,0.5277139815252946,98.42726883299676,0.10887785219259057,True
126,0.5819881552488824,98.43323009655676,0.10655679714461706,True
127,0.6318640827062832,98.43919488971918,0.10411885508099701,True
128,0.677903479475398,98.4451620619543,0.10324206334575625,True
129,0.720523936685393,98.45113049670643,0.10244682791498996,True
130,0.7600473303889541,98.45709911077086,0.10171625233130337,True
131,0.7967286463062392,98.46306685366994,0.10119915079243082,True
132,0.830774222099454,98.46903270702853,0.10020878162652809,True
133,0.8623538561746378,98.47499568395006,0.10356038040013099,True
134,0.8916091590804429,98.48095482839358,0.10601782506733722,True
135,0.804717519321077,98.48690921455287,0.10771539540750547,True
136,0.8301899714180443,98.49285794623776,0.10875431707006175,True
137,0.8536576732793313,98.49880015625872,0.10921228730707427,True
138,0.875195788740725,98.50473500581492,0.109149321494381,True
139,0.8948692308065574,98.51066168388657,0.10861145195170017,True
140,0.9127341558073343,98.51657940663176,0.10763308146308666,True
141,0.9288391461883214,98.52248741678844,0.10623842743929403,True
142,0.9432261548473415,98.52838498308179,0.10444229048073747,True
143,0.9559312637896478,98.53427139963756,0.140203590219228,True
144,0.9669852958320848,98.54014598540147,0.14173831771090398,True
145,0.976414308115487,98.54600808356517,0.1429510130369415,True
146,0.9842399889605549,98.55185706099911,0.1438749647376196,True
147,0.9904799742690308,98.5576923076923,0.14453933292074722,True
148,0.995148095654003,98.56351323619947,0.19990129101386317,True
149,0.9982545693874831,98.56931928109567,0.20249775083129007,True
150,0.999806132804711,98.57510989843868,0.20512587007256597,False
151,0.999806132804711,98.58447946993273,0.20770006385486528,False
152,0.9982545693874831,98.57890800299177,0.21053983417803301,False
153,0.995148095654003,98.65775136206042,0.21112930784041625,False
154,0.9904799742690308,98.65453106450336,0.21432273465296386,False
155,0.9842399889605549,98.65145228215768,0.21726531372752916,False
156,0.976414308115487,98.64851533984414,0.21997326277230447,False
157,0.9669852958320848,98.64572047670639,0.22246152079333756,False
158,0.9559312637896478,98.64306784660766,0.22474394563280473,False
159,0.9432261548473415,98.64055751864939,0.226833472648354,False
160,0.9288391461883214,98.63818947780935,0.2353736905882044,False
161,0.9127341558073343,98.63596362569669,0.23935928095282855,False
162,0.8948692308065574,98.63387978142076,0.24301189404499549,False
163,0.875195788740725,98.13534566699124,0.22689370592176492,False
164,0.8536576732793313,98.68842902943749,0.22874619986052522,False
165,0.8301899714180443,98.68842902943749,0.23050573781016984,False
166,0.804717519321077,98.68842902943749,0.23216548392080105,False
167,0.7771529943226336,98.68842902943749,0.2337201582338239,False
168,0.7473944462440387,97.95977849023608,0.19067969313195418,False
169,0.7153220528038851,98.7370057320509,0.18975512840551767,False
170,0.7153220528038851,98.74602102826276,0.18847679373747142,False
171,0.6807937753703206,98.75502777245738,0.23124782337039662,False
172,0.6436394131461666,98.76402357862712,0.23179031032162933,False
173,0.603652249754401,98.76828692779613,0.23207077270716045,False
174,0.560576942614533,98.82413566944626,0.2293664791973159,False
175,0.5140912790181235,98.82237487733072,0.22690220916873233,False
176,0.4637773498877516,98.82073273049315,0.22465942435181582,False
177,0.40907313904382653,98.81920877690484,0.23042143548729432,False
178,0.3491843735073079,98.81780250347705,0.23041179595885022,False
179,0.2829047929798921,98.81651333733993,0.22961264198523967,False
180,0.208180945557171,98.36360283949479,0.22368052746801756,False
181,0.12068101401352381,98.86024173905051,0.22210889839605738,False
182,0.12068101401352381,98.86024173905051,0.22067190089539154,False
183,0.12068101401352381,98.86024173905051,0.21938409956282426,False
184,0.12068101401352381,98.86024173905051,0.21813400565244398,False
185,0.12068101401352381,98.86024173905051,0.21698968402941302,False
186,0.12068101401352381,98.86024173905051,0.21594990683823143,False
187,0.12068101401352381,98.86024173905051,0.2150129245672103,False
188,0.12068101401352381,98.86024173905051,0.21417646852701708,False
189,0.12068101401352381,98.86024173905051,0.2134377577188272,False
190,0.12068101401352381,98.86024173905051,0.21279350994243193,False
191,0.12068101401352381,98.10193483156395,0.1622400561088549,False
192,0.12068101401352381,98.89700813456501,0.1581266865657674,False
193,0.12068101401352381,98.89581233391368,0.21627760760076406,False
194,0.12068101401352381,98.89472482301895,0.21590311162195636,False
195,0.12068101401352381,98.89374487844852,0.21589751435064108,False
196,0.12068101401352381,98.89287172739235,0.21623439637148548,False
197,0.12068101401352381,98.46703445780953,0.20842597306123284,False
198,0.12068101401352381,98.93199945924023,0.20811173328142582,False
199,0.12068101401352381,98.93122260978446,0.20882095176905555,False
200,0.12068101401352381,98.97492788994897,0.20784070423629614,False
201,0.12068101401352381,98.97492788994897,0.20694842772686622,False
202,0.12068101401352381,98.97492788994897,0.20532245990764514,False
203,0.12068101401352381,98.97492788994897,0.20381877626957778,False
204,0.12068101401352381,98.97492788994897,0.21416852705524275,False
205,0.12068101401352381,98.97492788994897,0.2124926125351186,False
206,0.12068101401352381,98.97492788994897,0.2109153852321915,False
207,0.12068101401352381,98.97492788994897,0.20943759966937042,False
208,0.24096783080307266,98.97492788994897,0.2078251570839278,False
209,0.32806688317929317,98.97492788994897,0.20633884586954232,False
210,0.32806688317929317,98.97492788994897,0.2049770509560611,False
211,0.32806688317929317,98.97492788994897,0.20415722078130238,False
212,0.32806688317929317,98.97492788994897,0.20342535468543946,False
213,0.4023829390456117,98.19835810960728,0.13482168671614964,False
214,0.46824757305098735,99.00155313956068,0.13169609209697236,False
215,0.5277139815252946,99.00924702774108,0.12832897638705232,False
216,0.5819881552488825,99.0169091624066,0.12471507496223205,False
217,0.5819881552488825,99.02020289603746,0.12111211854130978,False
218,0.5819881552488825,99.0493396997462,0.11579721643516469,False
219,0.5819881552488825,99.0493396997462,0.11070385647771022,False
220,0.5819881552488825,99.0493396997462,0.10584592273781793,False
221,0.5819881552488825,99.0493396997462,0.10123829767258698,False
222,0.5819881552488825,99.0493396997462,0.09859368339795797,False
223,0.5819881552488825,99.0493396997462,0.096190076651409,False
224,0.5819881552488825,98.60991193230876,0.0618923152481993,False
225,0.5819881552488825,99.0165922973617,0.05940407786150308,False
226,0.5819881552488825,99.01756216310207,0.05707988692291592,False
227,0.5819881552488825,99.01862432939329,0.05494002161557952,False
228,0.5819881552488825,99.01977945037633,0.053913651358370035,False
229,0.5819881552488825,99.02102813995347,0.05306911678471,False
230,0.5819881552488825,99.02237097058305,0.052417656212600576,False
231,0.4637773498877516,99.02380847210566,0.05188694079130498,False
232,0.4637773498877516,99.02534113060429,0.051484205207853385,False
233,0.5819881552488825,99.02696938730173,0.1535819963312419,False
234,0.6669740736911406,99.02869363749777,0.15473322637222653,False
235,0.7391385203526044,99.03051422954921,0.1564554978210829,False
236,0.8028116417452926,99.03243146389536,0.15814706190644426,False
237,0.8600451249809193,99.03444559213186,0.15980797986409762,False
238,0.9120433642792949,99.03655681613542,0.16143832373388065,False
239,0.959598657344105,99.0387652872422,0.16303817692288924,False
240,1.0032709271829536,99.04107110548217,0.16460763508088405,False
241,1.0434758622197662,99.04347431887211,0.16614680724645547,False
242,1.0805333164475432,99.0459749227694,0.1676558172248162,False
243,1.114696123966521,99.04857285928894,0.16913480515993976,False
244,1.1461683299371317,99.05126801678526,0.17093761104743918,False
245,1.1751172867945407,99.05406022940181,0.17269720648821876,False
246,1.201681991620676,99.05694927668925,0.17441139180276619,False
247,1.2259790140555222,99.05993488329436,0.17607774437918353,False
248,1.2481068205144499,99.0630167187213,0.1776951930697938,False
249,1.2681489963097885,99.06619439716638,0.17925245882261057,False
250,1.2861766890619075,99.06946747742768,0.18074870009656482,False
251,1.3022504881911108,99.07283546289035,0.18218310347343672,False
252,1.3164218868227548,99.07629780158877,0.1835548919503203,False
253,1.3287344279695676,98.37702871410737,0.11493512323662397,False
254,1.3392246071829446,99.10664691723755,0.115341271816394,False
255,1.347922583568817,99.13959694487899,0.11493341187265167,False
256,1.3548527368476762,99.14340978170766,0.11451076046386446,False
257,1.360034097940745,99.14730825958702,0.11407274829903864,False
258,1.3634806730596907,99.15129151291512,0.11361881652206711,False
259,1.3652016755898781,99.15535862641927,0.11314841761394455,False
260,1.3652016755898781,99.15950863581786,0.1126610162796572,False
261,1.3634806730596907,99.16374052855295,0.11215609031757039,False
262,1.360034097940745,99.16805324459234,0.11163313146920853,False
263,1.3548527368476762,99.17244567730005,0.11109164624737634,False
264,1.347922583568817,99.17691667437344,0.10954372321427412,False
265,1.3392246071829446,99.18146503884573,0.10799403818046494,False
266,1.3287344279695676,99.18608953015168,0.10647958761979527,False
267,1.3164218868227548,99.19078886525479,0.10500209243412101,False
268,1.3022504881911108,99.19556171983356,0.10356330775049949,False
269,1.2574580300524587,99.20040672952487,0.10216501867851085,False
270,1.2072640872959293,99.20532249122158,0.10080903524290905,False
271,1.1899285414712581,99.21030756442228,0.09949718643016568,False
272,1.1706718933538656,99.21536047262992,0.09823131329606835,False
273,1.1494318918359776,99.22047970479704,0.0970132610936764,False
274,1.090864890696142,99.22566371681415,0.09584487039698786,False
275,1.0236982481827188,99.23091093303859,0.09472796721585039,False
276,0.9436063339556555,99.23621974786049,0.09366435212205113,False
277,0.8301899714180443,99.24158852730281,0.09265578843494285,False
278,0.804717519321077,99.24701561065197,0.091703989547029,False
279,0.7771529943226336,99.25249931211593,0.09081060550483312,False
280,0.7473944462440387,99.25803792250618,0.12151437782036852,False
281,0.7153220528038851,99.26362971094036,0.12199745885638125,False
282,0.6807937753703206,99.26927292656192,0.12222630937808934,False
283,0.6436394131461666,99.27496580027359,0.12222548793339573,False
284,0.603652249754401,99.28070654648093,0.12290428072457989,False
285,0.560576942614533,99.28649336484276,0.12336196236897755,False
286,0.5140912790181235,99.29232444202503,0.12358846360083267,False
287,0.4637773498877516,99.29819795345468,0.12360324293692229,False
288,0.40907313904382653,99.30411206507004,0.12342357342720747,False
289,0.3491843735073079,99.31006493506493,0.12306485024602769,False
290,0.2829047929798921,99.31605471562276,0.1225408343876528,False
291,0.208180945557171,99.3220795546377,0.12186384759448085,False
292,0.12068101401352381,99.32813759742005,0.12104492955585687,False
293,-0.0,99.33422698838248,0.12009396555162243,False
294,-0.0,99.34034587270459,0.11901979067276694,False
295,-0.0,99.3464923979728,0.11783027527063167,False
296,-0.0,99.35266471579321,0.11653239519316859,False
297,-0.0,99.3588609833746,0.11513228954547196,False
298,-0.0,99.36507936507937,0.11363530808192293,False
299,-0.0,99.37131803394003,0.11204604984252362,False
300,-0.0,98.90856491627947,0.1251110484843378,False
301,-0.0,99.39258870826778,0.29860261014756656,False
302,-0.0,99.39258870826778,0.31355068099702627,False
303,-0.0,99.39258870826778,0.3268908559261132,False
304,-0.0,99.39258870826778,0.38297962620257964,False
305,-0.0,99.39258870826778,0.5297561521071746,False
306,-0.0,99.39258870826778,0.5632680443360819,False
307,-0.0,99.39258870826778,0.5924997800071359,False
308,-0.0,99.39258870826778,0.6181373280147462,False
309,-0.0,99.39258870826778,0.6406897870472278,False
310,-0.0,99.39258870826778,0.6605501495730524,False
311,-0.0,99.39258870826778,0.6788324126171732,False
312,-0.0,99.39258870826778,0.6949025189245442,False
313,-0.0,99.39258870826778,0.7089981984991853,False
314,-0.0,99.39258870826778,0.7213211614807807,False
315,-0.0,99.39258870826778,0.7320457727977415,False
316,-0.0,99.39258870826778,0.7413253160465886,False
317,-0.0,99.39258870826778,0.7729240722620478,False
318,-0.0,99.39258870826778,0.7800947462118686,False
319,-0.0,99.39258870826778,0.7866530123758037,False
320,-0.0,98.90856491627947,0.7861938860978647,False
321,-0.0,98.1283422459893,0.7433172999904049,False
322,-0.0,98.86473218199352,0.7419767325307246,False
323,-0.0,98.86473218199352,0.7405314923040581,False
324,-0.0,98.37773674492219,0.7170990546970765,False
325,-0.0,97.60397432515607,0.6206477032238344,False
326,-0.0,98.32498021630177,0.5939885510065558,False
327,-0.0,98.32498021630177,0.568000407211795,False
328,-0.0,98.32498021630177,0.5427242224052959,False
329,-0.0,98.32498021630177,0.5543981670249272,False
330,-0.0,98.32498021630177,0.5311694272297108,False
331,-0.0,98.32498021630177,0.5172345556328269,False
332,-0.0,98.32498021630177,0.5040477542520823,False
333,-0.0,98.32498021630177,0.49159555564743374,False
334,-0.0,98.32498021630177,0.4811930746359709,False
335,-0.0,98.32498021630177,0.47200486037522177,False
336,-0.0,98.32498021630177,0.4630634171877155,False
337,-0.0,97.83509700176367,0.41386811546106234,False
338,-0.0,98.28882207286877,0.4061034214210021,False
339,-0.0,98.2708167065709,0.4548714832001582,False
340,-0.0,98.25286743131501,0.44977466882044376,False
341,-0.0,98.23497949723658,0.4451390939232084,False
342,-0.0,98.2171581769437,0.4409818694308034,False
343,-0.0,98.19940876108573,0.43731463344867416,False
344,0.12068101401352381,98.18173655382958,0.4341429705265982,False
345,0.208180945557171,98.16414686825054,0.43146589976284017,False
346,0.2829047929798921,98.14664502164503,0.4292754511248987,False
347,0.3491843735073079,98.12923633077271,0.4275563444180233,False
348,0.40907313904382653,98.11192610703613,0.42670154797144755,False
349,0.4637773498877516,97.41426238432227,0.37800884247677335,False
350,0.5140912790181235,98.12761316124342,0.3795801798368021,False
351,0.560576942614533,98.68205780767133,0.36857062410080293,False
352,0.603652249754401,98.67067285805335,0.3587738696779727,False
353,0.6436394131461666,98.63346631815472,0.3502428001103657,False
354,0.6807937753703206,98.62817551963049,0.3411464398535328,False
355,0.7153220528038851,98.61828332170272,0.3326539849693818,False
356,0.7473944462440387,98.60837784649986,0.32612244608957774,False
357,0.7771529943226336,98.5984616110613,0.32026684141860234,False
358,0.804717519321077,97.98676748582231,0.31408389085813493,False
359,0.8301899714180443,97.26370510396976,0.21718007080777765,False
360,0.8536576732793313,97.93950850661626,0.20830866801553058,False
361,0.875195788740725,97.93950850661626,0.1997992582312216,False
362,0.8948692308065574,97.93950850661626,0.19106056372734997,False
363,0.9127341558073343,97.93950850661626,0.18219200596028845,False
364,0.9288391461883214,97.93950850661626,0.17332185383696636,False
365,0.9432261548473415,97.93950850661626,0.16456476017385216,False
366,0.9559312637896478,97.93950850661626,0.15605820067960752,False
367,0.9669852958320848,97.93950850661626,0.2131693564128826,False
368,0.976414308115487,97.93950850661626,0.20846051480657277,False
369,0.9842399889605549,97.93950850661626,0.20425713279045973,False
370,0.9904799742690308,97.93950850661626,0.2013293053706802,False
371,0.995148095654003,97.93950850661626,0.19742881039461424,False
372,0.9982545693874831,97.93950850661626,0.23781502982495376,False
373,0.999806132804711,97.93950850661626,0.23654201523208232,False
374,0.999806132804711,97.93950850661626,0.2697280438549379,False
375,0.9982545693874831,97.93950850661626,0.26896349516328555,False
376,0.995148095654003,97.93950850661626,0.2684629230502206,False
377,0.9904799742690308,97.93950850661626,0.2680847551690942,False
378,0.9842399889605549,97.93950850661626,0.26769944629535347,False
379,0.976414308115487,97.93950850661626,0.2671112880740706,False
380,0.9669852958320848,97.93950850661626,0.265778450247094,False
381,0.9559312637896478,97.93950850661626,0.26437618335745405,False
382,0.9432261548473415,97.93950850661626,0.26338866688992585,False
383,0.9288391461883214,97.93950850661626,0.262744993851214,False
384,0.9127341558073343,97.93950850661626,0.30628617988381407,False
385,0.8948692308065574,97.93950850661626,0.3061144586809396,False
386,0.875195788740725,97.93950850661626,0.30607176756187143,False
387,0.8536576732793313,97.25425330812854,0.26482783035062946,False
388,0.8301899714180443,98.00094517958412,0.263787131611275,False
389,0.804717519321077,98.00093852651338,0.2627553410092014,False
390,0.7771529943226336,98.05237163358494,0.2611165683022598,False
391,0.7473944462440387,98.00093852651338,0.26057631461311687,False
392,0.7153220528038851,97.3062381852552,0.2753640260329417,False
393,0.6807937753703206,98.03921568627452,0.2738399013662744,False
394,0.6436394131461666,97.3062381852552,0.2385620867456332,False
395,0.603652249754401,98.01501642421398,0.23706694151129562,False
396,0.560576942614533,98.0197558475445,0.23555791491632241,False
397,0.5140912790181235,98.0197558475445,0.23417721135709174,False
398,0.4637773498877516,98.01501642421398,0.23281128858151112,False
399,0.40907313904382653,98.00094517958412,0.23190960370161165,False
400,0.3491843735073079,97.98686464877213,0.23142479461985596,False
401,0.2829047929798921,97.97277868302501,0.2313357259565581,False
402,0.208180945557171,97.95869124601873,0.2315798539761702,False
403,0.12068101401352381,97.94460641399417,0.23176829787754036,False
404,-0.0,97.19630709426627,0.17010985105248563,False
405,-0.0,97.88143828960156,0.1705357296668127,False
406,-0.0,97.88143828960156,0.23422963092552487,False
407,-0.0,97.88143828960156,0.23457878632575238,False
408,-0.0,97.88143828960156,0.23506875134111796,False
409,-0.0,97.88143828960156,0.2351899333683856,False
410,-0.0,97.88143828960156,0.23540377111956687,False
411,-0.0,97.88143828960156,0.23573088484647917,False
412,-0.0,97.12818003913894,0.16921032613867268,False
413,-0.0,97.8721308245493,0.16992998270835535,False
414,-0.0,97.87518573551263,0.1708198681145258,False
415,-0.0,97.87848605577689,0.1712820600937701,False
416,-0.0,97.88203484878831,0.17183025782293956,False
417,-0.0,97.88583509513742,0.17246894544725513,False
418,-0.0,97.88988968727861,0.17353341945549308,False
419,-0.0,97.8942014242116,0.2361193532051931,False
420,-0.0,97.89877300613497,0.3043429622662198,False
421,-0.0,97.90360702908231,0.34054583721068843,False
422,-0.0,97.9087059795518,0.3701833515532941,False
423,-0.0,97.91407222914073,0.39706740070229013,False
424,-0.0,97.91970802919708,0.41969483489510384,False
425,-0.0,97.92561550550026,0.4390086859488762,False
426,-0.0,97.15062477126575,0.426370250497048,False
427,-0.0,97.89731816758844,0.44123471844345297,False
428,-0.0,97.76729559748428,0.4536942797329235,False
429,-0.0,97.86270793851337,0.4643154366305057,False
430,-0.0,97.86930316167918,0.4731076496445712,False
431,-0.0,97.87618137411066,0.48027637680973473,False
432,-0.0,97.88334399658775,0.4860007565055071,False
433,-0.0,97.89079229122056,0.4904411173763272,False
434,-0.0,97.89852735676664,0.49374445840684106,False
435,-0.0,97.90655012409626,0.4962558362805254,False
436,-0.0,97.91486135181975,0.4979290942201806,False
437,-0.0,97.92346162209176,0.49934993634171027,False
438,-0.0,97.93235133660666,0.500108406906495,False
439,-0.0,97.12218474594712,0.4744921537664797,False
440,0.12068101401352381,96.9539822042688,0.43421585091074133,False
441,0.12068101401352381,97.09716288750137,0.4063980717067415,False
442,0.12068101401352381,97.1042364965108,0.37928785390270453,False
443,0.12068101401352381,97.11167456730239,0.350803660097913,False
444,0.208180945557171,97.11947807817769,0.3231581625862662,False
445,0.208180945557171,97.12764777642231,0.29661025478142655,False
446,0.208180945557171,97.13618417394206,0.27150597242753327,False
447,0.208180945557171,97.145087543214,0.248306662252029,False
448,0.208180945557171,97.15435791356852,0.22761736060115972,False
449,0.208180945557171,97.16399506781751,0.21020036755419233,False
450,0.208180945557171,97.17399853924378,0.1953460684757883,False
451,0.208180945557171,97.18436760896498,0.18303508924609915,False
452,0.208180945557171,97.1951013036853,0.17376690787018953,False
453,0.208180945557171,97.20619839384685,0.16770681131158607,False
454,0.208180945557171,97.21765739219131,0.1648569645553016,False
455,0.208180945557171,97.22947655274214,0.16502619995722193,False
456,0.208180945557171,97.24165387021554,0.16784813494538423,False
457,0.2829047929798921,97.25418707986783,0.17150681465286827,False
458,0.3491843735073079,97.26707365778513,0.17710323961707938,False
459,0.40907313904382653,97.28031082162039,0.18399468664493332,False
460,0.4637773498877516,97.29389553178099,0.19188411623027174,False
461,0.5140912790181235,97.30782449306908,0.20038350925796972,False
462,0.560576942614533,97.32209415677505,0.2401328179299354,False
463,0.603652249754401,97.33670072322352,0.2456347264864511,False
464,0.6436394131461666,97.35164014476935,0.2513666746817296,False
465,0.6807937753703206,97.36690812923997,0.25709553768100474,False
466,0.7153220528038851,97.38250014381867,0.2626042823742585,False
467,0.7473944462440387,97.39841141936226,0.26768972007381164,False
468,0.7771529943226336,97.41463695514481,0.27215906570144915,False
469,0.804717519321077,97.43117152401797,0.27582568957782716,False
470,0.8301899714180443,97.44800967797684,0.27962646905131455,False
471,0.8536576732793313,97.46514575411913,0.28376442281023706,False
472,0.875195788740725,97.48257388098392,0.28804184020939944,False
473,0.9875245214535493,97.50028798525516,0.29243720364545034,False
474,1.066503202885787,97.51828179881385,0.29692937354910287,False
475,1.132529774880598,97.53654886612179,0.30149777333554045,False
476,1.1899285414712581,97.55508255191855,0.30612253633586956,False
477,1.2407449439357603,97.57387604921237,0.31078461882775665,False
478,1.2574580300524587,97.59292238754524,0.31546588349485843,False
479,1.2574580300524587,97.61221444151073,0.32014915759805895,False
480,1.2574580300524587,97.6317449395034,0.3248182699151677,False
481,1.2574580300524587,97.65150647267728,0.3294580701660156,False
482,1.2574580300524587,96.8098439102199,0.31253002447569234,False
483,1.2574580300524587,97.62066621346023,0.31905610338305834,False
484,1.2574580300524587,97.64533573681838,0.3252264687614549,False
485,1.2574580300524587,97.66998991822561,0.33104468708833973,False
486,1.2574580300524587,97.69462078182426,0.3365150800550096,False
487,1.2574580300524587,97.71922054915855,0.34164263061767064,False
488,1.2574580300524587,97.74378164208673,0.34643290363139895,False
489,1.2574580300524587,97.76829668526419,0.35089197805163624,False
490,1.2574580300524587,97.7927585082092,0.3550263883822256,False
491,1.2574580300524587,97.81716014696347,0.35884307357190376,False
492,1.2574580300524587,97.84149484536083,0.3623493319576927,False
493,1.2574580300524587,97.86575605591719,0.36408973084142027,False
494,1.2574580300524587,97.88993744035628,0.36543568351717437,False
495,1.2574580300524587,97.91403286978509,0.36640107121436305,False
496,1.2574580300524587,97.93803642453423,0.366999234102474,False
497,1.2574580300524587,97.96194239367786,0.3672430121897246,False
498,1.2574580300524587,97.98574527424853,0.3671447772031391,False
499,1.2574580300524587,98.00943977016212,0.36671645700835054,False
500,1.2574580300524587,98.03302079086832,0.3659695538054996,False
501,1.2407449439357603,98.05648344974188,0.36491515708442457,False
502,1.2407449439357603,98.07982306222982,0.36356395212077913,False
503,1.2407449439357603,98.10303514376997,0.35954360150079345,False
504,1.2407449439357603,98.12611540749553,0.3577034889526838,False
505,1.2220947914756688,98.14905976174067,0.3547044794378089,False
506,1.2220947914756688,98.17186430736142,0.35063506498018826,False
507,1.2220947914756688,98.19452533488644,0.34556958653992836,False
508,1.2220947914756688,98.21703932151118,0.3395699233995028,False
509,1.2220947914756688,98.23940292794948,0.3326866205291099,False
510,1.2220947914756688,98.26161299515532,0.32495954433636587,False
511,1.2681489963097885,98.28366654092795,0.3164181064379644,False
512,1.30962049684272,98.30556075641266,0.30708104933607333,False
513,1.3470624465271648,98.32729300250907,0.29874774321041303,False
514,1.3470624465271648,98.34886080619869,0.28989235790639784,False
515,1.3470624465271648,98.37026185680278,0.2805275313419591,False
516,1.3470624465271648,98.39149400218102,0.27065826882026295,False
517,1.3808832571151748,98.41255524488139,0.26028105617417585,False
518,1.3939473942522724,98.43344373825083,0.2539021939708795,False
519,1.4031633649036752,98.45415778251599,0.24208190976477773,False
520,1.408648411160687,98.47469582084288,0.22974682057125176,False
521,1.410469497157276,98.49505643538367,0.21684592719940296,False
522,1.408648411160687,98.51523834331857,0.20330309138161126,False
523,1.4031633649036754,98.47923487851112,0.1935007532668574,False
524,1.374344879613302,98.55506155950752,0.17849518665103067,False
525,1.3425003133763334,98.55506155950752,0.16433271705419206,False
526,1.30738316633364,98.55506155950752,0.1510193301768163,False
527,1.2686794699537274,98.55506155950752,0.23475338893169054,False
528,1.2259790140555225,98.55506155950752,0.3026591424453703,False
529,1.1787269834988532,98.55506155950752,0.3513302099410464,False
530,1.1261358508278747,98.55506155950752,0.3940159301231337,False
531,1.0670056836533544,98.55506155950752,0.43231436727575434,False
532,1.0236982481827188,98.55506155950752,0.4671479293654318,False
533,0.9665364727522964,98.55506155950752,0.4991018339993639,False
534,0.9665364727522964,98.55506155950752,0.5287125877250708,False
535,0.9665364727522964,98.55506155950752,0.5561064326774523,False
536,0.9665364727522964,98.55506155950752,0.5815385462125686,False
537,0.9665364727522964,98.55506155950752,0.6052045349906302,False
538,0.9665364727522964,98.22556390977444,0.6254425697635755,False
539,0.875195788740725,98.49740932642487,0.6462868480568851,False
540,0.8948692308065574,98.49438104742482,0.665690400778715,False
541,0.9127341558073343,98.49145448203697,0.6837453476392631,False
542,0.9288391461883214,98.4886318832961,0.7005303223656472,False
543,0.9432261548473415,98.48591549295774,0.7161135593727216,False
544,0.9559312637896478,98.48330753924387,0.7305551981868894,False
545,0.9669852958320848,98.48081023454158,0.7439090412636004,False
546,0.9669852958320848,98.47842577305788,0.8087511902285147,False
547,0.9669852958320848,97.65740038374012,0.8552815303871238,False
548,0.976414308115487,97.58992805755396,0.8822679917011281,False
549,0.9842399889605549,97.62131303520457,0.908612514277213,False
550,0.9904799742690308,97.59861212563915,0.9312658790665739,False
551,0.995148095654003,97.57578545471273,0.9506161461124515,False
552,0.9982545693874831,97.55283648498332,0.9669875991908613,False
553,0.999806132804711,97.52976885360728,0.9806574626981737,False
554,0.999806132804711,97.50658637561159,0.9917930745289587,False
555,0.9982545693874831,97.48329304706384,1.00068688945503,False
556,0.995148095654003,97.45989304812834,1.0075087710125477,False
557,0.9904799742690308,97.43639074599587,1.0124155788116462,False
558,0.9842399889605549,97.41279069767442,1.0166806511670543,False
559,0.9842399889605549,97.38909765262798,1.020415134558505,False
560,0.976414308115487,97.3653165552497,1.0235923424837037,False
561,0.9669852958320848,97.3414525471558,1.0262591802147825,False
562,0.9559312637896478,97.317510969286,1.0284605825475988,False
563,0.9432261548473415,97.29349736379613,1.0302396690949103,False
564,0.9288391461883214,97.26941747572816,1.031637862861806,False
565,0.9127341558073343,97.24527725444268,1.0326949762234416,False
566,0.8948692308065574,96.41020418554916,0.9928814240349949,False
567,0.875195788740725,96.25205086136177,0.9437876564677015,False
568,0.8536576732793313,96.36570130607609,0.9059958597314007,False
569,0.8301899714180443,96.34095634095634,0.8684089554665705,False
570,0.804717519321077,96.31625765266077,0.8317533449948394,False
571,0.7771529943226336,96.29161399072903,0.7961223837679738,False
572,0.7771529943226336,96.26703430722732,0.7616175657452099,False
573,0.7771529943226336,96.24252775405637,0.7283487551269285,False
574,0.7771529943226336,96.21810367982809,0.6964341157793,False
575,0.7473944462440387,96.19377162629758,0.6659995839380202,False
576,0.7153220528038851,96.16954132433756,0.6371776890016257,False
577,0.6807937753703206,96.14542268944372,0.6108220869770633,False
578,0.6807937753703206,96.12142581675941,0.5852585855913612,False
579,0.6807937753703206,96.09756097560975,0.560292466834636,False
580,0.6807937753703206,96.07383860353578,0.5360926583519313,False
581,0.6807937753703206,96.05026929982047,0.512706246888342,False
582,0.6807937753703206,96.02686381849992,0.49018416693794276,False
583,0.6807937753703206,96.00363306085377,0.46858122910816563,False
584,0.6807937753703206,95.98058806737083,0.4479559827989384,False
585,0.6436394131461666,95.95774000918695,0.4283703415669066,False
586,0.603652249754401,95.93510017899416,0.40988888470812257,False
587,0.560576942614533,95.91267998142128,0.392577737968956,False
588,0.5140912790181235,95.89049092288833,0.37650293567512744,False
589,0.4637773498877516,95.86854460093896,0.36172818380051225,False
590,0.40907313904382653,95.84685269305646,0.34831198734153984,False
591,0.3491843735073079,95.82542694497154,0.3363041826237756,False
592,0.2829047929798921,95.8042791584719,0.3257420259023016,False
593,0.2829047929798921,95.78342117872545,0.31664612148505,False
594,0.2829047929798921,95.7628648811315,0.3090165973168979,False
595,0.2829047929798921,95.7426221577165,0.30283001218621153,False
596,0.2829047929798921,95.72270490309253,0.29803746457613917,False
597,0.2829047929798921,95.703125,0.29307538971435004,False
598,0.2829047929798921,95.68389430445711,0.2876860867069786,False
599,0.2829047929798921,95.66502463054188,0.33911704991333547,False
600,0.2829047929798921,95.64652773483397,0.3321630021695892,False
601,0.2829047929798921,95.62841530054645,0.338707344273739,False
602,0.3491843735073079,95.61069892137914,0.34495177493191764,False
603,0.40907313904382653,95.5933900851277,0.341305633922537,False
604,0.4637773498877516,95.57650015708451,0.3520583457360569,False
605,0.5140912790181235,95.56004036326942,0.4207573798163741,False
606,0.560576942614533,95.54402177352998,0.47753849978249274,False
607,0.560576942614533,95.52845528455285,0.5262709573937623,False
608,0.560576942614533,95.51335160282964,0.5690259772575578,False
609,0.603652249754401,95.49872122762149,0.6070692950993879,False
610,0.6436394131461666,95.48457443396832,0.6412433421878168,False
611,0.6807937753703206,95.47092125579002,0.6721435846734117,False
612,0.7153220528038851,95.45777146912704,0.7002103110725326,False
613,0.7473944462440387,95.44513457556936,0.7257807548937865,False
614,0.7771529943226336,95.43301978592281,0.7491207205397434,False
615,0.804717519321077,95.42143600416233,0.77044480471132,False
616,0.8301899714180443,95.41039181172175,0.7700780394809336,False
617,0.8536576732793313,95.39989545216936,0.7925150696817486,False
618,0.875195788740725,95.38995481631851,0.8121852067273966,False
619,0.8948692308065574,94.73097112860893,0.8077490674572181,False
620,0.8948692308065574,95.43751232660574,0.8239857866740992,False
621,0.9127341558073343,95.98974426401946,0.8326641300607297,False
622,0.9288391461883214,95.98919915700738,0.8396087940216722,False
623,0.9432261548473415,95.33610396464147,0.848895242143033,False
624,0.9559312637896478,96.04254756871036,0.8507810569168099,False
625,0.9669852958320848,96.63054968287527,0.8240594642268747,False
626,0.976414308115487,96.63910023155806,0.7964178200272393,False
627,0.9842399889605549,96.64811870694224,0.7632518198209136,False
628,0.9904799742690308,96.65760328934279,0.7550974144781399,False
629,0.995148095654003,96.66755177907594,0.7241208572409585,False
630,0.9982545693874831,96.67796159723606,0.6943285937822447,False
631,0.999806132804711,96.68882978723404,0.6654685559861405,False
632,0.999806132804711,96.700153017098,0.6683986962288425,False
633,0.9982545693874831,96.71192758253461,0.6407536860600347,False
634,0.995148095654003,96.72414941074639,0.6142748542925722,False
635,0.9904799742690308,96.73681406499733,0.5885279306769124,False
636,0.9842399889605549,96.15051615051615,0.5899342322012262,False
637,0.976414308115487,96.8233883857219,0.5816367063105607,False
638,0.9669852958320848,96.8233883857219,0.5526195343333019,False
639,0.9559312637896478,96.8233883857219,0.5390477870913288,False
640,0.9432261548473415,96.8233883857219,0.5287906883998629,False
641,0.9288391461883214,96.8233883857219,0.5218961326740165,False
642,0.9127341558073343,96.8233883857219,0.5183422883933743,False
643,0.8948692308065574,96.8233883857219,0.5180345371000701,False
644,0.875195788740725,96.8233883857219,0.5208091024615872,False
645,0.8536576732793313,96.8233883857219,0.5264427923262249,False
646,0.8301899714180443,96.8233883857219,0.5346670364459416,False
647,0.804717519321077,96.22716971070524,0.5505317206391273,False
648,0.7771529943226336,95.5539261431809,0.5327942958709957,False
649,0.7473944462440387,96.19384082122383,0.5486243605941608,False
650,0.7153220528038851,96.19384082122383,0.5633947671500008,False
651,0.6807937753703206,96.19384082122383,0.5776331052411144,False
652,0.6436394131461666,95.56059192107719,0.556374622037906,False
653,0.603652249754401,96.23383548860151,0.5729748747094088,False
654,0.560576942614533,96.23734683004795,0.5888912020438227,False
655,0.5140912790181235,96.24135178286322,0.6047076175780219,False
656,0.4637773498877516,96.24584717607974,0.6208702971211607,False
657,0.40907313904382653,95.76642335766424,0.6177264919123947,False
658,0.40907313904382653,96.32918102305858,0.6352201122113885,False
659,0.40907313904382653,97.03816591571693,0.6389909483329916,False
660,0.40907313904382653,97.05940790780846,0.6264238024343707,False
661,0.40907313904382653,97.08101667990469,0.6232188358874868,False
662,0.40907313904382653,97.10298300152127,0.6179255386988959,False
663,0.4637773498877516,97.12529738302935,0.6099163858344364,False
664,0.5140912790181235,97.14795008912655,0.6000634972186736,False
665,0.560576942614533,97.17093115273015,0.5929605773800007,False
666,0.603652249754401,97.19423038925113,0.6143003916582847,False
667,0.603652249754401,97.21783741120758,0.6106188856103613,False
668,0.720523936685393,97.2417416431339,0.6076463137419684,False
669,0.804144968682279,97.26593233674272,0.6045739826182689,False
670,0.8749177494187964,97.29039858629491,0.6247603475757675,False
671,0.9371713531760616,97.31512934413378,0.615865298954065,False
672,0.9929563290994998,97.34011343633874,0.6063906241422431,False
673,1.0434758622197662,97.36533957845434,0.6197606706887984,False
674,1.0895209637560108,97.39079639125073,0.6069094748226416,False
675,1.1316501862018717,97.41647241647242,0.6168599155289597,False
676,1.17027775595384,97.44235613253245,0.6225901737657928,False
677,1.2057219651274376,97.46843597011079,0.6260474856225667,False
678,1.2382339767869435,97.49470032761612,0.6113311329526381,False
679,1.2680160454788014,97.52113758647195,0.5981969355123117,False
680,1.2952336017523502,97.01511657699206,0.6015852822661154,False
681,1.320023576372009,97.45708429413271,0.5943627555451574,False
682,1.3425003133763334,97.45708429413271,0.5885103738150257,False
683,1.362759877482492,97.45708429413271,0.600072200541965,False
684,1.3808832571151748,97.45708429413271,0.5959835632572693,False
685,1.3969387860636409,96.67922600421483,0.5881383260230486,False
686,1.3969387860636409,96.2002682163612,0.5490643036849852,False
687,1.4109839980999699,96.61536496583435,0.5363726934246081,False
688,1.4230670603378361,96.61536496583435,0.5548721458593573,False
689,1.4332278865247239,96.61536496583435,0.6142552229010697,False
690,1.441499001640642,96.21942652787534,0.6022599012180035,False
691,1.4479062086941699,96.69199821189092,0.696313537370107,False
692,1.4524690941546654,96.6785896780787,0.7031021693037569,False
693,1.4552013979602212,96.23762376237623,0.6871079779077192,False
694,1.4561112661478437,96.71052631578948,0.6918094781211305,False
695,1.4552013979602212,96.23123602682848,0.6738150949104638,False
696,1.4524690941546654,96.25702606029637,0.6579137668960434,False
697,1.4479062086941699,96.25702606029637,0.6430977893884566,False
698,1.441499001640642,96.66560204407537,0.645602422700323,False
699,1.4332278865247239,96.65304036791007,0.6474866464279027,False
700,1.4230670603378361,96.64090938118653,0.6729359648761117,False
701,1.4109839980999699,96.62921348314607,0.6761902505190788,False
702,1.3969387860636409,96.61795673537107,0.6790301469784231,False
703,1.3808832571151748,96.21173469387755,0.6679536789337991,False
704,1.362759877482492,96.65413294245108,0.6716609391932338,False
705,1.3425003133763334,96.65413294245108,0.6887280150558305,False
706,1.320023576372009,96.65413294245108,0.690558404851268,False
707,1.2952336017523502,96.65413294245108,0.7085790639012304,False
708,1.2680160454788014,95.88100686498856,0.6833397630314293,False
709,1.2382339767869435,95.36613272311213,0.6178893129661879,False
710,1.2057219651274376,95.81744215611492,0.5926739436913426,False
711,1.17027775595384,94.9370309120977,0.4680703296726785,False
712,1.1316501862018717,95.85083365152094,0.4465405215055627,False
713,1.0895209637560108,95.85083365152094,0.46276913256275726,False
714,1.043475862219766,95.85083365152094,0.44778114863984403,False
715,0.9929563290994997,95.85083365152094,0.4354843900063835,False
716,0.9371713531760616,95.85083365152094,0.43758018813381633,False
717,0.8749177494187964,95.85083365152094,0.4270847012426815,False
718,0.804144968682279,95.85083365152094,0.42025029343725834,False
719,0.7619882811604882,95.85083365152094,0.41259029075836984,False
720,0.7164037343212466,95.33138277572827,0.3965604671666413,False
721,0.6669740736911405,95.76023391812865,0.415518157240207,False
722,0.6131379016405237,95.75076219512195,0.43114601153320753,False
723,0.5541015302865538,95.7418454118543,0.4461262929295242,False
724,0.48865925334338955,95.73348548243946,0.45997703220959274,False
725,0.4147581439991112,95.36474164133739,0.4532476673854598,False
726,0.3280668831792932,95.77536048570705,0.45102674467808684,False
727,0.208180945557171,95.30103718694663,0.44128665409072837,False
728,0.12068101401352381,95.85125221350873,0.4587745995907039,False
729,0.12068101401352381,95.84438549955792,0.4754713029024865,False
730,0.12068101401352381,95.83806280741581,0.4914183108172596,False
731,0.12068101401352381,95.83228405943088,0.5057089311825501,False
732,0.12068101401352381,95.82704876822524,0.5192086858876747,False
733,0.12068101401352381,95.06103286384976,0.5016298721825894,False
734,0.12068101401352381,95.8291770573566,0.5142563800355785,False
735,0.12068101401352381,95.84031787421618,0.5259006721100552,False
736,0.12068101401352381,95.27881040892193,0.5254356931420366,False
737,0.12068101401352381,95.77125193199382,0.5352645537347048,False
738,0.12068101401352381,95.46632124352331,0.5417724585547578,False
739,0.12068101401352381,95.79718171189465,0.549309940857438,False
740,0.12068101401352381,96.39406805735031,0.5340936023414597,False
741,0.12068101401352381,96.39700466486619,0.519147891667027,False
742,0.12068101401352381,96.40036730945822,0.5063601143774408,False
743,0.12068101401352381,96.4041514041514,0.4937617405592324,False
744,0.12068101401352381,96.40835210324465,0.48036637666182047,False
745,0.12068101401352381,96.41296431172614,0.4670877487542887,False
746,0.12068101401352381,95.66267971487254,0.4713107852382794,False
747,-0.0,96.40495370927017,0.4576600498271031,False
748,-0.0,96.41660684374253,0.4435696466593462,False
749,-0.0,96.42857142857143,0.428697366909277,False
750,-0.0,96.4408385644913,0.4133388830047998,False
751,-0.0,96.45339931660186,0.39923627389138905,False
752,-0.0,96.46624472573839,0.3861352078468387,False
753,-0.0,96.47936581953836,0.37091752059563043,False
754,-0.0,96.4927536231884,0.3558149429161262,False
755,-0.0,96.50639916983742,0.3408619718259402,False
756,-0.0,96.5202935106627,0.3269751443538718,False
757,-0.0,96.53442772457821,0.31252272985728513,False
758,-0.0,96.54879292757566,0.2993272680706281,False
759,-0.0,96.56338028169014,0.28613577976967763,False
760,-0.0,96.57818100358423,0.27298253955468266,False
761,-0.0,96.59318637274549,0.2586099607506068,False
762,-0.0,96.60838773929402,0.24670200630221384,False
763,-0.0,96.62377653139778,0.23460909998143165,False
764,-0.0,96.63934426229508,0.2244171228443892,False
765,-0.0,96.65508253692441,0.21422717677344216,False
766,-0.0,96.67098305816337,0.24162897390563393,False
767,0.12068101401352381,96.68703763267932,0.23448919574864793,False
768,0.12068101401352381,96.7032381763954,0.22798800686564433,False
769,0.12068101401352381,96.71957671957672,0.23720269465074117,False
770,0.12068101401352381,96.7360454115421,0.23145497392569692,False
771,0.12068101401352381,96.75263652500783,0.22519910352363173,False
772,0.12068101401352381,96.24564505225938,0.2172675691583029,False
773,0.12068101401352381,96.7063697566028,0.21322191749304809,False
774,0.12068101401352381,96.7149708627714,0.2091173947928086,False
775,0.12068101401352381,96.7238369107528,0.20495404018727992,False
776,0.12068101401352381,96.73296180786339,0.20073078201295103,False
777,0.12068101401352381,96.74233940751299,0.1975744619171059,False
778,0.12068101401352381,96.75196351659488,0.19441620648158267,False
779,0.12068101401352381,96.76182790275396,0.19124859086327484,False
780,0.12068101401352381,96.77192630152116,0.18806369546012267,False
781,0.12068101401352381,96.73228739882083,0.18666153400660762,False
782,0.12068101401352381,96.82263437919546,0.18194217462624898,False
783,0.12068101401352381,96.82263437919546,0.1775731692432263,False
784,0.12068101401352381,96.82263437919546,0.17365748207663556,False
785,0.12068101401352381,96.82263437919546,0.17016956350942825,False
786,0.12068101401352381,96.080182594026,0.1056870647828972,False
787,0.12068101401352381,96.80182187236991,0.10107247043668002,False
788,0.12068101401352381,96.80924627086831,0.0963449040925157,False
789,0.12068101401352381,96.29062530870296,0.04154599428175112,False
790,0.12068101401352381,96.74009680924627,0.03882817470927873,False
791,0.12068101401352381,96.74009680924627,0.03643340511479434,False
792,0.12068101401352381,96.74009680924627,0.03430284656468819,False
793,0.12068101401352381,96.74009680924627,0.03251525732652671,False
794,0.12068101401352381,96.74009680924627,0.03106932877294835,False
795,0.12068101401352381,96.74009680924627,0.02996126748069677,False
796,0.12068101401352381,96.74009680924627,0.029183404826337602,False
797,0.12068101401352381,96.74009680924627,0.027714733210163763,False
798,0.12068101401352381,96.74009680924627,0.026348671691255255,False
799,0.12068101401352381,96.74009680924627,0.025069564084278143,False
800,0.24096783080307263,96.74009680924627,0.023540405766977295,False
801,0.3280668831792932,96.74009680924627,0.02191661817038951,False
802,0.4023829390456117,96.74009680924627,0.02012239699594843,False
803,0.46824757305098735,96.74009680924627,0.01949143996496572,False
804,0.5277139815252946,96.74009680924627,0.018904285327669444,False
805,0.5277139815252946,96.74009680924627,0.018345874759540054,False
806,0.5819881552488824,96.74009680924627,0.01780059082205053,False
807,0.6318640827062832,96.74009680924627,0.0172516760033626,False
808,0.677903479475398,96.74009680924627,0.01668030862176106,False
809,0.720523936685393,96.74009680924627,0.016064194189339968,False
810,0.7600473303889541,96.74009680924627,0.015375392601905888,False
811,0.7967286463062392,96.74009680924627,0.014576787229699096,False
812,0.830774222099454,96.74009680924627,0.013752408265298775,False
813,0.8623538561746378,96.74009680924627,0.012627361398391298,False
814,0.8916091590804429,96.74009680924627,0.01107656785159825,False
815,0.9727642516015449,96.74009680924627,0.008836973045823707,False
816,1.041018523939755,96.74009680924627,0.004989842549725721,False
817,1.0670056836533544,96.74009680924627,0.1039109447671699,False
818,1.090864890696142,96.74009680924627,0.10622569941380658,False
819,1.1126817966979572,96.74009680924627,0.1088214135886542,False
820,1.132529774880598,96.74009680924627,0.11176047359967499,False
821,1.1504718163625702,96.74009680924627,0.11498291376417913,False
822,1.1665620111568704,96.74009680924627,0.1184784187603408,False
823,1.1808467161073357,96.74009680924627,0.12223402594325185,False
824,1.193365482413587,96.74009680924627,0.126234668923928,False
825,1.2041517951932372,96.74009680924627,0.13046368963301655,False
826,1.2132336634320215,96.74009680924627,0.13388617899485694,False
827,1.2206340886225493,96.74009680924627,0.1394398484208869,False
828,1.1590956761386297,96.74009680924627,0.2114060575148691,False
829,1.1655498193580116,96.74009680924627,0.2540238508398654,False
830,1.170377295621679,96.74009680924627,0.28860866651998024,False
831,1.2304597034223903,96.74009680924627,0.316070843302017,False
832,1.2817425764699486,96.74009680924627,0.33838609195096764,False
833,1.3262610770456722,96.74009680924627,0.3387962747217987,False
834,1.3652016755898781,96.74009680924627,0.3524625720095509,False
835,1.3993371806574677,96.74009680924627,0.35903303633388806,False
836,1.4292062682172793,96.74009680924627,0.36850819395357315,False
837,1.4552013979602212,96.2758075669268,0.35687793552189956,False
838,1.4776169519137876,96.82406401264447,0.3615969851441421,False
839,1.4966777416164074,96.83413626978665,0.36563840869905273,False
840,1.4919310878474152,96.84442270058709,0.3690531224502698,False
841,1.4852641811356104,96.85491723466407,0.37188582749362664,False
842,1.4766549183659508,96.86561379711269,0.37417613651476483,False
843,1.4660741214574513,96.87650631447026,0.3759594730313129,False
844,1.4534849141043307,96.88758872050643,0.377267800722145,False
845,1.438841894200673,96.89885496183206,0.3886813328112538,False
846,1.4220900521936763,96.89131466540104,0.39047733662821676,False
847,1.4031633649036752,96.93607780190727,0.43041971808546853,False
848,1.3819829643540342,97.47899159663865,0.4367617879783699,False
849,1.3584547364298434,97.42285198040987,0.4468494620116761,False
850,1.3324661355215683,97.42840724068576,0.45578803190694334,False
851,1.3038818925522597,97.41499879430914,0.46491015095495786,False
852,1.272538115441929,97.40165128703254,0.47412274332698384,False
853,1.272538115441929,96.80871764934813,0.49608464768991345,False
854,1.272538115441929,97.32021048528551,0.5066021784418965,False
855,1.272538115441929,96.59910348859871,0.5200445458248207,False
856,1.2382339767869435,97.27148703956344,0.5297020207737254,False
857,1.200719639829801,96.70147360202986,0.5420941121767403,False
858,1.1596780472087271,97.19534838268348,0.5516598204950428,False
859,1.114696123966521,97.19667318982387,0.5611418875726718,False
860,1.0652163930664527,97.19827586206897,0.5704307212038922,False
861,1.0652163930664527,97.20015690889477,0.5795194153694485,False
862,1.0652163930664527,97.20231667811917,0.5883745561310745,False
863,1.0652163930664527,97.20475535468658,0.596966340227076,False
864,1.0652163930664527,97.20747295968535,0.6045025664019441,False
865,1.0652163930664527,96.58073403522582,0.6050422989738957,False
866,1.0652163930664527,97.23343506941026,0.6104591222013964,False
867,1.114696123966521,97.86354238456236,0.588777989104137,False
868,1.1596780472087271,97.87234042553192,0.5682554391827169,False
869,1.200719639829801,97.88135593220339,0.5482175463358645,False
870,1.2382339767869435,97.89058649581074,0.5286586495676756,False
871,1.272538115441929,97.90002957704822,0.509574132319596,False
872,1.3038818925522597,97.909682508381,0.49096066728719606,False
873,1.3324661355215683,97.919542496549,0.4728164974143929,False
874,1.3584547364298434,97.9296066252588,0.45514175801335954,False
875,1.3819829643540342,97.93987185805815,0.4379388453135067,False
876,1.374344879613302,97.95033504138746,0.42066376577812054,False
877,1.362759877482492,97.96099290780141,0.4039376297967651,False
878,1.3808832571151748,97.97184207935415,0.38819298637156135,False
879,1.3969387860636409,97.98287907114042,0.3771053730107544,False
880,1.4109839980999699,97.99410029498524,0.3597987839734914,False
881,1.4230670603378361,98.00550206327372,0.3420044195236702,False
882,1.4332278865247239,98.01708059291254,0.35176122628364487,False
883,1.441499001640642,98.02883200941453,0.33400838112609177,False
884,1.4479062086941699,98.04075235109718,0.3175543149419178,False
885,1.4524690941546654,98.05283757338552,0.30123286090752965,False
886,1.4552013979602212,98.0650835532102,0.2868939661958057,False
887,1.4561112661478437,98.07748609349078,0.2730159687278337,False
888,1.4552013979602212,98.0900409276944,0.26106616268115884,False
889,1.4552013979602212,98.10274372446001,0.24998246179024688,False
890,1.4524690941546654,98.1155900922778,0.23985224615783762,False
891,1.4479062086941699,98.1285755842141,0.23076412593887832,False
892,1.4238430936939133,98.14169570267131,0.22280420104181142,False
893,1.3958301562928708,98.1549459041731,0.21605116601609678,False
894,1.3634806730596907,98.16832160416466,0.21057051525960105,False
895,1.3262610770456722,98.18181818181819,0.20640842814417146,False
896,1.2834031297544843,98.19543098483395,0.20471833339797402,False
897,1.2337244651110395,98.20915533422716,0.2042425091196262,False
898,1.175193620727556,98.22298652909143,0.20399193119269704,False
899,1.1034990673875957,97.70707939237604,0.1948134853404426,False
900,0.9982545693874831,98.17044043183338,0.1977296746264364,False
901,0.9982545693874831,98.17044043183338,0.20127736065824833,False
902,0.9982545693874831,97.42685599923759,0.15244092069365964,False
903,0.9982545693874831,98.1083650190114,0.15970046323756265,False
904,0.9982545693874831,98.12286689419795,0.16693850977823685,False
905,0.9982545693874831,98.13746809114116,0.1741491018728466,False
906,0.999806132804711,98.1521636655039,0.18132717640682428,False
907,0.999806132804711,98.16694867456289,0.1884684011246697,False
908,0.9982545693874831,98.18181818181819,0.19556904669892558,False
909,0.9982545693874831,98.19676726151546,0.2026258863102717,False
910,0.9982545693874831,98.21179100307349,0.2085243904653496,False
911,0.9982545693874831,98.22688451541032,0.21425084584655207,False
912,0.9982545693874831,98.2420429311621,0.21977785195133778,False
913,0.9982545693874831,98.25726141078839,0.2236877766154445,False
914,0.999806132804711,98.27253514655885,0.22727845309044883,False
915,0.999806132804711,98.28785936641641,0.23055094276365148,False
916,0.9982545693874831,98.3032293377121,0.2335053260800285,False
917,0.9982545693874831,98.31864037080796,0.2361407768550067,False
918,0.9982545693874831,98.33408782254413,0.23845561175087907,False
919,0.9982545693874831,98.3495670995671,0.24044731834334487,False
920,0.9982545693874831,98.36507366151635,0.2421125640017003,False
921,0.9982545693874831,98.38060302406728,0.24344718682656138,False
922,0.9982545693874831,98.3961507618284,0.244446169039639,False
923,0.9982545693874831,98.4117125110914,0.24510359242700833,False
924,0.9982545693874831,98.42728397243329,0.2454125746357621,False
925,0.9982545693874831,98.4428609131697,0.24536518424952847,False
926,0.9982545693874831,98.45843916965929,0.2391832692400512,False
927,0.995148095654003,98.47401464945936,0.24161608210753488,False
928,0.9904799742690308,98.48958333333333,0.2469754474678185,False
929,0.9842399889605549,98.50514127711051,0.251545093887755,False
930,0.976414308115487,98.52068461339985,0.2562739937929458,False
931,0.9669852958320848,98.5362095531587,0.26041630288131484,False
932,0.9559312637896478,98.55171238711876,0.26402680214027513,False
933,0.9432261548473415,98.56718948707079,0.26832129755448675,False
934,0.9288391461883214,98.58263730701088,0.27225296021800954,False
935,0.9127341558073343,98.59805238415044,0.275843569251506,False
936,0.8948692308065574,98.61343133979285,0.2791125559886777,False
937,0.875195788740725,98.62877088007978,0.2820773735806952,False
938,0.8536576732793313,98.64406779661017,0.28475379429934466,False
939,0.8301899714180443,98.65931896693534,0.28715615112581927,False
940,0.804717519321077,98.67452135493373,0.2892975358880257,False
941,0.7771529943226336,98.68967201106861,0.2911899631378005,False
942,0.7473944462440387,98.70476807253299,0.29284450674399765,False
943,0.7153220528038851,98.71980676328502,0.2942714145571745,False
944,0.6807937753703206,98.73478539397821,0.2954802053012706,False
945,0.6436394131461666,98.74970136179023,0.29647975094797774,False
946,0.603652249754401,98.54280510018215,0.30193943785111066,False
947,0.560576942614533,98.830524492046,0.2999538132032747,False
948,0.5140912790181235,98.89822230904474,0.29500984336306446,False
949,0.4637773498877516,98.91219891219892,0.29005542790870864,False
950,0.40907313904382653,98.9261019044308,0.2850918713317946,False
951,0.3491843735073079,98.93992932862191,0.28012046430463206,False
952,0.2829047929798921,98.95367930652614,0.27514248290771104,False
953,0.2829047929798921,98.96735003796508,0.27015918792718635,False
954,0.2829047929798921,98.98093979996226,0.2651718242237149,False
955,0.2829047929798921,98.9944469458202,0.26018162017408,False
956,0.2829047929798921,99.00786990414382,0.25518978718720714,False
957,0.2829047929798921,99.02120717781403,0.24990626430242988,False
958,0.2829047929798921,99.03445734291506,0.24468477237337083,False
959,0.2829047929798921,99.04761904761905,0.23740068795988298,False
960,0.2829047929798921,99.06069101103142,0.2337540593979968,False
961,0.2829047929798921,99.0736720220003,0.229739297316102,False
962,0.2829047929798921,99.08656093789334,0.22539151222632328,False
963,0.2829047929798921,99.09935668334525,0.2207426754302355,False
964,0.2829047929798921,99.11205824897887,0.24384976732968813,False
965,0.2829047929798921,99.12466469010306,0.24227387180451335,False
966,0.2829047929798921,99.1371751253902,0.24623388781927374,False
967,0.208180945557171,99.14958873553604,0.24937866445193735,False
968,0.12068101401352381,99.16190476190476,0.2518102420183348,False
969,0.12068101401352381,99.17412250516173,0.2536158141200263,False
970,0.208180945557171,99.18624132389647,0.2548709050240185,False
971,0.2829047929798921,99.1982606332382,0.25564168751483957,False
972,0.3491843735073079,99.21017990346644,0.25598671022277986,False
973,0.3491843735073079,99.22199865861838,0.25595820851202294,False
974,0.3491843735073079,99.23371647509579,0.28013164366413346,False
975,0.46824757305098735,99.24533298027274,0.2817894176963383,False
976,0.5541015302865538,99.25684785110651,0.3042925617675298,False
977,0.5541015302865538,99.26826081275317,0.3052138446836211,False
978,0.5541015302865538,99.27957163718968,0.30583925181455024,False
979,0.5541015302865538,99.22308188265634,0.3078544294024274,False
980,0.5541015302865538,99.33070740064687,0.30685559069959895,False
981,0.5541015302865538,99.33070740064687,0.3060189801016611,False
982,0.5541015302865538,99.33070740064687,0.3053292717494491,False
983,0.5541015302865538,99.33070740064687,0.30477181347222554,False
984,0.5541015302865538,98.62939123194671,0.2823734859732001,False
985,0.5541015302865538,99.38194511160214,0.27945397496010077,False
986,0.5541015302865538,99.48784832675913,0.27161165946241206,False
987,0.5541015302865538,99.48784832675913,0.2934117463224226,False
988,0.5541015302865538,99.48784832675913,0.2891176803403513,False
989,0.5541015302865538,99.48784832675913,0.28942009037841676,False
990,0.5541015302865538,99.48784832675913,0.3011481963642325,False
991,0.5541015302865538,99.48784832675913,0.3054316041428801,False
992,0.5541015302865538,99.48784832675913,0.3096722251731406,False
993,0.5541015302865538,99.48784832675913,0.31383681368127464,False
994,0.5541015302865538,98.72772721445969,0.29650929780584656,False
995,0.5541015302865538,99.51895137857558,0.29750352402668434,False
996,0.5541015302865538,98.72772721445969,0.276985345312894,False
997,0.5541015302865538,99.48784832675913,0.27870884340809954,False
998,0.5541015302865538,99.48784832675913,0.2806235905304934,False
999,0.5541015302865538,99.48784832675913,0.2828219067589552,False
1000,0.5541015302865538,99.48784832675913,0.28503176808458425,False
1001,0.5541015302865538,99.48784832675913,0.2870192908825374,False
1002,0.5541015302865538,99.48784832675913,0.2889079433025201,False
1003,0.5541015302865538,99.48784832675913,0.290690340964155,False
1004,0.5541015302865538,99.48784832675913,0.29236087998031657,False
1005,0.5541015302865538,99.48784832675913,0.2931257590811773,False
1006,0.5541015302865538,99.48784832675913,0.29384613720479685,False
1007,0.5541015302865538,98.77847054332612,0.2648265497704482,False
1008,0.5541015302865538,99.53238325486703,0.2628551093539099,False
1009,0.5541015302865538,99.6366164249376,0.25632382970817885,False
1010,0.5541015302865538,98.91300913198724,0.23634716244047102,False
1011,0.5541015302865538,99.69033399690333,0.22499487349316674,False
1012,0.5541015302865538,99.69261652343015,0.2576505030480194,False
1013,0.5541015302865538,99.69488464771631,0.2499039025555834,False
1014,0.5541015302865538,99.69713826565301,0.2423049097720724,False
1015,0.5541015302865538,99.6993772815117,0.284866621502176,False
1016,0.5541015302865538,99.70160160769746,0.2802817117078337,False
1017,0.5541015302865538,99.7038111645057,0.27567538283935267,False
1018,0.5541015302865538,99.7060058798824,0.2705790589185279,False
1019,0.6271502454482835,99.71116338623709,0.2653794977238971,False
1020,0.6917244835981394,99.71116338623709,0.26038922291601013,False
1021,0.7498765864518436,99.7060058798824,0.2554973101280638,False
1022,0.7498765864518436,99.7038111645057,0.25093220294123547,False
1023,0.7498765864518436,99.70160160769746,0.24669239474479918,False
1024,0.7498765864518436,99.6993772815117,0.24277524068204942,False
1025,0.7498765864518436,99.69713826565301,0.28326194264356,False
1026,0.7498765864518436,99.69488464771631,0.28249222365934934,False
1027,0.7498765864518436,99.69261652343015,0.2825986075896303,False
1028,0.7498765864518436,99.69033399690333,0.2828957807960682,False
1029,0.7498765864518436,99.68803718087477,0.28230027336180075,False
1030,0.6857486151292824,99.6857261969663,0.2824329044969788,False
1031,0.6131379016405238,99.68340117593849,0.31888894005578916,False
1032,0.5277139815252946,98.94880723793406,0.28456759444488455,False
1033,0.40907313904382653,99.72788669595437,0.2827192564755884,False
1034,0.40907313904382653,99.72774388243784,0.2813343128492453,False
1035,0.40907313904382653,98.87278058315687,0.23057450104871974,False
1036,0.3491843735073079,99.71203002653206,0.2289974346523973,False
1037,0.2829047929798921,99.71203002653206,0.22763944488775553,False
1038,0.2829047929798921,99.71203002653206,0.22706173998982054,False
1039,0.2829047929798921,99.71203002653206,0.22661884507489138,False
1040,0.2829047929798921,99.71203002653206,0.22623586232491866,False
1041,0.2829047929798921,99.71203002653206,0.22630816131721376,False
1042,0.2829047929798921,99.71203002653206,0.226399344668648,False
1043,0.2829047929798921,99.71203002653206,0.22620334668752903,False
1044,0.2829047929798921,99.71203002653206,0.22603602704279688,False
1045,0.2829047929798921,98.97754481330486,0.16870558666394062,False
1046,0.2829047929798921,99.76056429172328,0.23478729042772287,False
1047,0.2829047929798921,99.7622031556284,0.23291768730276674,False
1048,0.2829047929798921,99.76383481202528,0.23104671968524307,False
1049,0.2829047929798921,99.7062954922743,0.23049436468630138,False
1050,0.2829047929798921,99.74134627666369,0.22991212460622704,False
1051,0.2829047929798921,98.96622800063422,0.17470038026995532,False
1052,0.2829047929798921,99.69769492379393,0.1736231914587452,False
1053,0.2829047929798921,99.63781809019905,0.1735393043427709,False
1054,0.2829047929798921,99.66929133858268,0.17302395320122627,False
1055,0.2829047929798921,99.66929133858268,0.17249260795893517,False
1056,0.2829047929798921,99.66931216931216,0.17191506568819864,False
1057,0.2829047929798921,99.66935382289961,0.17131394323810153,False
1058,0.2829047929798921,99.66941628360935,0.17069167923593204,False
1059,0.2829047929798921,99.66949952785647,0.17005111849013657,False
1060,0.2829047929798921,99.66960352422907,0.16939421333916493,False
1061,0.2829047929798921,99.66972823351787,0.1687231884305213,False
1062,0.2829047929798921,99.66987360875306,0.16809483486519908,False
1063,0.2829047929798921,99.67003959524857,0.16785808053100965,False
1064,0.2829047929798921,99.67022613065326,0.1675980491934949,False
1065,0.2829047929798921,99.67043314500941,0.23681821686083193,False
1066,0.2829047929798921,98.90640578265204,0.16949423938012276,False
1067,0.2829047929798921,99.62268819199605,0.17007628708191908,False
1068,0.2829047929798921,99.62546816479401,0.17081154961766204,False
1069,0.2829047929798921,99.62823013164311,0.17178087036082018,False
1070,0.2829047929798921,99.53413312222155,0.17182343231550673,False
1071,0.2829047929798921,99.6014602981442,0.17272919871744377,False
1072,0.2829047929798921,99.61702127659575,0.23262915557799052,False
1073,0.2829047929798921,99.6145138591446,0.23286940796325908,False
1074,0.2829047929798921,99.6119972901398,0.2331343350668671,False
1075,0.2829047929798921,99.60947185717828,0.23342490265116578,False
1076,0.2829047929798921,99.60693785874719,0.23497303118670662,False
1077,0.2829047929798921,99.6043956043956,0.234978791465245,False
1078,0.2829047929798921,99.60184541490236,0.23498709705030157,False
1079,0.2829047929798921,99.59928762243989,0.2349960252127142,False
1080,0.208180945557171,99.59672257073358,0.2350043724846407,False
1081,0.12068101401352381,99.59415061521614,0.23501781137749544,False
1082,-0.0,99.59157212317666,0.23499142215764074,False
1083,-0.0,99.58898747390397,0.23496868738163115,False
1084,-0.0,99.58639705882354,0.23494164073046545,False
1085,-0.0,98.85380194226069,0.16460150706050047,False
1086,-0.0,99.63770524496444,0.1640514241744098,False
1087,-0.0,99.63825833001461,0.1634684541525953,False
1088,-0.0,99.64546056991385,0.1627133042723094,False
1089,-0.0,99.65597088984453,0.16168577748317964,False
1090,-0.0,99.65387559490132,0.16069281404787533,False
1091,-0.0,99.6517779414719,0.15973242855964914,False
1092,-0.0,98.87497488783232,0.03507243599293163,False
1093,-0.0,99.59485702805866,0.03337176659025877,False
1094,-0.0,99.59485702805866,0.03137441214003217,False
1095,-0.0,99.59485702805866,0.02969961352436415,False
1096,-0.0,99.4172533432142,0.017497642568811873,False
1097,-0.0,99.54591663842766,0.021152236135307353,False
1098,-0.0,99.54320777228567,0.024104449488866486,False
1099,-0.0,99.54049790823674,0.08131367822209525,False
1100,-0.0,99.53778758925183,0.08396904625267292,False
1101,-0.0,99.53507737145236,0.21544544768754142,False
1102,-0.0,99.53236782411446,0.21722001338443855,False
1103,-0.0,99.52965952965953,0.21943407983095176,False
1104,-0.0,99.52695308363046,0.22135374120683357,False
1105,-0.0,99.52424909465313,0.22300453365970518,False
1106,-0.0,99.52154818438248,0.224410211324383,False
1107,-0.0,99.51885098743267,0.2257331637807139,False
1108,-0.0,99.51615815129085,0.22687802920912686,False
1109,-0.0,99.51347033621379,0.22786111203174286,False
1110,-0.0,99.51078821510715,0.22869764155269892,False
1111,-0.0,99.50811247338669,0.2429056814637965,False
1112,-0.0,99.50544380882081,0.24485889041839512,False
1113,-0.0,99.50278293135436,0.2466456447581175,False
1114,0.12068101401352381,99.50013056291267,0.2482741818927219,False
1115,0.208180945557171,99.47732571256674,0.24967105072038892,False
1116,0.208180945557171,99.47314558617292,0.25071299504737343,False
1117,0.208180945557171,99.46893864139986,0.2516353701749317,False
1118,0.208180945557171,99.46470520275734,0.25244582633000723,False
1119,0.208180945557171,99.1637630662021,0.24120659756952556,False
1120,0.208180945557171,99.4006616073166,0.2411801431690842,False
1121,0.208180945557171,98.59894921190893,0.1384608160737616,False
1122,0.208180945557171,99.32671726016734,0.13682780976690578,False
1123,0.208180945557171,99.32671726016734,0.13426096655141867,False
1124,0.208180945557171,99.32671726016734,0.13193477445764365,False
1125,0.208180945557171,99.32671726016734,0.1309658780884556,False
1126,0.208180945557171,99.32671726016734,0.13010400519892085,False
1127,0.208180945557171,99.32671726016734,0.1292410729260373,False
1128,0.208180945557171,99.32671726016734,0.2956906506421694,False
1129,0.208180945557171,99.32671726016734,0.29503654185937483,False
1130,0.208180945557171,99.32671726016734,0.29448963741829304,False
1131,0.208180945557171,99.04154604491042,0.28294304754071714,False
1132,0.208180945557171,99.2528803428886,0.29152592705465413,False
1133,0.208180945557171,99.24907121966643,0.2902300417155214,False
1134,0.208180945557171,99.24528301886792,0.3285892751378611,False
1135,0.208180945557171,99.24151696606786,0.3291625164380994,False
1136,0.208180945557171,99.2377743009588,0.32972101080201077,False
1137,0.208180945557171,99.23405627670725,0.3314386286450996,False
1138,0.208180945557171,99.23036415927412,0.333157995261856,False
1139,0.208180945557171,99.22669922669922,0.3348796486283816,False
1140,0.2829047929798921,99.22306276835003,0.3366038032264184,False
1141,0.3491843735073079,99.21945608413442,0.33745324461359766,False
1142,0.40907313904382653,99.21588048367794,0.33819126635117613,False
1143,0.4637773498877516,99.21233728546555,0.33887425046126657,False
1144,0.5140912790181235,99.20882781594837,0.33950486615987574,False
1145,0.560576942614533,99.16897506925208,0.3396552600643567,False
1146,0.603652249754401,99.16663141418842,0.33981431484451174,False
1147,0.6436394131461666,99.16005798584463,0.3399261668145693,False
1148,0.6807937753703206,98.0429941760877,0.22610111192639248,False
1149,0.7153220528038851,99.15276105281266,0.2259799485296475,False
1150,0.7473944462440387,99.15276105281266,0.22585863366664066,False
1151,0.7771529943226336,99.15276105281266,0.22579326570130848,False
1152,0.804717519321077,98.85601238603131,0.2123724102290697,False
1153,0.8301899714180443,99.23447445381042,0.21208414890866875,False
1154,0.8536576732793313,98.47974432063575,0.1429598911207031,False
1155,0.8536576732793313,99.30176077717061,0.13901435215153765,False
1156,0.8536576732793313,99.29571379191151,0.13523022929561362,False
1157,0.8536576732793313,99.33712121212122,0.12862869965184212,False
1158,0.8536576732793313,99.33448573898012,0.12277078960761498,False
1159,0.8536576732793313,99.33188720173536,0.11738144397266999,False
1160,0.8536576732793313,99.3293267137009,0.11212315305385859,False
1161,0.8536576732793313,99.28897471910112,0.10973669820086793,False
1162,0.8536576732793313,99.2878627034678,0.10805317544704925,False
1163,0.8536576732793313,99.28233930640991,0.10739455260992004,False
1164,0.8536576732793313,99.27679453777738,0.10714751893130407,False
1165,0.8536576732793313,99.27122940430925,0.10872126810308647,False
1166,0.8536576732793313,99.26564495530013,0.11047738031887747,False
1167,0.8536576732793313,99.26004228329809,0.11238618060602058,False
1168,0.8536576732793313,98.79606992942479,0.22328112362492825,False
1169,0.875195788740725,99.16674382001666,0.22654904807520823,False
1170,0.8948692308065574,99.16384075811771,0.2293130386451411,False
1171,0.8948692308065574,99.16099561853268,0.23162865579384323,False
1172,0.8948692308065574,99.15820979282607,0.23358212700338796,False
1173,0.9127341558073343,99.15548465797129,0.23521045277612368,False
1174,0.9288391461883214,99.15282157481056,0.23655142982432023,False
1175,0.9288391461883214,99.15022188650741,0.23763960353127944,False
1176,0.9288391461883214,99.14768691699418,0.23850916492521537,False
1177,0.9432261548473415,99.1452179694178,0.2391888316222125,False
1178,0.9559312637896478,99.07194795254497,0.29898176578952324,False
1179,0.9669852958320848,99.08924441017733,0.29851391604678645,False
1180,0.976414308115487,99.08261333851082,0.2980566145553762,False
1181,0.9842399889605549,99.07597535934292,0.29736665903477555,False
1182,0.9904799742690308,99.0693322828442,0.29770621942992587,False
1183,0.995148095654003,99.06268597500495,0.29784568897036423,False
1184,0.9982545693874831,99.05603835780641,0.29800397531350953,False
1185,0.999806132804711,99.04939140931496,0.2976617797163587,False
1186,0.999806132804711,99.0427471636953,0.2973928559979391,False
1187,0.999806132804711,99.03610771113831,0.2971961249411562,False
1188,0.999806132804711,98.22011423908609,0.21226543272286805,False
1189,0.999806132804711,98.94940840473276,0.21057908944594092,False
1190,0.999806132804711,98.94940840473276,0.20937294830991118,False
1191,0.9982545693874831,98.94940840473276,0.2086068945281976,False
1192,0.995148095654003,98.94940840473276,0.2081973430406125,False
1193,0.9904799742690308,98.94940840473276,0.20810823105416978,False
1194,0.9842399889605549,98.94940840473276,0.20829831607013174,False
1195,0.976414308115487,98.94940840473276,0.20872691992487294,False
1196,0.9669852958320848,98.94940840473276,0.20935445056674803,False
1197,0.9559312637896478,98.94940840473276,0.210142824047118,False
1198,0.9432261548473415,98.21501427988576,0.11134671602070091,False
1199,0.9288391461883214,99.03610771113831,0.112609385338657,False
1200,0.9127341558073343,99.0427471636953,0.11348036134238315,False
1201,0.9127341558073343,98.9789759581531,0.11461263099273562,False
1202,0.9127341558073343,99.10098891219658,0.11272779236399165,False
1203,0.9127341558073343,99.10098891219658,0.1105616131861688,False
1204,0.9127341558073343,99.10098891219658,0.10811229122599615,False
1205,0.9127341558073343,99.10098891219658,0.1053757007610039,False
1206,0.9127341558073343,99.10098891219658,0.10234497772910987,False
1207,0.9127341558073343,99.10098891219658,0.0990099174928337,False
1208,0.9127341558073343,99.10098891219658,0.09535610063969396,False
1209,0.9127341558073343,99.10098891219658,0.09125196831698279,False
1210,0.9127341558073343,99.10098891219658,0.1455784701772793,False
1211,0.9127341558073343,99.10098891219658,0.14431427199658364,False
1212,0.9288391461883214,99.10098891219658,0.14316360457037422,False
1213,0.9432261548473415,99.10098891219658,0.14200415039653327,False
1214,0.9559312637896478,99.10098891219658,0.2380358456329105,False
1215,0.9669852958320848,99.10098891219658,0.23868095338913303,False
1216,0.9559312637896478,99.10098891219658,0.23917285315854964,False
1217,0.9432261548473415,99.10098891219658,0.23952650900134662,False
1218,0.9288391461883214,99.10098891219658,0.23975626660719412,False
1219,0.9127341558073343,99.10098891219658,0.24041889487482582,False
1220,0.8948692308065574,99.10098891219658,0.24100905086670085,False
1221,0.875195788740725,99.10098891219658,0.24153123261452306,False
1222,0.8536576732793313,99.10098891219658,0.24198983943353053,False
1223,0.8301899714180443,99.10098891219658,0.24238918493273912,False
1224,0.804717519321077,99.10098891219658,0.2427335087467958,False
1225,0.7771529943226336,99.10098891219658,0.24302698711861143,False
1226,0.7473944462440387,99.10098891219658,0.2432737424404432,False
1227,0.7153220528038851,99.10098891219658,0.24347785184279833,False
1228,0.6807937753703206,99.10098891219658,0.24364335490492614,False
1229,0.6436394131461666,99.10098891219658,0.24387672311164982,False
1230,0.6436394131461666,98.5728592889334,0.21431827527603756,False
1231,0.6436394131461666,98.99096385542168,0.25012216461119907,False
1232,0.603652249754401,98.98852657004831,0.2510142686219318,False
1233,0.560576942614533,98.98617976394634,0.25171997184500994,False
1234,0.560576942614533,98.209421971149,0.2536110915248735,False
1235,0.677903479475398,98.90043377383235,0.2545572383054033,False
1236,0.7619882811604883,98.90043377383235,0.2552267186141349,False
1237,0.8332341082038747,98.90043377383235,0.2556514442980736,False
1238,0.8959704136014894,98.90043377383235,0.2558623478939216,False
1239,0.8959704136014894,98.90043377383235,0.25588966851652045,False
1240,0.8959704136014894,98.90043377383235,0.2557631900556927,False
1241,0.9371713531760616,98.90043377383235,0.25584707985916216,False
1242,0.9752462395674342,98.90043377383235,0.25585557546964877,False
1243,1.01044884930661,98.90043377383235,0.2558022779688813,False
1244,1.0429842335712594,98.90043377383235,0.2593035443542733,False
1245,1.0730208202534555,98.90043377383235,0.34274130986686224,False
1246,1.1006987578744163,98.90043377383235,0.3481716145537463,False
1247,1.1006987578744163,98.90043377383235,0.35927651848962316,False
1248,1.1006987578744163,98.90043377383235,0.36614011294495613,False
1249,1.1006987578744163,98.90043377383235,0.37285620036808154,False
1250,1.1006987578744163,98.90043377383235,0.3794064295734432,False
1251,1.1006987578744163,98.35203720554038,0.3631302383024153,False
1252,1.1006987578744163,98.7791286727457,0.3685621024908202,False
1253,1.1006987578744163,98.77664974619289,0.37390715986840145,False
1254,1.1006987578744163,98.01522842639594,0.32594146435106375,False
1255,1.1006987578744163,98.68020304568527,0.3304708280919019,False
1256,1.1006987578744163,98.68020304568527,0.3350578479934992,False
1257,1.1006987578744163,98.68020304568527,0.33965254043143184,False
1258,1.1006987578744163,98.68020304568527,0.34420867720768417,False
1259,1.1006987578744163,98.68020304568527,0.3486836651010225,False
1260,1.1006987578744163,98.68020304568527,0.4017650259754543,False
1261,1.1006987578744163,98.68020304568527,0.40863473433712416,False
1262,1.1006987578744163,98.68020304568527,0.41519116173028126,False
1263,1.1006987578744163,98.68020304568527,0.4208784500535604,False
1264,1.1006987578744163,98.54857668523535,0.4328634141735629,False
1265,1.1538530565800798,97.76153728215874,0.3798447365178757,False
1266,1.201681991620676,98.44636377574487,0.3839841640297322,False
1267,1.2449737775841294,98.3124099608973,0.382424640905819,False
1268,1.2449737775841294,98.37364686383177,0.44867839267359866,False
1269,1.2449737775841294,98.35766423357664,0.4528168273169876,False
1270,1.2449737775841294,98.34164261348728,0.45567902916205666,False
1271,1.2449737775841294,98.325586308895,0.45740103175243996,False
1272,1.2449737775841294,98.30949976077827,0.45810736198922664,False
1273,1.2189859772419214,98.293387545474,0.495112969090568,False
1274,1.1906001864191973,98.27725437415882,0.49119318283064545,False
1275,1.1596780472087271,98.26110509209101,0.5051264582735001,False
1276,1.1260528027543955,98.24494467760397,0.5010031211843962,False
1277,1.1260528027543955,98.22877824084229,0.5132789223859665,False
1278,1.1260528027543955,98.21261102223202,0.5095083283034204,False
1279,1.1260528027543955,98.19644839067702,0.5336911890415774,False
1280,1.1260528027543955,97.549455434541,0.4952181455015588,False
1281,1.1676444621356104,98.05274285078447,0.4895667822389738,False
1282,1.2057219651274376,98.05057368831459,0.48395056031950995,False
1283,1.2406030082663506,98.0486173059768,0.5052006233532609,False
1284,1.2725381154419293,97.84693019343986,0.4946292936349667,False
1285,1.301728854068539,97.95331529093369,0.4885368220079494,False
1286,1.3283399146847865,97.93639095186802,0.48232544300325403,False
1287,1.3525074295964727,97.91951664386684,0.47605419310544494,False
1288,1.3525074295964727,97.1671226630187,0.4460812008249705,False
1289,1.3525074295964727,97.79411764705883,0.5337261416350665,False
1290,1.3525074295964727,97.79411764705883,0.5560694948783751,False
1291,1.3525074295964727,97.79411764705883,0.5764899146154767,False
1292,1.3525074295964727,97.79411764705883,0.5941445826187682,False
1293,1.3525074295964727,97.20132238942088,0.579559229548819,False
1294,1.3525074295964727,97.92521659826721,0.5958029240517454,False
1295,1.3525074295964727,97.4199794965258,0.5949924297959566,False
1296,1.3283399146847865,98.07101399795152,0.6072457203134571,False
1297,1.301728854068539,97.42567490602575,0.6039649726173629,False
1298,1.301728854068539,97.92521659826721,0.6125558940328526,False
1299,1.301728854068539,97.19562243502052,0.6241189737416608,False
1300,1.3283399146847865,97.79411764705883,0.6262416757585701,False
1301,1.3525074295964727,97.79411764705883,0.6280270745201043,False
1302,1.3425003133763334,97.79411764705883,0.6294977855058214,False
1303,1.3282820174272938,97.14236824093086,0.6098113415716916,False
1304,1.30962049684272,97.63725602100217,0.6096823427787177,False
1305,1.2861766890619075,97.63617677286742,0.6094494125406371,False
1306,1.2574580300524587,97.63536668951336,0.6093279009976635,False
1307,1.222731822382257,97.63482632541134,0.6090892126660019,False
1308,1.222731822382257,96.93784277879342,0.582115951230023,False
1309,1.222731822382257,96.32613415609644,0.4943372375025493,False
1310,1.222731822382257,96.84036110158839,0.46105372015785906,False
1311,1.222731822382257,96.84643510054845,0.42777356565429075,False
1312,1.2722864781512913,96.85286726068084,0.3960326387488719,False
1313,1.3164218868227548,96.85965513303643,0.3660265298040525,False
1314,1.3559212235520337,96.8667960278507,0.3601718232139924,False
1315,1.391334586143604,96.87428701802419,0.33874229705427344,False
1316,1.4230670603378361,96.88212494300046,0.32062828276492134,False
1317,1.4514270347987224,96.8903064130311,0.3061553384654053,False
1318,1.4766549183659508,96.89882781381587,0.295594715640725,False
1319,1.498941259446481,96.41882673942702,0.21974081595797876,False
1320,1.5184387137728148,97.04178968884851,0.22024842017399474,False
1321,1.5352702332191592,97.04178968884851,0.2219813789140656,False
1322,1.5495348211113549,97.04178968884851,0.22478055618160386,False
1323,1.5613116549052575,97.04178968884851,0.22847773771260768,False
1324,1.570663071721726,97.04178968884851,0.2321749333733928,False
1325,1.577636732431408,97.04178968884851,0.23671071607281635,False
1326,1.578882083461779,97.04178968884851,0.2414099673379466,False
1327,1.577636732431408,97.04178968884851,0.24674747964160348,False
1328,1.5738937446297547,97.04178968884851,0.24868688364232164,False
1329,1.5749691486891675,97.04178968884851,0.2512832673801559,False
1330,1.5738937446297547,97.04178968884851,0.26835701044591587,False
1331,1.570663071721726,97.04178968884851,0.28030387682701174,False
1332,1.565263635906296,97.04178968884851,0.2809376428137548,False
1333,1.557672567089349,97.04178968884851,0.29925304402246017,False
1334,1.5478570234493585,96.46263910969793,0.28865927645928896,False
1335,1.5357733028273342,97.2007722007722,0.2984685977684576,False
1336,1.5213655983156218,97.2099353521606,0.30618795108795177,False
1337,1.5045643034921028,97.2193906444671,0.30551693837108346,False
1338,1.485283726758245,97.22913368016286,0.30327786057847633,False
1339,1.4634190046135478,97.23915989159892,0.3005388180291433,False
1340,1.438841894200673,97.24946454740164,0.2982734871591021,False
1341,1.4113949465359856,97.2600427590863,0.2957034817767598,False
1342,1.3939473942522724,97.27088948787062,0.29283890000208185,False
1343,1.374344879613302,97.28199955167003,0.2896895990612907,False
1344,1.3525074295964727,97.2933676322559,0.2862652735561853,False
1345,1.3283399146847865,97.30498828255774,0.36872709964472605,False
1346,1.301728854068539,97.3168559340904,0.366541365496968,False
1347,1.2725381154419293,97.3289649044869,0.3642584573824028,False
1348,1.2406030082663506,96.92588899966766,0.36424617051053654,False
1349,1.2057219651274376,96.92035006092833,0.36838152235106536,False
1350,1.2057219651274376,96.68480675255442,0.36142231867452,False
1351,1.2057219651274376,97.46158984635939,0.35699194390179656,False
1352,1.2057219651274376,97.02738810955243,0.36060597283391327,False
1353,1.2057219651274376,97.57292362502784,0.3491847466290947,False
1354,1.1676444621356101,97.56165606517129,0.33875188655851673,False
1355,1.1260528027543955,97.55060955150431,0.32930821110874975,False
1356,1.0805333164475432,96.77329157812325,0.32000564410637505,False
1357,1.0305279703180825,97.40521194497259,0.33990758383493425,False
1358,0.9752462395674342,97.40521194497259,0.3358493177250631,False
1359,0.9371713531760616,97.40521194497259,0.332088998417712,False
1360,0.8959704136014894,97.40521194497259,0.32864071559639996,False
1361,0.8513226827573213,97.40521194497259,0.3255184327072156,False
1362,0.8028116417452926,97.40521194497259,0.3227336276306405,False
1363,0.7498765864518436,97.40521194497259,0.32027778863532275,False
1364,0.6917244835981394,97.40521194497259,0.3181249901992362,False
1365,0.6271502454482835,96.20040349697378,0.20955937620902074,False
1366,0.5541015302865538,97.41689128481582,0.20571364555300012,False
1367,0.46824757305098735,97.41689128481582,0.20206601815772285,False
1368,0.3491843735073079,97.41689128481582,0.19863098102565585,False
1369,0.3491843735073079,96.95642407906558,0.18689653275096726,False
1370,0.3491843735073079,97.52920035938904,0.18276353380084048,False
1371,0.40907313904382653,97.51884775514797,0.23286740768489217,False
1372,0.4637773498877516,97.50873633186788,0.2611720721566099,False
1373,0.5140912790181235,97.49887082204155,0.3114602956986167,False
1374,0.5140912790181235,97.4892558244741,0.33707844165313894,False
1375,0.5140912790181235,97.47989579793861,0.41508169251112104,False
1376,0.5140912790181235,97.47079505500737,0.4276757452599698,False
1377,0.5140912790181235,96.72791198820461,0.4228320789798965,False
1378,0.5140912790181235,97.32335261426789,0.43675933943320255,False
1379,0.5140912790181235,97.32335261426789,0.45017258659496967,False
1380,0.5140912790181235,97.32335261426789,0.516708302252784,False
1381,0.5140912790181235,97.32335261426789,0.5315728350476564,False
1382,0.5140912790181235,97.32335261426789,0.5450833644905949,False
1383,0.5140912790181235,97.32335261426789,0.5573411875651663,False
1384,0.6318640827062832,97.32335261426789,0.5684419333304312,False
1385,0.6318640827062832,97.32335261426789,0.5784579217592806,False
1386,0.6318640827062832,97.32335261426789,0.5874539144236955,False
1387,0.7164037343212466,97.32335261426789,0.5955104597140544,False
1388,0.7881133310528374,97.32335261426789,0.6035408787511807,False
1389,0.8513226827573213,97.32335261426789,0.610816860447657,False
1390,0.908083119686079,97.0973996350365,0.6153939279737218,False
1391,0.9595986573441049,96.6112385321101,0.6014294676628852,False
1392,1.006661191043945,96.699196326062,0.5926750026449863,False
1393,1.0498302157100041,96.46604404473653,0.5706615347268241,False
1394,1.0895209637560108,96.6134074331365,0.5853361446888701,False
1395,1.1260528027543955,96.09974424552429,0.5318750018683104,False
1396,1.1596780472087271,96.70284780578898,0.5206535158033266,False
1397,1.190600186419197,96.67976770106176,0.5089608694039105,False
1398,1.2189859772419214,96.65683962264151,0.49846337083441306,False
1399,1.2449737775841292,96.63407407407408,0.4871079655654839,False
1400,1.2842839696213428,95.97769340294258,0.42418453773783327,False
1401,1.320023576372009,96.50216758714888,0.41202764129911207,False
1402,1.3525074295964727,96.48716119828816,0.39643926065737084,False
1403,1.3819829643540342,96.47254773660103,0.39742275265205346,False
1404,1.4031633649036752,96.45833333333333,0.38207212015109043,False
1405,1.4220900521936763,96.44452385206361,0.36750688252920466,False
1406,1.438841894200673,96.4311248808389,0.3535548542709,False
1407,1.4534849141043307,96.41814172477501,0.34055526338270237,False
1408,1.4534849141043307,96.40557939914163,0.3278613056062588,False
1409,1.4534849141043307,96.39344262295081,0.3674031728268321,False
1410,1.4534849141043307,96.38173581306629,0.3984461685754585,False
1411,1.4267547652077353,96.37046307884856,0.38948062577481435,False
1412,1.3969387860636409,96.35962821734985,0.3878344544781663,False
1413,1.3637938028246002,96.34923470907033,0.38211840330690955,False
1414,1.3270089026073437,95.80952380952381,0.3344494896599448,False
1415,1.3270089026073437,96.47849622271131,0.33605306977937227,False
1416,1.3270089026073437,96.4894624674402,0.3386918719834344,False
1417,1.3637938028246002,96.50073637702504,0.3421248765821657,False
1418,1.3969387860636409,96.34818288393903,0.34394573447103527,False
1419,1.3969387860636409,96.61165218405552,0.347250327674186,False
1420,1.3969387860636409,96.09065485900723,0.341910803792318,False
1421,1.3969387860636409,96.10230715450943,0.33925412706874764,False
1422,1.3969387860636409,96.61165218405552,0.3420905284024409,False
1423,1.4267547652077353,95.87682976613985,0.32689424244702503,False
1424,1.4534849141043307,96.4950137050213,0.3691637447346644,False
1425,1.477322818602089,96.4950137050213,0.37019182505934345,False
1426,1.4984244813325358,96.4950137050213,0.37104331235012983,False
1427,1.5169165540634162,96.4950137050213,0.3803552961511199,False
1428,1.5169165540634162,96.23681125439624,0.37885594648041054,False
1429,1.532902144485799,95.52168815943728,0.3274629164452009,False
1430,1.5464650001141114,95.53927315357562,0.27468200052418523,False
1431,1.5576725670893488,96.26025791324736,0.2745258374348263,False
1432,1.5576725670893488,95.99175985874044,0.2652702389724973,False
1433,1.5576725670893488,96.1352086041839,0.26315604319289093,False
1434,1.5576725670893488,96.10821072615093,0.260845555981463,False
1435,1.5665782425417163,96.0814673654121,0.2579966006841323,False
1436,1.5732230293875173,96.05499103407053,0.25455595097481626,False
1437,1.577636732431408,96.02879424115177,0.2504701386650615,False
1438,1.5798387881475398,96.00288947748615,0.24568471624860153,False
1439,1.5798387881475398,95.97728920028993,0.24030026254125927,False
1440,1.577636732431408,95.95200581747667,0.26353069492984177,False
1441,1.5732230293875173,95.92705167173253,0.2565953330335771,False
1442,1.5665782425417163,95.90243902439025,0.248938228986682,False
1443,1.5576725670893488,95.87818003913894,0.24051236455021607,False
1444,1.5464650001141114,95.37593523856249,0.16706428625680247,False
1445,1.5357733028273342,95.97220514081909,0.16311835849266987,False
1446,1.5213655983156218,95.97220514081909,0.15993452255959353,False
1447,1.5045643034921028,95.71393432542122,0.1535896935395881,False
1448,1.4900315255825651,96.0644447177469,0.15631732383054697,False
1449,1.473256553252489,96.0419235511714,0.15826876216112096,False
1450,1.4541644890966259,96.01977750309024,0.15961528061121355,False
1451,1.4326648482653093,95.99801759385454,0.1602697496166629,False
1452,1.408648411160687,95.97665466285856,0.16024531535135653,False
1453,1.3819829643540342,95.95569935291189,0.15994418100556698,False
1454,1.3525074295964727,95.93516209476309,0.15889706876220672,False
1455,1.3200235763720087,95.91505309181761,0.1576578943099753,False
1456,1.2842839696213428,95.89538230509324,0.15642540051942458,False
1457,1.2449737775841294,95.87615943845576,0.1801438336237855,False
1458,1.201681991620676,95.85739392417776,0.1802879903235392,False
1459,1.1538530565800798,95.83909490886235,0.18035298014090667,False
1460,1.1006987578744163,95.39332913782253,0.13400354141224977,False
1461,1.1006987578744163,95.93623991935483,0.13574439622795967,False
1462,1.1006987578744163,95.93623991935483,0.2025785977629888,False
1463,1.1006987578744163,95.93623991935483,0.20262042837206182,False
1464,1.1006987578744163,95.93623991935483,0.20275506750763864,False
1465,1.041018523939755,95.93623991935483,0.20302999739929237,False
1466,0.9727642516015449,95.93623991935483,0.20348758483048496,False
1467,0.8916091590804429,95.57081653225806,0.20073346592769137,False
1468,0.7771529943226336,96.01814516129032,0.20165701412857034,False
1469,0.7771529943226336,96.00151362260343,0.2028898755680586,False
1470,0.7771529943226336,95.98535538442115,0.20433570427688658,False
1471,0.7771529943226336,95.96967782691092,0.2054493564195608,False
1472,0.7771529943226336,95.95448798988622,0.2067632517162436,False
1473,0.7771529943226336,95.93979256261068,0.20820708260426748,False
1474,0.7771529943226336,95.92559787422498,0.20971423279389792,False
1475,0.7771529943226336,95.91190988482471,0.21124551665302757,False
1476,0.7473944462440387,95.89873417721519,0.2126755414531886,False
1477,0.7153220528038851,95.5,0.1935054979000231,False
1478,0.7153220528038851,95.99417795215795,0.19353352288692327,False
1479,0.7153220528038851,95.99417795215795,0.1935059733068379,False
1480,0.6807937753703206,95.99417795215795,0.19342678063742497,False
1481,0.6436394131461666,95.99417795215795,0.19330105004608786,False
1482,0.603652249754401,95.22457734039868,0.12310600257708022,False
1483,0.560576942614533,95.89411468812877,0.12457454569554538,False
1484,0.560576942614533,95.90800852237122,0.12574705459486252,False
1485,0.603652249754401,95.9223179717747,0.12653395984490312,False
1486,0.6436394131461666,95.93703334992533,0.1268605284699002,False
1487,0.6807937753703206,95.57401438135383,0.1094198440496233,False
1488,0.7153220528038851,96.01704334938866,0.10448458854846712,False
1489,0.7153220528038851,96.01704334938866,0.09969343869515285,False
1490,0.7473944462440387,96.01704334938866,0.09510024350432499,False
1491,0.7771529943226336,96.01704334938866,0.0917887426565036,False
1492,0.804717519321077,96.01704334938866,0.08851674495352231,False
1493,0.8301899714180443,96.01704334938866,0.08466372044555216,False
1494,0.8536576732793313,96.01704334938866,0.08075632768824377,False
1495,0.875195788740725,96.01704334938866,0.12273244469859636,False
1496,0.8948692308065574,96.01704334938866,0.1206731560094725,False
1497,0.8948692308065574,96.01704334938866,0.11904259697385162,False
1498,0.8948692308065574,96.01704334938866,0.11884954564215303,False
1499,0.8948692308065574,96.01704334938866,0.11905768962621072,False
1500,0.8948692308065574,96.01704334938866,0.11969027631750546,False
1501,0.8948692308065574,96.01704334938866,0.12075468879868825,False
1502,0.8948692308065574,96.01704334938866,0.1222433126810078,False
1503,0.8948692308065574,96.01704334938866,0.12413516177151394,False
1504,0.8948692308065574,96.01704334938866,0.12639807516992516,False
1505,0.8948692308065574,96.01704334938866,0.12899122594274506,False
1506,0.8948692308065574,96.01704334938866,0.1318676740889097,False
1507,0.8948692308065574,96.01704334938866,0.1349767422052771,False
1508,0.8948692308065574,96.01704334938866,0.13856462440724815,False
1509,0.8948692308065574,96.01704334938866,0.2190193276312524,False
1510,1.0066347974846968,96.01704334938866,0.21866626189746977,False
1511,1.0850365744330073,96.01704334938866,0.21831456416435893,False
1512,1.1017332648846088,96.01704334938866,0.21797193289823624,False
1513,1.1665620111568704,96.01704334938866,0.23243668143603285,False
1514,1.222731822382257,96.01704334938866,0.23354677570510984,False
1515,1.2722864781512913,95.56781552194396,0.21412016816555476,False
1516,1.316421886822755,95.93703334992533,0.21488830440325996,False
1517,1.3559212235520337,95.9223179717747,0.21537744500446793,False
1518,1.3913345861436042,95.90800852237122,0.21534237755550154,False
1519,1.4230670603378361,95.89411468812877,0.21503003181840788,False
1520,1.4332278865247239,95.88064597527126,0.21445163350207694,False
1521,1.4414990016406422,95.86761169472219,0.21362196938928654,False
1522,1.44790620869417,95.85502094706106,0.21255932831949872,False
1523,1.4524690941546656,95.84288260758849,0.2112854745743862,False
1524,1.4552013979602214,95.83120531154239,0.20982564414186136,False
1525,1.4561112661478437,95.81999743950838,0.20820855285567572,False
1526,1.4552013979602214,95.80926710306764,0.20619446852277873,False
1527,1.4524690941546656,95.79902213072569,0.204033027812249,False
1528,1.44790620869417,95.7892700541656,0.20174919687392054,False
1529,1.4414990016406422,95.17254749903063,0.10949960018592583,False
1530,1.4414990016406422,95.9137417432975,0.1495984677968986,False
1531,1.4414990016406422,95.9042381106438,0.15702875597276994,False
1532,1.4414990016406422,95.89528118939883,0.16348834862157927,False
1533,1.4414990016406422,95.53173629495706,0.14663841454859802,False
1534,1.4414990016406422,95.98220043853992,0.1583208895979612,False
1535,1.4414990016406422,95.97545219638243,0.16870583824490298,False
1536,1.4414990016406422,95.96920289855072,0.17801231076583693,False
1537,1.4332278865247239,95.96345730206039,0.18639683947543476,False
1538,1.4230670603378361,95.95821980018165,0.19397634837839087,False
1539,1.41098399809997,95.95349441413354,0.20084118461143324,False
1540,1.3969387860636409,95.94928478543564,0.2059377394110505,False
1541,1.3969387860636409,95.94559416894442,0.21078212721501122,False
1542,1.3969387860636409,95.94242542659893,0.2180495999760128,False
1543,1.3808832571151748,95.93978102189782,0.2302033220476922,False
1544,1.362759877482492,95.93766301512781,0.23498073549231255,False
1545,1.3425003133763334,95.93607305936074,0.3193090334578091,False
1546,1.3425003133763334,95.93501239723346,0.3356841750297994,False
1547,1.3425003133763334,95.93448185852257,0.3402417484140529,False
1548,1.374344879613302,95.93448185852257,0.34426209137462177,False
1549,1.374344879613302,95.93501239723346,0.3457916260889485,False
1550,1.374344879613302,95.41422048271363,0.33223146847166735,False
1551,1.374344879613302,96.0680751173709,0.33049814276503875,False
1552,1.4031633649036754,96.064784701444,0.328975674943029,False
1553,1.4291529843613586,95.70520306215128,0.3284884456086276,False
1554,1.4524737111892643,96.15036231884058,0.3236548403650905,False
1555,1.473256553252489,96.15310014870369,0.31902453073792425,False
1556,1.4916094114932357,96.15633074935401,0.3146030776854202,False
1557,1.5076213244090613,96.16005162955793,0.31039576713528455,False
1558,1.5045643034921028,96.16425992779783,0.33346844017154786,False
1559,1.4984244813325358,96.16895241774516,0.3546842324926915,False
1560,1.4891489665409592,96.17412551440329,0.35282259266593125,False
1561,1.4766549183659508,96.17977528089888,0.3504131601281084,False
1562,1.4608248015713592,95.71061093247589,0.3462376439972701,False
1563,1.441499001640642,95.62697237070908,0.3463906003612316,False
1564,1.418464503832282,96.19502128208435,0.34529891984387256,False
1565,1.3914372992027793,96.94695989650711,0.271749628370671,False
1566,1.360034097940745,96.47714026680482,0.2539379249320284,False
1567,1.3237243701143493,96.28312863606982,0.2711023226789509,False
1568,1.2817425764699486,95.79281732140542,0.2713576269676381,False
1569,1.2329087607099036,96.19084763390535,0.2746694220258206,False
1570,1.175193620727556,96.19395203336809,0.2780446240685439,False
1571,1.175193620727556,96.19756958055665,0.28148808907420697,False
1572,1.175193620727556,96.20170268500327,0.28500471485673307,False
1573,1.175193620727556,96.20635337358887,0.2879402093271845,False
1574,1.175193620727556,96.2115232833465,0.29517591863488984,False
1575,1.175193620727556,96.21721365493607,0.2952303899549093,False
1576,1.175193620727556,96.22342532681897,0.2993830921270216,False
1577,1.175193620727556,96.23015873015873,0.30518737870004253,False
1578,1.175193620727556,95.50925925925925,0.2760389952116899,False
1579,1.175193620727556,95.5026455026455,0.2569182379288623,False
1580,1.175193620727556,96.23015873015873,0.2691993731367987,False
1581,1.173589412323443,96.22342532681897,0.28188110387735177,False
1582,1.170377295621679,96.21721365493607,0.2810283463237911,False
1583,1.1655498193580116,95.77742699289661,0.2915162628706128,False
1584,1.1590956761386297,96.3113678130743,0.30709893636815705,False
1585,1.150999540671385,96.3113678130743,0.3209532233579001,False
1586,1.1412418450836315,96.3113678130743,0.333337357176593,False
1587,1.129798482836793,95.64190076135469,0.3652528062460892,False
1588,1.1166404295430468,96.37043843528485,0.37488945891342346,False
1589,1.1017332648846088,96.37614678899082,0.4239458267986553,False
1590,1.0850365744330075,96.38231061101662,0.461931388022277,False
1591,1.066503202885787,96.3889251665143,0.46262380088294086,False
1592,1.046078320219219,96.39598540145985,0.4868234847498205,False
1593,1.0236982481827188,96.4034859521332,0.5082118485285402,False
1594,0.9992889743797903,95.87561800676555,0.5235816352341365,False
1595,0.9727642516015449,96.32400780741705,0.5409030333354744,False
1596,0.9440231356865454,95.90761223162004,0.5541056416487261,False
1597,0.9129467467841513,96.4415820973198,0.5647734260214903,False
1598,0.8793939303559065,95.9992193598751,0.5757015688551321,False
1599,0.843195316078971,96.5456674473068,0.5799734653931107,False
1600,0.804144968682279,96.5595733610822,0.5831511042127583,False
1601,0.7619882811604882,96.57391756598622,0.5853058954362005,False
1602,0.720523936685393,96.16634178037687,0.5930123769989519,False
1603,0.6436394131461666,96.68181818181819,0.5898730682910073,False
1604,0.6436394131461666,96.68181818181819,0.5865966217397935,False
1605,0.6436394131461666,96.68181818181819,0.5826705206263835,False
1606,0.6436394131461666,96.68181818181819,0.5785924203537953,False
1607,0.6436394131461666,95.42479424535027,0.5513147579838514,False
1608,0.6436394131461666,96.68261769270563,0.5449048410362513,False
1609,0.6807937753703206,97.1885478462729,0.5069618186219227,False
1610,0.6807937753703206,97.18219248584663,0.4875239946652815,False
1611,0.6807937753703206,96.62892434379825,0.5434110747618947,False
1612,0.6807937753703206,97.09212557900155,0.5385381420500998,False
1613,0.7153220528038851,97.09212557900155,0.5356440792938333,False
1614,0.7473944462440387,97.09212557900155,0.5345542233600046,False
1615,0.7771529943226336,97.09212557900155,0.5341014097870641,False
1616,0.804717519321077,97.09212557900155,0.5342466693833129,False
1617,0.8301899714180443,97.09212557900155,0.5349489793756113,False
1618,0.8536576732793313,97.09212557900155,0.5395659094341428,False
1619,0.875195788740725,97.09212557900155,0.5444064280273605,False
1620,0.8948692308065574,97.09212557900155,0.5485502926110939,False
1621,0.9127341558073343,97.09212557900155,0.5520590379067586,False
1622,0.9288391461883214,97.09212557900155,0.5558203961321314,False
1623,0.9432261548473415,97.09212557900155,0.5591071303744816,False
1624,0.9559312637896478,97.09212557900155,0.561947492662284,False
1625,0.9669852958320848,97.09212557900155,0.5649217016554081,False
1626,0.976414308115487,97.09212557900155,0.5675538009707377,False
1627,0.9842399889605549,97.09212557900155,0.5702099620778118,False
1628,0.9904799742690308,97.09212557900155,0.5941848559273168,False
1629,0.995148095654003,97.09212557900155,0.5936621942073619,False
1630,0.9982545693874831,96.30342703118984,0.579836430008956,False
1631,0.999806132804711,95.77717879604673,0.5249697553400487,False
1632,0.999806132804711,96.21357977153126,0.5051519552379946,False
1633,0.9982545693874831,96.21357977153126,0.48418286388190457,False
1634,0.995148095654003,96.21357977153126,0.4632218050361535,False
1635,0.995148095654003,96.21357977153126,0.44996577044066094,False
1636,0.995148095654003,96.21357977153126,0.43067844040337694,False
1637,0.995148095654003,96.21357977153126,0.4119894776409261,False
1638,0.995148095654003,96.21357977153126,0.39086529487634264,False
1639,0.995148095654003,96.21357977153126,0.3703501031392625,False
1640,0.995148095654003,96.21357977153126,0.35194752630991083,False
1641,0.995148095654003,96.21357977153126,0.33499246918133413,False
1642,0.995148095654003,96.21357977153126,0.34078605752459995,False
1643,0.995148095654003,96.21357977153126,0.32408313234255676,False
1644,0.995148095654003,96.21357977153126,0.37078771804693583,False
1645,0.995148095654003,96.21357977153126,0.35995422822842466,False
1646,0.995148095654003,96.21357977153126,0.350640365272638,False
1647,0.995148095654003,96.21357977153126,0.34285069302763294,False
1648,0.995148095654003,95.76434347323836,0.29651321134890635,False
1649,0.995148095654003,96.32268001540238,0.2962903430890597,False
1650,0.995148095654003,96.33121672759926,0.2972162486051841,False
1651,0.995148095654003,96.34021279323164,0.29909280907806135,False
1652,0.995148095654003,96.34966378482228,0.3017124628916621,False
1653,0.995148095654003,96.35956493921945,0.3048645886715588,False
1654,0.995148095654003,96.36991116507957,0.3083403487486481,False
1655,0.995148095654003,95.99131877952253,0.30088894354845214,False
1656,0.995148095654003,96.46203863071332,0.30021416077390306,False
1657,0.995148095654003,96.46203863071332,0.30499835973628253,False
1658,0.995148095654003,96.46203863071332,0.3085439460859274,False
1659,0.995148095654003,96.46203863071332,0.3102321302933246,False
1660,0.995148095654003,96.46203863071332,0.31083541143539395,False
1661,0.995148095654003,96.46203863071332,0.3112890438917972,False
1662,0.995148095654003,95.68066157760815,0.2866179537080343,False
1663,0.9982545693874831,96.3694065376071,0.3111578070471706,False
1664,0.999806132804711,95.32846715328468,0.23387619882089603,False
1665,0.999806132804711,96.38210092034275,0.25422141539154564,False
1666,0.9982545693874831,96.3932555780933,0.2517082561792272,False
1667,0.995148095654003,96.40483574909804,0.24899773607682257,False
1668,0.9904799742690308,96.41683518705763,0.2460766992663627,False
1669,0.9842399889605549,96.42924736609677,0.26395082994473673,False
1670,0.976414308115487,96.44206549118388,0.26280081962172785,False
1671,0.9669852958320848,96.45528250895607,0.2847902915238442,False
1672,0.9559312637896478,96.4688911189162,0.2874792902059116,False
1673,0.9432261548473415,96.48288378496777,0.31410302983127075,False
1674,0.9288391461883214,96.49725274725274,0.338029606052562,False
1675,0.9127341558073343,96.51199003425724,0.3570199195745518,False
1676,0.8948692308065574,96.20402584493041,0.3769489449063396,False
1677,0.875195788740725,96.59830224921,0.39096637081648655,False
1678,0.8536576732793313,96.59830224921,0.4046594435580133,False
1679,0.8301899714180443,96.59830224921,0.40183796370277486,False
1680,0.804717519321077,96.59830224921,0.4225518269689621,False
1681,0.7771529943226336,96.59830224921,0.4415712452131875,False
1682,0.8623538561746378,96.59830224921,0.45913805040342304,False
1683,0.9129467467841513,95.83024003959416,0.4614454982227328,False
1684,0.9491912500871044,96.49187820394046,0.47847997207017945,False
1685,0.9752462395674341,95.89895621024026,0.46791814141855625,False
1686,0.9929563290994997,96.3992341424248,0.4799257445124611,False
1687,0.9522481488898976,96.3992341424248,0.4899691710985554,False
1688,0.9595986573441049,96.3992341424248,0.49251072141815766,False
1689,0.9595986573441049,95.89895621024026,0.4883453988756028,False
1690,0.9522481488898976,96.49187820394046,0.49390761076796197,False
1691,0.9371713531760616,95.81786686463747,0.48639516086417944,False
1692,0.9134853951751389,96.58590990767705,0.48941722406880117,False
1693,0.8793939303559065,96.95378151260505,0.47718093275301626,False
1694,0.830774222099454,96.96819700532113,0.5099778061962067,False
1695,0.7473944462440387,96.9830256473795,0.5021792070165704,False
1696,0.7771529943226336,96.99826345819896,0.49440980889122416,False
1697,0.804717519321077,97.01390613359821,0.48602396468459885,False
1698,0.804717519321077,97.02994904933516,0.47702301890512183,False
1699,0.804717519321077,96.38104713344111,0.4818199896766927,False
1700,0.804717519321077,97.13787954206073,0.47519569542621953,False
1701,0.804717519321077,97.14746372317995,0.45837173907679607,False
1702,0.804717519321077,97.1573353108392,0.4837224088818469,False
1703,0.804717519321077,97.16748768472907,0.4738069500553082,False
1704,0.804717519321077,97.17791411042944,0.45762798581195246,False
1705,0.804717519321077,96.46850369646239,0.45794035894539586,False
1706,0.804717519321077,97.09783402287661,0.44663319730041795,False
1707,0.804717519321077,97.0921427273278,0.4414362471846441,False
1708,0.804717519321077,96.43977793869178,0.47487824778455523,False
1709,0.804717519321077,97.02506160225975,0.485415115029178,False
1710,0.804717519321077,97.03734737850132,0.495125240932576,False
1711,0.804717519321077,97.04988378330056,0.49666962723273833,False
1712,0.804717519321077,97.0626631853786,0.5098707622646739,False
1713,0.804717519321077,96.36739515652688,0.5238458192077561,False
1714,0.8301899714180443,95.73679877690228,0.4959365625078204,False
1715,0.8536576732793313,96.32404589089207,0.5109506179108524,False
1716,0.875195788740725,96.34117921230482,0.5250884413154457,False
1717,0.8948692308065574,96.35857590165836,0.5402663309786568,False
1718,0.9127341558073343,96.37622619734564,0.5563320883116363,False
1719,0.9288391461883214,96.39412034910427,0.5718496400679093,False
1720,0.9432261548473415,96.21800731261426,0.5804214041348832,False
1721,0.9559312637896478,96.47038763214732,0.5979521103633086,False
1722,0.9669852958320848,95.83380697965215,0.5830868868032874,False
1723,0.976414308115487,96.32655393053017,0.5976185769541743,False
1724,0.9842399889605549,96.52079524680073,0.6160476541705492,False
1725,0.9904799742690308,96.52079524680073,0.6321724378877974,False
1726,0.995148095654003,96.52079524680073,0.647188034567553,False
1727,0.995148095654003,96.33797989031079,0.6579900240018921,False
1728,0.995148095654003,95.82243946800045,0.6464747891846322,False
1729,0.995148095654003,97.17597590772203,0.646753425258361,False
1730,0.995148095654003,97.19082070992539,0.646751540942957,False
1731,0.9982545693874831,97.02591780513859,0.6519196846706757,False
1732,0.999806132804711,97.24893759785283,0.6474204409005828,False
1733,0.999806132804711,97.26724041578183,0.6406191857183163,False
1734,0.9982545693874831,97.28582598011839,0.6321111118225351,False
1735,0.995148095654003,97.3046875,0.6220573345561022,False
1736,0.9904799742690308,97.32381801962534,0.6116916547160557,False
1737,0.9842399889605549,97.34321042664587,0.5998509031588731,False
1738,0.976414308115487,97.36285746077668,0.5862694789506648,False
1739,0.9669852958320848,97.38275172260502,0.5716451316541233,False
1740,0.9559312637896478,97.40288568257492,0.5561887367235164,False
1741,0.9432261548473415,97.42325169012524,0.5398179300782607,False
1742,0.9288391461883214,97.44384198295894,0.522236349457677,False
1743,0.9288391461883214,97.46464869642068,0.5035443751985289,False
1744,0.9288391461883214,97.48566387295986,0.48006085273555565,False
1745,0.9288391461883214,97.50687947165657,0.462031680334751,False
1746,0.9288391461883214,97.52828737778755,0.44424643979824513,False
1747,0.9288391461883214,97.54987941240955,0.42672575221659115,False
1748,0.9127341558073343,97.5716473419383,0.4094918948273448,False
1749,0.9127341558073343,97.59358288770053,0.39256909084658465,False
1750,0.9288391461883214,97.61567773543821,0.3759838419734994,False
1751,0.9288391461883214,97.6379235447437,0.3602563802138066,False
1752,0.9288391461883214,97.66031195840554,0.3448543945466997,False
1753,0.9288391461883214,97.68283461164525,0.3314562363517501,False
1754,0.9288391461883214,97.7054831412259,0.31829825945855306,False
1755,0.9288391461883214,97.7282491944146,0.30364343125529847,False
1756,0.9288391461883214,97.75112443778112,0.2892602530657054,False
1757,0.9288391461883214,97.77410056581617,0.2752340028022011,False
1758,0.9288391461883214,97.79716930935405,0.26211141263302673,False
1759,0.9127341558073343,97.82032244378448,0.2512187105390244,False
1760,0.8948692308065574,97.84355179704016,0.23952113003399472,False
1761,0.875195788740725,97.86684925734752,0.23566455612956402,False
1762,0.8536576732793313,97.89020678072846,0.22525941711583908,False
1763,0.8301899714180443,97.91361639824305,0.21343738676074903,False
1764,0.804717519321077,97.72906068075733,0.2124466847176672,False
1765,0.7771529943226336,97.90658531453819,0.2022604564970578,False
1766,0.7473944462440387,97.9165567804209,0.1919430145305308,False
1767,0.7153220528038851,97.92680346943092,0.18151460482527226,False
1768,0.6807937753703206,97.93732435441964,0.17098372141868795,False
1769,0.6436394131461666,97.94811822241122,0.16034496263580045,False
1770,0.603652249754401,97.95918367346938,0.14957582258120036,False
1771,0.560576942614533,97.97051911984619,0.13863176582364486,False
1772,0.5140912790181235,97.9821227854199,0.12743833557396142,False
1773,0.4637773498877516,97.99399270542801,0.11587772779876401,False
1774,0.40907313904382653,97.55953658013301,0.10583311781110145,False
1775,0.40907313904382653,97.91353786741043,0.10176126981808924,False
1776,0.40907313904382653,97.91353786741043,0.0985974733307403,False
1777,0.40907313904382653,97.91353786741043,0.09629126670923716,False
1778,0.40907313904382653,97.91353786741043,0.09476897686139694,False
1779,0.40907313904382653,97.91353786741043,0.09393783101482138,False
1780,0.40907313904382653,97.91353786741043,0.09369219816368737,False
1781,0.40907313904382653,97.55417292426517,0.06919311070644245,False
1782,0.4637773498877516,97.99399270542801,0.06271803607383165,False
1783,0.5140912790181235,97.9821227854199,0.05834329486062117,False
1784,0.5140912790181235,97.97051911984619,0.05589691172884631,False
1785,0.5140912790181235,97.95918367346938,0.05613783650523036,False
1786,0.5140912790181235,97.94811822241122,0.19481374134555562,False
1787,0.5140912790181235,97.93732435441964,0.19612827115521014,False
1788,0.4637773498877516,97.92680346943092,0.19702803850880476,False
1789,0.40907313904382653,97.9165567804209,0.1975831007980863,False
1790,0.3491843735073079,97.90658531453819,0.19786692068275355,False
1791,0.2829047929798921,97.89688991451199,0.1979560723039518,False
1792,0.2829047929798921,97.88747124032629,0.22799451026388082,False
1793,0.2829047929798921,97.87832977115154,0.352181001846905,False
1794,0.2829047929798921,97.86946580752442,0.5043201601729501,False
1795,0.2829047929798921,97.86087947376599,0.5597952655747402,False
1796,0.2829047929798921,97.85257072062771,0.6063033514061911,False
1797,0.2829047929798921,97.84453932815474,0.6459686352282833,False
1798,0.2829047929798921,97.83678490875538,0.6801612406442832,False
1799,0.2829047929798921,97.82930691046529,0.7098340739375146,False
1800,0.2829047929798921,97.82210462039487,0.7927997955638348,False
1801,0.2829047929798921,97.81517716834794,0.8143940593546491,False
1802,0.2829047929798921,97.80852353059989,0.8321343111809936,False
1803,0.3491843735073079,97.80214253382286,0.8465832053693206,False
1804,0.40907313904382653,97.79603285914646,0.8804520945475518,False
1805,0.40907313904382653,97.7901930463411,0.8924758857843377,False
1806,0.40907313904382653,97.03813769192669,0.8834408826306267,False
1807,0.40907313904382653,97.73297270715516,0.8923441532697307,False
1808,0.40907313904382653,97.74924323796505,0.8999877594427377,False
1809,0.40907313904382653,97.76549852164219,0.9064797846627517,False
1810,0.40907313904382653,97.78173419305168,0.911920555244519,False
1811,0.3491843735073079,97.79794602340579,0.9458126892164133,False
1812,0.3491843735073079,97.32711880528869,0.942899153605785,False
1813,0.3491843735073079,96.61032952506845,0.9065927492976941,False
1814,0.3491843735073079,96.15059221658207,0.833425157271004,False
1815,0.3491843735073079,96.61706906232453,0.7981799015792251,False
1816,0.3491843735073079,96.61706906232453,0.7637954032278822,False
1817,0.3491843735073079,96.61706906232453,0.7306343125534085,False
1818,0.3491843735073079,96.61706906232453,0.6987766997711938,False
1819,0.3491843735073079,96.61706906232453,0.6684784615425846,False
1820,0.3491843735073079,95.90389549801726,0.594214562228483,False
1821,0.3491843735073079,96.5813953488372,0.5640191538326405,False
1822,0.3491843735073079,96.60592571984976,0.5375095119809646,False
1823,0.3491843735073079,96.630615640599,0.51496837481613,False
1824,0.3491843735073079,96.20539841005731,0.45464373625748095,False
1825,0.40907313904382653,96.57515252357183,0.430668458666478,False
1826,0.4637773498877516,96.57515252357183,0.4086628803960841,False
1827,0.5140912790181235,96.57515252357183,0.38870879745802817,False
1828,0.5140912790181235,96.57515252357183,0.3708780209077341,False
1829,0.5140912790181235,96.57515252357183,0.35522511848673055,False
1830,0.5140912790181235,96.57515252357183,0.3417792433269052,False
1831,0.5140912790181235,95.85847883171327,0.2328968861342755,False
1832,0.5140912790181235,96.53351698806244,0.2176843061170618,False
1833,0.560576942614533,96.55913978494624,0.2072135468418647,False
1834,0.560576942614533,96.58489877804122,0.25642043013344396,False
1835,0.560576942614533,96.61078551633274,0.25340666697408115,False
1836,0.560576942614533,96.63679159876878,0.25263699131751904,False
1837,0.560576942614533,96.66290868094701,0.25313372966973074,False
1838,0.560576942614533,96.6891284815813,0.2548386707951546,False
1839,0.560576942614533,96.63600288600288,0.257235291378076,False
1840,0.560576942614533,95.84081925979159,0.19172327414004287,False
1841,0.560576942614533,96.57332021114789,0.19171858184233798,False
1842,0.560576942614533,96.60073064243072,0.2003819724717297,False
1843,0.6318640827062832,96.6282165039929,0.2067625887698954,False
1844,0.6669740736911405,96.57644021013267,0.21363799633578517,False
1845,0.7391385203526044,96.61395515054052,0.21935851275419713,False
1846,0.8028116417452926,96.61617067049121,0.2411393645982874,False
1847,0.8600451249809193,96.61870503597122,0.25205377247774785,False
1848,0.8600451249809193,96.62156066756879,0.2868151375703093,False
1849,0.8600451249809193,96.62473984254818,0.3160435884901042,False
1850,0.8600451249809193,96.62824469050645,0.33218826970399673,False
1851,0.8600451249809193,96.63207718914983,0.34803527919681804,False
1852,0.8600451249809193,96.63623916020082,0.3483356031760142,False
1853,0.8600451249809193,96.64073226544622,0.35505537641001544,False
1854,0.8600451249809193,95.82346511204227,0.3228940643669456,False
1855,0.8600451249809193,96.57360406091371,0.3274040211081443,False
1856,0.8600451249809193,96.6041309641923,0.32758447918182493,False
1857,0.8600451249809193,96.63465853001884,0.35065372406772405,False
1858,0.8600451249809193,96.66517857142857,0.3534311964876549,False
1859,0.8600451249809193,96.69568306981702,0.3553273375742276,False
1860,0.8600451249809193,96.72616417778563,0.3562982150909153,False
1861,0.8600451249809193,96.55005713281182,0.359433991140724,False
1862,0.8600451249809193,96.83948242699773,0.3571892354074789,False
1863,0.8600451249809193,96.83948242699773,0.35509496949689573,False
1864,0.8075738393756748,96.83948242699773,0.3531256555556379,False
1865,0.7498765864518436,96.83948242699773,0.35060176659809605,False
1866,0.7498765864518436,96.14443084455324,0.33679268406280777,False
1867,0.7498765864518436,96.9312816926036,0.3293060393713831,False
1868,0.7498765864518436,97.21739130434783,0.29997226767611823,False
1869,0.7498765864518436,97.21739130434783,0.26930978950821427,False
1870,0.7498765864518436,97.10430630393832,0.249264967457762,False
1871,0.7498765864518436,97.1486581920904,0.2271334261530212,False
1872,0.7498765864518436,96.8092659980474,0.22691145278494443,False
1873,0.7498765864518436,97.0241813152494,0.2155966665104045,False
1874,0.7498765864518436,96.9994617868676,0.20958469527483914,False
1875,0.7498765864518436,96.97475202885482,0.20480253292361805,False
1876,0.7498765864518436,96.8294344764933,0.2055012965647444,False
1877,0.7498765864518436,96.17883946549514,0.16206289849012037,False
1878,0.7498765864518436,96.9710940021207,0.15337407102067965,False
1879,0.7498765864518436,96.97375716133801,0.14472275432682002,False
1880,0.7498765864518436,96.97671188480948,0.13613127556059335,False
1881,0.7498765864518436,96.97995917609946,0.12761675704141232,False
1882,0.7498765864518436,96.983499883802,0.11923109912261488,False
1883,0.7498765864518436,96.98733469919911,0.133961227791687,False
1884,0.8028116417452926,96.99146415411167,0.13130438129209934,False
1885,0.8513226827573213,96.99588861894973,0.13222060249066678,False
1886,0.8332341082038747,97.00060830096861,0.24433687885472508,False
1887,0.804144968682279,97.00562324273665,0.243170574917104,False
1888,0.7600473303889541,97.01093332082023,0.2426262024617881,False
1889,0.7967286463062392,97.01653824469085,0.24213591227675146,False
1890,0.830774222099454,97.0224375558587,0.2503370523077681,False
1891,0.8623538561746379,97.02863062723677,0.24904698984636342,False
1892,0.8916091590804429,97.03511666273863,0.24812333634899472,False
1893,0.9186594970880807,96.8720513304397,0.24818709246799509,False
1894,0.9186594970880807,97.1103451532178,0.24599507519607705,False
1895,0.9992889743797904,97.0907016543069,0.24517325649559873,False
1896,1.0670056836533544,97.07106963388371,0.24561884538294057,False
1897,1.1261358508278747,97.05145500096357,0.24756997502335376,False
1898,1.1787269834988532,97.03186381492797,0.2503636438374773,False
1899,1.2259790140555225,97.01230228471002,0.25383739881905,False
1900,1.2686794699537274,96.9927767677264,0.25793763240228185,False
1901,1.30738316633364,96.973293768546,0.3452318498474035,False
1902,1.3425003133763334,96.95385993728536,0.3502950828173146,False
1903,1.374344879613302,96.63528940516723,0.3466377956339372,False
1904,1.3819829643540342,96.81188617476707,0.34916408157124423,False
1905,1.3857772327036844,96.78318135764944,0.3505474530516814,False
1906,1.3857772327036844,96.01569266826311,0.28570737946188696,False
1907,1.3819829643540342,96.8333674933388,0.2879861144161173,False
1908,1.374344879613302,96.8333674933388,0.2893704333366003,False
1909,1.3939473942522724,96.8333674933388,0.3492168641670172,False
1910,1.4113949465359856,96.62328345972536,0.3423588424396981,False
1911,1.4267547652077353,96.89997950399672,0.35212940817161903,False
1912,1.4400831784759722,96.87226258566497,0.36147038985053864,False
1913,1.4514270347987224,96.84455958549223,0.37030753266452593,False
1914,1.4608248015713592,96.81687939567595,0.37810961307678276,False
1915,1.4683074126843,96.78923109155667,0.38517052036331584,False
1916,1.4738989153366922,96.76162392712338,0.39145230532496633,False
1917,1.4776169519137876,96.73406733008682,0.39593507860522714,False
1918,1.4794731020725562,96.70657089651503,0.3997742435197708,False
1919,1.4794731020725562,96.67914438502673,0.4029774907628162,False
1920,1.4776169519137876,96.65179771053904,0.4055571301276688,False
1921,1.4738989153366922,95.81877787929274,0.34008850195093654,False
1922,1.4683074126842999,96.5389369592089,0.3403975241577695,False
1923,1.4608248015713592,96.5389369592089,0.3411542016346548,False
1924,1.4514270347987224,96.5389369592089,0.34209594081553124,False
1925,1.4400831784759722,96.5389369592089,0.3434307382857274,False
1926,1.4400831784759722,96.5389369592089,0.34505471659336534,False
1927,1.4400831784759722,96.5389369592089,0.34687315287345144,False
1928,1.4400831784759722,96.5389369592089,0.3488011200738774,False
1929,1.4400831784759722,95.80802923630891,0.2922440364145928,False
1930,1.4400831784759722,96.64104906755522,0.29606742737680725,False
1931,1.4400831784759722,97.00534759358288,0.28785395615352344,False
1932,1.4267547652077353,97.00534759358288,0.2781882258208404,False
1933,1.4267547652077353,97.00534759358288,0.2678477588902629,False
1934,1.4113949465359856,97.00534759358288,0.2575389369626929,False
1935,1.3939473942522724,97.00534759358288,0.24687356751467748,False
1936,1.374344879613302,97.00534759358288,0.23591474937507717,False
1937,1.3525074295964727,97.00534759358288,0.22647430223103904,False
1938,1.3283399146847867,97.00534759358288,0.2167546656578332,False
1939,1.301728854068539,97.00534759358288,0.20676697064333607,False
1940,1.301728854068539,97.00534759358288,0.19637264262740717,False
1941,1.301728854068539,97.00534759358288,0.2504998970630246,False
1942,1.301728854068539,97.00534759358288,0.24470393333767357,False
1943,1.301728854068539,97.00534759358288,0.23878391406980698,False
1944,1.2725381154419293,97.00534759358288,0.23736041218842419,False
1945,1.2382339767869435,97.00534759358288,0.23592875787917642,False
1946,1.200719639829801,97.00534759358288,0.2345401317203714,False
1947,1.1596780472087271,97.00534759358288,0.23324257611138227,False
1948,1.114696123966521,97.00534759358288,0.2320802117817005,False
1949,1.0652163930664527,97.00534759358288,0.23109236486215676,False
1950,1.01044884930661,97.00534759358288,0.23031264001242477,False
1951,0.9822408213425595,97.00534759358288,0.22976798288365483,False
1952,0.9440231356865454,97.00534759358288,0.23049562529374748,False
1953,0.8916091590804429,97.00534759358288,0.2314671544950221,False
1954,0.804717519321077,97.00534759358288,0.2326381415124189,False
1955,0.8301899714180443,97.00534759358288,0.23396445252446949,False
1956,0.8536576732793313,97.00534759358288,0.2354025743757253,False
1957,0.875195788740725,97.00534759358288,0.2369098430960899,False
1958,0.8948692308065574,97.00534759358288,0.23844458094259313,False
1959,1.006634797484697,97.00534759358288,0.2399661501847143,False
1960,1.0239228180015463,97.00534759358288,0.24155763594123578,False
1961,1.0394364783172854,96.2566844919786,0.17610847620181666,False
1962,1.0532169913190046,97.11229946524064,0.22745696342394298,False
1963,1.0652996405533381,96.86086725192871,0.23128507231301565,False
1964,1.1412418450836315,97.21575269955537,0.22533432592679453,False
1965,1.2041517951932372,97.21575269955537,0.22965344226809098,False
1966,1.2583494426149708,97.21575269955537,0.2333924422820345,False
1967,1.305875511291131,97.21575269955537,0.2366053916844827,False
1968,1.347922583568817,97.21575269955537,0.23933973458638932,False
1969,1.3852702053381705,97.21575269955537,0.24163772651313423,False
1970,1.4184645038322823,97.21575269955537,0.24353752394393346,False
1971,1.4479062086941699,97.21575269955537,0.2450740293497408,False
1972,1.4738989153366922,97.21575269955537,0.24527280383209593,False
1973,1.4966777416164074,97.21575269955537,0.24536817151427243,False
1974,1.4995196245467155,97.21575269955537,0.24509186849785874,False
1975,1.5004659065178618,97.21575269955537,0.24485207462588846,False
1976,1.4995196245467155,97.21575269955537,0.24464672578015223,False
1977,1.4966777416164074,97.21575269955537,0.2444737357488825,False
1978,1.4919310878474152,97.21575269955537,0.24433099898498215,False
1979,1.4852641811356104,97.21575269955537,0.2442163932358042,False
1980,1.4766549183659508,97.21575269955537,0.2441277820313215,False
1981,1.4660741214574513,97.21575269955537,0.24406301701913538,False
1982,1.4534849141043307,96.44823205589668,0.19637295883148023,False
1983,1.438841894200673,97.3110311242854,0.19123620086419899,False
1984,1.4220900521936763,97.05650044758043,0.24549870635136714,False
1985,1.4031633649036752,97.4020532160067,0.24013520584934106,False
1986,1.3819829643540342,97.4020532160067,0.23590477564693807,False
1987,1.3819829643540342,97.4020532160067,0.22791760040155018,False
1988,1.3819829643540342,97.4020532160067,0.2287305913393795,False
1989,1.3819829643540342,97.4020532160067,0.22955711809683027,False
1990,1.408648411160687,97.4020532160067,0.23039166971523634,False
1991,1.4326648482653093,97.4020532160067,0.2312288134472272,False
1992,1.4524737111892643,97.4020532160067,0.261337515937513,False
1993,1.4524737111892643,97.4020532160067,0.2663372445996516,False
1994,1.469987889434457,97.4020532160067,0.2964885356098009,False
1995,1.469987889434457,97.4020532160067,0.32118309826884617,False
1996,1.473256553252489,97.4020532160067,0.3426616546259559,False
1997,1.473256553252489,97.4020532160067,0.3615441007251419,False
1998,1.4699878894344567,97.4020532160067,0.3782636229891485,False
1999,1.4634190046135478,97.4020532160067,0.3931387908652801,False
2000,1.4534849141043304,97.4020532160067,0.40641328988654457,False
2001,1.4660741214574515,97.4020532160067,0.41827949104144146,False
2002,1.4766549183659508,97.4020532160067,0.42555268395637647,False
2003,1.4852641811356104,97.4020532160067,0.44038056726090075,False
2004,1.4919310878474152,96.61638382568616,0.42782671303541425,False
2005,1.4738989153366922,97.48585795097424,0.43980605170926923,False
2006,1.4524690941546656,97.50455847877052,0.45069355177795617,False
2007,1.4274202463828696,97.25388601036269,0.4549526157031997,False
2008,1.3984610270106805,97.58334621528314,0.4650393730276877,False
2009,1.3652016755898781,97.58334621528314,0.4739411504535189,False
2010,1.3271059259290725,97.58334621528314,0.4817733352466603,False
2011,1.2834031297544843,97.58334621528314,0.48863636068992145,False
2012,1.2817425764699486,96.77951254701912,0.48031118274001644,False
2013,1.278417365535648,97.65548513422992,0.4837326953969448,False
2014,1.2734192269994746,97.981143676983,0.4715151790910201,False
2015,1.2667356005770385,97.981143676983,0.4590695131336718,False
2016,1.2583494426149708,97.981143676983,0.4467468372057479,False
2017,1.2482389571842902,97.981143676983,0.4345909866437259,False
2018,1.2363772403452271,97.981143676983,0.4223896077402535,False
2019,1.222731822382257,97.981143676983,0.4104869594772516,False
2020,1.222731822382257,97.981143676983,0.3989084952872061,False
2021,1.2072640872959293,97.981143676983,0.3876819370048485,False
2022,1.1899285414712581,97.1766755482681,0.3806057591260092,False
2023,1.2220947914756688,98.05287968846075,0.36353298838516557,False
2024,1.2481068205144499,98.06517311608961,0.34605827828741725,False
2025,1.2902007807553537,98.07750682990995,0.3283178023411347,False
2026,1.3282820174272938,98.08987634462652,0.31028547272540064,False
2027,1.362759877482492,97.90751098681582,0.3043304857362706,False
2028,1.3939473942522724,98.1543957134352,0.28243767366835165,False
2029,1.4220900521936763,98.1543957134352,0.2610305058683835,False
2030,1.447383961374643,98.1543957134352,0.24011485818995726,False
2031,1.4699878894344567,98.1543957134352,0.2196955712143357,False
2032,1.4900315255825651,98.1543957134352,0.1997757887525439,False
2033,1.5076213244090613,98.1543957134352,0.18011258631041854,False
2034,1.5228447333219093,98.1543957134352,0.1609466969080866,False
2035,1.5213655983156218,98.1543957134352,0.14521327309969492,False
2036,1.5169165540634162,98.1543957134352,0.13013228933688636,False
2037,1.5094621252684286,98.1543957134352,0.11567676890848816,False
2038,1.498941259446481,98.1543957134352,0.10285893195358888,False
2039,1.4852641811356104,98.1543957134352,0.09061584400026443,False
2040,1.4683074126843,98.1543957134352,0.07898541453986073,False
2041,1.4683074126843,98.1543957134352,0.06801558940623804,False
2042,1.4683074126843,98.1543957134352,0.05776912844934959,False
2043,1.4683074126843,98.1543957134352,0.19022544025424237,False
2044,1.4683074126843,98.1543957134352,0.18995137071957557,False
2045,1.4683074126843,98.1543957134352,0.19005868921992558,False
2046,1.4683074126843,98.1543957134352,0.19055279161381972,False
2047,1.4683074126843,98.1543957134352,0.1914337878568799,False
2048,1.4683074126843,98.1543957134352,0.1926966447308429,False
2049,1.4683074126843,98.1543957134352,0.19433148438273154,False
2050,1.4683074126843,98.1543957134352,0.19632401697469515,False
2051,1.4919310878474152,98.1543957134352,0.1986560762400367,False
2052,1.5125568756434098,98.1543957134352,0.20130622150980587,False
2053,1.5253874232579383,98.1543957134352,0.20131631448805812,False
2054,1.5352702332191592,98.1543957134352,0.20642128608707164,False
2055,1.542279235137156,98.1543957134352,0.21153392867114185,False
2056,1.5464650001141114,98.1543957134352,0.21663868113543144,False
2057,1.5576725670893488,98.1543957134352,0.22172149402008118,False
2058,1.5665782425417163,98.1543957134352,0.22677423971562652,False
2059,1.5732230293875173,98.1543957134352,0.23177869830405365,False
2060,1.577636732431408,98.1543957134352,0.2367248871568474,False
2061,1.5798387881475398,98.1543957134352,0.24160323717687596,False
2062,1.5798387881475398,98.1543957134352,0.246404585609357,False
2063,1.577636732431408,97.3357809089105,0.1719151824134977,False
2064,1.5732230293875173,98.21393133558246,0.17753973868195336,False
2065,1.5665782425417163,98.22572695909315,0.18271685831650483,False
2066,1.5576725670893488,98.2375403896994,0.18745048863648248,False
2067,1.5464650001141114,98.24936782727096,0.19174402759179235,False
2068,1.532902144485799,98.2612055641422,0.1956004802646517,False
2069,1.5169165540634162,98.27304998560875,0.19902257601730422,False
2070,1.4984244813325358,98.28489757027155,0.20201285781391437,False
2071,1.477322818602089,98.29674489023468,0.20457375164671412,False
2072,1.4534849141043307,98.30858861116332,0.20670762164626247,False
2073,1.4267547652077353,98.18046094989269,0.21145976986707482,False
2074,1.3969387860636409,98.36468081163717,0.20991054678835439,False
2075,1.3637938028246002,98.37417096536477,0.20815526543041493,False
2076,1.3270089026073437,98.38369963369964,0.20620423715506678,False
2077,1.2861766890619075,98.39326354119254,0.20406816421535456,False
2078,1.2407449439357603,98.40285946973124,0.20175820457940286,False
2079,1.1899285414712581,98.41248425975895,0.19928603744939197,False
2080,1.132529774880598,98.42213481137135,0.19666392995486864,False
2081,1.066503202885787,98.43180808529543,0.19390480530981755,False
2082,0.9875245214535493,98.44150110375276,0.19102231249004323,False
2083,0.875195788740725,98.45121095121095,0.18803089719175559,False
2084,0.8536576732793313,98.46093477502616,0.18475398383638758,False
2085,0.8301899714180443,98.47066978598042,0.17887777002687752,False
2086,0.804717519321077,98.48041325871718,0.17685005667506812,False
2087,0.7771529943226336,98.4901625320787,0.17434479352496693,False
2088,0.7473944462440387,98.49991500934897,0.17140768242390858,False
2089,0.7153220528038851,98.50966815840582,0.16808093642198219,False
2090,0.6807937753703206,98.51941951178593,0.164403992481254,False
2091,0.6436394131461666,98.52916666666667,0.21665081475782488,False
2092,0.603652249754401,98.53890728476821,0.21546436235978816,False
2093,0.560576942614533,98.54863909217993,0.21988292797539982,False
2094,0.5140912790181235,98.55835987911459,0.3282732563555505,False
2095,0.4637773498877516,98.56806749959435,0.4037989803726683,False
2096,0.40907313904382653,98.57775987107172,0.463022235454245,False
2097,0.3491843735073079,98.5874349739896,0.5117995883739141,False
2098,0.2829047929798921,98.59709085128368,0.5530517215200469,False
2099,0.208180945557171,98.60672560783075,0.5831061521293734,False
2100,0.12068101401352381,98.61633740984635,0.6161349371985884,False
2101,-0.0,98.62592448423511,0.6447656883193683,False
2102,-0.0,98.63548511789718,0.6697012212725464,False
2103,-0.0,98.6450176569937,0.6687979072157112,False
2104,-0.0,98.65452050617472,0.6917939400058011,False
2105,-0.0,98.57694345621073,0.7126098468852663,False
2106,-0.0,98.69973694099963,0.729952622636997,False
2107,-0.0,98.69973694099963,0.7452335670895703,False
2108,-0.0,98.69973694099963,0.7586697911413611,False
2109,-0.0,98.69973694099963,0.7704476780684447,False
2110,-0.0,98.69973694099963,0.7787852394845132,False
2111,-0.0,97.90680195415257,0.774833885865114,False
2112,-0.0,98.72980082675686,0.7826957349820814,False
2113,-0.0,98.84328358208955,0.787751880389321,False
2114,-0.0,99.67910447761194,0.7548507790628506,False
2115,-0.0,99.68138707765264,0.7222089900185721,False
2116,-0.0,99.68366070771721,0.689770985381785,False
2117,-0.0,99.68592506025857,0.6576646708383297,False
2118,-0.0,99.6881798404641,0.6314035442820864,False
2119,-0.0,99.61843052555795,0.6065715937860511,False
2120,-0.0,99.71767564863126,0.5764612590175023,False
2121,-0.0,99.71767564863126,0.5551950157914759,False
2122,-0.0,99.71767564863126,0.5261412636479497,False
2123,-0.0,98.92430848402545,0.5499907752730807,False
2124,-0.0,99.7498391823315,0.5213566636841118,False
2125,-0.0,99.75164975519762,0.4939884300219292,False
2126,-0.0,99.7534516765286,0.4679388787018921,False
2127,-0.0,99.75524475524476,0.44326491007442786,False
2128,-0.0,99.75702880944117,0.4200269389967946,False
2129,-0.0,99.75880366618428,0.3982878220749165,False
2130,-0.0,99.70584211246408,0.3820510524212577,False
2131,-0.0,99.77930191498031,0.3622306915697807,False
2132,-0.0,99.77930191498031,0.34423573261171225,False
2133,-0.0,99.77930191498031,0.32660482492964965,False
2134,-0.0,99.77930191498031,0.31236875808022896,False
2135,-0.0,99.77930191498031,0.33438861914584234,False
2136,-0.0,99.77930191498031,0.32535005196513045,False
2137,-0.0,99.77930191498031,0.3180083634558219,False
2138,-0.0,99.00176558468016,0.30101979878001206,False
2139,-0.0,99.79627869075105,0.2945512850423765,False
2140,-0.0,99.85051809070833,0.28691413072962346,False
2141,-0.0,99.0487514863258,0.2642050376915524,False
2142,-0.0,99.83013419398675,0.26070205231093463,False
2143,-0.0,98.9225612258859,0.20744234875695508,False
2144,-0.0,99.82781776231964,0.20497800664618904,False
2145,-0.0,99.82781776231964,0.20266093227049228,False
2146,-0.0,99.82781776231964,0.20048741136176151,False
2147,-0.0,99.82781776231964,0.1984535435908535,False
2148,-0.0,99.82781776231964,0.19655525493871182,False
2149,-0.0,99.82781776231964,0.24856914577008457,False
2150,-0.0,99.82781776231964,0.24797782100553356,False
2151,-0.0,99.82781776231964,0.24570839095052655,False
2152,-0.0,99.82781776231964,0.2452255948744569,False
2153,-0.0,99.7141774854506,0.24694750713307437,False
2154,-0.0,99.85192327559488,0.24605027170657245,False
2155,-0.0,99.03922311374359,0.19489634050808358,False
2156,-0.0,99.82781776231964,0.19437526648305553,False
2157,-0.0,99.82781776231964,0.19388868803905607,False
2158,-0.0,99.82781776231964,0.19343313223070938,False
2159,-0.0,99.82781776231964,0.1930052330147682,False
2160,-0.0,99.82781776231964,0.19260173501485378,False
2161,-0.0,99.82781776231964,0.19227899198814358,False
2162,-0.0,99.82781776231964,0.1919555838690216,False
2163,-0.0,99.82781776231964,0.19163091084310796,False
2164,-0.0,99.82781776231964,0.19119864919132115,False
2165,-0.0,99.82781776231964,0.19078721846951968,False
2166,-0.0,99.82781776231964,0.18975975595895506,False
2167,-0.0,99.82781776231964,0.18873864294327772,False
2168,-0.0,99.82781776231964,0.1877237635546775,False
2169,-0.0,99.04266675849719,0.10496843299817607,False
2170,-0.0,99.85192327559488,0.10168528812500638,False
2171,-0.0,99.74004651799152,0.10262107011144302,False
2172,-0.0,99.87090198742993,0.09940166691440563,False
2173,-0.0,99.87521920949683,0.0958034388140464,False
2174,-0.0,99.87948177161796,0.09377149906099859,False
2175,-0.0,99.83384288182906,0.09373603856051721,False
2176,-0.0,99.89774039254495,0.09049886712944925,False
2177,-0.0,99.89842726081258,0.08718917742068623,False
2178,-0.0,99.89911153057571,0.08380058076828915,False
2179,-0.0,99.89979312128264,0.08032541200970039,False
2180,-0.0,99.90047195556555,0.07617644676338599,False
2181,-0.0,99.90114795918367,0.07190773449217544,False
2182,-0.0,99.90182106096596,0.06742329561076452,False
2183,-0.0,99.90249119275289,0.06292872942118674,False
2184,-0.0,99.90315828933804,0.05863735544751956,False
2185,-0.0,99.90382228840903,0.05414397522272399,False
2186,-0.0,99.90448313048837,0.051744512886721064,False
2187,-0.0,99.90514075887393,0.04942416786763502,False
2188,-0.0,99.90579511957942,0.04719298687559092,False
2189,-0.0,99.90644616127474,0.04506166953681246,False
2190,-0.0,99.90709383522642,0.04304156148840618,False
2191,-0.0,99.9077380952381,0.04114458992647172,False
2192,-0.0,99.90837889759125,0.039383117554482774,False
2193,-0.0,99.90901620098614,0.03776968874105841,False
2194,-0.0,99.90964996648306,0.03631664440239414,False
2195,-0.0,99.91028015744385,0.0350355929717163,False
2196,-0.0,99.91090673947406,0.033936746572754806,False
2197,-0.0,99.91152968036529,0.033028164228052374,False
2198,-0.0,99.91214895003826,0.03231498232467746,False
2199,-0.0,99.91276452048626,0.03179874479656975,False
2200,-0.0,99.9133763657194,0.033011555521836246,False
2201,-0.0,99.9139844617092,0.03408803025927664,False
2202,-0.0,99.88979198236672,0.035178862603239124,False
2203,-0.0,99.92339680455243,0.035851970971245435,False
2204,-0.0,99.9266384088686,0.03634791079387135,False
2205,-0.0,99.92983971072373,0.0366781740914266,False
2206,-0.0,99.93300101838452,0.036910563579094204,False
2207,-0.0,99.93612264452251,0.03698339129497761,False
2208,-0.0,99.93920490589977,0.03690436416170643,False
2209,-0.0,99.942248123064,0.036679952527395386,False
2210,-0.0,99.94525262005318,0.03631557270793111,False
2211,-0.0,99.94821872410937,0.035815702299358695,False
2212,-0.0,99.95114676540163,0.03518394062799791,False
2213,-0.0,99.95403707675808,0.03440340737719603,False
2214,-0.0,99.9568899934067,0.03350271220070468,False
2215,-0.0,99.9597058527249,0.0324832240153821,False
2216,-0.0,99.9624849939976,0.031344703089927956,False
2217,-0.0,99.9652277581839,0.03008502270559701,False
2218,-0.0,99.96793448769178,0.028699709369928106,False
2219,-0.0,99.97060552616108,0.027181198688539247,False
2220,-0.0,99.97567383477669,0.025309401723408845,False
2221,-0.0,99.97584190945548,0.023473629031836793,False
2222,-0.0,99.97584190945548,0.021690159209142988,False
2223,-0.0,99.97584190945548,0.019960945103276263,False
2224,-0.0,99.97584190945548,0.018287944792317618,False
2225,-0.0,99.97584190945548,0.016673147628789346,False
2226,-0.0,99.97584190945548,0.015118609464601583,False
2227,-0.0,99.97584190945548,0.013626501687959335,False
2228,-0.0,99.97584190945548,0.012199181421704642,False
2229,-0.0,99.97584190945548,0.010839294786646867,False
2230,-0.0,99.97584190945548,0.011287255228929328,False
2231,-0.0,99.97584190945548,0.010390547109075806,False
2232,-0.0,99.97584190945548,0.009621943645298375,False
2233,-0.0,99.97584190945548,0.009063354315063455,False
2234,-0.0,99.97584190945548,0.008619768087789845,False
2235,-0.0,99.97584190945548,0.008282863685267948,False
2236,-0.0,99.97584190945548,0.008041852862291247,False
2237,-0.0,99.97584190945548,0.007884051823062788,False
2238,-0.0,99.97584190945548,0.0077957657642954694,False
2239,-0.0,99.97584190945548,0.007763268556826413,False
2240,-0.0,99.97584190945548,0.007773660748555919,False
2241,-0.0,99.97584190945548,0.007815471944798584,False
2242,-0.0,99.97584190945548,0.007878977257178198,False
2243,-0.0,99.97584190945548,0.0079562718338783,False
2244,-0.0,99.97584190945548,0.008041177828441003,False
2245,-0.0,99.97584190945548,0.008129055674561445,False
2246,-0.0,99.97584190945548,0.008216573930140728,False
2247,-0.0,99.97584190945548,0.008301472162348913,False
2248,-0.0,99.97584190945548,0.008382335426074406,False
2249,-0.0,99.97584190945548,0.008458388205933873,False
2250,-0.0,99.94892871908364,0.16512499426352636,False
2251,-0.0,99.96817313812858,0.1651181636413454,False
2252,-0.0,99.96796056685152,0.16511185120186825,False
2253,-0.0,99.96774673745844,0.16510639113498865,False
2254,-0.0,99.96753165663478,0.1660574868693296,False
2255,-0.0,99.96731533162368,0.24453745454445236,False
2256,-0.0,99.9670977702412,0.24499433213812427,False
2257,-0.0,99.96687898089172,0.2453913369373189,False
2258,-0.0,99.96665897258342,0.24573282569255867,False
2259,-0.0,99.96643775494398,0.24602309111177165,False
2260,0.12068101401352381,99.96621533823644,0.24626637158706313,False
2261,0.12068101401352381,99.96599173337519,0.24647510607184428,False
2262,0.12068101401352381,99.96576695194207,0.24664652649694258,False
2263,0.24096783080307266,99.96554100620261,0.2467843626054971,False
2264,0.32806688317929317,99.96531390912244,0.2468923028562482,False
2265,0.4023829390456117,99.96508567438363,0.24697399913983492,False
2266,0.46824757305098735,99.96485631640128,0.24703307086949486,False
2267,0.5277139815252946,99.96462585034014,0.24707310847592312,False
2268,0.5819881552488825,99.96439429213113,0.24709767633089924,False
2269,0.6318640827062832,99.96416165848818,0.24711031512001932,False
2270,0.677903479475398,99.23085405524618,0.18394532387516133,False
2271,0.720523936685393,99.9448640899818,0.18394736699931435,False
2272,0.7600473303889541,99.9448640899818,0.18394688381714602,False
2273,0.7967286463062392,99.9448640899818,0.18394823111578815,False
2274,0.830774222099454,99.86126141124892,0.1830937863363882,False
2275,0.830774222099454,99.13427120619329,0.036132553393454045,False
2276,0.830774222099454,99.84183800882377,0.033070347367322846,False
2277,0.830774222099454,99.84183800882377,0.03030541753348917,False
2278,0.830774222099454,99.84183800882377,0.02792024308293304,False
2279,0.830774222099454,99.84183800882377,0.026012890095252567,False
2280,0.830774222099454,99.84183800882377,0.02468719984425829,False
2281,0.830774222099454,99.84183800882377,0.022643861113485677,False
2282,0.830774222099454,99.84183800882377,0.0209605201483255,False
2283,0.830774222099454,99.84183800882377,0.019713808173077968,False
2284,0.830774222099454,99.84183800882377,0.01897380424253458,False
2285,0.830774222099454,99.84183800882377,0.01859818808757645,False
2286,0.830774222099454,99.84183800882377,0.017753956850071678,False
2287,0.830774222099454,99.84183800882377,0.017146019920836187,False
2288,0.830774222099454,99.84183800882377,0.01674772614513685,False
2289,0.830774222099454,99.84183800882377,0.016521432562709066,False
2290,0.830774222099454,99.84183800882377,0.016421421477177057,False
2291,0.830774222099454,99.84183800882377,0.016399483512692763,False
2292,0.830774222099454,99.84183800882377,0.016495379502534647,False
2293,0.830774222099454,99.84183800882377,0.016675488257104697,False
2294,0.830774222099454,99.84183800882377,0.016925695273104075,False
2295,0.830774222099454,99.84183800882377,0.01722918032843073,False
2296,0.830774222099454,99.84183800882377,0.017567198278739538,False
2297,0.830774222099454,99.84183800882377,0.0179197035572484,False
2298,0.830774222099454,99.84183800882377,0.018265746542093918,False
2299,0.830774222099454,99.84183800882377,0.018583615594295555,False
2300,0.830774222099454,99.84183800882377,0.018850721355452984,False
2301,0.830774222099454,99.84183800882377,0.02057608774611408,False
2302,0.830774222099454,99.84183800882377,0.022328831861080693,False
2303,0.830774222099454,99.84183800882377,0.024088020021999786,False
2304,0.830774222099454,99.84183800882377,0.1825182829674042,False
2305,0.830774222099454,99.84183800882377,0.182733742928307,False
2306,0.830774222099454,99.84183800882377,0.18298987848044918,False
2307,0.830774222099454,99.84183800882377,0.18321287641841344,False
2308,0.830774222099454,99.84183800882377,0.18340510384805395,False
2309,0.830774222099454,99.84183800882377,0.1835689016625049,False
2310,0.830774222099454,99.84183800882377,0.1837065884528006,False
2311,0.830774222099454,99.84066640576955,0.18432793512230725,False
2312,0.830774222099454,99.83385429866802,0.26146994981541216,False
2313,0.830774222099454,99.82978723404256,0.2619342363479351,False
2314,0.830774222099454,99.8256694578606,0.2623182010259002,False
2315,0.830774222099454,99.82150054701445,0.26262541396248834,False
2316,0.830774222099454,99.8172800835291,0.2628595431554434,False
2317,0.830774222099454,99.81300765499913,0.2630243636034666,False
2318,0.830774222099454,99.80868285504047,0.26312376613298655,False
2319,0.830774222099454,99.80430528375734,0.26316176592404666,False
2320,0.830774222099454,99.79987454822427,0.26314251071276523,False
2321,0.7153220528038851,99.79539026298369,0.2630702886363006,False
2322,0.7153220528038851,99.79085205055924,0.2629497005188627,False
2323,0.7153220528038851,99.78625954198473,0.26278599122758534,False
2324,0.6807937753703206,99.01984732824427,0.19053819362182772,False
2325,0.6436394131461666,99.7557251908397,0.1902653971015736,False
2326,0.603652249754401,99.7557251908397,0.19001991657905198,False
2327,0.560576942614533,99.7557251908397,0.1898054611586168,False
2328,0.5140912790181235,99.7557251908397,0.18962523084882485,False
2329,0.4637773498877516,99.7557251908397,0.18948191600316605,False
2330,0.40907313904382653,99.7557251908397,0.1893776982527378,False
2331,0.3491843735073079,99.71701885515671,0.18882000204244137,False
2332,0.2829047929798921,98.95112423487436,0.03585959650941681,False
2333,0.208180945557171,99.68010827104672,0.032724510508498554,False
2334,0.12068101401352381,99.68010827104672,0.03004179391528549,False
2335,-0.0,99.68010827104672,0.026947580734060825,False
2336,-0.0,99.68010827104672,0.02414544637138304,False
2337,-0.0,99.68010827104672,0.021696309511547232,False
2338,-0.0,99.68010827104672,0.019674423774787068,False
2339,-0.0,99.68010827104672,0.018160147010116805,False
2340,-0.0,99.68010827104672,0.01722158116164126,False
2341,-0.0,99.68010827104672,0.016887502814576384,False
2342,-0.0,99.68010827104672,0.01703025535602816,False
2343,-0.0,99.68010827104672,0.01659582213040061,False
2344,-0.0,99.68010827104672,0.01637365286091612,False
2345,-0.0,99.68010827104672,0.016293166758114486,False
2346,-0.0,99.68010827104672,0.01628327666092975,False
2347,-0.0,99.68010827104672,0.016276923870061147,False
2348,-0.0,99.68010827104672,0.016212622546344636,False
2349,-0.0,99.68010827104672,0.01603344230059602,False
2350,-0.0,99.68010827104672,0.015683946740031398,False
2351,-0.0,99.68010827104672,0.015104964461027125,False
2352,-0.0,99.68010827104672,0.01422461220270066,False
2353,-0.0,99.68010827104672,0.012940216311042628,False
2354,-0.0,99.68010827104672,0.011071847484994898,False
2355,-0.0,99.68010827104672,0.010928361020173319,False
2356,-0.0,99.68010827104672,0.01067482589683953,False
2357,-0.0,99.68010827104672,0.010272243302629724,False
2358,-0.0,99.68010827104672,0.009669279907245814,False
2359,-0.0,99.68010827104672,0.00878888832630402,False
2360,-0.0,99.68010827104672,0.007492156595189712,False
2361,-0.0,99.68010827104672,0.005433526197978144,False
2362,-0.0,99.68010827104672,0.0,False
2363,-0.0,99.68010827104672,0.0,False
2364,-0.0,99.68010827104672,0.008839336897740649,False
2365,-0.0,99.68010827104672,0.009807429844495424,False
2366,-0.0,99.68010827104672,0.029483475678526588,False
2367,-0.0,99.68010827104672,0.04939356451142176,False
2368,-0.0,99.68010827104672,0.059616599018665936,False
2369,-0.0,99.68010827104672,0.08220901715527207,False
2370,0.12068101401352381,99.68010827104672,0.09032382403055407,False
2371,0.208180945557171,99.68010827104672,0.09807270172892096,False
2372,0.2829047929798921,99.68010827104672,0.23298684481900578,False
2373,0.3491843735073079,99.68010827104672,0.23631688261271272,False
2374,0.40907313904382653,99.68010827104672,0.23930067812434233,False
2375,0.4637773498877516,99.68010827104672,0.24196535070936456,False
2376,0.5140912790181235,99.68010827104672,0.2443355124484586,False
2377,0.560576942614533,99.68010827104672,0.25109366355555374,False
2378,0.603652249754401,99.68010827104672,0.25402454097260146,False
2379,0.6436394131461666,99.68010827104672,0.3303069337167851,False
2380,0.6807937753703206,99.68010827104672,0.33273486859555784,False
2381,0.7153220528038851,99.68010827104672,0.3348486474153595,False
2382,0.7473944462440387,99.68010827104672,0.33667361854083083,False
2383,0.7771529943226336,99.68010827104672,0.338233798260849,False
2384,0.804717519321077,99.64057755468798,0.33943702900990314,False
2385,0.8301899714180443,99.65978963138674,0.3405093358090774,False
2386,0.8536576732793313,99.55376783357426,0.34027547510566375,False
2387,0.875195788740725,99.49667616334283,0.3386895807734051,False
2388,0.8948692308065574,99.51849489795919,0.3376133646264141,False
2389,0.9127341558073343,99.40925289755033,0.33327336317951445,False
2390,0.9127341558073343,99.48603568657875,0.3314855188140508,False
2391,0.9127341558073343,99.47603085234485,0.3294943202721901,False
2392,0.9127341558073343,98.69495883099555,0.2529640866871775,False
2393,0.9127341558073343,99.43046831776613,0.2499505309492242,False
2394,0.9288391461883214,99.43046831776613,0.2471330499704073,False
2395,0.9288391461883214,99.43046831776613,0.24453331051357013,False
2396,0.9288391461883214,99.43046831776613,0.24216534331732953,False
2397,0.9288391461883214,99.31520314547838,0.2351589860574735,False
2398,0.9288391461883214,99.38974105228435,0.23201141534244996,False
2399,0.9288391461883214,98.60794985980537,0.09630921309334212,False
2400,0.9288391461883214,99.33696190004947,0.08769929945651092,False
2401,0.9288391461883214,99.33696190004947,0.0794860371632707,False
2402,0.9288391461883214,99.33696190004947,0.0715400086270045,False
2403,0.9288391461883214,99.33696190004947,0.06405018583387322,False
2404,0.9288391461883214,99.33696190004947,0.06610492768415338,False
2405,0.9288391461883214,99.33696190004947,0.06188782052121282,False
2406,0.9288391461883214,99.33696190004947,0.05884297224585339,False
2407,0.9288391461883214,99.33696190004947,0.057053514687137645,False
2408,0.9288391461883214,99.33696190004947,0.05680924065343533,False
2409,0.9288391461883214,99.33696190004947,0.20226503948887511,False
2410,0.9288391461883214,99.33696190004947,0.20397792291717548,False
2411,0.9288391461883214,99.33696190004947,0.20564045292489658,False
2412,0.9288391461883214,99.33696190004947,0.2072318099736865,False
2413,0.9288391461883214,99.33696190004947,0.20873174874926187,False
2414,0.9288391461883214,99.33696190004947,0.21012049836439334,False
2415,0.9288391461883214,99.33696190004947,0.21137599558871784,False
2416,0.9288391461883214,99.33696190004947,0.21248560947127096,False
2417,0.9288391461883214,99.33696190004947,0.21344250210147112,False
2418,0.9288391461883214,99.33696190004947,0.21425245278831634,False
2419,0.9288391461883214,99.33696190004947,0.28081288911530505,False
2420,0.9288391461883214,99.33696190004947,0.2807731344780342,False
2421,0.9288391461883214,99.33696190004947,0.28127774389502097,False
2422,0.9288391461883214,99.28220124950153,0.3175860187466328,False
2423,0.9288391461883214,99.29697700110475,0.31964492485611673,False
2424,0.9288391461883214,99.1675092686215,0.3179149300514281,False
2425,0.9288391461883214,99.24671711173696,0.31901933960019846,False
2426,0.9288391461883214,99.23481587757054,0.34903103883799047,False
2427,0.9288391461883214,99.22280683654871,0.34987577990721136,False
2428,0.9288391461883214,99.21069029979921,0.350897654534291,False
2429,0.9288391461883214,98.41791871494841,0.29400343061881495,False
2430,0.9288391461883214,99.14837637609915,0.29268440403532553,False
2431,1.0239228180015463,99.14837637609915,0.29266162726167455,False
2432,1.0850365744330073,99.14837637609915,0.2928416879402808,False
2433,1.132529774880598,99.14837637609915,0.2931778140900338,False
2434,1.1706718933538656,99.14837637609915,0.29257088322193875,False
2435,1.2014461200230289,99.14837637609915,0.29421967900450974,False
2436,1.2259790140555225,99.14837637609915,0.29560453140807275,False
2437,1.2449737775841294,99.14837637609915,0.2967471626932806,False
2438,1.2588874993443833,99.14837637609915,0.2976691063145885,False
2439,1.2680160454788014,98.41445683029842,0.23742553198420838,False
2440,1.272538115441929,99.20376653049921,0.23812652458228326,False
2441,1.2725381154419293,99.27152773005292,0.285532510049628,False
2442,1.2680160454788014,98.52931070029551,0.24462930329681076,False
2443,1.258887499344383,99.32650676929421,0.24202466189596838,False
2444,1.2189859772419214,99.19593155109615,0.24206996693268704,False
2445,1.1751172867945407,99.2921448697684,0.240343551135098,False
2446,1.1267251857192595,98.51856908793009,0.19501060516809318,False
2447,1.0730208202534555,99.26081649260817,0.19282325324725935,False
2448,1.0128030232541478,99.27248231727854,0.19017721925008987,False
2449,0.9440231356865454,99.28404148544664,0.18705008147396948,False
2450,0.8623538561746378,99.17363666778186,0.18756913858691834,False
2451,0.8916091590804429,99.24389427902308,0.2686507743432705,False
2452,0.8916091590804429,99.24389427902308,0.2682742681503099,False
2453,0.8916091590804429,99.24389427902308,0.26821036844962043,False
2454,0.8916091590804429,99.18032786885246,0.2751093945293251,False
2455,0.7771529943226336,99.28404148544664,0.27544294401670266,False
2456,0.7771529943226336,99.27248231727854,0.2762114800100469,False
2457,0.7771529943226336,99.26081649260817,0.27829609744771977,False
2458,0.7771529943226336,99.24904423812124,0.3549989426147138,False
2459,0.7771529943226336,99.23716583052712,0.35800889831173455,False
2460,0.7771529943226336,99.22518159806296,0.3610258660405919,False
2461,0.7771529943226336,98.43652715323418,0.3359940067669824,False
2462,0.7771529943226336,99.16291940505016,0.34165264080047825,False
2463,0.7771529943226336,99.16291940505016,0.34713013223552863,False
2464,0.7771529943226336,99.16291940505016,0.35241915567485954,False
2465,0.7771529943226336,99.16291940505016,0.35759367255776264,False
2466,0.7771529943226336,99.01810584958217,0.36184570971064195,False
2467,0.7771529943226336,99.09575213795037,0.36659327121936597,False
2468,0.7771529943226336,99.08276300007056,0.43447695892905347,False
2469,0.7771529943226336,99.06966834741851,0.4390893632597909,False
2470,0.7771529943226336,99.05646890636169,0.44267632653973876,False
2471,0.7771529943226336,98.26304503216583,0.4013364147957264,False
2472,0.7771529943226336,98.98498927805575,0.4133996255528755,False
2473,0.7771529943226336,98.98498927805575,0.4185424133061401,False
2474,0.7771529943226336,98.82014388489209,0.4196099888011101,False
2475,0.7771529943226336,98.90666859749476,0.42313309581971315,False
2476,0.7771529943226336,98.89237047292866,0.4263104901274169,False
2477,0.7771529943226336,98.87797007920211,0.4287140462891364,False
2478,0.7771529943226336,98.08228219419185,0.37204363175903754,False
2479,0.7771529943226336,98.79730126136697,0.3734149510576617,False
2480,0.7771529943226336,98.79730126136697,0.37502503960114875,False
2481,0.7771529943226336,98.61623616236163,0.3694121574251989,False
2482,0.7771529943226336,98.70776086149276,0.3695727594419521,False
2483,0.7771529943226336,98.69217547268515,0.36959961193143226,False
2484,0.7771529943226336,98.67649270567003,0.36949238840826826,False
2485,0.7771529943226336,98.66071428571429,0.36937257287303593,False
2486,0.7771529943226336,98.64484202512372,0.4339507971126444,False
2487,0.7771529943226336,98.62887782458829,0.4353493034096497,False
2488,0.7771529943226336,97.828418230563,0.3728839253862042,False
2489,0.7771529943226336,98.53695901953274,0.3726826790115026,False
2490,0.7771529943226336,98.53695901953274,0.37251814823692286,False
2491,0.7771529943226336,98.53695901953274,0.37237383489722437,False
2492,0.7473944462440387,98.32382860665845,0.36139492204540774,False
2493,0.7153220528038851,98.43386571561483,0.3570713529250441,False
2494,0.6807937753703206,98.41666016691366,0.35249243902047095,False
2495,0.6436394131461666,98.39937230286387,0.34772789993550235,False
2496,0.603652249754401,98.3820047355959,0.3428453244406472,False
2497,0.560576942614533,98.36456017783424,0.3377024934160243,False
2498,0.5140912790181235,98.3470414437435,0.3324749922921402,False
2499,0.4637773498877516,98.32945144968275,0.3276297656470453,False
2500,0.40907313904382653,98.31179321486267,0.3227678749773495,False
2501,0.3491843735073079,98.2940698619009,0.3179154715991869,False
2502,0.2829047929798921,98.27628461726984,0.31197209984860075,False
2503,0.208180945557171,98.2584408116323,0.3060955796610539,False
2504,0.208180945557171,98.24054188005948,0.30027969403401134,False
2505,0.2829047929798921,98.22259136212625,0.29431976898555834,False
2506,0.40238293904561173,97.41694352159469,0.17665183794784464,False
2507,0.46824757305098735,98.11461794019934,0.16294186776257139,False
2508,0.5277139815252946,98.11461794019934,0.1504002464964345,False
2509,0.6131379016405238,98.11461794019934,0.13654983661475342,False
2510,0.6857486151292824,98.11461794019934,0.12361322595689751,False
2511,0.7498765864518436,98.11461794019934,0.11169922876379167,False
2512,0.6917244835981394,98.11461794019934,0.1002822293050595,False
2513,0.6917244835981394,98.11461794019934,0.08975632003654638,False
2514,0.6917244835981394,98.11461794019934,0.08018239069070421,False
2515,0.6917244835981394,98.11461794019934,0.07163207575651935,False
2516,0.6917244835981394,98.11461794019934,0.0641850518349974,False
2517,0.7498765864518436,98.11461794019934,0.057622392781761726,False
2518,0.8028116417452926,98.11461794019934,0.05218250746702823,False
2519,0.8028116417452926,98.11461794019934,0.044909522594651974,False
2520,0.8028116417452926,98.11461794019934,0.03831592836390792,False
2521,0.8028116417452926,98.11461794019934,0.03251046625277326,False
2522,0.8028116417452926,98.11461794019934,0.02763161701265978,False
2523,0.8028116417452926,98.11461794019934,0.022827026602371712,False
2524,0.8028116417452926,98.11461794019934,0.018630022784081376,False
2525,0.8028116417452926,98.11461794019934,0.015079998921245655,False
2526,0.8028116417452926,98.11461794019934,0.012233835870566383,False
2527,0.8028116417452926,98.11461794019934,0.010153789040003858,False
2528,0.8028116417452926,98.11461794019934,0.008859303976773581,False
2529,0.8028116417452926,98.11461794019934,0.15807737215650083,False
2530,0.8028116417452926,98.11461794019934,0.16078090597847033,False
2531,0.8028116417452926,98.11461794019934,0.16405546403519358,False
2532,0.8028116417452926,98.11461794019934,0.16788614132830748,False
2533,0.8028116417452926,98.11461794019934,0.172249112810812,False
2534,0.8028116417452926,98.11461794019934,0.1771133830783501,False
2535,0.8028116417452926,98.11461794019934,0.1824425755420656,False
2536,0.8028116417452926,98.11461794019934,0.1881966166732088,False
2537,0.8028116417452926,98.11461794019934,0.19442187436351294,False
2538,0.8028116417452926,98.11461794019934,0.20099703256905335,False
2539,0.8028116417452926,98.11461794019934,0.200997867992499,False
2540,0.8028116417452926,98.11461794019934,0.2034001237731878,False
2541,0.8028116417452926,98.11461794019934,0.20558562716239784,False
2542,0.8600451249809193,98.11461794019934,0.25193364719068795,False
2543,0.9120433642792949,98.11461794019934,0.2526007924993784,False
2544,0.9595986573441049,98.11461794019934,0.2535289508625751,False
2545,1.0032709271829536,98.11461794019934,0.2547435743415125,False
2546,1.0434758622197662,98.11461794019934,0.2562629689210255,False
2547,1.0805333164475432,98.11461794019934,0.25809853911665337,False
2548,1.114696123966521,98.11461794019934,0.2602551384073524,False
2549,1.114696123966521,97.40863787375416,0.20744282215057483,False
2550,1.114696123966521,98.22259136212625,0.20914073229363156,False
2551,1.114696123966521,98.24054188005948,0.2104589373027558,False
2552,1.114696123966521,98.2584408116323,0.21030136075826006,False
2553,1.114696123966521,98.27628461726984,0.24380639530582213,False
2554,1.114696123966521,98.2940698619009,0.24462640454974838,False
2555,1.114696123966521,98.31179321486267,0.2547858342899904,False
2556,1.114696123966521,98.32945144968275,0.26210532754863886,False
2557,1.114696123966521,98.3470414437435,0.2815308288063517,False
2558,1.114696123966521,98.36456017783424,0.28209296387732447,False
2559,1.114696123966521,98.1422673864719,0.2836220484178317,False
2560,1.114696123966521,98.28516989520483,0.32611005542339455,False
2561,1.114696123966521,98.28516989520483,0.3247586701860868,False
2562,1.114696123966521,97.50591949486977,0.2903058879240777,False
2563,1.114696123966521,98.21890937622597,0.2897525456172471,False
2564,1.146168329937132,98.23726698385461,0.2889718914697652,False
2565,1.1267251857192597,98.25554349511552,0.2879394400086843,False
2566,1.0730208202534555,98.27373612823675,0.28663545243413324,False
2567,1.0429842335712594,98.29184220605133,0.2850447662616319,False
2568,0.9822408213425595,98.30985915492958,0.2831566706196465,False
2569,0.9129467467841514,98.23320217917676,0.2828713032802846,False
2570,0.9129467467841514,98.34810941880731,0.28016500058760657,False
2571,0.9129467467841514,98.35840268763839,0.27736059606407343,False
2572,0.9129467467841514,98.34205262348054,0.2752832275851938,False
2573,0.9440231356865455,97.61627906976744,0.2430660760450153,False
2574,0.9727642516015449,98.38319143950636,0.2386912322031081,False
2575,0.9992889743797904,98.5610385547822,0.22353642980372446,False
2576,1.0236982481827188,98.54627112634441,0.20983384412784378,False
2577,1.046078320219219,97.7071268171611,0.17633488534845743,False
2578,1.046078320219219,98.44384036559903,0.16788513943815223,False
2579,1.046078320219219,98.34484401047868,0.16532281236219548,False
2580,1.066503202885787,97.51131221719457,0.021568759177845103,False
2581,1.066503202885787,98.23767563705644,0.021645270421619584,False
2582,1.066503202885787,98.23767563705644,0.02190926843847351,False
2583,1.066503202885787,98.23767563705644,0.022334779752130912,False
2584,1.066503202885787,98.23767563705644,0.021963385197155075,False
2585,1.066503202885787,98.23767563705644,0.021588384691721686,False
2586,1.0850365744330073,98.23767563705644,0.021477349400671194,False
2587,1.1017332648846088,98.23767563705644,0.021816441596761948,False
2588,1.1166404295430465,98.23767563705644,0.020985043585185326,False
2589,1.129798482836793,98.23767563705644,0.020075307846210276,False
2590,1.1412418450836315,98.23767563705644,0.15636920631023135,False
2591,1.1412418450836315,98.23767563705644,0.15892635334036412,False
2592,1.1412418450836315,98.23767563705644,0.16214326731231046,False
2593,1.1412418450836315,98.23767563705644,0.16620089234579832,False
2594,1.150999540671385,98.23767563705644,0.17091281013335738,False
2595,1.1590956761386297,98.23767563705644,0.17624248531445025,False
2596,1.1655498193580116,98.23767563705644,0.18214171322948522,False
2597,1.170377295621679,98.23767563705644,0.18855410871548947,False
2598,1.170377295621679,98.23767563705644,0.19541821086272299,False
2599,1.170377295621679,98.23767563705644,0.2026700444585593,False
2600,1.170377295621679,98.23767563705644,0.21025756810164098,False
2601,1.173589412323443,98.23767563705644,0.21810600201082014,False
2602,1.175193620727556,98.23767563705644,0.2261548344307024,False
2603,1.1042875713905729,98.23767563705644,0.2337230040216266,False
2604,0.999806132804711,98.23767563705644,0.24367955365366412,False
2605,0.999806132804711,98.23767563705644,0.25247811642933765,False
2606,0.999806132804711,98.23767563705644,0.26024197093212476,False
2607,0.999806132804711,98.23767563705644,0.2670727999622959,False
2608,0.999806132804711,98.23767563705644,0.27319297303796547,False
2609,0.9982545693874831,98.23767563705644,0.27858534747120256,False
2610,0.9982545693874831,97.51925061522584,0.2546739848332679,False
2611,0.9982545693874831,98.34484401047868,0.263479848717536,False
2612,0.999806132804711,98.36504747271796,0.27394445412209695,False
2613,0.999806132804711,98.3850785954485,0.2824944030494102,False
2614,0.9982545693874831,98.40493654674584,0.28933444824603893,False
2615,0.995148095654003,98.42462059933749,0.2946242744964828,False
2616,0.9904799742690308,98.44413012729845,0.29849209907269764,False
2617,0.9842399889605549,98.46346460277715,0.3010434378792142,False
2618,0.976414308115487,98.48262359275576,0.30236698803482276,False
2619,0.9669852958320848,98.50160675584785,0.3025387107447088,False
2620,0.9559312637896478,98.52041383913672,0.30162474815514195,False
2621,0.9432261548473415,98.53904467505704,0.2988899149257935,False
2622,0.9288391461883214,98.55749917832232,0.29533612978844503,False
2623,0.9127341558073343,98.56490541422048,0.2915148413111112,False
2624,0.8948692308065574,98.61905275650017,0.28514525862395873,False
2625,0.8948692308065574,98.61905275650017,0.27902051580752507,False
2626,0.9127341558073343,98.61905275650017,0.27316774735238786,False
2627,0.9127341558073343,98.61905275650017,0.2676114727010114,False
2628,0.9127341558073343,98.61905275650017,0.26237332947026765,False
2629,0.9127341558073343,98.61905275650017,0.2574717931523107,False
2630,0.9127341558073343,97.91059805085051,0.23519655548747592,False
2631,0.9288391461883214,98.7053619592189,0.22405631590353367,False
2632,0.9432261548473415,98.75811862108344,0.2091352101139919,False
2633,0.9559312637896478,98.75811862108344,0.19454910659191837,False
2634,0.9669852958320848,98.75811862108344,0.18031220091348263,False
2635,0.976414308115487,98.75811862108344,0.16646450079498454,False
2636,0.9842399889605549,98.75811862108344,0.15302035391712168,False
2637,0.9904799742690308,98.75811862108344,0.13999621073260285,False
2638,0.995148095654003,98.75811862108344,0.12741120084926028,False
2639,0.9982545693874831,98.75811862108344,0.11505327392913209,False
2640,0.999806132804711,98.75811862108344,0.10331374546198423,False
2641,0.999806132804711,98.75811862108344,0.09561084410897967,False
2642,0.999806132804711,98.75811862108344,0.08916155662037001,False
2643,0.999806132804711,98.75811862108344,0.08406988499737235,False
2644,0.999806132804711,98.75811862108344,0.08048130703277644,False
2645,0.999806132804711,98.75811862108344,0.07849575519190206,False
2646,0.999806132804711,98.75811862108344,0.07813669316642581,False
2647,0.9982545693874831,98.75811862108344,0.07933603117429354,False
2648,0.995148095654003,98.75811862108344,0.08194417550512534,False
2649,0.9904799742690308,98.75811862108344,0.08576016884857503,False
2650,0.9842399889605549,98.75811862108344,0.09056688828095008,False
2651,0.976414308115487,98.75811862108344,0.0961582961570803,False
2652,0.976414308115487,98.75811862108344,0.1023542811632747,False
2653,0.976414308115487,98.75811862108344,0.10900521938103538,False
2654,0.976414308115487,98.75811862108344,0.11599949304632745,False
2655,0.9669852958320848,98.75811862108344,0.12321228463195516,False
2656,0.9559312637896478,98.75811862108344,0.1305851129012574,False
2657,0.9432261548473415,98.75811862108344,0.1380681743220583,False
2658,0.9288391461883214,98.75811862108344,0.14561875178381423,False
2659,0.9288391461883214,98.7125543927788,0.15337617628496028,False
2660,0.9288391461883214,98.70261651083568,0.16099779766982508,False
2661,0.9288391461883214,98.68896760763978,0.1680236528980843,False
2662,0.9127341558073343,98.67520423934643,0.17473946289541487,False
2663,0.8948692308065574,98.66132680683799,0.2802946324934745,False
2664,0.875195788740725,98.64733577460578,0.2891841658355634,False
2665,0.8536576732793313,98.63323167287925,0.29462871087031034,False
2666,0.8301899714180443,98.61901509977996,0.29478487404947806,False
2667,0.804717519321077,98.6046867234986,0.2950317286238147,False
2668,0.7771529943226336,98.59024728449272,0.29354666049944683,False
2669,0.7771529943226336,98.57569759770249,0.29484841918546634,False
2670,0.7771529943226336,98.5610385547822,0.29594983223396587,False
2671,0.7771529943226336,98.54627112634441,0.2939676369035422,False
2672,0.7771529943226336,98.5313963642137,0.29302728641285924,False
2673,0.7473944462440387,98.51641540368696,0.29522485706108864,False
2674,0.7153220528038851,98.50132946579647,0.29656726436138786,False
2675,0.6807937753703206,98.48613985957222,0.297109658916605,False
2676,0.6436394131461666,98.47084798429961,0.31910950683799233,False
2677,0.603652249754401,98.45545533176819,0.3230700054284867,False
2678,0.560576942614533,98.43996348850717,0.32138054252654735,False
2679,0.560576942614533,98.42437413800309,0.3284532375169057,False
2680,0.560576942614533,98.40868906289467,0.33405362582864234,False
2681,0.560576942614533,98.39291014713989,0.33068954437350073,False
2682,0.5140912790181235,98.37703937814983,0.33106594416472795,False
2683,0.4637773498877516,97.6082935432529,0.2523740399297425,False
2684,0.40907313904382653,98.22077922077922,0.24561299272431986,False
2685,0.3491843735073079,98.26124567474048,0.24172122449107586,False
2686,0.2829047929798921,98.39253305677988,0.24334744569095848,False
2687,0.2829047929798921,98.64748077089276,0.24406271337817353,False
2688,0.2829047929798921,98.54528187861521,0.24609934509997974,False
2689,0.2829047929798921,98.6892031735081,0.24407349222087413,False
2690,0.4023829390456117,98.6892031735081,0.24158583038067585,False
2691,0.48865925334338955,98.55553639185926,0.24221532846546104,False
2692,0.5621380056254565,98.62729862729863,0.24098403919256375,False
2693,0.6271502454482835,98.73037958172094,0.23532700250532823,False
2694,0.6857486151292824,98.71682578610843,0.22993259407537148,False
2695,0.7391385203526044,98.7031890962022,0.29449053218336013,False
2696,0.7881133310528374,97.93869391381608,0.26752862699248314,False
2697,0.7881133310528374,98.77857813968055,0.2595329382311804,False
2698,0.7881133310528374,98.62976894142933,0.2741533857985112,False
2699,0.8332341082038748,98.85278960340578,0.2649504757609848,False
2700,0.8332341082038748,98.84025270758123,0.3438242614069579,False
2701,0.8332341082038748,98.57415311960767,0.4138553368404663,False
2702,0.8332341082038748,98.73891985744311,0.41130754695235455,False
2703,0.8332341082038748,98.73115115851417,0.412257899136796,False
2704,0.8332341082038748,98.72340425531915,0.41299096975538474,False
2705,0.8332341082038748,98.71568171242438,0.41101691258186346,False
2706,0.8332341082038748,98.70798614361951,0.40936442532180445,False
2707,0.8332341082038748,98.70032021096252,0.40825883612984293,False
2708,0.8332341082038748,98.6926866237211,0.4118788219500998,False
2709,0.8332341082038748,98.6850881372082,0.41086809375317007,False
2710,0.8332341082038748,98.67752755150934,0.41590579768291663,False
2711,0.8332341082038748,98.67000771010024,0.4155579212468791,False
2712,0.8332341082038748,98.6625314983524,0.4154086793820097,False
2713,0.8332341082038748,98.65510184192574,0.41538182031207865,False
2714,0.8332341082038748,98.64772170504655,0.41555109792396666,False
2715,0.8332341082038748,97.79029887310142,0.36984220106969623,False
2716,0.8332341082038748,98.53503184713375,0.3694798386129387,False
2717,0.8332341082038748,98.53503184713375,0.36903247664410654,False
2718,0.8332341082038748,98.20197044334975,0.3568462813011053,False
2719,0.8332341082038748,98.41521394611728,0.3541887543628453,False
2720,0.8332341082038748,97.56339144215531,0.2671204530161476,False
2721,0.8332341082038748,97.53367670364501,0.13436174505804707,False
2722,0.8332341082038748,98.4102614896989,0.13166300136875797,False
2723,0.8332341082038748,98.26865377994196,0.20590054248105638,False
2724,0.8332341082038748,98.27357237715803,0.20120819666061887,False
2725,0.8332341082038748,98.42364532019704,0.20344869752492992,False
2726,0.8332341082038748,98.41645700754773,0.21001609728547085,False
2727,0.8332341082038748,98.40940525587828,0.2156448154992861,False
2728,0.8332341082038748,98.20465898412384,0.21247990154519605,False
2729,0.8332341082038748,98.49970291146762,0.2426699387424278,False
2730,0.8332341082038748,98.15275841465844,0.257190006721169,False
2731,0.8332341082038748,98.37789125863623,0.2622935587319466,False
2732,0.8332341082038748,98.36907278767744,0.266194274732725,False
2733,0.8332341082038748,98.36032388663968,0.27022556390605684,False
2734,0.8332341082038748,98.35164835164835,0.2741905506440631,False
2735,0.8332341082038748,98.34305001534213,0.27809243130782546,False
2736,0.8332341082038748,98.33453274390871,0.28211879557968716,False
2737,0.8332341082038748,98.32610043397396,0.28480599682358554,False
2738,0.8332341082038748,98.3177570093458,0.2857770269999548,False
2739,0.8332341082038748,98.30950641761453,0.32962265652688,False
2740,0.7619882811604883,98.30135262661214,0.44055019245722626,False
2741,0.677903479475398,98.29329962073325,0.46273834979758816,False
2742,0.560576942614533,98.28535139712109,0.48265095496458404,False
2743,0.560576942614533,97.54385964912281,0.4714417037440178,False
2744,0.560576942614533,98.39260920645093,0.4877188299410965,False
2745,0.560576942614533,98.09889992523763,0.5663634711594449,False
2746,0.560576942614533,98.50475275018691,0.5708760375984994,False
2747,0.560576942614533,98.49817635700494,0.5747304867097871,False
2748,0.560576942614533,98.49170437405732,0.5779803482497602,False
2749,0.560576942614533,97.74423888347938,0.6236233147771955,False
2750,0.560576942614533,97.75505788164016,0.631741011772542,False
2751,0.5140912790181235,98.49170437405732,0.6317846021962864,False
2752,0.4637773498877516,98.49817635700494,0.6319205722909108,False
2753,0.40907313904382653,98.50475275018691,0.6651184594546902,False
2754,0.3491843735073079,98.51143009037746,0.6721574454086449,False
2755,0.2829047929798921,98.5182049110923,0.7249400535910516,False
2756,0.208180945557171,98.52507374631269,0.7298314034087953,False
2757,0.12068101401352381,98.13000421407502,0.7434130344563523,False
2758,0.12068101401352381,98.41445427728614,0.7448744153696215,False
2759,0.12068101401352381,97.57261193247352,0.7279107481899048,False
2760,-0.0,96.96969696969697,0.7298091734293307,False
2761,-0.0,97.60406836531403,0.7168218514894374,False
2762,-0.0,97.59797724399495,0.7351430888776018,False
2763,-0.0,97.59208298052498,0.7237064936333626,False
2764,-0.0,97.58639021796917,0.7125008649149244,False
2765,-0.0,96.83862010039518,0.6572886823489568,False
2766,-0.0,97.68290066509333,0.6645524970394581,False
2767,-0.0,97.68290066509333,0.672117409542837,False
2768,-0.0,97.68290066509333,0.6689351787814177,False
2769,-0.0,96.84930043789383,0.6584432056429397,False
2770,-0.0,97.30462519936204,0.6434324516704814,False
2771,-0.0,97.69792548687553,0.6775649394166982,False
2772,-0.0,97.69792548687553,0.6760191999630374,False
2773,-0.0,96.94644369178663,0.6416386113426185,False
2774,-0.0,97.39500265816055,0.6324294164586876,False
2775,-0.0,96.61303979678239,0.5691737797206414,False
2776,-0.0,97.36093552465233,0.5608292091757818,False
2777,-0.0,97.10076543986578,0.5414504252026788,False
2778,-0.0,97.47469477199206,0.5394223079114105,False
2779,0.12068101401352381,97.47469477199206,0.5385239878031768,False
2780,0.208180945557171,96.34056831288665,0.45053144761233277,False
2781,0.2829047929798921,97.46101980615255,0.4508785433328034,False
2782,0.3491843735073079,96.6341616860648,0.4001716883090822,False
2783,0.40907313904382653,97.38599603464468,0.4028236393931381,False
2784,0.4637773498877516,97.398753894081,0.4064392954715333,False
2785,0.5140912790181235,97.0404984423676,0.39664645128034887,False
2786,0.560576942614533,96.80707228289131,0.38204392707236956,False
2787,0.603652249754401,96.75554629726071,0.3671960292292582,False
2788,0.6436394131461666,97.090112640801,0.37213908172822746,False
2789,0.6807937753703206,96.20880267000418,0.2994489965549458,False
2790,0.7153220528038851,96.97538589904046,0.3047084572656696,False
2791,0.7473944462440387,96.229662077597,0.2226505712502767,False
2792,0.7771529943226336,97.07968293700459,0.23229357513615143,False
2793,0.804717519321077,97.09987029831387,0.24041694239402014,False
2794,0.8301899714180443,97.12014863748968,0.24838004369801356,False
2795,0.8536576732793313,97.1405102931362,0.2559627958698488,False
2796,0.875195788740725,97.1609477124183,0.2625784723384781,False
2797,0.8948692308065574,97.18145345589356,0.2676409305601515,False
2798,0.9127341558073343,97.20202020202021,0.27099706946086066,False
2799,0.9288391461883214,97.22264075134348,0.27298333076041803,False
2800,0.9432261548473415,97.24330803036356,0.2733164058239042,False
2801,0.9559312637896478,97.26401509508914,0.27249512329643977,False
2802,0.9669852958320848,97.2847551342812,0.2694042657621024,False
2803,0.976414308115487,97.30552147239264,0.26452908864326163,False
2804,1.0844863484244938,97.32630757220922,0.25892494449745407,False
2805,1.1590956761386297,97.172510791018,0.2584177394279456,False
2806,1.2206340886225493,97.44022367913614,0.24635829000692877,False
2807,1.2734192269994744,97.44022367913614,0.2337514847187807,False
2808,1.3194892909924263,97.44022367913614,0.221208223906722,False
2809,1.360034097940745,97.44022367913614,0.20772704450812673,False
2810,1.3958301562928708,97.44022367913614,0.19313373524650562,False
2811,1.4274202463828694,97.44022367913614,0.18061876274474553,False
2812,1.4292062682172793,97.44022367913614,0.1670611881094861,False
2813,1.429206268217279,97.44022367913614,0.15484364895288702,False
2814,1.4274202463828694,97.44022367913614,0.14173065442827756,False
2815,1.4238430936939133,97.44022367913614,0.12740874354131648,False
2816,1.4184645038322823,97.44022367913614,0.11285247590244804,False
2817,1.411268792775777,97.44022367913614,0.09886493669793824,False
2818,1.402234618245608,97.44022367913614,0.0856869636917742,False
2819,1.391334586143604,97.44022367913614,0.07183878367675099,False
2820,1.378534725137646,97.44022367913614,0.061257650921505535,False
2821,1.3969387860636409,97.44022367913614,0.05091391956344402,False
2822,1.4113949465359856,97.44022367913614,0.04433098894898095,False
2823,1.4220900521936763,97.44022367913614,0.03828320414369412,False
2824,1.4291529843613586,97.44022367913614,0.032755835293198525,False
2825,1.4326648482653093,97.44022367913614,0.027733417135506935,False
2826,1.4326648482653093,97.44022367913614,0.023199659119663485,False
2827,1.4291529843613586,97.44022367913614,0.06388082972485933,False
2828,1.4220900521936763,97.44022367913614,0.06674697669428506,False
2829,1.4113949465359856,97.44022367913614,0.07107690487161206,False
2830,1.3969387860636409,97.44022367913614,0.07669539086332233,False
2831,1.378534725137646,97.44022367913614,0.08339633785269643,False
2832,1.3559212235520337,97.44022367913614,0.09097871432860828,False
2833,1.3287344279695676,97.44022367913614,0.09926470158908487,False
2834,1.296460736137167,97.44022367913614,0.10810472083574534,False
2835,1.296460736137167,97.44022367913614,0.11737562014713793,False
2836,1.296460736137167,97.44022367913614,0.12698302833626202,False
2837,1.296460736137167,97.44022367913614,0.13683172053194834,False
2838,1.2583494426149708,97.44022367913614,0.26160586882525183,False
2839,1.2132336634320215,97.44022367913614,0.3385970802794158,False
2840,1.2667356005770385,97.44022367913614,0.3402919640486618,False
2841,1.3135448704851065,97.44022367913614,0.3492283854634614,False
2842,1.3548527368476762,97.44022367913614,0.34923254262452563,False
2843,1.3914372992027793,97.44022367913614,0.3570871439397891,False
2844,1.3914372992027793,97.44022367913614,0.438486755919095,False
2845,1.3914372992027793,97.44022367913614,0.4453384649610768,False
2846,1.3914372992027793,97.44022367913614,0.45134925003258985,False
2847,1.3914372992027793,97.16766089529075,0.45250887256134575,False
2848,1.3914372992027793,97.33118657298985,0.4565512655659642,False
2849,1.3914372992027793,97.31042944785275,0.5112078825544142,False
2850,1.3958301562928708,97.28969194312796,0.5171030743337869,False
2851,1.3984610270106808,97.26898058493471,0.5811142529387017,False
2852,1.3993371806574677,97.24830203755494,0.5851880864999176,False
2853,1.3984610270106808,97.22766310079855,0.5875613494359578,False
2854,1.3958301562928708,97.20707070707071,0.5885112703781625,False
2855,1.3914372992027793,97.18653191813519,0.5943349824927731,False
2856,1.3852702053381705,97.16605392156863,0.5989839651980791,False
2857,1.3773114348674147,97.14564402690077,0.5978224516197553,False
2858,1.3675380544221296,96.36663914120561,0.6221592973975921,False
2859,1.3559212235520337,96.36663914120561,0.6376452164192583,False
2860,1.3424256522693587,97.1405102931362,0.6371881203164308,False
2861,1.3270089026073437,96.9311683006536,0.632614995305873,False
2862,1.30962049684272,97.25763038951806,0.6327675873975582,False
2863,1.2902007807553537,96.92606209150327,0.628437535101603,False
2864,1.2686794699537274,96.10396241830065,0.5746278998305867,False
2865,1.2686794699537274,96.84946895424837,0.5693344151732792,False
2866,1.2686794699537274,96.84946895424837,0.5666620625388712,False
2867,1.2686794699537274,96.84946895424837,0.5625679500094665,False
2868,1.2686794699537274,96.84946895424837,0.595027225242425,False
2869,1.2686794699537274,96.08353758169935,0.5489233730308417,False
2870,1.30738316633364,96.70058587727412,0.5433402049004645,False
2871,1.3425003133763334,95.85375816993464,0.4736781100138413,False
2872,1.374344879613302,96.64671266233766,0.46761532502665154,False
2873,1.3819829643540342,96.67372240701542,0.4631087255023383,False
2874,1.3857772327036844,96.70071092420146,0.46000192673578805,False
2875,1.3857772327036844,96.49544407730049,0.4502850043200764,False
2876,1.3819829643540342,96.4904375688395,0.441510863703002,False
2877,1.3525074295964727,96.70071092420146,0.44016978373423415,False
2878,1.3200235763720087,95.58038860364442,0.3381526915586065,False
2879,1.30738316633364,95.63575958924797,0.22052256401270828,False
2880,1.2686794699537274,96.61983099154958,0.21923251605802294,False
2881,1.2259790140555225,96.61983099154958,0.2247348468577074,False
2882,1.2259790140555225,96.61983099154958,0.22570780821059483,False
2883,1.2259790140555225,96.61983099154958,0.22723531298781746,False
2884,1.2259790140555225,96.61983099154958,0.22918691909034933,False
2885,1.2259790140555225,96.61983099154958,0.23143059424995843,False
2886,1.2259790140555225,96.38578475787779,0.2290406436389777,False
2887,1.2259790140555225,96.52394223460857,0.23195287973294593,False
2888,1.2259790140555225,95.64225994426147,0.11678489378836901,False
2889,1.2481068205144499,96.40233088421586,0.1234054720040849,False
2890,1.2681489963097885,96.40233088421586,0.18387095018581487,False
2891,1.2861766890619075,96.40233088421586,0.19991349050907573,False
2892,1.3022504881911108,96.40233088421586,0.24812169080560917,False
2893,1.316421886822755,96.40233088421586,0.2663395999524602,False
2894,1.316421886822755,96.40233088421586,0.28340893479566803,False
2895,1.3287344279695676,96.40233088421586,0.2992267796462666,False
2896,1.3287344279695676,96.40233088421586,0.31409780992830183,False
2897,1.3287344279695676,96.40233088421586,0.3285629265235648,False
2898,1.3287344279695676,96.40233088421586,0.3422887734987357,False
2899,1.3392246071829446,96.40233088421586,0.3570869605260009,False
2900,1.3392246071829446,96.40233088421586,0.37126546676635747,False
2901,1.3287344279695676,96.15933897786392,0.38117902963277006,False
2902,1.3287344279695676,96.29344422198265,0.39345175697770746,False
2903,1.3287344279695676,96.26950501188385,0.4049761704398926,False
2904,1.3287344279695676,96.24564505225938,0.4455819713649183,False
2905,1.2852748466470731,96.22187336473051,0.461771437810699,False
2906,1.2852748466470731,96.19819914696436,0.4775150826424847,False
2907,1.2852748466470731,96.17463176857052,0.4927647718320592,False
2908,1.2852748466470731,96.15118076656539,0.5076059815661808,False
2909,1.2482389571842902,96.12785584039472,0.521282547182674,False
2910,1.2041517951932372,95.74123989218329,0.5451438863150831,False
2911,1.2132336634320215,95.96879063719116,0.6644700718834057,False
2912,1.2206340886225493,95.65051507058375,0.6829716942646608,False
2913,1.2263714330738393,95.84429824561404,0.7063297792714687,False
2914,1.2304597034223903,95.82023711055969,0.7258482067221149,False
2915,1.2329087607099036,95.7963620230701,0.742080144828108,False
2916,1.2337244651110395,95.7726841782388,0.7554745819399081,False
2917,1.2329087607099036,95.74921489457155,0.7661877351418347,False
2918,1.2304597034223903,95.7259656047364,0.7746754451658524,False
2919,1.2263714330738393,95.70294784580499,0.7803883358352584,False
2920,1.2206340886225493,95.68017324898842,0.7843024004260161,False
2921,1.2132336634320215,95.6576535288726,0.7870488248524486,False
2922,1.2041517951932372,95.63540047215984,0.7884993869996154,False
2923,1.1933654824135869,95.61342592592592,0.7891090346867975,False
2924,1.180846716107336,95.19186046511628,0.772342659437389,False
2925,1.1665620111568704,95.43277654479617,0.767177114436425,False
2926,1.15047181636257,95.39481403261762,0.7608879440928501,False
2927,1.132529774880598,95.35705868489276,0.7536017091078742,False
2928,1.1126817966979572,95.31952662721893,0.7454414860386426,False
2929,1.090864890696142,95.28223410576352,0.7365279892779084,False
2930,1.0670056836533544,94.87194794340637,0.7071801954216408,False
2931,1.0670056836533544,94.03020715181184,0.5923644359724701,False
2932,1.0670056836533544,94.72867291504984,0.5658593466612203,False
2933,1.0670056836533544,94.72867291504984,0.5309942886667374,False
2934,1.0670056836533544,94.72867291504984,0.49815784147366693,False
2935,1.0670056836533544,94.72867291504984,0.46779535169269665,False
2936,1.0670056836533544,94.72867291504984,0.43976565546991153,False
2937,1.0670056836533544,94.72867291504984,0.4141707413534633,False
2938,1.041018523939755,94.72867291504984,0.4388492430018505,False
2939,1.0128030232541478,94.72867291504984,0.4168241927055667,False
2940,1.0128030232541478,94.72867291504984,0.3968581672285354,False
2941,0.9822408213425595,94.72867291504984,0.3782432851718506,False
2942,0.9491912500871044,94.72867291504984,0.361795437048701,False
2943,0.9134853951751388,94.72867291504984,0.3466550886007706,False
2944,0.8749177494187964,94.72867291504984,0.33328433142837355,False
2945,0.8332341082038747,94.72867291504984,0.3735792515926749,False
2946,0.7881133310528374,94.72867291504984,0.3658617466749431,False
2947,0.7391385203526044,94.72867291504984,0.3591003042352985,False
2948,0.6857486151292824,94.72867291504984,0.3533508266781882,False
2949,0.6271502454482835,94.72867291504984,0.3486677502450612,False
2950,0.6271502454482835,94.72867291504984,0.3451013799317242,False
2951,0.6271502454482835,94.72867291504984,0.34269513467558455,False
2952,0.6271502454482835,94.3204989804486,0.31889126660589184,False
2953,0.6271502454482835,94.57196216639556,0.3143133627752412,False
2954,0.6271502454482835,94.54193392230425,0.3106703680202656,False
2955,0.5621380056254565,94.5123062898815,0.3075921764233712,False
2956,0.5621380056254565,94.48309532527767,0.30496758548935543,False
2957,0.5621380056254565,94.45431705374104,0.2995076418575245,False
2958,0.5621380056254565,93.76768795373447,0.2163515870819642,False
2959,0.5621380056254565,94.5587054536471,0.21644303247584948,False
2960,0.5621380056254565,94.5587054536471,0.2169428314762487,False
2961,0.48865925334338955,94.5587054536471,0.21758433494616347,False
2962,0.40238293904561173,94.5587054536471,0.21798931215768638,False
2963,0.40238293904561173,94.5587054536471,0.21922938790118612,False
2964,0.40238293904561173,94.5587054536471,0.22240083598341084,False
2965,0.40238293904561173,93.76153562200074,0.12126912473100189,False
2966,0.2829047929798921,94.460444880201,0.12402600226250239,False
2967,0.3280668831792932,94.48919809593555,0.1277957410883155,False
2968,0.32806688317929317,94.51838347006989,0.13190670837502338,False
2969,0.2829047929798921,94.54798499334382,0.1347068849600131,False
2970,0.3491843735073079,94.57798662570035,0.1371478400713073,False
2971,0.40907313904382653,94.60837231618088,0.14714147520635046,False
2972,0.4637773498877516,94.63912602232702,0.15453672572520055,False
2973,0.5140912790181235,94.67023172905526,0.15968707379281555,False
2974,0.560576942614533,94.70167346697416,0.16255782080836276,False
2975,0.603652249754401,94.7334353301165,0.1630381008198831,False
2976,0.6436394131461666,94.32619943555973,0.1607367947241854,False
2977,0.6807937753703206,94.61936090225564,0.16326183124921337,False
2978,0.7153220528038851,94.61330829714822,0.16539605792686765,False
2979,0.7153220528038851,94.60790059781972,0.16721880406581974,False
2980,0.7153220528038851,94.60313743853898,0.16606617756898837,False
2981,0.7153220528038851,94.59901800327333,0.17190145356355915,False
2982,0.7153220528038851,94.59554102953193,0.17697940893478079,False
2983,0.7473944462440387,94.38876587810279,0.18056118605552285,False
2984,0.7473944462440387,94.68357375523499,0.18144603495680178,False
2985,0.7473944462440387,94.68357375523499,0.18224404318101092,False
2986,0.7473944462440387,94.68357375523499,0.1830581498900364,False
2987,0.7473944462440387,94.68357375523499,0.18328995494139536,False
2988,0.7473944462440387,94.68357375523499,0.18346842645261777,False
2989,0.7473944462440387,94.68357375523499,0.18442304308581833,False
2990,0.8623538561746379,94.68357375523499,0.1851581903569013,False
2991,0.8623538561746379,94.32294090274546,0.17915191998004154,False
2992,0.8623538561746379,94.7940902745463,0.17355885401892354,False
2993,0.8623538561746379,94.79215048769159,0.1681167815994404,False
2994,0.8623538561746379,94.7908216479314,0.1744048894138284,False
2995,0.9440231356865455,94.79010061292934,0.17339514785579346,False
2996,1.0128030232541478,94.78998384491115,0.17225300376881453,False
2997,1.0730208202534555,94.79046741883491,0.20825003955024116,False
2998,1.1006987578744163,94.79154703112438,0.2113581044486177,False
2999,1.1006987578744163,94.79321800893572,0.21461935194888,False
3000,1.1006987578744163,94.62979890310785,0.22406935217890828,False
3001,1.1006987578744163,94.87807657247038,0.22546546020762337,False
3002,1.1006987578744163,94.87807657247038,0.22466254943268818,False
3003,1.1006987578744163,94.87807657247038,0.24736571946192384,False
3004,1.1006987578744163,94.87807657247038,0.25145972515712045,False
3005,1.1006987578744163,94.87807657247038,0.25540638782709607,False
3006,1.1538530565800798,94.87807657247038,0.25919278293064196,False
3007,1.201681991620676,94.87807657247038,0.2632898269081532,False
3008,1.201681991620676,94.87807657247038,0.2673629978556479,False
3009,1.201681991620676,94.87807657247038,0.2663966716200585,False
3010,1.201681991620676,94.87807657247038,0.27441362168961997,False
3011,1.201681991620676,94.87807657247038,0.2813564880461998,False
3012,1.201681991620676,94.87807657247038,0.28777430682285043,False
3013,1.201681991620676,94.87807657247038,0.29370850225418366,False
3014,1.201681991620676,94.48495897903373,0.29257636417701355,False
3015,1.201681991620676,94.96353691886965,0.29551791101290825,False
3016,1.201681991620676,94.93142857142857,0.29912225050003144,False
3017,1.201681991620676,94.24641833810888,0.2782695726531581,False
3018,1.201681991620676,95.00057464659234,0.27869731587970775,False
3019,1.201681991620676,94.56958970233306,0.27873381518131185,False
3020,1.201681991620676,95.07527870359729,0.275177396382645,False
3021,1.2449737775841294,95.04494123069831,0.2733022658224877,False
3022,1.2842839696213428,95.01501848428836,0.2732017824067395,False
3023,1.3200235763720087,94.3254198031268,0.25193974976780187,False
3024,1.3525074295964727,95.09576320371445,0.24684946600164429,False
3025,1.3819829643540342,95.10036443570313,0.241204538152418,False
3026,1.408648411160687,95.10549982704947,0.23549229512768638,False
3027,1.4326648482653093,95.11116217613603,0.22966526153667235,False
3028,1.4326648482653093,95.11734401831711,0.22316202387138767,False
3029,1.4291529843613586,94.9757627601939,0.24015912106833728,False
3030,1.4291529843613586,95.19940915805022,0.23118246260999822,False
3031,1.4291529843613586,95.19940915805022,0.22225513456769086,False
3032,1.4220900521936763,95.19940915805022,0.21297687292171238,False
3033,1.4113949465359856,95.19940915805022,0.2035212171044728,False
3034,1.3969387860636409,95.19940915805022,0.19403123222560045,False
3035,1.3785347251376459,95.19940915805022,0.18493425865823873,False
3036,1.3559212235520337,95.19940915805022,0.23131567366419495,False
3037,1.3287344279695676,95.19940915805022,0.22520084157968315,False
3038,1.2964607361371667,95.19940915805022,0.24712490057238956,False
3039,1.2583494426149708,95.19940915805022,0.24297621506676245,False
3040,1.2667356005770385,95.19940915805022,0.29671012134877306,False
3041,1.2734192269994744,95.19940915805022,0.33964345324923334,False
3042,1.278417365535648,95.19940915805022,0.375563386325132,False
3043,1.2817425764699486,95.19940915805022,0.37344708242322766,False
3044,1.2817425764699486,95.19940915805022,0.39948023657651294,False
3045,1.3262610770456722,95.19940915805022,0.4247973305988576,False
3046,1.3652016755898781,95.19940915805022,0.4491925631811373,False
3047,1.3993371806574677,95.19940915805022,0.4727791126935196,False
3048,1.429206268217279,95.19940915805022,0.4732488300719166,False
3049,1.4552013979602212,94.69946596977616,0.4930258586149811,False
3050,1.4524690941546654,95.26190205658447,0.5171811911040963,False
3051,1.4552013979602212,95.23619806488333,0.538781793399948,False
3052,1.4552013979602212,95.21094640820981,0.5581048160287175,False
3053,1.4552013979602212,95.18615806304248,0.5580166690551275,False
3054,1.4552013979602212,95.16184376072286,0.5813296882729011,False
3055,1.4552013979602212,95.13801397319895,0.6510694514147665,False
3056,1.4561112661478437,94.4954128440367,0.6932336947105118,False
3057,1.4552013979602212,95.20091848450058,0.7437122721877085,False
3058,1.4524690941546654,94.63834672789896,0.7787936013794615,False
3059,1.4238430936939133,95.22388059701493,0.7842799656926647,False
3060,1.4238430936939133,95.93150212619238,0.8070181258575145,False
3061,1.4238430936939133,95.93150212619238,0.7994328444339704,False
3062,1.4238430936939133,95.93150212619238,0.8235793686427991,False
3063,1.4238430936939133,95.22388059701493,0.8592532840168349,False
3064,1.4238430936939133,95.87155963302752,0.8499297752122831,False
3065,1.4238430936939133,95.89966785018898,0.8716775979001362,False
3066,1.4238430936939133,95.92817110831523,0.9329547616858717,False
3067,1.418464503832282,95.95705801735953,0.9837709650871568,False
3068,1.4112687927757768,95.44469783352338,1.0283097971201718,False
3069,1.4112687927757768,96.06146841206602,1.0665357625818512,False
3070,1.4112687927757768,96.06146841206602,1.0988382792681668,False
3071,1.4112687927757768,96.06146841206602,1.1273863177523402,False
3072,1.418464503832282,96.06146841206602,1.1525910749298158,False
3073,1.4238430936939133,95.40694365395561,1.1831353435373204,False
3074,1.4274202463828694,96.16960728514513,1.1978071744222647,False
3075,1.4292062682172793,96.78445631178275,1.1846249520456624,False
3076,1.429206268217279,96.78445631178275,1.1714554348090735,False
3077,1.4274202463828694,96.78445631178275,1.158389115349638,False
3078,1.4238430936939133,96.78445631178275,1.1455133198831016,False
3079,1.4184645038322823,96.10839677309397,1.1548080268101866,False
3080,1.411268792775777,96.8923985910692,1.1367537159508039,False
3081,1.402234618245608,96.37105919709684,1.1389004873963662,False
3082,1.402234618245608,96.97827071072884,1.1174833544689105,False
3083,1.402234618245608,96.97827071072884,1.097148098494624,False
3084,1.402234618245608,96.27659574468085,1.0995896854067466,False
3085,1.411268792775777,97.06880941602535,1.076250322543327,False
3086,1.4184645038322823,97.67363071710898,0.9569976350462289,False
3087,1.4238430936939133,97.6985686219478,0.9310408038466219,False
3088,1.4274202463828694,97.57839526838522,0.9127495636542098,False
3089,1.429206268217279,97.79823637069491,0.8540164252836537,False
3090,1.4292062682172793,97.79823637069491,0.7977397387807902,False
3091,1.3984610270106808,97.79823637069491,0.7424354669803144,False
3092,1.3634806730596907,97.79823637069491,0.687929512947754,False
3093,1.360034097940745,97.79823637069491,0.6344716462321185,False
3094,1.3548527368476762,97.79823637069491,0.5843486732804585,False
3095,1.347922583568817,97.79823637069491,0.5356878824836753,False
3096,1.3773114348674147,97.79823637069491,0.4886776008739197,False
3097,1.402234618245608,97.79823637069491,0.4433607083174965,False
3098,1.4230670603378361,97.79823637069491,0.39972671436733037,False
3099,1.4400831784759722,97.79823637069491,0.3597404778224954,False
3100,1.4534849141043307,97.79823637069491,0.3215418384423512,False
3101,1.4634190046135478,97.79823637069491,0.2852614979202018,False
3102,1.469987889434457,97.79823637069491,0.2510636670773262,False
3103,1.473256553252489,97.79823637069491,0.22433440955772418,False
3104,1.473256553252489,97.79823637069491,0.19963369173222575,False
3105,1.473256553252489,97.79823637069491,0.17890937289968467,False
3106,1.473256553252489,97.79823637069491,0.16053998830029256,False
3107,1.473256553252489,97.79823637069491,0.14512976184746254,False
3108,1.473256553252489,97.79823637069491,0.1333705974156312,False
3109,1.473256553252489,97.79823637069491,0.1259123021692867,False
3110,1.473256553252489,97.79823637069491,0.12525337269922412,False
3111,1.4699878894344567,97.79823637069491,0.12851709667311892,False
3112,1.485283726758245,97.79823637069491,0.13608741259481352,False
3113,1.4984244813325356,97.79823637069491,0.14579682497208907,False
3114,1.5094621252684286,97.79823637069491,0.1570049184451244,False
3115,1.5184387137728148,97.79823637069491,0.16952684249761088,False
3116,1.5253874232579383,97.79823637069491,0.18235100053518982,False
3117,1.530333327439556,97.79823637069491,0.1952297353926923,False
3118,1.5332939593741384,97.79823637069491,0.30958646039314835,False
3119,1.534279692145678,97.79823637069491,0.42632436465244694,False
3120,1.5332939593741384,97.79823637069491,0.6197479630580833,False
3121,1.530333327439556,97.79823637069491,0.6818636595776372,False
3122,1.5253874232579383,97.79823637069491,0.734356550343881,False
3123,1.5184387137728148,97.58397500278987,0.7778751435936548,False
3124,1.5094621252684286,97.69295537468426,0.8165482157034442,False
3125,1.4984244813325356,97.66798418972331,0.8499934839776437,False
3126,1.485283726758245,97.6429829045266,0.9295004590604691,False
3127,1.4699878894344567,97.6179595567234,0.9470209176036191,False
3128,1.4524737111892643,97.59292238754524,0.9615481736229312,False
3129,1.4326648482653093,97.56787983824378,0.973395046909188,False
3130,1.410469497157276,97.54284054603544,0.982838583179279,False
3131,1.3857772327036844,97.51781333956313,0.9901290377920381,False
3132,1.3584547364298434,97.49280723386765,0.9954965854466413,False
3133,1.3324661355215683,97.46783142486129,0.9991564460236231,False
3134,1.3038818925522597,97.44289528329872,1.0014577807074705,False
3135,1.272538115441929,97.4180083482409,1.002491928378008,False
3136,1.2382339767869435,97.39318032000959,1.0024424954200437,False
3137,1.200719639829801,97.36842105263158,1.0014830504429646,False
3138,1.1596780472087271,96.5915933999759,0.9848500665861946,False
3139,1.114696123966521,96.3151207115629,0.9404379547390624,False
3140,1.0652163930664527,95.56483330307981,0.8259793496641137,False
3141,1.01044884930661,96.2304108428632,0.7755097208264332,False
3142,0.9491912500871044,96.2304108428632,0.7444689914899679,False
3143,0.8793939303559065,96.2304108428632,0.6981667138712364,False
3144,0.7967286463062392,96.2304108428632,0.6731235237584783,False
3145,0.6807937753703206,96.2304108428632,0.6312604419314667,False
3146,0.6436394131461666,95.55273189326556,0.5311622122818814,False
3147,0.603652249754401,96.33932353119138,0.523583894206875,False
3148,0.560576942614533,96.35133502476742,0.4952613902585422,False
3149,0.5140912790181235,96.36374600494483,0.4697410606233289,False
3150,0.4637773498877516,96.37654989767665,0.4480854032481902,False
3151,0.40907313904382653,96.38973989307382,0.4751662423467053,False
3152,0.3491843735073079,96.4033089557607,0.47672777478706985,False
3153,0.2829047929798921,96.41724983551647,0.4941618865767429,False
3154,0.208180945557171,96.43155507817161,0.48563533193294994,False
3155,0.12068101401352381,96.44621703672837,0.5070396061774883,False
3156,-0.0,96.46122788267427,0.5035708390167387,False
3157,-0.0,96.47657961745722,0.5086086102032117,False
3158,-0.0,95.97850478327625,0.5075659268106245,False
3159,-0.0,96.53771418477301,0.5803303771513211,False
3160,-0.0,96.53771418477301,0.64035114833218,False
3161,-0.0,96.53771418477301,0.6911023833130189,False
3162,-0.0,95.78990755461344,0.7159245035141153,False
3163,-0.0,96.63192604369075,0.7537352531079161,False
3164,-0.0,97.18797698720206,0.7695962050755377,False
3165,-0.0,96.62603780250839,0.7707635270401358,False
3166,-0.0,97.13003425062006,0.787220510080147,False
3167,-0.0,97.12204654467934,0.7881516402352289,False
3168,-0.0,96.29300645466927,0.8195574451025297,False
3169,-0.0,96.31077159945521,0.8461429546505769,False
3170,-0.0,96.51466571666073,0.8690459507845962,False
3171,-0.0,97.32914840696435,0.8655965692642132,False
3172,-0.0,96.99982141794155,0.8753635201508765,False
3173,-0.0,97.2179011607036,0.874815006719254,False
3174,-0.0,96.4764596235945,0.8881714810507504,False
3175,-0.0,97.25679758308156,0.8850236800544067,False
3176,-0.0,96.68514946962391,0.8952384684224486,False
3177,-0.0,96.988458764126,0.9004912275037035,False
3178,-0.0,97.2964872317468,0.8961927517876642,False
3179,-0.0,97.90193022419375,0.85823762184755,False
3180,-0.0,97.90352616086983,0.8154185192957998,False
3181,-0.0,97.90538100397255,0.7803967757610112,False
3182,-0.0,97.90749562805283,0.7471377880340194,False
3183,0.12068101401352381,97.9098707261085,0.7153081379842592,False
3184,0.208180945557171,97.91250680704302,0.6787185974683004,False
3185,0.2829047929798921,97.21245909586717,0.6796037557633154,False
3186,0.3491843735073079,97.98531464287882,0.643471201290554,False
3187,0.40907313904382653,97.76218700858837,0.623774768663009,False
3188,0.4637773498877516,98.0712434452414,0.5936923241126529,False
3189,0.5140912790181235,98.07506637702149,0.5550514290230845,False
3190,0.560576942614533,98.07913017215343,0.5202394543258957,False
3191,0.603652249754401,98.08343409915356,0.49473267936083903,False
3192,0.6436394131461666,98.08797724934955,0.4661303356125305,False
3193,0.6807937753703206,98.09275853717607,0.44217898528808725,False
3194,0.7153220528038851,98.0977767007936,0.4207985610178198,False
3195,0.7473944462440387,98.10303030303031,0.3941442705235487,False
3196,0.7771529943226336,98.10851773264626,0.3723450111898217,False
3197,0.804717519321077,98.11423720591802,0.36158304200227326,False
3198,0.8301899714180443,98.12018676854042,0.3416222862539582,False
3199,0.8536576732793313,98.12636429784138,0.32519765122005956,False
3200,0.875195788740725,97.49014852985754,0.32583167485555786,False
3201,0.8948692308065574,98.19393939393939,0.3110829230532707,False
3202,0.9127341558073343,98.2138546946657,0.29656773277228227,False
3203,0.9288391461883214,98.23380992430614,0.31380290663566546,False
3204,0.9432261548473415,97.95145981016461,0.3178466060650364,False
3205,0.9559312637896478,98.1737354319356,0.31540266063678324,False
3206,0.9669852958320848,98.1737354319356,0.3140656958129924,False
3207,0.976414308115487,98.1737354319356,0.3144481212274807,False
3208,0.9842399889605549,97.44647769405573,0.29541688452586573,False
3209,0.9904799742690308,97.93452380952381,0.3111537295768327,False
3210,0.995148095654003,98.22274881516587,0.31386481263269594,False
3211,0.9982545693874831,97.54739336492891,0.31506143985713714,False
3212,0.999806132804711,98.29383886255924,0.32430060413905754,False
3213,0.999806132804711,98.31387808041505,0.3325168973204628,False
3214,0.9982545693874831,98.33391998122727,0.3287845057949471,False
3215,0.995148095654003,98.08752786577496,0.3387487724503563,False
3216,0.9904799742690308,98.27525519183386,0.34460229517840835,False
3217,0.9842399889605549,97.62836614288217,0.3320411843138228,False
3218,0.976414308115487,98.25520530417587,0.33491676230108547,False
3219,0.9669852958320848,98.26877424584563,0.335995532628717,False
3220,0.9559312637896478,98.28242074927954,0.33604451652320055,False
3221,0.9432261548473415,98.29613906258965,0.3470756696453755,False
3222,0.9288391461883214,98.3099234897796,0.3445393317170074,False
3223,0.9127341558073343,97.44973304555265,0.34415712456579783,False
3224,0.8948692308065574,98.33898305084746,0.33948934363482003,False
3225,0.875195788740725,98.33898305084746,0.33517298399932455,False
3226,0.8536576732793313,98.33898305084746,0.33110002338374783,False
3227,0.8301899714180443,98.33898305084746,0.3273489673316891,False
3228,0.804717519321077,98.33898305084746,0.3236214849635304,False
3229,0.7771529943226336,97.67231638418079,0.3088657710856104,False
3230,0.7473944462440387,98.3954802259887,0.3022408039488809,False
3231,0.7153220528038851,98.59518993032142,0.29896543607845955,False
3232,0.6807937753703206,98.60167349918571,0.2838950780437105,False
3233,0.6436394131461666,98.60830527497194,0.26886475420753125,False
3234,0.603652249754401,97.93490460157126,0.26694728163880166,False
3235,0.560576942614533,98.53535353535354,0.2573966596917909,False
3236,0.5140912790181235,98.53535353535354,0.24871674197538157,False
3237,0.4637773498877516,98.33671628326567,0.2509110244287394,False
3238,0.40907313904382653,98.47060156338507,0.24801271077478085,False
3239,0.3491843735073079,98.46363946739501,0.24754106349909935,False
3240,0.2829047929798921,98.45679012345678,0.24750014657611893,False
3241,0.208180945557171,97.81092821216278,0.23187020537622757,False
3242,0.12068101401352381,98.3824874256973,0.2360915498667492,False
3243,0.12068101401352381,97.62489294890094,0.1953835695228678,False
3244,0.208180945557171,98.32344890510949,0.19874872277610317,False
3245,0.2829047929798921,98.3313400535338,0.2088144341320602,False
3246,0.3491843735073079,98.33939945404913,0.21863611126331317,False
3247,0.40907313904382653,98.34762364431322,0.22811105377858754,False
3248,0.4637773498877516,98.35600907029479,0.23001144655227893,False
3249,0.5140912790181235,98.36455209099655,0.23457603796696858,False
3250,0.560576942614533,98.37324898328062,0.23843850959013746,False
3251,0.603652249754401,97.86346468233835,0.2233281420976492,False
3252,0.6436394131461666,98.46422142214222,0.22234107771879716,False
3253,0.6807937753703206,98.4789173470529,0.22044402112454267,False
3254,0.7153220528038851,98.49360755975542,0.23274722580176452,False
3255,0.7473944462440387,98.50828729281768,0.42197455762772096,False
3256,0.7771529943226336,98.52295189984625,0.4243344368842541,False
3257,0.804717519321077,98.5375968569246,0.4262960153616287,False
3258,0.804717519321077,98.55221776380002,0.4586334502944363,False
3259,0.8301899714180443,98.56681034482759,0.4625531779496247,False
3260,0.8301899714180443,98.5813704496788,0.4670561324085652,False
3261,0.8301899714180443,98.59589405382407,0.47155631971335993,False
3262,0.8301899714180443,98.61037725879743,0.47654946710218926,False
3263,0.8301899714180443,98.62481629225279,0.48120526069101005,False
3264,0.8301899714180443,98.56100104275286,0.4872480387154015,False
3265,0.8301899714180443,98.70015535991715,0.4902967880579733,False
3266,0.8301899714180443,98.70881107323623,0.49315798894440593,False
3267,0.8301899714180443,98.71755253399259,0.4957957388522707,False
3268,0.8301899714180443,98.57800299912094,0.5017576586870315,False
3269,0.8301899714180443,98.65033222591362,0.5061780460667316,False
3270,0.8301899714180443,98.6451982700224,0.5105665739804613,False
3271,0.8301899714180443,98.64016736401673,0.5222730671510585,False
3272,0.8301899714180443,98.6352422445016,0.5289788975973696,False
3273,0.8301899714180443,98.63042562157607,0.5354928961004107,False
3274,0.8301899714180443,98.13000421407502,0.5359852498431266,False
3275,0.8301899714180443,96.91798802898246,0.41111286522056373,False
3276,0.8301899714180443,98.17373103087388,0.41469383771246504,False
3277,0.8301899714180443,98.17373103087388,0.4178173966655261,False
3278,0.8301899714180443,97.65830095558123,0.3866894901792696,False
3279,0.8301899714180443,98.07206068268015,0.38594752203232424,False
3280,0.8301899714180443,98.05537941238639,0.3842899667716485,False
3281,0.8301899714180443,98.03879995759567,0.4268201016390972,False
3282,0.8301899714180443,98.02232854864434,0.42456805121942365,False
3283,0.8301899714180443,98.00597142247814,0.4214179787388258,False
3284,0.8301899714180443,97.98973481608212,0.4174372304247059,False
3285,0.9436063339556555,97.97362495979415,0.4132438058771317,False
3286,1.0236982481827188,97.95764807051489,0.4103243459964853,False
3287,1.090864890696142,97.94181034482759,0.4071842969195907,False
3288,1.090864890696142,97.92611795204148,0.40385452564179103,False
3289,1.090864890696142,97.91057702717332,0.4010016503862783,False
3290,1.1494318918359776,97.89519366388195,0.39813787140702334,False
3291,1.2014461200230289,97.7072984333206,0.38548380328173865,False
3292,1.2220947914756688,97.7974294188729,0.37959341371066974,False
3293,1.2407449439357603,97.77839182094502,0.37374513578294793,False
3294,1.2574580300524587,97.75936839764262,0.36799603286738936,False
3295,1.2722864781512913,97.74036579227027,0.41591701708298257,False
3296,1.3164218868227548,97.72139079554405,0.412736280779953,False
3297,1.3559212235520337,97.70245034236885,0.4093876884768984,False
3298,1.391334586143604,97.6835515082527,0.4059610604856737,False
3299,1.4230670603378361,97.66470150535173,0.40233657598671746,False
3300,1.4514270347987224,97.64590767813975,0.39868800622318523,False
3301,1.4766549183659508,97.02525077827741,0.3458927011740071,False
3302,1.498941259446481,97.54618937644342,0.3400873407635616,False
3303,1.5184387137728148,97.53122109158187,0.3347863878703373,False
3304,1.527138493598173,97.5164987843001,0.3300274852912899,False
3305,1.532902144485799,97.50202851512692,0.325141440713895,False
3306,1.5357733028273342,97.48781619865397,0.3183256274293767,False
3307,1.535773302827334,97.47386759581882,0.3115687537976237,False
3308,1.532902144485799,97.46018830640475,0.30493984303984917,False
3309,1.527138493598173,97.44678376177737,0.29765354654235704,False
3310,1.5184387137728148,97.43365921787709,0.2904484451602471,False
3311,1.5067348178150048,97.42081974848627,0.2833610498062666,False
3312,1.4919310878474152,97.40827023878859,0.2765855671465391,False
3313,1.4738989153366922,97.39601537923802,0.2699826622466476,False
3314,1.4524690941546656,97.38405965975298,0.2635778957509852,False
3315,1.4274202463828696,96.67909578186902,0.1565293574344002,False
3316,1.3984610270106805,97.29084129573526,0.14215040792074993,False
3317,1.3652016755898781,97.29084129573526,0.12856102639652514,False
3318,1.3271059259290725,97.29084129573526,0.11578953335084162,False
3319,1.3262610770456722,97.29084129573526,0.10387225693825705,False
3320,1.2817425764699486,97.29084129573526,0.10930965666172271,False
3321,1.278417365535648,97.29084129573526,0.10392276041705187,False
3322,1.2734192269994746,97.29084129573526,0.10011244246058297,False
3323,1.2667356005770385,97.29084129573526,0.0982360950251613,False
3324,1.305875511291131,97.29084129573526,0.09823587929778882,False
3325,1.3392246071829446,97.29084129573526,0.0999551066711803,False
3326,1.3675380544221296,97.29084129573526,0.10505549932485513,False
3327,1.3913345861436042,97.29084129573526,0.11148623173080326,False
3328,1.3785347251376459,97.29084129573526,0.11890187994705645,False
3329,1.3637938028246002,97.29084129573526,0.1270092377033686,False
3330,1.3470624465271648,97.29084129573526,0.24330896649038,False
3331,1.3282820174272938,97.29084129573526,0.25072469934917707,False
3332,1.30738316633364,97.29084129573526,0.2576827713653487,False
3333,1.2842839696213428,97.29084129573526,0.26434763945928613,False
3334,1.2588874993443833,97.29084129573526,0.2938878839183985,False
3335,1.2680160454788014,97.29084129573526,0.30438317970383455,False
3336,1.272538115441929,97.29084129573526,0.3145172826349437,False
3337,1.272538115441929,97.29084129573526,0.3242691827591107,False
3338,1.272538115441929,97.29084129573526,0.33362111758845236,False
3339,1.272538115441929,97.29084129573526,0.3425581131361365,False
3340,1.272538115441929,97.03213721243341,0.34629762309959916,False
3341,1.272538115441929,97.16537285344624,0.3536052062549753,False
3342,1.272538115441929,97.14657056773203,0.40117426781256904,False
3343,1.2406030082663506,97.12793733681463,0.402653876245288,False
3344,1.2057219651274376,97.10948209070862,0.40369512602816143,False
3345,1.1676444621356101,97.09121378980129,0.4043001690000457,False
3346,1.1676444621356101,97.07314141474848,0.40398688479473943,False
3347,1.1676444621356101,97.05527395607048,0.40316985610694545,False
3348,1.1676444621356101,97.0376204034652,0.4018631710519757,False
3349,1.1260528027543955,97.0201897348577,0.40008524094282955,False
3350,1.0805333164475432,96.2926947854625,0.3427422294313733,False
3351,1.0805333164475432,96.91485485242318,0.3380383531492398,False
3352,1.0805333164475432,96.90533980582525,0.333219141630716,False
3353,1.0434758622197662,96.89621726479146,0.32832835026786206,False
3354,1.0498302157100041,96.57521747064906,0.3024873227989178,False
3355,1.0498302157100041,96.771240234375,0.29216467565809295,False
3356,1.0434758622197662,96.75463841773315,0.28140050118513515,False
3357,1.0895209637560108,96.73832923832924,0.2702206973340387,False
3358,1.1316501862018717,96.7223214835808,0.2586520296909703,False
3359,1.17027775595384,96.70662382600099,0.24672228098498333,False
3360,1.2057219651274376,96.69124481070698,0.23446043984429965,False
3361,1.2406030082663506,96.67619284294234,0.22194029193315118,False
3362,1.272538115441929,96.1382746807848,0.11234419257347675,False
3363,1.272538115441929,96.75324675324676,0.10280026381212759,False
3364,1.272538115441929,96.74648946840522,0.17473511148462037,False
3365,1.272538115441929,96.74008810572687,0.17071053183007856,False
3366,1.272538115441929,96.73404927353127,0.16691060909585348,False
3367,1.272538115441929,96.72837940654324,0.16343981208617037,False
3368,1.272538115441929,96.72308475439043,0.16039404890194875,False
3369,1.272538115441929,96.71817137019538,0.1578572873166132,False
3370,1.272538115441929,96.71364509929532,0.21317771050519144,False
3371,1.272538115441929,96.70951156812339,0.21298751787525458,False
3372,1.272538115441929,96.7057761732852,0.21295922581140067,False
3373,1.272538115441929,96.70244407086513,0.21347534078118863,False
3374,1.272538115441929,96.69952016599663,0.21401738760057448,False
3375,1.272538115441929,96.69700910273082,0.253772242790844,False
3376,1.272538115441929,96.69491525423729,0.2565282505314252,False
3377,1.272538115441929,96.69324271337081,0.25890637107709363,False
3378,1.272538115441929,96.69199528363684,0.32057586499233076,False
3379,1.272538115441929,96.69117647058823,0.32407297713140076,False
3380,1.272538115441929,96.6907894736842,0.3266655103429279,False
3381,1.272538115441929,96.69083717864206,0.3284645108611,False
3382,1.272538115441929,96.6913221503104,0.3296614140020567,False
3383,1.272538115441929,96.69224662609156,0.3303821394253506,False
3384,1.272538115441929,96.02911978821972,0.29596421094699044,False
3385,1.2382339767869435,96.60399841122732,0.2957282764022004,False
3386,1.200719639829801,96.61679025423729,0.29554296749069237,False
3387,1.1596780472087271,96.63003177966101,0.3218883270549279,False
3388,1.1596780472087271,96.64371772805508,0.421864531212749,False
3389,1.200719639829801,96.65784248841827,0.4387567933432387,False
3390,1.2382339767869435,96.00264725347452,0.47499648979859743,False
3391,1.272538115441929,96.53209794837856,0.608701502756703,False
3392,1.3038818925522597,96.53209794837856,0.7720422851219786,False
3393,1.3324661355215683,96.53209794837856,0.8551484616756465,False
3394,1.3604279187829045,96.53209794837856,0.924588394433153,False
3395,1.3604279187829045,96.01113172541744,0.9758644576204483,False
3396,1.3324661355215683,96.42478110904749,1.0279176946928787,False
3397,1.301728854068539,96.42809719824724,1.0729301594176046,False
3398,1.301728854068539,95.73352796761993,1.0962371392433767,False
3399,1.301728854068539,96.33337753613579,1.1299150867208867,False
3400,1.301728854068539,96.34978469691951,1.1591462979820273,False
3401,1.301728854068539,96.36664460622104,1.1854622561648849,False
3402,1.301728854068539,96.3839492298539,1.228461482053669,False
3403,1.301728854068539,96.40169021523835,1.2428721721070488,False
3404,1.3283399146847865,96.41985890419991,1.2871615980611586,False
3405,1.3525074295964727,96.43844634628044,1.2994758346793704,False
3406,1.374344879613302,96.45744331252054,1.309695568268439,False
3407,1.3939473942522724,95.89221163325665,1.3114772868156082,False
3408,1.4113949465359856,95.21716310195512,1.289022996492812,False
3409,1.4267547652077353,95.8483399908323,1.2883472276691705,False
3410,1.4400831784759722,95.31761624099542,1.2706963658050185,False
3411,1.4660741214574515,94.608547902235,1.2146264791088546,False
3412,1.489148966540959,94.11841589334728,1.1193394713066387,False
3413,1.5094621252684286,94.51052150045746,1.0577677927940432,False
3414,1.527138493598173,94.51052150045746,0.9976788981884808,False
3415,1.532902144485799,94.51052150045746,0.9376385898789518,False
3416,1.535773302827334,94.51052150045746,0.8794812425493916,False
3417,1.5357733028273342,94.51052150045746,0.8240573249219221,False
3418,1.5357733028273342,94.51052150045746,0.7725181006061211,False
3419,1.5357733028273342,94.51052150045746,0.7427844907119587,False
3420,1.5357733028273342,94.51052150045746,0.7492150937343287,False
3421,1.535773302827334,94.51052150045746,0.7595021170833421,False
3422,1.535773302827334,94.11841589334728,0.7402198379071978,False
3423,1.535773302827334,94.63468827604235,0.7634244851035783,False
3424,1.5464650001141114,93.92239973915879,0.7337848368341486,False
3425,1.5549659371186813,94.53480806766429,0.7558999238974301,False
3426,1.5613116549052575,94.55442331407802,0.7788371285865047,False
3427,1.5655280605848254,94.57464715784022,0.8028096796358092,False
3428,1.567632081836135,94.5954671660102,0.8273350313265605,False
3429,1.567632081836135,94.61687057308436,0.8513084236529871,False
3430,1.5655280605848254,94.63884430176564,0.8750880450694184,False
3431,1.5613116549052575,94.66137498399692,0.8983666609958345,False
3432,1.5549659371186813,94.68444898219641,0.9208636079766619,False
3433,1.5464650001141114,94.70805241063478,0.9416908882147014,False
3434,1.535773302827334,94.73217115689381,0.9614706707354792,False
3435,1.535773302827334,94.75679090334808,0.9789340584152103,False
3436,1.535773302827334,94.78189714861207,0.9947829775081246,False
3437,1.535773302827334,94.50018813495548,1.0085617808105352,False
3438,1.535773302827334,94.90847754107578,1.0197637836800093,False
3439,1.535773302827334,95.41604384653712,1.0160277870137062,False
3440,1.535773302827334,95.8498759305211,0.9882347463105409,False
3441,1.535773302827334,95.86940390798912,0.9584820262940673,False
3442,1.535773302827334,95.8893134475533,0.9282337621878807,False
3443,1.535773302827334,95.90959341604226,0.8985771541997225,False
3444,1.535773302827334,95.93023255813954,0.8633704229221404,False
3445,1.535773302827334,95.95121951219512,0.8365335231193894,False
3446,1.535773302827334,95.97254282590208,0.8085157659898891,False
3447,1.535773302827334,95.99419097180201,0.773177601521187,False
3448,1.535773302827334,96.01615236258438,0.7473685970250266,False
3449,1.532902144485799,96.03841536614645,0.7149405793648095,False
3450,1.527138493598173,96.06096832038254,0.6928440495893546,False
3451,1.5184387137728148,96.0837995476729,0.6667292003877149,False
3452,1.5067348178150048,96.1068973690448,0.6452878581985653,False
3453,1.4919310878474152,96.13025011798018,0.6246829873768038,False
3454,1.4738989153366922,96.15384615384616,0.5979173973575884,False
3455,1.4776169519137876,96.17767387492694,0.5701008467229036,False
3456,1.4776169519137876,96.2017217310377,0.5542977898100107,False
3457,1.4776169519137876,96.22597823570271,0.5389877426426042,False
3458,1.4776169519137876,96.25043197788273,0.5145714886352032,False
3459,1.4794731020725562,96.27507163323783,0.49514414382138855,False
3460,1.5004659065178618,96.29988597491447,0.4757759036811628,False
3461,1.5183593905083004,96.32486388384756,0.4566176535532612,False
3462,1.5332939593741384,96.34999435856933,0.4378234096541145,False
3463,1.545378825051491,96.37526652452026,0.41955070637967595,False
3464,1.554697508762069,96.19419642857143,0.44193800878637735,False
3465,1.5613116549052575,96.52053274139844,0.477824284568429,False
3466,1.565263635906296,96.52053274139844,0.4932601258027038,False
3467,1.5665782425417163,95.77136514983351,0.5207034789354269,False
3468,1.565263635906296,96.63706992230854,0.5340108476456109,False
3469,1.5613116549052575,96.45182650921532,0.5568329609528242,False
3470,1.5613116549052575,96.76835290244705,0.5667043164475128,False
3471,1.5613116549052575,95.6958393113343,0.5822157755590613,False
3472,1.565263635906296,96.7480577136515,0.5929430032317479,False
3473,1.5665782425417163,96.74069961132705,0.6044793154510696,False
3474,1.5665782425417163,95.90100541376644,0.6222384858314313,False
3475,1.5665782425417163,96.40030775994724,0.6422538531620517,False
3476,1.5665782425417163,96.76907937896348,0.6512882226519747,False
3477,1.5665782425417163,96.76907937896348,0.6601491566034077,False
3478,1.5665782425417163,96.44310060472787,0.6774565350156547,False
3479,1.5665782425417163,96.62797125483692,0.6902117519513576,False
3480,1.5665782425417163,96.60404624277457,0.7026606332813637,False
3481,1.5665782425417163,96.58024139472508,0.7141871027551864,False
3482,1.565263635906296,96.55656667790136,0.7262033855601467,False
3483,1.5613116549052575,96.5330321852061,0.8589130696222289,False
3484,1.554697508762069,95.68605307735743,0.8503059374793761,False
3485,1.545378825051491,95.35754824063564,0.8243938229602702,False
3486,1.5332939593741386,95.5681040383299,0.8097183731127978,False
3487,1.5183593905083006,95.54625702166686,0.8014768021628988,False
3488,1.5004659065178618,95.52470913489229,0.7827951067710489,False
3489,1.4794731020725562,95.50347222222223,0.7635059681538735,False
3490,1.4552013979602212,95.48255813953489,0.7437042823932912,False
3491,1.4274202463828694,95.46197874080131,0.7235605246292052,False
3492,1.3958301562928708,95.44174586413234,0.70325493953864,False
3493,1.360034097940745,95.42187131746405,0.6829789982358788,False
3494,1.3194892909924263,95.40236686390533,0.7076984789572901,False
3495,1.2734192269994746,95.38324420677363,0.6888706902968383,False
3496,1.2667356005770385,95.36451497434673,0.6714585711734606,False
3497,1.2583494426149708,95.34619070436032,0.6546756828874768,False
3498,1.2482389571842902,95.32828282828282,0.6372907712802065,False
3499,1.2363772403452271,95.31080265540133,0.620890876786678,False
3500,1.222731822382257,95.29376135675348,0.605213958193785,False
3501,1.2072640872959293,95.27716994894237,0.5908781270020125,False
3502,1.1899285414712581,95.26103927787265,0.5757368564829178,False
3503,1.1706718933538656,93.7728714320566,0.3538072707806652,False
3504,1.1706718933538656,95.27323737496951,0.3454383944955231,False
3505,1.1706718933538656,95.28840315725562,0.3383914603882688,False
3506,1.1706718933538656,95.30400096700109,0.3335560568296685,False
3507,1.1706718933538656,95.0312800769971,0.31109781533069364,False
3508,1.1706718933538656,95.41427203065135,0.31349626575312173,False
3509,1.1706718933538656,95.41427203065135,0.31598757579505843,False
3510,1.201446120023029,95.41427203065135,0.3185203026686821,False
3511,1.2259790140555222,95.41427203065135,0.32088929012997625,False
3512,1.2449737775841294,95.41427203065135,0.32290768050423707,False
3513,1.2588874993443833,95.41427203065135,0.3427303141149996,False
3514,1.2680160454788014,94.22684128319116,0.240465792987224,False
3515,1.2382339767869435,95.38276069921639,0.2433276997962294,False
3516,1.2057219651274376,95.1068311766476,0.2483270716423959,False
3517,1.17027775595384,95.45727676961904,0.25514535531768,False
3518,1.17027775595384,95.45727676961904,0.26066100219372035,False
3519,1.17027775595384,95.45727676961904,0.26575676874670595,False
3520,1.17027775595384,95.45727676961904,0.26237413985889035,False
3521,1.2057219651274376,95.45727676961904,0.2712359080323736,False
3522,1.2382339767869435,95.09674317990626,0.2703629303848936,False
3523,1.2680160454788014,95.57745463285663,0.2795471089583193,False
3524,1.2952336017523502,95.56359252561784,0.28782850723703374,False
3525,1.320023576372009,95.55018137847642,0.29270479946537825,False
3526,1.3425003133763334,95.5372301722047,0.29708021452062755,False
3527,1.374344879613302,95.52474765900523,0.300522613624434,False
3528,1.3939473942522724,95.51274234849409,0.30374729988373306,False
3529,1.4113949465359856,95.50122249388752,0.30677779853322185,False
3530,1.4113949465359856,95.49019607843137,0.3096327059813055,False
3531,1.3969387860636409,95.47967080211276,0.3123263957375948,False
3532,1.3969387860636409,95.46965406869383,0.3148696268330477,False
3533,1.3969387860636409,94.80014803849001,0.296933431119686,False
3534,1.3969387860636409,95.55006180469715,0.29708846904248715,False
3535,1.4267547652077353,95.55006180469715,0.2972304214047392,False
3536,1.4534849141043307,95.08034610630408,0.293181499601438,False
3537,1.477322818602089,95.67985166872683,0.28707439334906976,False
3538,1.4984244813325356,95.68434032059186,0.28150327500764816,False
3539,1.5169165540634162,95.68933710490714,0.2757712635072106,False
3540,1.532902144485799,95.41886422175887,0.2777729314528919,False
3541,1.5464650001141114,95.76198630136986,0.26759358376194187,False
3542,1.557672567089349,95.2727495107632,0.2674322322462103,False
3543,1.5665782425417163,95.85983365949119,0.24906311032557474,False
3544,1.5732230293875173,95.85324023030749,0.23056750833357467,False
3545,1.577636732431408,95.84713532081953,0.21601871430265865,False
3546,1.57983878814754,95.84152334152334,0.20220356780016052,False
3547,1.5798387881475398,95.83640836408364,0.21710777984607957,False
3548,1.577636732431408,95.83179411402537,0.21013333087895703,False
3549,1.5732230293875173,95.82768396400839,0.20426678370758541,False
3550,1.5665782425417163,95.82408092770787,0.1995029810168019,False
3551,1.557672567089349,95.82098765432099,0.19539043318225438,False
3552,1.5464650001141114,95.81840642371834,0.19241519501173002,False
3553,1.532902144485799,95.81633914225682,0.1871101194372242,False
3554,1.5169165540634162,95.81478733926805,0.18886102266427388,False
3555,1.4984244813325356,95.81375216423447,0.2889052268962377,False
3556,1.477322818602089,95.81323438466296,0.3596425222541417,False
3557,1.4534849141043304,95.81323438466296,0.37166908232665063,False
3558,1.4267547652077353,95.81375216423447,0.4344886587100688,False
3559,1.3969387860636409,95.81478733926805,0.48566158052699304,False
3560,1.3637938028246002,95.81633914225682,0.5286892321501339,False
3561,1.3270089026073437,95.81840642371834,0.5655379862825829,False
3562,1.2861766890619075,95.82098765432099,0.5974532802689215,False
3563,1.2407449439357603,95.82408092770787,0.6252897738143889,False
3564,1.1899285414712581,95.82768396400839,0.6498457575723896,False
3565,1.1899285414712581,95.83179411402537,0.6713706389174694,False
3566,1.1899285414712581,95.83640836408364,0.690244167782938,False
3567,1.1899285414712581,95.3009828009828,0.6988983946409352,False
3568,1.1899285414712581,95.94528278738805,0.7125641538016371,False
3569,1.1899285414712581,95.95725190839694,0.7243057728163212,False
3570,1.1899285414712581,95.96960486322189,0.7237815908522615,False
3571,1.1706718933538656,95.9823319416712,0.7375018797841401,False
3572,1.1494318918359776,95.9954233409611,0.7498077295830885,False
3573,1.1261358508278747,95.75717624498112,0.761824873877131,False
3574,1.1006987578744163,96.06440071556351,0.7710585628685965,False
3575,1.0730208202534555,96.83363148479428,0.748497954309976,False
3576,1.0128030232541478,96.8452380952381,0.7256973223401717,False
3577,0.9440231356865455,96.35812737642586,0.7272558957310241,False
3578,0.8623538561746379,96.94059053717538,0.6980852038298847,False
3579,0.8623538561746379,96.94059053717538,0.6696179637066083,False
3580,0.8623538561746379,96.94059053717538,0.6370874546403776,False
3581,0.8623538561746379,96.94059053717538,0.6114744341990118,False
3582,0.8623538561746379,96.94059053717538,0.5861045548108179,False
3583,0.8623538561746379,96.94059053717538,0.5560783371655128,False
3584,0.8623538561746379,96.94059053717538,0.5293703814989538,False
3585,0.8623538561746379,96.94059053717538,0.5208322289899089,False
3586,0.8623538561746379,96.94059053717538,0.49589912888071125,False
3587,0.8623538561746379,96.94059053717538,0.4723566370455228,False
3588,0.830774222099454,96.94059053717538,0.45010153758163624,False
3589,0.830774222099454,96.94059053717538,0.42939846785617813,False
3590,0.830774222099454,96.22909996442547,0.42860995823166287,False
3591,0.7473944462440387,97.04138503498162,0.40285457173593386,False
3592,0.7771529943226336,97.05674177185325,0.3774742732194918,False
3593,0.7771529943226336,97.07228350152546,0.35248200624953724,False
3594,0.7473944462440387,97.08800186741364,0.35882359180740553,False
3595,0.7153220528038851,97.10388856645386,0.3386509316462621,False
3596,0.6807937753703206,97.11993535726654,0.31958732163860426,False
3597,0.6436394131461666,97.13613406795226,0.3017470388405962,False
3598,0.6436394131461666,97.15247660351518,0.28672391991606777,False
3599,0.6436394131461666,97.16895495291047,0.2729834995972951,False
3600,0.6436394131461666,96.98815566835871,0.2721592757987105,False
3601,0.6436394131461666,97.24153397622786,0.257289771496055,False
3602,0.6436394131461666,97.24153397622786,0.24532588480974563,False
3603,0.6436394131461666,96.99379582628313,0.2478294439992785,False
3604,0.603652249754401,97.16895495291047,0.24608988269565035,False
3605,0.6436394131461666,96.34063315556564,0.2067948701302462,False
3606,0.6807937753703206,97.0725065244525,0.21050285067708435,False
3607,0.7153220528038851,97.0725065244525,0.21479301653992489,False
3608,0.7473944462440387,97.0725065244525,0.21999712580903777,False
3609,0.7771529943226336,97.0725065244525,0.22564367583896117,False
3610,0.804717519321077,97.0725065244525,0.23172519065501218,False
3611,0.8301899714180443,97.0725065244525,0.2378812435172553,False
3612,0.8536576732793313,97.0725065244525,0.23741814802802994,False
3613,0.875195788740725,97.0725065244525,0.29977284297919,False
3614,0.8948692308065574,96.35765346646998,0.2616102051561841,False
3615,0.9127341558073343,97.15760807897425,0.25903334939691397,False
3616,0.9288391461883214,97.17034521788342,0.2562278329759626,False
3617,0.9432261548473415,97.18333709641003,0.25326215112407624,False
3618,0.9559312637896478,97.19657734744428,0.2501756399338632,False
3619,0.9669852958320848,97.21005950376109,0.2548340033640843,False
3620,0.976414308115487,97.22377700660472,0.2532613549610414,False
3621,0.9842399889605549,97.23772321428571,0.2528409751458301,False
3622,0.9904799742690308,97.25189141076991,0.25265119319052237,False
3623,0.9904799742690308,97.26627481423976,0.25268692617737937,False
3624,0.9904799742690308,97.28086658560849,0.2529346171251884,False
3625,0.9904799742690308,97.2956598369685,0.25242119175432937,False
3626,0.9904799742690308,97.31064763995609,0.25212848723155484,False
3627,0.9904799742690308,97.32582303401509,0.25205864528501104,False
3628,0.9904799742690308,97.34117903454288,0.2522093074315766,False
3629,0.9904799742690308,97.35670864090316,0.24780568057624794,False
3630,0.9904799742690308,97.37240484429066,0.25024684891771615,False
3631,0.9904799742690308,97.3882606354335,0.2519050190993546,False
3632,0.9904799742690308,97.16090030765909,0.25912962214119095,False
3633,0.9904799742690308,96.31799612986454,0.21675986883929307,False
3634,0.995148095654003,97.11502435369052,0.23102024043743186,False
3635,0.9982545693874831,97.13280750373055,0.24518415447883432,False
3636,0.999806132804711,97.15074017084947,0.259319311860561,False
3637,0.999806132804711,97.16881470526093,0.27335622926751163,False
3638,0.9982545693874831,97.18702350281298,0.2733152933917381,False
3639,0.995148095654003,96.86518735608122,0.27604627365681617,False
3640,0.9904799742690308,97.28631699567686,0.2945922787355837,False
3641,0.9842399889605549,97.30932422643072,0.3011064120175019,False
3642,0.976414308115487,97.33230531996917,0.3078380534390239,False
3643,0.9669852958320848,97.35525375268048,0.3143316059985091,False
3644,0.9559312637896478,97.37816319285967,0.31909785914261657,False
3645,0.9432261548473415,97.40102750075552,0.324261842837269,False
3646,0.9288391461883214,97.42384072832775,0.32902187975845987,False
3647,0.9127341558073343,97.44659711872826,0.3333645536967588,False
3648,0.8948692308065574,97.4692911055202,0.3372779996647186,False
3649,0.875195788740725,97.35965513863036,0.3442346791082861,False
3650,0.8536576732793313,97.54365484702564,0.34535651809198753,False
3651,0.8301899714180443,97.54365484702564,0.3395427115340406,False
3652,0.8301899714180443,97.54365484702564,0.33868319116991386,False
3653,0.8301899714180443,96.76054282795856,0.3405300161850467,False
3654,0.8301899714180443,97.62147964395156,0.3347164184911029,False
3655,0.804717519321077,97.64319520911813,0.3285510273849836,False
3656,0.7771529943226336,97.66482857827859,0.3220248329656007,False
3657,0.7473944462440387,97.68637532133675,0.3151276297435466,False
3658,0.7153220528038851,97.3449225800323,0.32029830618345595,False
3659,0.7153220528038851,97.64499620924943,0.3171619162588265,False
3660,0.7153220528038851,96.83898584129075,0.3044522349154652,False
3661,0.7153220528038851,97.62327231976093,0.3025271436217716,False
3662,0.7153220528038851,97.64542294322132,0.30023003376516166,False
3663,0.7153220528038851,97.66746411483254,0.29817704079350366,False
3664,0.7153220528038851,97.68939220968994,0.29682782815191655,False
3665,0.6807937753703206,97.71120377084844,0.2954404053499405,False
3666,0.6807937753703206,97.73289550627503,0.2940419966997412,False
3667,0.6807937753703206,97.75446428571429,0.29266034055509416,False
3668,0.6807937753703206,97.77590713747729,0.2913236849364341,False
3669,0.6807937753703206,97.79722124516356,0.2824472339225925,False
3670,0.6807937753703206,97.81840394432567,0.28412494235176106,False
3671,0.6807937753703206,97.50239317726917,0.292180026541023,False
3672,0.6807937753703206,97.77411376751854,0.2939781120570884,False
3673,0.6807937753703206,96.994747265995,0.274556342622008,False
3674,0.6807937753703206,97.74853676250694,0.29024436692579325,False
3675,0.6807937753703206,97.77024162780839,0.2955142197586539,False
3676,0.6807937753703206,97.79179810725552,0.3005035449729718,False
3677,0.6807937753703206,97.81320424004674,0.30543014212849945,False
3678,0.6807937753703206,97.8344582004886,0.3100690483591246,False
3679,0.6807937753703206,97.85555829430614,0.3141490303457752,False
3680,0.6807937753703206,97.8765029549623,0.3178894723244452,False
3681,0.6807937753703206,97.89729073999192,0.3210848684310213,False
3682,0.6807937753703206,97.91792032735587,0.32319937827106554,False
3683,0.6807937753703206,97.9423704529173,0.3245536295093131,False
3684,0.6436394131461666,97.97054526789591,0.3249453586205291,False
3685,0.603652249754401,97.98444130127298,0.32497626938021196,False
3686,0.560576942614533,97.9983580280699,0.31910704063723416,False
3687,0.5140912790181235,98.01229189357399,0.3193443986771798,False
3688,0.4637773498877516,98.02623940554975,0.3927154140382093,False
3689,0.40907313904382653,97.82458031726475,0.4349273139767741,False
3690,0.3491843735073079,98.10012640288045,0.48793313723831794,False
3691,0.2829047929798921,98.10012640288045,0.5343583382382666,False
3692,0.208180945557171,98.10012640288045,0.5937655037303513,False
3693,0.12068101401352381,98.10012640288045,0.6435072373840214,False
3694,-0.0,97.36469146205998,0.6800901185074572,False
3695,-0.0,98.16907342858238,0.7150478352868356,False
3696,-0.0,98.187414500684,0.7450042361586081,False
3697,-0.0,98.20937158366947,0.770638148428421,False
3698,-0.0,98.22737471952132,0.7926256870150493,False
3699,-0.0,98.24032738095238,0.8115328713894288,False
3700,-0.0,98.2532751091703,0.827371410397526,False
3701,-0.0,98.26621512184349,0.8408906502993685,False
3702,-0.0,98.27914469830111,0.8525353661332938,False
3703,-0.0,98.29206117989803,0.8494243032945042,False
3704,-0.0,98.30496197030061,0.8612061626291877,False
3705,-0.0,98.31784453569628,0.8704488080579933,False
3706,-0.0,98.15159765009314,0.8803791042796822,False
3707,-0.0,98.35779424337419,0.8867117024536926,False
3708,-0.0,99.13793103448276,0.8621183646087944,False
3709,-0.0,98.95501239815799,0.848495232260391,False
3710,-0.0,99.20042268404367,0.8217170966297026,False
3711,-0.0,99.21722113502935,0.7948243105548396,False
3712,-0.0,99.4336147885611,0.7534913527298001,False
3713,-0.0,99.4336147885611,0.7129896192389558,False
3714,-0.0,99.4336147885611,0.6733136669797216,False
3715,-0.0,99.4336147885611,0.6344512448674751,False
3716,-0.0,99.4336147885611,0.5964331513513604,False
3717,-0.0,99.4336147885611,0.5591929312692386,False
3718,-0.0,99.4336147885611,0.5229001687689867,False
3719,-0.0,99.4336147885611,0.4879863723318033,False
3720,-0.0,99.4336147885611,0.4550317417824247,False
3721,-0.0,99.4336147885611,0.42348502137861577,False
3722,-0.0,99.4336147885611,0.3934454052979954,False
3723,0.12068101401352381,98.71086556169429,0.3942147497303749,False
3724,0.208180945557171,99.48921088293547,0.36265226109148224,False
3725,0.208180945557171,99.49557766721946,0.3345768885229815,False
3726,0.208180945557171,99.50190649582632,0.3077405507833354,False
3727,0.208180945557171,99.50819672131148,0.28220149376978293,False
3728,0.208180945557171,99.51444772673254,0.2580177240404536,False
3729,0.208180945557171,99.52065892519579,0.235273531920011,False
3730,0.208180945557171,99.5268297593879,0.2140880663691701,False
3731,0.208180945557171,99.53295970109421,0.19460215584521254,False
3732,0.208180945557171,99.5390482507047,0.176978277027848,False
3733,0.208180945557171,99.54509493670886,0.1613956298530058,False
3734,0.208180945557171,99.5510993151807,0.14723723047033546,False
3735,0.208180945557171,99.55706096925482,0.13540691217437748,False
3736,0.208180945557171,99.56297950859474,0.1260406971379174,False
3737,0.208180945557171,99.56885456885458,0.11967504249414525,False
3738,0.208180945557171,99.57468581113491,0.11562186352247959,False
3739,0.208180945557171,99.58047292143402,0.11201073007802367,False
3740,0.208180945557171,99.58621561009508,0.1092584512347224,False
3741,0.208180945557171,99.59191361125063,0.10533312038590074,False
3742,0.208180945557171,99.59756668226485,0.10216481648343936,False
3743,0.208180945557171,99.60317460317461,0.09879521839354086,False
3744,0.208180945557171,99.60873717612989,0.09523099968834699,False
3745,0.208180945557171,99.61425422483468,0.09147714674649404,False
3746,0.208180945557171,99.61972559398862,0.17590954147335933,False
3747,0.208180945557171,99.62515114873035,0.1738298511205759,False
3748,0.208180945557171,99.63053077408308,0.1717767322797185,False
3749,0.208180945557171,99.63586437440306,0.16976150558757694,False
3750,0.208180945557171,99.64115187283134,0.1677002398840121,False
3751,0.208180945557171,99.64639321074965,0.1661446805231033,False
3752,0.2829047929798921,99.65158834724052,0.1645939444078515,False
3753,0.2829047929798921,99.65673725855248,0.21332960913851404,False
3754,0.2829047929798921,99.66183993757045,0.21396588144433754,False
3755,0.2829047929798921,99.66689639329198,0.21463577908205103,False
3756,0.2829047929798921,99.67190665030955,0.21533878010865914,False
3757,0.2829047929798921,99.67687074829932,0.21562225214821948,False
3758,0.2829047929798921,99.68178874151671,0.21701978122564022,False
3759,0.2829047929798921,99.68666069829902,0.21828964610857124,False
3760,0.2829047929798921,99.69148670057534,0.21944333414905376,False
3761,0.2829047929798921,99.62478112232135,0.22122340064080076,False
3762,0.2829047929798921,99.66369270963618,0.22266534837369578,False
3763,0.2829047929798921,99.66369270963618,0.254231863812876,False
3764,0.2829047929798921,99.66369270963618,0.25678806844013125,False
3765,0.2829047929798921,99.66369270963618,0.26071914036145827,False
3766,0.2829047929798921,98.95074000441794,0.21593816176619,False
3767,0.2829047929798921,99.62968042792484,0.22021333448854216,False
3768,0.2829047929798921,99.63483758447788,0.2241777662843879,False
3769,0.2829047929798921,99.63994693954899,0.22785793832913015,False
3770,0.2829047929798921,99.62349397590361,0.23134618633732082,False
3771,0.2829047929798921,99.67673853223265,0.23427541264417395,False
3772,0.2829047929798921,99.67673853223265,0.23695500906163494,False
3773,0.2829047929798921,99.00884293767199,0.1959899583337278,False
3774,0.2829047929798921,99.71948385028452,0.1974761605838974,False
3775,0.2829047929798921,99.723991507431,0.19871426145594115,False
3776,0.2829047929798921,99.72845429859481,0.1997166732745164,False
3777,0.2829047929798921,99.71454012151686,0.20022198812412806,False
3778,0.40238293904561173,99.75805822211817,0.19934688631439837,False
3779,0.48865925334338955,99.75805822211817,0.19843950506388117,False
3780,0.48865925334338955,99.75805822211817,0.19750382060641672,False
3781,0.48865925334338955,99.75805822211817,0.1965271483548855,False
3782,0.48865925334338955,99.75805822211817,0.23508768689427265,False
3783,0.48865925334338955,99.08946642732641,0.202606627286375,False
3784,0.41475814399911126,99.78667499154504,0.20064790259210222,False
3785,0.32806688317929317,99.82943973537317,0.1967570732025558,False
3786,0.32806688317929317,99.82943973537317,0.19297035217029104,False
3787,0.32806688317929317,99.82943973537317,0.18928439460415944,False
3788,0.32806688317929317,99.82943973537317,0.18568053941628096,False
3789,0.32806688317929317,99.82943973537317,0.1821877475902445,False
3790,0.32806688317929317,99.82943973537317,0.17879891737854395,False
3791,0.4023829390456117,99.82943973537317,0.175507028651553,False
3792,0.46824757305098735,99.82943973537317,0.1724218449399485,False
3793,0.46824757305098735,99.82943973537317,0.16953761521010807,False
3794,0.46824757305098735,99.82943973537317,0.1666204403332694,False
3795,0.46824757305098735,99.82943973537317,0.16383923063186334,False
3796,0.46824757305098735,99.82943973537317,0.1612234346515714,False
3797,0.46824757305098735,99.82943973537317,0.1597287545789875,False
3798,0.46824757305098735,99.82943973537317,0.15841839859012008,False
3799,0.46824757305098735,99.82943973537317,0.1572785276688599,False
3800,0.46824757305098735,99.82943973537317,0.15605663377766565,False
3801,0.46824757305098735,99.82943973537317,0.1549719154627458,False
3802,0.46824757305098735,99.15495141616705,0.08178542152658141,False
3803,0.46824757305098735,99.86303493901178,0.07627679033869883,False
3804,0.46824757305098735,99.8639455782313,0.07264237176455983,False
3805,0.46824757305098735,99.86485108119135,0.06907211506093053,False
3806,0.46824757305098735,99.86575141214317,0.06556014804752708,False
3807,0.46824757305098735,99.86664653784219,0.06210013093801697,False
3808,0.46824757305098735,99.86753642748245,0.05873350991943952,False
3809,0.46824757305098735,99.86842105263158,0.055352039812591146,False
3810,0.46824757305098735,99.86930038716677,0.05195298032592382,False
3811,0.46824757305098735,99.87017440721145,0.04853233577040994,False
3812,0.46824757305098735,99.87104309107278,0.04508436178906114,False
3813,0.3491843735073079,99.87432327919566,0.04137349083731472,False
3814,0.3491843735073079,99.88956907934221,0.0383965287728803,False
3815,0.3491843735073079,99.88956907934221,0.035513806059159124,False
3816,0.3491843735073079,99.88956907934221,0.032592663054632626,False
3817,0.3491843735073079,99.88956907934221,0.029614461928381148,False
3818,0.3491843735073079,99.88956907934221,0.026551688304588924,False
3819,0.3491843735073079,99.88956907934221,0.023361428101466044,False
3820,0.3491843735073079,99.87432327919566,0.1673132424221547,False
3821,0.3491843735073079,99.87104309107278,0.16721554672994784,False
3822,0.3491843735073079,99.87017440721145,0.16712879152035018,False
3823,0.3491843735073079,99.86930038716677,0.16705192093217305,False
3824,0.3491843735073079,99.86842105263158,0.16698346450973967,False
3825,0.3491843735073079,99.86753642748245,0.16691994777716485,False
3826,0.3491843735073079,99.86664653784219,0.16686142237097717,False
3827,0.3491843735073079,99.86575141214317,0.16680798517281256,False
3828,0.3491843735073079,99.86485108119135,0.1667597783388108,False
3829,0.3491843735073079,99.8639455782313,0.16671698929693657,False
3830,0.3491843735073079,99.86303493901178,0.1666798507104721,False
3831,0.3491843735073079,99.86211920185228,0.1666493376470185,False
3832,0.3491843735073079,99.86119840771003,0.16662523250683964,False
3833,0.3491843735073079,99.86027260024782,0.16660594999323208,False
3834,0.3491843735073079,99.85934182590233,0.16658341066829174,False
3835,0.3491843735073079,99.85840613395314,0.1665584517851306,False
3836,0.3491843735073079,99.85746557659208,0.1665319072118019,False
3837,0.3491843735073079,99.8565202089932,0.16650460513193852,False
3838,0.3491843735073079,99.85557008938304,0.16647736571158125,False
3839,0.2829047929798921,99.85461527911123,0.16645099873321528,False
3840,0.208180945557171,99.1276916746674,0.013320191791931228,False
3841,0.208180945557171,99.81895487587437,0.012234875013736076,False
3842,0.208180945557171,99.81895487587437,0.011312877305796616,False
3843,0.208180945557171,99.81895487587437,0.010593984948565265,False
3844,0.208180945557171,99.81895487587437,0.010125376287610613,False
3845,0.208180945557171,99.81895487587437,0.009980000918845204,False
3846,0.208180945557171,99.81895487587437,0.01015060282390436,False
3847,0.208180945557171,99.81895487587437,0.010601145429892794,False
3848,0.208180945557171,99.81895487587437,0.011278064341573598,False
3849,0.208180945557171,99.81895487587437,0.012124338463914325,False
3850,0.208180945557171,99.81895487587437,0.013088940539783326,False
3851,0.208180945557171,99.81895487587437,0.013044362530601882,False
3852,0.12068101401352381,99.81895487587437,0.020402341579332035,False
3853,-0.0,99.81895487587437,0.021156146387690106,False
3854,-0.0,99.81895487587437,0.021912474152404972,False
3855,-0.0,99.81895487587437,0.02266318837708647,False
3856,-0.0,99.81895487587437,0.02340138140711424,False
3857,-0.0,99.81895487587437,0.02412116467804143,False
3858,-0.0,99.81895487587437,0.02481748732116516,False
3859,-0.0,99.81895487587437,0.025485982853861743,False
3860,-0.0,99.81895487587437,0.17313866097819677,False
3861,-0.0,99.81895487587437,0.1733938106482948,False
3862,-0.0,99.81895487587437,0.17361160735566697,False
3863,-0.0,99.81895487587437,0.1737937191951422,False
3864,-0.0,99.81895487587437,0.17394182262483399,False
3865,-0.0,99.81895487587437,0.1762319849332242,False
3866,-0.0,99.81895487587437,0.17674370610083476,False
3867,-0.0,99.81895487587437,0.17721378945233732,False
3868,-0.0,99.81895487587437,0.17764237749732378,False
3869,-0.0,99.81895487587437,0.17802970342237237,False
3870,-0.0,99.81895487587437,0.1783760936131722,False
3871,-0.0,99.81895487587437,0.17876388253118422,False
3872,-0.0,99.74872984316325,0.178429538247799,False
3873,-0.0,99.7915450679563,0.1786664154980014,False
3874,-0.0,99.7901745747538,0.17886927526247934,False
3875,-0.0,99.78879783728985,0.17903923794079696,False
3876,-0.0,99.7874149659864,0.17917753105026665,False
3877,-0.0,99.78602607628883,0.17928549397399587,False
3878,-0.0,99.78463128876636,0.17936458292868682,False
3879,-0.0,99.78323072921182,0.17941637613823389,False
3880,-0.0,99.04332495158819,0.05389847995226383,False
3881,0.12068101401352381,99.7398768750542,0.05337897711951664,False
3882,0.208180945557171,99.7398768750542,0.17719065641131596,False
3883,0.2829047929798921,99.7398768750542,0.17727511030010804,False
3884,0.3491843735073079,99.7398768750542,0.17752116379220823,False
3885,0.40907313904382653,99.64510123341866,0.17568079475478676,False
3886,0.40907313904382653,99.70428926950666,0.17554027252117935,False
3887,0.40907313904382653,99.70238095238095,0.17533855218823677,False
3888,0.40907313904382653,99.70046561285922,0.17512983491382736,False
3889,0.40907313904382653,99.6985434574976,0.17491744582819424,False
3890,0.40907313904382653,99.69661470066985,0.17470446722282718,False
3891,0.40907313904382653,99.69467956469165,0.1789722307040865,False
3892,0.40907313904382653,99.6927382799428,0.17868878868119367,False
3893,0.40907313904382653,99.69079108498653,0.2528734941168834,False
3894,0.40907313904382653,99.68883822668597,0.3287608593952547,False
3895,0.40907313904382653,99.68687996031746,0.3884682015220437,False
3896,0.40907313904382653,99.68491654968024,0.43751099149762246,False
3897,0.40907313904382653,99.6829482672024,0.4793636853233632,False
3898,0.40907313904382653,99.68097539404276,0.5158177759437514,False
3899,0.40907313904382653,99.67899822018815,0.5479889492420912,False
3900,0.40907313904382653,99.67701704454606,0.5929022230038994,False
3901,0.40907313904382653,99.67503217503217,0.6206056978862374,False
3902,0.40907313904382653,98.94143925415169,0.6227585368383153,False
3903,0.40907313904382653,99.71664929650859,0.6455624184548594,False
3904,0.40907313904382653,99.72364913193316,0.6658932708320016,False
3905,0.40907313904382653,99.72415135977153,0.684047714157294,False
3906,0.40907313904382653,99.71871524825015,0.70027168339661,False
3907,0.40907313904382653,99.70991561181435,0.7147599620833133,False
3908,0.40907313904382653,99.70431893687707,0.7276564466565342,False
3909,0.40907313904382653,99.69865398781222,0.7390975097805644,False
3910,0.40907313904382653,99.6929202942566,0.7975055939132081,False
3911,0.40907313904382653,99.4941607821836,0.8473480846706954,False
3912,0.40907313904382653,99.64480874316939,0.8521619149248437,False
3913,0.40907313904382653,98.86270491803279,0.8366571579509446,False
3914,0.40907313904382653,98.69442726585584,0.812667594340349,False
3915,0.40907313904382653,98.67377679282524,0.7880762243362697,False
3916,0.40907313904382653,98.66685279542124,0.7635808734238194,False
3917,0.40907313904382653,98.65639618726038,0.7391750921184278,False
3918,0.40907313904382653,98.64587025877348,0.714950105790982,False
3919,0.40907313904382653,98.63527562430781,0.6910055214299252,False
3920,0.40907313904382653,98.41503737780333,0.6530412463974388,False
3921,0.40907313904382653,98.56466249683648,0.626788692866978,False
3922,0.40907313904382653,98.55615362234506,0.601295979229488,False
3923,0.40907313904382653,98.54764953356502,0.5767052286377438,False
3924,0.40907313904382653,98.53915219311156,0.5530591469702598,False
3925,0.40907313904382653,98.53066360709131,0.5303993143084562,False
3926,0.40907313904382653,98.52218582489577,0.5087838775780035,False
3927,0.40907313904382653,98.51372093893902,0.4882746091751058,False
3928,0.40907313904382653,98.50527108433735,0.4689333460044812,False
3929,0.40907313904382653,98.4968384385294,0.4508210738809019,False
3930,0.40907313904382653,97.69792889326418,0.3371103672375553,False
3931,0.40907313904382653,97.6789973874522,0.1738176596383856,False
3932,0.40907313904382653,98.5006247396918,0.14903104886404775,False
3933,0.40907313904382653,98.54620586025544,0.12833698407754313,False
3934,0.40907313904382653,98.54620586025544,0.10954540412244744,False
3935,0.40907313904382653,98.54620586025544,0.09301550399587602,False
3936,0.40907313904382653,98.54620586025544,0.07918325577766418,False
3937,0.40907313904382653,98.54620586025544,0.16793147253014112,False
3938,0.40907313904382653,98.54620586025544,0.1670455513130088,False
3939,0.40907313904382653,98.54620586025544,0.1654668099202969,False
3940,0.4637773498877516,98.54620586025544,0.17038993314591425,False
3941,0.5140912790181235,98.54620586025544,0.17411562539020714,False
3942,0.5140912790181235,98.54620586025544,0.17657217362669922,False
3943,0.5140912790181235,98.54620586025544,0.17864874434965675,False
3944,0.5140912790181235,98.54620586025544,0.18046148288006128,False
3945,0.5140912790181235,98.54620586025544,0.1820719027489865,False
3946,0.5140912790181235,98.54620586025544,0.18349243260381257,False
3947,0.560576942614533,98.54620586025544,0.18472975862013635,False
3948,0.603652249754401,98.54620586025544,0.1857925315773917,False
3949,0.6436394131461666,98.54620586025544,0.1866897677897786,False
3950,0.6807937753703206,98.54620586025544,0.23760619981125297,False
3951,0.7153220528038851,98.54620586025544,0.23791233568812903,False
3952,0.7473944462440387,98.54620586025544,0.23809349266195484,False
3953,0.7771529943226336,98.54620586025544,0.2402846555918053,False
3954,0.804717519321077,98.54620586025544,0.24207670179939916,False
3955,0.8301899714180443,98.54620586025544,0.24351921758835934,False
3956,0.8536576732793313,98.54620586025544,0.24465705881634556,False
3957,0.875195788740725,97.79489105935387,0.24378131248655438,False
3958,0.8948692308065574,98.58752817430504,0.24320866072642752,False
3959,0.9127341558073343,98.4198729921554,0.2440804714832677,False
3960,0.9127341558073343,98.65537478642003,0.2411379158699736,False
3961,0.9127341558073343,98.65537478642003,0.23930718689959743,False
3962,0.9127341558073343,98.65537478642003,0.2384192104529174,False
3963,0.9127341558073343,98.65537478642003,0.23696442075787405,False
3964,0.9127341558073343,98.65537478642003,0.2357135265678699,False
3965,0.9127341558073343,98.65537478642003,0.2344526559545322,False
3966,0.9127341558073343,98.65537478642003,0.23319717747907887,False
3967,0.9127341558073343,98.65537478642003,0.2319614973028104,False
3968,0.9127341558073343,98.65537478642003,0.23070301776601687,False
3969,0.9127341558073343,98.65537478642003,0.23848002544959443,False
3970,0.9127341558073343,97.89391575663026,0.18789469508880205,False
3971,0.9127341558073343,98.44975719088532,0.1877282407773512,False
3972,0.9127341558073343,98.45349271572655,0.18775547581850816,False
3973,0.9127341558073343,98.68509525588345,0.18523933997352715,False
3974,0.9127341558073343,98.67768595041322,0.1832261033283547,False
3975,0.9127341558073343,98.67029313992143,0.18167647644988005,False
3976,0.9127341558073343,98.66291878751045,0.18054819379877649,False
3977,0.9127341558073343,97.86142976525109,0.09837337530773001,False
3978,0.9127341558073343,98.62493352579199,0.22100044583206718,False
3979,0.9127341558073343,98.62493352579199,0.2207976686852314,False
3980,0.9127341558073343,98.62493352579199,0.22047172082833202,False
3981,0.9127341558073343,98.62493352579199,0.22053788407231772,False
3982,0.9127341558073343,98.62493352579199,0.2206084759423082,False
3983,0.9127341558073343,98.57957808491902,0.2213807716886631,False
3984,0.9127341558073343,98.59149494481747,0.23868162419379949,False
3985,0.9127341558073343,98.58426354478628,0.24058290702734653,False
3986,0.9127341558073343,98.57702861622893,0.24242940089663045,False
3987,0.9127341558073343,98.56979179013078,0.24420661689465575,False
3988,0.9127341558073343,98.56255475033845,0.24672889850136834,False
3989,0.9127341558073343,98.27434336963485,0.2405544839321748,False
3990,0.9127341558073343,98.48631239935588,0.2423373145927885,False
3991,0.9127341558073343,98.47810248522626,0.24394100888147213,False
3992,0.9288391461883214,98.46992756571987,0.24536621789987745,False
3993,0.9432261548473415,98.46179021436754,0.24661457821889024,False
3994,0.9559312637896478,98.45369304161869,0.24772898255524178,False
3995,0.9669852958320848,98.44563869367508,0.24869941203785262,False
3996,0.976414308115487,98.43762985124242,0.24953380598539374,False
3997,0.9842399889605549,98.42966922819913,0.25024027051516334,False
3998,0.9904799742690308,97.6152689609088,0.15351600356418343,False
3999,0.995148095654003,98.37955228867357,0.1540775555715068,False
4000,0.995148095654003,98.37955228867357,0.25384515858360335,False
4001,0.9904799742690308,98.37955228867357,0.2546137921670562,False
4002,0.9842399889605549,98.37955228867357,0.2551338999541423,False
4003,0.976414308115487,98.37955228867357,0.255440884272621,False
4004,0.9669852958320848,98.06077904633983,0.24003618536642968,False
4005,0.9669852958320848,98.3000084366827,0.23869858323657453,False
4006,0.9669852958320848,98.29164900381518,0.23728761945893195,False
4007,0.9669852958320848,98.28335321179077,0.23582906137051496,False
4008,0.9669852958320848,98.27512412258174,0.23353172059192676,False
4009,0.9669852958320848,98.26696482325622,0.23156940436730028,False
4010,0.9669852958320848,98.25887842391774,0.22959025921750198,False
4011,0.9669852958320848,98.25086805555556,0.24997462061329398,False
4012,0.9669852958320848,98.24293686780607,0.24957767040081882,False
4013,0.9669852958320848,98.23508802662695,0.2492168680501015,False
4014,0.9669852958320848,98.22732471188529,0.24885096363151588,False
4015,0.9669852958320848,98.21965011486128,0.2487455188549782,False
4016,0.9669852958320848,98.21206743566992,0.2486954974312485,False
4017,0.9669852958320848,98.20457988060234,0.2486982802688345,False
4018,0.9669852958320848,98.19719065938982,0.24875102858899426,False
4019,0.9669852958320848,98.18990298239311,0.24885069014188815,False
4020,0.9669852958320848,97.3904060366511,0.14975948738945025,False
4021,0.976414308115487,98.12702120014373,0.15018388110524994,False
4022,0.9842399889605549,98.12702120014373,0.15110662408157524,False
4023,0.9904799742690308,98.12702120014373,0.1524579226634613,False
4024,0.995148095654003,98.12702120014373,0.15416925732446005,False
4025,0.9982545693874831,98.12702120014373,0.15617498879190408,False
4026,1.1034990673875955,98.12702120014373,0.15841349597718543,False
4027,1.175193620727556,98.12702120014373,0.16082787812447472,False
4028,1.2337244651110395,98.12702120014373,0.16336628992965754,False
4029,1.2834031297544843,98.12702120014373,0.16549354191028698,False
4030,1.3262610770456722,98.12702120014373,0.270144983559157,False
4031,1.3237243701143493,97.71825396825396,0.2532877130530758,False
4032,1.3194892909924263,98.03531009506564,0.25521907018653456,False
4033,1.3194892909924263,98.02781059710988,0.2632408831369299,False
4034,1.3135448704851067,98.02043422733078,0.2668015261635062,False
4035,1.347922583568817,98.01318439846182,0.270047170385365,False
4036,1.3773114348674147,98.00606450427271,0.2731586921742787,False
4037,1.4022346182456082,97.99907791609036,0.2761262857221494,False
4038,1.4230670603378361,97.99222797927462,0.2789411689252045,False
4039,1.4400831784759722,97.98551800965465,0.28159559625409325,False
4040,1.4267547652077353,97.91423093111351,0.34564771587126103,False
4041,1.4113949465359856,97.93629852996608,0.34479443952969363,False
4042,1.3939473942522724,97.92566573313714,0.34397565093335464,False
4043,1.374344879613302,97.9150726855394,0.34304918798808554,False
4044,1.3525074295964727,97.90452333927453,0.34202537725648396,False
4045,1.3283399146847865,97.89402173913044,0.35670901207073796,False
4046,1.301728854068539,97.88357202209296,0.355468742640089,False
4047,1.272538115441929,97.87317841669949,0.3542250967930608,False
4048,1.2406030082663506,97.86284524222741,0.3529826689788458,False
4049,1.2057219651274376,97.85257690771074,0.35174611199044703,False
4050,1.2057219651274376,97.02357171394327,0.2793164754841857,False
4051,1.2057219651274376,97.76767878545745,0.2758359756452991,False
4052,1.2057219651274376,97.76767878545745,0.2727265825305857,False
4053,1.2406030082663506,97.63114218176331,0.26370525745790585,False
4054,1.272538115441929,97.70056726094003,0.2588811537248085,False
4055,1.301728854068539,97.68960065282808,0.25409953096773075,False
4056,1.3283399146847865,97.67871815940838,0.24938156253771415,False
4057,1.3525074295964727,97.66792491855836,0.2447490413730077,False
4058,1.374344879613302,97.65722615576843,0.24022423591415829,False
4059,1.3939473942522724,97.64662718171812,0.23582970406932824,False
4060,1.4113949465359856,96.92380751371887,0.11805198116885314,False
4061,1.4113949465359856,97.70542306262283,0.1162566394757584,False
4062,1.4113949465359856,97.7020686713585,0.11431603900449439,False
4063,1.4113949465359856,97.69893508856424,0.21728731291509218,False
4064,1.4113949465359856,97.69602577873255,0.21720905341496255,False
4065,1.4113949465359856,97.28914039342496,0.1901467982536346,False
4066,1.4267547652077353,97.788232749297,0.19040204669612348,False
4067,1.4400831784759722,97.7794709916186,0.19061295065732412,False
4068,1.4514270347987221,97.77084017964728,0.2091011447546556,False
4069,1.4608248015713592,97.76234567901234,0.21067172141937482,False
4070,1.4683074126842999,97.75399290150843,0.2122715014753406,False
4071,1.4738989153366922,97.7457873005245,0.2690486802493591,False
4072,1.4776169519137876,97.7377343662288,0.27427095769422577,False
4073,1.4794731020725562,97.7298396205105,0.3552888933917936,False
4074,1.4794731020725562,97.72210861167916,0.36153048711534774,False
4075,1.4776169519137876,97.71454690892469,0.36707311451615804,False
4076,1.4738989153366922,97.70716009654063,0.37248422920767993,False
4077,1.4683074126842999,97.69995376791493,0.377163004077528,False
4078,1.4608248015713592,97.69293351929335,0.3811882846406274,False
4079,1.4514270347987221,97.68610494332125,0.38462987678129373,False
4080,1.4400831784759722,97.67947362237105,0.3875502039026824,False
4081,1.4267547652077353,97.67304512166312,0.40625040656723876,False
4082,1.4113949465359856,97.66682498218951,0.4104578075585383,False
4083,1.3939473942522724,96.83566848729518,0.37022420226164754,False
4084,1.374344879613302,97.56589883638091,0.3736141414374286,False
4085,1.3525074295964727,97.56589883638091,0.3766131921711026,False
4086,1.3283399146847865,97.56589883638091,0.3792407135606293,False
4087,1.2952336017523502,97.56589883638091,0.38151634417222324,False
4088,1.2588874993443833,97.23714047022318,0.3737883126356091,False
4089,1.2189859772419214,97.48710567350366,0.3746557608424545,False
4090,1.175117286794541,97.48071359691417,0.37519284899717786,False
4091,1.1538530565800798,96.88311688311688,0.33810847467977445,False
4092,1.1538530565800798,97.3547215496368,0.33491080415285723,False
4093,1.1538530565800798,96.57384987893462,0.24834190406989445,False
4094,1.1787269834988532,97.2457627118644,0.2405312614064827,False
4095,1.1787269834988532,97.2457627118644,0.23309096253400513,False
4096,1.1494318918359776,97.2457627118644,0.22519931995974277,False
4097,1.090864890696142,97.2457627118644,0.217892012056627,False
4098,1.0236982481827188,97.2457627118644,0.2111732574085607,False
4099,0.9436063339556555,97.2457627118644,0.2532644853693876,False
4100,0.8301899714180443,97.2457627118644,0.24935734295812248,False
4101,0.804717519321077,96.89818756842233,0.21856106950372484,False
4102,0.7771529943226336,97.15263350849322,0.21141566853009744,False
4103,0.8623538561746379,97.14583844831819,0.20499434124727353,False
4104,0.9129467467841514,97.13933415536376,0.19878361383603677,False
4105,0.9491912500871044,97.13312693498452,0.19326463257172427,False
4106,0.9752462395674342,97.12722298221614,0.18847893147942263,False
4107,0.9929563290994998,97.12162837162838,0.1844619787747661,False
4108,1.0032709271829536,97.11634904714143,0.18124078359890983,False
4109,1.0032709271829536,97.11139081183134,0.17883163128977936,False
4110,1.0032709271829536,97.1067593177511,0.17723822561726765,False
4111,1.0434758622197662,97.10246005579508,0.17645050217279287,False
4112,1.0805333164475432,97.09849834563502,0.17605822350637387,False
4113,1.114696123966521,97.09487932575661,0.17628709844878007,False
4114,1.146168329937132,97.09160794362587,0.1762491030020086,False
4115,1.175117286794541,97.08868894601542,0.17674493822871784,False
4116,1.201681991620676,97.08612686952037,0.17773546296245676,False
4117,1.2259790140555225,97.08392603129445,0.17917237998253824,False
4118,1.2259790140555225,97.08209052003632,0.1809996622836254,False
4119,1.2259790140555225,96.47594278283485,0.11571808867771767,False
4120,1.2259790140555225,97.1903520208605,0.1291273683979796,False
4121,1.2259790140555225,97.19247845390441,0.14024714351723913,False
4122,1.2259790140555225,97.19497842291095,0.150188661768892,False
4123,1.2259790140555225,97.19785255990573,0.1587442959229449,False
4124,1.2481068205144499,97.20110120608285,0.16681555162032144,False
4125,1.2681489963097885,97.20472440944881,0.17394581743671708,False
4126,1.2861766890619075,97.2087219230264,0.18025087319693228,False
4127,1.3022504881911108,97.21309320362823,0.18581741675346325,False
4128,1.316421886822755,97.21783741120758,0.1907115366198917,False
4129,1.3287344279695676,97.22295340879178,0.19498413391479594,False
4130,1.3392246071829446,97.22843976300197,0.19769355247510542,False
4131,1.347922583568817,97.23429474516001,0.2000728690437671,False
4132,1.3548527368476762,97.24051633298208,0.20246361538262075,False
4133,1.3600340979407453,97.24710221285564,0.23034345292119437,False
4134,1.363480673059691,97.2540497826946,0.2291445023616135,False
4135,1.3652016755898781,97.26135615536538,0.26967386245139424,False
4136,1.3652016755898781,97.26901816267439,0.2682234729410936,False
4137,1.363480673059691,97.27703235990529,0.2666734073531217,False
4138,1.3600340979407453,97.2853950308926,0.2650293988102333,False
4139,1.3548527368476762,96.9197425456456,0.2595848945981147,False
4140,1.3548527368476762,97.42125984251969,0.25253918691219934,False
4141,1.3548527368476762,97.4247799237945,0.24568782568429193,False
4142,1.3548527368476762,97.4286465868736,0.23904381966602148,False
4143,1.3548527368476762,97.43285939968405,0.23262242951362383,False
4144,1.3548527368476762,97.43741765480895,0.2264413468990777,False
4145,1.3548527368476762,97.44232036914964,0.22052085264406174,False
4146,1.3548527368476762,97.44756628413138,0.2148839387157342,False
4147,1.3548527368476762,97.45315386645552,0.20955637466954605,False
4148,1.3548527368476762,97.4590813093981,0.20456669479005865,False
4149,1.3548527368476762,97.46534653465346,0.19994607843725926,False
4150,1.3548527368476762,97.47194719471948,0.19645792693933664,False
4151,1.347922583568817,97.47888067581837,0.2054293887140316,False
4152,1.347922583568817,97.486144101346,0.20767038987286993,False
4153,1.347922583568817,96.81314330958037,0.18198419044146683,False
4154,1.347922583568817,97.3607812087622,0.1894805193906701,False
4155,1.347922583568817,96.66270940509168,0.13454238069681387,False
4156,1.347922583568817,97.2775214238629,0.14657782759270668,False
4157,1.347922583568817,97.28590250329381,0.15846372766693567,False
4158,1.3392246071829446,97.29462875197473,0.17023585498310964,False
4159,1.3287344279695676,97.3036959095094,0.17046183375230872,False
4160,1.3559212235520337,97.31309946130601,0.19315299641813652,False
4161,1.3785347251376459,97.32283464566929,0.21371767285664467,False
4162,1.3969387860636409,97.33289646133683,0.23270956159388723,False
4163,1.4113949465359856,97.34327967543516,0.25047568078985194,False
4164,1.4113949465359856,97.35397883183066,0.25033571706920477,False
4165,1.4113949465359856,97.36498825984869,0.27389510126481736,False
4166,1.4113949465359856,97.37630208333333,0.29322403210292997,False
4167,1.4113949465359856,97.38791423001949,0.31070402123426505,False
4168,1.4113949465359856,97.39981844118792,0.3266229763446119,False
4169,1.4113949465359856,97.4120082815735,0.3411905462458138,False
4170,1.4267547652077353,97.42447714949651,0.35470920482251045,False
4171,1.4400831784759722,97.02511268512556,0.3604629415906583,False
4172,1.4514270347987221,97.55940912010276,0.369354587364495,False
4173,1.4766549183659508,97.57300204918033,0.3773029432341736,False
4174,1.498941259446481,97.58682328907048,0.3843622916693841,False
4175,1.5184387137728148,97.60086547028128,0.3905774038432555,False
4176,1.5352702332191592,97.61512114677153,0.3866866004147971,False
4177,1.5495348211113549,97.62958280657395,0.3867735393683274,False
4178,1.5613116549052575,97.64424288233812,0.3859544921882407,False
4179,1.565263635906296,97.3327475837831,0.3894911602870937,False
4180,1.5665782425417163,97.774165311992,0.3819567986712923,False
4181,1.565263635906296,97.78733482921965,0.39706592664204776,False
4182,1.5613116549052575,97.8006958250497,0.3873337159885519,False
4183,1.554697508762069,97.81424148606811,0.37726619848857534,False
4184,1.545378825051491,97.44539059607553,0.37858129050423367,False
4185,1.5473931750149272,97.93408755533694,0.3620811055599229,False
4186,1.547393175014927,97.94868654705775,0.35075665778198006,False
4187,1.545378825051491,97.96341463414635,0.3358642694255476,False
4188,1.541342789057496,97.97826482909356,0.32049527001425404,False
4189,1.5352702332191592,97.99323017408123,0.3046777983085039,False
4190,1.527138493598173,98.00830374872135,0.33190323816581374,False
4191,1.5169165540634162,98.02347867752755,0.3188348212608949,False
4192,1.5045643034921028,98.0387481371088,0.3047726310895568,False
4193,1.4900315255825651,98.05410536307546,0.29295104235880404,False
4194,1.473256553252489,98.06954365665034,0.31739536562438797,False
4195,1.4541644890966259,98.08505639097744,0.37009999942999844,False
4196,1.4326648482653093,97.62351836638892,0.42149564636763687,False
4197,1.408648411160687,97.98968467940452,0.4604733437868052,False
4198,1.3819829643540342,97.99227347225474,0.4940287739966891,False
4199,1.3525074295964727,97.99509001636662,0.4913160871728729,False
4200,1.320023576372009,97.99813236839033,0.5276693798674437,False
4201,1.2952336017523502,97.16126785092302,0.5434831938627821,False
4202,1.2680160454788014,97.93302540415705,0.5738573921366926,False
4203,1.2680160454788014,97.95016077170418,0.6008510138128014,False
4204,1.2680160454788014,97.96734041338358,0.6249882752085746,False
4205,1.2680160454788014,97.76882025661406,0.6248767835313789,False
4206,1.2680160454788014,97.59732532441775,0.6361147043924257,False
4207,1.2680160454788014,97.94653014789533,0.6363025740824828,False
4208,1.2382339767869435,97.93320011418784,0.6366175244370399,False
4209,1.2057219651274376,97.92000916800367,0.6392831818732442,False
4210,1.17027775595384,97.14795008912655,0.6178596944377326,False
4211,1.1676444621356104,97.99215324255712,0.6172723219874018,False
4212,1.1676444621356104,97.80105917568501,0.6173523785843107,False
4213,1.17027775595384,98.04754794992535,0.6163788284525559,False
4214,1.1676444621356104,98.55863098656253,0.597608446879189,False
4215,1.1596780472087271,98.854393401306,0.5598470872957643,False
4216,1.1461683299371317,98.85083888761204,0.5225096683357948,False
4217,1.1267251857192595,98.84739511295528,0.48560099291818465,False
4218,1.100698757874416,98.84406427002659,0.4488849577710528,False
4219,1.0670056836533544,98.08740002318304,0.44989476430226316,False
4220,1.0236982481827188,98.92491864249186,0.40507304580372167,False
4221,1.0236982481827188,98.92809548641289,0.3587777494227964,False
4222,1.0236982481827188,98.93137707948244,0.30940795392335907,False
4223,1.0236982481827188,98.93476132895722,0.2552183540312865,False
4224,1.0236982481827188,98.938246097337,0.19147563557808064,False
4225,1.0236982481827188,98.13969413375942,0.29025166098521676,False
4226,1.0236982481827188,97.60009099181073,0.41927091012842815,False
4227,1.0236982481827188,98.06188371302278,0.47015870138627247,False
4228,1.0236982481827188,98.06888763410502,0.5113010383193334,False
4229,1.0236982481827188,97.92416741674167,0.542507903604366,False
4230,1.0236982481827188,98.14503474557274,0.5730173314670114,False
4231,0.9992889743797903,98.14503474557274,0.5982714762683309,False
4232,0.9727642516015449,98.14503474557274,0.6190030113406133,False
4233,0.9440231356865454,98.14503474557274,0.6360123251425586,False
4234,0.9440231356865454,98.14503474557274,0.6498258981788332,False
4235,0.9440231356865454,98.14503474557274,0.6608764727352742,False
4236,0.9440231356865454,98.14503474557274,0.6704807856168047,False
4237,0.9440231356865454,98.14503474557274,0.6793572699493954,False
4238,0.9440231356865454,98.14503474557274,0.6870948723130171,False
4239,0.9440231356865454,98.14503474557274,0.6937677905833067,False
4240,0.9440231356865454,98.14503474557274,0.6995979331461986,False
4241,0.9440231356865454,98.14503474557274,0.7041089729548317,False
4242,0.9440231356865454,98.14503474557274,0.7077176125048609,False
4243,0.9440231356865454,98.14503474557274,0.7104076725067892,False
4244,0.9440231356865454,98.14503474557274,0.7123625260261169,False
4245,0.9440231356865454,97.36047421988592,0.6810239804286217,False
4246,0.9440231356865454,96.8124370875741,0.5985519831136801,False
4247,0.9440231356865454,97.25981433844089,0.561028128657101,False
4248,0.9440231356865454,97.25981433844089,0.5249374461124761,False
4249,0.9440231356865454,97.25981433844089,0.49038995084994197,False
4250,0.9440231356865454,97.25981433844089,0.47402357242377274,False
4251,0.9440231356865454,97.25981433844089,0.44166986462888974,False
4252,0.9440231356865454,97.25981433844089,0.4120348828857415,False
4253,0.9440231356865454,97.25981433844089,0.3855135792892091,False
4254,0.9440231356865454,97.25981433844089,0.3614858365633941,False
4255,0.9440231356865454,97.25981433844089,0.34089811999428793,False
4256,0.9440231356865454,97.25981433844089,0.32069387743208644,False
4257,0.9440231356865454,97.25981433844089,0.30189769662657634,False
4258,0.9440231356865454,97.25981433844089,0.3192222731683545,False
4259,0.9440231356865454,97.25981433844089,0.30317115237858355,False
4260,0.9440231356865454,97.25981433844089,0.28784417846763793,False
4261,0.9440231356865454,97.25981433844089,0.2738322414473911,False
4262,0.9440231356865454,97.25981433844089,0.2738016222133114,False
4263,0.9440231356865454,97.25981433844089,0.26557897986104045,False
4264,0.9129467467841513,97.25981433844089,0.25881544975205545,False
4265,0.8793939303559065,97.25981433844089,0.26409001664373044,False
4266,0.843195316078971,97.25981433844089,0.25847953029001075,False
4267,0.804144968682279,97.25981433844089,0.2541828853883978,False
4268,0.7619882811604882,97.25981433844089,0.2891453283710573,False
4269,0.7619882811604882,97.25981433844089,0.2900119097372166,False
4270,0.7619882811604882,96.79006822503075,0.2602720434692345,False
4271,0.7619882811604882,97.38843529806509,0.26411862907598366,False
4272,0.677903479475398,97.3984736226394,0.292401647587566,False
4273,0.603652249754401,97.40872267228943,0.2935483271999384,False
4274,0.603652249754401,97.20341804461214,0.30580898542289064,False
4275,0.560576942614533,97.34768616135834,0.30545379235823145,False
4276,0.5140912790181235,97.20896681833315,0.30602692242980445,False
4277,0.4637773498877516,97.40872267228943,0.30415177594040343,False
4278,0.40907313904382653,96.59468438538207,0.2675319740244448,False
4279,0.3491843735073079,97.31491712707182,0.26943431890064934,False
4280,0.2829047929798921,97.31010913901444,0.27131521311746315,False
4281,0.208180945557171,97.30561970746729,0.27274198695580887,False
4282,0.208180945557171,96.87362878455463,0.26166174788568136,False
4283,0.208180945557171,97.4015317286652,0.27026732942122966,False
4284,0.208180945557171,97.4015317286652,0.2750580214824799,False
4285,0.208180945557171,96.87362878455463,0.27002954489912595,False
4286,0.208180945557171,97.30561970746729,0.27724006848338256,False
4287,0.208180945557171,97.31010913901444,0.284341235530385,False
4288,0.208180945557171,96.58563535911603,0.2539973133786211,False
4289,0.208180945557171,97.40310077519379,0.25817764505875285,False
4290,0.208180945557171,97.41341275093757,0.2623537558333838,False
4291,0.208180945557171,97.42392617818301,0.2665054304386264,False
4292,0.208180945557171,96.65920628855287,0.2537939562852773,False
4293,0.208180945557171,97.36356732125421,0.3317330200534838,False
4294,0.208180945557171,96.81828003457217,0.33508494273971473,False
4295,0.208180945557171,97.27302065404476,0.34674333020123244,False
4296,0.208180945557171,97.28499518046482,0.3568183597455142,False
4297,0.208180945557171,97.19053203966308,0.3654994157317783,False
4298,0.208180945557171,97.3572489917215,0.3706727316567602,False
4299,0.208180945557171,97.3572489917215,0.37700448611781895,False
4300,0.208180945557171,97.3572489917215,0.3792517038543316,False
4301,0.208180945557171,97.3572489917215,0.3813661860081222,False
4302,0.208180945557171,97.3572489917215,0.382987682986938,False
4303,0.208180945557171,96.86902992995118,0.3782764720878726,False
4304,0.208180945557171,97.47930375716409,0.37583038713067624,False
4305,0.208180945557171,97.49102049440101,0.3733841307157761,False
4306,0.208180945557171,97.5028913889181,0.37033883006069873,False
4307,0.208180945557171,97.51491053677933,0.3668759644758451,False
4308,0.208180945557171,97.52707205331112,0.36281465851004263,False
4309,0.208180945557171,97.53937007874016,0.4060348955829273,False
4310,0.208180945557171,97.55179878363056,0.4331862192203364,False
4311,0.208180945557171,97.56435237411547,0.4286160174229471,False
4312,0.208180945557171,96.84682390097295,0.417752837235461,False
4313,0.208180945557171,96.31093544137022,0.3573756454900765,False
4314,0.208180945557171,96.79923383235042,0.34343503333730746,False
4315,0.208180945557171,96.81640429158729,0.3312037049566073,False
4316,0.2829047929798921,96.8337073049115,0.31968623393226203,False
4317,0.3491843735073079,96.85113557472974,0.30981490553956875,False
4318,0.40907313904382653,96.86868188766705,0.30165700752381475,False
4319,0.4637773498877516,96.85201529861725,0.2920920500242746,False
4320,0.5140912790181235,96.93822826775876,0.2885337755877217,False
4321,0.5140912790181235,96.93822826775876,0.28600870525076305,False
4322,0.5140912790181235,96.93822826775876,0.2932112126193177,False
4323,0.5140912790181235,96.93822826775876,0.3635089167845449,False
4324,0.5140912790181235,96.93822826775876,0.3694153701282886,False
4325,0.5140912790181235,96.93822826775876,0.374621110401649,False
4326,0.560576942614533,96.93822826775876,0.37955427181523255,False
4327,0.603652249754401,96.93822826775876,0.3842104395940112,False
4328,0.6436394131461666,96.93822826775876,0.38850465241489573,False
4329,0.6807937753703206,96.24001558542763,0.39414044419920036,False
4330,0.7153220528038851,96.33179275115543,0.3611066364171726,False
4331,0.7473944462440387,96.94849368318756,0.36313321718905794,False
4332,0.7771529943226336,96.95492713058584,0.44398246331192764,False
4333,0.804717519321077,96.96156426722898,0.4448615153588271,False
4334,0.804717519321077,96.96839901008947,0.44552306460821023,False
4335,0.804717519321077,96.97542533081285,0.44605361756420314,False
4336,0.8301899714180443,96.98263725950258,0.4464190338619764,False
4337,0.8536576732793313,96.99002888826763,0.44658352366452503,False
4338,0.875195788740725,96.99759437453739,0.4465094739825511,False
4339,0.8948692308065574,97.00532794414845,0.44615723063317236,False
4340,0.9127341558073343,97.0360237118103,0.44523289371951374,False
4341,0.9288391461883214,97.0360237118103,0.44404187517466814,False
4342,0.9432261548473415,96.51077822433321,0.46237292865738777,False
4343,0.9559312637896478,95.8713920350749,0.4066659331587992,False
4344,0.9669852958320848,96.48337595907928,0.3987827447860237,False
4345,0.9669852958320848,96.48337595907928,0.39114575152742015,False
4346,0.976414308115487,96.48337595907928,0.38380927011571103,False
4347,0.9842399889605549,96.48337595907928,0.37683029022709214,False
4348,0.9904799742690308,96.48337595907928,0.37026813287949106,False
4349,0.995148095654003,95.8713920350749,0.30902934592322395,False
4350,0.9982545693874831,96.5518816222141,0.3059871535493868,False
4351,0.999806132804711,96.54810761513907,0.3033711254383693,False
4352,0.999806132804711,95.5813953488372,0.16409990643888447,False
4353,0.9982545693874831,96.54810761513907,0.1624842567288687,False
4354,0.995148095654003,96.5518816222141,0.16101244847132856,False
4355,0.9904799742690308,96.55598243688254,0.16007289590165402,False
4356,0.9842399889605549,96.56041036914904,0.159589977554832,False
4357,0.976414308115487,96.56516555076584,0.1594794738873551,False
4358,0.9669852958320848,96.5702479338843,0.15965080116267158,False
4359,0.9559312637896478,96.57565728994301,0.16000903378679085,False
4360,0.9432261548473415,96.58139320879728,0.16000973675978622,False
4361,0.9288391461883214,96.5874550980934,0.15999766740589685,False
4362,0.9127341558073343,95.93349912498849,0.13279007096875856,False
4363,0.8948692308065574,96.5183752417795,0.13281830704254022,False
4364,0.875195788740725,96.5183752417795,0.1328112436642654,False
4365,0.875195788740725,96.5183752417795,0.13279951265994294,False
4366,0.8536576732793313,96.5183752417795,0.13279593571944381,False
4367,0.8301899714180443,96.5183752417795,0.1714066384404231,False
4368,0.804717519321077,96.5183752417795,0.17239002089567249,False
4369,0.7771529943226336,96.5183752417795,0.17305216208021618,False
4370,0.7473944462440387,96.5183752417795,0.21493248279611063,False
4371,0.7153220528038851,96.5183752417795,0.21753023121475404,False
4372,0.6807937753703206,96.5183752417795,0.2183604521487796,False
4373,0.6436394131461666,96.5183752417795,0.220721201713452,False
4374,0.603652249754401,96.5183752417795,0.22276178854150955,False
4375,0.560576942614533,96.5183752417795,0.22425222403753578,False
4376,0.5140912790181235,96.5183752417795,0.22528871177273757,False
4377,0.5140912790181235,96.5183752417795,0.22595521387622317,False
4378,0.5140912790181235,96.5183752417795,0.22632554058679039,False
4379,0.5140912790181235,96.5183752417795,0.22646486474875943,False
4380,0.5140912790181235,96.5183752417795,0.2467750257810161,False
4381,0.5140912790181235,96.5183752417795,0.24837633147886987,False
4382,0.4637773498877516,95.93349912498849,0.21766610258618957,False
4383,0.40907313904382653,96.55444258950102,0.21866900844165685,False
4384,0.3491843735073079,96.53821032005226,0.21964677547462072,False
4385,0.2829047929798921,96.52210644888764,0.22056179082481878,False
4386,0.208180945557171,96.50613786591124,0.2213825804844441,False
4387,0.208180945557171,96.00588905775076,0.19384414075879486,False
4388,0.208180945557171,96.55584217063151,0.19360236784245446,False
4389,0.208180945557171,96.54658265595691,0.19342600905952692,False
4390,0.208180945557171,95.89830508474576,0.14567597050081832,False
4391,0.208180945557171,96.6115742772171,0.14150701467612306,False
4392,0.208180945557171,96.56769538296524,0.13940401725078774,False
4393,0.208180945557171,96.63595144069036,0.13446730176232138,False
4394,0.3280668831792932,96.62155535941943,0.13042419582557574,False
4395,0.41475814399911126,96.60732777750383,0.1271976533131337,False
4396,0.48865925334338955,96.5932758107706,0.12469954997424093,False
4397,0.5541015302865538,96.57940663176265,0.12283427285921154,False
4398,0.6271502454482835,96.56572746415321,0.12149304380474311,False
4399,0.6917244835981394,96.552245576894,0.12059956948546922,False
4400,0.7498765864518436,96.04743083003953,0.17159976082829256,False
4401,0.8028116417452926,96.60231266873822,0.17034298416235605,False
4402,0.8513226827573213,96.59522100297406,0.16903827791530143,False
4403,0.8959704136014894,96.5883870967742,0.16774381650295928,False
4404,0.9371713531760616,96.58181818181818,0.16645405152315848,False
4405,0.9371713531760616,96.57552151409003,0.16522509681811848,False
4406,0.8959704136014894,96.56950436704199,0.16411164121193958,False
4407,0.8959704136014894,96.56377402446127,0.1631663255027494,False
4408,0.8959704136014894,96.55833777304208,0.16243895840044245,False
4409,0.8959704136014894,96.55320289466631,0.16197560728362748,False
4410,0.8959704136014894,96.54837665839715,0.1618176178725515,False
4411,0.8959704136014894,96.54386631219141,0.16171825351924357,False
4412,0.9371713531760616,96.53967907433686,0.16197176972940203,False
4413,0.9752462395674342,96.53582212462257,0.16283869919005853,False
4414,0.9752462395674342,96.53230259525124,0.16412319971909806,False
4415,0.9752462395674342,96.52912756150386,0.1658709483969066,False
4416,0.9752462395674342,96.52630403216799,0.1681167278156318,False
4417,0.9752462395674342,96.5238389397428,0.1708839901888004,False
4418,0.9752462395674342,96.52173913043478,0.1741917075158938,False
4419,0.9752462395674342,96.52001135395969,0.1780257214314004,False
4420,0.9752462395674342,95.82528683403385,0.09323835115439208,False
4421,0.9752462395674342,96.43161543269504,0.10034285629677847,False
4422,0.9752462395674342,96.44196885301807,0.1087045463741393,False
4423,0.9752462395674342,96.45273151043148,0.11792960352722774,False
4424,0.9752462395674342,96.46389994314951,0.1277984125766118,False
4425,0.9752462395674342,96.47547041100563,0.13806774776999303,False
4426,0.9371713531760616,96.48743889962488,0.14855902339679067,False
4427,0.9371713531760616,96.49980112506393,0.1591414854422548,False
4428,0.9371713531760616,96.51255253890719,0.1697189937542337,False
4429,0.9371713531760616,96.52568833380641,0.1802203413587502,False
4430,0.9371713531760616,96.53920344944967,0.19059237528914105,False
4431,0.9371713531760616,96.55309257894439,0.199416942134829,False
4432,0.9752462395674342,96.5673501755976,0.20163964632241707,False
4433,0.9752462395674342,96.58197046007584,0.2155170151602454,False
4434,0.9752462395674342,96.59694742792539,0.23067446868194783,False
4435,0.9752462395674342,96.61227485743323,0.24772045720706695,False
4436,0.9752462395674342,96.6279463178076,0.2633437132289142,False
4437,0.9752462395674342,96.6439551776564,0.27774963132471897,False
4438,0.9752462395674342,96.66029461374114,0.29108874437792337,False
4439,0.9752462395674342,96.67695761998316,0.3034755526810196,False
4440,0.9752462395674342,96.69393701669841,0.3149998858267426,False
4441,0.9752462395674342,96.71122546003691,0.32573411901672594,False
4442,0.9752462395674342,96.7288154516021,0.3357379500676167,False
4443,0.9752462395674342,96.74669934822573,0.3450616714841548,False
4444,0.9752462395674342,96.76486937187326,0.35374847673626597,False
4445,0.9752462395674342,96.78331761965504,0.36183612569667817,False
4446,0.9752462395674342,96.80203607391833,0.3693581724770544,False
4447,0.9752462395674342,96.82101661239582,0.3763448868713224,False
4448,0.9752462395674342,96.840251018386,0.3828239564759225,False
4449,1.0104488493066097,96.85973099094153,0.38882102867294915,False
4450,1.0429842335712594,96.87944815504216,0.39436013356884936,False
4451,1.0730208202534555,96.8993940717288,0.40026802422323027,False
4452,1.1006987578744163,96.50048982257537,0.4090319295976198,False
4453,1.1261358508278747,96.99962020508926,0.4114897800050751,False
4454,1.1494318918359776,96.28886115783192,0.412509194689096,False
4455,1.1126817966979572,97.08100482882101,0.41156663303334656,False
4456,1.066503202885787,97.10113574905354,0.4105298299660521,False
4457,1.006634797484697,97.12144897849173,0.40939864236929885,False
4458,0.9127341558073343,97.14193617707102,0.40817303858697973,False
4459,0.9127341558073343,97.162589003694,0.40685309652648893,False
4460,0.9127341558073343,97.18339912514669,0.4054390015695497,False
4461,0.9127341558073343,97.20435822482062,0.4039310443025767,False
4462,0.8948692308065574,97.22545801122524,0.40232961807728657,False
4463,0.8948692308065574,97.24669022627776,0.39998238764610566,False
4464,0.8948692308065574,97.26804665335715,0.39763195751259967,False
4465,0.8948692308065574,97.2895191251112,0.3941877307657856,False
4466,0.9127341558073343,97.31109953100574,0.3907873742486177,False
4467,0.9288391461883214,97.33277982460692,0.38743236828812827,False
4468,0.9432261548473415,97.354552030588,0.3841242566168479,False
4469,0.9559312637896478,97.37640825145327,0.3744847869882988,False
4470,0.9669852958320848,97.39834067397317,0.3695624412963765,False
4471,0.976414308115487,97.42034157532501,0.3642978424230429,False
4472,0.976414308115487,97.44240332893536,0.35871301822430063,False
4473,0.9669852958320848,97.4645184100207,0.35282830610704413,False
4474,0.9559312637896478,97.48667940082437,0.346662523984184,False
4475,0.9559312637896478,97.508878995548,0.33548654725461624,False
4476,0.9559312637896478,97.5311100049776,0.3308032901656841,False
4477,0.9559312637896478,97.55336536080432,0.32484931401836453,False
4478,0.9559312637896478,97.57563811964127,0.3177376676517874,False
4479,0.9559312637896478,97.59792146673857,0.338977469276895,False
4480,0.9559312637896478,97.6202087193992,0.3558532008096555,False
4481,0.9559312637896478,97.64249333009944,0.3493275573494147,False
4482,0.9669852958320848,97.66476888931777,0.3430809198643039,False
4483,0.976414308115487,97.68702912807716,0.3379113297107419,False
4484,0.9842399889605549,97.70926792020616,0.33297824349351124,False
4485,0.9904799742690308,97.73147928432442,0.3248262378573939,False
4486,0.995148095654003,97.75365738555922,0.3233779156016462,False
4487,0.9982545693874831,97.77579653699968,0.32112817938069865,False
4488,0.999806132804711,97.79789120089578,0.3181403039171246,False
4489,0.999806132804711,97.6223841554559,0.32203990538467686,False
4490,0.9982545693874831,97.79741863075196,0.31976060469325923,False
4491,0.995148095654003,97.80919389570265,0.3173596796960899,False
4492,0.9904799742690308,97.82119763845938,0.31485289443794384,False
4493,0.9904799742690308,97.8334271243669,0.31225423947591685,False
4494,0.9842399889605549,97.84587948188474,0.30957601754851516,False
4495,0.976414308115487,97.67540152155537,0.31201177035555405,False
4496,0.9669852958320848,97.9137299126022,0.3070154212217923,False
4497,0.9559312637896478,97.90444654683066,0.3031018742869855,False
4498,0.9432261548473415,97.8952380952381,0.3001571549940167,False
4499,0.9288391461883214,97.0047619047619,0.26413283066042875,False
4500,0.9127341558073343,97.02857142857142,0.22704389251036391,False
4501,0.8948692308065574,97.87619047619047,0.22281579083368605,False
4502,0.875195788740725,97.89882163645828,0.21787466091322352,False
4503,0.9665364727522964,97.92136945071482,0.2121872191615593,False
4504,1.0236982481827188,97.9438291508949,0.25319838931746297,False
4505,1.0670056836533544,97.79439078751858,0.25598445664093555,False
4506,1.100698757874416,98.02076124567473,0.2622657993148657,False
4507,1.1267251857192595,98.02076124567473,0.26837554645191053,False
4508,1.1461683299371317,98.02076124567473,0.27424741133150116,False
4509,1.1596780472087271,98.02076124567473,0.2798286760278413,False
4510,1.200719639829801,98.02076124567473,0.27479394479416874,False
4511,1.2382339767869435,98.02076124567473,0.27487696088360203,False
4512,1.2725381154419293,98.02076124567473,0.2746802973224762,False
4513,1.3038818925522595,98.02076124567473,0.2742525849770673,False
4514,1.3324661355215683,98.02076124567473,0.27363628292394687,False
4515,1.3584547364298434,98.02076124567473,0.2728682905954441,False
4516,1.3819829643540342,98.02076124567473,0.2718204645760056,False
4517,1.4031633649036754,98.02076124567473,0.27072056853647186,False
4518,1.4220900521936763,98.02076124567473,0.26956886870043967,False
4519,1.438841894200673,98.02076124567473,0.3180753291883577,False
4520,1.4534849141043307,98.02076124567473,0.3166696017916575,False
4521,1.4660741214574513,98.02076124567473,0.31539399912965765,False
4522,1.4766549183659508,98.02076124567473,0.31423504981144684,False
4523,1.4608248015713592,98.02076124567473,0.31318011653026645,False
4524,1.4683074126842999,97.2318339100346,0.32233255557085544,False
4525,1.4738989153366922,98.07612456747405,0.3206253675136925,False
4526,1.4776169519137876,98.2994132746608,0.3176332160961661,False
4527,1.4794731020725562,98.2994132746608,0.3146957680641246,False
4528,1.4794731020725562,98.2994132746608,0.3118348643735616,False
4529,1.4776169519137876,98.2994132746608,0.30907098259807114,False
4530,1.4738989153366922,98.06662975267626,0.31567848360424106,False
4531,1.4683074126843,98.25359962842545,0.31761949224427244,False
4532,1.4608248015713592,98.24684431977559,0.3196672752346101,False
4533,1.4332278865247239,98.24016563146998,0.3217555930738499,False
4534,1.402234618245608,98.23356696344004,0.32382886804069044,False
4535,1.3675380544221296,98.22705175865028,0.32494667554192785,False
4536,1.3287344279695676,98.22062350119904,0.32621709273000865,False
4537,1.2852748466470731,98.21428571428571,0.32764839217880753,False
4538,1.236377240345227,98.20804195804196,0.32920944840273775,False
4539,1.180846716107336,97.31934731934732,0.28341607107907696,False
4540,1.180846716107336,98.12548562548562,0.2860024993971225,False
4541,1.180846716107336,98.12548562548562,0.28824437345078663,False
4542,1.180846716107336,98.12548562548562,0.290343851354776,False
4543,1.222731822382257,98.12548562548562,0.29230091768669575,False
4544,1.2574580300524587,97.32905982905983,0.24143701257651912,False
4545,1.2861766890619075,98.18376068376068,0.2420255007236492,False
4546,1.30962049684272,98.41744668532279,0.23087858945237158,False
4547,1.3282820174272938,98.41744668532279,0.22000596620975613,False
4548,1.3425003133763334,98.41744668532279,0.20941249469581308,False
4549,1.3525074295964727,98.41744668532279,0.19910408505265306,False
4550,1.3584547364298434,98.41744668532279,0.18832632249647654,False
4551,1.3604279187829045,98.41744668532279,0.1830465759385605,False
4552,1.3584547364298434,98.41744668532279,0.17252446093365573,False
4553,1.3525074295964727,98.41744668532279,0.24231102634958537,False
4554,1.3425003133763334,98.41744668532279,0.23684352880607268,False
4555,1.3282820174272938,98.41744668532279,0.23258507716616922,False
4556,1.30962049684272,98.41744668532279,0.22865508717282235,False
4557,1.2861766890619075,98.41744668532279,0.22974051452160915,False
4558,1.2574580300524587,98.41744668532279,0.22698547360092172,False
4559,1.222731822382257,98.41744668532279,0.22445420393977766,False
4560,1.180846716107336,98.41744668532279,0.22215318776268997,False
4561,1.129798482836793,98.41744668532279,0.22039348028095287,False
4562,1.065299640553338,98.41744668532279,0.2189297544060445,False
4563,0.9669852958320848,98.41744668532279,0.21777065226031284,False
4564,0.976414308115487,98.41744668532279,0.2152422932222683,False
4565,0.9842399889605549,98.41744668532279,0.21608427964728813,False
4566,0.9904799742690308,98.41744668532279,0.21684528749834028,False
4567,0.995148095654003,98.41744668532279,0.217544043463897,False
4568,0.9982545693874831,98.41744668532279,0.21819681212167238,False
4569,0.999806132804711,98.41744668532279,0.2188174949324011,False
4570,0.999806132804711,98.41744668532279,0.22007173310545933,False
4571,0.9982545693874831,98.13583183649692,0.2639580388532407,False
4572,0.995148095654003,98.36377845071799,0.2678431530735799,False
4573,0.9904799742690308,97.5480320377377,0.1985904339086011,False
4574,0.9842399889605549,98.42807711319821,0.20454715244549096,False
4575,0.976414308115487,98.42807711319821,0.21051995216524494,False
4576,0.9669852958320848,98.42807711319821,0.21598760061535474,False
4577,0.9559312637896478,98.16114681166584,0.2157981103514191,False
4578,0.9432261548473415,98.47256549678696,0.21942694668477664,False
4579,0.9288391461883214,98.47841122418734,0.2225437797029159,False
4580,0.9127341558073343,98.48439968404423,0.22518876795286133,False
4581,0.8948692308065574,98.49052880820837,0.22739642938163415,False
4582,0.875195788740725,98.49679645145392,0.22884858944721703,False
4583,0.8536576732793313,98.50320039389463,0.2298770785188062,False
4584,0.8301899714180443,98.34743261853237,0.2312951000761572,False
4585,0.804717519321077,98.5507958341521,0.22958205725458333,False
4586,0.7771529943226336,98.54771784232365,0.22797356846073535,False
4587,0.7473944462440387,98.5447501738353,0.22646464564359897,False
4588,0.7153220528038851,98.54189553580346,0.22487220462705013,False
4589,0.6807937753703206,98.53915662650603,0.2234060313859362,False
4590,0.6436394131461666,98.53653613241825,0.22206204244654812,False
4591,0.603652249754401,97.72243075986609,0.22736393899768004,False
4592,0.560576942614533,98.58774344855715,0.224749061961307,False
4593,0.5140912790181235,98.42215096452385,0.23797426901486587,False
4594,0.4637773498877516,98.62818819225689,0.24409678155487596,False
4595,0.40907313904382653,98.62656999897887,0.24941977426873937,False
4596,0.3491843735073079,98.62507695464807,0.2544411327706551,False
4597,0.2829047929798921,98.62371134020619,0.25917064838966963,False
4598,0.208180945557171,98.62247540134645,0.26361750336510287,False
4599,0.12068101401352381,98.62137134533347,0.2677904009628058,False
4600,-0.0,98.62040133779264,0.2716976720125099,False
4601,-0.0,98.61956749947512,0.2753473633009577,False
4602,-0.0,98.61887190300475,0.2778306587548982,False
4603,-0.0,98.61831656961355,0.28024755641677285,False
4604,-0.0,98.61790346587284,0.28302317289539247,False
4605,-0.0,98.61763450042699,0.2856857861279405,False
4606,-0.0,98.61751152073732,0.28823329617282184,False
4607,-0.0,98.617536309844,0.2906641758998199,False
4608,-0.0,98.61771058315335,0.315795674013842,False
4609,0.12068101401352381,98.61803598525906,0.3203428751364607,False
4610,0.208180945557171,98.61851408680518,0.324590225275054,False
4611,0.2829047929798921,97.8277480624386,0.287081179543615,False
4612,0.3491843735073079,98.65826944140197,0.29014816318744485,False
4613,0.40907313904382653,98.88069888069889,0.2837412017933457,False
4614,0.4637773498877516,98.88255915863277,0.27754512582557245,False
4615,0.5140912790181235,98.88455409637892,0.2718692710982353,False
4616,0.560576942614533,98.88668430335098,0.26630666166612516,False
4617,0.603652249754401,98.88895030678238,0.2608600937456232,False
4618,0.6436394131461666,98.89135254988913,0.2555327332122313,False
4619,0.6436394131461666,98.89389139013952,0.2503281464086446,False
4620,0.6436394131461666,98.89656709763709,0.2452503301310573,False
4621,0.6436394131461666,98.8993798536231,0.23777713748071747,False
4622,0.6436394131461666,98.90232974910394,0.23432501457330573,False
4623,0.6436394131461666,98.90541678360931,0.30306205460032315,False
4624,0.6436394131461666,98.90864086408641,0.35560961956010284,False
4625,0.6436394131461666,98.91200180393483,0.3983438174402306,False
4626,0.6436394131461666,98.91549932218707,0.3960796687472433,False
4627,0.6436394131461666,98.91913304283855,0.4149169807174365,False
4628,0.6436394131461666,98.17460317460318,0.39586250463532,False
4629,0.6436394131461666,98.97223326330135,0.39197297597108643,False
4630,0.6436394131461666,98.97647591042751,0.38828217359019884,False
4631,0.6436394131461666,98.98079846838223,0.38467862490392946,False
4632,0.6436394131461666,98.98519847499439,0.38154079893936066,False
4633,0.6436394131461666,98.98967345799609,0.3785940973433052,False
4634,0.6436394131461666,98.99422093798621,0.3758384422417099,False
4635,0.6436394131461666,98.99883843132916,0.3732731432779005,False
4636,0.6436394131461666,99.00352345298393,0.37089687051414766,False
4637,0.6436394131461666,99.00827351925922,0.36870763184982774,False
4638,0.6436394131461666,99.01308615049074,0.3667027553782458,False
4639,0.6436394131461666,99.01795887363681,0.36470644079279946,False
4640,0.6436394131461666,99.02288922478947,0.36289783174163204,False
4641,0.6436394131461666,98.89897416617434,0.38653786076453983,False
4642,0.6436394131461666,99.05428510365462,0.4049433812456647,False
4643,0.6436394131461666,99.8075072184793,0.3531984602069657,False
4644,0.6436394131461666,99.80853100733964,0.32840912369319086,False
4645,0.6436394131461666,99.80956411341515,0.27127904846122003,False
4646,0.6436394131461666,99.07986750092013,0.2710794618568322,False
4647,0.6436394131461666,98.43129052499476,0.23755236533143048,False
4648,0.6436394131461666,99.05881129426447,0.23753191970973508,False
4649,0.6436394131461666,99.0641158221303,0.23753884697447478,False
4650,0.6807937753703206,99.06945658320909,0.2375743672847637,False
4651,0.7153220528038851,98.98282559803721,0.23782170809137054,False
4652,0.7473944462440387,99.09548249402917,0.2376160521488914,False
4653,0.7771529943226336,99.10033546813052,0.23746799127503515,False
4654,0.804717519321077,99.10528188704184,0.23777775051995895,False
4655,0.8301899714180443,99.11032028469751,0.23869798409365642,False
4656,0.8536576732793313,99.11544913832546,0.24037225873307763,False
4657,0.875195788740725,99.12066686998068,0.24213647040832612,False
4658,0.8948692308065574,99.12597184816302,0.243371878300653,False
4659,0.8948692308065574,99.13136238951539,0.24491846259781025,False
4660,0.8948692308065574,99.13683676059914,0.24649608972406403,False
4661,0.8948692308065574,98.50806860854561,0.20945040107010549,False
4662,0.8948692308065574,98.52836699482391,0.1705910336253059,False
4663,0.8948692308065574,99.14732593340061,0.17250546586640075,False
4664,0.8948692308065574,98.44588158620344,0.10314839791307062,False
4665,0.8948692308065574,99.10838812512452,0.10655528170850966,False
4666,0.8948692308065574,99.11416835749988,0.10960212775058865,False
4667,0.8948692308065574,99.11996066863324,0.11233172587305751,False
4668,0.8948692308065574,99.12576312576313,0.1147793790406442,False
4669,0.8948692308065574,99.13157384048127,0.11697471091753153,False
4670,0.875195788740725,99.13739096910992,0.11894294317868555,False
4671,0.8536576732793313,99.1432127130002,0.12070582384421315,False
4672,0.8301899714180443,99.14903731875445,0.12154691770942982,False
4673,0.804717519321077,99.15486307837583,0.12161047046011884,False
4674,0.7771529943226336,99.16068832934778,0.12076199764822164,False
4675,0.7473944462440387,99.16651145464705,0.1182059426817003,False
4676,0.7153220528038851,99.17233088269293,0.11400011569836338,False
4677,0.6807937753703206,99.17814508723599,0.10940518943294143,False
4678,0.6436394131461666,99.18395258718942,0.10580588873105326,False
4679,0.603652249754401,99.18975194640593,0.101942336380881,False
4680,0.603652249754401,99.19554177340345,0.09779025115257452,False
4681,0.603652249754401,99.2013207210423,0.09331766540304082,False
4682,0.603652249754401,99.21151716500553,0.08837878269102445,False
4683,0.603652249754401,99.21723834652595,0.08297784238164257,False
4684,0.603652249754401,99.21723834652595,0.07752439466785757,False
4685,0.603652249754401,99.21723834652595,0.07198527217162652,False
4686,0.603652249754401,99.21723834652595,0.06631623787416124,False
4687,0.603652249754401,99.21723834652595,0.06045615085339446,False
4688,0.603652249754401,99.21723834652595,0.0543163124841611,False
4689,0.603652249754401,99.21723834652595,0.1363410499789617,False
4690,0.603652249754401,99.21723834652595,0.1341065566211983,False
4691,0.6436394131461666,99.21723834652595,0.13199545675960467,False
4692,0.6807937753703206,99.21723834652595,0.1307929312979211,False
4693,0.7153220528038851,99.21723834652595,0.13029148174706745,False
4694,0.7473944462440387,99.21723834652595,0.12989113678552577,False
4695,0.7771529943226336,99.21723834652595,0.1300157976888535,False
4696,0.804717519321077,99.21723834652595,0.13023283061200758,False
4697,0.8301899714180443,99.21723834652595,0.13053284204701787,False
4698,0.8536576732793313,99.21723834652595,0.13090647419930115,False
4699,0.875195788740725,99.21723834652595,0.19814982851404,False
4700,0.8948692308065574,99.21723834652595,0.19811619804590427,False
4701,0.9127341558073343,99.21723834652595,0.19809959331717766,False
4702,0.9288391461883214,99.21723834652595,0.19809830843046455,False
4703,0.9432261548473415,99.21723834652595,0.2439597880712221,False
4704,0.9559312637896478,99.21723834652595,0.24395168936503925,False
4705,0.9669852958320848,99.21723834652595,0.24396004608158584,False
4706,0.976414308115487,99.21723834652595,0.24399599412356665,False
4707,0.9842399889605549,99.21723834652595,0.2440403236999022,False
4708,0.9904799742690308,99.21723834652595,0.24407430006345723,False
4709,0.995148095654003,98.64376926464112,0.2080503036488117,False
4710,0.9982545693874831,99.1711489286659,0.2080325498743972,False
4711,0.9982545693874831,99.16578389830508,0.24714049408009225,False
4712,0.9982545693874831,99.16048073524213,0.2470222717207207,False
4713,0.9982545693874831,99.15524104378594,0.2468792769046228,False
4714,0.9982545693874831,99.15006640106242,0.24671664031540536,False
4715,0.9982545693874831,99.14495835548468,0.24653862192573495,False
4716,0.9982545693874831,99.1399184252527,0.24634990159112458,False
4717,0.9982545693874831,99.13494809688581,0.24615554599677594,False
4718,0.9982545693874831,99.1300488237905,0.24596097489948177,False
4719,0.9982545693874831,98.51243339253996,0.19593840891869788,False
4720,0.999806132804711,99.16488983653163,0.19595700257655682,False
4721,0.999806132804711,99.16488983653163,0.19598380950461738,False
4722,0.9982545693874831,99.16488983653163,0.24514014617946983,False
4723,0.995148095654003,98.51243339253996,0.1995337212218396,False
4724,0.9904799742690308,99.1300488237905,0.19955212235497857,False
4725,0.9842399889605549,99.13494809688581,0.19959477322549496,False
4726,0.976414308115487,99.1399184252527,0.1996657999153714,False
4727,0.9669852958320848,99.13893102525208,0.19980467513970274,False
4728,0.9559312637896478,99.13351890096077,0.20004847580925686,False
4729,0.9432261548473415,99.13263462233466,0.20038683010142752,False
4730,0.9288391461883214,99.13181818181818,0.20055718590659938,False
4731,0.9127341558073343,98.50909090909092,0.15004385996229908,False
4732,0.8948692308065574,99.08181818181818,0.15066157327000906,False
4733,0.875195788740725,99.08181818181818,0.15146140276146716,False
4734,0.8536576732793313,99.08181818181818,0.15197423531005222,False
4735,0.8301899714180443,99.08181818181818,0.1526113113299513,False
4736,0.804717519321077,99.08181818181818,0.15338139347062885,False
4737,0.7771529943226336,99.08181818181818,0.15429275007688908,False
4738,0.7473944462440387,99.08181818181818,0.15534758542623664,False
4739,0.7153220528038851,99.08181818181818,0.156541909164793,False
4740,0.6807937753703206,99.08181818181818,0.15802788451821162,False
4741,0.6436394131461666,99.08181818181818,0.1596815303361336,False
4742,0.603652249754401,98.40145322434151,0.06484918632568737,False
4743,0.560576942614533,99.0381998003811,0.06814921054946976,False
4744,0.5140912790181235,99.04377775763618,0.07151312487803504,False
4745,0.4637773498877516,99.04942965779468,0.0748745897875872,False
4746,0.40907313904382653,99.05515370705244,0.07818207840959515,False
4747,0.3491843735073079,99.06094808126412,0.08139562174732111,False
4748,0.2829047929798921,99.06681092777929,0.08448416059594983,False
4749,0.208180945557171,99.07274036730284,0.08742347296357904,False
4750,0.12068101401352381,99.07873449577566,0.09079788829596888,False
4751,-0.0,99.08479138627187,0.09286107235951489,False
4752,-0.0,99.0909090909091,0.18065040230787197,False
4753,-0.0,99.09708564276775,0.18029335632449695,False
4754,-0.0,99.10331905781585,0.18021722010673524,False
4755,-0.0,99.10960733683554,0.1800745401199319,False
4756,-0.0,99.11594846734785,0.17985370536860226,False
4757,-0.0,99.12234042553192,0.1795428345445468,False
4758,-0.0,99.1287811781355,0.17913449698785924,False
4759,-0.0,99.13526868437307,0.17862596616357793,False
4760,-0.0,99.1418008978083,0.19177742754912122,False
4761,-0.0,99.14837576821773,0.19043286954104063,False
4762,-0.0,99.15499124343258,0.18944337316199888,False
4763,-0.0,99.16164527115535,0.25194319284322475,False
4764,-0.0,99.16833580074893,0.2509965483142837,False
4765,-0.0,99.17506078499478,0.24996625778040077,False
4766,0.12068101401352381,99.18181818181819,0.24886609864393938,False
4767,0.12068101401352381,99.18860595597755,0.24771030653644133,False
4768,0.12068101401352381,99.19542208071594,0.2539676802170878,False
4769,0.12068101401352381,99.20226453937211,0.2535241124002975,False
4770,0.12068101401352381,99.20913132694939,0.2529883150516986,False
4771,0.12068101401352381,99.19697685403874,0.25278583805802285,False
4772,0.12068101401352381,98.40366344260892,0.20026810305816523,False
4773,0.12068101401352381,99.14701241096942,0.20097527801689885,False
4774,0.12068101401352381,99.15427114322142,0.201623791102757,False
4775,0.12068101401352381,99.16154986237561,0.2022163659179655,False
4776,0.12068101401352381,99.16884651084297,0.2027557203522984,False
4777,0.12068101401352381,99.17615905174226,0.2032446088426953,False
4778,0.12068101401352381,99.18348547022862,0.2476932344112144,False
4779,0.12068101401352381,99.19082377476538,0.25040868685218814,False
4780,0.12068101401352381,98.79874869655892,0.24300625069400544,False
4781,0.12068101401352381,99.140771637122,0.24664596619019877,False
4782,0.208180945557171,99.140771637122,0.25044766005832625,False
4783,0.2829047929798921,98.37141670128791,0.19030967850161437,False
4784,0.2829047929798921,99.08966772872098,0.19440035058856167,False
4785,0.2829047929798921,99.09750267864501,0.1985537585015649,False
4786,0.2829047929798921,99.10534739606845,0.20275101556796676,False
4787,0.2829047929798921,99.11319983653453,0.2069749264721984,False
4788,0.2829047929798921,98.81993896236013,0.19965500519576848,False
4789,0.2829047929798921,99.17753828701078,0.2010922959520576,False
4790,0.2829047929798921,99.17753828701078,0.20247797377321294,False
4791,0.2829047929798921,99.17753828701078,0.24872903465604623,False
4792,0.2829047929798921,99.17753828701078,0.248927901763635,False
4793,0.2829047929798921,99.17753828701078,0.2492551452140933,False
4794,0.2829047929798921,99.17753828701078,0.24920092757218537,False
4795,0.2829047929798921,99.17753828701078,0.24920993125871013,False
4796,0.2829047929798921,99.17753828701078,0.24928004025024175,False
4797,0.2829047929798921,99.17753828701078,0.2494090443228922,False
4798,0.2829047929798921,98.45231342678875,0.20599384585049918,False
4799,0.2829047929798921,99.24236285552225,0.2031381901295609,False
4800,0.2829047929798921,99.24972772377072,0.20008255558332402,False
4801,0.2829047929798921,99.25708778411372,0.19680812479461574,False
4802,0.2829047929798921,99.26444133519888,0.19476828523523307,False
4803,0.2829047929798921,99.27178670911262,0.19116933151724816,False
4804,0.2829047929798921,99.2791222719531,0.24687405579584543,False
4805,0.2829047929798921,99.28644642434755,0.31730545282976513,False
4806,0.2829047929798921,99.2937576019147,0.47811183625243947,False
4807,0.2829047929798921,99.30105427567356,0.5113842754742316,False
4808,0.2829047929798921,98.99258102303787,0.5401448870823735,False
4809,0.2829047929798921,99.25419757907068,0.5778476946036643,False
4810,0.2829047929798921,99.25419757907068,0.5963089990869008,False
4811,0.2829047929798921,98.47678259180105,0.6095683212248716,False
4812,0.2829047929798921,99.20733121954991,0.6274563994451908,False
4813,0.2829047929798921,99.21511292370435,0.643745088080112,False
4814,0.2829047929798921,99.22287726820305,0.6587444760634309,False
4815,0.2829047929798921,99.230622738526,0.6723776880092567,False
4816,0.2829047929798921,99.23834785903752,0.6847317949942602,False
4817,0.2829047929798921,99.24605119312399,0.6958835049653174,False
4818,0.2829047929798921,99.25373134328358,0.749725148594181,False
4819,0.2829047929798921,99.26138695116947,0.7559085903781391,False
4820,0.2829047929798921,99.26901669758813,0.761044617962264,False
4821,0.2829047929798921,99.27661930245432,0.7652336399516575,False
4822,0.2829047929798921,99.02934120686473,0.7687957899958462,False
4823,0.2829047929798921,99.22494925262964,0.772235155636286,False
4824,0.2829047929798921,98.4545921738492,0.7581256346355063,False
4825,0.2829047929798921,98.24168563247926,0.7326858923469736,False
4826,0.2829047929798921,97.51013106494834,0.6401869075253842,False
4827,0.208180945557171,98.23179144579188,0.6140469574677051,False
4828,0.208180945557171,98.24517060841308,0.5893183960679556,False
4829,0.2829047929798921,98.09694793536805,0.5521887858001645,False
4830,0.3491843735073079,98.31470703752633,0.5316554631139744,False
4831,0.40907313904382653,98.09335727109516,0.49551626893123685,False
4832,0.4637773498877516,98.24517060841308,0.50288675493362,False
4833,0.5140912790181235,98.23179144579188,0.48127824789244006,False
4834,0.560576942614533,98.21839290277829,0.46026584376013235,False
4835,0.603652249754401,98.20497760810512,0.4399468203648164,False
4836,0.6436394131461666,98.19154825613582,0.42039016921343664,False
4837,0.6807937753703206,98.17810760667903,0.4014469260706084,False
4838,0.7153220528038851,97.45215801842802,0.28849893460632303,False
4839,0.7473944462440387,98.211205280132,0.27206534423717804,False
4840,0.7771529943226336,98.211205280132,0.25761394020265066,False
4841,0.804717519321077,98.211205280132,0.24542923393480837,False
4842,0.8301899714180443,98.211205280132,0.23349361487625483,False
4843,0.804717519321077,98.211205280132,0.22385228158914527,False
4844,0.7771529943226336,98.211205280132,0.21657248416929104,False
4845,0.7771529943226336,98.211205280132,0.21164002837484205,False
4846,0.7771529943226336,98.211205280132,0.2089472321602961,False
4847,0.8916091590804429,98.211205280132,0.20829405398912898,False
4848,0.9727642516015449,98.211205280132,0.2094027403551714,False
4849,1.041018523939755,98.211205280132,0.20754697000035555,False
4850,1.1006987578744163,98.211205280132,0.20657850778480055,False
4851,1.1261358508278747,98.211205280132,0.20912899756161665,False
4852,1.1494318918359776,97.45588838736151,0.12117400090733324,False
4853,1.1706718933538656,98.17810760667903,0.12404901770708472,False
4854,1.1899285414712581,98.19154825613582,0.1256176669542553,False
4855,1.2072640872959293,98.20497760810512,0.12600997794274008,False
4856,1.222731822382257,98.21839290277829,0.12544078857665736,False
4857,1.2363772403452271,98.23179144579188,0.1248101954736331,False
4858,1.2482389571842902,98.24517060841308,0.12346063953706404,False
4859,1.2583494426149708,98.25852782764811,0.20375840498697118,False
4860,1.2667356005770385,98.271860606277,0.20228387840486692,False
4861,1.2734192269994746,98.28516651281687,0.20036882293456654,False
4862,1.2734192269994746,98.29844318141703,0.19821397931391357,False
4863,1.2734192269994746,98.31168831168831,0.19578400053986297,False
4864,1.2734192269994746,98.32489966846973,0.1929323411381778,False
4865,1.2734192269994746,98.33807508153494,0.18964644863837515,False
4866,1.2734192269994746,98.35121244524163,0.18591677931791684,False
4867,1.2734192269994746,98.36430971812634,0.18173630554994616,False
4868,1.2734192269994746,98.37736492244758,0.17710004832677137,False
4869,1.2734192269994746,98.2103289585819,0.17728252143121737,False
4870,1.2734192269994746,98.21373785580364,0.17746123281754972,False
4871,1.2734192269994746,98.37736492244758,0.17419368854424136,False
4872,1.2734192269994746,98.36430971812634,0.17163661300469168,False
4873,1.2734192269994746,98.35121244524163,0.16970393271815498,False
4874,1.2734192269994746,98.33807508153494,0.1683052871754354,False
4875,1.2734192269994746,98.32489966846973,0.16734900083103205,False
4876,1.2734192269994746,98.31168831168831,0.16674480652624687,False
4877,1.2734192269994746,98.29844318141703,0.1664061367149626,False
4878,1.2734192269994746,98.28516651281687,0.1662518942353381,False
4879,1.2734192269994746,97.52183483632749,0.029685517034472836,False
4880,1.2734192269994746,98.2212596747852,0.030972198556068965,False
4881,1.2734192269994746,98.2212596747852,0.03317691554870753,False
4882,1.2734192269994746,98.2212596747852,0.035858685092578065,False
4883,1.2734192269994746,98.2212596747852,0.038239976053298715,False
4884,1.2734192269994746,98.2212596747852,0.19835753334536158,False
4885,1.2734192269994746,98.2212596747852,0.19969832677572363,False
4886,1.2734192269994746,98.2212596747852,0.20079343554173354,False
4887,1.2734192269994746,98.2212596747852,0.2027212550047641,False
4888,1.2734192269994746,98.2212596747852,0.2045992902692075,False
4889,1.2734192269994746,98.2212596747852,0.20668031396385778,False
4890,1.2667356005770385,98.2212596747852,0.20989999737092005,False
4891,1.305875511291131,98.2212596747852,0.21340275723787458,False
4892,1.296460736137167,98.2212596747852,0.21717353571747966,False
4893,1.2852748466470731,98.2212596747852,0.22119424381538333,False
4894,1.2722864781512913,98.2212596747852,0.22544419041416755,False
4895,1.2574580300524587,98.2212596747852,0.22990049925721517,False
4896,1.2407449439357603,98.2212596747852,0.23453849931190637,False
4897,1.2220947914756688,98.2212596747852,0.23933207795725034,False
4898,1.2014461200230289,98.2212596747852,0.24425399033440812,False
4899,1.1787269834988532,98.19997137131406,0.2492074317094862,False
4900,1.1787269834988532,98.18568749098255,0.25413975615547735,False
4901,1.1787269834988532,98.17130807823747,0.25900139428393976,False
4902,1.1787269834988532,98.15683400513008,0.2638142826007695,False
4903,1.1538530565800798,98.14226621362091,0.2685497882690392,False
4904,1.1538530565800798,97.33343182153936,0.192279877113715,False
4905,1.1538530565800798,98.06101344364012,0.19799573823399128,False
4906,1.1538530565800798,98.06101344364012,0.20382954954775173,False
4907,1.1538530565800798,98.02337701012507,0.20870848041746776,False
4908,1.1006987578744163,98.0153072709537,0.2135000120355347,False
4909,1.041018523939755,97.9996974967859,0.21794724471536817,False
4910,0.9727642516015449,97.98399390243902,0.2211946233928483,False
4911,0.8916091590804429,97.96819787985866,0.22406364628523437,False
4912,0.8623538561746379,97.9523109081056,0.22656980327673876,False
4913,0.830774222099454,97.93633455566825,0.22872836729029464,False
4914,0.7967286463062392,97.92027048278031,0.23055454727128694,False
4915,0.7600473303889541,97.9041204437401,0.23347373412586006,False
4916,0.720523936685393,97.88788628922782,0.2612468113484364,False
4917,0.677903479475398,97.87156996861673,0.2674837074520551,False
4918,0.6318640827062832,97.85517353227375,0.28675623138214257,False
4919,0.5819881552488825,97.8386991338454,0.2935859614278292,False
4920,0.5277139815252946,97.82214903252367,0.2999866953255609,False
4921,0.46824757305098735,97.80552559528748,0.30599691831117476,False
4922,0.4023829390456117,97.78883129911387,0.31165148655430913,False
4923,0.4023829390456117,97.77206873315365,0.31698228925774957,False
4924,0.4023829390456117,97.75524060086565,0.34664676881241063,False
4925,0.4023829390456117,97.73834972210346,0.4317935258238535,False
4926,0.4023829390456117,97.72139903514817,0.43467329439096714,False
4927,0.4023829390456117,97.70439159868079,0.43415912550164776,False
4928,0.46824757305098735,97.68733059368715,0.4309978200031885,False
4929,0.5277139815252946,97.67021932528847,0.42785661797171437,False
4930,0.5819881552488825,97.65306122448979,0.42473222422077045,False
4931,0.5819881552488825,97.63585984983911,0.42162791818034956,False
4932,0.5819881552488825,97.61861888898892,0.41854703194662507,False
4933,0.5819881552488825,97.60134216015236,0.41549294654104946,False
4934,0.5819881552488825,97.58403361344538,0.41246908765043483,False
4935,0.5819881552488825,97.56669733210671,0.4086765520623904,False
4936,0.5819881552488825,97.24728198010641,0.38913855910388034,False
4937,0.5819881552488825,97.4502140331286,0.382364480097947,False
4938,0.5819881552488825,97.25398313027179,0.3654034955592268,False
4939,0.5819881552488825,97.38084001887682,0.3570587307899889,False
4940,0.5819881552488825,97.36241802110065,0.3486716447556876,False
4941,0.5819881552488825,97.34398928024503,0.3895033522081489,False
4942,0.6318640827062832,97.32555898226677,0.3889541162707933,False
4943,0.677903479475398,97.30713245997089,0.3867328257289669,False
4944,0.677903479475398,96.96511344230301,0.356727432191093,False
4945,0.720523936685393,96.42822097929546,0.24143223446310394,False
4946,0.720523936685393,97.22756647427359,0.23035617192625127,False
4947,0.720523936685393,97.31278403477573,0.2251828612907836,False
4948,0.720523936685393,97.46369604137656,0.22498598429819278,False
4949,0.720523936685393,97.44668068489035,0.22467916855466064,False
4950,0.720523936685393,97.42969458723918,0.23518476701803337,False
4951,0.7600473303889541,97.41274350649351,0.23515784019273836,False
4952,0.6807937753703206,97.39583333333333,0.3138409190009248,False
4953,0.7153220528038851,97.37897008942338,0.42219024790232734,False
4954,0.7473944462440387,97.3621599255198,0.5456985750145882,False
4955,0.7771529943226336,97.34540911930044,0.6142274831831617,False
4956,0.804717519321077,97.32872407291012,0.7737762039502651,False
4957,0.8301899714180443,97.31211131021398,0.8245212791224473,False
4958,0.8536576732793313,97.2955774737512,0.8684903491453964,False
4959,0.875195788740725,97.27912932138284,0.9065009440916308,False
4960,0.8948692308065574,97.26277372262774,0.963545081439051,False
4961,0.8948692308065574,96.49065975596588,0.9790451154689489,False
4962,0.8948692308065574,96.96624335178552,1.007166935238302,False
4963,0.8948692308065574,96.98795180722891,1.0328929664518067,False
4964,0.9127341558073343,97.32443286660154,1.0578077067429064,False
4965,0.9288391461883214,97.31071350643683,1.0801096469473102,False
4966,0.9432261548473415,97.29714912280701,1.1000313945316684,False
4967,0.9559312637896478,97.28374655647383,1.1177930304840844,False
4968,0.9669852958320848,97.27051267855165,1.1335550024176273,False
4969,0.976414308115487,97.2574543836226,1.1474794322171864,False
4970,0.9842399889605549,96.92290477788967,1.1575453554716162,False
4971,0.9904799742690308,97.16439743445483,1.168141028343701,False
4972,0.9904799742690308,96.28671092607179,1.1595099406447782,False
4973,0.9904799742690308,95.91905946190369,1.1508750778847923,False
4974,0.9904799742690308,95.589656152316,1.1450947633852264,False
4975,0.9904799742690308,95.82857142857142,1.1809252314441032,False
4976,0.9904799742690308,94.96571428571428,1.1276942430946768,False
4977,0.9904799742690308,95.72,1.1311446023287903,False
4978,0.9904799742690308,95.72,1.1334269171207363,False
4979,0.9904799742690308,95.72,1.1348565084309001,False
4980,0.9904799742690308,95.36393404952031,1.1151016404622758,False
4981,0.9904799742690308,95.60522060522061,1.1102698917598186,False
4982,0.9904799742690308,95.58832065942997,1.1042789084699627,False
4983,0.9904799742690308,95.57176196032673,1.0984561166053308,False
4984,0.9904799742690308,95.55555555555556,1.1153786977217124,False
4985,0.9904799742690308,95.53971246759369,1.1141702299765104,False
4986,0.9904799742690308,95.5242436800663,1.1132706864237618,False
4987,0.9904799742690308,95.50916012372114,1.1398436851089147,False
4988,0.9904799742690308,95.49447266208546,1.181699466194388,False
4989,0.9904799742690308,95.48019207683073,1.1823871303412412,False
4990,0.9904799742690308,95.46632905287274,1.1826595664342008,False
4991,0.9904799742690308,95.45289416323565,1.182933434968561,False
4992,0.995148095654003,95.43989785371193,1.1822761735713425,False
4993,0.9982545693874831,94.97619338298132,1.1645294015327174,False
4994,0.999806132804711,94.54523167443001,1.1403451692664113,False
4995,0.999806132804711,94.10606619908945,0.8820205653160746,False
4996,0.9982545693874831,94.39916018278375,1.0339937892965325,False
4997,0.995148095654003,94.3728309370352,1.0131854650211523,False
4998,0.9904799742690308,94.34701492537313,0.9805939489140961,False
4999,0.9904799742690308,94.32172719331086,0.982190627344926,False
5000,0.9904799742690308,94.29698259671967,0.9558895378691155,False
5001,0.9904799742690308,94.27279577995479,0.9484153136146616,False
5002,0.9904799742690308,94.24918115394306,1.0153073451297963,False
5003,0.995148095654003,94.22615287428933,1.0038676008364888,False
5004,0.9982545693874831,93.76862123613313,0.967174014976864,False
5005,0.9982545693874831,94.09744307340033,0.9514543569479808,False
5006,0.999806132804711,94.07823368004594,0.965024841879255,False
5007,0.999806132804711,93.55086372360844,0.9150211923964536,False
5008,0.999806132804711,93.25893143480214,0.8415082333697289,False
5009,0.999806132804711,93.98868458274399,0.8227542739788551,False
5010,0.999806132804711,93.98868458274399,0.8337536503806197,False
5011,0.999806132804711,93.98868458274399,0.819007527362139,False
5012,0.999806132804711,93.98868458274399,0.8060544865976041,False
5013,0.9982545693874831,93.98868458274399,0.8033835357178974,False
5014,0.995148095654003,93.53448275862068,0.7980891945809855,False
5015,0.9904799742690308,93.89160659114314,0.7978139168770503,False
5016,0.9842399889605549,93.89568576947843,0.7981538584662614,False
5017,0.976414308115487,93.39987121699936,0.7961169075732087,False
5018,0.9669852958320848,93.74758531873793,0.7967152358913142,False
5019,1.065299640553338,93.01862556197817,0.758828537179948,False
5020,1.129798482836793,93.67153471688445,0.7599166552770636,False
5021,1.180846716107336,93.18385650224215,0.7510705005978389,False
5022,1.222731822382257,92.12392206962632,0.605328567710107,False
5023,1.2574580300524587,93.26200484014775,0.6250302347898692,False
5024,1.2407449439357603,93.26200484014775,0.6173980735357609,False
5025,1.2220947914756688,93.26200484014775,0.6117052052331251,False
5026,1.2014461200230289,92.61877467838492,0.5604612163562854,False
5027,1.2259790140555225,93.39574576487071,0.5619217709641663,False
5028,1.2449737775841294,93.42222222222222,0.564950168071209,False
5029,1.2588874993443833,93.4493670886076,0.5687656033997356,False
5030,1.2680160454788014,92.65915706872548,0.5322581710692846,False
5031,1.272538115441929,93.4265468809313,0.5832468668826403,False
5032,1.2725381154419293,93.4265468809313,0.6763582923022747,False
5033,1.301728854068539,92.98822933805847,0.7969051739059673,False
5034,1.3283399146847865,92.55790406277687,0.9317102969582165,False
5035,1.3525074295964727,92.8616630806227,1.1356145812634435,False
5036,1.374344879613302,92.8616630806227,1.3017918862025157,False
5037,1.3939473942522724,92.42405063291139,1.4345165827561424,False
5038,1.4113949465359856,92.75316455696202,1.558266839451019,False
5039,1.4267547652077353,92.74775344893051,1.6669590684912556,False
5040,1.4400831784759722,92.74326205238518,1.763720416363142,False
5041,1.4514270347987224,92.46774601568428,1.8477467309420461,False
5042,1.4608248015713592,92.89506953223767,1.9292075274841098,False
5043,1.4683074126843,92.44576937714068,1.9974234117218364,False
5044,1.4738989153366922,92.68168512154766,2.063193558204172,False
5045,1.4776169519137876,92.65194075587334,2.1238550602902384,False
5046,1.4794731020725562,92.62295081967213,2.1794213672031773,False
5047,1.4794731020725562,92.59473346178548,2.2303024375460345,False
5048,1.4776169519137876,92.56730645369058,2.2773814159442396,False
5049,1.4738989153366922,92.54068716094032,2.3205052886052764,False
5050,1.4479062086941699,92.51489251489251,2.3867787029352465,False
5051,1.4184645038322823,91.77026677026677,2.406310175491517,False
5052,1.3852702053381705,91.26371130005842,2.3939328991658586,False
5053,1.347922583568817,90.81327260897854,2.364564187743459,False
5054,1.305875511291131,90.34298382889932,2.093006087400291,False
5055,1.2583494426149708,89.63223787167449,1.4427481025968427,False
5056,1.2583494426149708,89.57539108715656,1.2065005532748896,True
5057,1.2583494426149708,89.5183197508779,0.9878290155853048,True
5058,1.2041517951932372,89.46102985373673,0.7807773697314678,True
5059,1.1412418450836315,89.40352766931466,0.3959946764108806,True
5060,1.129798482836793,89.3458197611292,0.38811282010280507,True
5061,1.1166404295430468,89.28791298994459,0.3879920925077427,True
5062,1.1017332648846088,89.22981452113356,0.40263706018808787,True
5063,1.0850365744330075,89.1715318320823,0.39792078682888793,True
5064,1.132529774880598,89.1130727196301,0.3960615760623537,True
5065,1.1706718933538656,89.05444530753478,0.39264053318266445,True
5066,1.201446120023029,88.99565805395402,0.38746551442236293,True
5067,1.1787269834988532,88.93671975893241,0.3834124789346497,True
5068,1.1538530565800795,88.87763957188314,0.3780337090279166,True
5069,1.1267251857192595,88.8184269990524,0.3676371028296715,True
5070,1.0972261621017099,88.18602600837558,0.22682349532403984,True
5071,1.0652163930664527,88.81812796208531,0.20862174986914744,True
5072,1.0305279703180825,89.35519940365263,0.22522382045226147,True
5073,0.9929563290994997,89.3004733638891,0.24576364067532128,True
5074,0.9522481488898976,89.24568312632536,0.26868415268917306,True
5075,0.9080831196860789,89.19083969465649,0.292938942341269,True
5076,0.8600451249809193,89.13595445102716,0.3201457208338194,True
5077,0.8075738393756747,89.08103916246607,0.34784253457942216,True
5078,0.7498765864518437,89.0261059871815,0.3752830073394087,True
5079,0.6857486151292823,88.41184811722073,0.33965240584240697,True
5080,0.6857486151292823,89.03533148074632,0.38013154225881435,True
5081,0.6857486151292823,88.99104573073234,0.41118886622879275,True
5082,0.7391385203526044,88.56061825792948,0.40756164130127276,True
5083,0.7881133310528374,89.09783577855232,0.43548826153362263,True
5084,0.8332341082038747,89.04322248549718,0.4623975649397635,True
5085,0.804144968682279,88.98863449184648,0.48830179604621227,True
5086,0.7600473303889541,88.93408600365267,0.5130510577288059,True
5087,0.6807937753703206,88.87959166596937,0.5780076481390062,True
5088,0.7153220528038851,88.82516656827191,0.5910336083167748,True
5089,0.7473944462440387,88.77082624957498,0.6043402913406041,True
5090,0.7473944462440387,88.71658670322138,0.6525264852410152,True
5091,0.7473944462440387,88.66246438131422,0.6562106333295392,True
5092,0.8623538561746378,88.60847619876425,0.659525592856216,True
5093,0.8916091590804429,88.55463953692335,0.662842066582332,True
5094,0.8916091590804429,88.50097224677391,0.6653875641865551,True
5095,0.8916091590804429,88.44749265164336,0.6670801064668287,True
5096,0.9727642516015449,88.39421954941209,0.6678351718416181,True
5097,1.041018523939755,88.34117221418235,0.6675646791585145,True
5098,1.100698757874416,88.28837039737513,0.6661757977639055,True
5099,1.1538530565800795,88.23583432822115,0.663569529407653,True
5100,1.1538530565800795,88.18358471361155,0.6596389852408303,True
5101,1.1538530565800795,88.1316427372739,0.677811476544032,True
5102,1.1538530565800795,88.08003005823784,0.6658201167649218,True
5103,1.1538530565800795,88.02876880855493,0.6816413700678488,True
5104,1.1538530565800795,87.97788159023739,0.6654866718323994,True
5105,1.1538530565800795,87.92739147137918,0.6498925673065413,True
5106,1.1538530565800795,87.87732198142415,0.671632318154358,True
5107,1.1538530565800795,87.35016080304064,0.6536556259585136,True
5108,1.1538530565800795,87.90615490330813,0.6729671678726412,True
5109,1.1538530565800795,87.84519449668416,0.686939175835861,True
5110,1.1538530565800795,87.30538922155688,0.6435039464646982,True
5111,1.1538530565800795,87.94526061581807,0.6669967004196277,True
5112,1.1538530565800795,87.89660415610746,0.683701927722119,True
5113,1.1787269834988532,87.84846318799143,0.6942881664666317,True
5114,1.1787269834988532,87.80086401974903,0.7002812618501182,True
5115,1.201446120023029,87.75383340240364,0.7023854427105924,True
5116,1.2220947914756686,87.70739851820933,0.7012121539941572,True
5117,1.2220947914756686,87.66158696794535,0.6973124902883217,True
5118,1.2220947914756686,87.6164267569856,0.6908774841029864,True
5119,1.2407449439357603,87.57194628011085,0.6828722732526209,True
5120,1.2574580300524587,87.52817430503382,0.6737305130016027,True
5121,1.272286478151291,87.04204041932346,0.6388398017296779,True
5122,1.2852748466470731,87.56256800870511,0.6331923693871361,True
5123,1.296460736137167,86.95795367219233,0.5969314469816815,True
5124,1.296460736137167,87.61767637612138,0.5960633531493016,True
5125,1.2852748466470731,88.13427010148321,0.5949403298152584,True
5126,1.272286478151291,88.86138613861387,0.5520520096856416,True
5127,1.272286478151291,88.81839809674861,0.5136813459617698,True
5128,1.2852748466470731,88.77609216379605,0.4809139800592752,True
5129,1.296460736137167,88.73449701423978,0.4549435847130617,True
5130,1.305875511291131,88.24277456647398,0.46622344724767634,True
5131,1.3135448704851065,88.78156639124869,0.4842058869747015,True
5132,1.3194892909924263,88.7140340575455,0.45902099297475046,True
5133,1.3237243701143493,88.64659872007584,0.44317552123109727,True
5134,1.3237243701143493,88.57928725185363,0.4382403535625895,True
5135,1.3237243701143493,88.51212742850247,0.44259236326467816,True
5136,1.3237243701143493,88.44514793619871,0.45395763456114985,True
5137,1.3262610770456722,88.37837837837837,0.4692150636653553,True
5138,1.3271059259290725,88.31184928111055,0.4875935482466539,True
5139,1.3652016755898781,88.2455920970364,0.5072920598040092,True
5140,1.3984610270106808,88.1796392077709,0.5274684618253462,True
5141,1.3984610270106808,88.11402392466276,0.548356555120363,True
5142,1.4274202463828694,88.04878048780488,0.5680120871239972,True
5143,1.4552013979602212,87.98394406318788,0.5861128862738283,True
5144,1.4794731020725562,87.9195507378869,0.6023828282167037,True
5145,1.5004659065178618,87.85563751317176,0.6165783863308689,True
5146,1.5183593905083006,87.7922422954304,0.6284776678613724,True
5147,1.5332939593741384,87.72940388479572,0.6378711726467214,True
5148,1.545378825051491,87.66716196136701,0.6687389631203846,True
5149,1.554697508762069,87.60555706891856,0.6662535114275197,True
5150,1.554697508762069,87.54463059599011,0.662245959150233,True
5151,1.557787262784918,87.05524020490101,0.6278559118817384,True
5152,1.5588158799768146,87.70411723656665,0.6322818251286071,True
5153,1.547393175014927,87.6494584329723,0.6357495355510026,True
5154,1.547393175014927,87.59569038843209,0.6372544205654195,True
5155,1.5473931750149272,87.54285714285714,0.6375576029129056,True
5156,1.545378825051491,87.49100331078164,0.6374633835344782,True
5157,1.5332939593741386,87.4401740391588,0.6382753030238433,True
5158,1.5183593905083006,87.39041496201052,0.6678550796173794,True
5159,1.5004659065178618,87.34177215189874,0.6572225060566085,True
5160,1.4794731020725562,87.29429206819867,0.646611856720291,True
5161,1.4794731020725562,87.24802150216514,0.6352869804367858,True
5162,1.4794731020725562,87.203007518797,0.6247574942202182,True
5163,1.4794731020725562,87.15929739551787,0.6142657762417559,True
5164,1.4776169519137876,87.11693855770697,0.6038001961254421,True
5165,1.4738989153366922,87.07597851112817,0.5933487040427214,True
5166,1.4683074126843,87.03646477132263,0.5828991307522184,True
5167,1.4608248015713592,86.99844479004666,0.5724395311654551,True
5168,1.4514270347987224,86.57066833620284,0.5329492859938016,True
5169,1.4400831784759722,87.06882973696645,0.5296341425398127,True
5170,1.4267547652077353,86.99936427209154,0.5245137617299551,True
5171,1.438841894200673,86.93072482360488,0.5174661782963177,True
5172,1.438841894200673,86.8629671574179,0.5083571887858437,True
5173,1.4220900521936763,86.79614819650726,0.4970348933713479,True
5174,1.438841894200673,86.73032597958512,0.4833220750134814,True
5175,1.447383961374643,86.66555961474593,0.4670051156747759,True
5176,1.456564762130954,86.60190922793502,0.447817163339505,True
5177,1.465700072571214,86.53943590609694,0.42541128925647304,True
5178,1.4747694800084439,86.06948228882834,0.35414894318861917,True
5179,1.4837496831585404,86.72733516483517,0.3439672485061862,True
5180,1.4926140680171258,86.68971477960243,0.33518581962468286,True
5181,1.5013322123052502,86.65390638594049,0.3299563789025527,True
5182,1.5098693043797229,86.6199649737303,0.32957908439136435,True
5183,1.5181854592231616,86.58794501233697,0.4968961770058499,True
5184,1.5262349099495225,86.55790033693917,0.49261045054724084,True
5185,1.522189872165821,86.52988403211418,0.48777074451433433,True
5186,1.516623811079363,86.50394831299354,,True
5187,1.5093146122418242,86.48014440433214,,True
5188,1.5189793479336693,86.45852241786169,,True
5189,1.5283598739221351,86.43913122832633,,True
5190,1.5373895164300122,86.42201834862385,,True
5191,1.5459902465022233,86.40722980450019,,True
5192,1.5540705027301107,86.39481000926784,,True
5193,1.5615225135288493,86.38480163903893,,True
5194,1.568218978832478,86.37724550898204,,True
5195,1.564235704165315,86.37218045112782,,True
5196,1.5579239420143645,86.3696431942609,,True
5197,1.5488458276113952,86.3696682464455,,True
5198,1.5574319619297041,86.27712219261515,,True
5199,1.5650698550436721,86.49216660298052,,True
5200,1.5622475656642103,86.35833657209483,,True
5201,1.5566567074628228,86.2225736311524,,True
5202,1.5476991678390977,86.08485823446611,,True
5203,1.5394847569315018,84.75859247135843,,True
5204,1.5271036266528566,86.1157368859284,,True
5205,1.5095457167897197,86.12330198537096,,True
