second,entropy,pct_det,rmse,edge_window
0,-0.0,99.04484377529545,,True
1,-0.0,99.05991077119184,,True
2,-0.0,99.07465495608533,,True
3,-0.0,99.0890844526787,0.3750285638111021,True
4,-0.0,99.1032071743426,0.36511768151102914,True
5,-0.0,99.11703082909308,0.3592985089965362,True
6,-0.0,99.13056292366637,0.3551383216007235,True
7,-0.0,99.14381076766797,0.3505357305081494,True
8,-0.0,99.15678147777619,0.3467655436489097,True
9,-0.0,99.16948198198199,0.3435055501540948,True
10,-0.0,99.18191902384915,0.36919236295924057,True
11,-0.0,99.18191902384915,0.36680586187511627,True
12,-0.0,99.16816858450021,0.3646368408159529,True
13,-0.0,99.16839916839916,0.36255091770814885,True
14,-0.0,99.16874480465503,0.3620668460084033,True
15,-0.0,97.6934625358264,0.14406499100432046,True
16,-0.0,99.09909909909909,0.14483325855464313,True
17,-0.0,99.11234764175941,0.14513669330319315,True
18,-0.0,99.12532637075718,0.21170678031009088,True
19,-0.0,99.1380419400489,0.210235560989826,True
20,-0.0,99.15050082414099,0.21046256955428,True
21,-0.0,99.16270932266933,0.2105271009140045,True
22,-0.0,99.12565575818137,0.2113867735056726,True
23,-0.0,99.12620147297466,0.20936984092708444,True
24,-0.0,99.12685543220655,0.2124739554204992,True
25,-0.0,99.12761714855434,0.21531244173925293,True
26,-0.0,99.12848605577689,0.21789971865649133,True
27,-0.0,99.12946150976246,0.38397011887676724,True
28,-0.0,99.13054278971556,0.38558691368127623,True
29,-0.0,99.13172909947903,0.3874979224119565,True
30,-0.0,98.49642593049052,0.4030602545631391,True
31,-0.0,99.08167013591282,0.4045245013123888,True
32,-0.0,99.07553825568665,0.405774003141408,True
33,-0.0,99.06959884001934,0.4068384778836857,True
34,-0.0,98.9261583011583,0.4065590649494578,True
35,-0.0,99.01216720877002,0.5016805869355752,True
36,-0.0,99.01383042693926,0.5023873410841904,True
37,-0.0,99.015606242497,0.5027600403617886,True
38,-0.0,98.36632482709277,0.5050489010969271,True
39,-0.0,98.94587232026531,0.5055533665749503,True
40,-0.0,98.94130102340901,0.5800065330525904,True
41,-0.0,98.93691588785046,0.58085803482922,True
42,-0.0,98.93271461716937,0.5812888693366606,True
43,-0.0,98.7610004631774,0.5793486440203406,True
44,-0.0,98.85588813128395,0.5788314256459841,True
45,-0.0,98.85826317610426,0.595407562335462,True
46,-0.0,98.86075949367088,0.5949255589531925,True
47,-0.0,97.56983874630933,0.5688941745457478,True
48,-0.0,98.78964473831671,0.5684071702387912,True
49,-0.0,98.80544187589868,0.5680814645876016,True
50,-0.0,98.16523840914085,0.5616196348056417,True
51,-0.0,98.73417721518987,0.6737026164156836,True
52,-0.0,98.73198222607564,0.6865002784946189,True
53,-0.0,98.72995371865245,0.696478552260815,True
54,-0.0,98.72808892689183,0.7042932654577908,True
55,-0.0,97.5197889182058,0.653820615521125,True
56,-0.0,98.65554976550287,0.6618712910636709,True
57,-0.0,98.6722931247427,0.6686601625785729,True
58,0.12068101401352381,98.03721120425271,0.6566442250013432,True
59,0.12068101401352381,98.58868920702609,0.6620092694061096,True
60,0.12068101401352381,97.42252532343797,0.6029295154097607,True
61,0.12068101401352381,98.50406181890231,0.6066269593397576,True
62,0.208180945557171,98.52221569778821,0.609734775167151,True
63,0.2829047929798921,98.54007541332302,0.6122591133953411,True
64,0.3491843735073079,98.55764638456395,0.6786652232312186,True
65,0.40907313904382653,97.95957103539907,0.6664603857102802,True
66,0.4637773498877516,98.46313407505185,0.668416682510591,True
67,0.5140912790181235,97.34463803223703,0.6141948507566944,True
68,0.560576942614533,98.37031580885738,0.614378694629639,True
69,0.603652249754401,98.38944494995451,0.6143968887730618,True
70,0.6436394131461666,97.8119349005425,0.5968748701875082,True
71,0.6807937753703206,96.75603217158177,0.4654605414589325,True
72,0.7153220528038851,97.74754880310927,0.4452408155481392,True
73,0.7473944462440387,97.77350912424693,0.42867794929414005,True
74,0.7771529943226336,97.79906784049714,0.4240970780070727,True
75,0.804717519321077,97.64776839565742,0.4024513975779779,True
76,0.8301899714180443,97.7294228949858,0.3881439548197073,True
77,0.8536576732793313,97.73371104815864,0.37598133361278707,True
78,0.875195788740725,97.73817683344757,0.36323828791139157,True
79,0.8948692308065574,97.74281805745554,0.35251955119625367,True
80,0.9127341558073343,97.74763245456872,0.34387269328474557,True
81,0.9288391461883214,97.75261768962288,0.3359820664534107,True
82,0.9432261548473415,97.7577713606251,0.32940124446067637,True
83,0.9559312637896478,97.76309100152517,0.32431480853538475,True
84,0.9669852958320848,96.6823056300268,0.1394301978948326,True
85,0.976414308115487,97.65553806644023,0.12620523488319263,True
86,0.9842399889605549,97.68165806504464,0.11381638678274464,True
87,0.9904799742690308,97.70738820479585,0.1060421405279717,True
88,0.995148095654003,97.73273513859958,0.10224425253247565,True
89,0.9982545693874831,97.75770541161556,0.10030372377853701,True
90,0.999806132804711,97.7823054619544,0.10017098446498277,True
91,0.999806132804711,97.80654162145404,0.10027159830816808,True
92,0.9982545693874831,97.83042011652867,0.10057402904895693,True
93,0.995148095654003,97.85394706908319,0.099994816679734,True
94,0.9904799742690308,97.37516970885503,0.048111464960869786,True
95,0.9842399889605549,97.76444111027757,0.04749669055559747,True
96,0.976414308115487,97.76169514287847,0.04671786023175612,True
97,0.9669852958320848,97.75914521035838,0.044802054368334454,True
98,0.9559312637896478,97.75678866587957,0.043755820511341414,True
99,0.9432261548473415,97.754622835339,0.041551801496749245,True
100,0.9288391461883214,97.75264502006567,0.037454467622701486,True
101,0.9127341558073343,97.75085249945585,0.03284417310131865,True
102,0.8948692308065574,97.74924253354494,0.03126187233438602,True
103,0.875195788740725,97.74781236551428,0.18767651175984615,True
104,0.8536576732793313,97.74655922413179,0.18758371681474303,True
105,0.8301899714180443,97.74548032612549,0.1873942197548764,True
106,0.804717519321077,97.74457287848887,0.18717465963284935,True
107,0.7771529943226336,97.74383408071749,0.19015603459877456,True
108,0.7473944462440387,97.74326112697639,0.29198270702787693,True
109,0.7153220528038851,97.74285120819775,0.29495799140767764,True
110,0.6807937753703206,97.74260151410874,0.29697364942895615,True
111,0.6436394131461666,97.74250923518949,0.3044161166450256,True
112,0.603652249754401,97.74257156456109,0.30756404799828263,True
113,0.603652249754401,97.74278569980402,0.3103874525912198,True
114,0.603652249754401,97.74314884470715,0.3129022292630568,True
115,0.603652249754401,97.74365821094793,0.3152558337516064,True
116,0.603652249754401,97.74431101970411,0.31734067386785336,True
117,0.603652249754401,97.74510450319774,0.319172036044324,True
118,0.603652249754401,97.7460359061722,0.32076549901980655,True
119,0.6436394131461666,97.74710248730304,0.32213660591747134,True
120,0.6436394131461666,97.7483015205435,0.32330056790860645,True
121,0.6436394131461666,97.74963029640584,0.3242719929022305,True
122,0.6436394131461666,97.75108612317915,0.3250646342052982,True
123,0.6807937753703206,96.91061028108382,0.26784241612935306,True
124,0.7153220528038851,97.67266796311398,0.2683312885804421,True
125,0.7473944462440387,97.69379001678374,0.26872929940573537,True
126,0.7771529943226336,97.71467290871011,0.26904929460031785,True
127,0.804717519321077,97.55887597614216,0.2670172712983892,True
128,0.8301899714180443,96.7156175735787,0.14898192181164463,True
129,0.8536576732793313,97.48188405797102,0.14285876814883536,True
130,0.875195788740725,97.50448833034112,0.1383970806266296,True
131,0.9875245214535493,97.3536439665472,0.12097528906760412,True
132,1.066503202885787,97.44201299862858,0.11265563000759397,True
133,1.132529774880598,97.44093316669642,0.10468732043982085,True
134,1.1899285414712581,97.440009503445,0.09806500624279348,True
135,1.2072640872959293,97.43924125666864,0.09231857082411436,True
136,1.222731822382257,97.43862762496303,0.08755680321897645,True
137,1.2363772403452271,97.43816775869193,0.08385653437480962,True
138,1.2482389571842902,97.4378607609848,0.08165025361889541,True
139,1.2583494426149708,97.43770568876351,0.08340620502862589,True
140,1.2667356005770385,97.43770155379654,0.08701907879291877,True
141,1.2734192269994746,97.43784732377888,0.09215740462580055,True
142,1.3194892909924263,97.43814192343604,0.09899979335857471,True
143,1.3600340979407453,97.43858423565025,0.10692301381915588,True
144,1.3958301562928708,97.43917310260728,0.11564532151536484,True
145,1.4274202463828696,97.43990732696206,0.1249317896692246,True
146,1.4552013979602214,97.44078567302138,0.13459200873940705,True
147,1.4794731020725562,97.44180686794192,0.14447280995264702,True
148,1.5004659065178618,97.44296960294203,0.23783998237936643,True
149,1.5183593905083004,97.44427253452524,0.24880308306383253,True
150,1.5183593905083004,97.44571428571429,0.2595248301959297,False
151,1.5183593905083004,97.42528735632185,0.26990274207139764,False
152,1.5183593905083004,97.40492428620969,0.27990651702008884,False
153,1.5183593905083004,97.38463326746484,0.28951204775016337,False
154,1.5332939593741384,97.36442262739598,0.2983996932073893,False
155,1.545378825051491,97.34430082256169,0.3068010528682058,False
156,1.554697508762069,97.32427643236858,0.314714544953107,False
157,1.5613116549052575,97.30435815223845,0.35396336564815,False
158,1.5613116549052575,97.28455478634518,0.36381604221947467,False
159,1.5613116549052575,97.26487523992323,0.37240954905095136,False
160,1.5613116549052575,97.2453285111513,0.43777490808036945,False
161,1.5613116549052575,97.2259236826166,0.44774154295618845,False
162,1.5613116549052575,97.20666991236611,0.45653557441396064,False
163,1.565263635906296,97.18757642455368,0.46429036047586236,False
164,1.5665782425417163,97.16865249969291,0.47107084487510986,False
165,1.565263635906296,97.14990746452807,0.5261782088955018,False
166,1.5613116549052575,97.13135068153656,0.6413172851900181,False
167,1.5495348211113549,97.11299153807865,0.6792989927335642,False
168,1.5352702332191592,96.4960409003055,0.6886274657056239,False
169,1.5184387137728148,96.98275862068965,0.7162743131717789,False
170,1.5184387137728148,96.96476625571061,0.7909364037925133,False
171,1.5184387137728148,96.94709127382147,0.8162155625522926,False
172,1.5184387137728148,96.92974194763609,0.8377631608470228,False
173,1.5184387137728148,96.91272635814889,0.8560754033819782,False
174,1.5352702332191592,96.89605238305106,0.8715608085281795,False
175,1.5352702332191592,96.87972768532526,0.8845634500730546,False
176,1.5352702332191592,96.86375970215182,0.8953788220565809,False
177,1.5352702332191592,96.44078530715643,0.8922900362541365,False
178,1.5495348211113549,96.7461074038767,0.8981191502142449,False
179,1.5613116549052575,96.72873357990052,0.9031022290535956,False
180,1.5613116549052575,96.04977664326739,0.8804905367021272,False
181,1.5613116549052575,96.59003831417624,0.881268778792748,False
182,1.5613116549052575,96.57551750575007,0.8812371100538922,False
183,1.5613116549052575,96.56142144957178,0.8805127075101107,False
184,1.5613116549052575,96.54775604142692,0.8926868313876687,False
185,1.570663071721726,95.86370029408005,0.8648389564714867,False
186,1.577636732431408,95.230179028133,0.7861153832938972,False
187,1.577636732431408,95.78644501278772,0.755534817340478,False
188,1.577636732431408,95.78059071729957,0.7262803609200659,False
189,1.577636732431408,95.77527802633261,0.6981803117274974,False
190,1.582267169313773,95.12974562188418,0.6105332260173083,False
191,1.582267169313773,95.63466700754186,0.5741173292469923,False
192,1.578882083461779,95.63466700754186,0.5392013379712824,False
193,1.5732230293875173,95.63466700754186,0.5058453264562527,False
194,1.565263635906296,95.63466700754186,0.4741255971053434,False
195,1.565263635906296,95.63466700754186,0.4441378332577769,False
196,1.5732230293875173,95.63466700754186,0.4162794919241329,False
197,1.578882083461779,95.63466700754186,0.3909411166135964,False
198,1.582267169313773,95.63466700754186,0.3679363253065984,False
199,1.583393820970492,95.63466700754186,0.3457067359053593,False
200,1.5822671693137729,95.63466700754186,0.32562783471839596,False
201,1.578882083461779,95.63466700754186,0.3081066136141015,False
202,1.5732230293875173,95.63466700754186,0.2928977591556849,False
203,1.5732230293875173,95.63466700754186,0.27998871260131186,False
204,1.578882083461779,95.2127659574468,0.22056372454971554,False
205,1.5822671693137729,95.52171678231817,0.20134665028637913,False
206,1.583393820970492,95.51075615097257,0.18362961390292876,False
207,1.582267169313773,95.50032278889606,0.167581477051852,False
208,1.578882083461779,95.49042443064182,0.1519841764051534,False
209,1.5732230293875173,95.48106846473028,0.1380292664251714,False
210,1.565263635906296,95.47226192022866,0.1259018149460027,False
211,1.557672567089349,95.46401145385917,0.1135240511804385,False
212,1.5478570234493585,95.45632333767927,0.10287839548225583,False
213,1.5357733028273342,95.4492034473753,0.09417885216505152,False
214,1.5357733028273342,95.44265725120962,0.08759518957029126,False
215,1.535773302827334,95.43668979965955,0.08310071495639496,False
216,1.532902144485799,95.43130571578395,0.07906668447368173,False
217,1.527138493598173,95.42650918635171,0.09654253092630546,False
218,1.5184387137728148,95.4223039537633,0.09931088670748109,False
219,1.5184387137728148,95.41869330879453,0.2126949510509469,False
220,1.5184387137728148,95.41568008418837,0.2812123725498049,False
221,1.5184387137728148,95.41326664911819,0.3024775970076059,False
222,1.5184387137728148,95.41145490454247,0.3670048630831088,False
223,1.5184387137728148,95.41024627946793,0.41811300181022104,False
224,1.5067348178150048,95.40964172813487,0.46044929081591773,False
225,1.4919310878474152,95.40964172813487,0.46771786147013406,False
226,1.4738989153366922,95.41024627946793,0.48986000901403304,False
227,1.4524690941546656,95.41145490454247,0.5088278841861449,False
228,1.4552013979602214,95.41326664911819,0.5251202961967333,False
229,1.4561112661478437,95.41568008418837,0.539123778281334,False
230,1.4552013979602214,95.41869330879453,0.5402327556752693,False
231,1.4552013979602214,95.4223039537633,0.5480100732923423,False
232,1.4552013979602214,95.42650918635171,0.5548812717820957,False
233,1.4552013979602214,95.43130571578395,0.5609276622140761,False
234,1.4552013979602214,95.43668979965955,0.5662195637323811,False
235,1.4552013979602214,95.44265725120962,0.57083067747755,False
236,1.4524690941546656,95.4492034473753,0.5748215139365406,False
237,1.44790620869417,95.15645371577575,0.5749106198765196,False
238,1.4414990016406422,95.5811531953664,0.5767954627591086,False
239,1.4414990016406422,96.27458642698971,0.5473775658692025,False
240,1.4414990016406422,96.28160956900474,0.5174231365810893,False
241,1.4332278865247239,95.99065784351887,0.5066795688608106,False
242,1.4230670603378361,96.4329643296433,0.4632843371508941,False
243,1.4230670603378361,96.43134715025907,0.4187581374350494,False
244,1.4230670603378361,96.43019112406867,0.37256007650516165,False
245,1.4230670603378361,95.97297999480385,0.36402792673002876,False
246,1.4332278865247239,96.26928836512793,0.33411668113100884,False
247,1.4608248015713592,96.26076742364918,0.3047967655450873,False
248,1.4608248015713592,96.25269766529331,0.27587731462424414,False
249,1.4608248015713592,96.24508519003932,0.24745951192320104,False
250,1.4608248015713592,95.56414624557725,0.24533138751228242,False
251,1.4852641811356104,96.14175291497445,0.22802421336580472,False
252,1.498941259446481,96.14326872708224,0.21149478565252267,False
253,1.5094621252684286,96.14528795811518,0.1961133975286882,False
254,1.5169165540634162,96.14780902550687,0.18207036367390567,False
255,1.5213655983156216,96.15082995686838,0.16959696771346458,False
256,1.5213655983156216,96.15434839383651,0.15829160776400392,False
257,1.5213655983156216,96.15836159666058,0.148690797660784,False
258,1.5213655983156216,96.1628664495114,0.1409769815993037,False
259,1.5213655983156216,96.16785946649317,0.13530461067976524,False
260,1.5213655983156216,96.17333679833679,0.13176901691607815,False
261,1.5213655983156216,96.1792942397509,0.1288832856813754,False
262,1.5213655983156216,96.18572723740448,0.12777009345683998,False
263,1.5213655983156216,96.19263089851326,0.12831984486726228,False
264,1.5213655983156216,96.2,0.13036570492118818,False
265,1.5228447333219093,96.20782899819727,0.1337039347470483,False
266,1.5213655983156218,96.21611203905948,0.13811672926141097,False
267,1.5169165540634162,96.22484296885014,0.14339153771547866,False
268,1.5094621252684286,96.23401534526855,0.14958257799205485,False
269,1.498941259446481,96.2436224489796,0.15841354708836863,False
270,1.4852641811356104,96.25365729550948,0.1581900189510307,False
271,1.4683074126843,96.26411264746923,0.15764301405718992,False
272,1.4479062086941699,96.27498102706805,0.16201770541190977,False
273,1.4238430936939133,96.28625472887768,0.16434666776017004,False
274,1.3958301562928708,96.29792583280955,0.16568839828942758,False
275,1.3984610270106808,96.309986217266,0.1660225439919489,False
276,1.3993371806574677,96.32242757242757,0.16595211654204214,False
277,1.3984610270106808,96.33524141363863,0.16509831635066327,False
278,1.3958301562928708,96.34841909485431,0.16346016860681478,False
279,1.3914372992027793,96.36195182211242,0.16102722341629552,False
280,1.3852702053381705,96.37583066699483,0.15777840928110912,False
281,1.3773114348674147,96.39004658004413,0.15493598612778345,False
282,1.3675380544221296,96.40459040410207,0.15150188486602667,False
283,1.3559212235520337,96.419452887538,0.14745392417431927,False
284,1.3424256522693587,96.43462469733656,0.14275846948887091,False
285,1.3270089026073437,96.45009643201543,0.21771900627339824,False
286,1.3096204968427199,96.46585863434538,0.21347686654378276,False
287,1.2902007807553537,96.48190180384661,0.2089325542188932,False
288,1.2902007807553537,96.49821640903686,0.20410413526495455,False
289,1.2902007807553537,96.06654783125371,0.19720004414431405,False
290,1.2902007807553537,96.36028975181095,0.20177013624635973,False
291,1.2902007807553537,96.36331276696725,0.2073602369029812,False
292,1.2902007807553537,96.12968231389284,0.20866828774305568,False
293,1.2902007807553537,96.4712847838958,0.2107944884919086,False
294,1.2902007807553537,96.4712847838958,0.24278195378018858,False
295,1.2902007807553537,96.4712847838958,0.2513917690352189,False
296,1.2902007807553537,96.4712847838958,0.2603418320234137,False
297,1.2686794699537274,96.4712847838958,0.26960123098661953,False
298,1.2449737775841294,96.4712847838958,0.27914350298256596,False
299,1.2189859772419214,96.4712847838958,0.28894623931584074,False
300,1.2189859772419214,96.4712847838958,0.29811501890295783,False
301,1.2189859772419214,96.4712847838958,0.2985372242776226,False
302,1.2189859772419214,96.4712847838958,0.31637204127544644,False
303,1.2189859772419214,96.4712847838958,0.3314461465815639,False
304,1.201681991620676,96.4712847838958,0.34492530516270253,False
305,1.201681991620676,95.64755838641189,0.31452927911882317,False
306,1.1787269834988532,96.39332706766918,0.3270793337262277,False
307,1.1494318918359776,96.40809640809641,0.33822135968712225,False
308,1.1706718933538656,96.42316206454619,0.34810296632420307,False
309,1.132529774880598,96.4385150812065,0.36127470701564113,False
310,1.132529774880598,96.1942711942712,0.3729296279372704,False
311,1.132529774880598,96.60802575600782,0.3834896026831723,False
312,1.1899285414712581,96.60802575600782,0.39378817578600833,False
313,1.2407449439357603,96.60802575600782,0.39416496618836816,False
314,1.2861766890619075,95.84914338277567,0.37604638879726604,False
315,1.3270089026073437,96.71150971599403,0.37889241517090433,False
316,1.3637938028246004,96.72656518255694,0.3785829177696531,False
317,1.3969387860636409,96.74185463659148,0.38869635148819043,False
318,1.4267547652077353,96.75736961451247,0.3895460075042947,False
319,1.4534849141043307,96.77310165858061,0.3888965685881351,False
320,1.477322818602089,96.78904232626024,0.38730436171380433,False
321,1.4984244813325356,96.57618409294012,0.39117568589543605,False
322,1.5169165540634162,96.9437652811736,0.3764763768680288,False
323,1.532902144485799,96.9437652811736,0.370138064309426,False
324,1.532902144485799,96.9437652811736,0.3630434538507366,False
325,1.532902144485799,96.9437652811736,0.35448463742311476,False
326,1.532902144485799,96.9437652811736,0.370472649962578,False
327,1.532902144485799,96.9437652811736,0.3649207421356949,False
328,1.532902144485799,96.9437652811736,0.3594713352487933,False
329,1.532902144485799,96.1547010446766,0.34620069155601435,False
330,1.532902144485799,97.03823071793732,0.3392658300472449,False
331,1.532902144485799,97.05443492677536,0.33154639589088647,False
332,1.532902144485799,97.07078478786546,0.3227381389488049,False
333,1.532902144485799,96.85775178971528,0.3254739975149404,False
334,1.532902144485799,96.83198601704173,0.32344528273757617,False
335,1.532902144485799,97.04622817612825,0.3210997312237704,False
336,1.532902144485799,97.03123275576647,0.32134773088496377,False
337,1.532902144485799,96.2122892635315,0.2998956948044294,False
338,1.532902144485799,97.08537672759697,0.3038457956917623,False
339,1.532902144485799,97.08102667337695,0.2978745472797486,False
340,1.532902144485799,97.0713644524237,0.3054604618637927,False
341,1.532902144485799,97.06759723082118,0.31332418416866525,False
342,1.532902144485799,96.8383017163505,0.3256997066484303,False
343,1.532902144485799,97.14593125318534,0.3288555464605827,False
344,1.532902144485799,97.12604273797281,0.3232201874641009,False
345,1.532902144485799,97.1061278607252,0.33514938494165264,False
346,1.532902144485799,96.26613935093637,0.3085763824888893,False
347,1.532902144485799,97.13665434489234,0.32131060766397185,False
348,1.532902144485799,97.13141308829593,0.33110388395360146,False
349,1.5213655983156218,96.86040324011115,0.3325983960853663,False
350,1.5076213244090613,97.24645421636698,0.3420726901637472,False
351,1.4916094114932357,97.245195454275,0.3727993254311564,False
352,1.473256553252489,97.24425887265136,0.39957354460843836,False
353,1.4524737111892643,97.24364723467862,0.4034672490312059,False
354,1.4291529843613586,97.04560436267754,0.4117004758103854,False
355,1.4031633649036754,97.30947090264848,0.43213388074555287,False
356,1.374344879613302,97.30657989877079,0.4494230435503373,False
357,1.3425003133763334,97.03197727135344,0.4674436231796866,False
358,1.3425003133763334,97.416929420325,0.47345926456895215,False
359,1.3425003133763334,97.21159103335155,0.48461069732523365,False
360,1.3425003133763334,97.47444011684517,0.48601257234929823,False
361,1.30738316633364,97.47329874885565,0.48666217091170594,False
362,1.2686794699537274,97.47246022031824,0.4952113771334217,False
363,1.2259790140555222,97.47192734859176,0.6157529177818588,False
364,1.1787269834988532,97.20718503937007,0.7189295778434468,False
365,1.1494318918359776,97.57661713017204,0.7289462230314813,False
366,1.1494318918359776,97.36338376041988,0.7426967491666114,False
367,1.1126817966979572,97.6259659969088,0.7489843900691365,False
368,1.066503202885787,97.6270136307311,0.755711400007867,False
369,1.006634797484697,97.36139566648042,0.7664003764815042,False
370,0.8948692308065574,97.71709380442896,0.7687665339863827,False
371,0.875195788740725,97.98269099059834,0.7732237760645728,False
372,0.8536576732793313,97.98540510197718,0.7685687135615067,False
373,0.8301899714180443,97.69662921348315,0.7960335950313582,False
374,0.804717519321077,97.70753950902618,0.7987220118170227,False
375,0.7771529943226336,98.03125,0.8461551229893105,False
376,0.7473944462440387,98.02416310093129,0.9145348411708775,False
377,0.7153220528038851,98.01723045736729,0.995447481651525,False
378,0.6807937753703206,98.01045784976407,1.158378484012084,False
379,0.6436394131461666,98.0038510911425,1.213307422349255,False
380,0.603652249754401,97.99741602067184,1.2609746745075712,False
381,0.560576942614533,97.99115849694448,1.3015160988844972,False
382,0.5140912790181235,97.01599271876219,1.3323006852139507,False
383,0.4637773498877516,95.89884696016772,1.310223804144587,False
384,0.40907313904382653,95.87264150943396,1.2842768900768997,False
385,0.40907313904382653,96.79015560908914,1.2977670676539144,False
386,0.40907313904382653,96.80383022774328,1.3076557950882894,False
387,0.40907313904382653,96.81774349083896,1.3144463679099567,False
388,0.40907313904382653,96.83188553909045,1.3266385737660489,False
389,0.40907313904382653,96.84624658925058,1.3308050582213637,False
390,0.40907313904382653,96.86081694402421,1.3332399070253111,False
391,0.40907313904382653,96.57715582450832,1.3267924821122912,False
392,0.40907313904382653,96.7725668179526,1.324638706761828,False
393,0.40907313904382653,96.34654215042907,1.3092652032860015,False
394,0.40907313904382653,96.83592269799166,1.3084165174255502,False
395,0.40907313904382653,95.8775177260463,1.2725204281125366,False
396,0.40907313904382653,95.56378239317311,1.2500144919964575,False
397,0.40907313904382653,95.33291457286433,1.181816325779091,False
398,0.40907313904382653,94.40284537626357,0.5782480879551087,False
399,0.40907313904382653,95.3080451221024,0.9485625050971978,False
400,0.40907313904382653,95.32750554050726,0.8791545775507047,False
401,0.40907313904382653,95.34727317192467,0.812891578721202,False
402,0.40907313904382653,95.36733454766242,0.7523092181438789,False
403,0.40907313904382653,95.38767635355119,0.7236255040329995,False
404,0.40907313904382653,95.40828544061303,0.6729082574376142,False
405,0.40907313904382653,95.42914883499762,0.6276652201170222,False
406,0.40907313904382653,95.45025374719698,0.5881125788247559,False
407,0.40907313904382653,95.47158758055068,0.5550999823943705,False
408,0.40907313904382653,95.2489748096075,0.5519492017346784,False
409,0.4637773498877516,95.41886350322203,0.5643595269318655,False
410,0.5140912790181235,95.41886350322203,0.567409393629109,False
411,0.560576942614533,95.41886350322203,0.5742517332272139,False
412,0.603652249754401,95.41886350322203,0.5706441648087077,False
413,0.6436394131461666,95.41886350322203,0.5752974020892713,False
414,0.6807937753703206,95.41886350322203,0.5785950479457156,False
415,0.7153220528038851,95.41886350322203,0.5807232808597398,False
416,0.7473944462440387,94.4870900209351,0.5120795407535107,False
417,0.7771529943226336,95.3821288386054,0.5079413612941837,False
418,0.804717519321077,95.40506474160651,0.5088662510474331,False
419,0.8301899714180443,95.20398808159523,0.5033707113587818,False
420,0.8536576732793313,95.37588815035527,0.5034962974167057,False
421,0.875195788740725,95.37068866735419,0.5035706955508394,False
422,0.8948692308065574,95.2400045824264,0.5014677333667824,False
423,0.9127341558073343,94.51517562805502,0.4593239567265005,False
424,0.9288391461883214,95.3888700756293,0.45927300631116574,False
425,0.9288391461883214,95.17276422764228,0.458326924231433,False
426,0.9127341558073343,95.18861531511182,0.4580792445165096,False
427,0.8948692308065574,95.14343799412694,0.5130987419232438,False
428,0.875195788740725,96.2461608463201,0.46548870466977577,False
429,0.8536576732793313,96.2461608463201,0.41943349262334906,False
430,0.8301899714180443,96.0755317938801,0.3896311562319103,False
431,0.8301899714180443,96.08623926275669,0.35878296092454415,False
432,0.8301899714180443,95.81184828692564,0.3495979135273526,False
433,0.8301899714180443,95.97253476429519,0.32992028793463996,False
434,0.8301899714180443,95.95002905287623,0.3135228884059425,False
435,0.8301899714180443,95.9276812357381,0.2995416449261895,False
436,0.8301899714180443,95.9055025332862,0.2882026984521066,False
437,0.8301899714180443,95.63849988131973,0.29100385295490394,False
438,0.8301899714180443,95.78651685393258,0.2887905152209041,False
439,0.8301899714180443,95.75057180690983,0.28790541811332016,False
440,0.8301899714180443,95.71463207661535,0.28777511411101114,False
441,0.8301899714180443,95.6787109375,0.28828285036167955,False
442,0.8301899714180443,95.6428220255654,0.28912162537429187,False
443,0.8301899714180443,95.6069793342408,0.29021560939043617,False
444,0.8301899714180443,95.57119720941822,0.29116996379637256,False
445,0.8301899714180443,95.53549034361676,0.2917631945357275,False
446,0.8301899714180443,95.49987376925019,0.2917942302019293,False
447,0.8301899714180443,94.55945468316082,0.2670179916249906,False
448,0.8301899714180443,95.39888916940167,0.2649110967389764,False
449,0.8301899714180443,95.39888916940167,0.2635754794532307,False
450,0.8301899714180443,95.39888916940167,0.2630031920641764,False
451,0.8301899714180443,95.39888916940167,0.2635568727640083,False
452,0.8301899714180443,95.39888916940167,0.2613540310579472,False
453,0.8301899714180443,95.39888916940167,0.259977125209134,False
454,0.8536576732793313,95.39888916940167,0.25737589293631735,False
455,0.875195788740725,95.39888916940167,0.25466209662739625,False
456,0.8948692308065574,95.39888916940167,0.2498308357971728,False
457,0.9127341558073343,95.39888916940167,0.2478620355433367,False
458,0.9288391461883214,95.39888916940167,0.24339768840825204,False
459,1.0394364783172854,95.39888916940167,0.4400392136092283,False
460,1.1166404295430465,95.39888916940167,0.4924654349317056,False
461,1.180846716107336,95.39888916940167,0.5158353947687538,False
462,1.2363772403452271,95.39888916940167,0.5367889121889982,False
463,1.2852748466470731,95.39888916940167,0.5554800434605701,False
464,1.3287344279695676,95.39888916940167,0.5974028396149216,False
465,1.3675380544221296,95.39888916940167,0.6127616731302572,False
466,1.4022346182456082,95.39888916940167,0.6154229148736644,False
467,1.4332278865247239,94.55314314567029,0.5839865608591411,False
468,1.4608248015713592,95.50618530674072,0.5853469721810054,False
469,1.4852641811356104,95.53453998872675,0.587108474130091,False
470,1.498941259446481,95.56301267710664,0.5864117095029437,False
471,1.5094621252684286,95.5915901103644,0.5850899233383567,False
472,1.5169165540634162,95.28998891762099,0.5848976694813705,False
473,1.5213655983156216,95.52468187127313,0.5841689197627553,False
474,1.5228447333219093,95.51982324782128,0.5834023648511012,False
475,1.5213655983156218,95.51553023341297,0.5826175263562994,False
476,1.5169165540634162,95.42008071419836,0.5834340217831995,False
477,1.5094621252684286,95.55745407945322,0.5821848923853011,False
478,1.498941259446481,95.52431237721022,0.5820289991688111,False
479,1.4852641811356104,93.7561394891945,0.45011291183227387,False
480,1.4683074126843,94.34871224754494,0.3904637887767537,False
481,1.4479062086941699,94.61424698052748,0.3577321201322866,False
482,1.4238430936939133,94.61486444949898,0.3347349777350066,False
483,1.3958301562928708,94.61613931812607,0.31087170186242724,False
484,1.3634806730596907,94.25231070575992,0.21851692845773354,False
485,1.3262610770456722,94.5869990224829,0.16964133227436223,False
486,1.3271059259290725,94.91080156402737,0.1623251236371184,False
487,1.3262610770456722,94.92713858911041,0.1543618015914599,False
488,1.3237243701143493,94.94402531029448,0.14843434941393777,False
489,1.3194892909924263,94.88860559703758,0.13919371609809916,False
490,1.3135448704851065,95.00968992248062,0.14028088422992413,False
491,1.305875511291131,95.00968992248062,0.17692147651164236,False
492,1.296460736137167,95.00968992248062,0.18608838852757287,False
493,1.3926710596071106,95.00968992248062,0.19587168918196105,False
494,1.454967846174434,95.00968992248062,0.20610005565329853,False
495,1.5037063976523952,95.00968992248062,0.21748308945138015,False
496,1.5431631227610834,94.88860559703758,0.22679209439444437,False
497,1.575329372765494,94.94402531029448,0.2372455608716419,False
498,1.6013414018042749,94.92713858911041,0.24647453315786516,False
499,1.6219140512435524,94.91080156402737,0.2550938717102564,False
500,1.6375185509111683,94.89502356613822,0.30177952849644163,False
501,1.6484681830421755,94.87981358842286,0.388432251902169,False
502,1.6484681830421755,94.56708363993133,0.41816177817981415,False
503,1.6244517459375531,94.57934755948001,0.4450727985502281,False
504,1.6244517459375531,94.87981358842286,0.47438952236579707,False
505,1.6244517459375531,94.86483150228366,0.49993713263637507,False
506,1.6244517459375531,94.69786545522435,0.5212333759652338,False
507,1.6244517459375531,94.76094867611997,0.5408845731319198,False
508,1.6244517459375531,94.73084951609843,0.5581370324107094,False
509,1.6244517459375531,94.70093100369851,0.5732582709318037,False
510,1.6244517459375531,94.67120910201196,0.5859758414589232,False
511,1.6419217078023642,94.32009315564756,0.5875515527867572,False
512,1.6532783865902387,94.53160601523338,0.5948458035222174,False
513,1.6220908698204586,94.51722782654264,0.6008849330442769,False
514,1.5876130097652603,94.50339418704277,0.6057105773663719,False
515,1.5812586562750222,94.49012067365071,0.6087306972429835,False
516,1.568310764373339,94.47742279730541,0.6103464408593613,False
517,1.5181168216168095,94.46531598014222,0.6111092745026365,False
518,1.4944308636158867,94.45381553201538,0.6110611407298812,False
519,1.4603393987966544,94.44293662640793,0.6175226824832991,False
520,1.4883011820579903,94.01132255644227,0.6659072653576736,False
521,1.5136504959787702,93.60812015636787,0.7020504667727892,False
522,1.536521674435773,93.87023374474246,0.7409036141771712,False
523,1.5570262476364447,93.85873709017814,0.8614580751566046,False
524,1.5752572246497292,93.84797603288511,0.9566308362271958,False
525,1.5912922678886336,93.83796652895455,0.9721645914543272,False
526,1.605196081877175,93.82872422771092,0.985566546153126,False
527,1.6170222298160453,93.82026444177332,0.9969003023395285,False
528,1.6414616093802965,93.81260211692832,1.0064161093792585,False
529,1.662932246059691,93.80575180189824,1.0732841310138546,False
530,1.6815848515026244,93.7997276180919,1.0780445181932488,False
531,1.6975402173021816,93.79454322942912,1.0819261001745926,False
532,1.710894937006755,93.79021181233283,1.0853824864515964,False
533,1.7217254888295113,93.78674602598534,1.0879773088147036,False
534,1.7300911728744404,93.78415798294833,1.0898171057446173,False
535,1.7360362163922258,93.78245922024723,1.0911892919789474,False
536,1.7383458981848072,93.78166067102269,1.0921504072897268,False
537,1.7383458981848068,93.78177263685258,1.0984648023919008,False
538,1.7360362163922258,93.78280476084868,1.1015804679105954,False
539,1.7360362163922258,93.56015485407981,1.1008794876888797,False
540,1.7360362163922258,92.69654556283503,1.0648819072091342,False
541,1.7360362163922258,92.48069570432565,1.016972492792249,False
542,1.7360362163922258,92.58001207729468,0.9940930137467919,False
543,1.731405779509861,91.72705314009661,0.931304270297727,False
544,1.7244321188001792,91.7421497584541,0.8396390835144046,False
545,1.7244321188001792,92.60265700483092,0.82521788229067,False
546,1.7244321188001792,92.596493868031,0.8102891311888596,False
547,1.769218689277102,92.59148170365927,0.7950817778430795,False
548,1.8044896494088345,92.58761114847194,0.7798433260457832,False
549,1.8322068551610395,91.63117387730703,0.6925553367640047,False
550,1.8534710853755008,92.58761114847194,0.6850567181276399,False
551,1.8534710853755008,92.59148170365927,0.6798519381786211,False
552,1.868953985000157,92.596493868031,0.6764410842815765,False
553,1.879073438410761,92.60265700483092,0.674945901790098,False
554,1.8961628927013354,92.6099795562959,0.705724474664151,False
555,1.909227029838433,92.61846901579587,0.7137511325179849,False
556,1.918443000489836,92.62813190160688,0.7228252119195304,False
557,1.9239280467468478,92.38788807972404,0.7239589817847215,False
558,1.9257491327434368,92.48514775094515,0.7300384687151023,False
559,1.9239280467468478,92.45283018867924,0.7357743432549362,False
560,1.918443000489836,92.42128291272756,0.7424845163612115,False
561,1.9092270298384333,92.39053533527239,0.7487457450145454,False
562,1.8961628927013354,91.88165680473372,0.7708149021403331,False
563,1.9031365534110174,91.30159734303336,0.715452901729973,False
564,1.9031365534110174,91.77430858229654,0.6990024636533202,False
565,1.9077669902933823,91.78974114657774,0.6842055448469438,False
566,1.9100766720859634,91.8065388592793,0.7010070470573333,False
567,1.9100766720859634,91.82470119521912,0.7420829982164463,False
568,1.9100766720859634,91.84422631872955,0.911619443781758,False
569,1.9100766720859634,91.56636173968866,1.0358835464610454,False
570,1.9100766720859634,91.69019766034691,1.2195794174899266,False
571,1.9100766720859634,91.66261151662611,1.314500925541861,False
572,1.8931199036346533,91.63609684519443,1.3939172908653128,False
573,1.872718699644523,91.6106832705227,1.4621002329096757,False
574,1.8683049966006324,91.08683151236343,1.5082279442151418,False
575,1.8616602097548314,91.45116125844177,1.5579210412607272,False
576,1.8616602097548314,91.42243870222076,1.6394322572144908,False
577,1.8356650800118892,91.39500248221083,1.686659503752392,False
578,1.8258495363718987,91.36887488599619,1.7686567703991556,False
579,1.8258495363718987,91.34407708921748,1.811453913562366,False
580,1.8258495363718987,91.32062910876259,1.848015825749058,False
581,1.8258495363718987,91.29854975829305,1.879376905075305,False
582,1.8258495363718987,90.65366016341504,1.8911978425307516,False
583,1.8258495363718987,91.19412941961308,1.91342581177785,False
584,1.8258495363718987,91.22748498999333,1.9546307736458979,False
585,1.8258495363718987,91.26229781557446,1.965286501778014,False
586,1.8258495363718987,90.69359819714548,1.9631738956950375,False
587,1.8258495363718987,90.35609551738584,1.9505191615022424,False
588,1.8258495363718987,89.11313960304832,1.7198277877962507,False
589,1.7951042951653005,89.10476509505067,1.6895263451744127,False
590,1.7601239412143106,88.38455740725233,0.9405442647819622,False
591,1.7203676382689692,88.92052591910225,1.5719989865984947,False
592,1.6882013882645586,88.92052591910225,1.5385630968780981,False
593,1.6487446631558704,88.92052591910225,1.468901657248749,False
594,1.6000061116779092,88.92052591910225,1.4064341221218626,False
595,1.537709325110586,88.92052591910225,1.3597127631092312,False
596,1.441499001640642,88.31865828092243,0.637506099849272,False
597,1.4479062086941699,88.69112585005458,1.0964198823619924,False
598,1.4524690941546654,88.0110821929309,0.3926233012505671,False
599,1.4524690941546654,88.48963143312903,0.7835228333836881,False
600,1.4524690941546654,88.48963143312903,0.7458974427333803,False
601,1.4524690941546654,88.48963143312903,0.7088766183408549,False
602,1.4524690941546654,88.48963143312903,0.6745674978494097,False
603,1.4524690941546654,88.48963143312903,0.641999712928533,False
604,1.4776169519137876,87.96070858869952,0.32998599518290217,False
605,1.4995196245467155,88.6995214507598,0.4904722502741948,False
606,1.5164273757656148,88.73877653771922,0.4515183771320031,False
607,1.5303333274395563,88.77987421383648,0.4239141592826078,False
608,1.5303333274395563,88.82279011311269,0.4037065510127758,False
609,1.5303333274395563,88.86749811668201,0.4404929990360379,False
610,1.5303333274395563,88.91397040381239,0.43611459387200396,False
611,1.5303333274395563,88.9621775068882,0.43408603386548705,False
612,1.541342789057496,89.01208837015423,0.43354678091356325,False
613,1.541342789057496,89.06367041198502,0.4378371835590077,False
614,1.541342789057496,88.47274240532667,0.42447475147731184,False
615,1.541342789057496,87.94940079893475,0.36096217818920856,False
616,1.6265436509095,88.36841667360014,0.35868845389439324,False
617,1.6771365415190136,88.37325349301398,0.3528678119926759,False
618,1.7270581231328372,88.38001828609426,0.35937440909798335,False
619,1.7677601992718963,87.70838517044041,0.30886357554382216,False
620,1.8012410559117273,88.3160943318163,0.3224256014945853,False
621,1.8286451082857558,88.38629797771358,0.34370076830692753,False
622,1.8352139931066647,88.45805548695151,0.371691418654492,False
623,1.8384826569246968,88.531319267712,0.4047273685198111,False
624,1.8384826569246968,88.6060407628714,0.44145342129924586,False
625,1.8352139931066644,88.68217054263566,0.4789358783888309,False
626,1.8506968927313208,88.75965839772265,0.5149486756188317,False
627,1.8608163461419247,88.83845343276323,0.550868260458962,False
628,1.8868114758848669,88.2881424524484,0.5896160338858369,False
629,1.909227029838433,87.61290322580645,0.5964302795643399,False
630,1.9282878195410529,88.27026592753273,0.6374292449222917,False
631,1.9356248863940855,88.35627400768246,0.6802499052959388,False
632,1.9404945258524577,88.44345261815573,0.7240765367482831,False
633,1.942922907018691,88.23015873015873,0.7658893495209173,False
634,1.942922907018691,88.71592256025286,0.8091107856733837,False
635,1.9404945258524577,88.71592256025286,0.8531671459076685,False
636,1.9356248863940855,88.71592256025286,0.8977410593123042,False
637,1.9282878195410529,88.71592256025286,0.9428318821688731,False
638,1.918443000489836,88.10746740418807,0.9851618952529997,False
639,1.906034562756409,88.91347293559858,1.0267365019920631,False
640,1.909828831106059,88.9887286198471,1.0646440365718566,False
641,1.8929622474975352,89.06532505306187,1.1001908698751484,False
642,1.8732126133483278,89.14321548953515,1.1109654918835126,False
643,1.8504337870686127,89.22235248143807,1.0996141383278266,False
644,1.8244410804260904,89.30268796260226,1.1024558666544606,False
645,1.7949993755642026,89.38417333229789,1.1050767604871314,False
646,1.761805077070091,89.46675953873539,1.1080582222814634,False
647,1.7244574553007375,89.55039716202668,1.1107594220188317,False
648,1.6824103830230515,89.63503649635037,1.1130597543720517,False
649,1.6348843143468914,89.72062763107539,1.1138818667684902,False
650,1.5806866669251578,89.80712053060914,1.1153991324099408,False
651,1.517776716815552,89.89446511274771,1.1167232181259612,False
652,1.4418345122852587,89.98261132531943,1.1100624945852982,False
653,1.4138727290239226,90.07150922092586,1.117382918454904,False
654,1.3831354475708932,90.1611090295991,1.1224302299059952,False
655,1.3494226389811557,90.25136122920863,1.125178597550708,False
656,1.3124852065079404,90.34221661346596,1.1255891668331732,False
657,1.2720067799215513,90.43362635739085,1.1236095789432088,False
658,1.227574923439486,90.5255420801176,1.1191730460929696,False
659,1.2101049615746748,90.61791590493601,1.077313502491343,False
660,1.2101049615746748,90.71070051647632,1.1080984874499145,False
661,1.1858996197264204,90.80384921496274,1.0962299291650988,False
662,1.15389732341272,90.46378699081109,1.1153831558404097,False
663,1.1662725283662196,89.69561775922861,1.1700809262875485,False
664,1.15389732341272,90.50447227191414,1.2229946210099798,False
665,1.2130274905872405,90.60832443970118,1.2705582548108736,False
666,1.265618623258219,90.71231520124496,1.3134638834479746,False
667,1.3128706538148882,90.81639828422755,1.3385146179878222,False
668,1.3555711097130931,90.92052841266513,1.3622916175931188,False
669,1.3555711097130931,91.02466134074331,1.3811011491290275,False
670,1.3555711097130931,91.12875388332758,1.3752601140004441,False
671,1.3555711097130931,91.2327639431982,1.3687418721245168,False
672,1.3555711097130931,91.1730625042601,1.3519210014888143,False
673,1.3555711097130931,91.55549536127853,1.3380113218100353,False
674,1.3555711097130931,91.62912660525785,1.3175288012837474,False
675,1.3555711097130931,91.70282357653028,1.3021075358220058,False
676,1.3555711097130931,91.77655556291829,1.294100635663376,False
677,1.3555711097130931,91.85029270538709,1.2921971920689312,False
678,1.3555711097130931,91.92400600639812,1.2994752798389033,False
679,1.3555711097130931,91.99766733622756,1.302662096129005,False
680,1.3555711097130931,92.07124943733523,1.302204656058053,False
681,1.3555711097130931,92.04262650756174,1.3032201475838865,False
682,1.4079850863191958,92.27505857025264,1.293575523137089,False
683,1.4079850863191958,92.61892776239617,1.2656930355352547,False
684,1.4079850863191958,92.93125,1.1824010340465307,False
685,1.4079850863191958,93.00086945721029,1.1291863556619088,False
686,1.4079850863191958,93.07046772800197,1.0752104228285235,False
687,1.3807675300456472,92.91319122644424,1.0313083124662104,False
688,1.3509854613537893,93.00383520969937,0.9944941981331402,False
689,1.3509854613537893,93.00885503746362,0.9614006972485134,False
690,1.3509854613537893,92.54350653372144,0.9896160830329244,False
691,1.3509854613537893,92.62381454162276,0.9884342783975819,False
692,1.3807675300456472,91.91181063019174,1.007277054645549,False
693,1.4079850863191958,92.75690642502045,0.9648668190508642,False
694,1.4728138325914575,92.65159624708771,1.0087248218853304,False
695,1.528983643816844,92.88729288729289,1.0020076010521655,False
696,1.5785382995858783,93.15474314528836,0.9949905725681104,False
697,1.6226737082573424,93.36905137094233,0.9808985129053843,False
698,1.6621730449866208,93.63177805800757,0.948347826879498,False
699,1.6975864075781912,93.64238410596026,0.9167867448042853,False
700,1.7293188817724232,93.65379762805955,0.8828793798477533,False
701,1.7293188817724232,93.66601476247556,0.8458905336672241,False
702,1.7293188817724232,93.67903103709311,0.8134799486768235,False
703,1.7293188817724232,93.69284137496058,0.79036681364111,False
704,1.7293188817724232,92.79273638071383,0.7969403685054115,False
705,1.7293188817724232,93.65326039659352,0.784252634444211,False
706,1.7576788562333094,93.71837591015674,0.7622416750503422,False
707,1.7769594329671672,93.61793348441232,0.7567296735004194,False
708,1.7769594329671672,93.8966565349544,0.7350136980148654,False
709,1.8093652274583014,93.94543039961367,0.7108327857654757,False
710,1.8093652274583014,93.99424598417646,0.7413577122662587,False
711,1.8093652274583014,94.04308497976672,0.7192580399770169,False
712,1.8093652274583014,94.09192957580055,0.7046942095370519,False
713,1.8093652274583014,94.14076246334311,0.689253170761695,False
714,1.8093652274583014,94.1895668374476,0.6723259137990659,False
715,1.8093652274583014,94.10540915395285,0.6603263182092421,False
716,1.8329889026214166,94.36159229092577,0.628474105664147,False
717,1.8536146904174111,94.42135822849662,0.6036443053365097,False
718,1.8536146904174111,94.34527172070952,0.5893962637404028,False
719,1.8536146904174111,94.30361881104274,0.5830502394385462,False
720,1.8367831709710667,94.17015026550672,0.5891537719442315,False
721,1.8051930808810681,93.30304559986538,0.6071616872997548,False
722,1.784879922153599,94.0583583918031,0.6249722708599523,False
723,1.761805077070091,94.31698822488805,0.6372828397161311,False
724,1.7244574553007375,94.24543310110263,0.6564787474443072,False
725,1.6824103830230515,94.46410102879538,0.6705292837564202,False
726,1.6348843143468914,94.22752273593639,0.6919960834700679,False
727,1.5806866669251578,94.52524922372936,0.7132598231400168,False
728,1.517776716815552,94.46121754405226,0.7389807294957076,False
729,1.4418345122852587,94.39681398307428,0.7674642592995593,False
730,1.4418345122852587,92.70424249128824,0.7450881004233582,False
731,1.4418345122852587,94.38575142430444,0.7743919072435724,False
732,1.4418345122852587,94.60854287910398,0.7946634131381143,False
733,1.4418345122852587,94.60854287910398,0.8152795963418334,False
734,1.517776716815552,94.60854287910398,0.8365284839962656,False
735,1.5424689812691437,94.60854287910398,0.8589086250969683,False
736,1.564664332377177,93.84539365323377,0.8845104554182585,False
737,1.584473195301132,94.75129021631712,0.9023325011045568,False
738,1.5752572246497292,94.82317039943328,0.9187279464330919,False
739,1.5454412455056348,94.89453758788534,0.9332613837085069,False
740,1.512296262266594,94.9653802801782,0.9457604732176611,False
741,1.4755113620493376,95.03568765313732,0.9533926724200306,False
742,1.4346791485039014,95.10544954807337,0.9589407746916071,False
743,1.4137802974102476,95.17465645651946,0.9626800602566232,False
744,1.4137802974102476,95.24329950559459,0.9645297976925473,False
745,1.4137802974102476,95.31137044304451,0.9644086714228645,False
746,1.4137802974102476,95.31225984937753,0.965446440082961,False
747,1.4137802974102476,95.48642878926502,0.9579973539266808,False
748,1.4346791485039014,95.54053372345255,0.9489972654020693,False
749,1.4346791485039014,95.59427255432061,0.9386631894400028,False
750,1.3892474033777542,95.64763750186317,0.9207511826675114,False
751,1.338431000913252,95.70062124050882,0.9031970489568326,False
752,1.281032234322592,95.7532168892803,0.8731336031614281,False
753,1.215005662327781,95.80541800174774,0.8537811918437731,False
754,1.1360269808955432,95.85721855580712,0.8331339305114547,False
755,1.1121677738527553,95.90861294331326,0.8115049194260114,False
756,1.0861806141391561,95.95959595959596,0.7884092366579928,False
757,1.057965113453549,96.01016279288605,0.764471833469556,False
758,1.0274029115419607,96.06030901367689,0.7380887888617673,False
759,0.9943533402865055,96.11003056404557,0.7129515935699167,False
760,0.9586474853745399,96.1593237469564,0.6865299965576641,False
761,0.9200798396181975,96.20818521556832,0.6950302666248833,False
762,0.8783961984032758,96.25661196256613,0.6680794379779205,False
763,0.8783961984032758,96.30460130953449,0.6393316715693893,False
764,0.8783961984032758,96.35215089639219,0.6103958895312953,False
765,0.8783961984032758,96.39925867090284,0.5783416014841382,False
766,0.8783961984032758,96.44592287827723,0.5456605849084886,False
767,0.8332754212522386,96.49214205088131,0.5139846671007777,False
768,0.7164037343212466,96.53791499806226,0.48128321751711817,False
769,0.7164037343212466,96.58324079610489,0.44751572607557133,False
770,0.6318640827062832,96.45874221349945,0.47606722670084534,False
771,0.6318640827062832,96.53511762700307,0.45600971947344104,False
772,0.6318640827062832,96.58607185424826,0.43504212724205543,False
773,0.6318640827062832,96.60923207828122,0.41505422507306483,False
774,0.6318640827062832,96.63265306122449,0.3959338661536045,False
775,0.6318640827062832,96.65632833411225,0.42817256673067383,False
776,0.6318640827062832,96.6802513160129,0.410357832578157,False
777,0.5819881552488824,96.70441532001527,0.39310060102710387,False
778,0.5277139815252946,96.69067796610169,0.3786778939210495,False
779,0.5277139815252946,96.78306878306879,0.3601242786583698,False
780,0.5277139815252946,96.7915343915344,0.3432243793427344,False
781,0.5277139815252946,96.81995257452574,0.32560244079463735,False
782,0.5819881552488824,96.64608357299949,0.3231837178013011,False
783,0.5819881552488824,96.61561891869025,0.32290439840769747,False
784,0.5819881552488824,96.67005162054667,0.3194215721783671,False
785,0.5819881552488824,96.44332751203305,0.35080282338501667,False
786,0.5819881552488824,96.54403567447045,0.3528649466046813,False
787,0.5819881552488824,96.51258146661488,0.3792405411850725,False
788,0.5819881552488824,96.48101485793727,0.38107395523341137,False
789,0.5819881552488824,96.44934190388736,0.3834201147085571,False
790,0.5819881552488824,95.5835410380865,0.3203131654051805,False
791,0.5819881552488824,96.32253268616905,0.32187251826149715,False
792,0.5819881552488824,96.32253268616905,0.3225576379172733,False
793,0.5819881552488824,96.32253268616905,0.34771764777993336,False
794,0.5819881552488824,96.32253268616905,0.3460762453562602,False
795,0.4637773498877516,95.59665923302288,0.27916107855491035,False
796,0.40907313904382653,96.45371463553282,0.28058509361924017,False
797,0.3491843735073079,96.48535928403858,0.28079444790914415,False
798,0.2829047929798921,96.51689757866114,0.28081493069652025,False
799,0.208180945557171,96.5483234714004,0.33589653487362287,False
800,0.208180945557171,96.57963112833838,0.33725950684826983,False
801,0.208180945557171,96.49234154184649,0.3372597109657129,False
802,0.208180945557171,96.70491320976758,0.3340638368466788,False
803,0.208180945557171,96.70491320976758,0.3312193096862878,False
804,0.208180945557171,96.61921708185054,0.3309521135364723,False
805,0.208180945557171,95.85343980868599,0.2989630344574211,False
806,0.208180945557171,96.65977961432507,0.2991261410994672,False
807,0.3280668831792932,95.85292860196665,0.2738756627452968,False
808,0.41475814399911126,96.61571125265392,0.2862227435518093,False
809,0.4023829390456117,96.64726720647774,0.3059306944631208,False
810,0.48865925334338955,96.56977718210756,0.3270804962062211,False
811,0.5541015302865538,96.67141779156536,0.34724863264466393,False
812,0.6131379016405238,96.6452594220044,0.37032617109505,False
813,0.6669740736911406,95.81291194862261,0.37325175926685633,False
814,0.7164037343212466,96.53118134189623,0.4019503672835074,False
815,0.7619882811604883,96.53118134189623,0.4312953301740453,False
816,0.804144968682279,96.53118134189623,0.46732454655481087,False
817,0.8431953160789711,96.44743567899131,0.5007465759853186,False
818,0.8793939303559065,96.42274327922357,0.6174088433079149,False
819,0.9129467467841514,95.56786703601108,0.6175485562355594,False
820,0.9440231356865455,96.20363509567188,0.6281936764528898,False
821,0.9727642516015449,96.39000174185682,0.6377739789307353,False
822,0.9992889743797904,96.35622204682979,0.6518712247095582,False
823,1.0236982481827188,96.32229580573951,0.6562487460192995,False
824,1.0236982481827188,96.28822901849217,0.7077199170202854,False
825,1.0236982481827188,96.25402792696026,0.7103650135382059,False
826,1.0236982481827188,96.21969901775255,0.7107828178145054,False
827,1.0236982481827188,96.08974067850492,0.7079983648385314,False
828,1.0236982481827188,95.979669398782,0.703103274277923,False
829,1.0236982481827188,95.84621775049615,0.6934535443585947,False
830,1.0236982481827188,95.81336930734521,0.683682549939136,False
831,1.0236982481827188,95.74757372591307,0.7080425645852518,False
832,1.0236982481827188,95.68114161508292,0.7327551311173857,False
833,1.0236982481827188,95.6140768608029,0.7545960778218768,False
834,1.0236982481827188,95.54638383644479,0.7741311733939668,False
835,1.0236982481827188,95.47806741790396,0.7913929159507213,False
836,1.0236982481827188,95.36233297571442,0.891509096337985,False
837,1.0236982481827188,95.32871121601023,0.8943925360814942,False
838,1.0236982481827188,94.50173525037184,0.838063139484201,False
839,1.090864890696142,95.21858606045465,0.8347563712500333,False
840,1.2026304573742814,95.45954595459546,0.8411165548409683,False
841,1.2026304573742814,95.46954695469547,0.8538843126067072,False
842,1.2026304573742814,95.31821140653948,0.8521031236656754,False
843,1.1360269808955432,95.53293893512483,0.8526854108318603,False
844,1.1360269808955432,94.67926404773745,0.8145002015183352,False
845,1.1360269808955432,95.50207141448017,0.8160648949266237,False
846,1.215005662327781,95.5537076892976,0.8191132029362744,False
847,1.281032234322592,95.60492868924032,0.8232245687546349,False
848,1.338431000913252,95.54186475211021,0.8641518943037811,False
849,1.3892474033777542,95.60977976132726,0.865981565695461,False
850,1.3892474033777542,95.55859909998044,0.8671728643490201,False
851,1.3892474033777542,94.6585795343377,0.8389094174470371,False
852,1.3892474033777542,94.56007101992503,0.8067009083146336,False
853,1.3892474033777542,94.51019393336648,0.7771872724292506,False
854,1.3892474033777542,94.45502857715833,0.7424111135455356,False
855,1.3892474033777542,94.39951475940154,0.7062484212759337,False
856,1.3892474033777542,93.35267470860691,0.545137451022447,False
857,1.3892474033777542,94.39831898318984,0.5101203195264337,False
858,1.3892474033777542,94.39831898318984,0.47852428648270756,False
859,1.3892474033777542,94.39831898318984,0.44800691288510824,False
860,1.3892474033777542,94.39831898318984,0.4207259210535713,False
861,1.3892474033777542,94.23944239442395,0.38067852885777437,False
862,1.3892474033777542,94.45981959819598,0.3653543237176873,False
863,1.3892474033777542,94.59777766398689,0.3585442836214263,False
864,1.3892474033777542,94.56101458988503,0.34973104742876804,False
865,1.3892474033777542,94.52431618830124,0.37576946871532996,False
866,1.3892474033777542,94.48769528188515,0.36663703845995604,False
867,1.3892474033777542,94.45116499237363,0.35884811770759656,False
868,1.3677260925761276,93.62591984753031,0.26309726517712817,False
869,1.3440204002065297,94.52229978153142,0.3856071020260612,False
870,1.3180325998643216,94.52229978153142,0.39650376856328085,False
871,1.239053918432084,94.52229978153142,0.48135884898801806,False
872,1.2101049615746748,94.52229978153142,0.5282218530993571,False
873,1.1786327556040639,94.30383119305164,0.564328459655078,False
874,1.1444699480850862,94.58091330526989,0.5965515885826349,False
875,1.107412493857309,94.61472967220094,0.5965505918003526,False
876,1.0672075588204966,94.64902492162176,0.6245576970218546,False
877,1.0235352889816478,94.68378607809848,0.6434496973362185,False
878,0.9759799959168379,94.7189999470311,0.6685911477822297,False
879,0.9239817566184624,94.60776524180307,0.6865606737493098,False
880,0.8667482733828357,94.65014036760422,0.6988372422433875,False
881,0.8030751519901475,94.62895280470364,0.7070477424922715,False
882,0.7309107053286835,94.7189999470311,0.7106608391422083,False
883,0.6459247868864254,94.6505792536437,0.7130835816928225,False
884,0.5277139815252946,94.58165186978746,0.7144351082662885,False
885,0.5277139815252946,93.7367821701643,0.6967307134247291,False
886,0.5277139815252946,94.54615006284496,0.6964572214703758,False
887,0.5277139815252946,94.6773047707525,0.7217357518406298,False
888,0.5277139815252946,94.95402802101576,0.7561463891802342,False
889,0.5277139815252946,95.79220206253791,0.8270941986292873,False
890,0.6459247868864254,95.0278962914342,0.8596126488188564,False
891,0.7309107053286835,95.81008642380483,0.8517591175183483,False
892,0.8030751519901475,95.61287477954144,0.858468336145579,False
893,0.8667482733828357,95.6241670368725,0.929579917824844,False
894,0.9239817566184624,95.56338816157547,0.9309693309734721,False
895,0.9759799959168379,94.71874647728553,0.9444814116782022,False
896,1.0235352889816478,95.56552350669998,0.9376785819881037,False
897,1.0672075588204966,95.4746763570293,0.9333772277580255,False
898,1.107412493857309,95.63933681580741,0.9253807823701317,False
899,1.1444699480850862,95.57881491649508,0.915178451037175,False
900,1.0805333164475432,95.51791681069247,0.9136247758505994,False
901,1.0805333164475432,95.45665544853198,0.9121894608817257,False
902,1.114696123966521,95.39504441327723,0.9135953376791976,False
903,1.1596780472087271,95.33309792843691,0.9174704470501404,False
904,1.200719639829801,95.2708308640512,0.9233641688821501,False
905,1.2310786130055862,95.20825874209334,0.9306722963283536,False
906,1.2588874993443833,95.14539774092766,0.9397788525808891,False
907,1.2449737775841294,94.22614756068253,0.9701861313811593,False
908,1.2259790140555225,93.96927171546092,0.944122852825786,False
909,1.2014461200230289,93.08008710379869,0.8352132409861603,False
910,1.1494318918359776,93.85434309218485,0.8275208192862084,False
911,1.1494318918359776,93.85434309218485,0.7893352735669542,False
912,1.1494318918359776,93.85434309218485,0.7506545958515107,False
913,1.1494318918359776,93.0619404790709,0.6310588699713567,False
914,1.1494318918359776,93.97532059037019,0.6004218096255414,False
915,1.1494318918359776,94.13882056512088,0.626818196912424,False
916,1.1494318918359776,94.20808008580622,0.6116347489598736,False
917,1.1494318918359776,94.2770906078002,0.5993608273348212,False
918,1.1494318918359776,94.21065005289762,0.5838356867890606,False
919,1.1494318918359776,94.46681842059184,0.5797199016523015,False
920,1.1494318918359776,94.21065005289762,0.5674636156115141,False
921,1.1494318918359776,94.2830088181334,0.5594178115126911,False
922,1.1494318918359776,94.21403885115004,0.5504068484594924,False
923,1.1494318918359776,94.14481972523846,0.5536586618747485,False
924,1.2606205540301898,94.07537142166929,0.5458608760281527,False
925,1.338431000913252,94.0057146331084,0.5374551708671177,False
926,1.4032597471855137,93.93587076245258,0.5267559989921735,False
927,1.4032597471855137,93.0836977274127,0.43311867561133915,False
928,1.4032597471855137,93.90107846783191,0.4263826276566471,False
929,1.4032597471855137,94.16139828932688,0.4319412128028521,False
930,1.4032597471855137,93.25027891409447,0.372956936569493,False
931,1.4594295584109003,94.03743646956737,0.37891036092738983,False
932,1.5089842141799346,94.03743646956737,0.3854828024003812,False
933,1.5089842141799346,93.71296700555105,0.39099610035465476,False
934,1.5089842141799346,93.8433538345676,0.4032423563903192,False
935,1.5089842141799346,92.93962595707292,0.34365438805149723,False
936,1.5089842141799346,93.70528429772813,0.3602883853139097,False
937,1.5578818204817806,93.70528429772813,0.41102685594447885,False
938,1.601341401804275,93.70528429772813,0.44058311961397933,False
939,1.644105272850053,93.70528429772813,0.4708028724111387,False
940,1.6601403160889578,93.70528429772813,0.5881335573031472,False
941,1.674044130077499,93.70528429772813,0.6811105335746895,False
942,1.685870278016369,93.70528429772813,0.6939136118148582,False
943,1.695662570921891,93.30219051827537,0.6835480623619712,False
944,1.703456129290415,93.56190476190476,0.6809526163589851,False
945,1.7092781871188198,93.53170295638849,0.6776483724315344,False
946,1.7131486872410249,93.50199049698215,0.6741335882012586,False
947,1.7454981704742045,93.47278713926012,0.67023182915872,False
948,1.7769013717362383,93.44411268337012,0.6660693156502707,False
949,1.8039285763657416,93.41598694942904,0.6616571802427847,False
950,1.8269630741741016,93.38842975206612,0.6647514354224179,False
951,1.8473642781642314,93.36146087415123,0.6627810813548956,False
952,1.8643210466155415,93.3351000397509,0.6615287112256389,False
953,1.8779981249264126,93.14812341391746,0.6558768971249336,False
954,1.8885189907483602,93.12062466343565,0.6513766473029879,False
955,1.8959734195433477,93.06648575305292,0.6467494743113387,False
956,1.9160269634631686,93.01244359360044,0.641949395798114,False
957,1.931724394418496,92.61500378188819,0.6168574721434801,False
958,1.9433093965493058,92.77416678191122,0.6035001596551218,False
959,1.9433093965493058,92.70666759368699,0.5887942608361124,False
960,1.9400407327312736,91.830633386637,0.49184314031390786,False
961,1.9400407327312736,91.8236807342001,0.3763672201289077,False
962,1.9400407327312736,92.67885698393937,0.3779723356435909,False
963,1.9441669535680555,93.05766837228599,0.40270385914870804,False
964,1.9261347810573322,93.05766837228599,0.4278679316909973,False
965,1.9047049598753054,93.05766837228599,0.4533425207948764,False
966,1.8868114758848666,93.05766837228599,0.551388060504887,False
967,1.8658186714395615,93.05766837228599,0.5619674168494533,False
968,1.8658186714395613,93.05766837228599,0.6022270274198538,False
969,1.8608163461419245,93.05766837228599,0.6464577331849249,False
970,1.8506968927313208,92.67190433150247,0.6502782057888764,False
971,1.8506968927313208,92.82818397875018,0.6502256817113305,False
972,1.8675634763398445,92.7693064436793,0.692839559215504,False
973,1.8816626919806332,92.71083486368131,0.7491101270127013,False
974,1.8930853969425208,92.65280045431959,0.7919904452111909,False
975,1.9019015988018408,92.59523469824511,0.8297439246158226,False
976,1.9268247821800344,92.53816930685973,0.8629406649966113,False
977,1.9476572242722625,92.48163618032551,0.8920118149788366,False
978,1.9646733424103986,92.42566736598422,0.9802862124861471,False
979,1.978075078038757,92.37029501525942,1.0018645057177442,False
980,1.9880091685479742,92.16073781291172,1.013228146191491,False
981,1.994578053368883,92.14833382483043,1.0453798215521286,False
982,1.9978467171869154,92.0923670923671,1.105051032284657,False
983,1.9978467171869154,92.03678779721848,1.1543444181620048,False
984,1.994578053368883,91.98162927269989,1.172171743604278,False
985,1.9930989183625953,91.92692540933899,1.1878449445945838,False
986,1.9886498741103897,91.16300366300366,1.1698328074959277,False
987,1.9811954453154021,92.01106160700569,1.1873312316040527,False
988,1.9706745794934548,91.5187831297534,1.2354134690300649,False
989,1.956997501182584,91.39652788446766,1.235562646549268,False
990,1.9400407327312736,91.85930420090622,1.2489400179800008,False
991,1.9196395287411434,92.1530879408594,1.2894483709588462,False
992,1.9047049598753054,91.31134969325153,1.2882325355710085,False
993,1.8868114758848669,91.06140957651218,1.2759017239886856,False
994,1.8608163461419247,91.10443622920518,1.2674272654868277,False
995,1.8309472585821132,91.07184196311444,1.2589742658588396,False
996,1.7968117535145236,91.04050711193568,1.262385246587122,False
997,1.7578711549703177,91.01045296167247,1.3135352016657493,False
998,1.7426477460574694,90.16646115906289,1.3099670702052757,False
999,1.7481327923144812,90.90421044558632,1.3071195766365564,False
1000,1.7481327923144812,90.93406593406593,1.2922808173846116,False
1001,1.7684459510419506,90.50671550671551,1.258809591758765,False
1002,1.7861223193716953,90.01296028055195,1.1985649563840055,False
1003,1.8012630609106781,90.01675296984466,1.1423500809771356,False
1004,1.8139497628922032,90.42512738611302,1.1178211168909151,False
1005,1.824247461679818,90.38094511031376,1.1605621370761325,False
1006,1.8322068551610395,90.33790514136848,1.1366997732386952,False
1007,1.8378659092353011,90.2960399846213,1.1130534786456376,False
1008,1.8378659092353011,89.45021145713187,1.044943740765525,False
1009,1.8291661294099426,90.1038062283737,1.0606748268480888,False
1010,1.8591301394497624,90.1038062283737,1.0409189294725916,False
1011,1.8838885538659953,89.56099066430059,0.9911803402730602,False
1012,1.8838885538659953,89.85215573960834,0.9748616416230315,False
1013,1.8838885538659953,89.81287367031602,0.9509127179054347,False
1014,1.8838885538659953,89.77493964644498,0.9287078520164768,False
1015,1.8838885538659953,89.7383834439672,0.907971752141397,False
1016,1.8838885538659953,89.42738198099129,0.871968916311154,False
1017,1.8746130390744187,88.6183332024193,0.707942007797329,False
1018,1.8621189908994102,88.64189772995051,0.617199354688907,False
1019,1.8462888741048187,89.40381745346006,0.6185685748711688,False
1020,1.8462888741048187,89.97336675544415,0.6218428664929242,False
1021,1.8462888741048187,90.28113075305662,0.6291712345123125,False
1022,1.8269630741741014,90.28113075305662,0.636406165384742,False
1023,1.8039285763657416,90.28113075305662,0.64316372289469,False
1024,1.7769013717362387,89.70714564623194,0.6439767730057097,False
1025,1.7454981704742045,88.29363529871144,0.5158335539367415,False
1026,1.7091884426478088,89.76181179226865,0.52224953982932,False
1027,1.7091884426478088,89.82221877183449,0.5302683713929193,False
1028,1.6672066490034079,89.31362686682658,0.5239153636996722,False
1029,1.6759290912270062,88.53253345639132,0.44354895734817235,False
1030,1.6759290912270062,89.42138653214094,0.44846694922688346,False
1031,1.6672066490034079,89.42138653214094,0.4539281141931612,False
1032,1.6672066490034079,88.97849462365592,0.43382582593381275,False
1033,1.6491180744499616,89.2584304344471,0.43195238093201244,False
1034,1.6200289349283656,89.21705426356588,0.4275664914709675,False
1035,1.5759312966350407,89.17698357081679,0.4221966242182408,False
1036,1.4966777416164074,89.13825461370034,0.41753988862961244,False
1037,1.5125568756434098,89.1009030231645,0.4118044036747074,False
1038,1.5253874232579385,89.0649637338379,0.4584017296600075,False
1039,1.5352702332191592,89.03047091412742,0.459405326748122,False
1040,1.527138493598173,88.99745789640927,0.46037358798884703,False
1041,1.5169165540634162,88.96595710755003,0.4600227613949072,False
1042,1.5045643034921028,88.936,0.45773320323731553,False
1043,1.4900315255825651,88.90761698370656,0.4547761857030434,False
1044,1.473256553252489,88.88083735909822,0.4508738649104843,False
1045,1.4541644890966259,88.85568925139304,0.4461947852266194,False
1046,1.4326648482653093,88.83219954648526,0.48329581769278424,False
1047,1.408648411160687,88.81039382866423,0.48023788966093156,False
1048,1.3819829643540342,88.7902963204168,0.4749767454992159,False
1049,1.3525074295964727,88.7719298245614,0.4905609095442087,False
1050,1.3425003133763334,88.7553156689565,0.4790981869479412,False
1051,1.3282820174272938,88.74047365401951,0.46862130403810937,False
1052,1.3096204968427199,88.72742200328408,0.45970768089135616,False
1053,1.2681489963097885,88.71617731721359,0.45239226595558246,False
1054,1.2220947914756686,88.70675453047775,0.44665961877772875,False
1055,1.1899285414712581,88.69916687288625,0.44181507709252404,False
1056,1.1504718163625702,88.69342583415923,0.43629698095937614,False
1057,1.1017332648846088,88.68954113269946,0.431881022184231,False
1058,1.0394364783172854,87.94543199669285,0.37094411917297804,False
1059,0.9432261548473415,88.43323687474162,0.3738280370123589,False
1060,0.9559312637896478,88.43323687474162,0.3728565009350167,False
1061,0.9669852958320848,88.43323687474162,0.3611247220302354,False
1062,0.976414308115487,88.43323687474162,0.3535728060004476,False
1063,1.0844863484244938,88.43323687474162,0.3950427881242703,False
1064,1.1590956761386297,88.43323687474162,0.42362730353713063,False
1065,1.2206340886225493,88.43323687474162,0.4297935677855444,False
1066,1.2734192269994746,87.79377689506786,0.41723867930126507,False
1067,1.3194892909924263,88.33126293995859,0.44548892879310104,False
1068,1.360034097940745,88.33278090818695,0.47078516379076757,False
1069,1.3958301562928708,87.90516455276465,0.4431654750129112,False
1070,1.4274202463828694,88.59038142620233,0.44470105656774317,False
1071,1.4524690941546654,88.59038142620233,0.47123775944767443,False
1072,1.4738989153366922,88.59038142620233,0.4713750668490199,False
1073,1.5759312966350407,88.59038142620233,0.47955346758955214,False
1074,1.6443006390407007,88.59038142620233,0.4867781452676982,False
1075,1.6993849083052384,88.59038142620233,0.49312331614877,False
1076,1.7454864202597276,88.59038142620233,0.4986567479855339,False
1077,1.7454864202597276,88.59038142620233,0.5027903963613354,False
1078,1.7454864202597276,88.59038142620233,0.5061911823820159,False
1079,1.7454864202597276,88.0016583747927,0.49668334496115335,False
1080,1.7454864202597278,88.04014265571867,0.48920563567343006,False
1081,1.7434720702962916,88.37574355584931,0.4909040772747818,False
1082,1.7394360343022965,88.65300748786308,0.4904092270352606,False
1083,1.7333634784639598,89.31216060556196,0.452946465697628,False
1084,1.7252317388429736,89.2266098640013,0.42205941899964067,False
1085,1.7150097993082167,88.93238724410733,0.41677664357281335,False
1086,1.7026575487369033,89.2964865085188,0.37533799365239856,False
1087,1.6881247708273657,89.28716904276986,0.334192934364695,False
1088,1.6881247708273657,89.27960927960928,0.29539653513634684,False
1089,1.6713497984972894,88.72082621777669,0.2992948684045646,False
1090,1.6881247708273657,88.7452224119704,0.2998276003284862,False
1091,1.7026575487369033,89.28774928774929,0.27403481413586994,False
1092,1.7150097993082167,88.56328856328857,0.2739237898763942,False
1093,1.7252317388429736,89.01912901912902,0.29286460867787906,False
1094,1.7333634784639598,89.01912901912902,0.3108597281355061,False
1095,1.7394360343022965,89.01912901912902,0.32776760741172595,False
1096,1.7434720702962916,89.01912901912902,0.3194131368944974,False
1097,1.7454864202597278,89.01912901912902,0.3605021367325269,False
1098,1.7454864202597276,89.01912901912902,0.3918123702397493,False
1099,1.7434720702962916,89.01912901912902,0.4422297032023819,False
1100,1.7805079597590745,89.01912901912902,0.5614856545531246,False
1101,1.8158714056143244,89.01912901912902,0.6515154649080154,False
1102,1.8462888741048187,89.01912901912902,0.7255990444766995,False
1103,1.8722874615424252,88.62026862026862,0.7447295521412738,False
1104,1.8942465552913723,88.63543788187373,0.7841385126424276,False
1105,1.9124457035653704,89.19403471599706,0.8148667863381576,False
1106,1.9270927902240995,88.8499470209471,0.8218022365497745,False
1107,1.9383414873687372,88.71782339524275,0.8512455257587396,False
1108,1.9383414873687372,89.16585206907787,0.9168876353927329,False
1109,1.9383414873687372,89.16585206907787,0.9932336792828304,False
1110,1.9383414873687372,88.75855327468231,1.058828926773442,False
1111,1.950045383326547,89.4020853698273,1.1115300274198625,False
1112,1.950045383326547,89.04354904354905,1.1608131194803322,False
1113,1.9587451631519053,89.62264150943396,1.195734988216007,False
1114,1.9631942074041109,89.62264150943396,1.224867342433204,False
1115,1.9646733424103986,89.62264150943396,1.2307144612629488,False
1116,1.9673799723810663,89.13467794404684,1.268030105720929,False
1117,1.9673799723810663,89.85849056603773,1.2889510027326976,False
1118,1.9673799723810663,89.81226735717753,1.3040802225696988,False
1119,1.9673799723810663,90.04186121397521,1.31939078456625,False
1120,1.9673799723810663,90.69711345179705,1.2828840333041935,False
1121,1.978075078038757,90.69151072203036,1.2726862407120667,False
1122,1.976595943032469,90.68741477500602,1.2628503163326545,False
1123,1.9721468987802637,90.10186893398573,1.2749327091897733,False
1124,1.9587451631519053,90.47237148127356,1.279020965003136,False
1125,1.9417290450137692,90.45137496993506,1.282242518360248,False
1126,1.920896602921541,89.9270774901835,1.2989069114907525,False
1127,1.8959734195433477,90.48610554977176,1.2831146697484757,False
1128,1.8769786560147408,91.07872187074558,1.259718056874036,False
1129,1.8524457619822474,91.32583911344973,1.2220451349897123,False
1130,1.8216715353130841,91.32583911344973,1.1835659937558778,False
1131,1.7775843733220311,91.32583911344973,1.1539054388736796,False
1132,1.7244321188001788,91.32583911344973,1.1672494483675926,False
1133,1.6579189265532879,91.32583911344973,1.181999483473056,False
1134,1.6490132511009201,91.32583911344973,1.1973506937508605,False
1135,1.6378056841256827,90.87937495017141,1.2278750678921115,False
1136,1.6378056841256827,91.50920832336762,1.2372396262282745,False
1137,1.6349345257841479,91.54035394016348,1.2429986566214464,False
1138,1.6434354627887178,91.47776636916515,1.2513854219305605,False
1139,1.6497811805752938,91.70793051953156,1.2485256879520354,False
1140,1.653997586254862,91.22062406665094,1.2658634496018015,False
1141,1.653997586254862,91.87298593099112,1.2572617108317254,False
1142,1.653997586254862,91.90584187064988,1.2484657498398302,False
1143,1.653997586254862,91.854041857932,1.24410591650713,False
1144,1.6497811805752938,92.02848076774244,1.2327019500909542,False
1145,1.6497811805752938,92.0253948590895,1.222967386807796,False
1146,1.6497811805752938,92.02354216680864,1.2142604516690734,False
1147,1.6497811805752938,91.51951672862454,1.2221939862973688,False
1148,1.6434354627887178,92.23263377991172,1.2077582847934722,False
1149,1.6434354627887178,92.26919226919227,1.1936669022489852,False
1150,1.6434354627887178,92.2223072801041,1.1833458620909243,False
1151,1.6497811805752938,92.38261928315957,1.1668205477468954,False
1152,1.716294372822185,93.08587510458659,1.0862484673432462,False
1153,1.7694466273440372,93.12065315996371,0.9888016472894812,False
1154,1.8135337893350902,93.15603636090451,0.9685823785627692,False
1155,1.8505696787978732,93.11734846222753,0.9166200324632351,False
1156,1.8817167189735549,93.28042720462805,0.8550848000237357,False
1157,1.9077204844201587,93.28004736530491,0.8334728108836061,False
1158,1.9290886349754002,93.28066159639667,0.7792631457222728,False
1159,1.9461780892659748,93.28226281673541,0.732036689360652,False
1160,1.9592422264030724,93.28484314157667,0.6860245283370741,False
1161,1.9668803111438047,93.2883939038687,0.6412173408162407,False
1162,1.9706745794934548,93.2929056769197,0.5977683655239643,False
1163,1.9706745794934548,93.2983682983683,0.5561820539800646,False
1164,1.966880311143805,93.30477089535981,0.5165382383786117,False
1165,1.9592422264030724,93.31210191082802,0.47893318673120183,False
1166,1.9476572242722627,93.32034913077977,0.444807482228075,False
1167,1.9319597933169352,93.32949971247844,0.41255191346899917,False
1168,1.911906249397114,93.33954021342119,0.3821575326486971,False
1169,1.9077204844201585,93.35045662100457,0.37121490223190245,False
1170,1.900711482502162,93.36223438277308,0.3500787887144546,False
1171,1.8908286725409411,93.37485843714609,0.3279378810197911,False
1172,1.8625152253017565,93.38831324451964,0.3217211104309872,False
1173,1.8591301394497624,93.4025828186412,0.31690472955245225,False
1174,1.824752426366052,93.41765075815806,0.31352682749885075,False
1175,1.7846267828804199,93.43350027824151,0.31107952344165757,False
1176,1.7375789889547848,93.45011424219345,0.30949679318743206,False
1177,1.6815848515026244,93.46747519294377,0.30870522436724185,False
1178,1.6204710950711634,93.1907015017486,0.3173669272286234,False
1179,1.6204710950711634,93.5725982532751,0.3142765645480991,False
1180,1.6204710950711634,93.5725982532751,0.31274808703588786,False
1181,1.6204710950711634,93.5725982532751,0.31263704305190215,False
1182,1.6265436509095,93.5725982532751,0.3134803830833283,False
1183,1.6137131032949712,93.5725982532751,0.3142843991707168,False
1184,1.597833969267969,93.5725982532751,0.3150260547232438,False
1185,1.578773179565349,93.5725982532751,0.3156876225197472,False
1186,1.554501475453014,93.5725982532751,0.3327252235362562,False
1187,1.5267203238756624,93.5725982532751,0.33583572211601953,False
1188,1.4951302337856638,93.5725982532751,0.3783397128900786,False
1189,1.4897516439240324,92.89710698689956,0.5052452262210431,False
1190,1.4825559328675273,93.68859170305677,0.607607268726823,False
1191,1.4735217583373585,93.30202164590565,0.691866618485837,False
1192,1.4354349306528884,93.86203150461705,0.7561998626416854,False
1193,1.3926710596071106,93.86203150461705,0.8116447977710662,False
1194,1.3444492806542339,93.86203150461705,0.8600662226713603,False
1195,1.2895758058835307,93.86203150461705,0.9027276148366865,False
1196,1.226008806306737,93.86203150461705,0.9405362856367997,False
1197,1.1166404295430465,93.86203150461705,0.9741728659431487,False
1198,1.1017332648846088,93.86203150461705,0.9818280630591741,False
1199,1.0850365744330073,93.86203150461705,0.9881574695360219,False
1200,1.132529774880598,93.86203150461705,1.0119088087010824,False
1201,1.1706718933538656,93.86203150461705,1.0322005746374858,False
1202,1.2014461200230289,93.86203150461705,1.0489190622399627,False
1203,1.2259790140555225,93.86203150461705,1.063243065148509,False
1204,1.2449737775841294,93.86203150461705,1.0754410655201452,False
1205,1.2259790140555225,93.86203150461705,1.0857493829475917,False
1206,1.2259790140555225,93.15589353612167,1.0895052218926378,False
1207,1.2259790140555225,93.91634980988593,1.0958686248171796,False
1208,1.2259790140555225,94.46062165639601,1.0834205036524214,False
1209,1.2014461200230289,95.29355996478635,1.0261114122882915,False
1210,1.1787269834988532,95.2998379254457,0.9735011110224481,False
1211,1.1538530565800798,95.30671335263618,0.9153812255445686,False
1212,1.1538530565800798,95.3141783029001,0.8578395705890804,False
1213,1.1787269834988532,95.3222244529211,0.8049366401484008,False
1214,1.2014461200230289,95.33084311632871,0.7526329499877905,False
1215,1.2220947914756688,95.3400252609187,0.701766666599843,False
1216,1.2407449439357603,95.34976152623211,0.6501642597074578,False
1217,1.2574580300524587,95.3600422414362,0.5970346662043785,False
1218,1.2722864781512913,94.8716256352716,0.582167551985396,False
1219,1.2852748466470731,94.86502541086396,0.5840408893347784,False
1220,1.296460736137167,95.3600422414362,0.5947250992775042,False
1221,1.305875511291131,95.34976152623211,0.5773321495175,False
1222,1.3135448704851067,95.3400252609187,0.5941367113239846,False
1223,1.3194892909924263,95.33084311632871,0.574585983037922,False
1224,1.3194892909924263,95.3222244529211,0.5569059627270385,False
1225,1.3194892909924263,95.3141783029001,0.5410385515422423,False
1226,1.3194892909924263,95.30671335263618,0.5269198387085169,False
1227,1.3237243701143493,95.2998379254457,0.5144808692233457,False
1228,1.3262610770456722,94.45569962182604,0.5133491007091117,False
1229,1.3271059259290725,94.462452728255,0.5112381304229646,False
1230,1.3262610770456722,95.2998379254457,0.5009435157987602,False
1231,1.3237243701143493,94.75283630470017,0.5019829134155612,False
1232,1.3194892909924263,94.74608319827121,0.5078790531866751,False
1233,1.3135448704851067,95.2998379254457,0.5001275493979627,False
1234,1.305875511291131,94.56219949888265,0.4925263059462222,False
1235,1.296460736137167,95.38973384030419,0.4840487945007588,False
1236,1.2852748466470731,95.38973384030419,0.502935892631352,False
1237,1.2722864781512913,95.38973384030419,0.4997738117989928,False
1238,1.2574580300524587,95.38973384030419,0.4981055813909261,False
1239,1.2574580300524587,94.55542764271686,0.4942907638286015,False
1240,1.2574580300524587,94.02045100562064,0.42749894588645515,False
1241,1.2574580300524587,94.40644680706981,0.40108106791886045,False
1242,1.2574580300524587,94.00690729328909,0.3252661029158841,False
1243,1.3022504881911108,94.58251506737997,0.31304073970907653,False
1244,1.3424256522693587,94.59642012833503,0.3035090585795824,False
1245,1.3785347251376459,94.61098012798922,0.2957657771233942,False
1246,1.41098399809997,94.62618391885538,0.2908536604830681,False
1247,1.4267547652077353,94.64201995847566,0.2887337916509432,False
1248,1.438841894200673,94.65847633037323,0.2892781010102162,False
1249,1.447383961374643,94.67554076539102,0.3180331199420221,False
1250,1.4524737111892643,94.69320066334991,0.321679768006123,False
1251,1.4541644890966259,94.71144311496,0.32501104408322096,False
1252,1.4524737111892643,94.49311639549437,0.3193126059595627,False
1253,1.447383961374643,94.80868937454879,0.32292335465089755,False
1254,1.438841894200673,94.84401514162641,0.3260707348187439,False
1255,1.4267547652077353,94.87961580894283,0.3284158050297476,False
1256,1.4109839980999699,94.0744557516424,0.29027274330097597,False
1257,1.391334586143604,94.88654522211569,0.3212155996051798,False
1258,1.3675380544221296,94.88654522211569,0.3200514253141659,False
1259,1.3392246071829446,94.1834451901566,0.3269512585393441,False
1260,1.3058755112911309,94.97603068072867,0.3256616288149216,False
1261,1.3058755112911309,94.97320745088032,0.3248333039750339,False
1262,1.3058755112911309,94.97103571201222,0.3251962169811399,False
1263,1.3058755112911309,94.96951219512195,0.32645651780485496,False
1264,1.3058755112911309,94.968633166466,0.32836076905908645,False
1265,1.3058755112911309,94.96839443742098,0.3318373755084988,False
1266,1.3135448704851065,94.96879137507094,0.3359527415939563,False
1267,1.3194892909924263,94.96981891348088,0.33871564388810305,False
1268,1.3237243701143493,94.9714715656154,0.33541230088264073,False
1269,1.3262610770456722,94.04978368549753,0.30831573429986814,False
1270,1.3271059259290725,94.9714715656154,0.3230757320571157,False
1271,1.2834031297544843,94.96981891348088,0.3253093610903836,False
1272,1.2329087607099036,94.96879137507094,0.329675447080594,False
1273,1.2304597034223903,94.96839443742098,0.3925155745505781,False
1274,1.2263714330738393,94.968633166466,0.4469660599384089,False
1275,1.2206340886225493,94.96951219512195,0.4956659741968162,False
1276,1.2132336634320215,94.97103571201222,0.5400549874030948,False
1277,1.2041517951932372,94.16894773696608,0.5654272089238551,False
1278,1.193365482413587,94.88191482589599,0.6052414590684168,False
1279,1.1808467161073357,94.15621618180661,0.5895438569413297,False
1280,1.1665620111568704,94.97740148959195,0.5928852756503095,False
1281,1.1504718163625702,95.01010611419909,0.624724362110059,False
1282,1.132529774880598,95.04292786864698,0.6715717805888581,False
1283,1.1126817966979572,95.07585177816463,0.7115682397295598,False
1284,1.090864890696142,95.10886325787948,0.7457599312681131,False
1285,1.0236982481827188,95.1419481155164,0.7750090665915171,False
1286,0.9436063339556555,95.17509255325605,0.799949250028982,False
1287,0.8301899714180443,95.196243679268,0.798089174884131,False
1288,0.804717519321077,94.71510653579124,0.82342498622665,False
1289,0.7771529943226336,95.116683664287,0.824632699139812,False
1290,0.7473944462440387,94.38431938431938,0.8181293238351075,False
1291,0.7153220528038851,95.20997770681448,0.8338055592576843,False
1292,0.6807937753703206,95.24493951371421,0.8470233349676884,False
1293,0.6436394131461666,95.88573481854114,0.8338673390689557,False
1294,0.603652249754401,95.9169097077555,0.8190229462591003,False
1295,0.560576942614533,95.94818407665917,0.7894711438371348,False
1296,0.5140912790181235,95.9795450537824,0.775464451862133,False
1297,0.4637773498877516,96.01682046489896,0.7599338626163553,False
1298,0.40907313904382653,96.04247664364881,0.7416512958708764,False
1299,0.3491843735073079,95.27864673850075,0.7503489389711312,False
1300,0.2829047929798921,95.49528711039149,0.75364852557863,False
1301,0.208180945557171,96.0752626111047,0.7305674188606897,False
1302,0.12068101401352381,96.33285509325681,0.689031142628546,False
1303,-0.0,96.33285509325681,0.6832397661727045,False
1304,-0.0,96.33285509325681,0.6463957905253366,False
1305,-0.0,96.33285509325681,0.6527003331588588,False
1306,-0.0,96.33285509325681,0.6583953078637826,False
1307,-0.0,95.63845050215208,0.6670585178968825,False
1308,-0.0,96.40172166427547,0.6765544557546171,False
1309,-0.0,95.83931133428982,0.7852064810009678,False
1310,-0.0,95.83931133428982,0.87179604064962,False
1311,-0.0,96.40172166427547,0.8925034366007937,False
1312,-0.0,96.41193720890115,0.9548435961217014,False
1313,-0.0,96.42260498876664,1.0098005824181375,False
1314,-0.0,96.43372381556928,1.0585900018783545,False
1315,-0.0,95.72857060285533,1.1115229251716958,False
1316,-0.0,96.53256150506512,1.1472269869032798,False
1317,-0.0,96.55549166187464,1.1528654480071976,False
1318,-0.0,96.53256150506512,1.1766139740519472,False
1319,-0.0,96.50390397389582,1.199481991890194,False
1320,-0.0,96.48114480089144,1.2200644919230401,False
1321,-0.0,96.4585054893165,1.238847666457058,False
1322,-0.0,96.43599643599643,1.2561534002911066,False
1323,-0.0,95.15564779128373,1.2530733906502505,False
1324,-0.0,96.45499201041605,1.2663724500979,False
1325,-0.0,97.23027756406462,1.2570980193306867,False
1326,-0.0,97.22402693284508,1.2474501309181223,False
1327,-0.0,96.76430718453469,1.2421175095850145,False
1328,-0.0,97.31843575418995,1.227090872613526,False
1329,-0.0,98.1182005292561,1.1651696323517902,False
1330,-0.0,98.11674977999414,1.1062794831138454,False
1331,-0.0,97.6531866331129,1.0802361789065535,False
1332,-0.0,98.23711400385267,1.034986864643994,False
1333,-0.0,98.2419495213229,0.96925137902361,False
1334,-0.0,98.2469292428349,0.9002207195901598,False
1335,-0.0,98.25204882801307,0.8317573261737864,False
1336,-0.0,98.25730394669401,0.7639279183891897,False
1337,-0.0,97.7244353648848,0.728246641182883,False
1338,0.12068101401352381,98.15683835585459,0.6815781255611764,False
1339,0.208180945557171,98.16379407457474,0.6282851442020886,False
1340,0.2829047929798921,98.17090276608876,0.5750790728437892,False
1341,0.3491843735073079,98.17816027718789,0.5314329296895055,False
1342,0.40907313904382653,98.18556241999221,0.4842689415537322,False
1343,0.4637773498877516,98.19310497727524,0.43750172523054476,False
1344,0.5140912790181235,98.20078370771014,0.3878358106068207,False
1345,0.560576942614533,98.20859435102759,0.3518927616261131,False
1346,0.603652249754401,98.21653263307621,0.31357494062243113,False
1347,0.6436394131461666,97.43492201510787,0.3183544798913887,False
1348,0.6436394131461666,98.15384615384616,0.2901577936323511,False
1349,0.6436394131461666,98.16095651707683,0.2541396666365163,False
1350,0.6436394131461666,98.16816656903988,0.23043337085745522,False
1351,0.6807937753703206,98.17547199746153,0.2097642140016661,False
1352,0.7153220528038851,98.18286854682002,0.1892619327074272,False
1353,0.7473944462440387,98.1903520208605,0.17794857182475132,False
1354,0.7771529943226336,98.19791828491533,0.17631517446342607,False
1355,0.804717519321077,98.20556326803434,0.17080400943371576,False
1356,0.8301899714180443,98.21328296492929,0.22841420471545906,False
1357,0.8536576732793313,98.17039176929704,0.22722584927779052,False
1358,0.875195788740725,98.26415094339623,0.2244613713631066,False
1359,0.875195788740725,98.2636623676419,0.22272808068066705,False
1360,0.8948692308065574,98.26335018267353,0.23999064413082133,False
1361,0.9127341558073343,97.75786997647765,0.2238989500486431,False
1362,0.9288391461883214,98.15324558330414,0.22415087391052727,False
1363,0.9432261548473415,98.15324558330414,0.22442265051591637,False
1364,0.9559312637896478,98.15324558330414,0.36469143320600206,False
1365,0.9669852958320848,97.72784144937691,0.3530557516519882,False
1366,0.976414308115487,98.26835493719032,0.3516406797955787,False
1367,0.9842399889605549,98.27637740360666,0.3500269688981234,False
1368,0.9904799742690308,98.28449600872626,0.34860781719967204,False
1369,0.995148095654003,98.2927069969407,0.362299944475073,False
1370,0.9982545693874831,98.30100662902038,0.36167843750771167,False
1371,0.999806132804711,98.24208200343728,0.36233090328268025,False
1372,0.999806132804711,98.26663393076356,0.3630560552567816,False
1373,0.9982545693874831,98.26663393076356,0.3637747500629658,False
1374,0.995148095654003,98.2413047750049,0.3640635746791367,False
1375,0.9904799742690308,98.25052828148803,0.37789005657242264,False
1376,0.9904799742690308,97.4589084524216,0.3435131992708287,False
1377,0.9904799742690308,98.1848104942156,0.343353890873048,False
1378,0.9904799742690308,98.19378392659846,0.3432866154669753,False
1379,0.9904799742690308,98.19802640987749,0.3432151542238667,False
1380,0.9904799742690308,97.74710681085183,0.33024633597185543,False
1381,0.9904799742690308,98.1408397128049,0.33029800976309326,False
1382,0.9904799742690308,98.10253953042645,0.33021382943545835,False
1383,0.9904799742690308,98.09762927912703,0.34237215927420156,False
1384,0.9904799742690308,96.85896815409932,0.1885681842114814,False
1385,0.9904799742690308,98.05481445549357,0.19085039384064487,False
1386,0.9904799742690308,98.05481445549357,0.23659327020032456,False
1387,0.9904799742690308,98.05481445549357,0.27940352843280286,False
1388,0.9904799742690308,98.05481445549357,0.31441539424068843,False
1389,0.9842399889605549,97.61338830948338,0.3288717905374224,False
1390,0.976414308115487,98.17608537472714,0.35613525844249866,False
1391,0.9669852958320848,98.1859410430839,0.3814449714270036,False
1392,0.9559312637896478,98.21985509332566,0.40396177569949265,False
1393,0.9432261548473415,98.21985509332566,0.4245536499651909,False
1394,0.9288391461883214,98.1765557163531,0.4440763317957152,False
1395,0.9127341558073343,97.61215629522431,0.4536718979877552,False
1396,0.8948692308065574,98.06078147612156,0.47369024466659654,False
1397,0.8948692308065574,98.06078147612156,0.4921613064638566,False
1398,0.8948692308065574,98.06078147612156,0.5092216839522443,False
1399,0.9127341558073343,98.06078147612156,0.5249800140640469,False
1400,0.9288391461883214,98.06078147612156,0.5402930796063853,False
1401,0.9432261548473415,98.06078147612156,0.5896411971828435,False
1402,0.9559312637896478,98.06078147612156,0.6291880221622764,False
1403,0.9669852958320848,97.61215629522431,0.6298729513207812,False
1404,0.976414308115487,98.13782066825081,0.63509006751649,False
1405,0.9842399889605549,98.13351432588355,0.6391847076541776,False
1406,0.9904799742690308,97.3638637675582,0.6729471131849787,False
1407,0.995148095654003,97.32172909554262,0.6611604966743324,False
1408,0.995148095654003,97.31297119659772,0.6492599176066486,False
1409,0.9904799742690308,97.29467191218612,0.6578563774161993,False
1410,0.9842399889605549,97.27645450995705,0.6479113191213436,False
1411,0.976414308115487,97.25832556770808,0.6366114965519428,False
1412,0.976414308115487,97.24029174058742,0.6246976063099827,False
1413,0.976414308115487,97.22235975639947,0.6122279828856975,False
1414,0.976414308115487,97.20453641066455,0.602506066296172,False
1415,0.976414308115487,97.18682856143506,0.5889754269849291,False
1416,0.976414308115487,97.16924312387071,0.5751691821671873,False
1417,0.976414308115487,97.1517870645763,0.5616245807513253,False
1418,0.976414308115487,97.13446739570676,0.5484012997205141,False
1419,0.9842399889605549,97.11729116884437,0.5355389097427302,False
1420,0.9842399889605549,97.10026546865427,0.5222900792636236,False
1421,0.9904799742690308,96.57953849295487,0.46825096193347887,False
1422,0.995148095654003,96.59995915866857,0.41620217266428455,False
1423,0.9982545693874831,97.10026546865427,0.40771995406044637,False
1424,0.999806132804711,97.10174612115316,0.4009777157482188,False
1425,0.999806132804711,97.10353327855383,0.39581992544339545,False
1426,0.9982545693874831,96.30751848808545,0.30783615456623625,False
1427,0.995148095654003,97.0213640098603,0.3005106029094889,False
1428,0.9904799742690308,97.0213640098603,0.29491845895567215,False
1429,0.9904799742690308,96.51851470361024,0.23972271496847417,False
1430,0.9904799742690308,96.90146663912415,0.2299323287257877,False
1431,0.9904799742690308,96.90364003520945,0.22268272960389585,False
1432,0.9904799742690308,96.90614617940199,0.21859546991905388,False
1433,0.9904799742690308,96.90898683457355,0.2174487036703967,False
1434,0.9904799742690308,96.78281372805868,0.20913327815717214,False
1435,0.9904799742690308,96.82405697705092,0.2064145614809734,False
1436,0.9904799742690308,96.80777606628777,0.2049195131984513,False
1437,0.995148095654003,96.7916154216352,0.20449254802384714,False
1438,1.101131799569232,96.77558270980245,0.2741576683027257,False
1439,1.173589412323443,96.75968572202655,0.2779347870475168,False
1440,1.2329087607099036,96.74393236978456,0.28104320847402825,False
1441,1.2834031297544843,96.72833068013394,0.2829336974552244,False
1442,1.3271059259290725,96.71288879067455,0.28374609916180105,False
1443,1.3271059259290725,96.69761494412631,0.2836088603997509,False
1444,1.3271059259290725,96.68251748251748,0.28264372919153397,False
1445,1.3271059259290725,96.66760484097945,0.28108658432504513,False
1446,1.3271059259290725,96.65288554114515,0.2789903874914979,False
1447,1.3271059259290725,96.63836818414904,0.2764627334668729,False
1448,1.3271059259290725,96.62406144322806,0.32546007861717485,False
1449,1.3271059259290725,96.6099740559239,0.32481796020687126,False
1450,1.3262610770456722,96.59611481588867,0.3239095288235339,False
1451,1.3237243701143493,96.58249256429696,0.3227774352154171,False
1452,1.3194892909924263,96.56911618086916,0.32096007908531826,False
1453,1.3135448704851065,96.555994574512,0.3626201064971296,False
1454,1.305875511291131,96.54313667358434,0.36323999995092293,False
1455,1.296460736137167,96.53055141579732,0.36317127471624583,False
1456,1.2852748466470731,96.51824773775994,0.3750276341387562,False
1457,1.2852748466470731,96.50623456418288,0.37624010371366345,False
1458,1.296460736137167,95.85645355850423,0.3298337793535948,False
1459,1.305875511291131,96.36495380713725,0.3273145490817666,False
1460,1.3135448704851065,96.37330754352031,0.3250839226547009,False
1461,1.3194892909924263,96.38211628047674,0.32365164131338336,False
1462,1.3237243701143493,96.39137805764108,0.32293147934398425,False
1463,1.3262610770456722,96.40109057861254,0.3746557877718547,False
1464,1.3271059259290725,96.41125121241514,0.41996115091761776,False
1465,1.3262610770456722,96.42185699557281,0.458775177195564,False
1466,1.3237243701143493,96.43290463479738,0.4926369998337019,False
1467,1.3237243701143493,96.44439051028456,0.5224854503074349,False
1468,1.3237243701143493,95.74661731691039,0.519895050161844,False
1469,1.3262610770456722,96.33517383653904,0.5449932204196734,False
1470,1.3271059259290725,96.33517383653904,0.5675671312068122,False
1471,1.3262610770456722,96.33517383653904,0.5878704427108608,False
1472,1.3237243701143493,96.33517383653904,0.6592155668286249,False
1473,1.3194892909924263,95.66747572815534,0.6567050447144324,False
1474,1.3135448704851065,96.18955160487835,0.6961061576463702,False
1475,1.305875511291131,96.2023780635768,0.7141669284714317,False
1476,1.296460736137167,95.92396271248401,0.7673035327494666,False
1477,1.2852748466470731,96.10866372980911,0.8776381773075803,False
1478,1.272286478151291,96.09878970326227,1.0249839699495251,False
1479,1.2574580300524587,96.0893165556378,1.103125873494219,False
1480,1.2574580300524587,96.08025264722274,1.1693109301625584,False
1481,1.272286478151291,96.07160616608653,1.225805387789976,False
1482,1.2852748466470731,96.06338511448,1.2742139146354883,False
1483,1.296460736137167,95.38336764614137,1.3019247076331597,False
1484,1.305875511291131,95.35117477069984,1.325610994558352,False
1485,1.3135448704851065,95.33809855145803,1.3454121994227348,False
1486,1.3194892909924263,95.32543625015921,1.3617291735099986,False
1487,1.3237243701143493,95.31320125665192,1.414036769045059,False
1488,1.3262610770456722,95.30140699625662,1.4286468616353916,False
1489,1.3271059259290725,95.29006691353213,1.4387004033787991,False
1490,1.3271059259290725,95.27919445534197,1.4452428268213726,False
1491,1.429138307227421,95.2688030532342,1.4488186950387092,False
1492,1.497507649633081,94.59103770481016,1.4265735394627992,False
1493,1.552591918897619,95.1306178851089,1.4233525878634528,False
1494,1.5879553647528688,94.7715870081859,1.4082501368450746,False
1495,1.6183728332433631,95.0334414939408,1.4016595723931529,False
1496,1.612781330590971,94.39109992715714,1.3714402692219088,False
1497,1.60529871947803,93.73801494412484,1.3092679644405298,False
1498,1.5959009527053933,93.18918204060041,0.9918368891939611,False
1499,1.5585533309360395,93.64544071943398,1.133738869587246,False
1500,1.5274062907603576,93.64544071943398,1.0653637579908501,False
1501,1.4903704012975747,93.64544071943398,0.9997710749998555,False
1502,1.4903704012975747,93.64544071943398,0.9592544951050882,False
1503,1.4903704012975747,93.64544071943398,0.9027748452679463,False
1504,1.4983291717683305,93.64544071943398,0.8473913159239803,False
1505,1.5044962656329393,93.64544071943398,0.7948555849659925,False
1506,1.5088891227230308,93.64544071943398,0.7453693410618963,False
1507,1.5115199934408408,92.93589489667922,0.4399203838033206,False
1508,1.5123961470876277,93.5213866736967,0.5789268401525067,False
1509,1.5115199934408408,93.55305572001842,0.5336921422195307,False
1510,1.5088891227230308,93.58545072549406,0.49947047842908654,False
1511,1.5044962656329393,93.61855467470353,0.46333416436608105,False
1512,1.4983291717683305,93.6523501340132,0.43462343936530656,False
1513,1.4903704012975747,93.68681927867998,0.4135552074900839,False
1514,1.5274062907603576,93.72194392036953,0.4264791518081517,False
1515,1.5165062586583535,93.75770553500746,0.42038191394046204,False
1516,1.5037063976523954,93.79408529088202,0.418949586510676,False
1517,1.4889654753393498,93.47615667548558,0.4030381881936325,False
1518,1.4889654753393498,93.88946549039959,0.45546675593496344,False
1519,1.4889654753393498,93.29256391906837,0.4319256845816521,False
1520,1.4889654753393498,93.67171189979123,0.43714263627834044,False
1521,1.4889654753393498,93.63511480342775,0.43774789496348165,False
1522,1.4889654753393498,92.85667560672466,0.3876287562166753,False
1523,1.4889654753393498,93.43886962778832,0.40660658711044095,False
1524,1.5324250566618443,93.43886962778832,0.40314379013659296,False
1525,1.571228683114406,93.43886962778832,0.4009259970671676,False
1526,1.5845570963826434,93.43886962778832,0.39991292699365644,False
1527,1.6185144542910055,92.83050958330608,0.36655508500213907,False
1528,1.6369185152170003,93.53115727002967,0.36699311188205985,False
1529,1.651374675689345,93.16589557171183,0.3584656151686214,False
1530,1.662069781347036,93.07147115320925,0.3451232968150846,False
1531,1.669132713514718,93.47449726994273,0.3458767026317825,False
1532,1.6726445774186687,93.45593664004295,0.346707090713948,False
1533,1.6726445774186687,93.39737518603707,0.346818003609535,False
1534,1.669132713514718,92.78301566845282,0.311075574922052,False
1535,1.6620697813470358,93.17285461716307,0.32485128491386217,False
1536,1.651374675689345,93.13611887396905,0.32648941580081375,False
1537,1.6369185152170003,93.10015029375597,0.328311358934048,False
1538,1.6185144542910055,92.4625179708359,0.2610067941904324,False
1539,1.5959009527053931,93.18836603100563,0.26233390934441947,False
1540,1.568714157122927,93.75085745644121,0.25363150077382035,False
1541,1.5274062907603576,93.61393323657475,0.25166655175642005,False
1542,1.5274062907603576,93.60116975351622,0.2493155093637748,False
1543,1.5274062907603576,92.75170589054449,0.2088499501402896,False
1544,1.5274062907603576,93.38532237849881,0.26285049961412327,False
1545,1.5274062907603576,93.38532237849881,0.26262172397229044,False
1546,1.568714157122927,93.38532237849881,0.2622395459537206,False
1547,1.60529871947803,93.38532237849881,0.26179838357459917,False
1548,1.6377045139691646,93.38532237849881,0.26896284370283513,False
1549,1.6377045139691646,93.38532237849881,0.26830423063592257,False
1550,1.6377045139691646,93.38532237849881,0.2676349659822509,False
1551,1.6377045139691646,93.38532237849881,0.32628008054423446,False
1552,1.579173669585681,93.38532237849881,0.32690833615865655,False
1553,1.5074791162457208,93.38532237849881,0.327522695351626,False
1554,1.411268792775777,93.38532237849881,0.3284124892358199,False
1555,1.411268792775777,92.78651998328924,0.31031872947036926,False
1556,1.411268792775777,93.59420693496727,0.3480245412823811,False
1557,1.3852702053381707,93.62012648550976,0.34024411222318335,False
1558,1.3548527368476762,93.6468303509502,0.3311568956642969,False
1559,1.3194892909924263,93.52904260511819,0.37942191447976087,False
1560,1.278417365535648,93.54409084536661,0.3769629677123909,False
1561,1.2817425764699486,93.5179313746213,0.3750032405437416,False
1562,1.2834031297544843,93.49242316952272,0.37331007089585433,False
1563,1.2834031297544843,93.46758699210133,0.3720678893425751,False
1564,1.2834031297544843,92.6183547448364,0.3362270364341643,False
1565,1.2834031297544843,93.31068167339137,0.3369925429991298,False
1566,1.2817425764699486,93.34368603091691,0.33817749748457676,False
1567,1.278417365535648,93.3774368358083,0.3389981123880157,False
1568,1.2734192269994746,93.06110994176665,0.3428239103612751,False
1569,1.2667356005770385,93.4183637516736,0.3524506539810277,False
1570,1.2583494426149708,93.4185303514377,0.36177779599711324,False
1571,1.2482389571842902,92.52396166134186,0.31970858213990044,False
1572,1.2363772403452271,93.1842385516507,0.3182148195099812,False
1573,1.222731822382257,93.1842385516507,0.3194559991000742,False
1574,1.2072640872959293,93.1842385516507,0.31956795046398684,False
1575,1.2072640872959293,93.1842385516507,0.3291741161215462,False
1576,1.1899285414712581,92.53816116435925,0.27993934731724907,False
1577,1.1706718933538656,93.411430599929,0.279580416423726,False
1578,1.1706718933538656,93.26251247682875,0.3332421703723762,False
1579,1.1706718933538656,92.42521139771193,0.31937678856655494,False
1580,1.1706718933538656,93.12420337062738,0.31818276621411756,False
1581,1.1706718933538656,93.16305651591054,0.3176961699183338,False
1582,1.1706718933538656,93.20258681287783,0.31772976251459056,False
1583,1.1706718933538656,93.24277011413767,0.318252681600172,False
1584,1.1706718933538656,93.28358208955224,0.31920588277715745,False
1585,1.1899285414712581,93.32499826352712,0.32052642942696263,False
1586,1.2072640872959293,93.36699405173606,0.3225726823846743,False
1587,1.1665620111568704,93.12030851869706,0.32172798820532095,False
1588,1.222731822382257,93.58288770053476,0.31347643494044614,False
1589,1.2722864781512913,93.58288770053476,0.3055990049570998,False
1590,1.316421886822755,93.58288770053476,0.29520221260571333,False
1591,1.3559212235520337,93.58288770053476,0.2836961551658227,False
1592,1.3913345861436042,93.17617866004963,0.3009912809367926,False
1593,1.4022346182456082,93.38968957871397,0.3014038984495788,False
1594,1.411268792775777,93.35562055996657,0.30405138396286113,False
1595,1.418464503832282,92.8511471740347,0.3102565895214808,False
1596,1.418464503832282,93.14414161281259,0.32488538784732507,False
1597,1.418464503832282,93.10198899703767,0.4131717751210499,False
1598,1.418464503832282,92.3877637728367,0.3763407219345744,False
1599,1.418464503832282,92.43025067270925,0.3431240315995446,False
1600,1.418464503832282,93.10904217802229,0.34886404910476215,False
1601,1.418464503832282,93.15116605788143,0.3545959958639844,False
1602,1.411268792775777,93.19390039171796,0.37411477123579095,False
1603,1.4332278865247239,93.23721966847751,0.43815933119869105,False
1604,1.5283115583379487,93.28109832200805,0.4406262984019782,False
1605,1.58942531476941,93.32551076753175,0.4407374024581913,False
1606,1.6369185152170003,93.37043143720803,0.4391219837269029,False
1607,1.6579711793996936,93.23318632855568,0.4392078994279094,False
1608,1.6700838854842832,93.01313061506565,0.43750002452012926,False
1609,1.674044130077499,93.37491337491338,0.43535583354075025,False
1610,1.6974879378583114,93.31005586592178,0.43507177730546676,False
1611,1.7161494584428854,93.24514494793132,0.4359589399272738,False
1612,1.7367221078821626,92.76673972990172,0.42608152859490594,False
1613,1.7523266075497783,93.00937766410912,0.42723480119822527,False
1614,1.7322829714016699,92.96267218613946,0.42916785840301636,False
1615,1.7322829714016699,92.71642220304861,0.416298601253873,False
1616,1.7632762396807857,92.72832621134208,0.4047620034374112,False
1617,1.7825568164146435,91.99737379632332,0.32461582133626593,False
1618,1.8093652274583012,92.82932921901403,0.3427688044205987,False
1619,1.8329889026214166,92.79982330854745,0.33902791907347346,False
1620,1.8536146904174111,92.77126207863097,0.33545601326253693,False
1621,1.8713911422135574,92.7436636370354,0.3326403459246556,False
1622,1.8864366398254924,92.46539856413293,0.3105302982245304,False
1623,1.8988450775589194,91.95317676507399,0.2994005906588153,False
1624,1.9086898966101362,92.6859655551484,0.29959854497518607,False
1625,1.9160269634631688,92.73469983222701,0.30164666215839925,False
1626,1.920896602921541,92.78402903811252,0.36445323340403907,False
1627,1.9290886349754004,92.83392328252546,0.36446373052253533,False
1628,1.9345197509827265,92.88435276360238,0.36499605645443123,False
1629,1.937226380953394,92.93528780836611,0.36633285840150176,False
1630,1.937226380953394,92.98669891172914,0.36866759557497986,False
1631,1.9345197509827265,93.03855677396534,0.37179005167792173,False
1632,1.9290886349754002,93.09083233659327,0.3755115740810536,False
1633,1.920896602921541,93.14349681662353,0.37921933606759645,False
1634,1.9098871413036016,93.19652173913043,0.3817905513842567,False
1635,1.8959811896296601,92.84869565217392,0.3918653591654714,False
1636,1.879073438410761,92.91924601794533,0.40391442207354505,False
1637,1.8590269159366015,93.24803560253112,0.40920172919578246,False
1638,1.8616602097548314,92.30234336972394,0.4063643005887111,False
1639,1.8683049966006324,93.01161254432932,0.42378525269102113,False
1640,1.872718699644523,93.01161254432932,0.4372285486032693,False
1641,1.8749207553606548,92.61331841074427,0.46762060614930234,False
1642,1.8749207553606548,92.76014915922043,0.4965837391527323,False
1643,1.8749207553606548,91.84549356223177,0.4770158268178905,False
1644,1.8749207553606548,92.51389572926195,0.4996833620295881,False
1645,1.8749207553606548,92.51389572926195,0.5205938705028327,False
1646,1.8749207553606548,91.81735031309364,0.5006053680569867,False
1647,1.8749207553606548,92.76718497150496,0.5204592136998051,False
1648,1.8942465552913723,92.82316731952994,0.5385060282814939,False
1649,1.9124457035653704,92.87949377651067,0.5528578462350434,False
1650,1.9270927902240995,92.9361349184407,0.5522973066074593,False
1651,1.9404945258524577,92.9930617572302,0.5752900585264404,False
1652,1.950428616361675,93.05024576734026,0.5781804091330162,False
1653,1.956997501182584,93.10765891052168,0.5837936354788333,False
1654,1.962132512319485,93.1652736586681,0.5969162490593405,False
1655,1.964692469985276,93.22306301479944,0.5960364065989572,False
1656,1.964692469985276,93.28100053219798,0.6077645812244696,False
1657,1.9500453833265468,93.33906033172536,0.6148493440130823,False
1658,1.9318462350525487,93.39721711735363,0.6190827922072866,False
1659,1.9098871413036016,93.4554461899485,0.6168216936214471,False
1660,1.883888553865995,93.42309684101502,0.6251892571238105,False
1661,1.86658456824475,93.6941569711384,0.601442103229016,False
1662,1.8436295601229271,93.6941569711384,0.6028123688354345,False
1663,1.810148703483096,93.6941569711384,0.5880785888612009,False
1664,1.8135337893350902,93.6941569711384,0.5944309247860863,False
1665,1.8053417572812311,93.6941569711384,0.5969641996721897,False
1666,1.7943322956632914,93.6941569711384,0.5969902788471532,False
1667,1.78042634398935,93.6941569711384,0.5948943763959285,False
1668,1.7635185927704509,93.6941569711384,0.5905491729469875,False
1669,1.7434720702962916,93.6941569711384,0.5859632790169809,False
1670,1.720110234371579,92.97422382207367,0.592265277112332,False
1671,1.6932052364410144,93.89985215658545,0.5677309710617228,False
1672,1.6624599952344161,93.57550863230858,0.5620042162165763,False
1673,1.655793088522611,93.70154417889408,0.6014191709076999,False
1674,1.6471838257529514,93.93028461784458,0.584233653321252,False
1675,1.5959009527053931,93.68724016629358,0.5971121815965582,False
1676,1.5358185449046817,94.04541093700033,0.5931437389763661,False
1677,1.5237354826668155,94.06617271333674,0.5898349728677753,False
1678,1.5237354826668155,94.08763313986861,0.5801252986379767,False
1679,1.545103633222057,94.02699949057565,0.5735271673386885,False
1680,1.5621930875126315,94.2406712859958,0.5568493426051776,False
1681,1.5752572246497292,93.49354467595552,0.5596115925610547,False
1682,1.584473195301132,94.38411617297436,0.5328095688632983,False
1683,1.5899582415581437,94.08211784360341,0.5430954620321661,False
1684,1.568458600726827,94.49977510762706,0.5153335105228258,False
1685,1.5444421636222048,94.47099857899497,0.48979224385678727,False
1686,1.5177767168155518,94.44264104395248,0.48244758162895035,False
1687,1.4883011820579903,94.4147200835182,0.47523225869131375,False
1688,1.4883011820579903,94.38725329486591,0.47151201203961096,False
1689,1.5136504959787702,94.36025826854659,0.4708218532328701,False
1690,1.536521674435773,94.33375256503608,0.47255735309195607,False
1691,1.536521674435773,94.05412611651779,0.4829247314147979,False
1692,1.536521674435773,94.12041076582321,0.49127865901191203,False
1693,1.536521674435773,92.89374325782093,0.43939401894613656,False
1694,1.536521674435773,94.1152569919415,0.4485857638135325,False
1695,1.536521674435773,94.62314620437462,0.4350122411192512,False
1696,1.536521674435773,94.60690968443961,0.42508608700529366,False
1697,1.536521674435773,94.59127228027043,0.41867525635982655,False
1698,1.5570262476364447,93.66250085365022,0.42312914237719135,False
1699,1.536521674435773,94.37956702861436,0.4302623465420315,False
1700,1.5053341576659927,94.37956702861436,0.42666064098454926,False
1701,1.4708562976107944,93.84942402633023,0.4447379673575154,False
1702,1.4327750609388543,94.20389619329525,0.4635910808141252,False
1703,1.4327750609388543,93.50469872857933,0.4590482276881983,False
1704,1.4327750609388543,94.38934738886192,0.46858810955860436,False
1705,1.4327750609388543,93.98016505999028,0.47173848670608565,False
1706,1.4327750609388543,93.60834715312328,0.47964455760423874,False
1707,1.4327750609388543,94.611477210324,0.49302477508034626,False
1708,1.4327750609388543,94.62527352297593,0.49053878151400554,False
1709,1.4079850863191958,94.63969486445988,0.5009071307923102,False
1710,1.3301746394361336,94.65472798806132,0.5067274034950902,False
1711,1.2189859772419214,94.67035936233451,0.5084807871241046,False
1712,1.3023657530973365,94.68657519504977,0.4990843885221608,False
1713,1.350985461353789,94.7033614570778,0.5432164318252829,False
1714,1.3850769261730216,94.72070390614584,0.5343949176492341,False
1715,1.3850769261730216,94.7385881104034,0.525173787128536,False
1716,1.3850769261730216,94.75699947173798,0.5158052328478026,False
1717,1.3850769261730216,94.77592324878434,0.5067017724447168,False
1718,1.3850769261730216,94.7953445795737,0.49747013857918937,False
1719,1.3412082357256412,94.81524850377309,0.48815230414886873,False
1720,1.2928161346503597,94.53145223919233,0.49651001008247886,False
1721,1.2391117691845555,94.97875627655465,0.4831780983878484,False
1722,1.2025799301861708,94.97875627655465,0.4716724823819626,False
1723,1.1628891821401641,94.97875627655465,0.4842097169647104,False
1724,1.1628891821401641,94.97875627655465,0.48227056202512414,False
1725,1.1628891821401641,94.21913222608472,0.4876915883444414,False
1726,1.1628891821401641,95.1718810351487,0.4735091863592015,False
1727,1.2025799301861708,95.21283395116963,0.4564756040095456,False
1728,1.2391117691845555,94.94949494949495,0.45551981883270437,False
1729,1.2727370136388871,95.230179028133,0.43974512359440265,False
1730,1.3036591528493573,95.18196457326893,0.42806208295947873,False
1731,1.3320449436720814,95.13366208149493,0.420445885600925,False
1732,1.3840591718591329,94.67092818472376,0.42636661664573017,False
1733,1.4307198723505536,93.64036528480389,0.3609729224471401,False
1734,1.4728138325914575,94.65360947528617,0.3657680859573619,False
1735,1.4969813475031435,94.6304275770633,0.36938622971663493,False
1736,1.5188187975199727,94.60787568895677,0.37240066202944183,False
1737,1.5384213121589432,94.58596607914865,0.38521698105475294,False
1738,1.5558688644426564,94.5647105841604,0.39012026732200267,False
1739,1.571228683114406,94.54412058960848,0.38989126212402075,False
1740,1.571228683114406,94.31415781385715,0.38040528780108035,False
1741,1.571228683114406,94.39202302081242,0.37599972638780493,False
1742,1.571228683114406,94.37705247637558,0.3718450961176436,False
1743,1.5558688644426564,93.98163661952952,0.3386548058696315,False
1744,1.5384213121589432,94.2497151665438,0.3326710668559092,False
1745,1.5384213121589432,94.2497151665438,0.329176439406384,False
1746,1.5384213121589432,94.2497151665438,0.3469520631517674,False
1747,1.5384213121589432,94.2497151665438,0.45047902496653247,False
1748,1.5384213121589432,94.2497151665438,0.4497731045930924,False
1749,1.5384213121589432,94.2497151665438,0.4723909845098416,False
1750,1.5188187975199727,94.2497151665438,0.4747570221917011,False
1751,1.4969813475031435,94.2497151665438,0.47586313579106665,False
1752,1.4969813475031435,94.2497151665438,0.495163286948562,False
1753,1.4969813475031435,94.2497151665438,0.49576454148700727,False
1754,1.4969813475031435,94.2497151665438,0.49841023271861007,False
1755,1.5525118717410349,94.2497151665438,0.558112592049814,False
1756,1.6014094780428811,94.2497151665438,0.5572719407722079,False
1757,1.6448690593653756,93.98833858320488,0.548876228620609,False
1758,1.6448690593653756,94.08291962967932,0.5453738483989621,False
1759,1.6226737082573424,94.18478995002026,0.5450682653801261,False
1760,1.6226737082573424,94.13244492793038,0.5443042908864604,False
1761,1.6587827811256295,94.08020804817959,0.5430384791457469,False
1762,1.6912320540879535,94.02810304449649,0.5479718981493852,False
1763,1.6912320540879535,93.976154166089,0.5441571511210828,False
1764,1.6912320540879535,93.92438616071429,0.5433021666641812,False
1765,1.6912320540879535,93.87282425603594,0.5421270760350336,False
1766,1.6912320540879535,93.58258534172026,0.5288731191824099,False
1767,1.6912320540879535,92.84799316823228,0.44321466457450864,False
1768,1.6912320540879535,93.76656874686537,0.4444396993753492,False
1769,1.6912320540879535,93.36672629695886,0.42241552103328467,False
1770,1.6912320540879535,93.66202215076814,0.42360951550530984,False
1771,1.6912320540879535,93.67910394520939,0.4207099542482061,False
1772,1.6912320540879535,93.33666262395663,0.4140695136709446,False
1773,1.6484681830421755,93.67910394520939,0.4153518711996068,False
1774,1.6002464040892987,93.62833129803893,0.44029548185123685,False
1775,1.5453729293185958,92.81116655818326,0.3725650022427134,False
1776,1.5108950692633976,93.70950127411722,0.41241362164792433,False
1777,1.4728138325914575,93.69349664625256,0.48628412109291297,False
1778,1.4307198723505536,93.67837068399153,0.667640880245989,False
1779,1.3840591718591329,93.66413329435838,0.8002730286313356,False
1780,1.3840591718591329,93.65079365079364,0.9047456842194131,False
1781,1.3840591718591329,93.63836017569547,0.991299707078277,False
1782,1.3840591718591329,93.37777452201304,1.0322415322271015,False
1783,1.3840591718591329,93.72618000586338,1.0873042971366194,False
1784,1.3840591718591329,94.0779829961888,1.1094214033164203,False
1785,1.3840591718591329,94.09177539950154,1.1411648234835385,False
1786,1.3840591718591329,94.10643600645066,1.1553071269289863,False
1787,1.3840591718591329,94.12195836997948,1.1854011453652813,False
1788,1.3562502855203358,94.13833528722157,1.2099470133390808,False
1789,1.3258913123445506,94.15555881060494,1.2295924591001515,False
1790,1.2928161346503597,94.17362026057678,1.2448652561081421,False
1791,1.256821858716621,94.03891164423639,1.2585822257722916,False
1792,1.2778745228993142,94.34375913475591,1.2637384923299302,False
1793,1.2778745228993142,94.09529377375037,1.270854056576154,False
1794,1.267136456800075,94.49722303420053,1.2672594983404104,False
1795,1.244401670768717,94.2427120625411,1.2685720837006402,False
1796,1.2444016707687173,94.60268770084721,1.2596549513985924,False
1797,1.2380473172784792,94.98977505112474,1.2345001169186751,False
1798,1.2250994253767957,95.94683897496145,1.132476767254158,False
1799,1.2050203043653231,95.94683897496145,1.055454984668808,False
1800,1.1768122764012727,95.94683897496145,0.9777055021542622,False
1801,1.1385945907452588,95.94683897496145,0.9032580053805868,False
1802,1.0861806141391561,95.5557187982076,0.8860294873344413,False
1803,0.9992889743797904,95.80424718935998,0.8270378575214811,False
1804,1.0236982481827188,95.38540671614373,0.8014680282256718,False
1805,1.046078320219219,95.64993754133295,0.7520010902337714,False
1806,1.066503202885787,95.38540671614373,0.7271875430951956,False
1807,1.0850365744330073,95.80424718935998,0.7477995108207173,False
1808,1.1017332648846088,95.7816193853428,0.745639728423567,False
1809,1.1166404295430465,95.7593761604159,0.7110003520512425,False
1810,1.129798482836793,95.73753359211705,0.6900353635663925,False
1811,1.1933654824135869,95.71610773501388,0.7009746641834372,False
1812,1.2482389571842902,95.69511459589867,0.6801897435891683,False
1813,1.2583494426149708,95.67457010832513,0.6668199914121821,False
1814,1.2667356005770385,95.6544901065449,0.6528430539699895,False
1815,1.2734192269994746,95.63489029890681,0.6452829073898942,False
1816,1.2734192269994746,95.61578624078624,0.6377674093024827,False
1817,1.2734192269994746,94.8646773074254,0.6749828433763804,False
1818,1.2667356005770385,95.71074636110251,0.6687637564900876,False
1819,1.2667356005770385,96.04388811621078,0.6484663503984052,False
1820,1.2667356005770385,96.04388811621078,0.6407426115623837,False
1821,1.2734192269994746,94.75142373403109,0.6239166994634003,False
1822,1.2263714330738393,96.0453709380748,0.6088135567180957,False
1823,1.170377295621679,96.0453709380748,0.5976691647950019,False
1824,1.173589412323443,96.0453709380748,0.589321881459278,False
1825,1.175193620727556,95.49022625827305,0.5909075219642292,False
1826,1.175193620727556,95.86617215268119,0.5909570565748132,False
1827,1.175193620727556,94.21264101375367,0.493473030301242,False
1828,1.175193620727556,94.53149239838659,0.4267549686740715,False
1829,1.175193620727556,95.26352449500813,0.42228417373141003,False
1830,1.175193620727556,94.99188499884072,0.4039140551468844,False
1831,1.175193620727556,94.5179148085499,0.3322020274101863,False
1832,1.175193620727556,95.28503744459728,0.32864914774940324,False
1833,1.175193620727556,95.15492102065613,0.3196880013491876,False
1834,1.175193620727556,95.47238152731663,0.3199164403411151,False
1835,1.175193620727556,95.18117860655117,0.3267941275519604,False
1836,1.175193620727556,95.31392174704277,0.37235550632703324,False
1837,1.175193620727556,94.41927201329105,0.3123272955915368,False
1838,1.175193620727556,95.15716649120168,0.4990826794765165,False
1839,1.175193620727556,95.1707097933513,0.5094239909897225,False
1840,1.175193620727556,94.8345259391771,0.50606873307196,False
1841,1.175193620727556,95.35539397536726,0.5159770021729333,False
1842,1.175193620727556,95.23844622982236,0.5248439634570767,False
1843,1.175193620727556,95.5337531117294,0.5364752199325754,False
1844,1.175193620727556,95.5337531117294,0.5374597035420633,False
1845,1.175193620727556,95.5337531117294,0.5382665090646557,False
1846,1.175193620727556,95.5337531117294,0.5391126708882441,False
1847,1.175193620727556,95.5337531117294,0.5583917381482921,False
1848,1.2788865553104405,95.5337531117294,0.6129540417476028,False
1849,1.348976900246288,95.5337531117294,0.6137282682646075,False
1850,1.4058471913452353,95.5337531117294,0.6172196855794038,False
1851,1.453804853458493,95.13290626610706,0.6167719332639557,False
1852,1.4503582783395474,95.35761883607286,0.617181645602877,False
1853,1.4948767789152713,95.33239038189534,0.6176560742636793,False
1854,1.533817377459477,95.30758868432869,0.6545899472953772,False
1855,1.5679528825270668,94.80529243722748,0.6495854024149063,False
1856,1.5978219700868779,94.39322956022366,0.6251002940857736,False
1857,1.62381709982982,94.63851761846901,0.6433404605292206,False
1858,1.6462326537833867,93.41061622940818,0.5090108322076605,False
1859,1.6652934434860063,94.62398529637004,0.5021596543305011,False
1860,1.7174170808159617,94.63671785468715,0.49750042036899683,False
1861,1.7604288387476017,94.65020576131687,0.4946129737454599,False
1862,1.796338076553666,94.66443718172836,0.49228096255400505,False
1863,1.796338076553666,94.54297407912688,0.48529830756043946,False
1864,1.796338076553666,94.80087659638782,0.4901752093481599,False
1865,1.796338076553666,94.78234491126953,0.4954824993539876,False
1866,1.796338076553666,94.76447758922457,0.500301303017168,False
1867,1.796338076553666,94.32000611574038,0.4836778883477266,False
1868,1.796338076553666,93.85702219150733,0.4181160947126188,False
1869,1.796338076553666,94.7096475669006,0.42031915873400566,False
1870,1.796338076553666,94.5752539242844,0.41757133282034065,False
1871,1.796338076553666,94.82613034466877,0.4270669462615411,False
1872,1.7604288387476017,94.80539499036608,0.43868654282410624,False
1873,1.7174170808159617,94.7852998065764,0.4386466549523011,False
1874,1.7174170808159617,93.9110251450677,0.381166040149985,False
1875,1.7174170808159617,94.6073500967118,0.3801072237212406,False
1876,1.7174170808159617,94.6073500967118,0.4075004823442406,False
1877,1.7174170808159617,93.9110251450677,0.4485434463966509,False
1878,1.7322208107835513,94.76208897485493,0.5192899447580759,False
1879,1.748141112420929,95.03420708740103,0.608598353900147,False
1880,1.7612545952901781,95.03420708740103,0.622737276334603,False
1881,1.7716486830601688,95.03420708740103,0.6752925224153413,False
1882,1.7782628292033573,95.03420708740103,0.6946761263360615,False
1883,1.7822148102043958,95.03420708740103,0.7118194651936075,False
1884,1.7835294168398166,95.03420708740103,0.7269084644049004,False
1885,1.7822148102043958,95.03420708740103,0.7720249552579194,False
1886,1.8189649053424164,95.03420708740103,0.8464767214388593,False
1887,1.8560007948051995,95.03420708740103,0.8566615033348,False
1888,1.8871478349808812,95.03420708740103,0.8660414451978149,False
1889,1.89109981598192,95.03420708740103,0.8744080753376045,False
1890,1.8924144226173403,95.03420708740103,0.8808307598318273,False
1891,1.89109981598192,94.32700438158199,0.8869838717923298,False
1892,1.913151600427485,95.19563379199016,0.8843776313370382,False
1893,1.930333986005771,94.63133640552995,0.886778654685657,False
1894,1.9429743960441401,94.73643827207857,0.9000054705352409,False
1895,1.9512907343569177,94.9311591416045,0.9094597169430322,False
1896,1.9554169551936993,94.07208588957056,0.8971468388845754,False
1897,1.9554169551936993,93.53527607361963,0.8564792895917662,False
1898,1.9512907343569177,93.53527607361963,0.8154686588037614,False
1899,1.9429743960441401,93.23446219707974,0.7471840786124503,False
1900,1.930333986005771,93.95306169253115,0.7312648354295664,False
1901,1.9131516004274849,93.39723926380368,0.6786861789149244,False
1902,1.89109981598192,93.75432659026228,0.6537560286752827,False
1903,1.8636957636078915,93.7442147485344,0.6330524990470962,False
1904,1.8302149069680604,93.73501430891794,0.6101094471234771,False
1905,1.7895128308290014,93.26811087817377,0.5458663269808692,False
1906,1.7395912492151777,92.8532460447354,0.41433372933299006,False
1907,1.6761678109911358,93.6957371920219,0.393148146004386,False
1908,1.578882083461779,93.71294851794072,0.3626876257030439,False
1909,1.5732230293875173,93.73104145601617,0.33460494918687095,False
1910,1.565263635906296,93.75,0.30993756475004336,False
1911,1.554965937118681,93.64613125144933,0.27666545715161334,False
1912,1.542279235137156,93.87519260400616,0.26539135743499864,False
1913,1.532902144485799,93.87141535615172,0.2808026927461381,False
1914,1.5169165540634162,93.45981798550054,0.2892334438219693,False
1915,1.4984244813325356,93.48295542187259,0.2548019232559572,False
1916,1.477322818602089,93.89307113227838,0.3014468310848653,False
1917,1.4534849141043307,93.91829865361078,0.4786599624110746,False
1918,1.4267547652077353,93.94424131627056,0.5015410310386392,False
1919,1.3969387860636409,93.97087820415592,0.5872259835625152,False
1920,1.3637938028246004,93.99818813226635,0.6566303898934399,False
1921,1.3637938028246004,94.02614968440037,0.6672859829923873,False
1922,1.378534725137646,93.97247980855519,0.7037070595551551,False
1923,1.391334586143604,94.13603214764102,0.7034005480444739,False
1924,1.378534725137646,93.62734124319081,0.7320682652486747,False
1925,1.3637938028246004,93.95481071375131,0.7369337468186279,False
1926,1.3470624465271646,93.9473486837171,0.740640038092996,False
1927,1.3282820174272938,93.32932692307692,0.7622742376826201,False
1928,1.30738316633364,93.74858948318663,0.7706768557345544,False
1929,1.2842839696213428,93.74811690268153,0.7776273677891989,False
1930,1.2588874993443833,93.74858607948119,0.7832454063342479,False
1931,1.2310786130055862,93.75,0.7876235354736498,False
1932,1.200719639829801,93.75236080682934,0.7909055233895479,False
1933,1.1676444621356104,93.22585528307599,0.7847947099594913,False
1934,1.1316501862018717,92.97141557358405,0.7680185087218996,False
1935,1.0924850533852573,93.70443499392466,0.7690832508041232,False
1936,1.049830215710004,92.97899764955645,0.751846979143418,False
1937,1.0032709271829536,92.0539843809235,0.6534355595654479,False
1938,0.9522481488898976,92.99416180150125,0.6361215421020209,False
1939,0.9080831196860789,92.27386458412313,0.5579292933076482,False
1940,0.8600451249809193,92.27386458412313,0.47382815126095335,False
1941,0.9239817566184624,92.98657972552886,0.45761633659038997,False
1942,0.9503693053797216,92.51401727534476,0.3995038059182053,False
1943,0.9584057807186243,93.1637519872814,0.39537117912500963,False
1944,0.9503693053797216,92.52917108652827,0.34043407212420895,False
1945,0.8667482733828356,92.99416180150125,0.33072798241001466,False
1946,0.7498765864518437,93.0056137156729,0.3242695443254117,False
1947,0.8075738393756747,92.47834675581218,0.26325534332131734,False
1948,0.8075738393756747,92.8180158247109,0.2458188456850012,False
1949,0.8075738393756747,92.82449725776965,0.23313415222493444,False
1950,0.7498765864518437,92.83208784505109,0.22415485018405093,False
1951,0.7391385203526044,92.84078766600518,0.2094736273104761,False
1952,0.7164037343212466,92.8505957836847,0.22190893277309426,False
1953,0.7619882811604882,92.86151024151636,0.23398547333250694,False
1954,0.804144968682279,92.87352806239487,0.2475426220716714,False
1955,0.9200798396181976,92.88664525011473,0.25961498989175313,False
1956,1.0027451236678648,92.90085679314565,0.27164241994304344,False
1957,1.0408200100592375,92.91615667074663,0.2832534693700703,False
1958,1.0760226197984133,92.93253786140431,0.2929209847764452,False
1959,1.1085580040630627,92.94999235357088,0.3014550849498429,False
1960,1.1385945907452588,92.96851115866707,0.3086931309562227,False
1961,1.1662725283662194,92.98808432630614,0.3144625441326823,False
1962,1.1917096213196778,93.00870096168524,0.3185743298392926,False
1963,1.215005662327781,93.0303492450816,0.3208152493169008,False
1964,1.236245663845669,93.05301645338209,0.32152858744173474,False
1965,1.2555023119630615,93.07668898356664,0.32094981363757485,False
1966,1.2728378577877326,93.10135237805805,0.31805578076381075,False
1967,1.2883055928740603,93.12699135184343,0.3136834506227148,False
1968,1.3019510108370305,93.15358982126628,0.3092472081733116,False
1969,1.3138127276760936,93.18113093438161,0.3032785891477929,False
1970,1.3239232131067742,93.20959710276144,0.3093408693226321,False
1971,1.385461625590694,92.83240475831953,0.31722601864288597,False
1972,1.438246763967619,93.38942307692308,0.3013092526647523,False
1973,1.484316827960571,93.38942307692308,0.30775730797583517,False
1974,1.52486163490889,93.38942307692308,0.3125557824754417,False
1975,1.52486163490889,93.38942307692308,0.31727974949744964,False
1976,1.5606576932610157,93.38942307692308,0.3210536901350102,False
1977,1.592247783351014,93.38942307692308,0.31260377126343786,False
1978,1.592247783351014,93.38942307692308,0.33113224533795843,False
1979,1.592247783351014,93.38942307692308,0.349827757347505,False
1980,1.592247783351014,93.38942307692308,0.34617978983983166,False
1981,1.592247783351014,93.38942307692308,0.37678545595116,False
1982,1.592247783351014,93.38942307692308,0.4018364543706149,False
1983,1.5606576932610157,93.38942307692308,0.42391750924272087,False
1984,1.52486163490889,93.38942307692308,0.4435029718714679,False
1985,1.52486163490889,93.38942307692308,0.4410428185716555,False
1986,1.52486163490889,93.38942307692308,0.4705166850030761,False
1987,1.5606576932610157,93.38942307692308,0.49856714400583624,False
1988,1.592247783351014,93.38942307692308,0.5253593419812748,False
1989,1.6200289349283656,93.38942307692308,0.5510157616999779,False
1990,1.6443006390407007,92.8485576923077,0.5690606983251176,False
1991,1.6652934434860063,93.58473557692308,0.5889189573501808,False
1992,1.683186927476445,93.15520864605223,0.5888132378337734,False
1993,1.698121496342283,93.79217273954116,0.5910814099684453,False
1994,1.6970928791503865,93.79217273954116,0.594171965074949,False
1995,1.6940031251275376,93.79217273954116,0.597980942520769,False
1996,1.6888404374768236,93.79217273954116,0.6024060629244302,False
1997,1.6815848515026244,93.20737741790373,0.613293085449926,False
1998,1.6722077608512675,93.97210976158344,0.6105896616199042,False
1999,1.66067121468109,94.00239306012564,0.5964015778862972,False
2000,1.6469269407745297,93.63066825775657,0.6130608509220979,False
2001,1.6309150278587041,94.1692696712777,0.5914204350866129,False
2002,1.6309150278587041,94.1692696712777,0.5883212329592992,False
2003,1.6309150278587041,94.1692696712777,0.5707053252136475,False
2004,1.6309150278587041,94.1692696712777,0.5536696057153621,False
2005,1.6309150278587041,93.54454856462888,0.5824856094434796,False
2006,1.6125621696179573,94.33288710397144,0.5583063218321038,False
2007,1.5917793275547327,94.3645261752929,0.537440699370288,False
2008,1.5917793275547327,94.39680662329982,0.510022140184105,False
2009,1.568458600726827,94.42970822281167,0.48595941653895836,False
2010,1.5424689812691437,94.46321045674843,0.4559286088911335,False
2011,1.5136504959787702,94.49729255085614,0.42518939241998716,False
2012,1.5136504959787702,93.88738771635143,0.4246344960141511,False
2013,1.5424689812691437,94.35942282466112,0.40645772380772077,False
2014,1.568458600726827,94.38667926997746,0.40997667642455327,False
2015,1.6299970132107466,94.41462353111852,0.41493495407857606,False
2016,1.568458600726827,94.44323855003256,0.4197134238280486,False
2017,1.5178657101173134,94.47250685524607,0.4067154908108491,False
2018,1.53936535094863,94.50241059221415,0.404590774490263,False
2019,1.53936535094863,94.12103331654313,0.41679241118257576,False
2020,1.53936535094863,93.36390998996704,0.3900362020338835,False
2021,1.5584574151044932,94.06265610504532,0.3981162428788356,False
2022,1.5752323874345693,93.44052361980648,0.37354049750863205,False
2023,1.5897651653441072,93.94369193674207,0.39314942858663987,False
2024,1.6021174159154203,93.98501554990105,0.41074894650273636,False
2025,1.619793784245165,93.27329017731495,0.38650010098121024,False
2026,1.6349345257841479,93.91371340523882,0.4008532316551149,False
2027,1.647621227765673,93.72647427854454,0.40791835394397613,False
2028,1.6579189265532879,94.10377358490567,0.42101585880314585,False
2029,1.6658783200345093,93.78417664567039,0.4275408511359646,False
2030,1.671537374108771,94.00552486187846,0.4377524512897191,False
2031,1.6749224599607648,93.93041681019635,0.44429420394994956,False
2032,1.6749224599607648,94.04205607476635,0.4511258194599809,False
2033,1.6749224599607648,94.20668776661621,0.45552207261647903,False
2034,1.6749224599607648,94.69292846395842,0.4392980249862882,False
2035,1.6761678109911355,94.72539423599783,0.42055411696537665,False
2036,1.6761678109911355,94.75817346663064,0.4000549430321141,False
2037,1.6749224599607646,94.43621177421528,0.40344569309993134,False
2038,1.6711794721591113,94.66084620550706,0.3946254194625279,False
2039,1.6711794721591113,94.63042313872523,0.38872938858768324,False
2040,1.6711794721591113,94.07303931351028,0.39598963815865573,False
2041,1.6711794721591113,94.51872547063128,0.3962155378675482,False
2042,1.6711794721591113,94.07969134570611,0.3999405074978242,False
2043,1.6711794721591113,94.73159050089802,0.38350682370189604,False
2044,1.6749224599607646,94.72072431928633,0.3687365165121645,False
2045,1.6761678109911355,94.71054559989341,0.3565432104314974,False
2046,1.6749224599607648,94.70105978804239,0.34751502475107504,False
2047,1.6749224599607648,94.69227178769087,0.33920360207886446,False
2048,1.6761678109911355,94.68418595344494,0.32589073995357687,False
2049,1.6749224599607646,94.67680608365019,0.3313091069566014,False
2050,1.6711794721591113,94.67013541458208,0.33686450013753,False
2051,1.6649178093654917,94.66417661575402,0.3262412083093955,False
2052,1.6561016075061714,94.65893178635727,0.3452116541171603,False
2053,1.6561016075061714,94.65440245284276,0.36212116093261437,False
2054,1.6561016075061714,94.65058956765039,0.37815289640485633,False
2055,1.6638424053060787,94.64749350908728,0.3932833968456847,False
2056,1.6638424053060787,94.64511408235217,0.4081826821959206,False
2057,1.6689774164429796,94.09849139363328,0.4162241210259589,False
2058,1.671537374108771,94.80847108809667,0.4244582657712651,False
2059,1.671537374108771,94.84746656124399,0.43104509374625577,False
2060,1.671537374108771,94.88654940168705,0.436550728621654,False
2061,1.671537374108771,94.9257024203491,0.44079478821980134,False
2062,1.671537374108771,94.33950099929082,0.44788668755241046,False
2063,1.671537374108771,94.85044514186896,0.45451768965003503,False
2064,1.6658783200345093,94.89088248393459,0.4598537731127853,False
2065,1.6579189265532879,94.93774884661569,0.4632569967312812,False
2066,1.647621227765673,94.9908982486975,0.4644063802679592,False
2067,1.6434354627887178,94.99277502041842,0.46230098567071043,False
2068,1.6364264608707209,94.46714869537881,0.4611792143646039,False
2069,1.6265436509095,95.18716577540107,0.4661607093855777,False
2070,1.6137131032949714,95.18716577540107,0.45216742172125535,False
2071,1.597833969267969,94.6712802768166,0.4520649730472756,False
2072,1.5787731795653492,95.33815665303554,0.43061070930242923,False
2073,1.556357625611783,95.34210360672247,0.41077441049888574,False
2074,1.5563576256117826,95.3466406397582,0.39109106702964047,False
2075,1.554501475453014,95.35176670655666,0.37155192894767247,False
2076,1.4524690941546654,95.35748031496063,0.3521505822045473,False
2077,1.4238430936939133,95.36377952755906,0.3328855092820256,False
2078,1.418464503832282,95.37066196384707,0.313749850165918,False
2079,1.4112687927757768,95.37812480322398,0.29459861181956853,False
2080,1.3773114348674147,95.38616478882105,0.2755667258167135,False
2081,1.3392246071829446,95.39477823214847,0.26346675659570046,False
2082,1.3287344279695676,95.40396101854763,0.25134022429239794,False
2083,1.3164218868227548,95.41370861343218,0.25073494951397196,False
2084,1.3022504881911108,95.42401606929886,0.25139396168053535,False
2085,1.2861766890619075,95.43487803348592,0.25392146286766126,False
2086,1.2861766890619075,95.44628875665518,0.25822324589816253,False
2087,1.2861766890619075,94.81365487002819,0.2691867635839279,False
2088,1.2861766890619075,95.25837770122142,0.285601898931812,False
2089,1.2861766890619075,94.52611823584611,0.2712729453293666,False
2090,1.2861766890619075,95.13337914662335,0.29053113529989355,False
2091,1.2861766890619075,95.14690287567838,0.2917786215490641,False
2092,1.2861766890619075,95.16098897677026,0.2995480107864707,False
2093,1.2861766890619075,95.17562946844886,0.30563327910851334,False
2094,1.2861766890619075,95.19081600992864,0.31032262534766125,False
2095,1.2861766890619075,95.20653991453521,0.31387693400565264,False
2096,1.2681489963097885,95.22279216364872,0.3165045151985582,False
2097,1.2481068205144499,95.23956342110131,0.31837005325421,False
2098,1.2259790140555222,95.25684404798524,0.3191991500690285,False
2099,1.201681991620676,95.27462411782756,0.31962872406439063,False
2100,1.1751172867945407,95.29289343208667,0.3237487206251802,False
2101,1.1461683299371317,94.96978206458702,0.3201739107850927,False
2102,1.114696123966521,95.51348389845985,0.316805544466728,False
2103,1.0805333164475432,94.84385462957326,0.304497594331084,False
2104,1.0434758622197662,95.65958482985329,0.29141905895145037,False
2105,1.0434758622197662,95.6783004552352,0.27965887748450047,False
2106,1.0434758622197662,95.69742813918306,0.26321988469252783,False
2107,1.0434758622197662,95.71695722989685,0.2526574710135773,False
2108,1.0032709271829536,95.73687691660153,0.27362790664886494,False
2109,0.959598657344105,95.75717624498112,0.28782301714345054,False
2110,0.9120433642792949,95.77784413257689,0.2762374762390195,False
2111,0.8600451249809193,95.44720311097817,0.2770281639729743,False
2112,0.8028116417452926,95.63132977767124,0.29989501979961336,False
2113,0.7391385203526044,95.60650621211212,0.3238200501257646,False
2114,0.7391385203526044,95.58213620244034,0.32586088993306733,False
2115,0.7391385203526044,95.55823051459525,0.32979904987087644,False
2116,0.7391385203526044,95.53479963844532,0.35323366821901186,False
2117,0.6857486151292824,95.51185377330036,0.3736672155474613,False
2118,0.6857486151292824,95.48940281383975,0.3925104424997716,False
2119,0.6857486151292824,95.46745633649604,0.40966588203886406,False
2120,0.6271502454482835,95.17992137889325,0.4221903385171463,False
2121,0.5621380056254565,95.58850226928895,0.4349204199136305,False
2122,0.48865925334338955,95.58850226928895,0.44606767242068623,False
2123,0.40238293904561173,95.58850226928895,0.4561001024848506,False
2124,0.2829047929798921,95.32829046898638,0.46501860905908293,False
2125,0.208180945557171,95.67927382753403,0.47124958027094954,False
2126,0.12068101401352381,95.38657141127324,0.47836459103424667,False
2127,-0.0,95.77857186118345,0.4804708243148927,False
2128,-0.0,96.15407909878263,0.46384883027318174,False
2129,-0.0,96.1410310777246,0.44870110021302045,False
2130,-0.0,95.85580127234171,0.4439678328593538,False
2131,-0.0,95.42822677925211,0.4486450348087401,False
2132,0.12068101401352381,96.19379239959176,0.43247236241703324,False
2133,0.208180945557171,96.22968451242829,0.41221089589190435,False
2134,0.2829047929798921,95.9564726169947,0.4331384121126349,False
2135,0.3491843735073079,95.98620443598739,0.4324059162092667,False
2136,0.40907313904382653,96.28094279284615,0.4217843840920417,False
2137,0.4637773498877516,96.2729256354308,0.4107939734542329,False
2138,0.5140912790181235,96.2729256354308,0.4048350548675473,False
2139,0.6318640827062832,96.2729256354308,0.3982765310388806,False
2140,0.6318640827062832,96.2729256354308,0.39115785470017606,False
2141,0.6318640827062832,96.2729256354308,0.3830955646571112,False
2142,0.677903479475398,96.2729256354308,0.37436078437419074,False
2143,0.720523936685393,96.2729256354308,0.36574273254442635,False
2144,0.7600473303889541,96.2729256354308,0.3574056245208124,False
2145,0.7600473303889541,96.2729256354308,0.34917258997884953,False
2146,0.7600473303889541,96.2729256354308,0.3387361474853959,False
2147,0.7600473303889541,96.2729256354308,0.3371268764448225,False
2148,0.7600473303889541,96.2729256354308,0.3349658285447214,False
2149,0.8431953160789711,96.2729256354308,0.33247386059910733,False
2150,0.9134853951751389,95.96037034852863,0.33549391950603547,False
2151,0.9752462395674342,96.34959013976528,0.3295423628495784,False
2152,1.0305279703180825,96.31472923332149,0.3254144767231885,False
2153,1.0652163930664527,95.89905362776025,0.3501357505841951,False
2154,1.0972261621017096,95.4203037187612,0.32073790290939536,False
2155,1.1267251857192595,95.79604828538827,0.3173660074599529,False
2156,1.1538530565800795,96.50471443156567,0.30655579622907575,False
2157,1.201681991620676,95.75366427408167,0.29792534241333024,False
2158,1.2449737775841292,96.57762432612515,0.283101726249813,False
2159,1.2842839696213428,96.56028583540241,0.26976117571535957,False
2160,1.30738316633364,96.5433742962649,0.25791046115844063,False
2161,1.3282820174272938,96.52689538331215,0.24787537035197243,False
2162,1.3470624465271648,96.51085444760234,0.24082879923892045,False
2163,1.3637938028246002,96.49525651096744,0.23497382117741994,False
2164,1.3785347251376459,96.48010626094306,0.27517127553582266,False
2165,1.391334586143604,96.46540804632366,0.3783140636133541,False
2166,1.402234618245608,96.2463095740194,0.41327326494527666,False
2167,1.4112687927757768,96.58783173858097,0.5287524759944321,False
2168,1.418464503832282,96.55755526029714,0.5506851899631344,False
2169,1.4238430936939133,96.5274831828374,0.5689475137721814,False
2170,1.4274202463828694,96.49762860269975,0.584093171916024,False
2171,1.4292062682172793,96.46800463612517,0.5965605232275166,False
2172,1.429206268217279,96.4386244033778,0.6273759636262519,False
2173,1.4274202463828694,95.70981403056527,0.6176183451269853,False
2174,1.4238430936939133,96.50375477040502,0.6282082338155152,False
2175,1.4184645038322823,96.50375477040502,0.6272438430476447,False
2176,1.411268792775777,96.50375477040502,0.626012513125911,False
2177,1.402234618245608,96.50375477040502,0.6311249480708085,False
2178,1.391334586143604,96.50375477040502,0.6314196459402274,False
2179,1.378534725137646,96.50375477040502,0.6424974909714719,False
2180,1.3637938028246004,96.50375477040502,0.6436946279831224,False
2181,1.3470624465271646,96.50375477040502,0.6562155344973467,False
2182,1.3470624465271646,96.50375477040502,0.6680115323994648,False
2183,1.3470624465271646,96.50375477040502,0.6791273932992231,False
2184,1.3470624465271646,95.70367642545878,0.6658116404508915,False
2185,1.3470624465271646,95.21880562204628,0.6274072684762104,False
2186,1.3470624465271646,95.63616276928742,0.6200298073898686,False
2187,1.3470624465271646,94.84151266674826,0.5361774918523761,False
2188,1.3470624465271646,95.5773805892759,0.5249154301944304,False
2189,1.3470624465271646,95.60379423568041,0.5163431709714492,False
2190,1.3470624465271646,95.63056784437306,0.5102721816990012,False
2191,1.3470624465271646,95.65768812658534,0.5064788614017484,False
2192,1.3470624465271646,95.31804778239153,0.47252078240321715,False
2193,1.3637938028246004,95.80884998201223,0.4744623357939437,False
2194,1.378534725137646,95.57902273134061,0.46294062654991874,False
2195,1.391334586143604,95.97530571055444,0.47697538588813204,False
2196,1.402234618245608,96.00494233937397,0.48926885399149495,False
2197,1.411268792775777,96.48341343336068,0.4809356973155308,False
2198,1.4184645038322823,96.2742697218821,0.4842713386210556,False
2199,1.4238430936939133,96.62452151722538,0.4722846884292758,False
2200,1.3958301562928708,95.82995012179562,0.47261954065340184,False
2201,1.3958301562928708,96.63612109964042,0.4565704036080984,False
2202,1.3958301562928708,96.62921348314607,0.44003790350785293,False
2203,1.3984610270106808,96.62271570668517,0.4216258242858686,False
2204,1.3993371806574677,96.42609699769054,0.41786781462994377,False
2205,1.3984610270106808,96.72046109510086,0.39506292885530525,False
2206,1.3984610270106808,96.70253384241583,0.3913826865911081,False
2207,1.3993371806574677,96.6848583372039,0.3731381463538943,False
2208,1.3984610270106808,96.66744348636682,0.3555593106756583,False
2209,1.3984610270106808,96.65029814100316,0.35610997725375504,False
2210,1.3652016755898781,96.633431085044,0.40843295457512924,False
2211,1.3271059259290725,96.6168510237703,0.41299690247678805,False
2212,1.2834031297544843,95.7990115321252,0.4334423532552123,False
2213,1.2329087607099036,96.49917627677101,0.4344757775874606,False
2214,1.2304597034223903,95.7990115321252,0.43864732694104674,False
2215,1.2263714330738393,96.6345022358202,0.4843495136492908,False
2216,1.2206340886225493,96.64657341838824,0.47653489188421005,False
2217,1.2132336634320215,96.14621044026626,0.4813334141779482,False
2218,1.150999540671385,96.55152327139278,0.48272235928195883,False
2219,1.0757143856082798,96.54851830331202,0.4875410687478705,False
2220,0.9669852958320848,96.54592871631411,0.49319652536779773,False
2221,0.9559312637896478,96.5437521673795,0.4994902298414084,False
2222,0.9432261548473415,96.54198605267707,0.5062448069601716,False
2223,0.9288391461883214,96.3854729341455,0.5071899615509777,False
2224,0.9127341558073343,96.63706674305357,0.5082625281711302,False
2225,0.8948692308065574,96.62263067202757,0.5140493752623727,False
2226,0.875195788740725,95.91178672194391,0.5015410814104379,False
2227,0.8536576732793313,96.71591827311555,0.5094958921073031,False
2228,0.8301899714180443,96.71537045559135,0.5083048215328084,False
2229,0.804717519321077,95.94463192815878,0.5326144629451361,False
2230,0.7771529943226336,95.4343365253078,0.48182907168594835,False
2231,0.8623538561746378,95.88799909127052,0.4665586989861892,False
2232,0.9129467467841514,95.75599818922589,0.4430731034020829,False
2233,0.9491912500871044,95.98060770054681,0.43425342823873864,False
2234,0.9752462395674342,95.97266154541346,0.42574348018637215,False
2235,0.9929563290994997,95.30303887725653,0.3545992139989818,False
2236,1.0032709271829536,96.00907029478458,0.3563464486804095,False
2237,1.006661191043945,96.59863945578232,0.3526748884911439,False
2238,1.0032709271829536,95.92868093805008,0.34589154959512036,False
2239,0.9929563290994998,96.68448589626934,0.3352181351473971,False
2240,0.9752462395674342,96.68448589626934,0.32487300344016584,False
2241,0.9491912500871044,96.68448589626934,0.3157955054789355,False
2242,0.9129467467841514,96.68448589626934,0.3074694266362527,False
2243,0.9440231356865455,96.1612829845314,0.31246843411739533,False
2244,0.9727642516015449,96.55664687071722,0.3139960953327683,False
2245,0.9992889743797904,96.69940612151667,0.3101712554549326,False
2246,1.0236982481827188,96.55664687071722,0.3156156522440788,False
2247,1.046078320219219,96.78506167199635,0.30862179650026483,False
2248,1.066503202885787,96.15120667962942,0.3163322372734651,False
2249,1.0850365744330073,95.42491135765755,0.25868898639862803,False
2250,1.1017332648846088,96.09401807160013,0.26774072928823217,False
2251,1.1017332648846088,96.09401807160013,0.27615430984391587,False
2252,1.1017332648846088,96.09401807160013,0.2839214936444049,False
2253,1.1017332648846088,96.09401807160013,0.29103775694857037,False
2254,1.1017332648846088,96.09401807160013,0.2983049594797247,False
2255,1.1166404295430465,96.09401807160013,0.30513278599340654,False
2256,1.129798482836793,95.84818861414607,0.3023483090517732,False
2257,1.1412418450836315,95.98751156336725,0.30528515839881243,False
2258,1.150999540671385,95.97767960939316,0.37789450296488614,False
2259,1.1590956761386297,95.96821315881735,0.382745557381254,False
2260,1.1655498193580116,95.94769701967252,0.3871303502788925,False
2261,1.170377295621679,95.92139634291142,0.3894583467053414,False
2262,1.173589412323443,95.90114887505983,0.39034169820124665,False
2263,1.175193620727556,95.88107586539621,0.4055406651485801,False
2264,1.175193620727556,95.86118876868846,0.4081407985409408,False
2265,1.173589412323443,95.84149926506615,0.46916591593145024,False
2266,1.170377295621679,95.82201925450507,0.47122785773418224,False
2267,1.1655498193580116,95.80276085064047,0.4719018087463007,False
2268,1.0916362019205923,95.78373637388799,0.4718291215752973,False
2269,0.9842399889605549,95.76495834385257,0.4702394307421702,False
2270,0.976414308115487,95.74643947100712,0.4838590696430915,False
2271,0.9669852958320848,95.72819264762393,0.4864634661062999,False
2272,0.9559312637896478,95.71023093794349,0.4886560812368716,False
2273,1.0532169913190044,95.69256756756756,0.4904937335915872,False
2274,1.1166404295430465,95.6752159120649,0.4914726577183565,False
2275,1.1017332648846088,95.6581894847806,0.4920950894991137,False
2276,1.0850365744330073,95.64150192384238,0.49256099860882635,False
2277,1.066503202885787,95.6251669783596,0.49277566600893913,False
2278,1.046078320219219,94.85038738979428,0.44147171476665387,False
2279,1.0236982481827188,95.49826342506012,0.43885994634990116,False
2280,0.9992889743797904,95.49826342506012,0.4355553134184976,False
2281,0.9727642516015449,95.49826342506012,0.432413437543266,False
2282,0.9440231356865455,95.49826342506012,0.4294486195311777,False
2283,0.9129467467841514,95.19527580190578,0.4116052222297147,False
2284,0.8793939303559065,95.36874747202373,0.40446378400390776,False
2285,0.8431953160789711,94.6272077659431,0.32493233249514986,False
2286,0.804144968682279,95.25478565651119,0.3125639748379561,False
2287,0.7619882811604883,95.25606469002696,0.3007985494460235,False
2288,0.7164037343212466,95.25798194799945,0.29004719539872936,False
2289,0.6669740736911406,95.26053588259055,0.2832993560503863,False
2290,0.6131379016405238,94.94355438383019,0.2863642537803415,False
2291,0.5541015302865538,95.12013031084567,0.31601876966585934,False
2292,0.5541015302865538,95.11480547795871,0.3041110728080469,False
2293,0.5541015302865538,95.11010805635344,0.29290252152227136,False
2294,0.5541015302865538,95.10604708627909,0.2825562429328443,False
2295,0.5541015302865538,95.10263121642099,0.273043023212258,False
2296,0.5541015302865538,95.09986868477435,0.2646358949801071,False
2297,0.5541015302865538,95.09776729995839,0.2571217952319054,False
2298,0.5541015302865538,95.0963344230368,0.2640717019825707,False
2299,0.5541015302865538,95.0955769499093,0.2595523864181343,False
2300,0.5541015302865538,95.09550129433988,0.32473738211766073,False
2301,0.5541015302865538,95.09611337168514,0.3344223944665442,False
2302,0.5541015302865538,95.09741858338609,0.40038323628653755,False
2303,0.5541015302865538,95.09942180228458,0.4539218165333879,False
2304,0.6131379016405238,95.10212735882395,0.46960274106713207,False
2305,0.6131379016405238,95.10553902819096,0.5250064925868253,False
2306,0.6131379016405238,95.10966001845411,0.5730147010452978,False
2307,0.6669740736911406,95.11449295974968,0.6153778255235047,False
2308,0.7164037343212466,95.12003989456437,0.6266772879779868,False
2309,0.7619882811604883,94.98675069827401,0.6691734995514326,False
2310,0.804144968682279,94.4982425937881,0.691757076253297,False
2311,0.8431953160789711,94.38977084979527,0.7068689102644817,False
2312,0.8431953160789711,94.99388621160901,0.7089888037466509,False
2313,0.8431953160789711,94.99388621160901,0.7467679036850696,False
2314,0.8431953160789711,94.99388621160901,0.7797517961252958,False
2315,0.8431953160789711,94.99388621160901,0.8086780172078022,False
2316,0.8793939303559065,94.99388621160901,0.8150780481057806,False
2317,0.9129467467841514,94.99388621160901,0.8452038716990831,False
2318,0.9440231356865455,94.66302236927282,0.8675216023430593,False
2319,0.9727642516015449,95.1233546716536,0.8686790030865676,False
2320,0.9727642516015449,95.91483219054493,0.8740254637167143,False
2321,0.9727642516015449,95.45520231213872,0.8934862036625543,False
2322,0.9727642516015449,96.05843639256527,0.885547964636998,False
2323,0.9727642516015449,96.05843639256527,0.8766338054142325,False
2324,0.9727642516015449,95.67512837202575,0.8831741182374272,False
2325,0.9727642516015449,96.1958487018153,0.8643619225349851,False
2326,0.9727642516015449,96.20729588882455,0.8341239130882385,False
2327,0.9727642516015449,96.21930904613602,0.8100905462581035,False
2328,0.9727642516015449,95.78260869565217,0.8067357498378466,False
2329,0.9727642516015449,96.339253352664,0.7748316289253555,False
2330,0.9727642516015449,96.33587786259542,0.7428666952204882,False
2331,0.9727642516015449,96.3330174236349,0.7111871778523664,False
2332,0.9992889743797904,95.65821211899716,0.7245420899974719,False
2333,1.0236982481827188,96.46808822451821,0.6853933294287792,False
2334,0.9665364727522964,96.46808822451821,0.6474887143077216,False
2335,0.875195788740725,96.46808822451821,0.6108738172965845,False
2336,0.8948692308065574,96.01377592144793,0.6021438863982048,False
2337,0.8948692308065574,96.5853301091815,0.5589395470697027,False
2338,0.8948692308065574,96.58464928387808,0.5168224169327842,False
2339,0.8948692308065574,95.90725064409276,0.5291327761424565,False
2340,0.8948692308065574,96.71018661945858,0.48036251080341896,False
2341,0.8948692308065574,96.71018661945858,0.4474090491089329,False
2342,0.8948692308065574,96.71018661945858,0.40536509204243837,False
2343,0.8948692308065574,96.71018661945858,0.36489313553075314,False
2344,0.8948692308065574,96.71018661945858,0.3260733545170916,False
2345,0.8948692308065574,96.71018661945858,0.340420995887773,False
2346,0.8948692308065574,95.90725064409276,0.338301655683004,False
2347,0.8948692308065574,96.5919941241278,0.32191879403279666,False
2348,0.8948692308065574,96.59265772697296,0.30822812593284565,False
2349,0.9127341558073343,96.59381624150281,0.30009526625362687,False
2350,0.9127341558073343,96.02368247935092,0.2946140837652355,False
2351,0.9127341558073343,96.46955631898253,0.2923260986863029,False
2352,0.9127341558073343,95.6550266093169,0.25114787536034017,False
2353,0.9127341558073343,96.34314794620138,0.2513143698527592,False
2354,0.9127341558073343,96.34650235592606,0.251432115641089,False
2355,0.9127341558073343,96.35036496350365,0.2515328284146014,False
2356,0.9127341558073343,96.35472948634825,0.2515787047150118,False
2357,0.9127341558073343,96.35958928699648,0.25171785377368266,False
2358,0.9127341558073343,96.3649373881932,0.2518039575600133,False
2359,0.9127341558073343,95.82379862700229,0.2190993559385875,False
2360,0.9127341558073343,96.25580564487316,0.21782521307932248,False
2361,0.9127341558073343,95.86664762992575,0.18796958190427562,False
2362,0.9127341558073343,96.35598659345361,0.2791055365292977,False
2363,0.9127341558073343,96.35598659345361,0.28036753225283934,False
2364,1.0239228180015463,96.35598659345361,0.2810011698680154,False
2365,1.0850365744330073,95.55508143090819,0.21616412210322833,False
2366,1.15047181636257,96.25558471030423,0.22867800895921805,False
2367,1.2072640872959293,96.27377501237362,0.23024350301234522,False
2368,1.1899285414712581,96.29238034820611,0.2727031765685837,False
2369,1.1899285414712581,96.1554800339847,0.27259623366768865,False
2370,1.1899285414712581,96.25257768612671,0.31605313549347985,False
2371,1.1899285414712581,96.24393030562696,0.3159847646995519,False
2372,1.1899285414712581,96.23574962357496,0.3161767099470709,False
2373,1.1899285414712581,96.22804491793838,0.3169261751932031,False
2374,1.1899285414712581,96.22082520413325,0.3183809831744955,False
2375,1.1899285414712581,96.21409921671018,0.32066834325701465,False
2376,1.2220947914756688,96.20787539122207,0.3231009634576908,False
2377,1.2481068205144499,96.20216184633362,0.3262365043207871,False
2378,1.2686794699537274,96.19696636623434,0.33027061973289334,False
2379,1.2842839696213428,96.19229638341665,0.33526519234177093,False
2380,1.3694848314733472,96.18815896188158,0.34105065837143445,False
2381,1.4466887826991084,96.18456078083408,0.3477139084624268,False
2382,1.5108950692633976,95.27350364426121,0.27989472294893963,False
2383,1.5664255935012887,96.06420404573439,0.2824028395037087,False
2384,1.6153231998031348,96.08958926096155,0.3192404048828351,False
2385,1.6587827811256293,96.1153064188208,0.3201757919884354,False
2386,1.6975864075781912,95.81617168870584,0.312744140340742,False
2387,1.7322829714016699,96.27552487776819,0.31385040299175937,False
2388,1.7632762396807855,95.4826643648396,0.28149666511832133,False
2389,1.790873154727421,96.26564973377464,0.2841412241540407,False
2390,1.815312534291672,95.40345099162312,0.23594370117811236,False
2391,1.8367831709710667,96.15329819062545,0.25078088799849374,False
2392,1.8554357764140001,96.18028488413294,0.2637784384827791,False
2393,1.8536146904174111,96.20752854927393,0.2729464421147595,False
2394,1.8481296441603996,96.23501367173806,0.28022429710546926,False
2395,1.8389136735089966,96.2627248640357,0.27813094366170793,False
2396,1.825849536371899,96.29064688345005,0.2792598043971582,False
2397,1.8087600820813245,96.31876464911072,0.277862841464633,False
2398,1.8356650800118894,96.34706325817285,0.2745561215849502,False
2399,1.8590269159366015,96.37552800109006,0.2689124874361328,False
2400,1.8790734384107608,96.40414437597346,0.26171601347890094,False
2401,1.8959811896296601,96.43289810203258,0.252766891339792,False
2402,1.9098871413036016,96.150222102571,0.2529361361640133,False
2403,1.9318462350525487,96.33867276887872,0.24924727272827882,False
2404,1.9500453833265468,95.46518627516554,0.20028473671066943,False
2405,1.9500453833265468,96.23155655988303,0.20048148618704234,False
2406,1.9500453833265468,96.2622994122697,0.20047874762929435,False
2407,1.9500453833265468,96.29313738354547,0.20015495815796122,False
2408,1.9500453833265468,96.32405657303005,0.2431206061989134,False
2409,1.9500453833265468,96.35504337692606,0.24475446219774294,False
2410,1.9541716041633284,96.25104494887789,0.3292200529666341,False
2411,1.966665652338337,96.51296461872525,0.31814590767754036,False
2412,1.9759411671299136,96.51296461872525,0.30708405207659084,False
2413,1.9820809892894808,96.51296461872525,0.30695094860336725,False
2414,1.985138010206439,96.51296461872525,0.3017180109696125,False
2415,1.985138010206439,96.29272060243291,0.30123957782019006,False
2416,1.9820809892894808,96.4262550265923,0.36220859135088496,False
2417,1.9759411671299136,96.3989281746291,0.3614970760406657,False
2418,1.966665652338337,96.3716581061504,0.36129071845168065,False
2419,1.9541716041633288,96.34445697604988,0.36175473952928994,False
2420,1.9383414873687372,96.31733725437776,0.3623197673083247,False
2421,1.91901568743802,96.29031172153773,0.36292673269471054,False
2422,1.8959811896296601,96.26339346263393,0.36322924044228627,False
2423,1.8689539850001573,96.23659586093846,0.3698894350370691,False
2424,1.837550783738123,96.20993259045261,0.3717643493043586,False
2425,1.837550783738123,96.18341760753619,0.44143347702438596,False
2426,1.837550783738123,96.15706514158181,0.4461905463808627,False
2427,1.837550783738123,96.13088968471315,0.4496712342418875,False
2428,1.837550783738123,95.64573041637261,0.43004215573066534,False
2429,1.8088321247286743,96.0073753634494,0.4298036541799466,False
2430,1.7899923587670896,95.26863331908223,0.3718629075054786,False
2431,1.7680896861341615,96.15577349846087,0.37470574653261457,False
2432,1.7429418283750395,96.17775237550904,0.4282797461949957,False
2433,1.7143158279142874,95.88512644663524,0.42205922921494016,False
2434,1.681910033423153,96.00742804085422,0.4253602054434018,False
2435,1.6453254710680503,96.2516064543767,0.4278975708242619,False
2436,1.6040176047054806,95.29487362558903,0.37782173670597874,False
2437,1.6040176047054806,96.05883192917321,0.3799223337686198,False
2438,1.6040176047054806,96.05883192917321,0.38222350825751356,False
2439,1.6040176047054806,96.05883192917321,0.38427305635146064,False
2440,1.6040176047054806,96.05883192917321,0.3864161321824875,False
2441,1.5906891914372436,96.05883192917321,0.3879806510790793,False
2442,1.575329372765494,96.05883192917321,0.3897977064461996,False
2443,1.5578818204817808,95.80218516388729,0.38549210455943245,False
2444,1.5382793058428101,95.90448625180898,0.38525165898509967,False
2445,1.516441855825981,95.00723589001447,0.3043935492190758,False
2446,1.492274340914295,95.70911722141824,0.29854105817397547,False
2447,1.4656632802980472,95.70911722141824,0.29309884757687077,False
2448,1.4364725416714372,95.70911722141824,0.288734509073061,False
2449,1.4045374344958588,95.70911722141824,0.28536386365793204,False
2450,1.369656391356946,95.70911722141824,0.28289837350916724,False
2451,1.3315788883651183,95.70911722141824,0.2888725769951341,False
2452,1.2899872289839038,94.97829232995659,0.20129073852309184,False
2453,1.2444677426770514,95.91895803183792,0.20122469347994923,False
2454,1.1944623965475907,95.54819190318398,0.20043270275220795,False
2455,1.1391806657969425,96.04187580668292,0.19712380873319607,False
2456,1.077419821404647,96.04187580668292,0.19592555897536232,False
2457,1.007129742308479,96.04187580668292,0.1962719529677131,False
2458,0.9239817566184624,96.04187580668292,0.19838615991339362,False
2459,0.8667482733828356,96.04187580668292,0.2032257541862577,False
2460,0.8030751519901473,96.04187580668292,0.27365338837244224,False
2461,0.7309107053286835,96.04187580668292,0.2855593077236021,False
2462,0.6459247868864254,96.04187580668292,0.2968437774113382,False
2463,0.5277139815252946,96.04187580668292,0.3837662769373358,False
2464,0.5277139815252946,96.04187580668292,0.3856884797278716,False
2465,0.5277139815252946,96.04187580668292,0.3838998020187313,False
2466,0.5277139815252946,96.04187580668292,0.4047332565869136,False
2467,0.5277139815252946,96.04187580668292,0.4078988195106468,False
2468,0.5277139815252946,96.04187580668292,0.4116735722514846,False
2469,0.5277139815252946,96.04187580668292,0.41607689015460625,False
2470,0.46824757305098735,96.04187580668292,0.4211226951010541,False
2471,0.46824757305098735,95.53378475723959,0.42169591449230026,False
2472,0.5277139815252946,95.91172214182345,0.4296061512265077,False
2473,0.5819881552488824,95.90116279069767,0.4381642991506115,False
2474,0.6318640827062832,95.55994440787067,0.4425958671792812,False
2475,0.677903479475398,95.70818610129564,0.45157514391579207,False
2476,0.720523936685393,95.67375361137861,0.4601293028552577,False
2477,0.7600473303889541,95.63953488372093,0.4685663757783659,False
2478,0.7967286463062392,95.60554930633671,0.47682472251117153,False
2479,0.9121808156018082,95.57181653590827,0.4804859125494005,False
2480,0.9943533402865056,95.00908815510451,0.4631707290843106,False
2481,1.0636474148449138,95.42344533982059,0.47420908325603517,False
2482,1.1243908270736136,95.41431405463146,0.4832567127200509,False
2483,1.178632755604064,94.73200612557427,0.43432738070132243,False
2484,1.227574923439486,95.5439459127228,0.4479583977281783,False
2485,1.258497062649956,95.87644669272629,0.46277090556552775,False
2486,1.2868828534726802,95.18683684453329,0.4567655141019698,False
2487,1.3128706538148882,96.04380350119534,0.4651324279123047,False
2488,1.3365763461844862,96.06214428549454,0.47167395817669244,False
2489,1.4137802974102476,96.08098780581332,0.4764513819092957,False
2490,1.4137802974102476,96.10032115002294,0.47951028439389015,False
2491,1.4779865839745367,96.12013110755393,0.4756058713476565,False
2492,1.533517108212428,96.14040419389151,0.4825026782716857,False
2493,1.582414714514274,96.16112667524797,0.4878245059368566,False
2494,1.6258742958367685,96.18228459333031,0.49048924660803567,False
2495,1.6646779222893304,96.20386379012253,0.49185750420474506,False
2496,1.699374486112809,96.22584993260446,0.48905184375579547,False
2497,1.730367754391925,96.24822853733124,0.4927930440964568,False
2498,1.75796466943856,96.27098499480017,0.49475516466984293,False
2499,1.7824040490028112,96.19794363488424,0.4992733552905059,False
2500,1.8038746856822059,96.43541022241862,0.49105791429002976,False
2501,1.8225272911251393,96.4364763169544,0.48265727635541483,False
2502,1.8352139931066644,96.43807271652379,0.4751351888273818,False
2503,1.8455116918942793,96.44020130254589,0.4677268027589701,False
2504,1.8534710853755008,96.44286349488662,0.46046461316160503,False
2505,1.8591301394497624,96.44606024632735,0.45402575633137715,False
2506,1.8625152253017565,96.44979203802733,0.44812163845795533,False
2507,1.8636418769584755,96.45405887600357,0.44056572007075095,False
2508,1.8908286725409411,96.45886028864753,0.5612753497603813,False
2509,1.9134421741265537,96.46419532529403,0.555101664542897,False
2510,1.9098871413036016,96.47006255585345,0.5473708484442289,False
2511,1.9039420977858161,95.88051251489868,0.5450672180949592,False
2512,1.8955764137408873,96.63984503054687,0.5325449150098891,False
2513,1.8847458619181308,96.66543164134865,0.5205002038684869,False
2514,1.8713911422135576,96.6912306558585,0.5100671041936033,False
2515,1.8554357764140001,96.7172272294277,0.5000630721876894,False
2516,1.8367831709710667,96.6632667929477,0.49340453779810833,False
2517,1.8153125342916723,96.8711523140436,0.47938861511074016,False
2518,1.790873154727421,96.87952505068057,0.46619031655978316,False
2519,1.7632762396807857,96.88834213763658,0.4538210116319095,False
2520,1.7322829714016699,96.89759907434191,0.44229200351246745,False
2521,1.6975864075781915,96.90729098923333,0.44073412848872784,False
2522,1.6912320540879535,96.91741264799307,0.42953296980868216,False
2523,1.6782841621862699,96.92795846253696,0.43009446626765757,False
2524,1.6307580935101098,96.93892250072025,0.42016295691360495,False
2525,1.5765604460883762,96.95029849672733,0.4106565699391363,False
2526,1.5136504959787704,96.9620798621086,0.40153582363264056,False
2527,1.5136504959787704,96.28698649813272,0.4323705572052386,False
2528,1.5136504959787704,94.98099949809995,0.2597307359246073,False
2529,1.5136504959787704,96.32837102776982,0.28167017736220323,False
2530,1.5136504959787704,96.53775060429405,0.2916478229310205,False
2531,1.437708291448477,96.55881935575422,0.30986445556761627,False
2532,1.3283399146847865,96.5802888700085,0.3283375335750712,False
2533,1.3283399146847865,96.60214749929358,0.3470083404410103,False
2534,1.3283399146847865,96.62438336856941,0.35349261789199204,False
2535,1.3525074295964727,96.64698439477014,0.3601409867355836,False
2536,1.374344879613302,96.66993830622546,0.3769303848552613,False
2537,1.3939473942522724,96.6932326621924,0.39128985850056625,False
2538,1.4113949465359856,96.7168548724383,0.40233490062812893,False
2539,1.4267547652077353,96.74079221681724,0.413046724513115,False
2540,1.41098399809997,96.76503186478249,0.42422925310308435,False
2541,1.3913345861436042,96.21086173455251,0.4248727309665801,False
2542,1.3675380544221296,96.63341645885286,0.43540196344036397,False
2543,1.3392246071829446,96.21086173455251,0.43421368821836337,False
2544,1.305875511291131,96.60616176368315,0.4433671917423995,False
2545,1.2667356005770385,96.6517231717568,0.45188541930633763,False
2546,1.2734192269994746,96.62786596119929,0.45986467830572675,False
2547,1.278417365535648,95.84398976982096,0.43330868647963783,False
2548,1.38289880412151,96.10176738882554,0.427032444929637,False
2549,1.453804853458493,97.1066134549601,0.41738534980936276,False
2550,1.5088891227230308,96.23496107572541,0.41792447836954594,False
2551,1.55499063467752,97.0203794799719,0.41198641771513167,False
2552,1.5941305453916126,97.04158526374546,0.4039690018990877,False
2553,1.5941305453916126,97.0628983097811,0.3943460204081944,False
2554,1.5941305453916126,96.8689387642006,0.3938711453613757,False
2555,1.5941305453916126,96.87586589082848,0.39267020671747405,False
2556,1.5877233383380847,97.0628983097811,0.3811480550556036,False
2557,1.5794522232221664,97.04158526374546,0.40583906090035743,False
2558,1.5692913970352789,97.0203794799719,0.39699090658143854,False
2559,1.5572083347974126,96.2208067940552,0.38723396118959263,False
2560,1.5431631227610834,97.1066134549601,0.3764753674904032,False
2561,1.5271075938126173,97.11106355660175,0.3658480517805598,False
2562,1.5089842141799346,97.11593375214163,0.35323755812549096,False
2563,1.5578818204817806,97.12122294449604,0.3481560154528327,False
2564,1.601341401804275,97.12692967409949,0.35242226317389913,False
2565,1.601341401804275,97.13305211982555,0.35504850658943904,False
2566,1.601341401804275,97.1395881006865,0.35784121044753214,False
2567,1.601341401804275,97.14653507830937,0.36109098611566876,False
2568,1.601341401804275,97.15389016018307,0.3646677810004837,False
2569,1.5578818204817806,97.1616501036677,0.35587614776657095,False
2570,1.5089842141799346,97.16981132075472,0.3679300048649135,False
2571,1.5089842141799346,97.17836988356311,0.3783892645234409,False
2572,1.5089842141799346,97.18732153055397,0.3882321057012198,False
2573,1.5089842141799346,97.19666167344319,0.39694797159454104,False
2574,1.5089842141799346,97.20638540478906,0.4051762503532792,False
2575,1.5089842141799346,97.21648750622909,0.4124980539993444,False
2576,1.5089842141799346,97.22696245733789,0.4189551648709207,False
2577,1.5089842141799346,96.18751765038125,0.3910913698391711,False
2578,1.5089842141799346,97.19613066031123,0.3978317482325748,False
2579,1.5089842141799346,97.21254355400697,0.3958023272019027,False
2580,1.5089842141799346,97.2291493488501,0.396516829081556,False
2581,1.5089842141799346,97.24593775819334,0.3968417661428551,False
2582,1.5089842141799346,97.07130149172026,0.39872059573169,False
2583,1.4534536899420432,97.38202094383244,0.3937788267249785,False
2584,1.3892474033777542,96.60682714538284,0.3804160275388308,False
2585,1.3892474033777542,97.50441996464028,0.3683108699100952,False
2586,1.3892474033777542,97.51982110184997,0.3558520282347417,False
2587,1.3892474033777542,97.53544902093181,0.342718302502003,False
2588,1.3892474033777542,97.55129498822738,0.37650054775644637,False
2589,1.3892474033777542,97.17866237769736,0.38920569532138205,False
2590,1.3892474033777542,97.71710833722716,0.37133263932231025,False
2591,1.4346791485039014,97.71710833722716,0.3535096503907998,False
2592,1.4755113620493376,97.71710833722716,0.3358085858805872,False
2593,1.512296262266594,97.71710833722716,0.31822036527048536,False
2594,1.5745303850272305,97.71710833722716,0.3009456258257993,False
2595,1.6280323221722475,97.71710833722716,0.28392619411762193,False
2596,1.6573274138351233,97.71710833722716,0.32947342646560285,False
2597,1.680282421956946,97.71710833722716,0.4493017591959179,False
2598,1.6975864075781912,97.71710833722716,0.6616973322874073,False
2599,1.7096790433418563,97.41332975006719,0.8987172581061651,False
2600,1.7168344071232133,97.58604368111435,1.0224299946855315,False
2601,1.7192034386026205,97.5707675557975,1.125707308638233,False
2602,1.7168344071232133,97.55563163300239,1.213889236895358,False
2603,1.709679043341856,97.5406448057316,1.2901939626669072,False
2604,1.6975864075781912,97.52581606486936,1.3567527967757382,False
2605,1.6802824219569459,97.5111544896821,1.474950559762284,False
2606,1.657327413835123,97.49666923778136,1.5272095068969407,False
2607,1.6280323221722475,97.48236953455572,1.5727678903996274,False
2608,1.591282227034227,96.65981136089638,1.6400354185681418,False
2609,1.591282227034227,97.01821804725306,1.6779204717121274,False
2610,1.591282227034227,97.61820372864535,1.7569728489488672,False
2611,1.591282227034227,97.60329990754569,1.8681077249883962,False
2612,1.591282227034227,97.58864236284512,1.933112639054338,False
2613,1.591282227034227,97.5742397137746,1.9893658923756443,False
2614,1.545103633222057,97.56010046645139,2.0379107140267982,False
2615,1.4852352278209668,97.54623299992804,2.0796453065788114,False
2616,1.391334586143604,96.67554148377347,2.106513936160541,False
2617,1.402234618245608,96.08253372772528,2.1129315430560034,False
2618,1.4112687927757768,95.25286775845899,2.080952533217174,False
2619,1.418464503832282,94.66261661965719,1.580808977186038,False
2620,1.4238430936939133,95.10692279811526,2.0027214227800196,False
2621,1.4274202463828694,95.09625862695242,1.9654656153769308,False
2622,1.4292062682172793,95.08626337628303,1.9537781971177777,False
2623,1.429206268217279,95.07694551819706,1.9551921694775514,False
2624,1.3984610270106808,95.06831299773508,1.9421349645648878,False
2625,1.3634806730596907,94.27193687440636,0.8721513441301213,False
2626,1.360034097940745,94.97333235917294,1.9145344401287057,False
2627,1.3548527368476762,94.97333235917294,1.897663866627563,False
2628,1.347922583568817,94.32857665568972,0.9902246028920317,False
2629,1.3392246071829446,94.80395749358739,1.8750069505578506,False
2630,1.3287344279695676,94.02711615976548,1.0339338546611991,False
2631,1.3164218868227548,93.40280325823733,0.7559833626125114,False
2632,1.3022504881911108,93.87995004040849,0.910983981260103,False
2633,1.2861766890619075,93.8810031624623,0.9227069707089296,False
2634,1.2681489963097885,93.88295914611705,0.9332164613964715,False
2635,1.2481068205144499,93.88581952117863,0.9570640866098474,False
2636,1.2259790140555222,93.88958502248101,0.9798966318361618,False
2637,1.201681991620676,93.89425558587125,1.002421684385364,False
2638,1.1751172867945407,93.89983034594674,1.0775687635036242,False
2639,1.1461683299371317,93.90630763555883,1.0126927667013077,False
2640,1.114696123966521,93.2054592401328,0.9711029525440489,False
2641,1.0805333164475432,93.80302471412763,1.031118649576633,False
2642,1.043475862219766,93.10955367023239,0.9892352414082838,False
2643,1.0032709271829536,92.77197659779308,0.9292697177359912,False
2644,0.9595986573441049,93.01271091949751,0.9189763470874275,False
2645,0.9120433642792949,92.43565833644162,0.8641569928442489,False
2646,0.8600451249809193,92.36390753169276,0.803848959762328,False
2647,0.8600451249809193,92.89336316181954,0.7928887709612467,False
2648,0.8028116417452926,92.21932114882506,0.7109361570971012,False
2649,0.7391385203526044,92.27727204894792,0.6425441562349522,False
2650,0.6669740736911405,92.96321170061935,0.618000646260281,False
2651,0.5819881552488824,92.36624132527423,0.5395356583255873,False
2652,0.5819881552488824,93.06021938661294,0.5304951920436082,False
2653,0.5819881552488824,93.06073720340248,0.5199000384600636,False
2654,0.5819881552488824,93.06229019022753,0.5151977621136479,False
2655,0.5277139815252946,92.8357089272318,0.5021441186766027,False
2656,0.46824757305098735,92.97729501395489,0.49435563171696983,False
2657,0.4023829390456117,92.96223267101472,0.488838321659874,False
2658,0.3280668831792932,91.6704562680006,0.32623439836935086,False
2659,0.24096783080307263,93.02484095728568,0.3315376464209038,False
2660,0.12068101401352381,93.03062302006336,0.33416528735445095,False
2661,0.208180945557171,93.03740423614241,0.3355707194875126,False
2662,0.2829047929798921,93.04516900987137,0.34100613082917824,False
2663,0.3491843735073079,93.05390113162596,0.34630577390723527,False
2664,0.46824757305098735,92.84867348451164,0.3483054613270504,False
2665,0.5541015302865538,93.19958695972858,0.350685446016854,False
2666,0.6271502454482835,93.20860341779611,0.3516364198535187,False
2667,0.6917244835981394,93.2185937040306,0.35265733890016726,False
2668,0.7498765864518437,92.10797293321565,0.3122236623554673,False
2669,0.8028116417452926,93.2627243306855,0.3030038765381079,False
2670,0.8028116417452926,93.27380516723998,0.30700130316116786,False
2671,0.8028116417452926,93.28575589863094,0.309002120979658,False
2672,0.8028116417452926,93.29855828443092,0.2998773855991747,False
2673,0.8028116417452926,92.56513602994099,0.30662994395305715,False
2674,0.8600451249809193,93.22942732537356,0.3054155413974919,False
2675,0.9120433642792949,93.25379917625337,0.30425729702050697,False
2676,0.9595986573441049,92.65432970758582,0.33932308223609675,False
2677,1.0032709271829536,93.13711716774375,0.349797835615352,False
2678,1.043475862219766,93.15451243364068,0.35877855437420747,False
2679,1.0805333164475432,93.17266286984304,0.36927310644206746,False
2680,1.114696123966521,93.1915481287115,0.3787461599362541,False
2681,1.1461683299371317,93.13563975837452,0.4277770235996394,False
2682,1.1751172867945407,93.27920305676857,0.4258690548632632,False
2683,1.201681991620676,93.27920305676857,0.43368501682428856,False
2684,1.2259790140555222,93.27920305676857,0.4300995599888861,False
2685,1.2481068205144499,93.27920305676857,0.42659057542776335,False
2686,1.2681489963097885,93.27920305676857,0.42337614010824354,False
2687,1.2861766890619075,92.7742903930131,0.419226214547492,False
2688,1.3022504881911108,93.45660480349345,0.4120957638758036,False
2689,1.3164218868227548,93.25766329096717,0.47085345887244273,False
2690,1.3287344279695676,93.56891416192798,0.5691433948297334,False
2691,1.3392246071829446,93.56891416192798,0.6052341447578286,False
2692,1.347922583568817,92.85086236050051,0.640159863677169,False
2693,1.3548527368476762,92.72591181273816,0.6666974508942763,False
2694,1.360034097940745,92.77157916352932,0.7269752928148393,False
2695,1.3634806730596907,92.74993114844395,0.736097768674401,False
2696,1.3652016755898781,92.39753956735089,0.7298528262377322,False
2697,1.3652016755898781,92.63318534961154,0.7314820699697188,False
2698,1.3652016755898781,92.62791507135398,0.7318436709065074,False
2699,1.3652016755898781,92.62363788767813,0.7294458747676458,False
2700,1.3652016755898781,92.62036582801878,0.7260105469397946,False
2701,1.3652016755898781,92.1330146231721,0.6991318989475637,False
2702,1.3652016755898781,92.78612227628517,0.7243951314412126,False
2703,1.3652016755898781,92.52520978774416,0.7183913514941423,False
2704,1.3652016755898781,92.89189760947747,0.718740487334237,False
2705,1.3652016755898781,92.89250353606789,0.7187580681252862,False
2706,1.3652016755898781,92.89412098432736,0.7186471566450986,False
2707,1.3652016755898781,92.8967576791809,0.7184887621816844,False
2708,1.3262610770456722,92.72389393181331,0.7169105100042028,False
2709,1.3262610770456722,91.91155492154066,0.6792579201025042,False
2710,1.3262610770456722,91.39800285306704,0.5909484274498892,False
2711,1.3262610770456722,91.8188302425107,0.5457263306726586,False
2712,1.3262610770456722,91.8188302425107,0.5145241731902397,False
2713,1.3262610770456722,91.8188302425107,0.4754896417157067,False
2714,1.3262610770456722,91.35520684736092,0.3760727103886641,False
2715,1.3262610770456722,91.99714693295293,0.35804738105536627,False
2716,1.3262610770456722,92.02384331535623,0.3503347596114953,False
2717,1.3262610770456722,92.05139065367781,0.34873970075398975,False
2718,1.3262610770456722,92.07976407807892,0.35169890854405156,False
2719,1.3271059259290725,92.10893854748603,0.35960011927864033,False
2720,1.3262610770456722,92.13888888888889,0.36933873085220176,False
2721,1.3237243701143493,92.16958983565806,0.3795126315622445,False
2722,1.278417365535648,91.47361206305689,0.32531499986436435,False
2723,1.2263714330738393,92.1156462585034,0.34656875065098874,False
2724,1.1655498193580116,92.14825816905211,0.3508173357069579,False
2725,1.1655498193580116,92.18142838000804,0.3742347125726185,False
2726,1.1655498193580116,92.21513096662677,0.3952323721748934,False
2727,1.1655498193580116,92.24274406332454,0.41401594858590307,False
2728,1.1655498193580116,92.31675392670157,0.43044678621876625,False
2729,1.1655498193580116,92.31675392670157,0.4452719239005243,False
2730,1.1655498193580116,92.31675392670157,0.4587349629796952,False
2731,1.2206340886225493,92.31675392670157,0.47103185284506754,False
2732,1.2667356005770385,91.65575916230367,0.46779588065175837,False
2733,1.3058755112911309,92.46073298429319,0.4629785846528499,False
2734,1.3392246071829446,92.49448123620309,0.48377748249130775,False
2735,1.3773114348674147,92.52222079093134,0.5330197551086622,False
2736,1.3852702053381705,92.59519550217225,0.653144300013464,False
2737,1.418464503832282,92.59896729776248,0.6811533542402255,False
2738,1.4238430936939133,92.60366319002799,0.7037563619271175,False
2739,1.4524690941546654,92.60927488422254,0.749382113570381,False
2740,1.4776169519137876,92.61579347000759,0.7708970841792849,False
2741,1.4995196245467155,92.6232094402726,0.7910596188704556,False
2742,1.5183593905083006,92.2162094135414,0.8153070162244569,False
2743,1.5342796921456783,92.77871886567539,0.8288488628043654,False
2744,1.547393175014927,92.52231446226827,0.847614215291317,False
2745,1.545378825051491,92.87177895063645,0.8564621997835195,False
2746,1.541342789057496,92.88190146075762,0.8641894220458602,False
2747,1.5352702332191592,92.89283731260412,0.8707369464019016,False
2748,1.542279235137156,92.90457452041318,0.8761543698892905,False
2749,1.5464650001141114,92.91710066785123,0.8804893978071219,False
2750,1.535773302827334,92.93040293040293,0.8947284206308193,False
2751,1.535773302827334,92.94446809804757,0.8943079640991233,False
2752,1.532902144485799,92.95928259815803,0.8939987980633559,False
2753,1.527138493598173,92.54726126999515,0.9558236066062638,False
2754,1.5184387137728148,91.82811274066027,0.9946337748671363,False
2755,1.506734817815005,91.45995533828233,1.0352100756974318,False
2756,1.4919310878474152,90.75498918009137,1.0031556821200294,False
2757,1.4738989153366922,91.46961987428914,1.0822326100956075,False
2758,1.4776169519137876,91.49976156413925,1.1761365247476632,False
2759,1.4794731020725562,91.1480686695279,1.238629559722883,False
2760,1.4794731020725562,91.42226990939437,1.3135519334758372,False
2761,1.4794731020725562,91.42226990939437,1.4356792492026562,False
2762,1.4794731020725562,91.42226990939437,1.5685495662913027,False
2763,1.4995196245467155,91.42226990939437,1.6567948604973513,False
2764,1.5164273757656148,91.42226990939437,1.7331426999014943,False
2765,1.5303333274395563,91.42226990939437,1.8008809478818977,False
2766,1.5253874232579383,91.42226990939437,1.8617841368084038,False
2767,1.5184387137728148,91.42226990939437,1.9179123828306455,False
2768,1.5184387137728148,91.42226990939437,1.9683491495765906,False
2769,1.5184387137728148,91.42226990939437,2.013527991197018,False
2770,1.5184387137728148,91.15999046256557,2.0496761978685143,False
2771,1.5184387137728148,91.50572246065808,2.0874052169459025,False
2772,1.5184387137728148,91.4756061059563,2.120559050886389,False
2773,1.5184387137728148,90.4099692974535,2.125247020145767,False
2774,1.5184387137728148,90.4220095117693,2.129373680858552,False
2775,1.6123393554501775,90.10294383240021,2.120917121546341,False
2776,1.6722077608512675,90.35578833303232,2.1212774836938055,False
2777,1.718386354663438,89.5300808141275,1.7437791990568339,False
2778,1.718386354663438,89.22478299910206,1.7633044236516482,False
2779,1.718386354663438,89.2187967674349,1.8035972199287544,False
2780,1.7104254465072817,89.06819676050445,1.8241444817921422,False
2781,1.699176749362644,88.3629191321499,1.0508833866210203,False
2782,1.6845296627039148,87.9973594190722,0.7607145694049439,False
2783,1.6663305144299163,88.25088871482798,0.9659050667532951,False
2784,1.6443714206809694,88.22355289421158,0.945382781965728,False
2785,1.6183728332433631,88.19743792119483,0.9312025286741606,False
2786,1.5879553647528688,88.17256718054963,0.9218335473446441,False
2787,1.552591918897619,88.14896349293707,0.7039855459789579,False
2788,1.5088891227230308,88.12664907651715,0.5417972725282271,False
2789,1.45839475367845,88.10564550883457,0.5484931868107783,False
2790,1.45839475367845,88.08597368908653,0.5555092571653678,False
2791,1.45839475367845,88.06765380087975,0.5662639159201771,False
2792,1.45839475367845,88.05070527558566,0.5809501540933483,False
2793,1.4618413287973957,88.03514675640307,0.5975940275918142,False
2794,1.463562331327583,88.02099606323814,0.6161311785026072,False
2795,1.463562331327583,88.00827015851137,0.6537863680730042,False
2796,1.463562331327583,87.99698511400038,0.6798895967297407,False
2797,1.463562331327583,87.98715607882642,0.707276495564747,False
2798,1.463562331327583,87.3071837814015,0.584956751587378,False
2799,1.4618413287973957,86.85555625670474,0.4800488586479259,False
2800,1.4618413287973957,87.23202428381711,0.49349260022237973,False
2801,1.4618413287973957,87.23148089474685,0.4721389907531535,False
2802,1.4618413287973957,87.232556663069,0.4521090444542077,False
2803,1.4618413287973957,87.23526044647969,0.45024215286743674,False
2804,1.4618413287973957,87.23959992355228,0.43512078484763483,False
2805,1.4618413287973957,87.2455815734065,0.42138180456049407,False
2806,1.45839475367845,87.25321065746597,0.44206710717379033,False
2807,1.453213392585381,87.2624912033779,0.4366722149886102,False
2808,1.446283239306522,87.27342599116122,0.4323693545159518,False
2809,1.446283239306522,87.28601654164262,0.4324106198714515,False
2810,1.446283239306522,87.30026310723224,0.4352557961318768,False
2811,1.4375852629206496,87.31616466508252,0.4408031004870169,False
2812,1.446283239306522,87.33371891266628,0.44749834959852636,False
2813,1.4983291717683307,87.35292226580081,0.45464728878119964,False
2814,1.5436361763470314,87.37376985913681,0.4623613464871973,False
2815,1.5833924792923733,86.7948800411655,0.4361777406915057,False
2816,1.6330711439358183,87.30301665916254,0.4425506413545189,False
2817,1.6759290912270062,87.30301665916254,0.4488157502637934,False
2818,1.7131486872410246,87.30301665916254,0.4549147881573292,False
2819,1.7454981704742045,87.30301665916254,0.4608009543567522,False
2820,1.7735111078752472,87.30301665916254,0.4607284085695223,False
2821,1.796545605683607,87.30301665916254,0.4700374113379078,False
2822,1.8158714056143244,87.30301665916254,0.47737590803898244,False
2823,1.8349321953169442,86.75931287396256,0.45890435739881613,False
2824,1.8349321953169442,87.253072517856,0.470749561590947,False
2825,1.8349321953169442,87.2788108873303,0.48138503358540335,False
2826,1.8349321953169442,86.24284151598997,0.43111218631985193,False
2827,1.8508113293439465,87.23376874075028,0.4325139935890176,False
2828,1.8791247765831316,87.78070909207902,0.42444555488034613,False
2829,1.8791247765831316,87.78070909207902,0.40543058630804985,False
2830,1.8779981249264126,87.78070909207902,0.40091793343052956,False
2831,1.8746130390744187,87.78070909207902,0.3961838270046592,False
2832,1.868953985000157,87.78070909207902,0.3912547784193165,False
2833,1.8609945915189354,87.78070909207902,0.37930190501852623,False
2834,1.8506968927313208,87.78070909207902,0.3807861112664571,False
2835,1.8380101907497957,87.78070909207902,0.38148367024421037,False
2836,1.8038746856822059,87.78070909207902,0.3815938916923691,False
2837,1.764934087138,87.78070909207902,0.37949772353772065,False
2838,1.7204155865622763,87.78070909207902,0.37706494677560837,False
2839,1.7028257877357802,87.78070909207902,0.3751637908267612,False
2840,1.6827821515876717,87.2788108873303,0.37616649030279237,False
2841,1.6601782235278582,87.8579242005019,0.3689921985188503,False
2842,1.6601782235278582,87.8273177636235,0.3650042577295716,False
2843,1.6601782235278582,87.27085611371969,0.36937783378057015,False
2844,1.6601782235278582,87.93158876101074,0.36131884818890864,False
2845,1.6601782235278582,87.92496318586338,0.3554537331474492,False
2846,1.6601782235278582,87.91993370306623,0.35287646778016646,False
2847,1.6601782235278582,87.68801167734975,0.3610931324324456,False
2848,1.6601782235278582,87.99039737191231,0.3513387306119256,False
2849,1.6827821515876717,87.5134145571618,0.36371289703001947,False
2850,1.7028257877357802,88.03532008830022,0.3548796730014194,False
2851,1.7204155865622763,88.03532008830022,0.4069437993254043,False
2852,1.7356389954751246,88.03532008830022,0.5083841279784181,False
2853,1.748567564980549,87.43614001892148,0.5431800202699447,False
2854,1.748567564980549,88.15515610217597,0.5636273312327886,False
2855,1.748567564980549,88.15516916703282,0.5795342534646719,False
2856,1.748567564980549,88.1566618776938,0.5972135325258493,False
2857,1.7592592622673264,88.15961215737461,0.6044570499391866,False
2858,1.7677601992718963,88.16399727907984,0.6101990427346664,False
2859,1.7741059170584728,88.16979390956628,0.6137380763805164,False
2860,1.7783223227380405,87.66006984866124,0.6187237371360529,False
2861,1.78042634398935,88.13228384892305,0.6199897593964273,False
2862,1.78042634398935,88.15845434108998,0.6193694857106653,False
2863,1.7783223227380405,88.18583267799892,0.617149627797203,False
2864,1.7741059170584728,88.21439325504366,0.6138661930322975,False
2865,1.7677601992718963,88.2441100653438,0.6094065539649789,False
2866,1.7592592622673264,88.27495673966227,0.6195404353560193,False
2867,1.7485675649805492,88.30690658590177,0.6141559902109179,False
2868,1.7356389954751243,87.70448237170024,0.6119420624596635,False
2869,1.7204155865622761,87.52140790173036,0.6046448855496709,False
2870,1.7028257877357802,87.64542609106479,0.6011491543480932,False
2871,1.6827821515876717,86.95754301485701,0.5587797370118758,False
2872,1.6601782235278582,86.49564658446795,0.4592549564446891,False
2873,1.6827821515876717,86.99342985057271,0.41485367412603713,False
2874,1.6299970132107466,87.03650141724995,0.37127702991676687,False
2875,1.5899582415581435,87.08062381308626,0.3307390061274626,False
2876,1.5160446241207244,87.0341748239739,0.28200936344108873,False
2877,1.490055004663041,87.22313955474577,0.2533951667265775,False
2878,1.4612365193726677,87.25791752107541,0.25011604698458056,False
2879,1.4512294031525284,87.29417127229217,0.23255600791528067,False
2880,1.4370111072034888,87.33188967403693,0.21749814716027857,False
2881,1.418349586618915,87.37106058015615,0.22896693491271863,False
2882,1.3949057788381025,87.41167084568042,0.2210649920312674,False
2883,1.3661871198286537,87.453706341519,0.21615901843759916,False
2884,1.331460912158452,87.49715197083619,0.2130143421285956,False
2885,1.289575805883531,87.54199168706941,0.21193702839922804,False
2886,1.2385275726129883,87.00677560781187,0.16127162217080415,False
2887,1.1740287303295331,87.49074759437454,0.16008257284160868,False
2888,1.0757143856082798,87.49074759437454,0.15929067791455043,False
2889,0.976414308115487,87.49074759437454,0.18727487654712396,False
2890,0.9842399889605549,87.49074759437454,0.18777734686111833,False
2891,0.9842399889605549,87.49074759437454,0.18825455414143424,False
2892,0.9842399889605549,87.49074759437454,0.18875158779711151,False
2893,1.0844863484244938,87.49074759437454,0.18916478854237898,False
2894,1.0757143856082798,87.49074759437454,0.18937541455356233,False
2895,1.1412418450836315,87.45127264388901,0.21275356520705274,False
2896,1.193365482413587,87.42425116869626,0.21264689366814912,False
2897,1.1808467161073357,87.40413664884964,0.2424232577233377,False
2898,1.222731822382257,86.86472893151647,0.3194667609987276,False
2899,1.2574580300524587,87.47351071344478,0.4729429947721283,False
2900,1.2574580300524587,87.4594849431316,0.5746945218523046,False
2901,1.2407449439357603,86.83547271555008,0.6429522643637875,False
2902,1.2407449439357603,87.35645584377733,0.7031786993672351,False
2903,1.2574580300524587,87.36305141730914,0.7511347707442777,False
2904,1.272286478151291,87.3710300305493,0.7623188652659736,False
2905,1.2852748466470731,87.38036563699926,0.8028186631849769,False
2906,1.296460736137167,87.39103185003704,0.8378073877168967,False
2907,1.305875511291131,87.40300198244124,0.8452452185074337,False
2908,1.3135448704851065,87.37120657620629,0.8775529053008467,False
2909,1.3194892909924263,86.93633210249524,0.8769046806528724,False
2910,1.3237243701143493,87.43426205661855,0.8787446425578097,False
2911,1.3262610770456722,87.43426205661855,0.8811029946495261,False
2912,1.3271059259290725,87.43426205661855,0.8967079169442672,False
2913,1.3262610770456722,87.43426205661855,0.8967994471432557,False
2914,1.3237243701143493,87.43426205661855,0.9059082606566393,False
2915,1.3194892909924263,86.93633210249524,0.9086151414766941,False
2916,1.3135448704851065,87.35431563538089,0.91535417578889,False
2917,1.3058755112911309,87.88445199660153,0.9135916760584536,False
2918,1.3058755112911309,88.41835280706754,0.8882364567420165,False
2919,1.2964607361371667,88.9748882008944,0.8167240146978492,False
2920,1.2852748466470731,88.92414190943178,0.7541680377382038,False
2921,1.2722864781512913,88.87405687753918,0.689500181742921,False
2922,1.2574580300524587,88.82466281310212,0.6354506437177122,False
2923,1.2407449439357603,88.77598966286855,0.6302233170177016,False
2924,1.2220947914756688,88.22000354463283,0.6636114398700161,False
2925,1.2014461200230289,88.78787878787878,0.6500514371403713,False
2926,1.1787269834988532,88.77801015835077,0.650877462294739,False
2927,1.1538530565800795,88.25261386852542,0.6485803738884217,False
2928,1.1267251857192595,88.83451150987855,0.648052491563727,False
2929,1.0972261621017096,88.26174129655507,0.6821220717278615,False
2930,1.0652163930664527,88.13415152803937,0.7188865036136258,False
2931,1.0305279703180825,88.18883285740324,0.7537873975042153,False
2932,0.9929563290994997,88.68635314132945,0.7724126677123438,False
2933,0.9522481488898977,88.06659375379755,0.8081153638295073,False
2934,0.9522481488898977,88.58305991007413,0.8070183661015922,False
2935,0.9522481488898977,88.58305991007413,0.8402347804344917,False
2936,0.9929563290994997,88.58305991007413,0.8741454252640897,False
2937,0.9929563290994997,88.58305991007413,0.9073120586672734,False
2938,0.9929563290994997,88.58305991007413,0.9133790410427106,False
2939,0.9929563290994997,88.06051768137077,0.9439195285036611,False
2940,1.0305279703180825,88.68027706890265,0.9656731682143217,False
2941,1.0652163930664527,88.18275715414059,0.9880893441845733,False
2942,1.0972261621017096,88.74984813509901,1.0024525265767392,False
2943,1.0972261621017096,89.47879965982263,0.9877531830783406,False
2944,1.0972261621017096,89.51978254303836,0.9714987076331476,False
2945,1.0972261621017096,89.44744744744744,0.9605233641531863,False
2946,1.1267251857192595,89.65784916701499,0.9406756896335907,False
2947,1.1538530565800795,89.0905833880695,0.9359149986204746,False
2948,1.1787269834988532,89.74144622917538,0.9167060583271507,False
2949,1.2014461200230289,89.77618621307073,0.8945153795029214,False
2950,1.2220947914756688,89.81210855949895,0.8681793002473923,False
2951,1.2407449439357603,89.8491983072063,0.8385919303308054,False
2952,1.2574580300524587,89.8874396998392,0.8086410319648565,False
2953,1.2722864781512913,89.92681620753258,0.7744238414653184,False
2954,1.236377240345227,89.44427934621099,0.7661731096347115,False
2955,1.236377240345227,90.11576135351737,0.7236986098912016,False
2956,1.193365482413587,90.17146897648931,0.6753816809553681,False
2957,1.1412418450836315,90.20995379846775,0.62317649692855,False
2958,1.1412418450836315,89.72451470417296,0.6076718220843852,False
2959,1.0757143856082798,90.2010926421016,0.5583013771417156,False
2960,0.976414308115487,90.2010926421016,0.5105680933369202,False
2961,0.9842399889605549,90.2010926421016,0.46515127061491873,False
2962,0.9842399889605549,90.2010926421016,0.4222118066988972,False
2963,0.9904799742690308,90.2010926421016,0.38035467245593235,False
2964,0.995148095654003,90.2010926421016,0.3420165667881535,False
2965,0.9982545693874831,90.2010926421016,0.3062354779529933,False
2966,0.999806132804711,90.2010926421016,0.2729858546969166,False
2967,0.999806132804711,89.72451470417296,0.2750980902994375,False
2968,0.9982545693874831,90.2708357549692,0.2415163437501574,False
2969,0.995148095654003,90.22985161478033,0.21706911762055014,False
2970,0.9904799742690308,90.18991028777816,0.21610360411940996,False
2971,0.9842399889605549,90.15102921453146,0.2766876774794587,False
2972,0.976414308115487,89.51791759075522,0.2715120852352473,False
2973,0.9669852958320848,90.14660358623912,0.2857556937598341,False
2974,0.9559312637896478,90.14660358623912,0.30074501858032976,False
2975,0.9432261548473415,89.62093335669645,0.2964918359744788,False
2976,0.9288391461883214,90.20501138952164,0.3105446628397391,False
2977,0.9127341558073343,90.16949152542372,0.32619475087667005,False
2978,0.8948692308065574,90.13507981989358,0.3420181407273783,False
2979,0.8948692308065574,90.1017901017901,0.3583570595258929,False
2980,0.8948692308065574,90.06963543800106,0.37479059381954505,False
2981,0.8948692308065574,90.03862811658668,0.3910196556885496,False
2982,0.8948692308065574,90.00877963125549,0.3985778273886821,False
2983,0.8948692308065574,89.98010066721292,0.4080257580616802,False
2984,0.8948692308065574,89.95260108841946,0.4163815458713402,False
2985,0.8948692308065574,89.92628992628993,0.4233764954765856,False
2986,0.8948692308065574,89.9011753698614,0.4286800267020766,False
2987,0.8948692308065574,89.87726475745178,0.4298240524693152,False
2988,0.875195788740725,89.85456456982652,0.4369633546291414,False
2989,0.9665364727522964,89.83308042488619,0.4441758032845006,False
2990,1.0236982481827188,89.64566467206383,0.49756118457052756,False
2991,0.9992889743797903,89.19221698113208,0.5139309101067002,False
2992,0.9992889743797903,89.70727660583077,0.5525747639987555,False
2993,0.9992889743797903,90.4392918877034,0.5782568462567702,False
2994,0.9992889743797903,90.45522166022018,0.5980746174417223,False
2995,0.9992889743797903,89.7413182140326,0.6194728124899084,False
2996,1.0236982481827188,90.45776918117343,0.6302418734221408,False
2997,1.046078320219219,90.4725831827982,0.6374101135576403,False
2998,1.066503202885787,90.48832763714302,0.6419928346235684,False
2999,1.0850365744330075,90.50498071054298,0.6347536291867196,False
3000,1.1017332648846088,90.5225204601385,0.6335207451937189,False
3001,1.1166404295430468,90.540924862067,0.6504773381487645,False
3002,1.129798482836793,90.40441385586713,0.6500753321093585,False
3003,1.1412418450836315,90.48404527615038,0.6490942364660811,False
3004,1.1412418450836315,90.48404527615038,0.6486298540053497,False
3005,1.1412418450836315,90.48404527615038,0.648618479164802,False
3006,1.129798482836793,90.48404527615038,0.6502070414847038,False
3007,1.129798482836793,90.38166202150049,0.6543291658007352,False
3008,1.129798482836793,90.557988737842,0.6542652062706086,False
3009,1.129798482836793,90.58950477055883,0.6535692029439523,False
3010,1.129798482836793,91.26335637963545,0.6479062511585293,False
3011,1.129798482836793,91.23894821449076,0.6144495495678635,False
3012,1.129798482836793,91.2153198361885,0.5835489036540462,False
3013,1.129798482836793,91.1924904392166,0.5554017024114144,False
3014,1.129798482836793,91.17047901751936,0.5299446182710877,False
3015,1.2385275726129883,91.1493043376593,0.5071825024392401,False
3016,1.3138127276760936,91.1289849116421,0.4870945387798477,False
3017,1.3760468504367298,91.10953896946116,0.5123511627295823,False
3018,1.429548787581747,91.0909844314213,0.5971134915350637,False
3019,1.476358057489815,90.32734578113921,0.6276980403139654,False
3020,1.5176659238523846,90.10558785146517,0.6465888803862673,False
3021,1.5176659238523846,89.75229248541146,0.641705872549947,False
3022,1.5176659238523846,90.26416447525699,0.6756115138479268,False
3023,1.5176659238523846,90.25064615014726,0.6888864617944289,False
3024,1.5176659238523846,90.23815280464217,0.6986868646468104,False
3025,1.5176659238523846,90.22670637573695,0.7054780501865414,False
3026,1.5176659238523846,90.21632852603275,0.7090022785837118,False
3027,1.5176659238523846,90.20704060944891,0.7102825169092675,False
3028,1.5176659238523846,90.19886363636364,0.7096719453413589,False
3029,1.52486163490889,90.19181823825191,0.737449950746526,False
3030,1.530240224770521,89.57219251336899,0.7069055726845069,False
3031,1.533817377459477,90.11646011085507,0.7045529390616263,False
3032,1.5356033992938867,90.12722963702133,0.7712974250845905,False
3033,1.535603399293887,90.13926184974709,0.7687774332586016,False
3034,1.533817377459477,90.15255720895335,0.7695923862890569,False
3035,1.530240224770521,90.16711522814045,0.7974102685809409,False
3036,1.5833924792923733,90.18293446936474,0.8764297532835763,False
3037,1.627479641283426,89.52512216514221,0.9274303480509888,False
3038,1.664515530746209,88.96482538090163,0.9024249063757086,False
3039,1.695662570921891,89.50934872631447,0.9650349512934879,False
3040,1.7216663363684948,89.53481072258145,1.0224897971482805,False
3041,1.7532564264584933,89.56161286270569,1.074745407726163,False
3042,1.781037578035845,89.25056775170326,1.1110499059160044,False
3043,1.80530928214818,89.48302078053726,1.153944145119278,False
3044,1.8263020865934854,89.48975696653518,1.1940239356667608,False
3045,1.8441955705839241,89.4978919126102,1.2315282977955322,False
3046,1.8591301394497624,89.50743971267316,1.2666476563199849,False
3047,1.8712150051271148,89.51841359773371,1.2995342548733155,False
3048,1.8805336888376927,89.53082590151222,1.3291955825880517,False
3049,1.8847194538146481,88.87811813364353,1.338958601096341,False
3050,1.8769786560147408,89.44035155745121,1.3609018005972187,False
3051,1.8712150051271148,89.44035155745121,1.3800449042884273,False
3052,1.8712150051271148,88.31739467562677,1.3435058732191412,False
3053,1.8712150051271148,89.44444444444444,1.3637654849518768,False
3054,1.8712150051271148,90.08397932816537,1.394307884706641,False
3055,1.8712150051271148,90.6754487924577,1.4432643311800173,False
3056,1.8712150051271148,91.35348056308924,1.475202438593155,False
3057,1.8712150051271148,91.39666967858525,1.4841224319960242,False
3058,1.8712150051271148,90.91847265221878,1.5268037052766543,False
3059,1.8712150051271148,91.56999226604795,1.568554472217375,False
3060,1.8712150051271148,91.56999226604795,1.5978039501383234,False
3061,1.8712150051271148,91.56999226604795,1.6743485710954833,False
3062,1.8712150051271148,91.56999226604795,1.7898498123687705,False
3063,1.8712150051271148,91.56999226604795,1.8817336583682054,False
3064,1.8712150051271148,91.56999226604795,1.9328476070896745,False
3065,1.8712150051271148,91.56999226604795,1.9892854707605878,False
3066,1.8712150051271148,91.56999226604795,2.036564062647706,False
3067,1.86658456824475,91.56999226604795,2.076069019362953,False
3068,1.859610907535068,91.56999226604795,2.1102537401353696,False
3069,1.8502594907185992,91.56999226604795,2.1394594492974184,False
3070,1.8384826569246966,91.56999226604795,2.1648826664084644,False
3071,1.824218069032501,91.56999226604795,2.1861780560540156,False
3072,1.8073865495861565,90.93838618200567,2.2287339526905856,False
3073,1.7878890952598228,91.69244650683166,2.2237384383588346,False
3074,1.7656027541792922,92.0415891149477,2.171393301757593,False
3075,1.740374870612064,92.70966914593485,1.7276539954005463,False
3076,1.6990670042494944,92.48595505617978,1.9939132401202646,False
3077,1.6522577343414264,92.82445659082242,1.7847823233104165,False
3078,1.6262027448610965,93.48695486573986,1.7371942737492674,False
3079,1.5899582415581437,93.25161127258941,1.7608858660351,False
3080,1.53936535094863,93.59788692535061,1.7703748857969372,False
3081,1.4541644890966259,94.32111187975599,1.6700289330524538,False
3082,1.4541644890966259,94.95101733232856,0.5855225482058719,False
3083,1.4541644890966259,94.95101733232856,0.531600318490363,False
3084,1.4541644890966259,94.59868753154973,0.5731697142705074,False
3085,1.4541644890966259,94.83326993787244,0.5033091824771281,False
3086,1.4541644890966259,94.81594701311934,0.48450971483642374,False
3087,1.4541644890966259,94.79912998976458,0.4647265148867965,False
3088,1.4541644890966259,94.7828321768183,0.4456285680677027,False
3089,1.4541644890966259,94.76706671828623,0.42743666696420957,False
3090,1.473256553252489,94.75184657250227,0.4075435305145094,False
3091,1.4900315255825651,94.73718449128285,0.38129179562670157,False
3092,1.5045643034921028,94.72309299895507,0.3550213036367152,False
3093,1.5169165540634162,94.70958437131245,0.3375710820393164,False
3094,1.527138493598173,94.0292631717079,0.8091460949657342,False
3095,1.5352702332191592,94.55022980958634,0.7606581608671157,False
3096,1.541342789057496,94.52072794165954,0.719742760735987,False
3097,1.5303333274395563,93.89378204285526,0.7360661043918971,False
3098,1.5164273757656148,94.54270497731606,0.6774608261115688,False
3099,1.4995196245467155,95.20678545598001,0.3728406983954628,False
3100,1.4794731020725562,95.18611074575826,0.34905834089357063,False
3101,1.4561112661478437,95.16606379480434,0.3278089278370817,False
3102,1.429206268217279,95.14665263711693,0.3332141214379509,False
3103,1.3984610270106808,95.12788480504965,0.3173115022109022,False
3104,1.3634806730596907,95.10976731957408,0.3054623473943647,False
3105,1.3237243701143493,95.09230668155837,0.4094166936945384,False
3106,1.278417365535648,95.07550886408404,0.3898482025450297,False
3107,1.2263714330738393,95.05937930581983,0.3764241558957548,False
3108,1.1655498193580116,95.04392290546741,0.36816094669799154,False
3109,1.0916362019205925,95.02914401728994,0.3628687163669465,False
3110,1.0916362019205925,95.01504644772994,0.3598600216534446,False
3111,1.1590956761386297,95.0016334531199,0.3582289904219195,False
3112,1.2206340886225493,94.98890773848362,0.35709790476405745,False
3113,1.2734192269994746,94.97687145742394,0.35600401155489525,False
3114,1.3135448704851065,94.45817614153766,0.3455157084308306,False
3115,1.305875511291131,95.04577624829557,0.34237908415836454,False
3116,1.296460736137167,95.04577624829557,0.3394595556523219,False
3117,1.2852748466470731,95.04577624829557,0.33685315260497917,False
3118,1.272286478151291,95.04577624829557,0.3346513331477923,False
3119,1.2574580300524587,95.04577624829557,0.3329397383056576,False
3120,1.2407449439357603,95.04577624829557,0.331796782430368,False
3121,1.2220947914756686,95.04577624829557,0.3312921712544775,False
3122,1.2481068205144499,94.37698850723979,0.31197131181162174,False
3123,1.2686794699537274,95.14317252126486,0.3092038499074931,False
3124,1.2842839696213428,94.75465313028765,0.31055630743748225,False
3125,1.2952336017523502,93.63529871144084,0.12289145433003949,False
3126,1.301728854068539,94.75465313028765,0.12868501881635086,False
3127,1.3038818925522595,94.76463684965445,0.13625304254273182,False
3128,1.301728854068539,94.77533960292581,0.14443004144606408,False
3129,1.2952336017523502,94.78676085818942,0.15432408318251675,False
3130,1.2842839696213428,94.79889951526268,0.16668159816739261,False
3131,1.2686794699537274,94.811753902663,0.18090247726992173,False
3132,1.2481068205144499,94.82532177567639,0.19649414061463388,False
3133,1.2220947914756686,94.83960031554037,0.21117719710133953,False
3134,1.1899285414712581,94.85458612975391,0.22699753202474118,False
3135,1.1504718163625702,94.87027525352298,0.24265176442861602,False
3136,1.1017332648846088,94.8866631523458,0.25532311034134236,False
3137,1.0394364783172854,94.90374472573839,0.2678746103569723,False
3138,0.9432261548473415,94.92151431209604,0.28023435728835705,False
3139,0.9432261548473415,94.93996569468267,0.28019755244312367,False
3140,0.9559312637896478,94.95909210873582,0.29991685433927306,False
3141,0.9669852958320848,94.9788862496701,0.3161023405451871,False
3142,0.976414308115487,94.99934028235916,0.32933931211556633,False
3143,0.9842399889605549,95.02044585147078,0.3400352871681126,False
3144,0.9904799742690308,95.042194092827,0.34848666260447136,False
3145,0.995148095654003,95.06457564575646,0.35540983847054197,False
3146,0.9982545693874831,95.08758066640327,0.3604203697533113,False
3147,0.999806132804711,95.11119884195288,0.36779568279186314,False
3148,0.999806132804711,95.13541940573232,0.36301474529717254,False
3149,0.9982545693874831,95.16023115313895,0.4025464881828796,False
3150,1.1011317995692318,95.18562245834973,0.41128514980517156,False
3151,1.170377295621679,95.21158129175947,0.4046408467512842,False
3152,1.2263714330738393,95.23809523809524,0.49652823370944316,False
3153,1.2734192269994744,95.26515151515152,0.5676669868687896,False
3154,1.3135448704851065,95.29273699308906,0.6247631524506503,False
3155,1.347922583568817,95.32083821423923,0.6720364172656298,False
3156,1.3773114348674147,95.34944141335411,0.6785188067694792,False
3157,1.3773114348674147,95.37853253824215,0.7077866539004428,False
3158,1.402234618245608,95.40809727072823,0.7121621195182707,False
3159,1.4230670603378361,94.96709252806814,0.732856079458796,False
3160,1.4400831784759722,95.5522657054583,0.7423517146170318,False
3161,1.4534849141043307,95.5522657054583,0.750008250074501,False
3162,1.438841894200673,95.5522657054583,0.7560925010169867,False
3163,1.4220900521936763,95.5522657054583,0.7503341338488869,False
3164,1.4031633649036752,95.5522657054583,0.7512266973282592,False
3165,1.3819829643540342,95.5522657054583,0.7499753426666846,False
3166,1.3584547364298434,95.5522657054583,0.7526157437324092,False
3167,1.3324661355215683,94.81848609680742,0.7528157871083313,False
3168,1.3038818925522597,95.19684530351024,0.7576993315258759,False
3169,1.3038818925522597,96.06268618054656,0.7389346447590708,False
3170,1.3038818925522597,95.75832146095065,0.7341459267093172,False
3171,1.3324661355215683,95.32499355171524,0.7369025601869017,False
3172,1.3604279187829045,96.64287092417518,0.6763555774244231,False
3173,1.3857772327036844,96.64287092417518,0.615164799588648,False
3174,1.408648411160687,96.64287092417518,0.5552390912064351,False
3175,1.4291529843613586,96.64287092417518,0.4946330064266347,False
3176,1.4220900521936763,96.0729945834408,0.48373592921079844,False
3177,1.4113949465359856,96.52854095287348,0.43660516932660465,False
3178,1.3969387860636409,96.11789145676448,0.42443763371530546,False
3179,1.3785347251376459,96.41483606023075,0.3897609198891623,False
3180,1.3559212235520337,96.40052356020942,0.35773223841918966,False
3181,1.3287344279695676,96.38657118454766,0.3279583103336581,False
3182,1.296460736137167,96.37298865734634,0.29975552348899787,False
3183,1.305875511291131,95.7705524715834,0.3018540495346254,False
3184,1.3135448704851067,96.23890875380744,0.29185138413333145,False
3185,1.3194892909924263,95.5287249568794,0.2838855934139354,False
3186,1.3237243701143493,96.29851143009037,0.2665618155552603,False
3187,1.3262610770456722,96.29851143009037,0.25058700217162716,False
3188,1.3271059259290725,96.29851143009037,0.25363272232605877,False
3189,1.3262610770456722,96.29851143009037,0.2447049977648612,False
3190,1.3237243701143493,96.29851143009037,0.23807917893526576,False
3191,1.3194892909924263,96.29851143009037,0.2324143052777898,False
3192,1.3135448704851067,96.29851143009037,0.22768699250536062,False
3193,1.305875511291131,96.29851143009037,0.2575138357493888,False
3194,1.296460736137167,95.77352472089314,0.24832151690161025,False
3195,1.2852748466470731,96.41148325358851,0.2720278755513223,False
3196,1.2722864781512913,96.42055210672302,0.26620127258006404,False
3197,1.2574580300524587,96.42997768736055,0.26145125397515656,False
3198,1.2407449439357603,96.43974960876369,0.2582745482494977,False
3199,1.2220947914756688,96.44985747603006,0.255782426199882,False
3200,1.1706718933538656,96.46672673445745,0.29183344116601884,False
3201,1.1494318918359776,96.47743255338192,0.28896197793918993,False
3202,1.1261358508278747,96.47743255338192,0.2873474682781102,False
3203,1.1006987578744163,96.47743255338192,0.2857038732294367,False
3204,1.1006987578744163,96.06021780909673,0.28092541843551555,False
3205,1.1006987578744163,96.37997432605906,0.2808817593919852,False
3206,1.1006987578744163,96.37988683127573,0.28091205174029726,False
3207,1.1006987578744163,96.38026536132938,0.2808496726167892,False
3208,1.1006987578744163,95.8650496710102,0.2648014424070992,False
3209,1.1006987578744163,96.47286821705427,0.2668633562879755,False
3210,1.1006987578744163,96.4625850340136,0.26557586182756576,False
3211,1.1261358508278747,96.45270270270271,0.3345407519310973,False
3212,1.1494318918359776,96.44322845417237,0.342342144693352,False
3213,1.1706718933538656,95.70060582372484,0.38291112420118817,False
3214,1.2220947914756688,96.35854341736695,0.4340941169595448,False
3215,1.2681489963097885,95.70060582372484,0.4556880833041428,False
3216,1.30962049684272,96.4562569213732,0.4886022242762746,False
3217,1.3470624465271648,96.46569646569647,0.48781929117467426,False
3218,1.3470624465271648,96.45399333899302,0.5075217677180265,False
3219,1.3808832571151748,96.43607245996324,0.5232851244804049,False
3220,1.4113949465359856,95.65473463778548,0.516515428796071,False
3221,1.438841894200673,96.35960334029228,0.5200370648881774,False
3222,1.4634190046135478,96.3712037458542,0.5282019066231627,False
3223,1.4699878894344567,96.38319937775474,0.5354975012990093,False
3224,1.473256553252489,96.39558168076998,0.5411268422202639,False
3225,1.473256553252489,96.40834191555098,0.5461103039867419,False
3226,1.469987889434457,96.42147117296223,0.5497118596859849,False
3227,1.4634190046135478,96.40579710144928,0.5529713950054154,False
3228,1.4534849141043307,96.38398344006727,0.5559374469744903,False
3229,1.4400831784759722,96.07664826242286,0.5560099840051701,False
3230,1.4400831784759722,96.44557490380225,0.5575077894210514,False
3231,1.4400831784759722,97.23226612320032,0.5193380856862658,False
3232,1.4400831784759722,96.6931216931217,0.5256408662847787,False
3233,1.4514270347987224,97.30556849178365,0.47924418475832653,False
3234,1.4608248015713592,97.28424864212433,0.43312260653155615,False
3235,1.4683074126843,97.26295870784618,0.38865701036478434,False
3236,1.4738989153366922,97.24170809780017,0.34473522808710805,False
3237,1.4776169519137876,96.57478165938865,0.3808903114447612,False
3238,1.4794731020725562,97.11571321167385,0.363288342766902,False
3239,1.4794731020725562,97.09748083242059,0.33964161523833264,False
3240,1.4776169519137876,97.07959141701515,0.3180590899461394,False
3241,1.4738989153366922,96.27750736957564,0.3670588482230474,False
3242,1.4683074126842999,96.969904709673,0.35666176307303776,False
3243,1.4608248015713592,96.969904709673,0.3466090374263409,False
3244,1.4766549183659508,96.969904709673,0.33794798448268654,False
3245,1.4766549183659508,96.969904709673,0.32964886470262955,False
3246,1.4766549183659508,96.969904709673,0.32294121582384533,False
3247,1.4766549183659508,96.969904709673,0.316783348734247,False
3248,1.4766549183659508,96.969904709673,0.3117520409737146,False
3249,1.4766549183659508,96.969904709673,0.36340447045594015,False
3250,1.4766549183659508,96.969904709673,0.36063254169057635,False
3251,1.4766549183659508,96.969904709673,0.358637889007353,False
3252,1.4766549183659508,96.29324546952225,0.34019149573799434,False
3253,1.4766549183659508,96.83870524362587,0.34017802541985653,False
3254,1.4766549183659508,96.82168409466153,0.3401771810816485,False
3255,1.4766549183659508,96.80506782345246,0.340186680412805,False
3256,1.4766549183659508,96.78886438809262,0.34021772358099445,False
3257,1.4766549183659508,96.12493966765497,0.2988764484299123,False
3258,1.4766549183659508,96.45821804095185,0.28714007479741377,False
3259,1.4766549183659508,96.76099320294077,0.28838761846732913,False
3260,1.4766549183659508,96.75983868724795,0.2900286730995111,False
3261,1.4766549183659508,96.01862145636464,0.2209680294386025,False
3262,1.4766549183659508,96.68147736739795,0.22421688386482946,False
3263,1.4766549183659508,96.69857123040643,0.22825528114930185,False
3264,1.4766549183659508,96.71608701676597,0.23444162051157702,False
3265,1.4608248015713592,96.73401605314143,0.24234036854424718,False
3266,1.441499001640642,96.75234936428966,0.2515331743741827,False
3267,1.4184645038322823,96.7710776873189,0.26164131573820903,False
3268,1.3914372992027793,96.69650912624054,0.2705525039855871,False
3269,1.360034097940745,95.8916447277262,0.18789203119730272,False
3270,1.3237243701143493,96.6115759629348,0.21027169057868597,False
3271,1.2817425764699486,96.63216011042098,0.23182586529382687,False
3272,1.2329087607099036,96.65312306314992,0.25004572440206624,False
3273,1.175193620727556,96.67445375841693,0.2675445031238677,False
3274,1.1042875713905729,96.69614092809651,0.2738664813423302,False
3275,1.1034990673875957,96.7181731163681,0.31711984023338885,False
3276,1.1011317995692318,96.74053869757927,0.31755848785668156,False
3277,1.0971804769523517,96.76322589419284,0.3258585955719874,False
3278,1.0916362019205925,96.78622279476575,0.4203522108937243,False
3279,1.0844863484244938,96.80951737190753,0.4263462902371778,False
3280,1.0757143856082798,96.83309750016845,0.430928082032677,False
3281,1.065299640553338,96.85695097380793,0.4485440908572458,False
3282,1.0532169913190046,96.88106552439596,0.44707285023825466,False
3283,1.0394364783172854,96.90542883820194,0.4448950957405325,False
3284,1.0239228180015463,96.93002857332714,0.44162276117950905,False
3285,1.006634797484697,96.95485237653912,0.4373398475704032,False
3286,0.9875245214535493,96.97988789976921,0.4321322522907859,False
3287,0.9665364727522963,97.00512281623539,0.4260893393452956,False
3288,1.0236982481827188,97.03054483615671,0.42015221855213225,False
3289,1.0670056836533541,96.71095480005211,0.42033742737583085,False
3290,1.1006987578744163,97.1662019324298,0.4093603067670489,False
3291,1.0730208202534555,97.18618909325589,0.3981478033719812,False
3292,1.0429842335712594,97.20634512876501,0.38821743164247413,False
3293,1.0104488493066097,97.22665985046967,0.37856131592894027,False
3294,0.9752462395674342,96.55569045945428,0.3761039895379919,False
3295,0.9371713531760616,96.09638247822494,0.3415629672851774,False
3296,0.9371713531760616,96.88647006708011,0.34211129409492413,False
3297,0.9371713531760616,96.45614479179851,0.33490189035048806,False
3298,0.9522481488898977,95.59110663223531,0.20242023929873826,False
3299,0.959598657344105,96.39588817851323,0.19260784420914348,False
3300,0.9595986573441049,96.4323582610865,0.22184442357058573,False
3301,0.9522481488898977,96.16482561747549,0.18865443899423573,False
3302,0.9371713531760616,96.57343952583811,0.22117599155979042,False
3303,0.9371713531760616,96.60423702793982,0.25379256032691244,False
3304,0.9371713531760616,96.6351145038168,0.2863803174727365,False
3305,0.9522481488898977,96.66605939151029,0.2895296183644643,False
3306,1.0032709271829536,96.69705935631906,0.3093225697797727,False
3307,1.0498302157100041,96.72810229933361,0.32761087995274707,False
3308,1.0924850533852573,96.7591763652641,0.3435139893026748,False
3309,1.1316501862018717,96.79026994956986,0.34965870101001423,False
3310,1.1676444621356101,96.82137170490063,0.3637283779312146,False
3311,1.200719639829801,96.85247054686127,0.3737866306425935,False
3312,1.2310786130055862,96.88355565911341,0.38002873345260796,False
3313,1.258887499344383,96.91461649782923,0.39807852398346816,False
3314,1.2842839696213428,96.55292076344708,0.3983452892299056,False
3315,1.30738316633364,96.845207141619,0.39919327614704,False
3316,1.3282820174272938,96.84289507099157,0.4190519364224074,False
3317,1.3470624465271648,96.84095232605061,0.42325855697122117,False
3318,1.3637938028246002,96.67242371905584,0.45282703832669907,False
3319,1.3785347251376459,96.90715722908882,0.4759365178105301,False
3320,1.391334586143604,97.29232538085657,0.4802595075579457,False
3321,1.402234618245608,96.41939352407059,0.47702948954267604,False
3322,1.4112687927757768,97.22048896704294,0.4771400827050795,False
3323,1.418464503832282,97.25054932672263,0.4816837643849133,False
3324,1.4479062086941699,97.28051032398858,0.4826607846660108,False
3325,1.4738989153366922,96.90537370126243,0.4976397730795056,False
3326,1.4966777416164074,97.2177306941734,0.500814652829848,False
3327,1.5164273757656148,97.22314969393433,0.5026824191002158,False
3328,1.5332939593741386,97.22885544510468,0.49873353556990435,False
3329,1.5473931750149272,97.11847500831209,0.5084058366777858,False
3330,1.5588158799768146,97.30192956266932,0.5100358958182347,False
3331,1.567632081836135,97.27792900394422,0.5027789421924296,False
3332,1.5738937446297545,97.25400457665904,0.5093074234249911,False
3333,1.5738937446297545,96.37216051794385,0.5038823052216131,False
3334,1.5738937446297545,97.11447228888765,0.510319808066332,False
3335,1.5738937446297545,97.11447228888765,0.5153309028514357,False
3336,1.5738937446297545,96.37216051794385,0.5032467497030038,False
3337,1.5738937446297545,97.24284199363733,0.5023521798295786,False
3338,1.6689774164429796,97.68346202988722,0.4784012751983072,False
3339,1.7300911728744404,97.68346202988722,0.4546491595950064,False
3340,1.7300911728744404,97.68346202988722,0.4310988103453444,False
3341,1.7300911728744404,96.91683795344703,0.4305820215162127,False
3342,1.7300911728744404,97.59986572675395,0.41316278788763977,False
3343,1.7300911728744404,97.72294953563836,0.43050598331725687,False
3344,1.7300911728744404,97.72294953563836,0.4083646272404869,False
3345,1.7300911728744404,97.72294953563836,0.3881168488465061,False
3346,1.7300911728744404,97.72294953563836,0.39038279686333577,False
3347,1.7775843733220311,97.72294953563836,0.37725070396646354,False
3348,1.8157264917952987,97.59986572675395,0.37357745216588684,False
3349,1.846500718464462,97.79568087725187,0.3598897773319872,False
3350,1.8710336124969553,97.78500532720238,0.34880523075524167,False
3351,1.8900283760255623,97.43733842868383,0.372399323997116,False
3352,1.9086898966101362,97.84310412794954,0.36691855868640566,False
3353,1.9229081925591758,97.81684150836405,0.40816678220365316,False
3354,1.9329153087793152,97.79046531544391,0.5580470222830913,False
3355,1.9388626156126858,97.76398229579813,0.5922914225101517,False
3356,1.940835797965747,97.73739945605,0.6229964324355524,False
3357,1.940835797965747,97.71072406361041,0.650340838733083,False
3358,1.940835797965747,97.68396364702433,0.7145770459119991,False
3359,1.927722315096498,97.657125995869,0.7432474405797709,False
3360,1.9118020134591203,97.63021916018293,0.7699186078327117,False
3361,1.9098288311060592,97.60325144940529,0.794614018919147,False
3362,1.9038815242726885,97.57623143080532,0.8814629026850116,False
3363,1.893874408052549,96.68611294881819,0.9358393407549389,False
3364,1.9047049598753052,97.43790220725326,0.9477126852171281,False
3365,1.9130706439202347,97.43790220725326,0.9565806812845351,False
3366,1.91901568743802,96.97903449942602,0.9545385632678637,False
3367,1.922570720260972,97.31747284092978,0.9575342953908794,False
3368,1.923753750396834,97.29960377933557,0.9586358112057465,False
3369,1.922570720260972,97.28191000918274,0.9584180879485963,False
3370,1.9190156874380198,97.26440031966558,0.9572192162417253,False
3371,1.9130706439202347,96.94495980210266,0.9482704539733199,False
3372,1.9130706439202347,97.13219284603421,0.9438860097996957,False
3373,1.9130706439202347,96.6085816001499,0.9218890382506278,False
3374,1.9130706439202347,95.74042845543688,0.8352159723008507,False
3375,1.9130706439202347,96.46493036037724,0.8081884744307534,False
3376,1.9130706439202347,96.46493036037724,0.7833897563739018,False
3377,1.9130706439202347,96.46493036037724,0.7585334419643273,False
3378,1.9261347810573322,95.9558593015236,0.7197511427569661,False
3379,1.935350751708735,96.31191390269998,0.6889371020444889,False
3380,1.9408357979657467,96.28576842903165,0.6583774598715074,False
3381,1.9277223150964977,96.25990491283677,0.6283713448601126,False
3382,1.91180201345912,95.39778129952457,0.5001497424397247,False
3383,1.8929622474975352,95.3851030110935,0.34323042332986325,False
3384,1.871059574864607,96.2662440570523,0.3096616685207048,False
3385,1.8504337870686127,96.30003151591553,0.28162274620877487,False
3386,1.8268101119054974,96.33389734912578,0.2592072455876453,False
3387,1.8000017008618392,96.36782754968537,0.2424190299992389,False
3388,1.790873154727421,96.4018083854586,0.23095031602642374,False
3389,1.7576788562333094,96.43582640812558,0.28569596404357944,False
3390,1.7203312344639556,96.46986846130315,0.28225452872986007,False
3391,1.6782841621862699,96.5039216878458,0.2810078218866623,False
3392,1.6307580935101098,96.53797353634222,0.2811586611589784,False
3393,1.5765604460883762,96.40391427027676,0.2794351072484784,False
3394,1.5765604460883762,96.67760214733075,0.2782980388901213,False
3395,1.5765604460883762,96.70251321965421,0.2760966733247212,False
3396,1.5765604460883762,96.72761701875851,0.2724857639962042,False
3397,1.5765604460883762,96.48238225174991,0.2742284211085628,False
3398,1.5765604460883762,95.65243074015004,0.20911571279131377,False
3399,1.5518681816347843,96.39454181860958,0.21332186906759906,False
3400,1.5245456853609434,96.42208818879195,0.21842198979344485,False
3401,1.5245456853609434,96.44980762504372,0.21806456630501697,False
3402,1.5245456853609434,96.47768815644403,0.21718063468997875,False
3403,1.5245456853609434,96.50571791613723,0.21373133820671636,False
3404,1.5245456853609434,96.44596474953617,0.21611251405059206,False
3405,1.5245456853609434,96.46764432029795,0.23249045078951788,False
3406,1.5245456853609434,96.46069384417709,0.245246231161158,False
3407,1.5245456853609434,96.45410854530536,0.25525614760126075,False
3408,1.4944308636158867,96.44789461303223,0.26260373299764,False
3409,1.4613245506834502,95.54762461970512,0.24000036793270763,False
3410,1.4249784482754833,96.33337213362822,0.24120353802239736,False
3411,1.3850769261730216,96.36447840685423,0.24213286053146918,False
3412,1.341208235725641,96.3956701980654,0.2441506072749319,False
3413,1.2928161346503597,96.42693540998626,0.24378427470338257,False
3414,1.2987920031192168,96.45826215692973,0.24378023822169217,False
3415,1.2391117691845555,96.48963877250594,0.2634310102456385,False
3416,1.1708574968463454,96.52105381670795,0.2665515577640734,False
3417,1.1243908270736136,96.55249608238191,0.270103305320454,False
3418,1.0897024043252435,96.58395460109047,0.27401988694097734,False
3419,1.0521307631066605,96.6154186483796,0.3738710097691888,False
3420,1.0114225828970584,96.64687774846087,0.4979314212809715,False
3421,0.9672575536932398,96.35554089709763,0.7150155745015842,False
3422,0.9672575536932398,96.54793315743184,0.7914231600372742,False
3423,0.9672575536932398,96.34454705364996,0.8565157918754253,False
3424,0.9672575536932398,96.63038698328936,0.9117926878050845,False
3425,0.9672575536932398,96.83690280065898,0.9565720464890917,False
3426,0.9672575536932398,96.80680625379813,0.9962114419491905,False
3427,0.9672575536932398,96.77670334555962,1.0313117652647439,False
3428,0.9672575536932398,96.74660405835989,1.0624766736586013,False
3429,0.9672575536932398,95.84101962099615,1.0821258489106331,False
3430,0.9672575536932398,96.57331320923473,1.1074723613300095,False
3431,0.9672575536932398,96.57331320923473,1.1436229266569484,False
3432,0.9672575536932398,96.31839675748705,1.1689647197233541,False
3433,0.9192195589880803,96.44011110481266,1.1932141163761232,False
3434,0.9192195589880803,96.4041095890411,1.267235852110478,False
3435,0.9192195589880803,96.01033295063147,1.2878407374418404,False
3436,0.9192195589880803,96.23600046184043,1.307790910614368,False
3437,0.9192195589880803,96.20341344479276,1.324154095366841,False
3438,0.9192195589880803,96.17090824188652,1.3373293225411291,False
3439,0.904521248295625,95.27200560354892,1.324326415438167,False
3440,0.8783961984032758,94.92957746478874,1.292840297816169,False
3441,0.7947751664063899,94.07276995305165,1.1960686085677545,False
3442,0.7947751664063899,94.77112676056338,1.168175008722396,False
3443,0.7947751664063899,94.77112676056338,1.1324800627793508,False
3444,0.7947751664063899,94.77112676056338,1.0981599597899527,False
3445,0.8369318539281806,94.77112676056338,1.0653109714220055,False
3446,0.8759822013248726,94.77112676056338,1.0343850095120724,False
3447,0.9121808156018081,94.77112676056338,1.0361161574195457,False
3448,0.9457336320300529,94.77112676056338,1.0044160267879703,False
3449,0.8623538561746378,94.77112676056338,0.9742308540896154,False
3450,0.8916091590804429,94.77112676056338,0.9820117714092347,False
3451,0.9186594970880806,94.4877702942219,0.940329790498046,False
3452,0.9436063339556555,94.61163316284049,0.9089731394887541,False
3453,0.9436063339556555,94.57016283524904,0.8777051991747779,False
3454,0.9436063339556555,93.67217432950191,0.6395429915829152,False
3455,0.9436063339556555,94.36063218390805,0.7465111059013209,False
3456,0.9436063339556555,94.36063218390805,0.7098834653968776,False
3457,0.9436063339556555,94.36063218390805,0.6774539826633839,False
3458,0.9436063339556555,94.36063218390805,0.6485874738742096,False
3459,0.9436063339556555,94.36063218390805,0.6258464645892354,False
3460,0.9436063339556555,94.36063218390805,0.605761683784879,False
3461,0.9436063339556555,94.36063218390805,0.5990153307125173,False
3462,1.0236982481827188,93.9640127580189,0.5559312266560457,False
3463,1.090864890696142,94.16888458746674,0.537206528949056,False
3464,1.1494318918359776,94.1273025715849,0.5214851676358877,False
3465,1.2014461200230289,94.08602150537635,0.5079601678350408,False
3466,1.2481068205144499,94.04506108416723,0.4968673660172185,False
3467,1.2902007807553537,93.32593140883296,0.4195122033253057,False
3468,1.3282820174272938,94.1810745491727,0.42660583830457,False
3469,1.362759877482492,94.18532722998887,0.4314478167291608,False
3470,1.3939473942522724,93.20221266133989,0.3509946825127577,False
3471,1.4220900521936763,94.14997557401075,0.359549737788214,False
3472,1.447383961374643,94.14997557401075,0.367229419894557,False
3473,1.469987889434457,94.14997557401075,0.3740600710155854,False
3474,1.4900315255825651,94.14997557401075,0.38044618202104297,False
3475,1.4900315255825651,93.4904738641915,0.34496332867590407,False
3476,1.5076213244090613,94.35759648265754,0.35082228482638644,False
3477,1.5228447333219093,94.08582543155848,0.3496472224992121,False
3478,1.5213655983156216,94.12837345003646,0.35159653874591956,False
3479,1.532902144485799,94.41883038097549,0.3495359993154876,False
3480,1.542279235137156,94.42426443879404,0.34662062152989265,False
3481,1.5495348211113549,93.61356666065308,0.3258514054086664,False
3482,1.554697508762069,94.15840401385736,0.36799560940883647,False
3483,1.554697508762069,94.42961381028653,0.36382916888984274,False
3484,1.554697508762069,94.46740670760511,0.3567584321720029,False
3485,1.554697508762069,94.50549450549451,0.3473221518341878,False
3486,1.5655280605848254,94.54385964912281,0.3354531952494227,False
3487,1.5738937446297547,94.58248472505092,0.32099356917041566,False
3488,1.5798387881475398,94.62135247799907,0.3034154078893402,False
3489,1.5833938209704919,94.53964565785652,0.2913608856077074,False
3490,1.584576851106354,94.57459207459208,0.2767251504807562,False
3491,1.582267169313773,94.5694744841293,0.3224645796985527,False
3492,1.577636732431408,94.56496247654785,0.3153225854618461,False
3493,1.5738937446297547,94.56106309166813,0.30482330506544864,False
3494,1.5738937446297547,94.55778301886792,0.2949298191961429,False
3495,1.577636732431408,94.55512858409695,0.28569895545071394,False
3496,1.578882083461779,94.55310573731626,0.27718591802365244,False
3497,1.577636732431408,94.30792972459639,0.3162487088168795,False
3498,1.577636732431408,94.4728396529181,0.3198717460659325,False
3499,1.577636732431408,94.47221230512912,0.3220384389992469,False
3500,1.577636732431408,94.47224207767452,0.33221809901193416,False
3501,1.577636732431408,94.47293107560219,0.34255745980449337,False
3502,1.577636732431408,93.59962071826479,0.29819952261842775,False
3503,1.577636732431408,94.14536458946873,0.3400144244389373,False
3504,1.577636732431408,94.51533598688832,0.4032210296765726,False
3505,1.577636732431408,94.28119878248654,0.4435783927945481,False
3506,1.5738937446297547,94.43924139545774,0.5630444443435499,False
3507,1.567632081836135,94.43924139545774,0.5789101310327791,False
3508,1.5588158799768146,94.43924139545774,0.6586159198856065,False
3509,1.547393175014927,94.43924139545774,0.6735266864080869,False
3510,1.5332939593741384,94.43924139545774,0.6846390607054854,False
3511,1.5164273757656148,93.5712624970937,0.6667507731962823,False
3512,1.4966777416164074,94.17061064296433,0.6704077631393598,False
3513,1.4738989153366922,94.42406876790831,0.6748789964442422,False
3514,1.4738989153366922,94.42406876790831,0.6778559012222001,False
3515,1.4738989153366922,94.42406876790831,0.679480638140756,False
3516,1.4738989153366922,94.42406876790831,0.6807913714730158,False
3517,1.4776169519137876,93.71919770773638,0.6666772867793208,False
3518,1.4776169519137876,94.65329512893983,0.6645005975619669,False
3519,1.4776169519137876,94.61210571184996,0.6957111172257092,False
3520,1.4776169519137876,94.77510990869123,0.6939874052877185,False
3521,1.4776169519137876,94.77510990869123,0.6884461244519832,False
3522,1.4776169519137876,94.52202543142597,0.6878432561253104,False
3523,1.4738989153366922,93.6307901907357,0.6699118326001557,False
3524,1.571184642866049,93.37370044556152,0.6338621856100564,False
3525,1.6346080810900911,93.48775721347282,0.607484065879487,False
3526,1.6845296627039148,92.73074253990285,0.5006942554044727,False
3527,1.7252317388429736,93.61764021410286,0.48459295270633196,False
3528,1.7587125954828047,92.79367643664898,0.3733386234743366,False
3529,1.747176049312627,93.51184346035015,0.3505103390738118,False
3530,1.7334317754060666,93.56064904118915,0.3334875663436321,False
3531,1.7174198624902413,93.60936093609361,0.3766484590032314,False
3532,1.6990670042494944,93.65796519410978,0.3662683981668734,False
3533,1.6782841621862696,93.70644840172547,0.35795226832149113,False
3534,1.654963435358364,93.75479767518368,0.39519464304731744,False
3535,1.6289738159006806,93.80300065231572,0.3928772835807119,False
3536,1.6001553306103073,93.80793274412589,0.3906917801431375,False
3537,1.5683107643733387,93.68409726705401,0.38892297622789357,False
3538,1.5331936173306455,93.80788283437433,0.3890210190810582,False
3539,1.4944899209507327,92.97870063148882,0.32715241772280174,False
3540,1.4517894650525278,93.54855866397192,0.3189832840259418,False
3541,1.4364725416714372,93.83192389006342,0.3200342910689815,False
3542,1.414240382176244,93.83192389006342,0.32189484634044,False
3543,1.3840591718591326,93.55387724710137,0.336280043056844,False
3544,1.4094556421360924,93.65300224767205,0.362607163327273,False
3545,1.4325548388483895,93.60865819513246,0.3852198659972502,False
3546,1.4534536899420432,93.56446370530878,0.40799334897382417,False
3547,1.4534536899420432,93.52043596730245,0.5053166514043207,False
3548,1.4534536899420432,93.47659247889486,0.5331554670387787,False
3549,1.4325548388483895,93.43295103661227,0.5385558461790282,False
3550,1.4094556421360924,93.38952972493345,0.5457126188022902,False
3551,1.3840591718591326,92.69380925822644,0.5227250918488577,False
3552,1.3840591718591326,93.51093662366797,0.5367340821810906,False
3553,1.3840591718591326,93.51093662366797,0.5509899552901989,False
3554,1.414240382176244,92.69938650306749,0.5367383221933437,False
3555,1.4414579384497928,93.38952972493345,0.580335447521558,False
3556,1.4662479130694515,93.43295103661227,0.6035194247903102,False
3557,1.4887246500737759,93.25731827650478,0.6241693771663093,False
3558,1.5089842141799346,93.63487738419619,0.6460708952870423,False
3559,1.4887246500737759,93.37434668989548,0.6678240053261006,False
3560,1.4887246500737759,93.43593648031325,0.689826485482314,False
3561,1.4662479130694515,93.623030961434,0.7112281044553871,False
3562,1.4414579384497928,93.34864894431682,0.7331492255803592,False
3563,1.4414579384497928,92.96952359995599,0.74595242706772,False
3564,1.4414579384497928,92.84168470118196,0.7543967507628376,False
3565,1.4414579384497928,92.82995634165454,0.8251388105426073,False
3566,1.4414579384497928,92.77366905662508,0.83919448708685,False
3567,1.4414579384497928,92.02254868466007,0.8069748383216083,False
3568,1.4414579384497928,92.51603298213467,0.8079598001212842,False
3569,1.4414579384497928,92.84694867842667,0.8199087343135615,False
3570,1.4414579384497928,92.79646424061531,0.8279513943494836,False
3571,1.492274340914295,92.65948824823434,0.8299953191703058,False
3572,1.5377060860404421,92.66113965436712,0.8310460185976765,False
3573,1.5785382995858783,92.6106924163919,0.8609962826206797,False
3574,1.5785382995858783,92.56026600166251,0.8528968534160574,False
3575,1.5785382995858783,92.10887602220498,0.8237597388561314,False
3576,1.5785382995858783,92.3076923076923,0.815876251968564,False
3577,1.5785382995858783,92.25619685181834,0.8011770109264218,False
3578,1.5377060860404421,92.20511577160867,0.7997368762538147,False
3579,1.5377060860404421,92.15447402083207,0.797496986875694,False
3580,1.5377060860404421,92.10429673154609,0.7848817733070387,False
3581,1.5377060860404421,92.05460918762684,0.7746435535350029,False
3582,1.561234313964633,92.00543679723218,0.7610367998846184,False
3583,1.582414714514274,91.95680506423385,0.7440577180528729,False
3584,1.601341401804275,91.90873955865852,0.7250053067672824,False
3585,1.5705671751351118,91.07343224036903,0.6324450831967678,False
3586,1.5324250566618443,91.67809500062336,0.597981612845767,False
3587,1.4849318562142535,91.67809500062336,0.5654272659687567,False
3588,1.4238180997827925,91.67809500062336,0.5348571510034605,False
3589,1.3287344279695676,91.67809500062336,0.5074135851684072,False
3590,1.3287344279695676,91.67809500062336,0.4826753767111234,False
3591,1.3287344279695676,91.67809500062336,0.4609882442424813,False
3592,1.3287344279695676,91.67809500062336,0.48317322963272463,False
3593,1.3287344279695676,91.04849769355442,0.5831548749775413,False
3594,1.3287344279695676,91.90250592195487,0.6028503171685695,False
3595,1.3287344279695676,92.17288996222676,0.6224662874390355,False
3596,1.3287344279695676,91.54127190538114,0.6303316135326074,False
3597,1.3287344279695676,92.34008297727414,0.6450501490532451,False
3598,1.3392246071829446,92.7809629492633,0.7023919112620495,False
3599,1.347922583568817,92.7809629492633,0.7056976478608965,False
3600,1.3548527368476762,92.50915409917458,0.7330530666606473,False
3601,1.3548527368476762,92.59074155057162,0.731550035080817,False
3602,1.347922583568817,92.53599949695027,0.7313825628386613,False
3603,1.3392246071829446,91.66195057536314,0.7339842782211905,False
3604,1.3287344279695676,92.30962711438093,0.7704391886953387,False
3605,1.3164218868227548,92.30962711438093,0.7687742079207592,False
3606,1.3022504881911108,91.85929013515221,0.7687792314232291,False
3607,1.2861766890619075,92.07839157734509,0.7689580018003902,False
3608,1.2681489963097885,92.03923067125207,0.7725901709391926,False
3609,1.3580976569861127,92.00076731248801,0.773465771807097,False
3610,1.4346791485039014,91.96302477853384,0.7757526229457823,False
3611,1.4982461480806955,91.92602616147947,0.7765070763262408,False
3612,1.5531196228513984,91.10123074940395,0.7563812053380893,False
3613,1.5578818204817806,90.07890311731988,0.6580111793751504,False
3614,1.5531196228513984,91.15337184396702,0.6383241135507642,False
3615,1.5384213121589434,91.15337184396702,0.6192030230861364,False
3616,1.5556036977372294,91.15337184396702,0.5991671673644693,False
3617,1.5892967719582913,91.15337184396702,0.5794425651227075,False
3618,1.6153231998031348,90.37640667442763,0.48154298126037987,False
3619,1.634766344021007,90.99168760873768,0.44871961259714777,False
3620,1.6742656807502856,90.75619463345744,0.389951231123057,False
3621,1.6843851341608893,91.22066628301042,0.39253662801990863,False
3622,1.6843851341608893,91.22066628301042,0.3865709256221821,False
3623,1.6843851341608893,91.22066628301042,0.3836992947781891,False
3624,1.6843851341608893,90.60681629260183,0.31149360968667356,False
3625,1.7168344071232133,91.44446575868022,0.32534534475058213,False
3626,1.745933587499216,91.47879251050821,0.34304622323929496,False
3627,1.7719245304806948,91.51392148157544,0.36336491644452334,False
3628,1.7949993755642026,91.26040805949279,0.37865174923735306,False
3629,1.8153125342916718,91.38271447678491,0.3995385231368035,False
3630,1.8329889026214166,91.23513617184503,0.41882548646524087,False
3631,1.8329889026214166,91.29932627526468,0.4411874788358712,False
3632,1.8153125342916718,91.0495814552479,0.45886763172552647,False
3633,1.7949993755642026,90.54608383540571,0.449031801656887,False
3634,1.7719245304806948,91.22548391231894,0.4773759715561621,False
3635,1.7719245304806948,91.22548391231894,0.5049072648652593,False
3636,1.7719245304806948,91.22548391231894,0.5334882767785711,False
3637,1.7719245304806948,91.22548391231894,0.5628807057155081,False
3638,1.7719245304806948,91.22548391231894,0.5929514288350888,False
3639,1.7719245304806948,91.22548391231894,0.6229042682766797,False
3640,1.7719245304806948,91.22548391231894,0.6528822984889349,False
3641,1.7719245304806948,90.59094987822074,0.6720360252654362,False
3642,1.7949993755642026,91.46263299576977,0.6956204061358109,False
3643,1.7697714919969743,91.51754441826402,0.7241506227690215,False
3644,1.7697714919969743,91.57282044793116,0.7467316351477642,False
3645,1.7697714919969743,91.62843315944944,0.7405789268270674,False
3646,1.7697714919969743,91.68435510051192,0.766771491135415,False
3647,1.7697714919969743,91.74055931047312,0.789561674280494,False
3648,1.741411517536088,91.79701933735682,0.809175809941474,False
3649,1.709679043341856,91.85370925325668,0.8097435611593431,False
3650,1.6742656807502856,91.9106036681647,0.8060489142780236,False
3651,1.6742656807502856,91.96767774226618,0.8154956367741123,False
3652,1.6742656807502856,92.0249071967429,0.8184143356273229,False
3653,1.6742656807502856,92.08226832312904,0.8236660512494871,False
3654,1.6742656807502856,92.13973799126637,0.809503733554889,False
3655,1.6742656807502856,92.19729365590769,0.8179280990763085,False
3656,1.6742656807502856,92.25491336201884,0.8218346342978373,False
3657,1.697586407578191,92.3125757488313,0.8024103138469627,False
3658,1.718369249641416,92.3702600526979,0.8086006274775376,False
3659,1.6802824219569459,92.42794610880564,0.8121681146085644,False
3660,1.637518550911168,92.48561435179961,0.8131190834633814,False
3661,1.5892967719582913,92.54324581537256,0.7919534447147447,False
3662,1.5892967719582913,92.5786023775136,0.7878624469387373,False
3663,1.637518550911168,92.73549027173014,0.7733997557416097,False
3664,1.6802824219569459,92.73549027173014,0.7597654212574487,False
3665,1.718369249641416,92.05754285399327,0.7696170404649557,False
3666,1.7523266075497783,92.91737860331808,0.7436133059733074,False
3667,1.782556816414643,92.95427130167782,0.715821946011261,False
3668,1.8093652274583012,92.99154622307063,0.6864740899812516,False
3669,1.8329889026214166,92.67521134442323,0.6820473736667255,False
3670,1.8228694492108128,92.63157894736842,0.6731131711074312,False
3671,1.8073865495861565,93.00790837196618,0.6482987367448937,False
3672,1.7861223193716953,92.98226525949298,0.6269334890071223,False
3673,1.7584051136194903,93.1094351907113,0.6001322798972546,False
3674,1.7087264489760452,92.61658031088083,0.6332055227432842,False
3675,1.6501956045925619,93.28583765112262,0.6033517839492667,False
3676,1.5785010512526014,93.28583765112262,0.611732539518832,False
3677,1.473256553252489,92.60578583765113,0.6115598197784623,False
3678,1.4524737111892643,93.46394645941278,0.5739101559387348,False
3679,1.447383961374643,93.49331615397004,0.5358822304430046,False
3680,1.438841894200673,93.52306706535668,0.4971669069241606,False
3681,1.4267547652077353,93.0264844083725,0.4911729674860905,False
3682,1.4267547652077353,93.52840666381888,0.45646202000019,False
3683,1.4400831784759722,93.49868470499813,0.4531596804188454,False
3684,1.5453276764760848,93.46934369602764,0.43217092961468856,False
3685,1.6170222298160453,93.44039932722045,0.41602644126218497,False
3686,1.6487446631558704,93.41186736474694,0.40519180824142953,False
3687,1.6697973273385636,93.38376363536699,0.3994183554402971,False
3688,1.6471838257529514,93.35610401057734,0.3954296917963191,False
3689,1.6199970301704854,92.50771264874393,0.3909196720483406,False
3690,1.5877233383380844,93.16879682679594,0.400568509049423,False
3691,1.5877233383380844,92.7863588551182,0.4018489635062017,False
3692,1.627479641283426,92.98509123275478,0.40532103865477326,False
3693,1.6624599952344161,92.95735285897938,0.4072754487829194,False
3694,1.6932052364410144,92.11894248504835,0.378191377768847,False
3695,1.6970757365632192,92.75613436923592,0.3729601841913729,False
3696,1.699007751305905,92.10217427756973,0.30492885460146546,False
3697,1.699007751305905,92.94058465150076,0.3045953197298114,False
3698,1.6970757365632192,93.08451641526176,0.3049579901345425,False
3699,1.6932052364410144,93.08451641526176,0.3049979890931892,False
3700,1.6873831786126094,93.08451641526176,0.4025137703624744,False
3701,1.6795896202440854,93.08451641526176,0.4026143680025023,False
3702,1.6697973273385638,93.08451641526176,0.40275272657847416,False
3703,1.6185144542910057,92.38575865128661,0.3722707984690964,False
3704,1.6059252469378849,93.28970718722272,0.4145339454333937,False
3705,1.6185144542910057,93.32673158386973,0.41265933826131,False
3706,1.6290952511995047,93.36389434621262,0.409047871804781,False
3707,1.6377045139691644,93.40118010068748,0.40401317243439067,False
3708,1.6443714206809694,93.39024914089347,0.40509442352137726,False
3709,1.6443714206809694,93.52399211801672,0.3941475879905974,False
3710,1.6443714206809694,93.52399211801672,0.38294405358086847,False
3711,1.6443714206809694,93.38736514411465,0.40163388432531816,False
3712,1.6443714206809694,93.35749445556337,0.40276244694347657,False
3713,1.6443714206809694,93.31152902698283,0.40647837941589726,False
3714,1.6443714206809694,92.44480784955029,0.38431665200704096,False
3715,1.6443714206809694,93.12074134641591,0.3846244488530538,False
3716,1.6443714206809694,93.12074134641591,0.3899577109137256,False
3717,1.6443714206809694,93.12074134641591,0.39517999401730924,False
3718,1.592247783351014,93.12074134641591,0.39541799392372695,False
3719,1.5267203238756621,92.98158834844737,0.4050836643801775,False
3720,1.592247783351014,91.87189398122584,0.40358824086802786,False
3721,1.6443714206809694,92.96055916125812,0.5245463111694744,False
3722,1.6873831786126094,92.96055916125812,0.6152957493244914,False
3723,1.6873831786126094,92.96055916125812,0.6881909062325919,False
3724,1.6932052364410144,92.15902816123689,0.7242273066041159,False
3725,1.6970757365632192,92.82769991755977,0.728710811026692,False
3726,1.6970757365632192,92.85636144841921,0.7641411037747985,False
3727,1.6970757365632192,92.88552610091993,0.7955601193231188,False
3728,1.6970757365632192,92.72018199545012,0.821154623471124,False
3729,1.6970757365632192,93.08542171921314,0.8466497818100145,False
3730,1.6970757365632192,93.08542171921314,0.8477964999942784,False
3731,1.6970757365632192,92.41174885475613,0.8670490361182704,False
3732,1.699007751305905,93.27943950417678,0.8938171694271507,False
3733,1.699007751305905,93.32620320855615,0.9178073221754701,False
3734,1.699007751305905,93.3251976441874,0.9451566245429025,False
3735,1.6970757365632192,93.12698412698413,0.9693184584446398,False
3736,1.6932052364410144,93.32804232804233,0.9880076408476907,False
3737,1.6873831786126094,93.32804232804233,1.0037126873175646,False
3738,1.6873831786126094,93.13227513227513,1.018693676255258,False
3739,1.6873831786126094,93.41798941798942,1.0275319491731638,False
3740,1.6932052364410144,94.1827076464958,1.0051300718588287,False
3741,1.6970757365632192,94.53897692225885,0.9476830017846953,False
3742,1.699007751305905,94.51747354921449,0.9064574585846618,False
3743,1.6529062393514158,94.49634879725086,0.8667822762341603,False
3744,1.6519599573802695,94.47561501942167,0.8288142193169241,False
3745,1.6220908698204584,93.62861458782909,0.8362456679723159,False
3746,1.5879553647528688,94.28139835994821,0.8144631872172607,False
3747,1.5490147662086629,94.28139835994821,0.7933816782596098,False
3748,1.55499063467752,94.28139835994821,0.773015391018556,False
3749,1.5941305453916124,94.28139835994821,0.7480960388054406,False
3750,1.6322418389138083,93.60703495899871,0.7588507017976437,False
3751,1.664515530746209,94.47561501942167,0.7352430991740682,False
3752,1.664515530746209,94.51878813831496,0.7105893302208891,False
3753,1.6247592278008676,94.54593733404143,0.6860392782329836,False
3754,1.5794522232221664,94.66280295047419,0.6547833937723946,False
3755,1.5274062907603576,94.66280295047419,0.6278078043237891,False
3756,1.5165062586583535,94.66280295047419,0.6024372138717741,False
3757,1.5037063976523954,94.66280295047419,0.575781840464229,False
3758,1.4889654753393498,94.66280295047419,0.5626809456993584,False
3759,1.4722341190419144,94.66280295047419,0.5530187132451391,False
3760,1.4534536899420434,94.66280295047419,0.5382597455098944,False
3761,1.4325548388483893,93.98840885142255,0.55600801235676,False
3762,1.4094556421360924,94.83667017913594,0.5473554896170477,False
3763,1.3840591718591326,94.85606418121756,0.5390382526370463,False
3764,1.3562502855203358,94.87580880818201,0.5310325262437249,False
3765,1.3258913123445506,94.89589282932654,0.5235582354574411,False
3766,1.3258913123445506,94.9163050216987,0.5170193720972812,False
3767,1.3258913123445506,94.93703418144436,0.511025753344387,False
3768,1.3258913123445506,94.9580691347924,0.5019316234072384,False
3769,1.3258913123445506,94.79118978584872,0.5131944756064201,False
3770,1.3258913123445506,95.13256425824731,0.511091079571625,False
3771,1.3258913123445506,95.13256425824731,0.5106956844013507,False
3772,1.3258913123445506,95.13256425824731,0.5100006524314376,False
3773,1.3258913123445506,95.13256425824731,0.5104779374331624,False
3774,1.3258913123445506,95.13256425824731,0.5120933437547125,False
3775,1.3258913123445506,95.13256425824731,0.5148007560523147,False
3776,1.3258913123445506,95.13256425824731,0.5187811576558743,False
3777,1.3258913123445506,94.42926533090467,0.5306180040174596,False
3778,1.3258913123445506,95.28941509815827,0.5313523435144621,False
3779,1.3258913123445506,95.30974787378592,0.5327733101580266,False
3780,1.3258913123445506,95.14514514514515,0.5421607496988288,False
3781,1.2727370136388871,95.47060873027723,0.5390276520164722,False
3782,1.2130567797042258,95.47060873027723,0.5403413951928795,False
3783,1.1448025073660157,95.47060873027723,0.5415579920741903,False
3784,1.1448025073660157,95.47060873027723,0.529755490123945,False
3785,1.1448025073660157,95.47060873027723,0.5388419993119049,False
3786,1.1448025073660157,95.47060873027723,0.5486144429313778,False
3787,1.1101140846176456,95.47060873027723,0.5549989149751118,False
3788,1.0725424433990627,94.72400577372953,0.5624821867076529,False
3789,1.0725424433990627,95.61992932158678,0.5524889944948952,False
3790,1.0725424433990627,95.65088611344227,0.5467390991484764,False
3791,1.0725424433990627,95.68176254589963,0.5420050662401634,False
3792,1.0725424433990627,95.7125515901918,0.5374912302405492,False
3793,1.1101140846176456,95.74324649684596,0.5318512486849803,False
3794,1.0725424433990627,95.77384079079319,0.5251332078918587,False
3795,1.0318342631894606,95.80432826632571,0.5173804244674104,False
3796,0.987669233985642,95.81591922986617,0.5096189025683289,False
3797,0.9396312392804824,95.89755529685681,0.4980627455974903,False
3798,0.8871599536752377,95.92996396562876,0.48542368447733686,False
3799,0.8871599536752377,95.96223474953023,0.47104198262051034,False
3800,0.8871599536752377,95.99436209875421,0.45613143577292686,False
3801,0.9396312392804824,96.02183031888504,0.45272661462804326,False
3802,0.987669233985642,96.09843400447427,0.4368585633349413,False
3803,1.0318342631894606,96.09843400447427,0.42353434590472094,False
3804,1.0725424433990627,95.37807606263982,0.4932289354582042,False
3805,1.1101140846176456,96.22371364653245,0.5316203357141933,False
3806,1.1448025073660157,96.25404997558918,0.5647502448001291,False
3807,1.1768122764012727,96.21410501087391,0.5847821535342285,False
3808,1.2063113000188226,96.2096666814611,0.6250812262400999,False
3809,1.1262193857917593,95.39931319890816,0.6654374093547054,False
3810,1.0128030232541478,96.16577143106686,0.6966101033356996,False
3811,0.9727642516015449,96.22281902451702,0.7225931970531561,False
3812,0.9186594970880806,96.22281902451702,0.74559575982598,False
3813,0.8301899714180443,96.22281902451702,0.7661224518024669,False
3814,0.8301899714180443,96.22281902451702,0.7844392826692416,False
3815,0.8301899714180443,96.22281902451702,0.7995742504018988,False
3816,0.8301899714180443,96.22281902451702,0.7959194287380185,False
3817,0.8301899714180443,96.22281902451702,0.8150737646572851,False
3818,0.8301899714180443,96.22281902451702,0.8335963669067931,False
3819,0.8301899714180443,96.22281902451702,0.8528127262072989,False
3820,0.8301899714180443,96.22281902451702,0.8685640908566954,False
3821,0.8301899714180443,95.5081001472754,0.8760293822366909,False
3822,0.8301899714180443,96.32677813393398,0.873307874168611,False
3823,0.8301899714180443,96.36949516648765,0.8864625485463065,False
3824,0.8301899714180443,97.19871106337271,0.8641452755879605,False
3825,0.8301899714180443,97.21438947278476,0.8419298832387806,False
3826,0.8301899714180443,97.23012872254556,0.8117369128175878,False
3827,0.8301899714180443,97.09385824110839,0.7948737249033245,False
3828,0.8301899714180443,97.3541640418294,0.7617919102189267,False
3829,0.8301899714180443,97.3541640418294,0.7282865965265171,False
3830,0.8301899714180443,97.3541640418294,0.6954528718970143,False
3831,0.9436063339556555,97.3541640418294,0.6637323519529896,False
3832,1.0236982481827188,97.3541640418294,0.6326157312308134,False
3833,1.090864890696142,97.3541640418294,0.6009622311670675,False
3834,1.090864890696142,97.3541640418294,0.5739091258032685,False
3835,1.090864890696142,97.3541640418294,0.5500247815733308,False
3836,1.090864890696142,96.62340934862038,0.5531498119165968,False
3837,1.090864890696142,97.46755701146529,0.5226780156521702,False
3838,1.090864890696142,97.4964592185287,0.5006498600983651,False
3839,1.2026304573742814,97.54575879023261,0.4701534101994417,False
3840,1.2238704588921694,97.54575879023261,0.44408503021426343,False
3841,1.243127107009562,97.54575879023261,0.4159887319973066,False
3842,1.260462652834233,96.8185762095608,0.4265262321401354,False
3843,1.2759303879205608,97.64492005123331,0.40457500928176393,False
3844,1.2759303879205608,97.65856063095629,0.3991629448006918,False
3845,1.2759303879205608,97.67223424674317,0.3957566491984313,False
3846,1.2759303879205608,97.43945767141749,0.41057127226904977,False
3847,1.2759303879205608,97.5823906562666,0.4162525504052166,False
3848,1.2759303879205608,97.5823906562666,0.4250973811307149,False
3849,1.2759303879205608,96.7806105878532,0.4367609100062262,False
3850,1.260462652834233,97.5140239719117,0.4416978151659347,False
3851,1.243127107009562,97.52888318356868,0.458566567241868,False
3852,1.2238704588921694,97.54376171298696,0.4755765941095602,False
3853,1.2026304573742814,97.44768547875714,0.49231233196160074,False
3854,1.1793344163661783,97.66021979753417,0.5043544684756055,False
3855,1.2026304573742814,97.66021979753417,0.5163713797337839,False
3856,1.2238704588921694,97.66021979753417,0.5276075506671736,False
3857,1.243127107009562,97.66021979753417,0.5377131390612148,False
3858,1.260462652834233,96.93543939811714,0.5382408102670796,False
3859,1.2759303879205608,97.75475637137117,0.5438649328457656,False
3860,1.2895758058835307,97.76855621672408,0.547425027597576,False
3861,1.301437522722594,97.64229856436992,0.5534791415760697,False
3862,1.301437522722594,97.87735849056604,0.5523257345954339,False
3863,1.301437522722594,97.92897138912326,0.5490201578043242,False
3864,1.301437522722594,98.15153594023934,0.532444146349214,False
3865,1.2895758058835307,98.16628227910319,0.519240547256803,False
3866,1.2759303879205608,98.18093166304104,0.5054727962457389,False
3867,1.260462652834233,98.19176247349034,0.49293578904363516,False
3868,1.243127107009562,98.22469919539381,0.4786169386479637,False
3869,1.2238704588921694,98.23210093896714,0.46342329289458845,False
3870,1.2238704588921694,98.11196967487972,0.45526291909966976,False
3871,1.2238704588921694,98.31582759869613,0.4351037849629822,False
3872,1.2026304573742814,98.32926128197758,0.41426253041145333,False
3873,1.1793344163661783,98.3426005132592,0.39472413487655195,False
3874,1.1538973234127199,98.3558447068807,0.3745907801390814,False
3875,1.1538973234127199,98.37600841809892,0.35336181915930465,False
3876,1.1538973234127199,98.38271174625305,0.33200409943640596,False
3877,1.1538973234127199,98.38944305901911,0.3111515639251775,False
3878,1.1538973234127199,98.39620044052863,0.2904362346845417,False
3879,1.1538973234127199,98.40298201217426,0.3041616431712364,False
3880,1.1538973234127199,98.40978593272172,0.290282912334689,False
3881,1.1538973234127199,98.41661039837948,0.2772603498398798,False
3882,1.1538973234127199,98.42345364282839,0.26312398461738906,False
3883,1.1538973234127199,98.43031393721256,0.2917577898621668,False
3884,1.1538973234127199,98.37427984901662,0.28498039646181683,False
3885,1.1538973234127199,98.4967105263158,0.30961914644869165,False
3886,1.1538973234127199,98.4967105263158,0.3006120316227004,False
3887,1.1538973234127199,98.4967105263158,0.293047145511419,False
3888,1.1538973234127199,98.4967105263158,0.2869047389339941,False
3889,1.1538973234127199,98.4967105263158,0.28323812917039026,False
3890,1.1538973234127199,98.4967105263158,0.2806630507169214,False
3891,1.1538973234127199,98.4967105263158,0.2780196229428064,False
3892,1.0861806141391561,98.4967105263158,0.27805453182257683,False
3893,1.0055511368474466,98.4967105263158,0.3441395947919104,False
3894,0.8916091590804429,98.4967105263158,0.3971119347243215,False
3895,0.8916091590804429,98.4967105263158,0.44142697073486165,False
3896,0.8916091590804429,98.4967105263158,0.47987285186898837,False
3897,0.8916091590804429,98.4967105263158,0.5091316826440389,False
3898,0.8916091590804429,98.4967105263158,0.5090065140050909,False
3899,0.8916091590804429,97.78947368421052,0.517456902742624,False
3900,0.7771529943226336,98.57236842105263,0.5412389445284143,False
3901,0.7473944462440387,98.58000914017106,0.5623421234076496,False
3902,0.7153220528038851,98.4708183893055,0.5771583374363601,False
3903,0.6807937753703206,97.76102501051541,0.5727829407609057,False
3904,0.6436394131461666,98.45018927750995,0.5741600260657596,False
3905,0.6436394131461666,97.75778949752483,0.5656522272160224,False
3906,0.6436394131461666,98.51813505031222,0.5746980157929393,False
3907,0.6436394131461666,98.52770991384853,0.5765828404411314,False
3908,0.6436394131461666,98.53725527769794,0.5874056296253084,False
3909,0.6436394131461666,98.54676989465668,0.5972093970134777,False
3910,0.6436394131461666,98.55625256123318,0.6057229920652822,False
3911,0.6436394131461666,98.51559564073656,0.6139113127629552,False
3912,0.6436394131461666,98.59378402762654,0.6206981336310239,False
3913,0.6436394131461666,99.34978066764148,0.5932627042608352,False
3914,0.6436394131461666,99.35715168747682,0.5645130353197012,False
3915,0.6436394131461666,99.36446532191214,0.5353277636542313,False
3916,0.603652249754401,99.3717213614737,0.5046607957779906,False
3917,0.560576942614533,99.31929181929182,0.47814704978933115,False
3918,0.5140912790181235,98.64766525166768,0.4806802495396469,False
3919,0.4637773498877516,99.3420254699818,0.4521946301386355,False
3920,0.40907313904382653,99.3420254699818,0.4236638647591418,False
3921,0.3491843735073079,99.3420254699818,0.3950742135982813,False
3922,0.2829047929798921,99.25213675213675,0.373993427095144,False
3923,0.208180945557171,99.2901481162805,0.3501802886266041,False
3924,0.12068101401352381,98.54034785815254,0.3485152371473396,False
3925,-0.0,99.21639727121874,0.3312937259267564,False
3926,-0.0,99.21639727121874,0.31497405577397597,False
3927,0.12068101401352381,98.52805605064225,0.3110512879201455,False
3928,0.208180945557171,99.2901481162805,0.2894772447473346,False
3929,0.208180945557171,99.2985238501891,0.2675072876097397,False
3930,0.208180945557171,99.3219518101465,0.24623126252512564,False
3931,0.208180945557171,99.33008892093247,0.22468031884879933,False
3932,0.208180945557171,99.34112456025282,0.20238294593622888,False
3933,0.208180945557171,99.3490739096988,0.17978631238954174,False
3934,0.208180945557171,99.3490739096988,0.16051488930729296,False
3935,0.208180945557171,99.3490739096988,0.14183741177752038,False
3936,0.208180945557171,99.3490739096988,0.12692048081742413,False
3937,0.208180945557171,99.3490739096988,0.11330035427209045,False
3938,0.208180945557171,99.3490739096988,0.10090288588074094,False
3939,0.208180945557171,99.3490739096988,0.09006739053526587,False
3940,0.208180945557171,99.3490739096988,0.08093702761769171,False
3941,0.208180945557171,99.3490739096988,0.07363050891214228,False
3942,0.208180945557171,99.3490739096988,0.06834487836456252,False
3943,0.208180945557171,99.3490739096988,0.0647868185362206,False
3944,0.208180945557171,99.3490739096988,0.06101976713807545,False
3945,0.208180945557171,99.3490739096988,0.05698128686737294,False
3946,0.208180945557171,99.3490739096988,0.05258612244535234,False
3947,0.208180945557171,99.3490739096988,0.04771054716814003,False
3948,0.208180945557171,99.3490739096988,0.15668777104189063,False
3949,0.208180945557171,99.3490739096988,0.15702513188687162,False
3950,0.208180945557171,99.3490739096988,0.157498913104841,False
3951,0.208180945557171,99.3490739096988,0.1581060057800362,False
3952,0.208180945557171,99.3490739096988,0.15884191440499715,False
3953,0.208180945557171,99.3490739096988,0.15888825077527932,False
3954,0.208180945557171,99.3490739096988,0.16135668688048813,False
3955,0.208180945557171,99.3490739096988,0.1640509331911474,False
3956,0.208180945557171,99.3490739096988,0.16657256219250913,False
3957,0.208180945557171,99.3490739096988,0.1689293141193926,False
3958,0.208180945557171,99.3490739096988,0.17124142740755724,False
3959,0.208180945557171,99.3490739096988,0.17336790064170565,False
3960,0.208180945557171,99.3490739096988,0.21371554441969956,False
3961,0.208180945557171,99.3490739096988,0.21798645847229817,False
3962,0.208180945557171,99.3490739096988,0.22165696115332506,False
3963,0.208180945557171,99.3490739096988,0.25399770217484446,False
3964,0.208180945557171,99.3490739096988,0.2561971269727722,False
3965,0.208180945557171,99.3490739096988,0.2584206240505687,False
3966,0.32806688317929317,99.3490739096988,0.26066033227075697,False
3967,0.41475814399911126,99.3490739096988,0.26290852915806656,False
3968,0.48865925334338955,98.67447777975028,0.21751729363888983,False
3969,0.48865925334338955,99.41416651872892,0.22044148082900042,False
3970,0.48865925334338955,99.42094588636431,0.24541438238133576,False
3971,0.48865925334338955,99.42767038486247,0.250575645623465,False
3972,0.48865925334338955,99.43433991819686,0.2554061103340302,False
3973,0.48865925334338955,99.40925595066567,0.2597370291339992,False
3974,0.48865925334338955,99.48186528497409,0.26412959451860046,False
3975,0.48865925334338955,99.48186528497409,0.26810744770732936,False
3976,0.48865925334338955,99.48186528497409,0.2717026400654495,False
3977,0.48865925334338955,99.48186528497409,0.27451051051196873,False
3978,0.48865925334338955,99.48186528497409,0.27653809392701695,False
3979,0.48865925334338955,99.48186528497409,0.30174773215610395,False
3980,0.48865925334338955,98.80628631952595,0.27616994565539743,False
3981,0.48865925334338955,99.53911773967309,0.27336510100761097,False
3982,0.48865925334338955,99.53307170070755,0.2711121008029742,False
3983,0.48865925334338955,98.80488290698005,0.2417207513340949,False
3984,0.48865925334338955,99.49122360722463,0.23988294905386012,False
3985,0.48865925334338955,99.49743100204958,0.2793942762039713,False
3986,0.48865925334338955,99.50358367961626,0.3118881692602903,False
3987,0.48865925334338955,99.50968170863459,0.34100382780193234,False
3988,0.40238293904561173,99.49921580496932,0.36710955530095646,False
3989,0.2829047929798921,99.54904479488371,0.3895903425675851,False
3990,0.2829047929798921,98.88217770368144,0.5814098675362329,False
3991,0.2829047929798921,99.6037060318675,0.5912970711561234,False
3992,0.2829047929798921,99.60908868800391,0.5994195297179947,False
3993,0.2829047929798921,99.59824197158034,0.6060929241825971,False
3994,0.2829047929798921,99.64112590053296,0.611241242270654,False
3995,0.2829047929798921,99.64112590053296,0.6157419302457832,False
3996,0.2829047929798921,99.64112590053296,0.6196385292330783,False
3997,0.2829047929798921,99.63046879214544,0.6231639418394095,False
3998,0.2829047929798921,99.61696232104534,0.6626994422401057,False
3999,0.2829047929798921,98.89978539023662,0.6532247757023932,False
4000,0.2829047929798921,99.56534731466138,0.654264544196142,False
4001,0.2829047929798921,99.51861272941112,0.6556646263955428,False
4002,0.2829047929798921,99.53184809847713,0.6566402341995521,False
4003,0.2829047929798921,99.52588238556021,0.6575326942095406,False
4004,0.2829047929798921,99.51986154146778,0.657800117260724,False
4005,0.2829047929798921,98.79407084833765,0.6414302702646408,False
4006,0.2829047929798921,98.79098014958106,0.6255343671928522,False
4007,0.2829047929798921,98.77092124267226,0.6092821522774361,False
4008,0.2829047929798921,98.75919904158823,0.5931551157600876,False
4009,0.2829047929798921,98.74737840089637,0.577201524289717,False
4010,0.2829047929798921,97.34248857988335,0.3672254672416782,False
4011,0.2829047929798921,98.74450541557732,0.34674981387440756,False
4012,0.2829047929798921,98.75634662559187,0.32808337558906936,False
4013,0.2829047929798921,98.77375322137577,0.3504423762725009,False
4014,0.2829047929798921,98.7937918236518,0.3671446059430914,False
4015,0.2829047929798921,98.7937918236518,0.3565774861350893,False
4016,0.2829047929798921,98.7937918236518,0.3471905458186322,False
4017,0.2829047929798921,98.7937918236518,0.33900908393907436,False
4018,0.2829047929798921,98.11055502446156,0.25181897665940783,False
4019,0.2829047929798921,98.85283697913738,0.2487392101734926,False
4020,0.2829047929798921,98.85856217905783,0.24706710389276967,False
4021,0.2829047929798921,98.86062163143343,0.244236390795515,False
4022,0.3491843735073079,98.85995305689057,0.24172770158934312,False
4023,0.3491843735073079,98.84536889485308,0.27572101730473814,False
4024,0.3491843735073079,98.88397851868427,0.27541156304398057,False
4025,0.3491843735073079,98.8785573400958,0.2757795526435489,False
4026,0.3491843735073079,98.87311950042577,0.27638714215308346,False
4027,0.2829047929798921,98.86766556102025,0.277163127,False
4028,0.208180945557171,98.86219610554211,0.2780330809593864,False
4029,0.12068101401352381,98.85671174046776,0.27856285854828255,False
4030,0.12068101401352381,98.85121309558609,0.27907936734402544,False
4031,0.12068101401352381,98.84570082449942,0.27960590781264233,False
4032,0.12068101401352381,98.84017560512576,0.2800893074119644,False
4033,0.12068101401352381,98.07783578547698,0.23029058678645065,False
4034,0.12068101401352381,98.08970099667773,0.17816993132054804,False
4035,0.12068101401352381,98.83720930232558,0.17630987717597077,False
4036,0.12068101401352381,98.84542884071631,0.17416662855806986,False
4037,0.24096783080307266,98.85360004679184,0.1717309376038179,False
4038,0.24096783080307266,98.86172251582555,0.16902008180333092,False
4039,0.24096783080307266,98.86979587129512,0.16604224226783457,False
4040,0.24096783080307266,98.87781976411313,0.16280799508809263,False
4041,0.24096783080307266,98.8857938718663,0.16076750308359153,False
4042,0.3280668831792932,98.86305497129214,0.15991297901533694,False
4043,0.40238293904561173,98.1543150646272,0.08150158606671305,False
4044,0.40238293904561173,98.84274826272136,0.07905803826031449,False
4045,0.40238293904561173,98.86211885154685,0.0752111130281262,False
4046,0.40238293904561173,98.86211885154685,0.18359246871710858,False
4047,0.40238293904561173,98.86211885154685,0.18240821304190166,False
4048,0.40238293904561173,98.86211885154685,0.1812416549949566,False
4049,0.40238293904561173,98.86211885154685,0.1809968099872211,False
4050,0.40238293904561173,98.86211885154685,0.18096413968492064,False
4051,0.40238293904561173,98.86211885154685,0.18108772725700112,False
4052,0.40238293904561173,98.86211885154685,0.18136541664360212,False
4053,0.40238293904561173,98.86211885154685,0.18182030664561372,False
4054,0.40238293904561173,98.86211885154685,0.18320419842867242,False
4055,0.40238293904561173,98.86211885154685,0.18480726696388816,False
4056,0.40238293904561173,98.86211885154685,0.18660439169394644,False
4057,0.40238293904561173,98.86211885154685,0.18859083199468624,False
4058,0.40238293904561173,98.86211885154685,0.27377969748052067,False
4059,0.40238293904561173,98.86211885154685,0.3383019421906056,False
4060,0.40238293904561173,98.86211885154685,0.39319783442894407,False
4061,0.40238293904561173,98.82596878590041,0.5331169060267987,False
4062,0.40238293904561173,98.84298453550062,0.5670918705760415,False
4063,0.40238293904561173,98.83757282933068,0.5983898212631171,False
4064,0.40238293904561173,98.83215021754064,0.6274474717610038,False
4065,0.40238293904561173,98.82671740321139,0.6540563906365036,False
4066,0.40238293904561173,98.07720026521376,0.6570532360200231,False
4067,0.40238293904561173,98.76041396408083,0.6836095268689614,False
4068,0.40238293904561173,98.76041396408083,0.7062038880904755,False
4069,0.40238293904561173,98.73686044485743,0.7268460843332336,False
4070,0.40238293904561173,98.72181110883618,0.7457265274336004,False
4071,0.40238293904561173,98.70956337281244,0.7629945686609281,False
4072,0.40238293904561173,98.69721340178651,0.7788202977528045,False
4073,0.40238293904561173,98.6847611645842,0.8421096792802115,False
4074,0.40238293904561173,98.6722066660645,0.8547033687663681,False
4075,0.40238293904561173,98.65954994844422,0.8653114135094173,False
4076,0.40238293904561173,98.64679109264746,0.8741445432095725,False
4077,0.40238293904561173,98.63393021967879,0.8821430444392393,False
4078,0.40238293904561173,97.88013045351056,0.8667272052836229,False
4079,0.40238293904561173,97.84623012798662,0.8496997495106423,False
4080,0.40238293904561173,97.80497705061354,0.8307664258337611,False
4081,0.40238293904561173,97.05873169513224,0.7532630401024986,False
4082,0.40238293904561173,97.74252974053142,0.7316186155062275,False
4083,0.3280668831792932,97.71604744077767,0.7090451219136357,False
4084,0.3280668831792932,97.68930869441186,0.6856213293453619,False
4085,0.3280668831792932,97.66869990099958,0.6618287768491463,False
4086,0.3280668831792932,97.64792947006016,0.6651508403607035,False
4087,0.3280668831792932,97.56911807603798,0.6377466439746625,False
4088,0.3280668831792932,97.57745927062588,0.6126210085208994,False
4089,0.3280668831792932,97.55648370441017,0.5881655456939758,False
4090,0.3280668831792932,97.53536290456157,0.5642442573592811,False
4091,0.3280668831792932,97.51409790116453,0.540410721864367,False
4092,0.3280668831792932,97.492689812792,0.5170058549924866,False
4093,0.3280668831792932,96.71629751621686,0.40529443565523576,False
4094,0.3280668831792932,97.41538668369576,0.3769615667007994,False
4095,0.3280668831792932,97.41538668369576,0.35067371788737556,False
4096,0.3280668831792932,97.41538668369576,0.3265958148865879,False
4097,0.3280668831792932,97.41538668369576,0.3027116455006923,False
4098,0.208180945557171,97.41538668369576,0.28113387306788834,False
4099,0.208180945557171,97.41538668369576,0.2620846979066429,False
4100,0.208180945557171,97.41538668369576,0.24572319712107082,False
4101,0.208180945557171,97.41538668369576,0.23220938250804352,False
4102,0.3280668831792932,97.41538668369576,0.22165905390525445,False
4103,0.24096783080307266,97.41538668369576,0.214103864017109,False
4104,0.12068101401352381,97.41538668369576,0.21039403771112,False
4105,0.12068101401352381,97.41538668369576,0.20955897797616266,False
4106,0.12068101401352381,96.71629751621686,0.09461620997970192,False
4107,0.12068101401352381,97.49605081840487,0.10606743709737014,False
4108,0.12068101401352381,97.51509289216504,0.11746228290894464,False
4109,0.12068101401352381,97.55387110655059,0.13118689478405812,False
4110,0.12068101401352381,97.55387110655059,0.16264603161326358,False
4111,0.12068101401352381,97.47957992998833,0.1795570975321907,False
4112,0.12068101401352381,97.48833148651825,0.19591956904102234,False
4113,0.12068101401352381,97.46694172951402,0.21497782709012705,False
4114,0.12068101401352381,97.44541707823836,0.2328316406803942,False
4115,0.12068101401352381,97.42375904771706,0.25062800961748066,False
4116,0.12068101401352381,97.40196925202972,0.26832018350406234,False
4117,0.208180945557171,97.38004940677081,0.28771024586754224,False
4118,0.2829047929798921,97.35800133151126,0.3065157017958457,False
4119,0.2829047929798921,97.33582695225661,0.324713004415194,False
4120,0.2829047929798921,97.31352830389822,0.4338108945985169,False
4121,0.4023829390456117,97.29110753265343,0.4473392210014772,False
4122,0.48865925334338955,97.26856689849015,0.4587738001721752,False
4123,0.5621380056254565,97.24590877753184,0.4683187388440019,False
4124,0.6271502454482835,97.22313566443786,0.47957372113890245,False
4125,0.6271502454482835,97.20025017475443,0.6570871096275289,False
4126,0.6917244835981394,97.17725504723097,0.6610241359185325,False
4127,0.7498765864518436,97.15415314609675,0.6631989158342433,False
4128,0.8028116417452926,97.1309474632919,0.6663279115364827,False
4129,0.8513226827573213,97.07385395767876,0.6645810987624806,False
4130,0.8513226827573213,96.89762939248418,0.6580614850247201,False
4131,0.8513226827573213,96.9801619277848,0.6542349119866663,False
4132,0.8513226827573213,96.95588348914471,0.6499303394812531,False
4133,0.8513226827573213,96.89629658475798,0.6441575591560731,False
4134,0.8513226827573213,96.87524534819816,0.6380957988474818,False
4135,0.8513226827573213,96.84223022436785,0.6314049736400211,False
4136,0.8513226827573213,96.80893498205026,0.6241062174685003,False
4137,0.8513226827573213,96.77536086204817,0.6153603820212576,False
4138,0.8513226827573213,96.74150928102456,0.606102443235392,False
4139,0.8513226827573213,96.70738183749336,0.5963833262485568,False
4140,0.8513226827573213,95.87401446137505,0.5221576007617673,False
4141,0.9672575536932397,96.60933861677356,0.5102506724707339,False
4142,1.049922837742907,96.60933861677356,0.4995191362125832,False
4143,1.119720157474105,96.60933861677356,0.48997452206683445,False
4144,1.1809777566936104,96.52886436630158,0.47777932373130444,False
4145,1.2357453004534533,94.97241208926954,0.15854325357444632,False
4146,1.2852250313535216,96.52886436630158,0.13539838514470368,False
4147,1.3302069545957278,96.55665971455446,0.11650242707106508,False
4148,1.3712485472168017,96.48282024205994,0.08515146410577432,False
4149,1.4087628841739441,96.64824748921066,0.07898399285254684,False
4150,1.44306702282893,96.64824748921066,0.07495721319827661,False
4151,1.4744107999392604,96.64824748921066,0.07126668947991316,False
4152,1.502995042908569,96.64824748921066,0.0700758764054628,False
4153,1.502995042908569,96.64824748921066,0.06739271462281389,False
4154,1.502995042908569,96.64824748921066,0.06627312557319259,False
4155,1.502995042908569,96.64824748921066,0.06706939036510769,False
4156,1.502995042908569,96.64824748921066,0.07423130847050212,False
4157,1.502995042908569,96.64824748921066,0.23185063452906998,False
4158,1.502995042908569,96.64824748921066,0.23687011120337625,False
4159,1.502995042908569,96.64824748921066,0.25327886318476417,False
4160,1.502995042908569,96.64824748921066,0.2619910824124749,False
4161,1.502995042908569,96.64824748921066,0.3633205820216186,False
4162,1.5531889856650984,96.64824748921066,0.372048180388074,False
4163,1.511717485132167,96.64824748921066,0.3797215755555451,False
4164,1.511717485132167,96.64824748921066,0.3864447374591042,False
4165,1.511717485132167,96.64824748921066,0.39230020538580596,False
4166,1.511717485132167,96.64824748921066,0.39736599245608445,False
4167,1.511717485132167,96.64824748921066,0.4017139627623453,False
4168,1.511717485132167,96.64824748921066,0.40541112808986085,False
4169,1.511717485132167,96.64824748921066,0.40852059399044904,False
4170,1.511717485132167,96.64824748921066,0.4111022402814869,False
4171,1.511717485132167,96.64824748921066,0.4135018168939193,False
4172,1.511717485132167,96.48282024205994,0.4153365686662957,False
4173,1.511717485132167,96.55665971455446,0.4172699382340328,False
4174,1.511717485132167,96.52886436630158,0.41877559752579113,False
4175,1.511717485132167,96.50097425479872,0.4254725692530457,False
4176,1.511717485132167,96.4729944068787,0.4275929438315619,False
4177,1.511717485132167,95.63402621253861,0.3710707301728749,False
4178,1.4656632802980472,96.36864512897571,0.3723961111731129,False
4179,1.4142403821762441,96.18019078035046,0.4339542652993899,False
4180,1.4142403821762441,96.26448938150436,0.43429815084375006,False
4181,1.4414579384497928,95.4268550638802,0.41714297224891816,False
4182,1.4154315106049493,96.15026652001015,0.4102313108177452,False
4183,1.3817384363838872,96.15026652001015,0.40348705568846976,False
4184,1.338431000913252,96.15026652001015,0.39750826062858075,False
4185,1.2812692254828295,96.15026652001015,0.3923019182900196,False
4186,1.2812692254828295,96.15026652001015,0.38786639204228074,False
4187,1.2238704588921692,96.15026652001015,0.3841911853407162,False
4188,1.1578438868973584,96.15026652001015,0.38075341053446526,False
4189,1.1578438868973584,96.15026652001015,0.3779630952679063,False
4190,1.1126817966979572,96.15026652001015,0.37568804928219557,False
4191,1.1706718933538656,96.15026652001015,0.37395264405322104,False
4192,1.2220947914756688,96.15026652001015,0.37224702330362186,False
4193,1.2681489963097885,96.15026652001015,0.3709478936450399,False
4194,1.30962049684272,96.15026652001015,0.37002233215400754,False
4195,1.3470624465271648,95.95417571653678,0.36266965136852264,False
4196,1.3808832571151748,96.03446797564949,0.39413865949418153,False
4197,1.4113949465359856,96.0039701376602,0.3903212233877774,False
4198,1.4113949465359856,95.97341673182173,0.38786985818734915,False
4199,1.438841894200673,95.1350881765268,0.30536266296020886,False
4200,1.544825598115902,95.84745026496395,0.3601719050089981,False
4201,1.544825598115902,95.14377551906871,0.3439447094377331,False
4202,1.528790554876997,95.95169837546695,0.34271189325735646,False
4203,1.5844731953011322,96.16363871747292,0.3443109939311327,False
4204,1.6262027448610965,96.16363871747292,0.34382889971416297,False
4205,1.658205041174797,96.16363871747292,0.3429536538961275,False
4206,1.6824103830230515,96.16363871747292,0.3882972159575102,False
4207,1.6824103830230515,96.16363871747292,0.3870754263803198,False
4208,1.6782841621862699,96.16363871747292,0.38612920993001065,False
4209,1.669967823873492,96.16363871747292,0.3850384778563854,False
4210,1.657327413835123,96.16363871747292,0.3840859376403264,False
4211,1.640145028256837,96.16363871747292,0.3830662314761235,False
4212,1.6180932438112716,96.16363871747292,0.3826685033371956,False
4213,1.575329372765494,96.16363871747292,0.38223380741356944,False
4214,1.575329372765494,96.16363871747292,0.3816971628135654,False
4215,1.575329372765494,95.95169837546695,0.38127785153124305,False
4216,1.575329372765494,95.31325143181918,0.3446763963541281,False
4217,1.575329372765494,96.06365159128978,0.344602081806388,False
4218,1.575329372765494,96.18216285323811,0.3425618531461032,False
4219,1.575329372765494,95.91338687491681,0.34183526489097316,False
4220,1.575329372765494,95.09695167946045,0.2748153689167457,False
4221,1.575329372765494,95.10582597506323,0.1951959489686509,False
4222,1.575329372765494,95.94444690952656,0.2005550217801374,False
4223,1.5578818204817806,95.75092226321169,0.30009458589674404,False
4224,1.5578818204817806,95.99341138761518,0.3047540892112646,False
4225,1.5578818204817806,95.96984112736739,0.30868706690289793,False
4226,1.5578818204817806,95.08571941477426,0.25191575748077405,False
4227,1.5578818204817806,95.83071537563953,0.2563713226406789,False
4228,1.5578818204817806,95.83071537563953,0.26004308084213146,False
4229,1.5578818204817806,95.83071537563953,0.26288405519220615,False
4230,1.5578818204817806,95.83071537563953,0.2650315982090407,False
4231,1.575329372765494,95.83071537563953,0.2675897768388524,False
4232,1.5906891914372434,95.83071537563953,0.27025601305353386,False
4233,1.6040176047054806,95.83071537563953,0.2724594126039518,False
4234,1.6153614610282303,95.83071537563953,0.2745328786050951,False
4235,1.6247592278008676,95.83071537563953,0.28046146524375903,False
4236,1.6322418389138083,95.83071537563953,0.28477046500553765,False
4237,1.6378333415662005,95.83071537563953,0.2907090131646459,False
4238,1.641551378143296,95.83071537563953,0.29715432827531,False
4239,1.6434075283020646,95.83071537563953,0.3040361989502327,False
4240,1.6434075283020646,95.83071537563953,0.31128306035581804,False
4241,1.6415513781432958,95.83071537563953,0.31882338578755276,False
4242,1.598693430852108,95.60464380900754,0.32334893980555585,False
4243,1.5490147662086629,94.77797352848172,0.24168457552696526,False
4244,1.4904839218251795,95.49622803451236,0.24658212837946344,False
4245,1.4187893684852193,95.49622803451236,0.2528309187115505,False
4246,1.3135448704851065,95.49622803451236,0.25989759298441384,False
4247,1.305875511291131,95.49622803451236,0.26678799933014574,False
4248,1.296460736137167,95.49622803451236,0.27441603970088485,False
4249,1.3287344279695676,95.49622803451236,0.3060056279544186,False
4250,1.3287344279695676,95.49622803451236,0.3211789549771423,False
4251,1.3287344279695676,95.49622803451236,0.33615876558621843,False
4252,1.3287344279695676,95.49622803451236,0.3508737119269937,False
4253,1.3675380544221296,95.49622803451236,0.36648373652214455,False
4254,1.402234618245608,95.49622803451236,0.47670525590182333,False
4255,1.4332278865247239,95.38230338357849,0.49211563636139166,False
4256,1.4608248015713592,95.40008263324611,0.506223716039199,False
4257,1.4852641811356104,95.37229857929566,0.5174371177480768,False
4258,1.506734817815005,95.3444978308532,0.5265932291761886,False
4259,1.5184387137728148,95.31668782620962,0.5338907366925286,False
4260,1.5253874232579385,95.28887625005925,0.5395001071185771,False
4261,1.5125568756434098,95.261071036163,0.5948658228471319,False
4262,1.5125568756434098,95.23328036978188,0.5925303807943536,False
4263,1.5125568756434098,95.20551268986267,0.5936554978719135,False
4264,1.5125568756434098,95.1777766909571,0.5910587422905197,False
4265,1.4966777416164074,95.15008132485583,0.5886008889702032,False
4266,1.4776169519137876,95.12243580191725,0.5863826472873703,False
4267,1.4552013979602212,95.09484959207168,0.5844152438098696,False
4268,1.4561112661478437,95.0673324254804,0.6299496480159,False
4269,1.4552013979602212,94.76088943039902,0.6813351807151137,False
4270,1.4524690941546654,94.89039905983343,0.7191788512901925,False
4271,1.4479062086941699,94.84726936130824,0.8311905814374433,False
4272,1.441499001640642,94.80411944315065,0.8628243144811572,False
4273,1.4332278865247239,94.76096239975003,0.8890980334061654,False
4274,1.4332278865247239,93.89126132694511,0.865244970330737,False
4275,1.4332278865247239,94.60472867409645,0.8814123976687692,False
4276,1.4332278865247239,94.60472867409645,0.9454796239560463,False
4277,1.4332278865247239,94.60472867409645,0.9487052080753778,False
4278,1.4332278865247239,94.60472867409645,0.9504419239694782,False
4279,1.4332278865247239,94.60472867409645,0.9487660533803703,False
4280,1.4332278865247239,94.60472867409645,0.973755838148891,False
4281,1.4332278865247239,93.87043016352463,0.94480018599694,False
4282,1.4332278865247239,94.76617019060515,0.9456309918047261,False
4283,1.4332278865247239,94.59052172105591,0.9436644867366908,False
4284,1.4332278865247239,94.70354491268431,0.9461379623633084,False
4285,1.4332278865247239,94.66070489216202,0.9451488615874978,False
4286,1.4332278865247239,94.61790855207451,0.9586116843416818,False
4287,1.4332278865247239,94.57517035775128,0.9658089132044192,False
4288,1.4332278865247239,93.71273424190801,0.948294599706589,False
4289,1.4332278865247239,93.44543215165471,0.9162276786889473,False
4290,1.4332278865247239,93.57427555747064,0.8863743781770365,False
4291,1.4332278865247239,92.72325756759668,0.7878447212454744,False
4292,1.4332278865247239,93.4180760530001,0.7560110135166744,False
4293,1.4332278865247239,93.4180760530001,0.7262403727290271,False
4294,1.4332278865247239,93.4180760530001,0.6983778263644527,False
4295,1.4332278865247239,93.4180760530001,0.6726090854882096,False
4296,1.4332278865247239,92.6909404287407,0.571347966493354,False
4297,1.4230670603378361,93.59582031670796,0.5590080477679598,False
4298,1.4109839980999699,93.61747583186455,0.5489830265952416,False
4299,1.4109839980999699,93.72947780955407,0.5441831293932005,False
4300,1.4109839980999699,93.03039932210571,0.5301648369612776,False
4301,1.3969387860636409,93.56024288910194,0.5213856866797174,False
4302,1.3808832571151748,93.7306913816981,0.538176438719326,False
4303,1.362759877482492,93.7306913816981,0.621883187229337,False
4304,1.3425003133763334,93.56024288910194,0.7218826154453412,False
4305,1.320023576372009,93.78928305102802,0.7899451961411681,False
4306,1.2952336017523502,94.6593100492822,0.8338118369206969,False
4307,1.2680160454788014,94.49349815379675,0.8817026405203989,False
4308,1.2382339767869435,94.64400256574727,0.9189425014291647,False
4309,1.2057219651274376,94.63990176712402,0.9523713255215046,False
4310,1.1676444621356101,94.34745582286565,0.9907708098126722,False
4311,1.1316501862018717,94.52502006957452,1.0216517062175265,False
4312,1.0924850533852573,94.4845027981059,1.055891525236746,False
4313,1.0498302157100041,94.44414390045984,1.0793781613651334,False
4314,1.006661191043945,94.40395910376333,1.103426395553172,False
4315,1.0032709271829536,94.36396435795113,1.1280191224727922,False
4316,0.9929563290994997,94.27137894910956,1.1535568600473534,False
4317,0.9752462395674342,94.24456431073791,1.1772135226780898,False
4318,0.9491912500871044,94.18989400482306,1.1997031448499729,False
4319,0.8793939303559065,94.13494711837566,1.2210490227196134,False
4320,0.7967286463062391,92.96271032287403,1.224199518712926,False
4321,0.7967286463062391,93.63907019351883,1.2768780707579177,False
4322,0.7967286463062391,93.24764353041988,1.2867550019482554,False
4323,0.7967286463062391,92.48525408348458,1.250013956025769,False
4324,0.7967286463062391,92.18626230621251,1.196313161213313,False
4325,0.6807937753703206,92.38627384580653,1.170008675013744,False
4326,0.6807937753703206,92.37784282819185,1.1322689653122573,False
4327,0.6807937753703206,92.37031214911296,1.0926025261286056,False
4328,0.6807937753703206,92.36367707983429,1.0550035837690526,False
4329,0.6807937753703206,92.35793234341855,1.0173558122639206,False
4330,0.6807937753703206,92.35307212822796,0.9808599390577959,False
4331,0.6807937753703206,92.34909010208611,0.9648712743575839,False
4332,0.6807937753703206,92.26855436345537,0.9481205024101603,False
4333,0.6807937753703206,92.40436556057766,0.9413147466511194,False
4334,0.6807937753703206,92.35580648732426,0.9356586566845921,False
4335,0.7153220528038851,92.3076923076923,0.9669939071397546,False
4336,0.7473944462440387,92.26004464285714,0.9697626031662088,False
4337,0.8623538561746378,92.21288515406162,0.9737217068661949,False
4338,0.9440231356865454,92.16623551906422,0.9784925961168907,False
4339,0.9727642516015449,92.12011740799278,0.9943979400830614,False
4340,0.9727642516015449,92.07455245864492,1.0571994502667006,False
4341,0.9727642516015449,91.37009664582149,0.9219992452113417,False
4342,0.9727642516015449,91.9363152167688,1.0688729581750553,False
4343,1.041018523939755,92.45142002989536,1.0866238203719936,False
4344,1.1006987578744163,92.3041261010663,1.1074677133159343,False
4345,1.1538530565800795,91.7718206663953,1.1108754837694197,False
4346,1.1538530565800795,92.0828471411902,1.158041043204794,False
4347,1.1538530565800795,92.04565408252853,1.1669895885664447,False
4348,1.1538530565800795,91.91835771590372,1.2375604117216967,False
4349,1.1538530565800795,91.88514357053683,1.2441305471713975,False
4350,1.1538530565800795,91.8164390127007,1.249063799896399,False
4351,1.1538530565800795,91.25105155630332,1.2366023432355446,False
4352,1.1538530565800795,91.12981351416808,1.2213816786801492,False
4353,1.1267251857192595,91.09321620302586,1.2061563723962991,False
4354,1.0972261621017096,91.02028272894898,1.188065420328183,False
4355,1.0652163930664527,90.44067796610169,1.1375942750300412,False
4356,1.0305279703180825,90.76751946607341,1.111903610435272,False
4357,0.9929563290994997,90.7254816925841,1.0935023796292107,False
4358,0.9929563290994997,90.68438703266675,1.062812532317667,False
4359,0.9929563290994997,90.48214620724157,1.0278487269512064,False
4360,0.9522481488898977,89.83755194559879,0.9432468372859943,False
4361,0.9080831196860789,90.63074484944532,0.9470161733699131,False
4362,0.9522481488898977,89.83755194559879,0.8655380365964792,False
4363,0.9522481488898977,90.56344193608905,0.844901687370453,False
4364,0.9522481488898977,90.39459696079045,0.8510618376983642,False
4365,0.9522481488898977,90.39459696079045,0.8643978799703826,False
4366,0.9522481488898977,89.7714569618681,0.8357620238947099,False
4367,0.9522481488898977,90.4359706868712,0.8543235393403895,False
4368,0.9522481488898977,89.26237161531279,0.7556623040659343,False
4369,0.9522481488898977,90.33063006862133,0.7640200092311731,False
4370,0.9522481488898977,90.33063006862133,0.779189066097754,False
4371,0.9522481488898977,90.33063006862133,0.795425559907066,False
4372,0.9522481488898977,90.33063006862133,0.7966072381281827,False
4373,0.9522481488898977,90.33063006862133,0.8266917193342205,False
4374,0.9522481488898977,90.33063006862133,0.8287666995747693,False
4375,1.0032709271829536,90.33063006862133,0.8255390346856827,False
4376,1.006661191043945,90.17235976183015,0.824141625302512,False
4377,1.0032709271829536,89.8627376904672,0.8128007974444554,False
4378,0.9929563290994998,90.34849155651129,0.8195959236230353,False
4379,0.9752462395674342,91.02196752626553,0.8224519246541787,False
4380,1.01044884930661,90.9901305316778,0.8272475453079228,False
4381,1.0429842335712594,91.53573238722757,0.8058917437207369,False
4382,1.0730208202534555,90.81904761904762,0.8257545235150601,False
4383,1.1006987578744163,90.88888888888889,0.8438172120381032,False
4384,1.1261358508278747,91.591553734636,0.8314876724528324,False
4385,1.1494318918359776,91.65936678763609,0.819024361963307,False
4386,1.1706718933538656,91.69616793987952,0.8274963168394315,False
4387,1.1899285414712581,91.65890317371591,0.8327453573428633,False
4388,1.2072640872959293,91.67811212386066,0.8417225028447064,False
4389,1.2574580300524587,90.86945690084704,0.9575636840348946,False
4390,1.3022504881911108,91.58175944333996,1.028649309077235,False
4391,1.3424256522693587,91.62225802453835,1.0353585663981477,False
4392,1.3785347251376459,91.32987269805957,1.0488866207244216,False
4393,1.41098399809997,91.87823514912498,1.037474062049993,False
4394,1.41098399809997,91.33605240390557,1.045956374409254,False
4395,1.41098399809997,90.57594858484737,1.0559423419717955,False
4396,1.3785347251376459,90.35589845694375,1.0585881508302697,False
4397,1.3424256522693587,90.38461538461539,1.058613008495197,False
4398,1.3270089026073437,90.33295497540674,1.0553011112832678,False
4399,1.30962049684272,90.2818331852228,1.048079172509466,False
4400,1.2681489963097885,90.23128034755942,1.038523406551163,False
4401,1.2681489963097885,90.18132716049382,1.0268121165980826,False
4402,1.2681489963097885,89.99093029282197,1.0127654386968288,False
4403,1.30962049684272,89.96867249706305,0.9932552750354419,False
4404,1.3282820174272938,89.8948060486522,0.9720978341191749,False
4405,1.3425003133763334,89.82119205298014,0.9456287198973619,False
4406,1.3525074295964727,89.51086232173797,0.8994710898354076,False
4407,1.3819829643540342,89.59367037682715,0.881303057688332,False
4408,1.3819829643540342,89.54398273070696,0.8404578384215027,False
4409,1.408648411160687,88.70075553157042,0.7050200748400318,False
4410,1.4326648482653093,88.74123043712898,0.563106534186368,False
4411,1.4326648482653093,89.51699946033459,0.5141814313971322,False
4412,1.4326648482653093,89.56047654304368,0.4680310010940563,False
4413,1.4326648482653093,89.60515713134569,0.42879724369428673,False
4414,1.4326648482653093,89.65101480340277,0.390240907897957,False
4415,1.4326648482653093,89.69802244788883,0.35812717013220674,False
4416,1.4326648482653093,89.74615230861482,0.33422545035788315,False
4417,1.4326648482653093,89.79537602976349,0.31793828825072806,False
4418,1.4326648482653093,89.84566470159635,0.30828993974441066,False
4419,1.4326648482653093,89.89698890649763,0.3035511607910119,False
4420,1.4326648482653093,89.94931876522082,0.3024245418341114,False
4421,1.4541644890966259,90.0026239832065,0.3555259909934086,False
4422,1.473256553252489,89.5434269220677,0.34170505077281876,False
4423,1.473256553252489,89.81238520073471,0.38715399870224154,False
4424,1.4900315255825651,89.584155809975,0.38272131083011945,False
4425,1.5045643034921028,89.69249043156923,0.3878503481331277,False
4426,1.5169165540634162,89.69692959237692,0.3874186165482287,False
4427,1.532902144485799,88.86471518987342,0.3319140766488544,False
4428,1.5464650001141114,89.3340338893997,0.3732044556619019,False
4429,1.5576725670893488,89.85346068297788,0.37235414162207764,False
4430,1.565263635906296,90.03634947423082,0.3855659796100846,False
4431,1.570663071721726,90.09632167560929,0.4158777855985317,False
4432,1.5738937446297547,89.88670014162483,0.44468520835623665,False
4433,1.5749691486891673,89.95751255310931,0.47261619642255415,False
4434,1.5738937446297545,89.77886346104397,0.5049284841385796,False
4435,1.570663071721726,89.66958086911802,0.5383970560726151,False
4436,1.6606117323980505,89.71457958344047,0.5714714507852089,False
4437,1.716294372822185,89.71457958344047,0.6042975715287998,False
4438,1.7580239223821499,89.71457958344047,0.6387172125626188,False
4439,1.7900262186958504,89.66958086911802,0.6734497310782676,False
4440,1.7741059170584728,89.79172023656467,0.7065994383892424,False
4441,1.7741059170584728,88.88531756235537,0.7143957873019889,False
4442,1.7552661510968877,89.58601182823348,0.7451237839479717,False
4443,1.7394360343022965,88.87888917459502,0.752720737152363,False
4444,1.7151643301899613,89.79172023656467,0.7813562905876569,False
4445,1.6873831786126094,89.98788342580193,0.8062362495607845,False
4446,1.655793088522611,89.67265725288831,0.8952260620980661,False
4447,1.6199970301704854,89.72934564950585,0.9255701601959276,False
4448,1.5794522232221664,88.8379303662554,0.932498221141359,False
4449,1.5333821592292147,89.51618112525031,0.9548055297947352,False
4450,1.5333821592292147,89.05753389115911,0.9655148491224015,False
4451,1.5333821592292147,88.78663272632335,0.9962619739034173,False
4452,1.5333821592292147,88.82905365469232,0.989869895946325,False
4453,1.5333821592292147,88.76775685497192,0.9788630381588737,False
4454,1.5333821592292147,88.70721169823862,0.9647365525955361,False
4455,1.5224821271272106,88.64745604064986,0.9473508156703078,False
4456,1.5096822661212523,88.58852800753144,0.9299145572802449,False
4457,1.4949413438082066,88.5304659498208,0.9103169117201947,False
4458,1.4782099875107713,88.47330839850392,0.8896983497505389,False
4459,1.4594295584109003,88.41709401709402,0.8705670407958331,False
4460,1.4385307073172464,88.36186155221007,0.8470653681749967,False
4461,1.4154315106049493,88.30764978232327,0.8398857479299533,False
4462,1.4414579384497928,88.2544974647496,0.8325205005404372,False
4463,1.460901082667665,88.2024432809773,0.8248002725057522,False
4464,1.511717485132167,88.15152578042792,0.816922858920313,False
4465,1.511717485132167,88.10178332276027,0.8086105989468547,False
4466,1.511717485132167,87.24888982871643,0.7293250684266649,False
4467,1.511717485132167,87.85507859307818,0.7105053760236791,False
4468,1.5571492302583143,87.85507859307818,0.6947431327431952,False
4469,1.5706589475299093,87.85507859307818,0.6818944100878507,False
4470,1.6081008972143542,87.85507859307818,0.6716786531659223,False
4471,1.6081008972143542,87.28413336152816,0.6155751422752453,False
4472,1.613103222511991,88.05949108338619,0.6201055149363888,False
4473,1.6131032225119908,88.13571227872998,0.6281004818517645,False
4474,1.6081008972143542,88.2130608245258,0.6242735100951906,False
4475,1.5706589475299093,88.29149232914924,0.6447435507491979,False
4476,1.5291874469969782,88.12782216047239,0.6462953184962315,False
4477,1.4831332421628582,88.60365347356768,0.6553360521235931,False
4478,1.431710344041055,87.98782175477443,0.6540884937026202,False
4479,1.4170120333486,88.79047882646,0.6614478247029836,False
4480,1.3908869834562507,88.62242436772104,0.6633930205240234,False
4481,1.3494226389811557,89.08866318967884,0.6419420403551922,False
4482,1.427233085864218,89.08866318967884,0.617356796365159,False
4483,1.4920618321364796,89.08866318967884,0.6066083120763643,False
4484,1.5245456853609436,89.08866318967884,0.5889633286018484,False
4485,1.554021220118505,89.08866318967884,0.5737867928196752,False
4486,1.6088946948892082,89.08866318967884,0.5613618653723486,False
4487,1.6571164738420845,89.08866318967884,0.5627499807942112,False
4488,1.6289738159006806,89.08866318967884,0.566344151639178,False
4489,1.5977862991309004,89.08866318967884,0.660827295323641,False
4490,1.5633084390757022,89.08866318967884,0.6775204355634052,False
4491,1.5633084390757022,89.08866318967884,0.6932465094739659,False
4492,1.5633084390757022,89.08866318967884,0.7071664504132666,False
4493,1.5633084390757022,89.08866318967884,0.7195310884961454,False
4494,1.5633084390757022,88.44359044743344,0.7877279481794105,False
4495,1.5633084390757022,89.26022508921218,0.7803734857633027,False
4496,1.5977862991309004,88.90872879609917,0.791367427638899,False
4497,1.6001553306103073,89.14925783397472,0.7832190508408129,False
4498,1.5977862991309004,88.94465452045377,0.8021962756175363,False
4499,1.5906309353495431,89.34662998624484,0.7893787385475542,False
4500,1.5531889856650982,89.15153195619021,0.7861317820261678,False
4501,1.5531889856650982,89.1295235433841,0.783453863648597,False
4502,1.525227202403762,88.63237667532103,0.7913478358224884,False
4503,1.5706589475299093,88.24109975326049,0.7817112402290183,False
4504,1.5706589475299093,88.407336590893,0.7753698166125395,False
4505,1.6114911610753457,88.36332598335586,0.7672832796217334,False
4506,1.6482760612926022,88.3205943281663,0.7609910767144145,False
4507,1.6843851341608893,88.10997552900533,0.7423482569637355,False
4508,1.7168344071232133,88.07918207526647,0.7213991284871715,False
4509,1.7485668813174455,87.18729606264955,0.6157189639474623,False
4510,1.7769268557783315,87.85439779566384,0.5770707343109612,False
4511,1.8021547393455597,87.85439779566384,0.5381005510823884,False
4512,1.8244410804260904,87.85439779566384,0.50365015728437,False
4513,1.843938534752424,87.85439779566384,0.49881098743825625,False
4514,1.843938534752424,87.23080269741135,0.398683148104371,False
4515,1.8607700541987684,88.03567544050468,0.3978465698312451,False
4516,1.880519688347976,87.88272674754477,0.3906851904178281,False
4517,1.8973862719564996,88.34399942475012,0.4138294483510729,False
4518,1.9114854875972882,87.67527144603437,0.4000519927162852,False
4519,1.9229081925591758,88.30253792508448,0.4298146864090453,False
4520,1.9317243944184959,88.6907757567043,0.46061581852300953,False
4521,1.937986057212116,88.60814322841468,0.5544277831890682,False
4522,1.956185205486114,87.85967964050155,0.5643320866517013,False
4523,1.9668803111438047,88.64959254947614,0.5613115211400106,False
4524,1.9739432433114872,88.46153846153847,0.5667118351694138,False
4525,1.9739432433114872,88.24476650563606,0.5732084704129577,False
4526,1.9793743593188131,88.65237815619496,0.5768381190684394,False
4527,1.9820809892894808,88.11611287114124,0.6228477616449278,False
4528,1.9820809892894808,88.33924874297546,0.6399549402643602,False
4529,1.976595943032469,88.26148252578467,0.6581424584849885,False
4530,1.967379972381066,88.18493150684931,0.6759141243418242,False
4531,1.954315835243969,88.10964224363283,0.7048001804474696,False
4532,1.9529238119087216,87.86192374219749,0.7654097731955907,False
4533,1.9345197509827265,87.32744964924191,0.7804070118451228,False
4534,1.911906249397114,87.57848551327635,0.8463625126894686,False
4535,1.8847194538146483,87.50663733596298,0.8537544992940319,False
4536,1.8769786560147408,87.4363069434938,0.8574455244895537,False
4537,1.86658456824475,87.36753830906457,0.8571347767098735,False
4538,1.8534710853755008,87.30037441736074,0.8891040351423396,False
4539,1.837550783738123,87.23485718661459,0.8906573976107025,False
4540,1.8286451082857555,87.17102739200492,0.9082231400879505,False
4541,1.8174375413105182,86.54008763163964,0.8718815023123493,False
4542,1.8225272911251393,87.17178717178717,0.8728630711291533,False
4543,1.8384826569246968,87.74158774158774,0.8858021361353602,False
4544,1.8502594907185994,87.49515766638258,0.904697533927119,False
4545,1.8502594907185994,87.47369241562086,0.9194155200598689,False
4546,1.8502594907185994,87.40688465459108,0.9738685821414634,False
4547,1.8502594907185994,86.7697864321608,0.9629718167810226,False
4548,1.8502594907185994,87.12365380080182,1.0075305189615613,False
4549,1.8352139931066644,87.07900535096003,1.0295253868505452,False
4550,1.8174375413105182,87.03630778924155,1.047016265896237,False
4551,1.7968117535145236,86.7743723766532,1.055192784582791,False
4552,1.7731880783514082,86.24414264156937,1.0376851048328093,False
4553,1.7731880783514082,86.50951660428446,1.0614381187498132,False
4554,1.7601239412143106,85.93213572854292,1.0171012439413982,False
4555,1.7664782947045488,86.65066026410564,1.0172862175391515,False
4556,1.7664782947045485,86.65066026410564,1.0193152446285485,False
4557,1.7821757256598758,86.65066026410564,1.0233947103405039,False
4558,1.7937607277906857,85.97444089456869,1.021383742646936,False
4559,1.801398812531418,86.3951542201323,1.0287690488491268,False
4560,1.8051930808810681,85.97274248824421,1.0579082527727104,False
4561,1.7693970225289426,86.21184346855821,1.1162524029341099,False
4562,1.7288522155806236,86.21184346855821,1.2023779073105634,False
4563,1.682782151587672,86.21184346855821,1.2356374755641049,False
4564,1.682782151587672,85.95972510787918,1.2576773368288736,False
4565,1.682782151587672,85.9729231755187,1.3081368360330439,False
4566,1.7028257877357802,85.252057202205,1.3053660092186625,False
4567,1.7204155865622763,85.83605512626464,1.3504995378382232,False
4568,1.6973407414787687,85.15095992989724,1.3290452198482456,False
4569,1.6713497984972896,85.39038799297461,1.3117459746638755,False
4570,1.7174198624902413,85.40263073468078,1.3050110964995483,False
4571,1.7334317754060669,85.3689977441186,1.2839278907974119,False
4572,1.7471760493126272,85.33743324162486,1.2781833983640787,False
4573,1.7587125954828047,84.89354786283114,1.2387295598667816,False
4574,1.7680896861341615,85.49281984334203,1.228713979737835,False
4575,1.7333634784639598,85.42383997376619,1.2270933744161214,False
4576,1.7394360343022963,85.35661340800527,1.243777076125211,False
4577,1.7394360343022963,85.29119788219722,1.248547193126293,False
4578,1.7394360343022963,84.76854156296665,1.2330892011608559,False
4579,1.7394360343022963,84.97754117451339,1.2293809167801584,False
4580,1.7394360343022963,84.27358961557664,1.2109555393589475,False
4581,1.7394360343022963,83.96691452920044,1.1502838443060623,False
4582,1.7394360343022963,83.52625398423083,0.9682720251243213,False
4583,1.720110234371579,84.12056916729814,1.0053304369810545,False
4584,1.6970757365632194,84.10512083826264,0.9593455716752035,False
4585,1.6700485319337162,83.6141925649928,0.7739998420986131,False
4586,1.6367891805129138,83.87069404378076,0.8325356423642575,False
4587,1.6330711439358183,83.46791330216745,0.7210384367685297,False
4588,1.627479641283426,84.10522731142517,0.7239635998392234,False
4589,1.6199970301704854,84.38995215311004,0.7262760796729141,False
4590,1.6199970301704854,84.0761055879328,0.6968294514187987,False
4591,1.6199970301704854,84.70001719099191,0.6951223786636724,False
4592,1.6199970301704854,83.96940003438199,0.6645945067712186,False
4593,1.6199970301704854,84.485129791989,0.6609038764427307,False
4594,1.6199970301704854,84.485129791989,0.6584064261805467,False
4595,1.6199970301704854,84.00310451879959,0.6474746576216431,False
4596,1.6199970301704854,83.45715272978576,0.5920709319123267,False
4597,1.6199970301704854,83.68229797542827,0.5582406161465497,False
4598,1.6199970301704854,83.65101368913533,0.5265771697939249,False
4599,1.6199970301704854,83.62248438584317,0.49437220368319373,False
4600,1.6199970301704854,83.14518930184092,0.4085769452472395,False
4601,1.6199970301704854,83.75630106031636,0.41400760885325744,False
4602,1.6199970301704854,83.7870748891015,0.4242526896111073,False
4603,1.568714157122927,83.8207136640557,0.5577666666772355,False
4604,1.5086317493222159,83.8572050500653,0.7459395226938689,False
4605,1.4977317172202118,83.89653370492945,0.8905362008454134,False
4606,1.4849318562142535,83.17765168048886,0.9274976547981206,False
4607,1.4701909339012078,83.212570929725,1.0089684181446223,False
4608,1.4701909339012078,83.53844811032556,1.0433197947229902,False
4609,1.4701909339012078,83.16900793997033,1.0915242072646716,False
4610,1.4701909339012078,83.72721723205721,1.1441345313337015,False
4611,1.4701909339012078,83.72721723205721,1.1891785981551877,False
4612,1.4701909339012078,83.72721723205721,1.228881794155597,False
4613,1.4701909339012078,83.72721723205721,1.2639187234450102,False
4614,1.3949057788381025,83.72721723205721,1.2792633096770827,False
4615,1.3775173730734789,83.33478677945409,1.2773152636490028,False
4616,1.3501133206994504,83.91035144327199,1.284998162879471,False
4617,1.3166324640596194,83.92624162825085,1.2910067388282127,False
4618,1.2759303879205606,83.58702270157433,1.2952379637923657,False
4619,1.226008806306737,83.58702270157433,1.2985850753174695,False
4620,1.226008806306737,83.87405410106985,1.301232162434555,False
4621,1.226008806306737,84.38126798639574,1.29338601350412,False
4622,1.3019510108370305,84.36601307189542,1.2909868214248121,False
4623,1.3138127276760934,85.41176470588235,1.2364292067248643,False
4624,1.3239232131067742,86.01429069362148,1.1307536928230262,False
4625,1.3323093710688418,86.01429069362148,1.0342802888797415,False
4626,1.338992997491278,85.359477124183,0.9951587051915803,False
4627,1.3931309847846698,85.90101080515859,0.899096738206613,False
4628,1.438246763967619,85.28232833739979,0.8794303444557876,False
4629,1.438246763967619,85.69187870338097,0.8289956490564827,False
4630,1.438246763967619,85.69187870338097,0.7550910976894968,False
4631,1.3650499452982918,85.69187870338097,0.7029867865651436,False
4632,1.3556351701443277,85.69187870338097,0.6931771517832837,False
4633,1.3444492806542339,85.69187870338097,0.68556563921496,False
4634,1.331460912158452,85.31621243885395,0.6694324017292977,False
4635,1.3166324640596194,84.80083857442348,0.6691472994798328,False
4636,1.299919377942921,85.15024458420685,0.6733478082884785,False
4637,1.2812692254828295,85.15024458420685,0.6788230450149294,False
4638,1.338431000913252,85.15024458420685,0.6721794125569279,False
4639,1.3817384363838872,85.15024458420685,0.6918047897657595,False
4640,1.4154315106049493,85.15024458420685,0.7109683576449847,False
4641,1.4414579384497928,84.77463312368972,0.7197943119636991,False
4642,1.460901082667665,85.36862334032145,0.7198487223933743,False
4643,1.4744107999392604,85.03840782122904,0.7216213940044469,False
4644,1.4944899209507327,84.8535054063481,0.7512794247875306,False
4645,1.5074378128524164,85.75652173913043,0.7417398556338809,False
4646,1.5137921663426543,85.80617122990004,0.7625231888923928,False
4647,1.552495862722567,85.49339819318972,0.7670214904516037,False
4648,1.5876130097652603,86.10363683708012,0.7789834664953023,False
4649,1.6194575760022287,86.18273057622426,0.7562037702993137,False
4650,1.6482760612926022,85.49110996029691,0.7750774331462796,False
4651,1.6742656807502856,86.16563360881543,0.772693552873769,False
4652,1.709679043341856,86.74242424242425,0.7172570293473904,False
4653,1.7322829714016699,86.77884615384616,0.6707008494191218,False
4654,1.752326607549778,86.1720356408499,0.6665456353447886,False
4655,1.7699164063762742,85.89732638592295,0.6632362768632908,False
4656,1.7851398152891225,86.30733749039037,0.661710958769535,False
4657,1.7980683847945471,86.30733749039037,0.6615926741290178,False
4658,1.8087600820813245,85.91441018194243,0.658529265284706,False
4659,1.8172610190858942,86.51234304262407,0.6297087222453244,False
4660,1.8236067368724704,86.5079365079365,0.602161884718605,False
4661,1.8278231425520386,86.20748444292899,0.6102316714929428,False
4662,1.829927163803348,86.25010655528088,0.6175034497982526,False
4663,1.829927163803348,86.00700076837701,0.6146978141736319,False
4664,1.851886257552295,86.68889458835599,0.5779355766827798,False
4665,1.8700854058262932,86.3640249636659,0.5862122631824157,False
4666,1.8847324924850226,86.93682140719842,0.5709844340983347,False
4667,1.879073438410761,86.43327912351279,0.560165331552629,False
4668,1.8711140449295391,87.0619484191586,0.5053849968904855,False
4669,1.8608163461419247,86.41076171707651,0.5070767151684561,False
4670,1.8481296441603996,86.83060577499786,0.47713670058250457,False
4671,1.8536146904174111,86.83060577499786,0.4500191254887582,False
4672,1.8645643225484185,86.1646534738285,0.45102530637655847,False
4673,1.8710595748646073,86.70891496103451,0.5193878209678152,False
4674,1.8732126133483278,86.74997860138663,0.5716879222642698,False
4675,1.8710595748646073,86.416901890343,0.5721529054603073,False
4676,1.8645643225484185,87.04384240663191,0.5629316103478967,False
4677,1.8645643225484185,87.07970643454514,0.5540521006739776,False
4678,1.845911717105485,86.47334754797441,0.5547058797145162,False
4679,1.8244410804260904,86.50076700187489,0.5580393830902185,False
4680,1.8244410804260904,86.35474266269672,0.5605328418115619,False
4681,1.8244410804260904,85.82375478927203,0.5404159906813049,False
4682,1.8203148595893088,85.80557212234812,0.531429372862127,False
4683,1.8379912279190533,86.40354615974768,0.5318583519777533,False
4684,1.843938534752424,86.37411423204986,0.5425330856959966,False
4685,1.845911717105485,85.72771557986496,0.5274290633589717,False
4686,1.8504337870686127,85.5273287143957,0.5180476410258266,False
4687,1.8504337870686127,86.23641188051015,0.5485095492856059,False
4688,1.8525868255523334,86.15069545183036,0.5572633348982223,False
4689,1.8525868255523334,85.98178568388799,0.5720352848499144,False
4690,1.8504337870686127,86.29973587799267,0.571610703557529,False
4691,1.843938534752424,86.27952588044683,0.5832578383402335,False
4692,1.8329889026214166,86.2616264186364,0.5929892566424578,False
4693,1.817384402953801,85.14124775966545,0.5323689628588604,False
4694,1.7968117535145236,85.19467213114754,0.47384324725612426,False
4695,1.7707997244757425,86.18156973268427,0.4826270434688006,False
4696,1.7386334744713319,86.83693516699411,0.47644738733046893,False
4697,1.699176749362644,86.83693516699411,0.4682544078192987,False
4698,1.662932246059691,86.19865061064138,0.47324955146759656,False
4699,1.6815848515026244,86.57047724750278,0.47387131869331983,False
4700,1.6815848515026244,86.56028671388344,0.4702754531446521,False
4701,1.6888404374768236,86.21130723970325,0.48260583163386184,False
4702,1.6940031251275371,86.78537956888472,0.48317851305036785,False
4703,1.6970928791503863,86.18376358695652,0.490854861836835,False
4704,1.698121496342283,86.75636794448675,0.4812415361126695,False
4705,1.7102063620196355,86.71163575042158,0.47312908312443247,False
4706,1.7195250457302134,87.08105837883242,0.43932302171111715,False
4707,1.726139191873402,87.10976837865056,0.41366115641597256,False
4708,1.7334762587264345,86.7968815491659,0.41198840948935467,False
4709,1.7346029103831535,87.02084734364492,0.39207819816421535,False
4710,1.7334762587264345,86.3399462004035,0.40387688691497475,False
4711,1.7300911728744404,86.84431741761937,0.39701766296267343,False
4712,1.7775843733220311,86.84431741761937,0.3821960873386259,False
4713,1.821671535313084,86.84431741761937,0.38914361926165153,False
4714,1.8538377853174945,86.84431741761937,0.4543466861847238,False
4715,1.846500718464462,86.84431741761937,0.5819626772251876,False
4716,1.8436295601229271,86.84431741761937,0.6913291238620347,False
4717,1.8378659092353011,86.84431741761937,0.7913356616721738,False
4718,1.8291661294099426,86.84431741761937,0.8846150239758065,False
4719,1.8174622334521329,86.23969028783033,0.9722004858089832,False
4720,1.8026585034845435,86.55433866891323,1.0505082729907793,False
4721,1.7846263309738202,86.06239460370995,1.1382324602337233,False
4722,1.7631965097917934,86.02023608768971,1.2125146203960073,False
4723,1.7381476620199974,86.13711105489502,1.2789107101199306,False
4724,1.7091884426478088,86.78752107925801,1.3387976319277366,False
4725,1.7053179425256038,86.81772237196766,1.3609262767999475,False
4726,1.7053179425256038,86.50513208817095,1.4199439725854608,False
4727,1.7302411259037973,87.12821374558898,1.4509474394788489,False
4728,1.7302411259037973,87.12821374558898,1.5106704259566108,False
4729,1.7302411259037973,87.12821374558898,1.5205600387790603,False
4730,1.7302411259037973,87.12821374558898,1.557887117374402,False
4731,1.7302411259037973,87.12821374558898,1.620665637152943,False
4732,1.7510735679960256,86.61569484120317,1.6467270494428317,False
4733,1.7753452721083605,87.30465467988573,1.6794503639956726,False
4734,1.7963380765536656,87.91568693315418,1.6919705634998754,False
4735,1.8142315605441044,88.49668818646768,1.6554377426530558,False
4736,1.8291661294099426,88.58836296852826,1.6324449957346765,False
4737,1.8412509950872953,88.68112690102218,1.5873599357181059,False
4738,1.8423776467440138,88.77491934816776,1.5453407601928257,False
4739,1.8313681851260744,88.86967975631843,1.4987994246638248,False
4740,1.8174622334521329,88.8834275415745,1.4451701789196834,False
4741,1.8142315605441044,89.20857445594588,1.3229958650688252,False
4742,1.824752426366052,89.20857445594588,1.2466787158297776,False
4743,1.8322068551610395,89.20857445594588,1.1729595477694903,False
4744,1.8366558994132451,89.20857445594588,1.1037371393762783,False
4745,1.846500718464462,88.61357893878882,1.1576177925085482,False
4746,1.8798498143562756,89.37973754992257,0.9437023201905534,False
4747,1.8798498143562756,89.06961613532856,0.9695865227410765,False
4748,1.8538377853174945,89.6632860040568,0.7080259622870503,False
4749,1.8524457619822474,88.71217682081397,0.9296698775702812,False
4750,1.8560007948051993,89.4745470940241,0.7498046960492837,False
4751,1.8571838249410617,90.03538221015387,0.5021087008373071,False
4752,1.8560007948051993,89.4386455165612,0.5977995109030719,False
4753,1.8524457619822474,89.82188295165395,0.482208141259366,False
4754,1.8524457619822474,89.8287025653635,0.554753776326485,False
4755,1.846500718464462,89.08689610071119,0.6585430674639456,False
4756,1.8381350344195329,89.73669193771909,0.6792890506823656,False
4757,1.8273044825967766,89.07966474082512,0.7524622200699463,False
4758,1.8139497628922032,89.49078210021928,0.7902702670032542,False
4759,1.8012630609106781,89.50482210876083,0.8269776945551919,False
4760,1.7861223193716953,88.77039909516884,0.937302282237974,False
4761,1.7861223193716953,89.41138577985345,0.9891279968329486,False
4762,1.7684459510419508,89.45594607607126,1.0332701173068926,False
4763,1.7481327923144812,89.50187894778924,1.0723952176152634,False
4764,1.7656027541792922,89.5491476820137,1.1531258198989047,False
4765,1.7769594329671672,89.35967626755534,1.191840675274555,False
4766,1.790873154727421,89.39141474252162,1.2261046689602666,False
4767,1.8000017008618392,89.5650788593277,1.2541490915207287,False
4768,1.804523770824967,89.51786999280402,1.3061591876463419,False
4769,1.804523770824967,88.84175138077323,1.33544985556716,False
4770,1.7769268557783315,89.20759554522874,1.406305032949954,False
4771,1.745933587499216,89.1829043380643,1.4438061027845694,False
4772,1.7112370236757375,89.15991334349675,1.4754851788749233,False
4773,1.68379007601105,88.40568081521303,1.487918369361463,False
4774,1.6814210445316427,87.72577667175082,1.491400590202671,False
4775,1.6482760612926022,88.12334377258492,1.5215260424879764,False
4776,1.6081008972143542,87.6752054132431,1.49890369065258,False
4777,1.5786253624567927,87.8565080391048,1.5120584870129157,False
4778,1.546141509232329,87.82207097715118,1.4997167448977644,False
4779,1.5104019024816628,87.78942237387278,1.492601253007785,False
4780,1.4710917104444494,87.08472098123629,1.430981879459888,False
4781,1.427799924480996,87.48680470970362,1.3953006687705563,False
4782,1.427799924480996,87.48478207937667,1.3595495147038372,False
4783,1.427799924480996,87.48479195392976,1.334382156726145,False
4784,1.427799924480996,86.81969340579123,1.236132063546601,False
4785,1.427799924480996,87.2982399221348,1.24743563941379,False
4786,1.427799924480996,87.2982399221348,1.2199253870602655,False
4787,1.4238396798877802,87.2982399221348,1.2117263278339174,False
4788,1.463741201990242,86.80702324825232,1.1768111511845343,False
4789,1.463741201990242,87.02451739024191,1.1757224621815394,False
4790,1.463741201990242,86.30482545365774,0.9459425467865866,False
4791,1.463741201990242,86.72681459806552,1.114620993599183,False
4792,1.500087304398209,86.73593635847065,1.1060874072844393,False
4793,1.5331936173306455,86.7471832698387,1.1019722858194698,False
4794,1.5633084390757022,86.27212209774314,1.0166202249326368,False
4795,1.5906309353495431,86.04991464108609,0.9799663421242683,False
4796,1.615323199803135,86.65147322155299,1.0008302870630916,False
4797,1.6375185509111683,86.00926753922445,0.9360926964955423,False
4798,1.6375185509111683,86.48319532391622,0.9244320669014182,False
4799,1.5892967719582916,86.26894706979006,0.8959170133664234,False
4800,1.5556036977372294,86.76161191131251,0.8941088233359696,False
4801,1.5265145582156339,86.76446880541674,0.8906614301919052,False
4802,1.4824169199223087,87.00224791265254,0.8902649542868304,False
4803,1.5105595778637126,87.75018085362913,0.8808981201681924,False
4804,1.5358534870446796,87.77572792171333,0.8686079008034462,False
4805,1.5358534870446796,87.8031212484994,0.853964350919489,False
4806,1.5358534870446796,87.60878243512974,0.8451223044529601,False
4807,1.5160446241207244,88.07836266624194,0.8133782457378244,False
4808,1.493849273012691,88.06881243063263,0.793810063878849,False
4809,1.5178657101173134,88.37686419947921,0.737785352005023,False
4810,1.5393653509486303,88.37686419947921,0.6796125995843473,False
4811,1.5584574151044932,88.37686419947921,0.6339545552658243,False
4812,1.5752323874345693,88.37686419947921,0.5717104020295252,False
4813,1.5752323874345693,88.37686419947921,0.5106041657159726,False
4814,1.5897651653441072,88.37686419947921,0.44476051700840635,False
4815,1.4984244813325356,88.37686419947921,0.3750158023606336,False
4816,1.5094621252684286,87.62813436366504,0.37426346873000266,False
4817,1.5184387137728148,87.5758291971953,0.3756917865088401,False
4818,1.5184387137728148,87.98670465337132,0.3517011940641477,False
4819,1.5184387137728148,87.96944621260344,0.3319443278564371,False
4820,1.5184387137728148,87.87394016957286,0.323071737098614,False
4821,1.5184387137728148,87.13805791073428,0.3227427187317379,False
4822,1.5184387137728148,87.53799392097264,0.38328512088464245,False
4823,1.5352702332191592,87.13005919052952,0.4000730858058071,False
4824,1.5495348211113549,87.1918027537624,0.3946317020289313,False
4825,1.5495348211113549,87.7590054191903,0.40415880226919343,False
4826,1.5495348211113549,87.44819891616194,0.40397405622025795,False
4827,1.5495348211113549,87.75103602167677,0.423557932950705,False
4828,1.5495348211113549,87.02655290646679,0.3986572864843267,False
4829,1.6364264608707209,87.53190810465858,0.39732023006004713,False
4830,1.6364264608707209,87.52892364158622,0.39790387184927145,False
4831,1.6497811805752938,87.13692946058092,0.3847522711181848,False
4832,1.6606117323980505,87.82414425915583,0.4137920559762515,False
4833,1.6689774164429794,88.12321371864084,0.4368333441340086,False
4834,1.6749224599607646,88.12698412698413,0.4315965751264104,False
4835,1.6761678109911355,88.1326352530541,0.43438117500262485,False
4836,1.6784774927837165,88.14016172506739,0.4376601540371641,False
4837,1.678477492783717,88.14955640050697,0.43592768897407086,False
4838,1.6761678109911355,88.16081038303261,0.4499433327505285,False
4839,1.6749224599607648,88.17391304347827,0.44702865088064603,False
4840,1.671179472159111,88.18885204484447,0.45874311547311775,False
4841,1.6649178093654915,87.54144954997632,0.45651580903914285,False
4842,1.6561016075061712,86.881110059918,0.4175939693891571,False
4843,1.6539975862548617,87.13790931989925,0.39938567860309365,False
4844,1.6497811805752938,87.7887788778878,0.42848355678558664,False
4845,1.6434354627887175,87.2437001095633,0.44454765699217025,False
4846,1.6349345257841477,87.5389650872818,0.49245886595275773,False
4847,1.6242428284973702,87.0710357115191,0.4794636525445001,False
4848,1.6113142589919456,87.64305598515311,0.5421785388278649,False
4849,1.5960908500790976,87.67461603766304,0.6367617868735758,False
4850,1.5785010512526014,87.39987677141097,0.6967430486386412,False
4851,1.5584574151044932,88.01967263505725,0.7508825560437942,False
4852,1.5358534870446794,88.31704337202198,0.7531661033896333,False
4853,1.5358534870446794,88.36767277427202,0.7716458721438602,False
4854,1.5358534870446794,87.81487101669195,0.8046091342984658,False
4855,1.5358534870446794,88.10659398894693,0.833101817572511,False
4856,1.5358534870446794,88.12688821752266,0.8434970919697832,False
4857,1.5358534870446794,88.00572590974159,0.8610349026328112,False
4858,1.5358534870446794,88.35287045386234,0.875645882544931,False
4859,1.5105595778637126,88.03727081454764,0.8889715866667882,False
4860,1.4824169199223087,88.40087540562976,0.9035849233613691,False
4861,1.4824169199223087,87.63800225309801,0.9582344770012388,False
4862,1.4612365193726677,88.2968388012854,1.00511500496394,False
4863,1.437708291448477,88.18499516692691,1.0513403104483714,False
4864,1.4117196905402019,88.58643390783342,1.0470737358807305,False
4865,1.3831354475708932,88.60229276895943,1.0773673942336641,False
4866,1.3494226389811557,88.87510037228995,1.0953767026223804,False
4867,1.3124852065079404,88.2473173224323,1.129678584584853,False
4868,1.2720067799215513,89.07949485363895,1.1056627326720252,False
4869,1.3071167709064087,89.47215566688449,1.0804209136706626,False
4870,1.3412082357256412,89.30516227401438,1.0544913433503185,False
4871,1.3648941937265637,89.37776809700138,1.0311814712648542,False
4872,1.3712485472168017,88.85193753614806,1.0385627764749665,False
4873,1.3712485472168017,89.21759159288851,1.0285965554579632,False
4874,1.3712485472168017,89.28059615935798,1.0029038079658603,False
4875,1.3268166907347363,89.34455459667642,0.9928044356197026,False
4876,1.2778745228993142,89.08430646539448,1.0008579387738605,False
4877,1.2627977271854782,89.23875186580425,1.0025107214390983,False
4878,1.2391117691845555,89.42253121452895,0.9961979219508964,False
4879,1.2391117691845555,89.28064699205449,0.9963360410226594,False
4880,1.2025799301861708,89.53603859250852,0.9868064128217024,False
4881,1.1628891821401641,90.12521343198634,0.9438181279886966,False
4882,1.119720157474105,90.17464148800227,0.8990627827746291,False
4883,1.0726576237742649,90.22524436889078,0.8509678142789859,False
4884,1.0726576237742649,89.4311229871317,0.8495556689480059,False
4885,1.0726576237742649,90.26245986318581,0.7991389083060021,False
4886,1.1344184681665601,90.30420891790527,0.7483702556159105,False
4887,1.1897001989172087,90.34687672747374,0.6987828296575465,False
4888,1.2397055450466692,89.60859977949283,0.6966114593380407,False
4889,1.2852250313535216,90.25697402775869,0.6593986848170292,False
4890,1.267136456800075,90.0041135335253,0.6421345855084298,False
4891,1.3057640265520432,90.1983584131327,0.614441638778237,False
4892,1.341208235725641,90.32478165938865,0.5798676754346213,False
4893,1.341208235725641,90.28320647329082,0.5511759377244073,False
4894,1.3737202473851469,89.6361631753032,0.5564572687433258,False
4895,1.4035023160770048,90.40365575019041,0.5262210252652234,False
4896,1.44620277197521,90.54819110742889,0.4869086542267442,False
4897,1.4849064683551223,90.54819110742889,0.4599399505634685,False
4898,1.520023615397816,90.54819110742889,0.42687455283906256,False
4899,1.5518681816347843,90.54819110742889,0.3947344324277717,False
4900,1.5453729293185958,90.54819110742889,0.36324548066986534,False
4901,1.5344232971875882,90.54819110742889,0.37261881998187074,False
4902,1.5188187975199727,90.54819110742889,0.34682257525753263,False
4903,1.5384213121589434,90.54819110742889,0.3242442820997618,False
4904,1.5384213121589434,90.54819110742889,0.3041398784906315,False
4905,1.5384213121589434,89.74588526960953,0.29645007370993726,False
4906,1.5384213121589434,90.44642857142857,0.2988457133114529,False
4907,1.5384213121589434,90.56758418140838,0.2874434723957565,False
4908,1.5745303850272305,90.56758418140838,0.30610693155784713,False
4909,1.6069796579895546,90.56758418140838,0.3271438416097047,False
4910,1.6230147012284593,90.56758418140838,0.3501610358671,False
4911,1.6369185152170003,90.56758418140838,0.3742779965244628,False
4912,1.6487446631558704,90.43956043956044,0.40160188769509547,False
4913,1.6585369560613925,90.38740418479387,0.4130242380598184,False
4914,1.6845296627039148,89.97438205358998,0.4578856055398321,False
4915,1.7073084889836299,90.19226764767127,0.5150528887730452,False
4916,1.7270581231328372,90.17602449036387,0.5637178650906557,False
4917,1.7270581231328372,89.8751830416289,0.5712274152434158,False
4918,1.7270581231328372,90.44790720424848,0.5990143681664859,False
4919,1.7270581231328372,90.3430927258752,0.6242942701002889,False
4920,1.7270581231328372,90.3570679896583,0.6286011200253933,False
4921,1.7270581231328372,89.61858529819695,0.6155970364071407,False
4922,1.7270581231328372,90.38607115821347,0.6242929893765649,False
4923,1.7270581231328372,90.41114695586519,0.6271966127376746,False
4924,1.7270581231328372,90.43740160175234,0.6446850999866015,False
4925,1.7270581231328372,90.23957409050577,0.6572357007290586,False
4926,1.7270581231328372,90.76556651922422,0.6614930786606155,False
4927,1.7270581231328372,90.15991833957128,0.6669849780861905,False
4928,1.7270581231328372,90.97652262674379,0.6579970783959397,False
4929,1.7270581231328372,91.00468082219659,0.6475990199427146,False
4930,1.6710639856806768,91.03387652985327,0.6400856183653472,False
4931,1.6018184896282297,91.06408787654155,0.6305385565159132,False
4932,1.498941259446481,91.095292458532,0.6182029118459058,False
4933,1.4891489665409592,90.88658414185346,0.6107577982033375,False
4934,1.477322818602089,91.41390573961736,0.5838037543345489,False
4935,1.4634190046135478,91.55646654324252,0.5651723849803353,False
4936,1.477322818602089,91.58927748139367,0.5442050703175563,False
4937,1.4891489665409592,91.21060266385335,0.5516942155875764,False
4938,1.581804257187951,91.42630849448881,0.5424573096734971,False
4939,1.6403580559536208,91.42555159202008,0.5331551927360135,False
4940,1.6851446264305439,90.99616858237547,0.5456205690480284,False
4941,1.6988889003371042,91.16792178623332,0.5392180152485572,False
4942,1.7104254465072817,91.16792178623332,0.5290588990487112,False
4943,1.7198025371586385,91.00277447483155,0.5454235271321716,False
4944,1.7198025371586385,91.418945699564,0.5434521344818684,False
4945,1.7198025371586385,91.38365614221279,0.546465812975537,False
4946,1.7677601992718963,91.34922749067661,0.5535983699493202,False
4947,1.7899923587670896,91.3156839149619,0.564207522785031,False
4948,1.7680896861341615,91.28304925513353,0.5690391101708876,False
4949,1.7429418283750393,90.6115301724138,0.5928154386739019,False
4950,1.7327198888402824,91.41659908083265,0.6115273382358294,False
4951,1.7203676382689692,91.41659908083265,0.6174311220861495,False
4952,1.7058348603594313,91.41659908083265,0.651193965370636,False
4953,1.6890598880293552,91.17329007839957,0.6841824879296656,False
4954,1.6890598880293552,91.62611516626116,0.6805571304954205,False
4955,1.669967823873492,91.99460006749915,0.6670055585483353,False
4956,1.6484681830421755,91.99460006749915,0.6540669483112923,False
4957,1.6153231998031348,91.99460006749915,0.6715596847619146,False
4958,1.5785382995858783,91.99460006749915,0.6682156348806099,False
4959,1.5377060860404421,91.99460006749915,0.6659886693725113,False
4960,1.492274340914295,91.99460006749915,0.6557958620764848,False
4961,1.492274340914295,91.72460344245697,0.6608841943964096,False
4962,1.4656632802980472,91.44356249159155,0.6673463538055936,False
4963,1.4364725416714372,92.1006828223323,0.6557928658143451,False
4964,1.4045374344958588,92.12629896083133,0.6405731550569176,False
4965,1.4364725416714372,92.15270413573701,0.6248031517603164,False
4966,1.4656632802980472,92.17987603850719,0.608807861495844,False
4967,1.4656632802980472,92.20779220779221,0.5918177949583251,False
4968,1.4656632802980472,92.07332985386222,0.5822407502202295,False
4969,1.414240382176244,92.42148974824812,0.5596508928546163,False
4970,1.3562502855203358,92.45087900723888,0.5359266250614734,False
4971,1.3258913123445506,92.25569718037852,0.526881532308446,False
4972,1.2928161346503597,92.71701500192333,0.47959147018688264,False
4973,1.2568218587166213,92.71701500192333,0.4407668869547335,False
4974,1.2568218587166213,92.23638470451912,0.46783885478456466,False
4975,1.2250994253767957,92.44441571871768,0.45324933409588236,False
4976,1.1786327556040639,92.41500129769011,0.4566111829627791,False
4977,1.0972261621017096,90.92265766934855,0.40843955887380756,False
4978,1.1267251857192595,91.30519734271199,0.4148397565129958,False
4979,1.1538530565800795,91.31822326429595,0.41965135208338056,False
4980,1.201681991620676,91.61324087400236,0.4376471651921009,False
4981,1.201681991620676,92.42843951985226,0.44687246539256903,False
4982,1.201681991620676,92.39568868610725,0.4426541820911483,False
4983,1.201681991620676,92.36378098899642,0.47342160867454003,False
4984,1.201681991620676,92.17327752308816,0.5052256033915403,False
4985,1.201681991620676,91.95676679265301,0.5047756119866028,False
4986,1.201681991620676,92.2352629135999,0.5202853387354169,False
4987,1.201681991620676,92.2352629135999,0.5344460855782419,False
4988,1.201681991620676,91.96339765267555,0.5351584696686275,False
4989,1.201681991620676,92.47397387441151,0.5285745567601611,False
4990,1.2449737775841292,92.47667570965395,0.5343822146059803,False
4991,1.2842839696213428,92.48035914702581,0.53778978761322,False
4992,1.30738316633364,92.33353092274254,0.5442302182289055,False
4993,1.3282820174272938,92.58918599303594,0.5431047632500837,False
4994,1.3470624465271648,92.99854823808896,0.5180924828427013,False
4995,1.3637938028246002,92.4899624827223,0.5193196145777478,False
4996,1.4711900157846378,92.8055664959958,0.5067162246207012,False
4997,1.5297438145503075,92.67526346795837,0.500547829030837,False
4998,1.5745303850272305,92.95783840229736,0.48578944028749704,False
4999,1.592618959580677,92.95783840229736,0.47037432080133207,False
5000,1.601341401804275,92.95783840229736,0.44810544961584786,False
5001,1.601341401804275,92.95783840229736,0.4257099078081938,False
5002,1.6219140512435526,92.6641430622634,0.42637087713368343,False
5003,1.637518550911168,93.17974154810076,0.392357788281768,False
5004,1.6153231998031348,93.16485530967657,0.34951114589412996,False
5005,1.6153231998031348,92.33337698048972,0.34929068991210865,False
5006,1.6153231998031348,92.98153725284797,0.363369472008839,False
5007,1.5664255935012887,92.98153725284797,0.34171287257595634,False
5008,1.5344232971875882,92.30718868665707,0.3408313797364606,False
5009,1.5556036977372294,92.61885999474651,0.34124384328597557,False
5010,1.5887486809762699,93.07234821253513,0.3224369694130114,False
5011,1.6185646601203643,93.05937868659065,0.30720193238259447,False
5012,1.64529480901696,93.04724978642308,0.2935023850108366,False
5013,1.6691327135147183,93.03597311898801,0.2815450801268076,False
5014,1.690234376245165,93.02555973845848,0.27102718539943177,False
5015,1.7087264489760452,93.01602012445386,0.2622773738093905,False
5016,1.7247120393984283,93.00736416108273,0.2559825155639128,False
5017,1.7382748950267404,92.99960111687275,0.25108827348194973,False
5018,1.749482462001978,92.35329381202958,0.28065315800330654,False
5019,1.7583881374543453,93.18030161484052,0.2773394870027104,False
5020,1.7650329243001464,92.90671293206994,0.28604514523318464,False
5021,1.769446627344037,92.89336714266649,0.31636602616422416,False
5022,1.7612545952901781,93.18030161484052,0.32403639476158097,False
5023,1.762329999349591,92.52055343894125,0.329900604783806,False
5024,1.7612545952901781,92.91069754987281,0.3449620671796774,False
5025,1.769446627344037,92.90742106321646,0.3592107962773175,False
5026,1.769446627344037,92.14989609170745,0.4070299183550637,False
5027,1.769446627344037,92.73312328216129,0.43218492672423486,False
5028,1.7748777433513634,92.73312328216129,0.5504906712096325,False
5029,1.7775843733220311,92.73312328216129,0.5644237874583162,False
5030,1.7775843733220311,92.73312328216129,0.574683565127541,False
5031,1.7748777433513636,92.73312328216129,0.5822664134152896,False
5032,1.810148703483096,92.73312328216129,0.5853192800287466,False
5033,1.8378659092353011,92.73312328216129,0.5880475007612923,False
5034,1.8247524263660522,92.73312328216129,0.6066641966366182,False
5035,1.8181076395202511,92.73312328216129,0.6064193670048835,False
5036,1.8092019640678836,92.73312328216129,0.616879010860641,False
5037,1.797994397092646,92.73312328216129,0.6179909668639509,False
5038,1.7844315414643337,92.09961068599812,0.6081100238291123,False
5039,1.8073865495861565,92.47362408440293,0.6127943763246249,False
5040,1.8246905352074019,92.47275662585766,0.6107959314164216,False
5041,1.8073865495861565,92.16985597403476,0.5981768915884245,False
5042,1.8073865495861565,92.2930542340628,0.5925133615516547,False
5043,1.8073865495861565,92.2682876852674,0.5871943868190487,False
5044,1.8073865495861565,92.24433768016472,0.5823225109590484,False
5045,1.8073865495861565,92.22122612233639,0.5759077645991616,False
5046,1.8073865495861565,91.5131442765473,0.5309172264854317,False
5047,1.8073865495861565,91.93069648650514,0.5246413316835419,False
5048,1.8073865495861565,91.0275967272223,0.40602036260942065,False
5049,1.8073865495861565,91.94233581725747,0.41874648457787217,False
5050,1.8073865495861565,91.97470817120623,0.434477478838904,False
5051,1.7844315414643337,92.0080404796562,0.4518820314628801,False
5052,1.755136449801458,92.12527654867256,0.4497055256205922,False
5053,1.748567564980549,92.10215837323895,0.4893790260410166,False
5054,1.738633474471332,91.68988576205071,0.5795792473080369,False
5055,1.7252317388429736,92.33834323663055,0.6205345431759168,False
5056,1.7082156207048378,91.78947368421052,0.7218196706038574,False
5057,1.7082156207048378,92.47728393322532,0.810707170895229,False
5058,1.7082156207048378,91.77290976966965,0.879556246563444,False
5059,1.7082156207048378,91.77995351130521,0.922286852819322,False
5060,1.7333634784639598,92.45615270831865,0.988682370629624,False
5061,1.7552661510968877,92.46160349443427,1.0449881891988568,False
5062,1.7741059170584725,92.46811808638061,1.0930856679676046,False
5063,1.7900262186958502,92.47569395519234,1.107868607560251,False
5064,1.8031397015650992,92.4843276748609,1.160339485390172,False
5065,1.810148703483096,91.94479650753415,1.205799065686288,False
5066,1.8143344684600515,92.68069533394328,1.2412090048501907,False
5067,1.8157264917952989,92.7019068984857,1.2483232201362098,False
5068,1.8143344684600515,92.51448921164723,1.2871662313583383,False
5069,1.8143344684600515,92.89290681502086,1.303260203031933,False
5070,1.8143344684600515,92.89290681502086,1.3315492307072718,False
5071,1.8189649053424164,92.89290681502086,1.355573765498407,False
5072,1.8212745871349973,92.42002781641169,1.361914404543832,False
5073,1.8212745871349978,93.12239221140473,1.3508157907741576,False
5074,1.8189649053424164,93.78821567537521,1.3339148136198673,False
5075,1.8143344684600515,93.28793774319067,1.3180943599446395,False
5076,1.8073608077503693,94.05919955530851,1.238943873310285,False
5077,1.7980093909339008,94.07776394077764,1.1828507702127171,False
5078,1.7862325571399982,94.09698305551728,1.1277521969581417,False
5079,1.7719679692478025,93.91799232035108,1.120091292405309,False
5080,1.755136449801458,94.26699426699426,1.0611683456239729,False
5081,1.7356389954751243,94.26699426699426,1.0044922822057742,False
5082,1.7270969283011546,94.26699426699426,0.9501696067189793,False
5083,1.7150097993082167,93.73464373464374,0.9307364083708636,False
5084,1.6992390322004516,94.50586950586951,0.8618423369545227,False
5085,1.6795896202440854,94.51261077027948,0.7953829174959773,False
5086,1.6873831786126094,94.52008168822329,0.7294526098173562,False
5087,1.6932052364410144,94.00489396411093,0.7066030443060717,False
5088,1.6970757365632192,94.69326818675353,0.6279533651246887,False
5089,1.699007751305905,94.51046590141796,0.5710599386537327,False
5090,1.699007751305905,94.84750772537956,0.47553792672261946,False
5091,1.6970757365632192,94.84750772537956,0.3702891309897906,False
5092,1.6932052364410144,94.21265141318977,0.34361737631305683,False
5093,1.6443714206809694,94.11566459962253,0.32781982494462425,False
5094,1.592247783351014,94.91697043337383,0.18493924535201675,False
5095,1.5652205787215108,94.16347639196722,0.2072199685491141,False
5096,1.533817377459477,93.36188436830835,0.17618515524035272,False
5097,1.494876778915271,94.18038797413506,0.1949911648723603,False
5098,1.453804853458493,94.18038797413506,0.19926718328478335,False
5099,1.4058471913452353,94.18038797413506,0.21010183958328096,False
5100,1.4058471913452353,94.18038797413506,0.22528743135466636,False
5101,1.4058471913452353,94.18038797413506,0.2511220547924494,False
5102,1.463562331327583,94.18038797413506,0.27583850212268823,False
5103,1.5123961470876277,94.18038797413506,0.2760115759478664,False
5104,1.5543779407320286,94.18038797413506,0.3157576233690932,False
5105,1.552591918897619,94.18038797413506,0.31644422193517685,False
5106,1.5490147662086629,94.18038797413506,0.36676215051517363,False
5107,1.5436361763470314,94.18038797413506,0.4085052168674633,False
5108,1.5364404652905264,94.18038797413506,0.4526067319799808,False
5109,1.5274062907603576,94.18038797413506,0.4898015042255677,False
5110,1.5165062586583535,94.18038797413506,0.5216287115081945,False
5111,1.5037063976523952,94.18038797413506,0.5492175878681984,False
5112,1.4889654753393495,94.18038797413506,0.5732794867435252,False
5113,1.4722341190419141,94.18038797413506,0.5943385095030219,False
5114,1.4982461480806952,94.18038797413506,0.6126714223979156,False
5115,1.4779865839745367,93.70041997200187,0.616271573274945,False
5116,1.4555098469702124,94.32704486367575,0.6306052005147333,False
5117,1.4307198723505536,93.75250300360433,0.6344023923577927,False
5118,1.365284630420991,94.53391246241229,0.6419100506559162,False
5119,1.2868828534726802,94.57395231453809,0.6468079909853114,False
5120,1.1751172867945407,94.61421688337404,0.6411254793646087,False
5121,1.1751172867945407,94.72027284055879,0.6423667424422552,False
5122,1.1751172867945407,94.72267804397768,0.6889695304192541,False
5123,1.1751172867945407,94.18062397372742,0.7366093041944559,False
5124,1.1751172867945407,94.91358349214694,0.7295946784524971,False
5125,1.201681991620676,94.3287113097194,0.7751004676491698,False
5126,1.2259790140555222,95.06473023592035,0.7623719529771049,False
5127,1.2481068205144499,95.09727118422771,0.7495146981821438,False
5128,1.2681489963097885,95.19486414629401,0.7247163696442446,False
5129,1.2681489963097885,95.19486414629401,0.7038918362391962,False
5130,1.2681489963097885,95.19486414629401,0.6874558859149589,False
5131,1.2681489963097885,95.19486414629401,0.666512409722764,False
5132,1.2681489963097885,95.19486414629401,0.646596273227215,False
5133,1.2681489963097885,95.19486414629401,0.6352313758705437,False
5134,1.2681489963097885,95.19486414629401,0.6191415187528574,False
5135,1.2681489963097885,95.19486414629401,0.6042390405597253,False
5136,1.2681489963097885,95.19486414629401,0.5902310673238852,False
5137,1.2681489963097885,95.19486414629401,0.5775066474455018,False
5138,1.2681489963097885,95.19486414629401,0.5660758156666754,False
5139,1.2681489963097885,95.19486414629401,0.5610705852951937,False
5140,1.3775173730734789,94.63069839828805,0.5656627108080768,False
5141,1.4534595776037722,95.2791647753064,0.5604662573936511,False
5142,1.516369527713378,96.004410715444,0.49670078665431894,False
5143,1.4982461480806952,96.004410715444,0.43109684820140753,False
5144,1.4779865839745367,95.41415320749822,0.4231071213208235,False
5145,1.4555098469702124,96.11467860154374,0.34032100709815977,False
5146,1.4555098469702124,95.56925072980863,0.32546166426320755,False
5147,1.4555098469702124,95.57573791761271,0.31192608200052874,False
5148,1.4555098469702124,95.30822364133977,0.3155884469899237,False
5149,1.4555098469702124,95.48399764382486,0.32040014765580466,False
5150,1.4555098469702124,94.73787551541331,0.316396802295754,False
5151,1.4555098469702124,95.35964395575627,0.3241322469510912,False
5152,1.4555098469702124,95.35964395575627,0.3353832416670935,False
5153,1.4555098469702124,94.77060017016821,0.33349513620317045,False
5154,1.4555098469702124,95.46436285097192,0.344059512773122,False
5155,1.4779865839745367,95.47031485239249,0.34135085555121747,False
5156,1.4982461480806952,95.47686064017805,0.3657839193590577,False
5157,1.516369527713378,95.48399764382486,0.38829819545912697,False
5158,1.4982461480806952,95.49172282928744,0.4091916047411732,False
5159,1.4982461480806952,94.96369939171954,0.42130680020873884,False
5160,1.4982461480806952,95.66581682682879,0.4340145332035379,False
5161,1.5089842141799346,95.76194184839045,0.44075972162239846,False
5162,1.5089842141799346,95.76194184839045,0.44740387349407634,False
5163,1.4982461480806955,95.76194184839045,0.4460561828728885,False
5164,1.4755113620493374,95.76194184839045,0.45708489073780106,False
5165,1.437011107203489,95.76194184839045,0.4667572301708519,False
5166,1.437011107203489,95.76194184839045,0.47522525754322836,False
5167,1.437011107203489,95.76194184839045,0.4730643004553363,False
5168,1.4708319177914988,95.76194184839045,0.4846615494868822,False
5169,1.5013436072123096,95.08047767393562,0.47571398175823143,False
5170,1.528790554876997,95.87227414330218,0.48973311508700296,False
5171,1.5533676652898718,95.89588299722956,0.5029318011922851,False
5172,1.5752323874345693,95.97083653108211,0.5128853815571875,False
5173,1.5945129641684268,95.98057383858394,0.5213748006474166,False
5174,1.6113142589919458,95.99080694586313,0.5284575491411853,False
5175,1.5228447333219095,95.49773611376825,0.5432486114373046,False
5176,1.535773302827334,96.1656050955414,0.5399832198822979,False
5177,1.5464650001141114,96.1787072243346,0.5362908723979175,False
5178,1.5464650001141114,96.1921573572059,0.532157959861319,False
5179,1.5464650001141114,96.205945064593,0.5280811008089745,False
5180,1.5464650001141114,96.22005988023952,0.5226990350653848,False
5181,1.5464650001141114,96.23449131513648,0.5185508599949342,False
5182,1.5464650001141114,96.24922887106725,0.5145552617120235,False
5183,1.5464650001141114,96.09863820390136,0.5176940481149969,False
5184,1.5464650001141114,96.37106611368627,0.5078911887528881,False
5185,1.5464650001141114,96.37106611368627,0.5047430096670802,False
5186,1.532902144485799,96.37106611368627,0.5016151024710542,False
5187,1.5169165540634162,95.66357648206879,0.5085171541248092,False
5188,1.4984244813325356,96.44425469626738,0.5024798162646931,False
5189,1.477322818602089,95.96955859969559,0.5108440817038155,False
5190,1.477322818602089,96.60306271268838,0.49839058149721766,False
5191,1.477322818602089,96.61713181104265,0.4787853661777165,False
5192,1.477322818602089,96.63143989431968,0.46832958175900136,False
5193,1.477322818602089,96.64597756027692,0.45681385324139395,False
5194,1.477322818602089,96.66073546856465,0.4476695289405104,False
5195,1.477322818602089,96.67570434987623,0.43899864452278325,False
5196,1.477322818602089,96.69087501464215,0.4308067434570009,False
5197,1.477322818602089,96.7062383612663,0.4230983043961147,False
5198,1.477322818602089,96.72178538390379,0.4122944018455669,False
5199,1.477322818602089,96.73750717978173,0.4073499416933723,False
5200,1.477322818602089,96.75339495606528,0.4035652106709672,False
5201,1.4634190046135478,96.76944003627295,0.4019417003099612,False
5202,1.4473839613746429,96.78563386624634,0.3999337323304181,False
5203,1.4291529843613586,96.8019680196802,0.39748168644473764,False
5204,1.4291529843613586,96.75735702387563,0.3976282575890526,False
5205,1.4291529843613586,96.90670489633878,0.3903192009240664,False
5206,1.4291529843613586,96.92036955565332,0.3840492205126149,False
5207,1.4031633649036754,96.93429856312383,0.37755377240267823,False
5208,1.374344879613302,96.94848517991906,0.3708584470367977,False
5209,1.3425003133763334,96.9629225736096,0.36398796485061063,False
5210,1.30738316633364,96.9776038269189,0.35653730174181775,False
5211,1.2686794699537274,96.5034965034965,0.35701115404487865,False
5212,1.2686794699537274,96.18798671241083,0.34513357309137405,False
5213,1.2686794699537274,96.98606459976234,0.3349336385837356,False
5214,1.2686794699537274,97.05362404242781,0.3218371578446213,False
5215,1.2259790140555222,97.06961655055045,0.3529025572110639,False
5216,1.2259790140555222,97.08568713373106,0.559767019640117,False
5217,1.2259790140555222,97.10182904459934,0.5748114684728329,False
5218,1.2259790140555222,97.05561046662852,0.6571048851954927,False
5219,1.2686794699537274,97.19109825992668,0.6692148707853269,False
5220,1.30738316633364,97.20899267680647,0.6756837729671502,False
5221,1.3425003133763334,97.25735182081365,0.6798731687857058,False
5222,1.3525074295964727,97.25735182081365,0.6839906876211751,False
5223,1.3584547364298434,97.25735182081365,0.6884069555988778,False
5224,1.3604279187829045,97.25735182081365,0.6921285007611093,False
5225,1.3584547364298434,97.25735182081365,0.6951371120868621,False
5226,1.3525074295964727,97.25735182081365,0.6974820277589872,False
5227,1.374344879613302,97.25735182081365,0.6992152683864329,False
5228,1.3939473942522724,97.25735182081365,0.700391947368444,False
5229,1.3808832571151748,97.25735182081365,0.7011151060464513,False
5230,1.3637938028246004,96.77386473676164,0.7015794545411747,False
5231,1.3424256522693587,97.13628228074661,0.7027609119323902,False
5232,1.3164218868227548,97.12174849930737,0.7035647910344318,False
5233,1.2852748466470731,97.10741674815996,0.7040588139588965,False
5234,1.2482389571842902,97.09329340699055,0.7043147276944323,False
5235,1.2041517951932372,96.28788269915844,0.6832425170663277,False
5236,1.150999540671385,95.04945367925016,0.5195052739875081,False
5237,1.0844863484244938,96.26590495975071,0.4949727605076318,False
5238,0.9842399889605549,95.49391627139616,0.37316917126352506,False
5239,0.9904799742690308,96.19734889195966,0.3391371911001476,False
5240,0.995148095654003,96.30156472261736,0.315488955979936,False
5241,0.9982545693874831,96.31261713012206,0.2921999408129129,False
5242,0.999806132804711,96.32397495455463,0.2760543129477385,False
5243,0.999806132804711,96.33563195248402,0.26044850760084476,False
5244,0.9982545693874831,96.34758177804535,0.24814258911075882,False
5245,0.995148095654003,96.35981799089954,0.2396144657910792,False
5246,0.9904799742690308,96.37233406418179,0.23312554847431854,False
5247,0.9842399889605549,96.38512339242266,0.22598199985286144,False
5248,0.976414308115487,96.39817929942609,0.22072182614213035,False
5249,0.9669852958320848,96.41149504608863,0.21572965054678914,False
5250,0.9559312637896478,96.42506383814575,0.2104689664664843,False
5251,0.9432261548473415,96.43887883383066,0.26011992281586543,False
5252,0.9288391461883214,96.45293315143248,0.25758792117950796,False
5253,0.9127341558073343,96.46721987674091,0.29872297373102363,False
5254,0.8948692308065574,96.48173207036535,0.2997892995879364,False
5255,0.875195788740725,96.49646277491698,0.3015449079688019,False
5256,0.8536576732793313,96.51140502204332,0.302238735929823,False
5257,0.8301899714180443,96.52655183930531,0.30722925179865823,False
5258,0.804717519321077,96.54189625688771,0.3891172789353407,False
5259,0.7771529943226336,96.55743131413439,0.42532892815791773,False
5260,0.7473944462440387,96.57315006590096,0.4920662937859339,False
5261,0.7153220528038851,96.331349857096,0.5498500644377364,False
5262,0.6807937753703206,96.69837716843872,0.597394880780098,False
5263,0.6436394131461666,96.69837716843872,0.6397746377614772,False
5264,0.603652249754401,96.69837716843872,0.6782624377091557,False
5265,0.560576942614533,96.69837716843872,0.7127854423583219,False
5266,0.5140912790181235,96.69837716843872,0.7440011586656374,False
5267,0.5140912790181235,96.69837716843872,0.7731359915148837,False
5268,0.5819881552488824,96.69837716843872,0.799682577509774,False
5269,0.6131379016405238,96.69837716843872,0.824290681481422,False
5270,0.5541015302865538,96.65161775771257,0.8473131823981265,False
5271,0.48865925334338955,95.79100827689993,0.8530583195308009,False
5272,0.41475814399911126,96.57167042889391,0.8703444752146632,False
5273,0.41475814399911126,95.80981941309255,0.8636904919816406,False
5274,0.41475814399911126,96.63280662151993,0.8794668187628047,False
5275,0.41475814399911126,96.6488814003557,0.8938890063834025,False
5276,0.32806688317929317,96.4089427107592,0.906641025510601,False
5277,0.32806688317929317,96.75101965146459,0.9160645332363554,False
5278,0.32806688317929317,97.58527994067482,0.8940343516483803,False
5279,0.32806688317929317,97.32982844493635,0.8795291906860577,False
5280,0.32806688317929317,97.70120216573369,0.84793587465884,False
5281,0.32806688317929317,97.72965103052914,0.8152049406802381,False
5282,0.32806688317929317,97.75782730307678,0.8264860270090714,False
5283,0.32806688317929317,97.78573026168642,0.7966571674467662,False
5284,0.32806688317929317,97.81779473077265,0.773231510582277,False
5285,0.32806688317929317,97.8407141914772,0.7425113538411358,False
5286,0.32806688317929317,97.85614280714036,0.7143577687355855,False
5287,0.32806688317929317,97.87159956474429,0.6920525487536529,False
5288,0.32806688317929317,97.88708001385521,0.7517249120978554,False
5289,0.32806688317929317,97.90257978379775,0.7336483573917854,False
5290,0.32806688317929317,97.91809458533243,0.7700492739738376,False
5291,0.32806688317929317,97.91595049845307,0.8224912412077182,False
5292,0.32806688317929317,97.90104301353331,0.8555448573942998,False
5293,0.32806688317929317,97.66145067865479,0.8933210646814306,False
5294,0.32806688317929317,97.9538754985261,0.9169480098093572,False
5295,0.32806688317929317,97.97121553667418,0.9373404669848775,False
5296,0.32806688317929317,97.96557120500782,0.9556665017430246,False
5297,0.32806688317929317,97.96007322814053,0.9720649031090121,False
5298,0.32806688317929317,97.95472423739183,0.9866604709318382,False
5299,0.32806688317929317,97.11505039972194,1.0134857208658272,False
5300,0.32806688317929317,97.03078061735383,1.0239610684130864,False
5301,0.32806688317929317,97.0816611411621,1.0328369714138932,False
5302,0.32806688317929317,96.23189662648512,1.0058884012721152,False
5303,0.32806688317929317,97.04335833117835,1.008701243554929,False
5304,0.32806688317929317,96.88570938999315,1.005103374672441,False
5305,0.32806688317929317,97.13470708446866,1.0111220587240477,False
5306,0.32806688317929317,97.08912931478619,1.008719308404409,False
5307,0.32806688317929317,96.97953178415337,1.0023817877065915,False
5308,0.32806688317929317,95.94200374450298,0.9361140484894273,False
5309,0.32806688317929317,96.950979103693,0.9288302509083545,False
5310,0.32806688317929317,96.12052074715896,0.8774738112618764,False
5311,0.32806688317929317,95.89846301214786,0.807645729312933,False
5312,0.32806688317929317,96.07262594156833,0.7536153376604032,False
5313,0.32806688317929317,96.07262594156833,0.7007127208682153,False
5314,0.32806688317929317,96.07262594156833,0.6487074299338323,False
5315,0.32806688317929317,96.07262594156833,0.5977332543964935,False
5316,0.32806688317929317,96.07262594156833,0.5477427374682838,False
5317,0.32806688317929317,96.07262594156833,0.5371732424524145,False
5318,0.32806688317929317,96.07262594156833,0.49258992529071444,False
5319,0.32806688317929317,95.89410893891235,0.4298081310748263,False
5320,0.32806688317929317,96.14229111333653,0.3994884225923254,False
5321,0.32806688317929317,96.14481919332407,0.3679378526918108,False
5322,0.32806688317929317,96.11296689948375,0.33617885302861517,False
5323,0.32806688317929317,96.18548666435747,0.31415546051034504,False
5324,0.32806688317929317,96.18548666435747,0.2948539550948212,False
5325,0.32806688317929317,95.99497748527884,0.26019794777228344,False
5326,0.32806688317929317,96.2374437131971,0.25183310490012445,False
5327,0.32806688317929317,96.21934753255803,0.24846995870428565,False
5328,0.208180945557171,96.20136698212409,0.24556536625682435,False
5329,0.12068101401352381,96.18350888017275,0.24446709554951915,False
5330,-0.0,96.16578014184397,0.24373418812649372,False
5331,0.12068101401352381,96.14818777584593,0.24353780246189624,False
5332,0.12068101401352381,96.13073888091822,0.24393850694615687,False
5333,0.12068101401352381,96.11344064204879,0.24398086050642265,False
5334,0.12068101401352381,96.09630032644178,0.24468050530238575,False
5335,0.12068101401352381,96.0793252792341,0.24586553013429693,False
5336,0.12068101401352381,96.06252291895856,0.24752216520666406,False
5337,0.12068101401352381,95.25784598368588,0.15078295054443866,False
5338,0.12068101401352381,96.08042994810971,0.15801617239842838,False
5339,0.12068101401352381,96.08042994810971,0.16459890374991817,False
5340,0.12068101401352381,95.79781319495923,0.15905235177742497,False
5341,0.12068101401352381,96.13602668643439,0.16419812740274925,False
5342,0.12068101401352381,96.14193965716397,0.1688560914934989,False
5343,0.12068101401352381,96.14817545152967,0.17292455920503355,False
5344,0.12068101401352381,96.15472963660586,0.17642331979860784,False
5345,0.12068101401352381,96.13411506046171,0.17989165296716328,False
5346,0.12068101401352381,96.19617334124845,0.18151024564318885,False
5347,0.12068101401352381,95.88109046075164,0.17874688226980512,False
5348,0.12068101401352381,96.24183752682771,0.17679476763497118,False
5349,0.12068101401352381,96.2490895848507,0.1744743462598267,False
5350,0.24096783080307266,96.25663596351922,0.17207173966180986,False
5351,0.3280668831792932,96.26447178002894,0.2321009603431067,False
5352,0.40238293904561173,96.27259205841258,0.22952465067521677,False
5353,0.46824757305098735,96.28099173553719,0.22690458682810027,False
5354,0.5277139815252946,96.28966566709931,0.22415236137056388,False
5355,0.5277139815252946,96.29860863360685,0.22126671075430188,False
5356,0.5819881552488824,96.3078153463367,0.218495327812466,False
5357,0.6318640827062832,96.32170679886686,0.21535261657721888,False
5358,0.6318640827062832,96.34463600687862,0.21115351692036521,False
5359,0.6318640827062832,96.34463600687862,0.20731520509688067,False
5360,0.6318640827062832,96.34463600687862,0.20389844322892328,False
5361,0.6318640827062832,96.34463600687862,0.20096282514516528,False
5362,0.6318640827062832,96.34463600687862,0.19856506101228832,False
5363,0.6318640827062832,96.34463600687862,0.1967570428007419,False
5364,0.6318640827062832,96.34463600687862,0.1955838127750556,False
5365,0.6318640827062832,96.34463600687862,0.19508160342401723,False
5366,0.6318640827062832,96.34463600687862,0.1952761437918145,False
5367,0.6318640827062832,96.34463600687862,0.19618142162656152,False
5368,0.6318640827062832,96.34463600687862,0.1986344999775689,False
5369,0.6318640827062832,96.34463600687862,0.20168258822897975,False
5370,0.6318640827062832,96.34463600687862,0.20527993285255236,False
5371,0.6318640827062832,95.55292155055095,0.1286588983562085,False
5372,0.6318640827062832,96.31572046676281,0.13875062859053922,False
5373,0.6318640827062832,96.32804002610398,0.1472704012026201,False
5374,0.6318640827062832,96.34056558832445,0.1893459584531742,False
5375,0.6318640827062832,96.3532910901332,0.19816167775159618,False
5376,0.6318640827062832,96.36621047663992,0.22920183361365826,False
5377,0.6318640827062832,96.37931770633192,0.2544727463517285,False
5378,0.6318640827062832,96.39260675589547,0.2758187309243582,False
5379,0.6318640827062832,96.40607162487844,0.29395763566896466,False
5380,0.6318640827062832,96.419706340191,0.3095008721783031,False
5381,0.6318640827062832,96.43350496044205,0.3228687603133801,False
5382,0.6318640827062832,96.44746158010912,0.33279753410341195,False
5383,0.6318640827062832,96.46157033354051,0.34119119785562585,False
5384,0.6318640827062832,96.47582539878817,0.34822886143563053,False
5385,0.6318640827062832,96.49022100127107,0.35405546834882196,False
5386,0.6318640827062832,96.50475141726824,0.3587903959289474,False
5387,0.6318640827062832,96.5194109772423,0.3625333444190522,False
5388,0.6318640827062832,96.53419406899334,0.3653648838859969,False
5389,0.6318640827062832,96.54909514064444,0.3673451897447177,False
5390,0.7164037343212466,96.56410870345984,0.368543215537842,False
5391,0.7164037343212466,96.35699829358308,0.3717827009130302,False
5392,0.6318640827062832,96.61812872420188,0.3706485336464934,False
5393,0.6318640827062832,96.61812872420188,0.36939247494450705,False
5394,0.6318640827062832,95.8565171066651,0.35138770663210894,False
5395,0.6318640827062832,96.65364429185904,0.34777484575519757,False
5396,0.6318640827062832,96.91190896605846,0.32910287739930216,False
5397,0.6318640827062832,96.91190896605846,0.3105707633506941,False
5398,0.6318640827062832,96.91190896605846,0.29218530841999907,False
5399,0.6318640827062832,96.91190896605846,0.27395149454294204,False
5400,0.6318640827062832,96.91190896605846,0.25587189466929366,False
5401,0.6318640827062832,96.91190896605846,0.2379458449395939,False
5402,0.6318640827062832,96.91190896605846,0.22242052474903135,False
5403,0.6318640827062832,96.91190896605846,0.2073846355306492,False
5404,0.6318640827062832,96.91190896605846,0.19283851825341658,False
5405,0.6318640827062832,96.91190896605846,0.17863337450257602,False
5406,0.6318640827062832,96.91190896605846,0.1649762295301604,False
5407,0.6318640827062832,96.91190896605846,0.1518721435937852,False
5408,0.6318640827062832,96.91190896605846,0.13931606183182801,False
5409,0.6318640827062832,96.91190896605846,0.1273023512297815,False
5410,0.6318640827062832,96.91190896605846,0.11582470198625378,False
5411,0.6669740736911405,96.91190896605846,0.10487598777453465,False
5412,0.6857486151292824,96.91190896605846,0.09444806380605805,False
5413,0.6917244835981394,96.91190896605846,0.08453146811208415,False
5414,0.6857486151292824,96.91190896605846,0.07511496719096147,False
5415,0.6669740736911406,96.91190896605846,0.0661848413327252,False
5416,0.7164037343212466,96.91190896605846,0.05772371315431876,False
5417,0.677903479475398,96.91190896605846,0.0497085254603522,False
5418,0.603652249754401,96.91190896605846,0.04210680991505995,False
5419,0.603652249754401,96.91190896605846,0.03486915897305674,False
5420,0.720523936685393,96.91190896605846,0.027912001095361096,False
5421,0.804144968682279,96.91190896605846,0.02106982210564842,False
5422,0.804144968682279,96.91190896605846,0.01559246099393722,False
5423,0.804144968682279,96.91190896605846,0.009978850218195348,False
5424,0.804144968682279,96.91190896605846,0.0019249912256540257,False
5425,0.804144968682279,96.91190896605846,1.4210854715202004e-14,False
5426,0.8431953160789711,96.91190896605846,0.1728488881959839,False
5427,0.9134853951751389,96.91190896605846,0.17332076876591687,False
5428,1.0284448051057378,96.91190896605846,0.1884646544848628,False
5429,1.1101140846176456,96.91190896605846,0.20352673814341168,False
5430,1.1101140846176456,96.91190896605846,0.2181746593178814,False
5431,1.1788939721852478,96.91190896605846,0.23103311527887954,False
5432,1.2391117691845555,96.91190896605846,0.24241480978556526,False
5433,1.2928161346503597,96.91190896605846,0.25254613957711236,False
5434,1.341208235725641,96.91190896605846,0.2615981458159812,False
5435,1.3850769261730216,96.91190896605846,0.2697044744598211,False
5436,1.4249784482754833,96.91190896605846,0.2769724630108071,False
5437,1.4613245506834502,96.91190896605846,0.2834903292271864,False
5438,1.4944308636158867,96.91190896605846,0.2893320233640746,False
5439,1.5245456853609434,96.91190896605846,0.29456061499326425,False
5440,1.5518681816347843,96.91190896605846,0.29923072528105243,False
5441,1.576560446088376,96.91190896605846,0.30339031722864573,False
5442,1.5987557971964093,96.91190896605846,0.3070820419951896,False
5443,1.6185646601203643,96.91190896605846,0.3103442708329584,False
5444,1.636078838365557,96.91190896605846,0.31321189961417256,False
5445,1.651374675689345,96.91190896605846,0.31571698573607604,False
5446,1.6645154302636358,96.13890523837551,0.26678988559992833,False
5447,1.6755530741995286,96.94329998038062,0.26870830887344266,False
5448,1.6845296627039148,97.21821232101752,0.260276256308464,False
5449,1.6914783721890387,97.24103238788067,0.25039795148375504,False
5450,1.6964242763706563,97.25985339831907,0.23924119388891654,False
5451,1.6760230723805263,97.25985339831907,0.2281284674511674,False
5452,1.6779550871232116,97.25985339831907,0.21706653480427263,False
5453,1.6779550871232116,97.25985339831907,0.20606357626796104,False
5454,1.6760230723805263,97.25985339831907,0.19512956838685674,False
5455,1.6721525722583213,97.25985339831907,0.18427678506917589,False
5456,1.6663305144299165,97.25985339831907,0.1735204674789499,False
5457,1.6585369560613925,97.25985339831907,0.16267829554102223,False
5458,1.6487446631558704,97.25985339831907,0.15204663085372444,False
5459,1.6369185152170005,97.25985339831907,0.1416519024657864,False
5460,1.6230147012284593,97.25985339831907,0.13149977347950836,False
5461,1.6069796579895543,97.25985339831907,0.1215957761983878,False
5462,1.5887486809762699,97.25985339831907,0.1119456871051819,False
5463,1.5682441077755982,97.25985339831907,0.10255559925497035,False
5464,1.5453729293185956,97.25985339831907,0.09343191808727994,False
5465,1.5200236153978157,97.25985339831907,0.08458133538265437,False
5466,1.4920618321364796,97.25985339831907,0.07601076350344153,False
5467,1.4613245506834502,97.25985339831907,0.06772719715264162,False
5468,1.4276117420937129,97.25985339831907,0.059737440431765196,False
5469,1.3906743096204974,97.25985339831907,0.05204757564794793,False
5470,1.3501958830341085,97.25985339831907,0.044661913925837515,False
5471,1.3057640265520432,97.25985339831907,0.037580837674329334,False
5472,1.267136456800075,97.25985339831907,0.03079605237819296,False
5473,1.225007234354214,97.25985339831907,0.024278947624280695,False
5474,1.1789621328179694,97.25985339831907,0.017946560232711344,False
5475,1.1284425996977032,97.25985339831907,0.011523034249152606,False
5476,1.0726576237742649,97.25985339831907,0.002849469599852835,False
5477,1.0104040200169997,97.25985339831907,0.0004719871989561704,False
5478,0.9396312392804823,97.25985339831907,0.00014028352914265759,False
5479,0.8560102072835963,97.25985339831907,4.263256414560601e-14,False
5480,0.8030751519901473,97.25985339831907,4.263256414560601e-14,False
5481,0.7309107053286835,97.25985339831907,4.263256414560601e-14,False
5482,0.6459247868864254,97.25985339831907,4.263256414560601e-14,False
5483,0.5868884155324554,97.25985339831907,4.263256414560601e-14,False
5484,0.5214461385892911,97.25985339831907,4.263256414560601e-14,False
5485,0.4475450292450128,97.25985339831907,4.263256414560601e-14,False
5486,0.36085376842519484,97.25985339831907,4.263256414560601e-14,False
5487,0.24096783080307263,97.25985339831907,4.263256414560601e-14,False
5488,0.12068101401352381,97.25985339831907,4.263256414560601e-14,False
5489,0.12068101401352381,97.25985339831907,4.263256414560601e-14,False
5490,0.12068101401352381,97.25985339831907,0.17162896553708334,False
5491,0.12068101401352381,97.25985339831907,0.17215472743839486,False
5492,0.208180945557171,97.25985339831907,0.17347765503475285,False
5493,0.2829047929798921,97.25985339831907,0.17472644464173398,False
5494,0.3491843735073079,97.25985339831907,0.17590427613354667,False
5495,0.40907313904382653,97.25985339831907,0.1770141568108644,False
5496,0.4637773498877516,97.25985339831907,0.17805893885354418,False
5497,0.5140912790181235,97.25985339831907,0.17904133473854572,False
5498,0.560576942614533,97.25985339831907,0.17996393091316146,False
5499,0.603652249754401,97.25985339831907,0.18082919996573585,False
5500,0.6436394131461666,97.25985339831907,0.18163951149702848,False
5501,0.6807937753703206,97.25985339831907,0.18239714186339814,False
5502,0.7153220528038851,97.25985339831907,0.1831042829366555,False
5503,0.7473944462440387,97.25985339831907,0.18376305000362902,False
5504,0.7771529943226336,97.25985339831907,0.18437548891035202,False
5505,0.804717519321077,97.25985339831907,0.1849435825406178,False
5506,0.8301899714180443,97.25985339831907,0.18546925670591238,False
5507,0.8536576732793313,97.25985339831907,0.18595438551298973,False
5508,0.875195788740725,97.25985339831907,0.18640079626625705,False
5509,0.8948692308065574,97.25985339831907,0.24762754367234502,False
5510,0.9127341558073343,96.49230533062133,0.18005998338489246,False
5511,0.9288391461883214,97.29439306136547,0.18112066163046342,False
5512,0.9432261548473415,97.33104892442414,0.18142985044119006,False
5513,0.9559312637896478,97.33104892442414,0.18181601166175476,False
5514,0.9669852958320848,97.33104892442414,0.18187172165863671,False
5515,0.976414308115487,97.33104892442414,0.18324118082762267,False
5516,0.9842399889605549,97.33104892442414,0.27862367240604446,False
5517,0.9904799742690308,97.33104892442414,0.32035204381942645,False
5518,0.995148095654003,97.33104892442414,0.37872659153112964,False
5519,0.9982545693874831,97.33104892442414,0.42588327903350087,False
5520,0.999806132804711,97.33104892442414,0.46535784484592563,False
5521,0.999806132804711,97.33104892442414,0.49703389117848307,False
5522,0.9982545693874831,97.33104892442414,0.5245418260318375,False
5523,0.995148095654003,97.33104892442414,0.5486779371994326,False
5524,0.9904799742690308,97.33104892442414,0.5699493144880726,False
5525,0.9842399889605549,97.33104892442414,0.5887425853226375,False
5526,0.976414308115487,97.33104892442414,0.6053625264235241,False
5527,0.9669852958320848,97.33104892442414,0.6200561011146172,False
5528,0.9559312637896478,97.33104892442414,0.6330281587218047,False
5529,0.9432261548473415,96.54673519893394,0.6236162182391749,False
5530,0.9288391461883214,97.35770036169808,0.6336407402614862,False
5531,0.9127341558073343,97.3614476075106,0.6423428215798308,False
5532,0.8948692308065574,97.3653505965599,0.6498446075697188,False
5533,0.875195788740725,97.36940577757821,0.6562556708737645,False
5534,0.8536576732793313,97.17272422900933,0.6617873057328237,False
5535,0.8301899714180443,97.39644970414201,0.6660784731455426,False
5536,0.804717519321077,98.21005917159763,0.6362241736255692,False
5537,0.7771529943226336,98.01110253299511,0.6196993370427167,False
5538,0.7473944462440387,98.23125274082736,0.5887398069720388,False
5539,0.7153220528038851,98.23125274082736,0.5579537019728391,False
5540,0.6807937753703206,98.23125274082736,0.5268615437700259,False
5541,0.6436394131461666,98.23125274082736,0.49806287433049845,False
5542,0.603652249754401,98.23125274082736,0.4696120985816606,False
5543,0.560576942614533,98.23125274082736,0.4414627197619576,False
5544,0.5140912790181235,98.23125274082736,0.41366929541291475,False
5545,0.4637773498877516,98.23125274082736,0.3862657193059157,False
5546,0.40907313904382653,98.23125274082736,0.3593936125750095,False
5547,0.3491843735073079,98.23125274082736,0.3331373483738306,False
5548,0.2829047929798921,98.23125274082736,0.3075047777175304,False
5549,0.208180945557171,98.23125274082736,0.3322537745347527,False
5550,0.12068101401352381,98.23125274082736,0.311975600906709,False
5551,-0.0,98.23125274082736,0.29316757818045475,False
5552,-0.0,98.23125274082736,0.2756041979928587,False
5553,-0.0,98.23125274082736,0.25936528229594263,False
5554,-0.0,98.23125274082736,0.24453117379542336,False
5555,-0.0,98.23125274082736,0.2311781753914034,False
5556,-0.0,98.23125274082736,0.21937217246751747,False
5557,-0.0,98.23125274082736,0.20916055488380095,False
5558,-0.0,98.23125274082736,0.20056308411548215,False
5559,-0.0,98.23125274082736,0.19356298189228388,False
5560,-0.0,98.23125274082736,0.1894843122613844,False
5561,-0.0,98.23125274082736,0.18663788540223247,False
5562,-0.0,98.23125274082736,0.18484777279388415,False
5563,-0.0,98.23125274082736,0.1839136205983151,False
5564,-0.0,98.23125274082736,0.18361991079579099,False
5565,-0.0,98.23125274082736,0.18381585825190214,False
5566,-0.0,98.23125274082736,0.1841542209636973,False
5567,-0.0,98.23125274082736,0.18447090358260715,False
5568,-0.0,98.23125274082736,0.18477259035302934,False
5569,-0.0,97.44920333284608,0.0605350150258577,False
5570,-0.0,98.24952492325683,0.17729219780345085,False
5571,-0.0,98.2814256190856,0.1774577012755054,False
5572,-0.0,98.2814256190856,0.1778457073055172,False
5573,-0.0,98.2814256190856,0.17846053809845489,False
5574,-0.0,98.2814256190856,0.17930339381917784,False
5575,-0.0,98.2814256190856,0.18037250081525893,False
5576,-0.0,98.2814256190856,0.18166331281974327,False
5577,-0.0,98.2814256190856,0.18316875713548486,False
5578,-0.0,98.2814256190856,0.18500086207950106,False
5579,-0.0,98.2814256190856,0.18702397874877577,False
5580,-0.0,98.2814256190856,0.27431138171176644,False
5581,-0.0,98.2814256190856,0.3371632169492436,False
5582,-0.0,98.2814256190856,0.38740809894064365,False
5583,-0.0,98.2814256190856,0.42891363236104224,False
5584,-0.0,98.2814256190856,0.46412854177421436,False
5585,-0.0,98.2814256190856,0.46398978300976307,False
5586,-0.0,98.2814256190856,0.4948185239417941,False
5587,-0.0,98.2814256190856,0.5218549231798826,False
5588,-0.0,98.2814256190856,0.5457240047638348,False
5589,-0.0,98.2814256190856,0.5570825068151779,False
5590,-0.0,97.4910264312389,0.5521617549150523,False
5591,-0.0,98.29592835647729,0.6367285340368027,False
5592,-0.0,98.30575539568345,0.7056620467368865,False
5593,-0.0,98.31554905249634,0.7634215282108924,False
5594,-0.0,98.32530803002408,0.8125929421899878,False
5595,-0.0,98.3350310864449,0.8548495931805808,False
5596,-0.0,98.34471703373292,0.8913580090827683,False
5597,-0.0,98.35436473638721,0.9229771744258779,False
5598,-0.0,98.36740293593085,0.9503434356688002,False
5599,-0.0,98.37694375446596,0.9740064355073073,False
5600,-0.0,99.16975739222158,0.9743620956293848,False
5601,-0.0,99.17966376341909,0.9719588734168537,False
5602,-0.0,99.18612050775363,0.9682785882819592,False
5603,-0.0,99.18612050775363,0.9637428365487029,False
5604,-0.0,99.18612050775363,0.9584681095329411,False
5605,-0.0,98.40908329704926,0.9677920428543099,False
5606,-0.0,99.19616840271964,0.9600742907848642,False
5607,-0.0,99.19917591546488,0.951895409279308,False
5608,-0.0,99.2021627324278,0.9433753203528691,False
5609,-0.0,99.01999344477221,0.9405128328081185,False
5610,-0.0,99.21146953405018,0.9313910070294925,False
5611,-0.0,99.99348321928967,0.8781105093147186,False
5612,-0.0,99.99352163772998,0.825730484968362,False
5613,-0.0,99.99356002060793,0.774274631241408,False
5614,-0.0,99.99359836118046,0.7237654503188005,False
5615,-0.0,99.99363665287942,0.6742282539625969,False
5616,-0.0,99.99367488931057,0.6253783446705926,False
5617,-0.0,99.99371306425249,0.577574563081308,False
5618,-0.0,99.99375117165532,0.5308605427231594,False
5619,-0.0,99.9937892056394,0.48528873174178133,False
5620,-0.0,99.99382716049382,0.44090294178564904,False
5621,-0.0,99.99386503067484,0.4005833928540734,False
5622,-0.0,99.99390281080422,0.3619915784990489,False
5623,-0.0,99.99394049566746,0.32521509377932695,False
5624,-0.0,99.99397808021197,0.29036253580135113,False
5625,-0.0,99.99401555954518,0.2575704653035143,False
5626,-0.0,99.9940529289325,0.2270126830907744,False
5627,-0.0,99.99409018379528,0.19891186068037903,False
5628,-0.0,99.99412731970871,0.17355199306821403,False
5629,-0.0,99.99416433239962,0.1512714249902122,False
5630,-0.0,99.99420121774428,0.13247722880444596,False
5631,-0.0,99.99423797176607,0.11435045563676284,False
5632,-0.0,99.99427459063322,0.096830854349609,False
5633,-0.0,99.99431107065651,0.07982488420733579,False
5634,-0.0,99.9943474082867,0.06317497919467047,False
5635,-0.0,99.99438360011233,0.04648719044689242,False
5636,-0.0,99.99441964285714,0.03466816155118761,False
5637,-0.0,99.99445553337769,0.023988394312178783,False
5638,-0.0,99.99449126866082,0.014501358406112134,False
5639,-0.0,99.99452684582124,0.005979595535420319,False
5640,-0.0,99.99456226209897,0.0005452692692195817,False
5641,-0.0,99.99459751485684,0.0005427880176785716,False
5642,-0.0,99.99463260157802,0.0005402675580689338,False
5643,-0.0,99.99466751986348,0.0005377096764200032,False
5644,-0.0,99.99470226742955,0.0005351161224422333,False
5645,-0.0,99.99473684210527,0.0005324886095123116,False
5646,-0.0,99.99477124183007,0.0005298288147053287,False
5647,-0.0,99.9948054646512,0.0005271383788588867,False
5648,-0.0,99.99483950872123,0.0005244189066831564,False
5649,-0.0,99.9948733722957,0.0005216719668916544,False
5650,-0.0,99.99490705373059,0.000792082940953234,False
5651,-0.0,99.99494055147989,0.0009788477419482747,False
5652,-0.0,99.99497386409328,0.0011232358713073843,False
5653,-0.0,99.9950069902137,0.0012407079534020652,False
5654,-0.0,99.99503992857497,0.0013388838243086959,False
5655,-0.0,99.9950726779995,0.0014222366005905542,False
5656,-0.0,99.99510523739599,0.0014936858644232246,False
5657,-0.0,99.99513760575708,0.0015552797482651967,False
5658,-0.0,99.99516978215718,0.001608532782843639,False
5659,-0.0,99.99520176575021,0.0016546111333407003,False
5660,-0.0,99.9952335557674,0.0016944421167570136,False
5661,-0.0,99.99526515151516,0.001728782849513663,False
5662,-0.0,99.99529655237289,0.0017582653369753937,False
5663,-0.0,99.99532775779096,0.0017834272464570618,False
5664,-0.0,99.9953587672886,0.0018047335925058597,False
5665,-0.0,99.99538958045181,0.001822592438334892,False
5666,-0.0,99.99542019693153,0.001837366531689093,False
5667,-0.0,99.99545061644147,0.00184938210207225,False
5668,-0.0,99.99548083875632,0.0018589356274826998,False
5669,-0.0,99.99551086370982,0.0018662991166977492,False
5670,-0.0,99.99777034559644,0.0017734747471750986,False
5671,-0.0,99.99778516057586,0.0016809269488184222,False
5672,-0.0,99.99778516057586,0.0015898105946908039,False
5673,-0.0,99.99778516057586,0.0015001704280876327,False
5674,-0.0,99.99778516057586,0.0014120622000580406,False
5675,-0.0,99.99778516057586,0.0013255557242289003,False
5676,-0.0,99.99778516057586,0.0012407389481796272,False
5677,-0.0,99.99778516057586,0.0011577234308951588,False
5678,-0.0,99.99778516057586,0.0010766517770814457,False
5679,-0.0,99.99778516057586,0.0009977078040232794,False
5680,-0.0,99.99778516057586,0.0009211305178685922,False
5681,-0.0,99.99778516057586,0.0008470703366988613,False
5682,-0.0,99.99778516057586,0.0007755453595402041,False
5683,-0.0,99.99778516057586,0.0007065769465274173,False
5684,-0.0,99.99778516057586,0.0006401902342466202,False
5685,-0.0,99.99778516057586,0.0005764147601573946,False
5686,-0.0,99.99778516057586,0.0005152852377641878,False
5687,-0.0,99.99778516057586,0.0004568425323438225,False
5688,-0.0,99.99778516057586,0.00040113490863758763,False
5689,-0.0,99.99778516057586,0.0003482196553305408,False
5690,-0.0,99.99778516057586,0.0002981652447785282,False
5691,-0.0,99.99778516057586,0.00025105427547017614,False
5692,-0.0,99.99778516057586,0.00020698759922383182,False
5693,-0.0,99.99778516057586,0.00016609031683311408,False
5694,-0.0,99.99778516057586,0.00012852087138402223,False
5695,-0.0,99.99778516057586,9.448560220198778e-05,False
5696,-0.0,99.99778516057586,6.426367634339518e-05,False
5697,-0.0,99.99778516057586,3.825345689603699e-05,False
5698,-0.0,99.99778516057586,1.7062389643304062e-05,False
5699,-0.0,99.99778516057586,1.10424336173982e-07,False
5700,-0.0,99.99778516057586,0.0,False
5701,-0.0,99.99778516057586,0.0,False
5702,-0.0,99.99778516057586,0.0,False
5703,-0.0,99.99778516057586,0.0,False
5704,-0.0,99.99778516057586,0.0,False
5705,-0.0,99.99778516057586,0.0,False
5706,-0.0,99.99778516057586,0.0,False
5707,-0.0,99.99778516057586,0.0,False
5708,-0.0,99.99778516057586,0.0,False
5709,-0.0,99.99778516057586,0.0,False
5710,-0.0,99.99778516057586,0.0,False
5711,-0.0,99.99778516057586,0.0,False
5712,-0.0,99.99778516057586,0.0,False
5713,-0.0,99.99778516057586,0.0,False
5714,-0.0,99.99778516057586,0.0,False
5715,-0.0,99.99778516057586,0.0,False
5716,-0.0,99.99778516057586,0.0,False
5717,-0.0,99.99778516057586,0.0,False
5718,-0.0,99.99778516057586,0.0,False
5719,-0.0,99.99778516057586,0.0,False
5720,-0.0,99.99778516057586,0.0,False
5721,-0.0,99.99778516057586,0.0,False
5722,-0.0,99.99778516057586,0.0,False
5723,-0.0,99.99778516057586,0.0,False
5724,-0.0,99.99778516057586,0.0,False
5725,-0.0,99.99778516057586,0.0,False
5726,-0.0,99.99778516057586,0.0,False
5727,-0.0,99.99778516057586,0.0,False
5728,-0.0,99.99778516057586,0.0,False
5729,-0.0,99.99778516057586,0.0,False
5730,-0.0,99.99778516057586,0.0,False
5731,-0.0,99.99778516057586,0.0,False
5732,-0.0,99.99778516057586,0.0,False
5733,-0.0,99.99778516057586,0.0,False
5734,-0.0,99.99778516057586,0.0,False
5735,-0.0,99.99778516057586,0.0,False
5736,-0.0,99.99778516057586,0.0,False
5737,-0.0,99.99778516057586,0.0,False
5738,-0.0,99.99778516057586,0.0,False
5739,-0.0,99.99778516057586,0.0,False
5740,-0.0,99.99778516057586,0.0,False
5741,-0.0,99.99778516057586,0.0,False
5742,-0.0,99.99778516057586,0.0,False
5743,-0.0,99.99778516057586,0.0,False
5744,-0.0,99.99778516057586,0.0,False
5745,-0.0,99.99778516057586,0.0,False
5746,-0.0,99.99778516057586,0.0,False
5747,-0.0,99.99778516057586,0.0,False
5748,-0.0,99.99778516057586,0.0,False
5749,-0.0,99.99778516057586,0.0,False
5750,-0.0,99.99778516057586,0.0,False
5751,-0.0,99.99778516057586,0.0,False
5752,-0.0,99.99778516057586,0.0,False
5753,-0.0,99.99778516057586,0.0,False
5754,-0.0,99.99778516057586,0.0,False
5755,-0.0,99.99778516057586,0.0,False
5756,-0.0,99.99778516057586,0.0,False
5757,-0.0,99.99778516057586,0.0,False
5758,-0.0,99.99778516057586,0.0,False
5759,-0.0,99.99778516057586,0.0,False
5760,-0.0,99.99778516057586,0.0,False
5761,-0.0,99.99778516057586,0.0,False
5762,-0.0,99.99778516057586,0.0,False
5763,-0.0,99.99778516057586,0.0,False
5764,-0.0,99.99778516057586,0.0,False
5765,-0.0,99.99778516057586,0.0,False
5766,-0.0,99.99778516057586,0.0,False
5767,-0.0,99.99778516057586,0.0,False
5768,-0.0,99.99778516057586,0.0,False
5769,-0.0,99.99778516057586,0.0,False
5770,-0.0,99.99778516057586,0.0,False
5771,-0.0,99.99778516057586,0.0,False
5772,-0.0,99.99778516057586,0.0,False
5773,-0.0,99.99778516057586,0.0,False
5774,-0.0,99.99778516057586,0.0,False
5775,-0.0,99.99778516057586,0.0,False
5776,-0.0,99.99778516057586,0.0,False
5777,-0.0,99.99778516057586,0.0,False
5778,-0.0,99.99778516057586,0.0,False
5779,-0.0,99.99778516057586,0.0,False
5780,-0.0,99.99778516057586,0.0,False
5781,-0.0,99.99778516057586,0.0,False
5782,-0.0,99.99778516057586,0.0,False
5783,-0.0,99.99778516057586,0.0,False
5784,-0.0,99.99778516057586,0.0,False
5785,-0.0,99.99778516057586,0.0,False
5786,-0.0,99.99778516057586,0.0,False
5787,-0.0,99.99778516057586,0.0,False
5788,-0.0,99.99778516057586,0.0,False
5789,-0.0,99.99778516057586,0.0,False
5790,-0.0,99.99778516057586,0.0,False
5791,-0.0,99.99778516057586,0.0,False
5792,-0.0,99.99778516057586,0.0,False
5793,-0.0,99.99778516057586,0.0,False
5794,-0.0,99.99778516057586,0.0,False
5795,-0.0,99.99778516057586,0.0,False
5796,-0.0,99.99778516057586,0.0,False
5797,-0.0,99.99778516057586,0.0,False
5798,-0.0,99.99778516057586,0.0,False
5799,-0.0,99.99778516057586,0.0,False
5800,-0.0,99.99778516057586,0.0,False
5801,-0.0,99.99778516057586,0.0,False
5802,-0.0,99.99778516057586,0.0,False
5803,-0.0,99.99778516057586,0.0,False
5804,-0.0,99.99778516057586,0.0,False
5805,-0.0,99.99778516057586,0.0,False
5806,-0.0,99.99778516057586,0.0,False
5807,-0.0,99.99778516057586,0.0,False
5808,-0.0,99.99778516057586,0.0,False
5809,-0.0,99.99778516057586,0.0,False
5810,-0.0,99.99778516057586,0.0,False
5811,-0.0,99.99778516057586,0.0,False
5812,-0.0,99.99778516057586,0.0,False
5813,-0.0,99.99778516057586,0.0,False
5814,-0.0,99.99778516057586,0.0,False
5815,-0.0,99.99778516057586,0.0,False
5816,-0.0,99.99778516057586,0.0,False
5817,-0.0,99.99778516057586,0.0,False
5818,-0.0,99.99778516057586,0.0,False
5819,-0.0,99.99778516057586,0.0,False
5820,-0.0,99.99778516057586,0.0,False
5821,-0.0,99.99778516057586,0.0,False
5822,-0.0,99.99778516057586,0.0,False
5823,-0.0,99.99778516057586,0.0,False
5824,-0.0,99.99778516057586,0.0,False
5825,-0.0,99.99778516057586,0.0,False
5826,-0.0,99.99778516057586,0.0,False
5827,-0.0,99.99778516057586,0.0,False
5828,-0.0,99.99778516057586,0.0,False
5829,-0.0,99.99778516057586,0.0,False
5830,-0.0,99.99778516057586,0.0,False
5831,-0.0,99.99778516057586,0.0,False
5832,-0.0,99.99778516057586,0.0,False
5833,-0.0,99.99778516057586,0.0,False
5834,-0.0,99.99778516057586,0.0,False
5835,-0.0,99.99778516057586,0.0,False
5836,-0.0,99.99778516057586,0.0,False
5837,-0.0,99.99778516057586,0.0,False
5838,-0.0,99.99778516057586,0.0,False
5839,-0.0,99.99778516057586,0.0,False
5840,-0.0,99.99778516057586,0.0,False
5841,-0.0,99.99778516057586,0.0,False
5842,-0.0,99.99778516057586,0.0,False
5843,-0.0,99.99778516057586,0.0,False
5844,-0.0,99.99778516057586,0.0,False
5845,-0.0,99.99778516057586,0.0,False
5846,-0.0,99.99778516057586,0.0,False
5847,-0.0,99.99778516057586,0.0,False
5848,-0.0,99.99778516057586,0.0,False
5849,-0.0,99.99778516057586,0.0,False
5850,-0.0,99.99778516057586,0.0,False
5851,-0.0,99.99778516057586,0.0,False
5852,-0.0,99.99778516057586,0.0,False
5853,-0.0,99.99778516057586,0.0,False
5854,-0.0,99.99778516057586,0.0,False
5855,-0.0,99.99778516057586,0.0,False
5856,-0.0,99.99778516057586,0.0,False
5857,-0.0,99.99778516057586,0.0,False
5858,-0.0,99.99778516057586,0.0,False
5859,-0.0,99.99778516057586,0.0,False
5860,-0.0,99.99778516057586,0.0,False
5861,-0.0,99.99778516057586,0.0,False
5862,-0.0,99.99778516057586,0.0,False
5863,-0.0,99.99778516057586,0.0,False
5864,-0.0,99.99778516057586,0.0,False
5865,-0.0,99.99778516057586,0.0,False
5866,-0.0,99.99778516057586,0.0,False
5867,-0.0,99.99778516057586,0.0,False
5868,-0.0,99.99778516057586,0.0,False
5869,-0.0,99.99778516057586,0.0,False
5870,-0.0,99.99778516057586,0.0,False
5871,-0.0,99.99778516057586,0.0,False
5872,-0.0,99.99778516057586,0.0,False
5873,-0.0,99.99778516057586,0.0,False
5874,-0.0,99.99778516057586,0.0,False
5875,-0.0,99.99778516057586,3.312730107462966e-06,False
5876,-0.0,99.99778516057586,7.33863295141918e-06,False
5877,-0.0,99.99778516057586,1.2168313985745838e-05,False
5878,-0.0,99.99778516057586,1.765063527778744e-05,False
5879,-0.0,99.99778516057586,2.3680167760488085e-05,False
5880,-0.0,99.99778516057586,3.01777799680321e-05,False
5881,-0.0,99.99778516057586,3.708066420740042e-05,False
5882,-0.0,99.99778516057586,4.433693095955567e-05,False
5883,-0.0,99.99778516057586,5.1902420985490966e-05,False
5884,-0.0,99.99778516057586,5.9738691819402556e-05,False
5885,-0.0,99.99778516057586,6.78116755613301e-05,False
5886,-0.0,99.99778516057586,7.609074489063191e-05,False
5887,-0.0,99.99778516057586,8.454804013215992e-05,False
5888,-0.0,99.99778516057586,9.315797031005372e-05,False
5889,-0.0,99.99778516057586,0.00010189683426931563,False
5890,-0.0,99.99778516057586,0.00011074252708371748,False
5891,-0.0,99.99778516057586,0.00011967430863388255,False
5892,-0.0,99.99778516057586,0.0001286726185089706,False
5893,-0.0,99.99778516057586,0.0001377189260726428,False
5894,-0.0,99.99778516057586,0.0001467956077411501,False
5895,-0.0,99.99777034559644,0.0001558506422333016,True
5896,-0.0,99.99775538147291,0.00016481023758066937,True
5897,-0.0,99.99774026619664,0.00017361735685270587,True
5898,-0.0,99.997724997725,0.00018222729605533482,True
5899,-0.0,99.99770957398076,0.00019060449687466346,True
5900,-0.0,99.99769399285138,0.00019872024575575732,True
5901,-0.0,99.99767825218825,0.00020655100329992692,True
5902,-0.0,99.99766234980598,0.00021407718162317675,True
5903,-0.0,99.99764628348161,0.0002212822413872066,True
5904,-0.0,99.9976300509539,0.0002281520185364439,True
5905,-0.0,99.99761364992244,0.00023467421749125974,True
5906,-0.0,99.99759707804691,0.00024086748788165684,True
5907,-0.0,99.99758033294619,0.00024674996046020425,True
5908,-0.0,99.99756341219756,0.00025233948880043716,True
5909,-0.0,99.99754631333579,0.00025765383737761386,True
5910,-0.0,99.99752903385223,0.0002627108293913914,True
5911,-0.0,99.99751157119395,0.0002675284635730419,True
5912,-0.0,99.9974939227627,0.00027212500627635537,True
5913,-0.0,99.99747608591403,0.00027651906326487617,True
5914,-0.0,99.99745805795628,0.00028072963409787725,True
5915,-0.0,99.99743983614951,0.0002847761510881012,True
5916,-0.0,99.99742141770454,0.0002886785040147994,True
5917,-0.0,99.99740279978184,0.00029245705124681835,True
5918,-0.0,99.9973839794904,0.0002961326175983222,True
5919,-0.0,99.99736495388669,0.0002997264789040943,True
5920,-0.0,99.99734571997345,0.00030326033325728296,True
5921,-0.0,99.99732627469854,0.0003067562587046195,True
5922,-0.0,99.99730661495367,0.00031023665728043855,True
5923,-0.0,99.99728673757326,0.000313724185374591,True
5924,-0.0,99.99726663933306,0.0003172416705842931,True
5925,-0.0,99.99724631694892,0.000320812015504039,True
5926,-0.0,99.9972257670754,0.00032443621830656157,True
5927,-0.0,99.99720498630444,0.00032811529989808165,True
5928,-0.0,99.99718397116386,0.00033185030453143914,True
5929,-0.0,99.99716271811604,0.0003356423004279597,True
5930,-0.0,99.99714122355631,0.00033949238043235255,True
5931,-0.0,99.9971194838115,0.00034340166266581904,True
5932,-0.0,99.9970974951383,0.00034737129121973205,True
5933,-0.0,99.99707525372175,0.0003514024368608326,True
5934,-0.0,99.99705275567345,0.000355496297762523,True
5935,-0.0,99.99702999703,0.00035965410025516387,True
5936,-0.0,99.99700697375116,0.0003638770996023485,True
5937,-0.0,99.99698368171809,0.0003681665808031385,True
5938,-0.0,99.99696011673151,0.0003725238594162619,True
5939,-0.0,99.9969362745098,0.000376950282420947,True
5940,-0.0,99.99691215068705,0.00038144722908445104,True
5941,-0.0,99.99688774081106,0.00038601611187582266,True
5942,-0.0,99.9968630403413,0.0003906583774058942,True
5943,-0.0,99.99683804464681,0.0003953755073949771,True
5944,-0.0,99.99681274900398,0.00040016901967050483,True
5945,-0.0,99.99678714859438,0.0004050404692022702,True
5946,-0.0,99.9967612385024,0.00040999144916593726,True
5947,-0.0,99.99673501371294,0.00041502359204118034,True
5948,-0.0,99.99670846910898,0.0004201385707622159,True
5949,-0.0,99.99668159946906,0.0004253380998804864,True
5950,-0.0,99.9966543994647,0.000430623936788471,True
5951,-0.0,99.99662686365782,0.00043599788297225584,True
5952,-0.0,99.99659898649797,0.0004414617853115819,True
5953,-0.0,99.99657076231954,0.0004470175374200032,True
5954,-0.0,99.99654218533887,0.00045266708103416497,True
5955,-0.0,99.99651324965133,0.00045841240744784353,True
5956,-0.0,99.99648394922822,0.0004642555590012253,True
5957,-0.0,99.9964542779137,0.00047019863061560765,True
5958,-0.0,99.99642422942144,0.0004762437713753742,True
5959,-0.0,99.99639379733141,0.00048239318617998046,True
5960,-0.0,99.99636297508638,0.0004886491374392835,True
5961,-0.0,99.99633175598841,0.0004950139468439291,True
5962,-0.0,99.9963001331952,0.0005014899971803562,True
5963,-0.0,99.99626809971637,0.0005080797342195235,True
5964,-0.0,99.99623564840957,0.0005147856686776509,True
5965,-0.0,99.99620277197646,0.0005216103782333338,True
5966,-0.0,99.9961694629587,0.000528556509626974,True
5967,-0.0,99.99613571373368,0.0005356267808421006,True
5968,-0.0,99.99610151651008,0.0005428239833415228,True
5969,-0.0,99.9960668633235,0.0005501509844143572,True
5970,-0.0,99.99603174603175,0.0005576107295844903,True
5971,-0.0,99.99599615631006,0.0005652062451245925,True
5972,-0.0,99.99596008564619,0.000572940640653639,True
5973,-0.0,99.99592352533529,0.0005808171118300103,True
5974,-0.0,99.9958864664747,0.000588838943152794,True
5975,-0.0,99.99584889995849,0.0005970095108612828,True
5976,-0.0,99.99581081647187,0.0006053322859438217,True
5977,-0.0,99.99577220648544,0.0006138108372576855,True
5978,-0.0,99.9957330602492,0.0006224488347792931,True
5979,-0.0,99.99569336778639,0.0006312500529632652,True
5980,-0.0,99.9956531188872,0.0006402183742418076,True
5981,-0.0,99.9956123031021,0.0006493577926474037,True
5982,-0.0,99.99557090973514,0.0006586724175904861,True
5983,-0.0,99.9955289278369,0.0006681664777677367,True
5984,-0.0,99.99548634619725,0.000677844325235335,True
5985,-0.0,99.99544315333789,0.0006877104396351657,True
5986,-0.0,99.9953993375046,0.000697769432594533,True
5987,-0.0,99.99535488665923,0.0007080260522913521,True
5988,-0.0,99.99530978847146,0.0007184851882100863,True
5989,-0.0,99.99526403031021,0.0007291518760813595,True
5990,-0.0,99.99521759923482,0.0007400313030276376,True
5991,-0.0,99.9951704819859,0.0007511288129068783,True
5992,-0.0,99.99512266497585,0.0007624499118843,True
5993,-0.0,99.9950741342791,0.0007740002742272669,True
5994,-0.0,99.9950248756219,0.0007857857483385418,True
5995,-0.0,99.99497487437186,0.0007978123630383669,True
5996,-0.0,99.99492411552713,0.0008100863341041775,True
5997,-0.0,99.99487258370507,0.0008226140710980548,True
5998,-0.0,99.99482026313063,0.0008354021844585636,True
5999,-0.0,99.99476713762428,0.0008484574929111299,True
6000,-0.0,99.99471319058948,0.0008617870311881821,True
6001,-0.0,99.99465840499974,0.0008753980580689443,True
6002,-0.0,99.99460276338515,0.0008892980647783388,True
6003,-0.0,99.9945462478185,0.000903494783737979,True
6004,-0.0,99.9944888399008,0.0009179961977036406,True
6005,-0.0,99.9944305207463,0.0009328105492962146,True
6006,-0.0,99.99437127096702,0.0009479463509575484,True
6007,-0.0,99.99431107065651,0.0009634123953371929,True
6008,-0.0,99.99424989937324,0.0009792177661466371,True
6009,-0.0,99.99418773612322,0.0009953718494950484,True
6010,-0.0,99.99412455934196,0.0010118843457343895,True
6011,-0.0,99.99406034687574,0.001028765281843654,True
6012,-0.0,99.99399507596229,0.001046025024366854,True
6013,-0.0,99.99392872321049,0.0010636742929503915,True
6014,-0.0,99.9938612645795,0.0010817241744953156,True
6015,-0.0,99.99379267535691,0.0011001861379708836,True
6016,-0.0,99.99372293013622,0.0011190720499124963,True
6017,-0.0,99.99365200279311,0.0011383941906433143,True
6018,-0.0,99.99357986646122,0.0011581652712698487,True
6019,-0.0,99.99350649350649,0.0011783984514636002,True
6020,-0.0,99.99343185550082,0.0011991073581014565,True
6021,-0.0,99.99335592319447,0.001220306104806013,True
6022,-0.0,99.99327866648743,0.0012420093124103344,True
6023,-0.0,99.99320005439957,0.0012642321304334179,True
6024,-0.0,99.99312005503955,0.0012869902595946754,True
6025,-0.0,99.99303863557257,,True
6026,-0.0,99.99295576218653,,True
6027,-0.0,99.99287140005703,,True
6028,-0.0,99.99278551331072,,True
6029,-0.0,99.99269806498722,,True
6030,-0.0,99.99260901699927,,True
6031,-0.0,99.99251833009127,,True
6032,-0.0,99.99242596379611,,True
6033,-0.0,99.99233187638984,,True
6034,-0.0,99.99223602484471,,True
6035,-0.0,99.99213836477988,,True
6036,-0.0,99.99203885041,,True
6037,-0.0,99.99193743449166,,True
6038,-0.0,99.9918340682672,,True
6039,-0.0,99.99172870140612,,True
6040,-0.0,99.99162128194386,,True
6041,-0.0,99.99151175621763,,True
6042,-0.0,99.99140006879945,,True
6043,-0.0,99.99128616242594,,True
6044,-0.0,99.99116997792494,,True
