second,entropy,pct_det,rmse,edge_window
0,0.9383153522334069,97.90584159974807,,True
1,0.9283620723948676,97.7676465964471,,True
2,0.9182958340544896,97.86566227244194,,True
3,0.9081783472997051,97.86967418546367,0.19901996905986735,True
4,0.898058793450166,97.87400343911209,0.20678519653025582,True
5,0.8879763195151349,97.87864607705507,0.20969921269606642,True
6,0.8779620013943912,97.88359788359789,0.21803660609392395,True
7,0.8680403986166403,97.88885439304563,0.23287429759014497,True
8,0.8582307926411411,97.89441089952005,0.24619569522081908,True
9,0.8485481782946158,97.9002624671916,0.25842834508253865,True
10,0.8390040613676977,97.9064039408867,0.277368753716634,True
11,0.8296071030882031,97.91282995702885,0.28707857358418715,True
12,0.8203636429576731,97.43472285845168,0.2779765033270288,True
13,0.8453509366224364,97.18417047184171,0.24811096698629867,True
14,0.8672816222000259,97.40594660194175,0.24454665220456445,True
15,0.8865408928220899,97.41496598639456,0.24324714246170986,True
16,0.9034535552068337,97.4243108901943,0.24372858471347306,True
17,0.9182958340544896,97.43397358943578,0.24430625991733218,True
18,0.9113423759758417,96.96924455061212,0.1928476260417591,True
19,0.9043814577244937,97.282043665528,0.18675048989803697,True
20,0.8974271930876951,97.28172551336978,0.18195012349731776,True
21,0.8904916402194913,97.28181016749926,0.17826885917017932,True
22,0.8835850861052532,97.2822910578609,0.17524510240698507,True
23,0.876716288999464,97.28316141217492,0.17248376838617446,True
24,0.8698926856041562,97.28441427126968,0.17009158807787336,True
25,0.863120568566631,97.28604250430787,0.19345198126310537,True
26,0.8564052389131376,97.28803882386526,0.19145370254238808,True
27,0.8497511372532974,97.29039580082281,0.18810167138600525,True
28,0.8431619569518378,97.29310587903566,0.18693790672531008,True
29,0.8366407419411672,97.29616138974502,0.18573395036205098,True
30,0.8301899714180443,96.99888330541597,0.15078239764880044,True
31,0.804717519321077,97.23265192601863,0.13877004578719124,True
32,0.7771529943226336,97.24338551045851,0.1288134467859886,True
33,0.7473944462440387,97.25441501103752,0.12143046174151143,True
34,0.7153220528038851,97.26573234405056,0.1167472758417608,True
35,0.6807937753703206,97.27732932001642,0.11471740136033227,True
36,0.6436394131461666,97.28919765699496,0.11509754709070469,True
37,0.603652249754401,97.30132899376187,0.11748153805912119,True
38,0.560576942614533,97.31371490280777,0.12137452942988548,True
39,0.560576942614533,97.32634690313046,0.12626898887985302,True
40,0.5140912790181235,97.33921647279048,0.13169518389448315,True
41,0.4637773498877516,97.35231506120277,0.13660537713897764,True
42,0.40907313904382653,97.35231506120277,0.1414803877339325,True
43,0.40907313904382653,97.33936410802181,0.14690546961588127,True
44,0.40907313904382653,97.3400718180609,0.1527126229100714,True
45,0.40907313904382653,96.85060209077676,0.12574308612343735,True
46,0.40907313904382653,97.24855186940495,0.13407145896948108,True
47,0.40907313904382653,97.26296490309062,0.1425554646828444,True
48,0.40907313904382653,97.27758238895402,0.15104349107003404,True
49,0.40907313904382653,97.29239538800363,0.1595788223593524,True
50,0.40907313904382653,97.30739500128833,0.1680516311384878,True
51,0.40907313904382653,97.32257238022035,0.176422418926391,True
52,0.40907313904382653,97.33791873646669,0.18466198614914323,True
53,0.40907313904382653,97.35342535139927,0.1927190254623511,True
54,0.40907313904382653,97.36908358509567,0.2005217789110934,True
55,0.40907313904382653,97.38488488488488,0.2080369277858015,True
56,0.40907313904382653,97.40082079343365,0.21422104442820436,True
57,0.40907313904382653,97.41688295637128,0.2199235782296877,True
58,0.40907313904382653,97.43306312945222,0.2251525612016275,True
59,0.40907313904382653,97.44935318525751,0.22991507519125345,True
60,0.40907313904382653,97.46574511943737,0.23421743437315026,True
61,0.40907313904382653,97.48223105649922,0.23843106469452846,True
62,0.40907313904382653,97.498803255146,0.24229312776143788,True
63,0.40907313904382653,97.51545411317166,0.245805817042265,True
64,0.40907313904382653,97.53217617192112,0.24897042003688016,True
65,0.40907313904382653,97.54896212032368,0.2517873932547815,True
66,0.40907313904382653,97.5658047985092,0.25425641269516713,True
67,0.40907313904382653,97.58269720101781,0.25637640354941826,True
68,0.40907313904382653,97.5996324796141,0.25814555163050834,True
69,0.40907313904382653,97.61660394571787,0.259561298066847,True
70,0.40907313904382653,97.63360507246377,0.26062031798545604,True
71,0.40907313904382653,97.65062949640287,0.26131848317905926,True
72,0.40907313904382653,97.66767101885951,0.2616508080438578,True
73,0.40907313904382653,97.68472360695691,0.2616334420881943,True
74,0.3491843735073079,97.70178139432593,0.2613055797644621,True
75,0.2829047929798921,97.71883868151059,0.2606854345693653,True
76,0.208180945557171,97.73588993608493,0.2606295551651499,True
77,0.12068101401352381,97.75292979249544,0.26049335710344046,True
78,-0.0,97.7699530516432,0.2602791784016091,True
79,-0.0,97.78695468022025,0.25998935612056634,True
80,-0.0,97.80392980981402,0.2596262227895293,True
81,-0.0,97.82087373579397,0.2591921030176029,True
82,-0.0,97.83778191599421,0.25868931029084713,True
83,-0.0,97.8546499692055,0.25812014395300104,True
84,-0.0,97.87147367349017,0.2574868863675227,True
85,-0.0,97.88824896433263,0.2567918002582008,True
86,-0.0,97.90497193263833,0.25603712622517105,True
87,-0.0,97.92163882259348,0.2552250804328099,True
88,-0.0,97.93824602939726,0.2543578524656256,True
89,-0.0,97.95479009687837,0.2534376033480189,True
90,-0.0,97.97126771500679,0.25246646372346443,True
91,-0.0,97.98767571731176,0.25144653218848034,True
92,-0.0,98.00401107821602,0.2503798737765585,True
93,-0.0,98.02027091029649,0.24496540558996494,True
94,0.12068101401352381,98.03645246148065,0.2395183478158143,True
95,0.208180945557171,98.05255311218785,0.23368184446563553,True
96,0.2829047929798921,98.06857037242399,0.2274790967138223,True
97,0.3491843735073079,98.08450187883787,0.22092772222925244,True
98,0.40907313904382653,98.10034539174696,0.21403971348185216,True
99,0.4637773498877516,98.1160987921399,0.20682122155088337,True
100,0.5140912790181235,98.13176007866274,0.19927212921402504,True
101,0.560576942614533,98.14732736459534,0.1913853508592376,True
102,0.603652249754401,98.16279887482419,0.18314575621425572,True
103,0.6436394131461666,98.1781729428173,0.17452854832863413,True
104,0.6807937753703206,98.19344800760653,0.23280659986352625,True
105,0.7153220528038851,98.20862261078256,0.22610145880281382,True
106,0.7473944462440387,98.22369539350672,0.21927520944933587,True
107,0.7771529943226336,98.23866509354458,0.21229723932575523,True
108,0.8916091590804429,98.25353054232473,0.20518945959658894,True
109,0.9727642516015449,98.26829066202669,0.19791490237148932,True
110,1.041018523939755,98.28294446270128,0.19045312016316399,True
111,1.1006987578744163,98.29749103942652,0.18277944662901147,True
112,1.1538530565800798,98.31192956950166,0.20037083879079223,True
113,1.201681991620676,97.9721573992114,0.20032580959855842,True
114,1.2449737775841294,98.21228154561489,0.20005834575234216,True
115,1.2842839696213428,98.21114837885322,0.19997859548124347,True
116,1.3200235763720087,98.2101662556678,0.2000251463139079,True
117,1.3525074295964727,98.20933365026544,0.200146311358735,True
118,1.374344879613302,98.20864898989899,0.20030007505930614,True
119,1.3939473942522724,98.2081106570261,0.2004538712783987,True
120,1.4113949465359856,98.20771699146904,0.200584266169215,True
121,1.438841894200673,98.20746629257268,0.20067660043019886,True
122,1.4634190046135478,98.20735682135651,0.2007246282373282,True
123,1.485283726758245,98.20738680265801,0.2007301746222178,True
124,1.5045643034921028,97.44788473329245,0.11621273018865542,True
125,1.5213655983156216,98.16039528696314,0.11636776393338301,True
126,1.535773302827334,98.17537510367187,0.1164241501345479,True
127,1.5478570234493585,98.16071159354742,0.11644342587703871,True
128,1.5576725670893488,98.15373021853806,0.11638620910725482,True
129,1.565263635906296,98.15442561205273,0.11631767306474958,True
130,1.570663071721726,98.15525939311799,0.1162657915191548,True
131,1.5738937446297547,98.15623118603251,0.11623740687422106,True
132,1.5798387881475398,97.73698014237542,0.06278431208166,True
133,1.57983878814754,98.04521375811386,0.057456596875522244,True
134,1.577636732431408,98.04635269647898,0.0522858311690833,True
135,1.5732230293875173,98.04762609081497,0.046881470216630874,True
136,1.5665782425417163,98.0490318780829,0.04161400731167663,True
137,1.557672567089349,98.05056797361671,0.24157896241118587,True
138,1.554965937118681,98.05223227312518,0.241549462215494,True
139,1.5495348211113549,98.05402265466164,0.3001563377212936,True
140,1.541342789057496,98.05593698055937,0.34771341969978137,True
141,1.530333327439556,98.05797309933108,0.3584812948191348,True
142,1.5164273757656148,98.06012884753042,0.4069722270976615,True
143,1.4995196245467155,98.0624020515743,0.4465827614653904,True
144,1.4794731020725562,98.06479052952434,0.4804913438212193,True
145,1.4561112661478437,98.0672920928264,0.5099571174756755,True
146,1.4292062682172793,98.06990454800673,0.5357984718035993,True
147,1.3984610270106808,98.07262569832402,0.5585988033112599,True
148,1.3634806730596907,98.07545334537622,0.5787937677396526,True
149,1.3237243701143493,98.0783852906615,0.5967206705046051,True
150,1.2817425764699486,98.08141933709256,0.6126483771651146,False
151,1.2329087607099036,98.08141933709256,0.6268003731280595,False
152,1.175193620727556,98.08141933709256,0.6393621619474674,False
153,1.1042875713905729,98.08141933709256,0.6396093873727668,False
154,0.999806132804711,98.08141933709256,0.6465007828766623,False
155,0.9982545693874831,98.08141933709256,0.6522627886240161,False
156,0.995148095654003,98.08141933709256,0.6593021415842254,False
157,0.9904799742690308,97.00192096597146,0.6175350532467327,False
158,0.9842399889605549,98.11114152751163,0.619840788735968,False
159,0.976414308115487,98.83004926108374,0.5957669275710141,False
160,0.9669852958320848,98.83998635278063,0.5696869808195294,False
161,0.9559312637896478,98.46897114861187,0.5631578709748345,False
162,1.0532169913190044,98.9483682746455,0.5292426494224753,False
163,1.1166404295430465,98.94901003525902,0.4962672021011239,False
164,1.1665620111568704,98.94979334643268,0.4634525622260267,False
165,1.15047181636257,98.95071757378825,0.4307981670943843,False
166,1.132529774880598,98.95178197064989,0.3983008346550607,False
167,1.1126817966979572,98.95298567954607,0.36595371372511143,False
168,1.090864890696142,98.954327733927,0.33434337681229864,False
169,1.090864890696142,98.95580706009162,0.30309247184083665,False
170,1.090864890696142,98.9574224793166,0.27152496119526237,False
171,1.090864890696142,98.95917271017996,0.23930674964830387,False
172,1.090864890696142,98.96105637107044,0.24868842755139742,False
173,1.090864890696142,98.50946689942259,0.249316802048406,False
174,1.090864890696142,98.86355994889382,0.2319172920765545,False
175,1.090864890696142,98.85521885521885,0.21612829150966073,False
176,1.090864890696142,98.06477623975272,0.1943842256861162,False
177,1.090864890696142,98.76642531509788,0.22174251160426497,False
178,1.090864890696142,98.76939539860888,0.2149165997496269,False
179,1.0670056836533544,98.30610605249062,0.20892664772520078,False
180,1.041018523939755,98.65969709154268,0.2628253282200409,False
181,1.0128030232541478,98.65191146881288,0.26216268442665736,False
182,1.0128030232541478,98.64429530201342,0.2619331066424403,False
183,1.0128030232541478,98.6368520010744,0.2620597594101275,False
184,1.0128030232541478,98.62958484482064,0.26230270673686107,False
185,1.0128030232541478,98.62249697621287,0.26267057843305325,False
186,1.0128030232541478,98.61559139784946,0.2830210236712522,False
187,1.0128030232541478,98.60887096774194,0.3957202119594354,False
188,1.0128030232541478,98.60233839537696,0.40931049860375296,False
189,1.0128030232541478,98.59599623807604,0.4201655125739434,False
190,1.0128030232541478,98.58984689766318,0.429802697483956,False
191,1.0128030232541478,98.58389261744966,0.4378149009362447,False
192,1.0128030232541478,98.0952380952381,0.4219710601359721,False
193,0.9822408213425595,98.59268194611982,0.4280450314432352,False
194,0.9822408213425595,98.59268194611982,0.46757427054024225,False
195,0.9822408213425595,98.59268194611982,0.4749642001840603,False
196,0.9822408213425595,98.59268194611982,0.4817901077116698,False
197,0.9822408213425595,98.1101728990752,0.47259978009840814,False
198,0.9822408213425595,98.69320466425413,0.5359749859138188,False
199,0.9491912500871044,98.6877343331548,0.5424741201951712,False
200,0.9134853951751388,97.89192795196797,0.5255147520413496,False
201,0.8749177494187964,98.5909876379104,0.5320436641093002,False
202,0.8332341082038747,98.59639830508475,0.5377732877589636,False
203,0.7881133310528374,98.60195199155895,0.5432330179407374,False
204,0.7391385203526044,98.60764481807435,0.5479663116560586,False
205,0.6857486151292824,98.61347285807717,0.5519583313368225,False
206,0.6271502454482835,98.06687565308255,0.5453462395196046,False
207,0.5621380056254565,97.30151505299435,0.4732906411355662,False
208,0.48865925334338955,98.00621439668565,0.4640914587952211,False
209,0.40238293904561173,98.01533603969328,0.4557783776055994,False
210,0.2829047929798921,98.02462801436634,0.44760682486376974,False
211,0.2829047929798921,98.03408438118338,0.44070831960480156,False
212,0.2829047929798921,98.04369918699187,0.4345198445928761,False
213,0.2829047929798921,98.05346647285597,0.42901095842620857,False
214,0.2829047929798921,97.52743787056895,0.38579564704198643,False
215,0.2829047929798921,97.9543022597092,0.3766923914349076,False
216,0.2829047929798921,97.94623790981032,0.3677990586150118,False
217,0.2829047929798921,97.93846732251394,0.35934100719188694,False
218,0.2829047929798921,97.13911742707555,0.2555061510582343,False
219,0.2829047929798921,97.8426631950902,0.24140395664226771,False
220,0.2829047929798921,97.79919179359652,0.2247268748785731,False
221,0.2829047929798921,97.7993890655196,0.20905389601784352,False
222,0.2829047929798921,97.79361210075629,0.19390724425491637,False
223,0.208180945557171,97.78808196002255,0.17782150382176534,False
224,0.12068101401352381,97.78280258777716,0.16229807043654385,False
225,-0.0,97.77777777777777,0.1475271921950232,False
226,-0.0,97.77301116648792,0.1335168878103204,False
227,-0.0,97.76850622668942,0.12039738394864578,False
228,-0.0,97.76426626132117,0.10650870649398264,False
229,-0.0,97.76029439756361,0.09406434652442781,False
230,-0.0,97.75659358118844,0.0831692818596251,False
231,-0.0,97.75316657119215,0.07073547070598012,False
232,-0.0,97.75001593473134,0.05951480259876885,False
233,0.12068101401352381,97.74714404237666,0.04981406235225056,False
234,0.208180945557171,97.744553063702,0.04202706907784326,False
235,0.2829047929798921,97.74224496322354,0.036559500365447424,False
236,0.3491843735073079,97.74022149670316,0.03358605228516335,False
237,0.40907313904382653,97.73848420782882,0.03135907047241362,False
238,0.4637773498877516,97.73703442528367,0.027273500926885005,False
239,0.5140912790181235,97.73587326021422,0.023866870831367612,False
240,0.560576942614533,97.73500160410651,0.021449781064163814,False
241,0.603652249754401,97.73442012707785,0.020320807115790554,False
242,0.6436394131461666,97.73412927659028,0.02059316106868288,False
243,0.6807937753703206,97.73412927659028,0.022080927603773795,False
244,0.6807937753703206,97.73442012707785,0.02440212295037265,False
245,0.6807937753703206,97.73500160410651,0.026689131898147592,False
246,0.6807937753703206,97.73587326021422,0.029459976324068504,False
247,0.7967286463062392,97.73703442528367,0.03251108206621069,False
248,0.8793939303559065,97.73848420782882,0.035696874756679105,False
249,0.9491912500871044,97.74022149670316,0.038790378590884515,False
250,1.01044884930661,97.74224496322354,0.04208777979537723,False
251,1.0652163930664527,97.744553063702,0.04551618431907653,False
252,1.0972261621017099,97.74714404237666,0.04904179965238648,False
253,1.1267251857192597,97.75001593473134,0.05314307029246967,False
254,1.1538530565800798,97.75316657119215,0.17534986566048147,False
255,1.1787269834988532,97.75659358118844,0.29385307787292136,False
256,1.2014461200230289,97.76029439756361,0.33299193157230733,False
257,1.2220947914756688,97.76426626132117,0.36509964999059247,False
258,1.2407449439357603,97.76850622668942,0.3920117968507655,False
259,1.2574580300524587,97.77301116648792,0.4148413535208175,False
260,1.2722864781512913,97.77777777777777,0.43433084117931714,False
261,1.2852748466470731,97.78280258777716,0.5339454742107848,False
262,1.296460736137167,97.78808196002255,0.6553484792543839,False
263,1.305875511291131,97.79361210075629,0.7164708228593835,False
264,1.3135448704851067,97.7993890655196,0.7677942539603253,False
265,1.3194892909924263,97.80540876593099,0.8113840365588029,False
266,1.3237243701143493,97.81166697662886,0.8486310198462963,False
267,1.3262610770456722,97.81815934235738,0.9043063136089778,False
268,1.3271059259290725,97.82488138517469,0.9263165492642892,False
269,1.3262610770456722,97.83182851176218,0.9457204025177117,False
270,1.3237243701143493,97.8389960208142,0.9627507965898541,False
271,1.3194892909924263,97.84637911048746,0.977610733910408,False
272,1.3135448704851067,97.85397288588972,0.990480655473132,False
273,1.305875511291131,97.86782966866558,1.0014972013072585,False
274,1.296460736137167,97.03338938265674,0.9971563612263615,False
275,1.2852748466470731,96.70276774969916,0.9772627837522482,False
276,1.2722864781512913,97.02230259192285,0.9716538570565123,False
277,1.2722864781512913,97.02934428209153,0.9928248891978833,False
278,1.2722864781512913,97.03676826318336,0.9844684009287876,False
279,1.2722864781512913,97.04457364341086,0.9762697126844356,False
280,1.2722864781512913,97.0527592480291,0.9746139115371197,False
281,1.2722864781512913,96.21660824368428,0.9237767560757616,False
282,1.2722864781512913,95.85526713862166,0.8419863768617972,False
283,1.2722864781512913,96.19624470018171,0.7907494099635428,False
284,1.2722864781512913,96.20491057896332,0.7414558660664508,False
285,1.2722864781512913,96.21405169275573,0.6941309785397065,False
286,1.2722864781512913,96.2236658369255,0.6488453054569531,False
287,1.2722864781512913,95.88749848135099,0.56984712617568,False
288,1.2722864781512913,96.32330598602249,0.5348945599616849,False
289,1.2722864781512913,96.32002929329916,0.5018744912512336,False
290,1.2722864781512913,96.31717629756726,0.4711000249159788,False
291,1.2722864781512913,96.31475329149748,0.4466143700540631,False
292,1.2722864781512913,96.31276635167686,0.4248747697198358,False
293,1.2574580300524587,96.3112213267204,0.4356182655224993,False
294,1.2574580300524587,96.31012382552423,0.4475835468090883,False
295,1.2574580300524587,96.30947920569501,0.4605530651825555,False
296,1.2722864781512913,96.30929256219062,0.47431226343315924,False
297,1.2852748466470731,95.64944046271847,0.4016895991007356,False
298,1.296460736137167,96.43014821822769,0.4024108350209404,False
299,1.296460736137167,96.4438839848676,0.42788550114617685,False
300,1.296460736137167,96.09882145333081,0.4373615287618663,False
301,1.296460736137167,96.54195011337869,0.4593022907231333,False
302,1.296460736137167,96.54453569172458,0.4783266209086475,False
303,1.296460736137167,96.54757379956924,0.4946355155454829,False
304,1.296460736137167,96.55106707317073,0.5083488685750521,False
305,1.2852748466470731,96.55501782985226,0.5199549085931866,False
306,1.2722864781512913,96.55942806076854,0.5297964212528546,False
307,1.2574580300524587,96.56429942418426,0.5305180332132544,False
308,1.2072640872959293,96.56963323929213,0.5352510167599823,False
309,1.15047181636257,96.57543048059625,0.5330663667608033,False
310,1.0850365744330073,96.58169177288528,0.5393943835823577,False
311,1.0066347974846968,95.9628530891268,0.5410543986833309,False
312,0.8948692308065574,96.68604651162791,0.5421944487410641,False
313,0.8948692308065574,97.14230421881048,0.519450894204532,False
314,0.8948692308065574,97.15097874539698,0.4969950015519953,False
315,0.8948692308065574,97.16004657782378,0.4748001005810249,False
316,0.8948692308065574,97.16950579700757,0.45283636148686,False
317,0.8948692308065574,96.56335105693165,0.45862724871337723,False
318,0.8948692308065574,96.79453836150846,0.4595213755492545,False
319,0.8948692308065574,97.19765929778934,0.43877099590750884,False
320,0.9127341558073343,97.19765929778934,0.4188973751794193,False
321,0.9288391461883214,97.19765929778934,0.3995957812106876,False
322,0.9432261548473415,97.19765929778934,0.3850090596261866,False
323,0.9559312637896478,97.19765929778934,0.3647758067598276,False
324,0.9669852958320848,97.19765929778934,0.35867844207936456,False
325,0.976414308115487,97.19765929778934,0.34600202141990016,False
326,0.976414308115487,97.19765929778934,0.3448700627914269,False
327,0.9842399889605549,96.5340429674823,0.3461019597864761,False
328,0.9904799742690308,97.14952060119202,0.3401251709480579,False
329,0.995148095654003,96.80610331673887,0.34412204501237353,False
330,0.9982545693874831,97.2516129032258,0.33428737434773936,False
331,0.999806132804711,97.26275016139445,0.32626423952471395,False
332,0.999806132804711,97.274253972355,0.3191692121243411,False
333,0.9982545693874831,97.28612044455932,0.31303538445257534,False
334,0.9982545693874831,97.29834539813858,0.3078882891385183,False
335,0.9982545693874831,97.3109243697479,0.30374427231849926,False
336,0.9982545693874831,97.32385261797026,0.300609129642304,False
337,0.9982545693874831,97.33712512926577,0.2984771503079639,False
338,0.9982545693874831,97.35073662445076,0.29624179570739084,False
339,0.9982545693874831,97.36468156568918,0.2948566284015498,False
340,1.1034990673875955,97.37895416397676,0.2937371440271253,False
341,1.175193620727556,96.8258064516129,0.29403691439407453,False
342,1.2337244651110395,97.49226405363589,0.29031752516590825,False
343,1.2834031297544843,97.01946078748303,0.2962440057991055,False
344,1.3262610770456722,96.70643153526972,0.2869142477681063,False
345,1.363480673059691,97.42572970161866,0.2883752232198398,False
346,1.3958301562928708,96.68702091724049,0.2784337111886747,False
347,1.4238430936939135,97.38430583501005,0.28231862721520656,False
348,1.44790620869417,97.39981844118792,0.28703080259312486,False
349,1.4683074126842999,97.41563572770256,0.29221400490714694,False
350,1.4852641811356104,97.43175054987708,0.2973186580428935,False
351,1.498941259446481,97.448155565605,0.30234796312886186,False
352,1.5094621252684286,97.46484324603277,0.3062322601454142,False
353,1.5169165540634162,97.48180588652025,0.31021839018941544,False
354,1.532902144485799,97.4990356178475,0.3134101620901748,False
355,1.5464650001141114,97.5165244176346,0.315272521479018,False
356,1.557672567089349,97.53426412194185,0.3170516325659938,False
357,1.5576725670893488,97.55224643701668,0.31749549773023156,False
358,1.554965937118681,97.57046295115418,0.3187595339506446,False
359,1.5495348211113549,97.58890514663783,0.3199241357046118,False
360,1.554697508762069,97.60756441172738,0.3215051581239293,False
361,1.557787262784918,97.62643205266156,0.32286138146726256,False
362,1.5588158799768146,97.64549930564323,0.3239847227363683,False
363,1.557787262784918,97.66475734877572,0.3248669906566274,False
364,1.554697508762069,97.68419731391992,0.32549985009802496,False
365,1.5495348211113549,97.7038102984421,0.3258747821105167,False
366,1.542279235137156,97.72358737682426,0.32598303881893076,False
367,1.532902144485799,97.74351961210915,0.32581559226963364,False
368,1.5213655983156218,97.763598067154,0.3253630761292292,False
369,1.5076213244090613,97.78381381566763,0.32461571889333085,False
370,1.4916094114932357,97.80415795300775,0.32356326695536514,False
371,1.473256553252489,97.8246216067161,0.32219489549090397,False
372,1.4524737111892643,97.84519594677084,0.3215254352251022,False
373,1.4291529843613586,97.86587219553718,0.32039316162354403,False
374,1.4031633649036754,97.88664163739857,0.319667268935727,False
375,1.374344879613302,97.90749562805283,0.31990130619818224,False
376,1.3425003133763334,97.92842560345863,0.31149606957651416,False
377,1.30738316633364,97.94942308841992,0.30797693687015776,False
378,1.2686794699537274,97.97047970479704,0.3036961672860919,False
379,1.2259790140555222,97.99158717933527,0.2986979039066405,False
380,1.1787269834988532,98.01273735110273,0.2930184108802087,False
381,1.1538530565800795,98.0339221785316,0.28668643573366936,False
382,1.1267251857192595,98.0551337460577,0.2797233084276429,False
383,1.0972261621017099,98.07636427035509,0.2721427714137121,False
384,1.0652163930664527,98.097606106164,0.26395050775036005,False
385,1.0305279703180825,98.11885175171145,0.255143299404558,False
386,0.9929563290994997,98.14009385372553,0.24570769728148953,False
387,0.9371713531760616,98.16132521204531,0.23561800466752536,False
388,0.8959704136014895,98.18253878382968,0.22483324114337555,False
389,0.8513226827573213,98.20372768736978,0.21329251356709525,False
390,0.8028116417452926,98.22488520551013,0.2009077652531718,False
391,0.7498765864518437,98.24600478868534,0.18755195266936103,False
392,0.6917244835981394,98.26708005757945,0.1761553542799299,False
393,0.6271502454482835,98.28810480541641,0.16236331965858825,False
394,0.6271502454482835,98.30907299989056,0.14669541755160695,False
395,0.5621380056254565,98.32997878474677,0.1286145105849009,False
396,0.48865925334338955,98.04710874177229,0.12945610776303199,False
397,0.4023829390456117,98.25926127400315,0.1200617892276265,False
398,0.2829047929798921,98.25926127400315,0.11127656520841644,False
399,0.208180945557171,98.25926127400315,0.10313247267990874,False
400,0.12068101401352381,98.25926127400315,0.09565912592607209,False
401,0.208180945557171,98.25926127400315,0.08888197661744057,False
402,0.208180945557171,98.25926127400315,0.08281995444779577,False
403,0.208180945557171,98.25926127400315,0.09646891409766063,False
404,0.208180945557171,98.25926127400315,0.09430644478194572,False
405,0.208180945557171,98.25926127400315,0.09281220296691421,False
406,0.208180945557171,98.25926127400315,0.10134638518497947,False
407,0.208180945557171,98.25926127400315,0.10406599832914452,False
408,0.208180945557171,98.25926127400315,0.10570811489585351,False
409,0.208180945557171,98.25926127400315,0.10654990791324476,False
410,0.208180945557171,98.25926127400315,0.10682604365193471,False
411,0.208180945557171,98.25926127400315,0.20630610234160113,False
412,0.208180945557171,98.06886797584725,0.20494258630601556,False
413,0.208180945557171,98.33541859326552,0.20462024910230267,False
414,0.208180945557171,98.32825092572425,0.2045222021204891,False
415,0.208180945557171,98.32125143075162,0.20458708824589464,False
416,0.208180945557171,98.31442286711761,0.20476319099980567,False
417,0.208180945557171,98.30776789126044,0.20500795987769801,False
418,0.208180945557171,98.30128905396548,0.20528734897514342,False
419,0.208180945557171,98.29498879720204,0.20557504201393306,False
420,0.208180945557171,98.28886945112617,0.20585161800664034,False
421,0.208180945557171,98.28293323125718,0.20610369495027364,False
422,0.208180945557171,98.27718223583462,0.20632307523795287,False
423,0.208180945557171,98.00907947273423,0.19829043951260117,False
424,0.208180945557171,98.33187486326842,0.19770042827165396,False
425,0.208180945557171,98.33187486326842,0.19710848706759695,False
426,0.208180945557171,98.05294246335593,0.19181482977110836,False
427,0.208180945557171,98.39203675344564,0.18953860563578323,False
428,0.208180945557171,98.3723743538986,0.18800713790989815,False
429,0.208180945557171,98.35268103924821,0.1870703835353306,False
430,0.208180945557171,98.33296288064014,0.18658011308421665,False
431,0.208180945557171,97.48100983020554,0.05979204743992422,False
432,0.208180945557171,98.35522622656337,0.05467552034090278,False
433,0.208180945557171,98.3503534956795,0.04986349923598363,False
434,0.208180945557171,98.34567070435173,0.045257232863865376,False
435,0.208180945557171,98.34117910782336,0.04094910653686717,False
436,0.208180945557171,98.33687982976816,0.047465207538801665,False
437,0.208180945557171,98.33277386147476,0.04637276651249188,False
438,0.3280668831792932,98.32886206125643,0.045837598112657536,False
439,0.4147581439991112,98.32514515408664,0.04577374138338403,False
440,0.48865925334338955,98.3216237314598,0.04608313263327625,False
441,0.5541015302865538,98.31829825147567,0.04666519719343061,False
442,0.6131379016405237,98.31516903914591,0.04611491255821791,False
443,0.6669740736911405,98.31223628691983,0.0460368428089688,False
444,0.7164037343212466,98.30950005542623,0.04603233440900578,False
445,0.7619882811604882,98.30696027442735,0.046090496561993786,False
446,0.804144968682279,98.30461674398056,0.046200748453880704,False
447,0.804144968682279,98.30246913580247,0.046353004862947814,False
448,0.804144968682279,98.30051699483005,0.046537818752988194,False
449,0.804144968682279,98.29875974097246,0.04674648305360214,False
450,0.804144968682279,98.29719667104686,0.04697109597256261,False
451,0.804144968682279,98.29582696089142,0.047204595319847824,False
452,0.804144968682279,98.29464966764738,0.10267193581198567,False
453,0.804144968682279,98.29366373220302,0.10475778440791456,False
454,0.804144968682279,98.2928679817906,0.1067096915034681,False
455,0.720523936685393,98.29226113272806,0.10730933485457272,False
456,0.720523936685393,98.15174048927686,0.10366512892423878,False
457,0.720523936685393,98.34533147093586,0.10488101155344255,False
458,0.720523936685393,98.34533147093586,0.13124193595598055,False
459,0.720523936685393,98.34533147093586,0.13445701585852546,False
460,0.720523936685393,98.34533147093586,0.13734539630846548,False
461,0.720523936685393,98.34533147093586,0.13994698139082276,False
462,0.603652249754401,98.34533147093586,0.14272698033431255,False
463,0.6436394131461666,98.34533147093586,0.16433083634740442,False
464,0.6807937753703206,98.34533147093586,0.165452031316583,False
465,0.7153220528038851,98.34533147093586,0.1664652005024923,False
466,0.7153220528038851,98.34533147093586,0.1673818259107084,False
467,0.7153220528038851,98.34533147093586,0.16810366152672618,False
468,0.7153220528038851,98.34533147093586,0.16879333661883542,False
469,0.7153220528038851,98.34533147093586,0.16989171087638089,False
470,0.7153220528038851,98.34533147093586,0.16985149157857868,False
471,0.7153220528038851,98.34533147093586,0.16981770091387072,False
472,0.7153220528038851,97.91017513699366,0.17915232990529495,False
473,0.7153220528038851,98.39905447512625,0.17792388607575893,False
474,0.7153220528038851,98.39867180805484,0.17676525828854864,False
475,0.7153220528038851,98.2596626094384,0.1764005715587215,False
476,0.7153220528038851,98.2596626094384,0.1760546962439481,False
477,0.7153220528038851,98.39867180805484,0.17487254419735299,False
478,0.7153220528038851,97.95315354034598,0.15552104009971426,False
479,0.7153220528038851,98.44272012070266,0.15263818572430882,False
480,0.7153220528038851,98.44272012070266,0.15015444417737497,False
481,0.7153220528038851,98.44272012070266,0.14756814871011537,False
482,0.7153220528038851,98.44272012070266,0.14475024547906434,False
483,0.7153220528038851,97.95315354034598,0.11946701917286047,False
484,0.7153220528038851,98.39867180805484,0.11770826240313322,False
485,0.7153220528038851,98.39846252402306,0.1554195827597612,False
486,0.7153220528038851,98.39842502926466,0.1858830697211225,False
487,0.7153220528038851,98.39855764131933,0.20893672871411803,False
488,0.7153220528038851,98.39885859226379,0.22126419543467196,False
489,0.7153220528038851,98.23504544493764,0.23199532331587552,False
490,0.7153220528038851,98.34601564151342,0.24140842969602144,False
491,0.7153220528038851,98.34601564151342,0.249005220174129,False
492,0.7153220528038851,97.84119629317607,0.2313138133101418,False
493,0.7153220528038851,98.29503724687861,0.27622736749518073,False
494,0.7153220528038851,98.29622661231316,0.27841872145809626,False
495,0.7153220528038851,98.29758433985839,0.2802496353156455,False
496,0.7153220528038851,98.29910806886538,0.28175572383081143,False
497,0.7153220528038851,98.30079537237889,0.28659645904011033,False
498,0.7153220528038851,98.30264376092994,0.2867084770359743,False
499,0.6807937753703206,98.24318787133784,0.30643885166597834,False
500,0.6436394131461666,98.3578131374949,0.30624240612301895,False
501,0.603652249754401,98.24318787133784,0.3234753383134235,False
502,0.560576942614533,98.30264376092994,0.3234635692705612,False
503,0.5140912790181235,98.30079537237889,0.3235423528063832,False
504,0.4637773498877516,98.29910806886538,0.3237008529815472,False
505,0.40907313904382653,97.83423573511037,0.3070262148851383,False
506,0.3491843735073079,97.81861724281549,0.2894039848522622,False
507,0.2829047929798921,97.83423573511037,0.27328299546918583,False
508,0.2829047929798921,97.91470680464096,0.26363799565857127,False
509,0.2829047929798921,97.92256846081209,0.2543831342812538,False
510,0.2829047929798921,97.93070766638584,0.24660707816776814,False
511,0.2829047929798921,97.93912492073558,0.24022632137058791,False
512,0.2829047929798921,97.9478205536112,0.23529793164618887,False
513,0.2829047929798921,97.50452272001702,0.18268834923524216,False
514,0.2829047929798921,98.00875507153535,0.18173357791476402,False
515,0.2829047929798921,98.00875507153535,0.18144979805821967,False
516,0.4023829390456117,98.00875507153535,0.18238668421804632,False
517,0.48865925334338955,97.8913089899637,0.17887183658487935,False
518,0.5621380056254565,98.07281657057442,0.18360678601135663,False
519,0.6271502454482835,97.6113967437875,0.1546086360764773,False
520,0.6857486151292823,98.1196948533362,0.16155108892695727,False
521,0.7391385203526044,97.60120748207643,0.13282124846399856,False
522,0.7881133310528374,98.04218496484586,0.1427656978735588,False
523,0.8332341082038747,98.01964082252726,0.15255388704443779,False
524,0.804144968682279,97.99716991400892,0.1633350636947371,False
525,0.7600473303889541,97.97478028276653,0.17361961804258322,False
526,0.6807937753703206,97.9524800175189,0.2831660652635773,False
527,0.7153220528038851,97.93027724402964,0.2887679528526368,False
528,0.7473944462440387,97.90818011670153,0.2935559914536462,False
529,0.7771529943226336,97.88619680997847,0.29735574077293087,False
530,0.804717519321077,97.86433550957176,0.30080032268901824,False
531,0.8301899714180443,97.84260440352726,0.30336831486155297,False
532,0.8536576732793313,97.82101167315174,0.3056474385295293,False
533,0.875195788740725,97.79956548381706,0.3072259353739283,False
534,0.8948692308065574,97.77827397566149,0.30819999020738253,False
535,0.9127341558073343,97.75714525420885,0.30865627904492227,False
536,0.9288391461883214,97.7361873809257,0.3083072479211651,False
537,0.9432261548473415,97.71540836373842,0.30715997147504737,False
538,0.9559312637896478,97.69481614753177,0.3052453393592777,False
539,0.9669852958320848,97.67441860465117,0.30266784685808096,False
540,0.976414308115487,97.65422352543138,0.2994631659113162,False
541,0.9842399889605549,97.63423860877421,0.29566691128205896,False
542,0.9904799742690308,97.61447145279818,0.2913150667116369,False
543,0.995148095654003,97.59492954558316,0.2864443822803653,False
544,0.9982545693874831,97.57562025603262,0.28040178967831164,False
545,0.999806132804711,97.5565508248767,0.27394025969116276,False
546,0.999806132804711,96.80820908214751,0.15745233325382774,False
547,0.9982545693874831,97.50552752423607,0.14587728727390686,False
548,0.995148095654003,97.50552752423607,0.1345130330443233,False
549,0.9904799742690308,97.50552752423607,0.1239502370655957,False
550,0.9842399889605549,97.50552752423607,0.11276395592068185,False
551,0.976414308115487,97.50552752423607,0.10257126639219089,False
552,0.9669852958320848,97.50552752423607,0.09163442869205443,False
553,0.9559312637896478,97.50552752423607,0.17266332266671425,False
554,0.9432261548473415,97.50552752423607,0.16980598743894973,False
555,0.9288391461883214,97.50552752423607,0.24116476353671837,False
556,0.9127341558073343,97.50552752423607,0.293177045668833,False
557,0.8948692308065574,97.50552752423607,0.3323043383042526,False
558,0.875195788740725,97.50552752423607,0.36516690785936246,False
559,0.8536576732793313,97.50552752423607,0.39338061634680455,False
560,0.8301899714180443,97.50552752423607,0.3933630920356494,False
561,0.804717519321077,97.50552752423607,0.42153476498438625,False
562,0.7771529943226336,97.50552752423607,0.5164839871203831,False
563,0.7473944462440387,97.50552752423607,0.5911644707214024,False
564,0.7153220528038851,97.50552752423607,0.6527442817208394,False
565,0.6807937753703206,97.50552752423607,0.7048270686193507,False
566,0.6436394131461666,97.50552752423607,0.7495479757155693,False
567,0.603652249754401,97.50552752423607,0.7883071929636991,False
568,0.560576942614533,97.50552752423607,0.8220895452053603,False
569,0.5140912790181235,97.50552752423607,0.8250745565433858,False
570,0.4637773498877516,97.50552752423607,0.8319465067135,False
571,0.40907313904382653,97.50552752423607,0.8336953898959995,False
572,0.3491843735073079,97.50552752423607,0.8351001773734064,False
573,0.2829047929798921,96.80820908214751,0.8222205378161479,False
574,0.208180945557171,97.56222008050344,0.8299229457245468,False
575,0.12068101401352381,98.2440240172199,0.811599420406437,False
576,-0.0,98.2440240172199,0.7937947481567419,False
577,-0.0,98.2440240172199,0.777750011375842,False
578,-0.0,98.2440240172199,0.7624749369485418,False
579,-0.0,98.2440240172199,0.7480496613877262,False
580,-0.0,97.52464030814546,0.7479984301334797,False
581,-0.0,98.28933952645293,0.7326860450969513,False
582,-0.0,98.97006394657915,0.6696994285345063,False
583,-0.0,98.97006394657915,0.605829459584106,False
584,-0.0,98.97006394657915,0.5410644828360313,False
585,-0.0,98.97006394657915,0.47438210218333793,False
586,-0.0,98.97006394657915,0.40387775197245745,False
587,-0.0,98.97006394657915,0.32670477471406884,False
588,-0.0,98.97006394657915,0.23588737323938824,False
589,-0.0,98.28933952645293,0.23259825543960963,False
590,-0.0,97.52464030814546,0.21479999386208465,False
591,-0.0,98.2440240172199,0.2175792628013514,False
592,-0.0,98.2440240172199,0.22155090083259538,False
593,-0.0,98.2440240172199,0.225109665126397,False
594,-0.0,97.56222008050344,0.2007042407582344,False
595,-0.0,98.17315329626688,0.20516363732194204,False
596,0.12068101401352381,98.16065852966221,0.20894961471831155,False
597,0.208180945557171,98.1483585141429,0.266200270103471,False
598,0.2829047929798921,98.13625774191715,0.2665877065924111,False
599,0.3491843735073079,98.12436057746959,0.2665260591272827,False
600,0.40907313904382653,98.11267125234495,0.26606805963299435,False
601,0.4637773498877516,98.10119386014782,0.26515451632819936,False
602,0.5140912790181235,98.0899323517708,0.26347492974381387,False
603,0.5140912790181235,98.0788905308628,0.2608657057240646,False
604,0.5140912790181235,98.06807204954826,0.25621874859042676,False
605,0.5140912790181235,98.05748040440758,0.25023939368897413,False
606,0.5140912790181235,98.04711893272778,0.24524939633932558,False
607,0.5140912790181235,98.0369908090321,0.23893088622824996,False
608,0.5140912790181235,98.0270990418958,0.23223507181721892,False
609,0.560576942614533,98.01744647105473,0.22516192835826818,False
610,0.603652249754401,98.0080357648124,0.21771001634652226,False
611,0.6436394131461666,97.99886941775014,0.20829902933131833,False
612,0.6436394131461666,97.98994974874371,0.19846143458717344,False
613,0.6436394131461666,97.9812788992895,0.1898167645587016,False
614,0.6436394131461666,97.97285883214145,0.18241491767855977,False
615,0.6436394131461666,97.96469133025975,0.1762768288097661,False
616,0.6436394131461666,97.95677799607073,0.1713866339697103,False
617,0.6436394131461666,97.37196010310434,0.04665332750836334,False
618,0.6436394131461666,97.99205772134907,0.04470946454592983,False
619,0.6436394131461666,97.99288335371956,0.04443716396337594,False
620,0.6436394131461666,97.99392097264437,0.04441223523138239,False
621,0.6807937753703206,97.9951664286499,0.04387899978843653,False
622,0.7153220528038851,97.99661553578252,0.10789697403178035,False
623,0.7473944462440387,97.99826407724856,0.10870044642789843,False
624,0.7771529943226336,98.00010781089968,0.10960714158274283,False
625,0.804717519321077,98.00214247455811,0.10980316004129215,False
626,0.804717519321077,97.89792986003938,0.10971349195998582,False
627,0.8301899714180443,98.0649254520461,0.11153059720156717,False
628,0.8536576732793313,98.05886696908956,0.11231307897018379,False
629,0.875195788740725,98.05304146495475,0.11299292327819642,False
630,0.8948692308065574,98.04744908671006,0.11358711184953339,False
631,0.9127341558073343,98.04208983352528,0.11411031111254705,False
632,0.9288391461883214,98.03696355852563,0.11457515085337876,False
633,0.9432261548473415,98.03206997084548,0.11499245847711594,False
634,0.9559312637896478,98.02740863787375,0.11537146026561323,False
635,0.9669852958320848,98.02297898768244,0.1157199578999326,False
636,0.976414308115487,98.01878031162934,0.11604448626759543,False
637,0.9842399889605549,98.0148117671261,0.11628138703957576,False
638,0.9904799742690308,98.01107238056183,0.11654313333534397,False
639,0.995148095654003,98.00756105037294,0.11682537439100725,False
640,0.9982545693874831,98.00427655024947,0.1171238750990777,False
641,0.9982545693874831,98.00121753246754,0.11743451796217254,False
642,0.9982545693874831,97.543469470279,0.06424293462352043,False
643,0.9982545693874831,98.03102024373048,0.06343028301322368,False
644,0.9982545693874831,98.03490174508725,0.06247866228297616,False
645,0.9982545693874831,97.93962863667957,0.06262693544192824,False
646,0.9982545693874831,98.08744516192635,0.05781125568258412,False
647,0.9982545693874831,98.08504370028479,0.053243008207575375,False
648,0.9982545693874831,98.08284833960973,0.050704668984666273,False
649,0.9982545693874831,98.0808572820263,0.04841919273363455,False
650,0.9982545693874831,98.07906863934029,0.046373593784897416,False
651,0.9982545693874831,98.07748043667279,0.04455334533653373,False
652,0.9982545693874831,98.07609061613198,0.04294247396252419,False
653,0.9982545693874831,98.07489704051336,0.04103965527943351,False
654,0.9982545693874831,98.07389749702027,0.0393164992587688,False
655,0.9982545693874831,98.07308970099668,0.037766064663127374,False
656,0.9982545693874831,98.07247129966457,0.036295849941426706,False
657,0.995148095654003,98.07203987585818,0.03524477266176139,False
658,0.9904799742690308,98.07179295174802,0.034265788366906545,False
659,0.9842399889605549,98.07172799254774,0.033372736615163615,False
660,0.976414308115487,98.071842410197,0.03257990079359454,False
661,0.9669852958320848,98.07213356701412,0.031901653065196024,False
662,0.9559312637896478,98.07259877931256,0.031351974547778744,False
663,0.9432261548473415,98.07323532097526,0.030943866446072197,False
664,0.9432261548473415,98.0740404269816,0.030688695438411105,False
665,0.9432261548473415,98.07501129688207,0.030595544717799267,False
666,1.0532169913190044,98.07614509821549,0.05003731351963025,False
667,1.129798482836793,98.07743896986497,0.04946231709858715,False
668,1.1933654824135869,98.07889002534797,0.04888862071772062,False
669,1.2482389571842902,98.08049535603715,0.048317370400766724,False
670,1.2852748466470731,98.08225203430834,0.188859651734865,False
671,1.316421886822755,98.08415711661272,0.1887058463186426,False
672,1.3424256522693587,98.08620764647036,0.18857257140201775,False
673,1.3785347251376459,98.08840065738258,0.18857110111950579,False
674,1.41098399809997,98.09073317566114,0.18859175941212084,False
675,1.4400831784759722,98.0932022231723,0.19081883075456635,False
676,1.4660741214574515,98.09580481999404,0.19125095378251372,False
677,1.489148966540959,98.09853798698555,0.19165032882483504,False
678,1.5094621252684286,98.10139874826731,0.1920169190179416,False
679,1.527138493598173,98.10438413361169,0.192350790020249,False
680,1.542279235137156,98.1074911807429,0.19265210200648883,False
681,1.5549659371186813,98.11071693754641,0.19292110263703752,False
682,1.557672567089349,98.11405846418761,0.19315812102432267,False
683,1.5576725670893488,98.11751283513976,0.19336356271685776,False
684,1.554965937118681,98.12107714112169,0.1935379057203637,False
685,1.5495348211113549,98.12474849094568,0.1936816975746434,False
686,1.541342789057496,97.90744466800805,0.18971998642250593,False
687,1.545378825051491,98.10060362173039,0.18999700029152208,False
688,1.5332939593741386,98.10060362173039,0.1902709288624663,False
689,1.5183593905083006,98.10060362173039,0.19054285940206778,False
690,1.5004659065178618,97.26876474587115,0.05497282396920713,False
691,1.4794731020725562,98.0688230151792,0.05594858397660804,False
692,1.4552013979602212,98.07320251115411,0.05685555182064568,False
693,1.4274202463828694,98.07767752059631,0.057684640589973135,False
694,1.3958301562928708,98.08224517637888,0.05842754331536257,False
695,1.360034097940745,97.92812330570831,0.05160111210116789,False
696,1.3194892909924263,98.11473202262322,0.050967717053721176,False
697,1.2734192269994746,98.11473202262322,0.0500960686285002,False
698,1.2206340886225493,98.11473202262322,0.049262800484265186,False
699,1.1590956761386297,98.11473202262322,0.04846571956494,False
700,1.0844863484244938,98.11473202262322,0.047702284952959736,False
701,0.976414308115487,98.11473202262322,0.046216300422286624,False
702,0.9669852958320848,98.11473202262322,0.04472367260068869,False
703,0.9559312637896478,98.11473202262322,0.04322253438644547,False
704,0.9432261548473415,98.11473202262322,0.041709988648716015,False
705,0.9288391461883214,98.11473202262322,0.04018197770899744,False
706,0.9127341558073343,98.11473202262322,0.038614984108473735,False
707,0.8948692308065574,98.11473202262322,0.03702374892205203,False
708,0.875195788740725,98.11473202262322,0.03539820375889225,False
709,0.875195788740725,98.11473202262322,0.03372616752804222,False
710,0.8536576732793313,98.11473202262322,0.031992629677320125,False
711,0.8301899714180443,98.11473202262322,0.030178660164349114,False
712,0.804717519321077,98.11473202262322,0.035929384701829735,False
713,0.7771529943226336,98.11473202262322,0.03549677933589657,False
714,0.7771529943226336,98.11473202262322,0.19671622404456318,False
715,0.7771529943226336,98.11473202262322,0.19683545095397875,False
716,0.7771529943226336,98.11473202262322,0.19690835166429418,False
717,0.7771529943226336,98.11473202262322,0.19701941944658527,False
718,0.7771529943226336,98.11473202262322,0.19709775109017605,False
719,0.7771529943226336,98.11473202262322,0.19714563461309817,False
720,0.7771529943226336,98.11473202262322,0.19716534097123564,False
721,0.7771529943226336,98.11473202262322,0.19733707264291336,False
722,0.7771529943226336,98.11473202262322,0.19748452195204397,False
723,0.7771529943226336,98.11473202262322,0.19760913786159592,False
724,0.7771529943226336,98.11473202262322,0.19771250486523184,False
725,0.7771529943226336,98.11473202262322,0.1977963318106646,False
726,0.7771529943226336,98.11473202262322,0.1978659788056821,False
727,0.804717519321077,98.11473202262322,0.19791886970676223,False
728,0.8301899714180443,98.11473202262322,0.19795731374034672,False
729,0.8536576732793313,98.11473202262322,0.19798361481276794,False
730,0.875195788740725,98.11473202262322,0.19800007306270373,False
731,0.8948692308065574,98.11473202262322,0.19800898614087004,False
732,0.9127341558073343,98.01550387596899,0.19676559250217282,False
733,0.9288391461883214,98.07114130646988,0.19656002473375042,False
734,0.9432261548473415,97.24337198859865,0.03295660038197802,False
735,0.9559312637896478,98.02428643942056,0.030436885893792107,False
736,0.9669852958320848,98.02428643942056,0.02801516038820644,False
737,0.976414308115487,98.02428643942056,0.02571911885607728,False
738,0.9842399889605549,98.02428643942056,0.023585495805259503,False
739,0.9904799742690308,98.02428643942056,0.021662336543357502,False
740,0.995148095654003,98.02428643942056,0.0200104150668166,False
741,0.9982545693874831,98.02428643942056,0.018701745166312712,False
742,0.999806132804711,98.02428643942056,0.017812144954384386,False
743,0.999806132804711,98.02428643942056,0.017155994343468373,False
744,0.9982545693874831,98.02428643942056,0.016872385759452973,False
745,0.995148095654003,98.02428643942056,0.015798370258057245,False
746,0.9904799742690308,98.02428643942056,0.014900731922780424,False
747,0.9842399889605549,98.02428643942056,0.01418091656286312,False
748,0.976414308115487,98.02428643942056,0.013633756535567922,False
749,0.9669852958320848,98.02428643942056,0.013246344636719422,False
750,0.9559312637896478,98.02428643942056,0.01299801706912254,False
751,0.9432261548473415,98.02428643942056,0.012861523550106656,False
752,0.9288391461883214,98.02428643942056,0.012804988614303436,False
753,0.9127341558073343,98.02428643942056,0.012793996644995448,False
754,0.8948692308065574,98.02428643942056,0.012793189771301922,False
755,0.875195788740725,98.02428643942056,0.17508388229053856,False
756,0.8536576732793313,98.02428643942056,0.1756651245718645,False
757,0.8301899714180443,98.02428643942056,0.17610989892514967,False
758,0.804717519321077,98.02428643942056,0.17649492110400553,False
759,0.7771529943226336,98.02428643942056,0.17682392344235928,False
760,0.7473944462440387,98.02428643942056,0.24997704288881462,False
761,0.7153220528038851,98.02428643942056,0.25008814776329635,False
762,0.6807937753703206,98.02428643942056,0.250029191078033,False
763,0.6436394131461666,98.02428643942056,0.2507205604997812,False
764,0.603652249754401,98.02428643942056,0.25138155742031154,False
765,0.560576942614533,98.02428643942056,0.25208773889091984,False
766,0.5140912790181235,98.02428643942056,0.2527720064014804,False
767,0.4637773498877516,98.02428643942056,0.25343482351855934,False
768,0.40907313904382653,98.02428643942056,0.29802210578453947,False
769,0.3491843735073079,98.02428643942056,0.299943147363411,False
770,0.3491843735073079,98.02428643942056,0.30195342357335797,False
771,0.2829047929798921,98.02428643942056,0.3031009417978655,False
772,0.208180945557171,98.02428643942056,0.30596705404800206,False
773,0.12068101401352381,98.02428643942056,0.3086819859755974,False
774,-0.0,98.02428643942056,0.31125247827062047,False
775,-0.0,97.24337198859865,0.26058935680636836,False
776,-0.0,98.06245815776002,0.26296210116071694,False
777,-0.0,98.05630026809652,0.2626790755579852,False
778,-0.0,98.05422899317205,0.26416590078962593,False
779,-0.0,98.05230720606826,0.2654832275383202,False
780,-0.0,97.21209269497706,0.24847645831158824,False
781,-0.0,98.01525529265255,0.25152640132402126,False
782,-0.0,97.97999304777721,0.2546450872595565,False
783,-0.0,98.06041091689666,0.25695209825817866,False
784,-0.0,98.06041091689666,0.25921534136030316,False
785,-0.0,98.06041091689666,0.2603984641118175,False
786,-0.0,98.06041091689666,0.26216713052222984,False
787,-0.0,98.06041091689666,0.34216617127362997,False
788,-0.0,97.27844219564551,0.3718759597626126,False
789,-0.0,98.10640907697025,0.4244381006560867,False
790,-0.0,98.11313577053296,0.46821796791392034,False
791,-0.0,98.07837511325883,0.5037925462064984,False
792,-0.0,98.14918886516054,0.5336484420647098,False
793,-0.0,98.14918886516054,0.5321475887453021,False
794,-0.0,98.14918886516054,0.5558852375321909,False
795,-0.0,98.14918886516054,0.5770603507263129,False
796,-0.0,98.14918886516054,0.5959944735098044,False
797,-0.0,97.96741835734218,0.6140564236777748,False
798,-0.0,98.1174327247884,0.6295053274035274,False
799,-0.0,98.1129192451677,0.6421621063537832,False
800,-0.0,97.31651993387413,0.6369843158166139,False
801,-0.0,98.14284608836958,0.6471469370364535,False
802,-0.0,98.14542925585349,0.6559128597064394,False
803,-0.0,98.14814814814815,0.6634964375038408,False
804,-0.0,98.15100154083206,0.6700001766441744,False
805,-0.0,98.11937543265903,0.6759183132818914,False
806,0.12068101401352381,98.16862474084313,0.680694450665091,False
807,0.208180945557171,98.99953646477132,0.649084222097323,False
808,0.2829047929798921,99.00134952766531,0.6172003475561445,False
809,0.3491843735073079,99.00323275862068,0.5851600700723552,False
810,0.3491843735073079,99.00518532744383,0.5529395792024748,False
811,0.3491843735073079,99.00720637841152,0.5222275953249952,False
812,0.3491843735073079,99.00929503117469,0.49160586735461986,False
813,0.3491843735073079,98.1974802671524,0.4927369509082434,False
814,0.3491843735073079,98.97978390994993,0.46491517840067675,False
815,0.3491843735073079,98.98416492381237,0.4371424185947586,False
816,0.3491843735073079,98.98855173946872,0.40945042140709037,False
817,0.3491843735073079,98.99294325198471,0.38190386405831017,False
818,0.3491843735073079,98.99733838917855,0.3546523022185561,False
819,0.3491843735073079,99.00173611111111,0.330031586614944,False
820,0.3491843735073079,99.01331132718596,0.3051350863122351,False
821,0.3491843735073079,99.02121298405467,0.28020210838795806,False
822,0.3491843735073079,99.02121298405467,0.2560653367688536,False
823,0.3491843735073079,99.02121298405467,0.23251748512309545,False
824,0.3491843735073079,99.02121298405467,0.20942709150069927,False
825,0.3491843735073079,99.02121298405467,0.2515653192724238,False
826,0.3491843735073079,99.02121298405467,0.23610317653701277,False
827,0.3491843735073079,99.02121298405467,0.22204450908326864,False
828,0.3491843735073079,99.02121298405467,0.20995258918354412,False
829,0.3491843735073079,99.02121298405467,0.19950606560588485,False
830,0.3491843735073079,99.02121298405467,0.1907500672546324,False
831,0.3491843735073079,99.02121298405467,0.18530566290596318,False
832,0.3491843735073079,99.02121298405467,0.1813092686341222,False
833,0.3491843735073079,99.02121298405467,0.1786139976654422,False
834,0.3491843735073079,99.02121298405467,0.177034964966371,False
835,0.3491843735073079,99.02121298405467,0.1763589999161726,False
836,0.3491843735073079,99.02121298405467,0.17637720593186648,False
837,0.3491843735073079,99.02121298405467,0.17681645228215,False
838,0.3491843735073079,99.02121298405467,0.17818295999946382,False
839,0.3491843735073079,99.02121298405467,0.17825142079469666,False
840,0.3491843735073079,99.02121298405467,0.1783134968663524,False
841,0.3491843735073079,99.02121298405467,0.17836877591409042,False
842,0.3491843735073079,99.02121298405467,0.17841685275188884,False
843,0.3491843735073079,99.02121298405467,0.17845732688056407,False
844,0.3491843735073079,99.02121298405467,0.17864114970715034,False
845,0.3491843735073079,98.2630979498861,0.0601285805216218,False
846,0.3491843735073079,99.05680523917995,0.058880180841409904,False
847,0.3491843735073079,99.05867364993983,0.05759611100787724,False
848,0.3491843735073079,99.06058686932658,0.056267462874376103,False
849,0.3491843735073079,99.06254372463971,0.054884615852973655,False
850,0.3491843735073079,99.06454305188483,0.05343701112819497,False
851,0.3491843735073079,99.06658369632856,0.05189812310922525,False
852,0.46824757305098735,99.06866451302496,0.05024544992770031,False
853,0.5541015302865538,99.07078436731348,0.04847021399867151,False
854,0.5541015302865538,99.07294213528932,0.04656159947197189,False
855,0.5541015302865538,99.07513670424628,0.04450603070888199,False
856,0.5541015302865538,99.07736697309267,0.04194242624151877,False
857,0.5541015302865538,99.0796318527411,0.03917790223289988,False
858,0.5541015302865538,98.90956382553021,0.03135796129453844,False
859,0.5541015302865538,99.05295451513939,0.029913499191167994,False
860,0.5541015302865538,99.05295451513939,0.028472702629795277,False
861,0.5541015302865538,99.05295451513939,0.027034284267160716,False
862,0.5541015302865538,99.05295451513939,0.025596818769858573,False
863,0.5541015302865538,99.05295451513939,0.024158736115565096,False
864,0.5541015302865538,99.05295451513939,0.022718313277871317,False
865,0.5541015302865538,99.05295451513939,0.021273663094726284,False
866,0.5541015302865538,99.05295451513939,0.019822718328977754,False
867,0.48865925334338955,99.05295451513939,0.018363207528342442,False
868,0.41475814399911126,99.05295451513939,0.035282696790569466,False
869,0.32806688317929317,99.05295451513939,0.035014132205955444,False
870,0.208180945557171,99.05295451513939,0.18366654314644004,False
871,0.208180945557171,99.05295451513939,0.2532204359257168,False
872,0.208180945557171,99.05295451513939,0.3040708040222058,False
873,0.208180945557171,99.05295451513939,0.32955397631213484,False
874,0.208180945557171,99.05295451513939,0.3675787053957492,False
875,0.208180945557171,99.05295451513939,0.3995058223179773,False
876,0.208180945557171,99.05295451513939,0.42683556808502704,False
877,0.208180945557171,99.05295451513939,0.45046090713506726,False
878,0.208180945557171,99.05295451513939,0.4710258525696258,False
879,0.208180945557171,99.05295451513939,0.4889995403790102,False
880,0.208180945557171,99.05295451513939,0.50473893376029,False
881,0.208180945557171,99.05295451513939,0.5185252588230529,False
882,0.208180945557171,99.05295451513939,0.5305865332776105,False
883,0.208180945557171,99.05295451513939,0.5411122034541971,False
884,0.208180945557171,99.05295451513939,0.5468102519523497,False
885,0.208180945557171,99.05295451513939,0.5613723816002427,False
886,0.208180945557171,99.05295451513939,0.567245215979183,False
887,0.208180945557171,99.05295451513939,0.5731163101921047,False
888,0.208180945557171,98.90956382553021,0.5781532972788025,False
889,0.208180945557171,99.07296251834067,0.5839949417765433,False
890,0.208180945557171,99.85573374488358,0.5615801299194751,False
891,0.208180945557171,99.85573374488358,0.5402502751015207,False
892,0.208180945557171,99.85573374488358,0.5200664282079086,False
893,0.208180945557171,99.69804737301214,0.5111824732726391,False
894,0.208180945557171,99.87921894920485,0.4921527104962959,False
895,0.208180945557171,99.87848511442651,0.47478497889500443,False
896,0.3280668831792932,99.87775061124694,0.45901023780089517,False
897,0.4147581439991112,99.87701557802679,0.4619200526366699,False
898,0.48865925334338955,99.8762801567118,0.4509168023321825,False
899,0.5541015302865538,99.87554449284382,0.4426569930462048,False
900,0.5541015302865538,99.87480873556822,0.4363373486562863,False
901,0.5541015302865538,99.87407303763817,0.430412505494936,False
902,0.5541015302865538,99.87333755541482,0.4248735845429335,False
903,0.5541015302865538,99.87260244886404,0.41971182959908027,False
904,0.5541015302865538,99.07282893339939,0.41967698781614027,False
905,0.5541015302865538,98.85748861047836,0.4065095541048757,False
906,0.5541015302865538,99.05498281786942,0.4037796552783949,False
907,0.5541015302865538,99.05320757433941,0.39998253701841185,False
908,0.5541015302865538,99.05148070378684,0.395181587219205,False
909,0.5541015302865538,99.04980340760157,0.3894367464123611,False
910,0.5541015302865538,99.04817689266363,0.3828058341729071,False
911,0.5541015302865538,99.04660237061032,0.3753458132427129,False
912,0.5541015302865538,99.04508105707306,0.3671140591858095,False
913,0.46824757305098735,99.0436141708842,0.3581697013600467,False
914,0.3491843735073079,99.0320765334834,0.3480213529308575,False
915,0.3491843735073079,99.02420574886536,0.3371342131072849,False
916,0.3491843735073079,99.02009379646928,0.3257535237810456,False
917,0.46824757305098735,98.73112014107184,0.2881084880594882,False
918,0.5541015302865538,98.9825413342583,0.2727363513043929,False
919,0.6271502454482835,98.96262335845832,0.2545236691594259,False
920,0.6917244835981394,98.95421252594885,0.23442336508199338,False
921,0.7498765864518436,98.94969596462134,0.21500307547271869,False
922,0.8028116417452926,98.94518966683916,0.1963137166751755,False
923,0.8513226827573213,98.9406949683011,0.17841576966213762,False
924,0.8959704136014894,98.93621324272944,0.16081312829114905,False
925,0.9371713531760616,98.93174590230775,0.14417661056804493,False
926,0.9752462395674342,98.92729439809297,0.12861841438287092,False
927,1.0104488493066097,98.92286022039937,0.11427509926054058,False
928,1.0429842335712594,98.91844489915229,0.10159119722966357,False
929,1.0730208202534555,98.9140500042091,0.09057991362984873,False
930,1.1006987578744163,98.90967714564508,0.08149027049737653,False
931,1.1261358508278747,98.90532797400154,0.0745316735765243,False
932,1.1494318918359776,98.9010041804939,0.1195233913711306,False
933,1.1494318918359776,98.8967074971766,0.11928254701455138,False
934,1.1494318918359776,98.89243969706256,0.11991549840481697,False
935,1.1494318918359776,98.88820259419394,0.12042773743853709,False
936,1.1494318918359776,98.8839980436619,0.12061005716226798,False
937,1.1494318918359776,98.87982794157182,0.12068682995600867,False
938,1.1494318918359776,98.87569422495146,0.12066959707180544,False
939,1.1494318918359776,98.87159887159888,0.12056953756950788,False
940,1.1494318918359776,98.86754389986704,0.1203975170828556,False
941,1.1494318918359776,98.86353136838216,0.1201641215892263,False
942,1.1494318918359776,98.8595633756924,0.11987967749151933,False
943,1.1494318918359776,98.85564205984429,0.1195542589432148,False
944,1.1494318918359776,98.85176959788309,0.11919768309026332,False
945,1.1494318918359776,98.84794820527469,0.11881087620779751,False
946,1.1494318918359776,98.84418013524531,0.11839832785222551,False
947,1.1494318918359776,98.84046767803653,0.1179677572036071,False
948,1.1494318918359776,98.83681316007203,0.11728770435499387,False
949,1.1494318918359776,98.83321894303363,0.1165856022620588,False
950,1.1494318918359776,98.82968742284332,0.11585629345300222,False
951,1.1494318918359776,98.82622102854869,0.11510508283952124,False
952,1.1494318918359776,98.44515548445156,0.060497781052393076,False
953,1.1494318918359776,98.76884422110552,0.056438209148497794,False
954,1.1494318918359776,98.76767676767676,0.0524568208058586,False
955,1.1494318918359776,98.76662267790073,0.048570860369936804,False
956,1.1494318918359776,98.76568397429358,0.04480237309404497,False
957,1.090864890696142,98.76486264862649,0.04117986828427682,False
958,1.0236982481827188,98.76416065911431,0.037740507478187774,False
959,0.9436063339556555,98.76357992757372,0.03453280551903953,False
960,0.8301899714180443,98.76312233655545,0.0316195167064663,False
961,0.8301899714180443,98.76278972645646,0.029079639994787663,False
962,0.8301899714180443,98.76258389261746,0.02700715887315602,False
963,0.8301899714180443,98.7625065824118,0.024815025322904007,False
964,0.8301899714180443,98.7625594923321,0.023014790523111936,False
965,0.8301899714180443,98.76274426508071,0.16621688464241174,False
966,0.8301899714180443,98.76306248667093,0.16744968611210023,False
967,0.8301899714180443,98.76351568354566,0.16864600494249404,False
968,0.8301899714180443,98.76410531972058,0.1698018210195012,False
969,0.8301899714180443,98.764832793959,0.22646339225145884,False
970,0.8301899714180443,98.76569943698571,0.22802435075850203,False
971,0.8301899714180443,98.76670650874715,0.22948345363739553,False
972,0.8301899714180443,98.76785519572566,0.2556998412948003,False
973,0.8301899714180443,98.7691466083151,0.2562436529155742,False
974,0.8301899714180443,98.77058177826564,0.2583666374193845,False
975,0.8301899714180443,98.77216165620527,0.25842805113427475,False
976,0.8301899714180443,98.77388710924555,0.2584840166449566,False
977,0.8301899714180443,98.77575891867937,0.2924207348663447,False
978,0.8301899714180443,98.77777777777777,0.34361046053767635,False
979,0.8301899714180443,98.77994428969359,0.3697606960522705,False
980,0.8301899714180443,98.78225896547872,0.3927025010055815,False
981,0.8301899714180443,98.78472222222223,0.41298815243097325,False
982,0.8301899714180443,98.78733438131597,0.4310117427372772,False
983,0.8301899714180443,98.79009566685424,0.44710623112449277,False
984,0.8301899714180443,98.79300620417372,0.4614680752407415,False
985,0.8301899714180443,98.03300926972643,0.4447275748847209,False
986,0.8301899714180443,98.8445854100589,0.45638726961282866,False
987,0.8301899714180443,98.8445854100589,0.4667139633451781,False
988,0.8301899714180443,98.8445854100589,0.47582682278378874,False
989,0.8301899714180443,98.08337598817039,0.4604519883057635,False
990,0.8301899714180443,98.8522156235724,0.46741438508758076,False
991,0.8301899714180443,98.85097092956451,0.47342047025723594,False
992,0.8301899714180443,98.2326866616775,0.46574008147909257,False
993,0.8301899714180443,98.79455531203138,0.4705027990509512,False
994,0.8536576732793313,98.57275469946623,0.47359688011129614,False
995,0.875195788740725,98.73949579831933,0.47707477498282713,False
996,0.8948692308065574,98.73811480220684,0.48053122554750827,False
997,0.9127341558073343,98.10111699000588,0.46355442451985346,False
998,0.9288391461883214,97.88353532367721,0.4294055299228047,False
999,0.9432261548473415,98.05017239329449,0.40897993261424276,False
1000,0.9559312637896478,98.04554419939035,0.38890497918332717,False
1001,0.9669852958320848,98.04110082922726,0.36866496781443264,False
1002,0.976414308115487,98.03684687405618,0.34831953096589047,False
1003,0.9842399889605549,98.0327868852459,0.3282465543674587,False
1004,0.9904799742690308,98.0289253676695,0.3082006808505577,False
1005,0.995148095654003,98.025266772967,0.2883456796033189,False
1006,0.9982545693874831,98.02181549269736,0.26871221701790443,False
1007,0.999806132804711,98.0185758513932,0.24943104110314426,False
1008,0.999806132804711,98.01555209953344,0.2306329719016411,False
1009,0.9982545693874831,98.01274840644919,0.21237358866909578,False
1010,0.995148095654003,98.01016885317934,0.1947082496043856,False
1011,0.9904799742690308,98.00781742529315,0.22909729176002305,False
1012,0.9842399889605549,98.00569800569801,0.21741390991364085,False
1013,0.976414308115487,98.00381436745073,0.22255570484696832,False
1014,0.9669852958320848,98.0021701665922,0.21647973996329944,False
1015,0.9559312637896478,98.000768935025,0.21182890975276802,False
1016,0.9432261548473415,97.99961407345468,0.2070682412749148,False
1017,0.9288391461883214,97.99870884441575,0.20383961238904177,False
1018,0.9127341558073343,97.9980563654033,0.2020475084617659,False
1019,0.8948692308065574,97.99765960213236,0.2015547694932534,False
1020,0.875195788740725,97.99752136194638,0.22767917641084515,False
1021,0.8536576732793313,97.99764428739694,0.2272148419235399,False
1022,0.8301899714180443,97.9980308500164,0.24614122181302786,False
1023,0.804717519321077,97.99868334430546,0.24556444506622152,False
1024,0.804717519321077,97.99960388195683,0.2455717426697116,False
1025,0.7771529943226336,98.00079438633655,0.24593248848432842,False
1026,0.7473944462440387,98.00225658724365,0.24660801336719418,False
1027,0.7153220528038851,98.00399201596807,0.24746239114297525,False
1028,0.6807937753703206,98.00600200066688,0.24839538427390542,False
1029,0.6436394131461666,98.00828766207727,0.24940425612310324,False
1030,0.603652249754401,98.01084990958408,0.2504942526302246,False
1031,0.560576942614533,97.36277009797342,0.20598592048412417,False
1032,0.5140912790181235,98.0638655462185,0.20680372191086197,False
1033,0.4637773498877516,97.61344537815125,0.19091250812662525,False
1034,0.5277139815252946,98.13781512605043,0.18929622259069045,False
1035,0.5541015302865538,98.14141414141415,0.18780459925689447,False
1036,0.5621380056254565,98.14527551089229,0.18644468236812922,False
1037,0.48865925334338955,98.14939889234094,0.18522346428561137,False
1038,0.4023829390456117,98.15378372895111,0.1841478212415546,False
1039,0.46824757305098735,98.15842924847664,0.18322444527516046,False
1040,0.5277139815252946,97.4949221394719,0.14807924985874574,False
1041,0.5819881552488824,98.11103588354773,0.14908015073596853,False
1042,0.6318640827062832,97.54659437478821,0.11609965304294412,False
1043,0.677903479475398,98.04639804639805,0.11894566736811828,False
1044,0.720523936685393,98.0517276491752,0.12108016693401912,False
1045,0.7600473303889541,98.05732916723271,0.12347369046836613,False
1046,0.7967286463062392,98.0632008154944,0.1261269851688013,False
1047,0.830774222099454,98.06934058463631,0.12903860530984085,False
1048,0.8623538561746378,98.07574624328551,0.1322051459582314,False
1049,0.8916091590804429,98.08241534067727,0.1356215055483894,False
1050,0.9186594970880806,98.08934520976406,0.1392811614847876,False
1051,0.9436063339556555,98.09653297076818,0.14182667751096745,False
1052,0.9665364727522964,98.10397553516819,0.14449345723712606,False
1053,0.9875245214535493,98.11166961010733,0.1462188783824763,False
1054,1.006634797484697,98.11961170321092,0.147917813494243,False
1055,1.0239228180015463,98.12779812779813,0.15268868629372945,False
1056,1.0394364783172854,98.1362250084717,0.15782721964167645,False
1057,1.0532169913190046,98.14488828706838,0.16270085812319235,False
1058,1.0652996405533381,98.15378372895111,0.16731640251775878,False
1059,1.0757143856082798,98.16290692962312,0.1720956294087465,False
1060,1.0844863484244938,98.17225332164296,0.176589118416403,False
1061,1.0916362019205925,98.18181818181819,0.18080303411800688,False
1062,1.0971804769523517,98.19159663865547,0.18559040098947416,False
1063,1.101131799569232,98.20158368004294,0.19004918130606005,False
1064,1.1034990673875957,98.21177416114125,0.1947224260816437,False
1065,1.1042875713905729,98.22216281245822,0.19901093668676653,False
1066,1.1034990673875957,98.2327442480827,0.20292147146503586,False
1067,1.1011317995692318,98.2435129740519,0.20645848385390272,False
1068,1.0971804769523517,98.2544633968275,0.2096244451622062,False
1069,1.0916362019205925,98.2655898318549,0.21242007914738015,False
1070,1.0844863484244938,98.27688651218062,0.21484452783376115,False
1071,1.0757143856082798,98.28834759710335,0.21778046094946238,False
1072,1.0757143856082798,98.2999671808336,0.22043377247692778,False
1073,1.0757143856082798,98.3117393011386,0.22350179628838654,False
1074,1.0757143856082798,98.3236579479486,0.2263870497271184,False
1075,1.0757143856082798,97.96515407619296,0.2404942022789861,False
1076,1.0757143856082798,98.39326206673145,0.23608947636974775,False
1077,1.0757143856082798,98.40524725098065,0.23450531133596078,False
1078,1.0757143856082798,98.41725700427595,0.23242485717665376,False
1079,1.0757143856082798,98.43561973525873,0.22957299686559648,False
1080,1.0757143856082798,98.44761485764566,0.22629817662695415,False
1081,1.0757143856082798,98.45961177207263,0.22262877292099006,False
1082,1.0757143856082798,98.4717110598216,0.21858455221896594,False
1083,1.0757143856082798,98.48390704610414,0.21418220953631217,False
1084,1.0757143856082798,98.49619407141532,0.21092847718209393,False
1085,0.976414308115487,98.50856649821274,0.20532761599585758,False
1086,0.976414308115487,98.52101871739798,0.19917751616532062,False
1087,0.976414308115487,98.53354515458878,0.1927218171439367,False
1088,0.976414308115487,98.54614027617252,0.18596811632805085,False
1089,0.976414308115487,98.5587985951314,0.17891778258791655,False
1090,0.976414308115487,98.5715146766319,0.17156605929235397,False
1091,0.976414308115487,98.58428314337132,0.16389831350051906,False
1092,0.976414308115487,98.59709868067578,0.19755909927776244,False
1093,0.976414308115487,98.6099560413449,0.19194085965548627,False
1094,0.976414308115487,98.62285005023938,0.1861173696085899,False
1095,0.9842399889605549,97.9919915204334,0.16167473150184294,False
1096,0.9904799742690308,98.32228544611955,0.16151645272310847,False
1097,0.995148095654003,98.59179619025359,0.15698329449809517,False
1098,0.995148095654003,98.59179619025359,0.152951367584381,False
1099,0.995148095654003,98.59179619025359,0.14940731908596602,False
1100,0.9982545693874831,98.59179619025359,0.14633484555986612,False
1101,0.999806132804711,98.59179619025359,0.14371500568679638,False
1102,0.999806132804711,98.59179619025359,0.14152667883103615,False
1103,0.9982545693874831,98.59179619025359,0.13974714898603305,False
1104,0.995148095654003,98.32228544611955,0.13606564802415338,False
1105,0.9904799742690308,98.55729596042869,0.1358607695945036,False
1106,0.9842399889605549,98.5519238725693,0.1358148924863814,False
1107,0.976414308115487,98.54668406691185,0.1358016153958537,False
1108,0.9669852958320848,98.54157985594381,0.1359206146625716,False
1109,0.9669852958320848,98.53661450244893,0.136130384354907,False
1110,0.9669852958320848,98.53179121471804,0.18650757918033603,False
1111,0.9669852958320848,98.52711314175785,0.18650239157718485,False
1112,0.9559312637896478,97.97985889163601,0.1416196065895298,False
1113,0.9432261548473415,98.59078262973267,0.14037234132523413,False
1114,0.9432261548473415,98.59078262973267,0.1531701119363639,False
1115,0.9432261548473415,98.59078262973267,0.15224421555845424,False
1116,0.9432261548473415,98.59078262973267,0.15136272850001692,False
1117,0.9288391461883214,98.59078262973267,0.15055126720627257,False
1118,0.9288391461883214,98.59078262973267,0.14976131947319815,False
1119,0.9288391461883214,98.59078262973267,0.1489859094878488,False
1120,0.9288391461883214,98.59078262973267,0.14821839078724425,False
1121,0.9288391461883214,98.59078262973267,0.14745228477593336,False
1122,0.9288391461883214,98.59078262973267,0.14668110766599984,False
1123,0.9288391461883214,98.59078262973267,0.14596125691816536,False
1124,0.9288391461883214,98.59078262973267,0.1451919428607626,False
1125,0.9288391461883214,98.59078262973267,0.14437190493176036,False
1126,0.9288391461883214,98.59078262973267,0.143949119039237,False
1127,0.9288391461883214,98.59078262973267,0.14366579046413017,False
1128,0.9288391461883214,98.59078262973267,0.14339371857804853,False
1129,0.9288391461883214,98.59078262973267,0.14314519063836667,False
1130,0.9288391461883214,97.97985889163601,0.06518036811093786,False
1131,0.9288391461883214,98.52711314175785,0.07984439201210071,False
1132,0.9288391461883214,98.53179121471804,0.08001022885280362,False
1133,0.9432261548473415,98.53661450244893,0.08009279254072293,False
1134,0.9559312637896478,98.2379644009079,0.04839904011593836,False
1135,0.9669852958320848,98.500776490264,0.0482631093899202,False
1136,0.976414308115487,98.50200731020432,0.048147203429187636,False
1137,0.9842399889605549,98.49741555475418,0.06140644247961765,False
1138,0.9904799742690308,98.4990053650009,0.06248504544359095,False
1139,0.995148095654003,98.50078587837021,0.06340750666138245,False
1140,0.9982545693874831,98.50275807722616,0.06419888399034623,False
1141,0.999806132804711,98.50492281512095,0.0643694253881673,False
1142,0.999806132804711,98.50728081398891,0.06447210234475051,False
1143,0.9982545693874831,98.50983266153658,0.06438387601067457,False
1144,0.995148095654003,98.51257880883884,0.06433225275028344,False
1145,0.9904799742690308,98.51551956815115,0.20107416849340778,False
1146,0.9842399889605549,98.5186551109472,0.20122514332615407,False
1147,0.976414308115487,98.52198546619042,0.20128629619464097,False
1148,0.9669852958320848,98.52551051884755,0.2012892611882984,False
1149,0.9559312637896478,98.5292300086516,0.20126223948028518,False
1150,0.9432261548473415,98.53314352912051,0.20123180258407694,False
1151,0.9288391461883214,98.30414062016463,0.1959584866748755,False
1152,0.9127341558073343,98.47744011883394,0.1960641116499951,False
1153,0.8948692308065574,98.47744011883394,0.19631514494658578,False
1154,0.875195788740725,98.47744011883394,0.19673821135375574,False
1155,0.8536576732793313,98.47744011883394,0.1973578770474656,False
1156,0.8301899714180443,98.47744011883394,0.19819643878782578,False
1157,0.804717519321077,98.31032988797425,0.1955464023625595,False
1158,0.7771529943226336,98.52695426131089,0.19652944323622637,False
1159,0.7473944462440387,98.52054453906881,0.19785058535750177,False
1160,0.830774222099454,98.51426431113053,0.19951647913175224,False
1161,0.8793939303559065,98.5081175954366,0.20169484447629285,False
1162,0.8431953160789711,98.5021083768645,0.20394665758545372,False
1163,0.804144968682279,98.49624060150376,0.2064486970864397,False
1164,0.7619882811604883,98.4905181708632,0.20918735296825938,False
1165,0.7164037343212466,97.63938991203088,0.09333855899169952,False
1166,0.6669740736911405,98.42773252509944,0.10002831076142694,False
1167,0.6131379016405238,98.43779527559055,0.1069575205766594,False
1168,0.5541015302865538,98.44800502670437,0.11357585013046922,False
1169,0.48865925334338955,98.45835683399135,0.12037221462838711,False
1170,0.48865925334338955,98.46884569714393,0.1272397255955201,False
1171,0.48865925334338955,98.47946656695956,0.13409068606916622,False
1172,0.48865925334338955,98.49021435228332,0.14085254330338662,False
1173,0.41475814399911126,98.50108392691236,0.14746453313473967,False
1174,0.32806688317929317,98.51207013644502,0.1538750103260251,False
1175,0.32806688317929317,98.52316780505815,0.1600393666742254,False
1176,0.32806688317929317,98.5343717421966,0.16422713340130113,False
1177,0.32806688317929317,98.5456767491598,0.16807318082929754,False
1178,0.208180945557171,98.55707762557077,0.17156792066149068,False
1179,0.208180945557171,98.5685691757142,0.1747020617588513,False
1180,0.208180945557171,98.58014621473023,0.17746639449487042,False
1181,0.208180945557171,98.59180357465246,0.17985159286180352,False
1182,0.208180945557171,98.6035361102787,0.18214707087419585,False
1183,0.208180945557171,98.61533870486421,0.17997886299855784,False
1184,0.208180945557171,98.62720627562845,0.18579155045799578,False
1185,0.208180945557171,98.63913377906633,0.1902399391709223,False
1186,0.208180945557171,98.65111621605702,0.20840127556293453,False
1187,0.208180945557171,98.66314863676341,0.22352618996610613,False
1188,0.208180945557171,98.6752261453166,0.2364815553860253,False
1189,0.208180945557171,98.68734390428065,0.24743234000376096,False
1190,0.208180945557171,98.6994971388937,0.25670762085406307,False
1191,0.208180945557171,98.71168114108242,0.26455351384543085,False
1192,0.208180945557171,98.7238912732475,0.27116170075352314,False
1193,0.208180945557171,98.73612297181896,0.26838890970390566,False
1194,0.208180945557171,98.7483717505805,0.2768173790883188,False
1195,0.208180945557171,98.76063320376316,0.2833291557701208,False
1196,0.208180945557171,98.77290300890905,0.30503135465937603,False
1197,0.208180945557171,98.78517692950683,0.3144518465585899,False
1198,0.208180945557171,98.79745081740094,0.31348854993828507,False
1199,0.208180945557171,98.80972061497768,0.32405114921109246,False
1200,0.208180945557171,98.82198235713112,0.33275639150206887,False
1201,0.208180945557171,98.83423217301302,0.33987298734393,False
1202,0.208180945557171,98.84646628757108,0.3456169124445396,False
1203,0.208180945557171,98.60026917900404,0.3523243507901953,False
1204,0.208180945557171,98.929737250495,0.35369714198244356,False
1205,0.208180945557171,98.929737250495,0.35467095533180265,False
1206,0.208180945557171,99.1161819058332,0.3467657730487116,False
1207,0.208180945557171,99.12078486034419,0.33882584862500637,False
1208,0.208180945557171,99.12548956489083,0.33088256914585557,False
1209,0.208180945557171,99.13029473345144,0.32296712707906833,False
1210,0.208180945557171,99.13519901165601,0.3151105778978313,False
1211,0.208180945557171,99.14020097802138,0.307343877247422,False
1212,0.208180945557171,99.14529914529915,0.29969789413391396,False
1213,0.208180945557171,98.93542663584064,0.2998426363880788,False
1214,0.208180945557171,99.20954992740765,0.2890717978617899,False
1215,0.32806688317929317,99.2043301759134,0.2792449208332044,False
1216,0.41475814399911126,98.34377553800054,0.2523372108718743,False
1217,0.48865925334338955,99.25974666886,0.2371653625773535,False
1218,0.5541015302865538,99.0405701754386,0.23497792717745075,False
1219,0.6131379016405238,99.31488078925733,0.2163430079853818,False
1220,0.6669740736911405,99.31057305167944,0.1984422926031348,False
1221,0.6318640827062832,99.3062878073145,0.18127611535525107,False
1222,0.560576942614533,99.3020269138422,0.164845672880235,False
1223,0.603652249754401,99.29779225886186,0.14915331207221547,False
1224,0.720523936685393,99.29358575868889,0.1342075199913204,False
1225,0.804144968682279,99.2894093570576,0.12001924605757072,False
1226,0.8749177494187964,99.2852650237292,0.10659507413537199,False
1227,0.9371713531760616,99.28115475300477,0.09439879437392236,False
1228,0.9929563290994997,99.27708056214216,0.08312203392048428,False
1229,1.0434758622197662,99.27304448967723,0.07307245232315474,False
1230,1.0895209637560108,99.2690485936495,0.064076539059544,False
1231,1.1316501862018717,99.2650949497325,0.20140109230630548,False
1232,1.17027775595384,99.26118564927005,0.1996956447826262,False
1233,1.2057219651274376,99.25732279721942,0.19824216916909485,False
1234,1.2382339767869435,99.25350851000299,0.19746891125797097,False
1235,1.2680160454788014,99.24974491327052,0.1970416847010598,False
1236,1.2952336017523502,99.24603413957416,0.19691497151229584,False
1237,1.3200235763720087,99.24237832595915,0.19697139592201676,False
1238,1.3425003133763334,99.23877961147312,0.22906273706043753,False
1239,1.362759877482492,99.23524013459773,0.22898093331621544,False
1240,1.3808832571151748,99.2317620306066,0.22900403843814415,False
1241,1.3969387860636409,99.22834742885364,0.22914349986117277,False
1242,1.41098399809997,99.2249984499969,0.22940928975340932,False
1243,1.4230670603378361,99.22171720316294,0.22980986345891405,False
1244,1.4332278865247239,99.21850578305721,0.23034945656174763,False
1245,1.4414990016406422,99.21536626702655,0.23103172574863348,False
1246,1.44790620869417,99.21230071208015,0.2318632163036351,False
1247,1.4524690941546656,99.20931115187551,0.23266489884013627,False
1248,1.4552013979602214,99.2063995936766,0.2336234570546829,False
1249,1.4561112661478437,99.2035680152915,0.2346640326688967,False
1250,1.4794731020725562,99.20081836199732,0.235885640771404,False
1251,1.4995196245467155,98.38347552761563,0.13748954883543452,False
1252,1.5164273757656148,99.1657505011964,0.14013615154681858,False
1253,1.530333327439556,99.24158942114475,0.14338169802517464,False
1254,1.5253874232579383,99.24641070616514,0.14674756077358744,False
1255,1.5184387137728148,99.25135082351409,0.15020213332764376,False
1256,1.6123393554501773,99.25640858391495,0.15371558109083927,False
1257,1.6722077608512675,99.26158269620336,0.15725996717170884,False
1258,1.7183863546634377,98.68378184661498,0.11080116212542253,False
1259,1.755136449801458,99.20743194958747,0.11667826917048851,False
1260,1.7844315414643337,99.21637199663235,0.12235899805488393,False
1261,1.8073865495861565,99.22535665870505,0.12780255403643004,False
1262,1.8246905352074019,99.2343820369298,0.13134908279684598,False
1263,1.8367831709710667,99.24344425209976,0.13462997286286063,False
1264,1.843938534752424,99.25253944930684,0.13775590998551684,False
1265,1.8463075662318311,99.26166380243141,0.14070960063974863,False
1266,1.843938534752424,99.2708135184833,0.14347818223882847,False
1267,1.8367831709710667,99.27998484178615,0.1460525287047575,False
1268,1.8246905352074019,99.28917405799837,0.14656366236739318,False
1269,1.8073865495861565,99.29837749796404,0.14964972128116769,False
1270,1.7844315414643337,99.30759154138856,0.15180402770553741,False
1271,1.7407287452897457,99.31681262033415,0.19531236388685652,False
1272,1.690234376245165,99.32603722253138,0.19890120544248557,False
1273,1.6309150278587041,99.3352618945036,0.19998529201387194,False
1274,1.5584574151044932,99.34448324450162,0.2041523146785033,False
1275,1.4524737111892643,99.35369794524725,0.20741991896142092,False
1276,1.4291529843613586,99.36290273648444,0.23320621168189745,False
1277,1.4031633649036754,99.37209442733804,0.2375520795229047,False
1278,1.374344879613302,99.38126989848021,0.24542273543384052,False
1279,1.3425003133763334,99.39042610410566,0.25208144378287667,False
1280,1.30738316633364,99.39956007371738,0.25769056703322435,False
1281,1.2686794699537274,99.4086689137248,0.262382592223178,False
1282,1.2259790140555225,99.41774980885727,0.26707515993227526,False
1283,1.1787269834988532,99.42680002339591,0.27106935188300674,False
1284,1.1261358508278747,99.43581690222766,0.2743801857758372,False
1285,1.2379014175060141,99.44479787172517,0.2770762618159985,False
1286,1.3163031944543246,99.45374044045771,0.2792171345181063,False
1287,1.3817384363838874,99.46264219973703,0.28085503930257905,False
1288,1.4385307073172464,99.43172131613343,0.2830088213731074,False
1289,1.4887246500737759,99.51420663164436,0.2833044766764955,False
1290,1.533517108212428,99.5137396811037,0.2818850518186127,False
1291,1.573692272290676,98.79463527813932,0.2539133831033101,False
1292,1.6098013451589632,99.55827387020048,0.25090061210990094,False
1293,1.6422506181212873,99.52163880916203,0.24941747642486378,False
1294,1.6713497984972896,99.59736047421988,0.24500893859446962,False
1295,1.6973407414787687,99.59715772394114,0.24087308752466124,False
1296,1.7204155865622763,98.88615246837568,0.21410406422063036,False
1297,1.7407287452897457,99.63047981635967,0.20698085706102146,False
1298,1.7584051136194905,99.70521163579733,0.1948467364881035,False
1299,1.7735458551584733,99.70517883962842,0.2494556049389003,False
1300,1.7862325571399982,99.70517883962842,0.24076657689630884,False
1301,1.796530255927613,99.70521163579733,0.23256205922036802,False
1302,1.8044896494088345,99.70527720625034,0.22487764238418675,False
1303,1.810148703483096,99.70537550725443,0.21767110047773308,False
1304,1.8135337893350902,99.7055064733011,0.21094076118766658,False
1305,1.8146604409918092,99.70567001721552,0.2046657183592485,False
1306,1.8135337893350902,99.70586603030135,0.19883569861353498,False
1307,1.810148703483096,99.70609438252093,0.19361936498449975,False
1308,1.8044896494088347,99.7063549227104,0.1888137755012393,False
1309,1.796530255927613,99.7066474788288,0.18437996640963247,False
1310,1.7862325571399984,99.6380241688478,0.18296993612827808,False
1311,1.7382748950267404,99.67505182363158,0.18054568750510985,False
1312,1.681404603927793,99.67311052245957,0.17845191804762467,False
1313,1.6113142589919458,99.6711831736493,0.176661523274135,False
1314,1.5076213244090613,99.66927068483777,0.17514803643201082,False
1315,1.4916094114932357,99.667373974881,0.17388596926013503,False
1316,1.473256553252489,99.66549397312417,0.17285110933505424,False
1317,1.4541644890966259,99.66363161862785,0.1720207676503128,False
1318,1.4326648482653093,99.6617878593504,0.17137397357665324,False
1319,1.408648411160687,98.84154150657818,0.10603198968053272,False
1320,1.3819829643540342,99.58742518449648,0.10691692122186564,False
1321,1.3525074295964727,99.58821482426633,0.20079255339357793,False
1322,1.320023576372009,99.58904902471494,0.20397532496027793,False
1323,1.2842839696213428,99.5899272265219,0.20710621317599054,False
1324,1.2449737775841292,99.5908488445802,0.21017853337917333,False
1325,1.2259790140555222,99.59181326894331,0.21320393332254695,False
1326,1.2014461200230289,99.59281986580261,0.216181015776469,False
1327,1.1706718933538656,99.59386797849217,0.21894917530220878,False
1328,1.132529774880598,99.59495692851846,0.22168666944759716,False
1329,1.0850365744330075,99.59608601661168,0.22441016062575572,False
1330,1.0239228180015463,99.59725452379602,0.22623779023480023,False
1331,0.9288391461883214,99.59846171247597,0.22799119575089843,False
1332,0.9288391461883214,99.59970682753566,0.22966909820140463,False
1333,0.9288391461883214,99.60098909744858,0.23127019172526697,False
1334,0.9288391461883214,99.60230773539462,0.23279314362140774,False
1335,0.9288391461883214,99.60366194038183,0.23423659411148426,False
1336,0.9288391461883214,99.60505089837014,0.23559915581749655,False
1337,0.9288391461883214,99.6064737833943,0.23687941295221396,False
1338,0.9288391461883214,99.60792975868353,0.23807592021790383,False
1339,0.9288391461883214,99.13081747166905,0.2154432496118625,False
1340,0.9288391461883214,99.63833634719711,0.21617754617583376,False
1341,0.9288391461883214,98.8163734999178,0.1353597717566971,False
1342,0.9288391461883214,99.70957312729465,0.13214705618224906,False
1343,0.9288391461883214,99.71073026962122,0.12874680830856092,False
1344,0.9288391461883214,99.71190955047018,0.12515282197074662,False
1345,0.9288391461883214,99.71311031720255,0.12135729335947687,False
1346,0.9432261548473415,99.71433191397618,0.11735043069161002,False
1347,0.9559312637896478,99.71557368251582,0.11311992652152689,False
1348,0.9669852958320848,99.71683496286798,0.10865023049720149,False
1349,0.976414308115487,99.71811509413892,0.10392152393913054,False
1350,0.9842399889605549,99.7194134152152,0.10039916254947683,False
1351,0.9904799742690308,99.72072926546528,0.09689741624276983,False
1352,0.995148095654003,99.72206198542136,0.09288193993356256,False
1353,0.9982545693874831,99.72341091744077,0.08890209216334256,False
1354,0.999806132804711,99.72477540634574,0.08495718023390053,False
1355,0.999806132804711,99.72615480004133,0.08104630942189434,False
1356,0.9982545693874831,99.72754845011052,0.07716833744546335,False
1357,0.995148095654003,99.72895571238621,0.0733218159350286,False
1358,0.9904799742690308,99.73037594749962,0.06950491420760364,False
1359,0.9842399889605549,99.73180852140472,0.06571531853044904,False
1360,0.976414308115487,99.73325280587851,0.061950096779926765,False
1361,0.9669852958320848,99.7347081789969,0.05820551317214867,False
1362,0.9559312637896478,99.73617402558614,0.05447676914543381,False
1363,0.9432261548473415,99.73764973764973,0.05075763183681157,False
1364,0.9288391461883214,99.73913471477088,0.047039885632380506,False
1365,0.9127341558073343,99.74062836449056,0.043312493962287306,False
1366,0.8948692308065574,99.7421301026614,0.03956026332563209,False
1367,0.875195788740725,99.7436393537777,0.03576160044783241,False
1368,0.8536576732793313,99.74515555128143,0.03188449006536503,False
1369,0.8301899714180443,99.74667813784534,0.027878625929486412,False
1370,0.804717519321077,99.74820656563257,0.025669915786656127,False
1371,0.7771529943226336,99.74974029653414,0.023494933812427288,False
1372,0.8623538561746378,99.75127880238396,0.02356782616733655,False
1373,0.9129467467841513,99.7528215651525,0.02363304726983611,False
1374,0.9491912500871044,99.75436807711915,0.036387753414229965,False
1375,0.9752462395674341,99.75591784102423,0.037173750129223415,False
1376,0.9929563290994997,99.75747037020089,0.03791996136403452,False
1377,1.0032709271829536,99.75902518868783,0.03862850531321806,False
1378,0.9595986573441049,99.76058183132312,0.03930127138274526,False
1379,0.9120433642792949,99.76213984382012,0.039939956937640755,False
1380,0.8600451249809193,99.76369878282581,0.04054609690646331,False
1381,0.8028116417452926,99.76525821596245,0.041121087857277965,False
1382,0.7391385203526044,99.76681772185314,0.041666207746225016,False
1383,0.6669740736911405,99.76837689013198,0.041465947403167065,False
1384,0.5819881552488824,99.76993532143942,0.04304153118221578,False
1385,0.4637773498877516,99.77149262740365,0.044399379140948075,False
1386,0.4637773498877516,99.77304843060848,0.04556935549734558,False
1387,0.4637773498877516,99.77460236454878,0.04657537280826441,False
1388,0.4637773498877516,99.77615407357351,0.05151672108140021,False
1389,0.4637773498877516,99.77770321281771,0.05185378557192904,False
1390,0.4637773498877516,99.77924944812362,0.05208616218310339,False
1391,0.4637773498877516,99.7807924559517,0.05222729847728334,False
1392,0.4637773498877516,99.78233192328227,0.05228918550097143,False
1393,0.4637773498877516,99.78386754750836,0.05228259388802126,False
1394,0.4637773498877516,99.63558326922298,0.19121800621638776,False
1395,0.4637773498877516,99.79898689394548,0.19099804608150597,False
1396,0.4637773498877516,99.80056639144829,0.19078164288575059,False
1397,0.4637773498877516,99.8021369212505,0.1905689114365567,False
1398,0.4637773498877516,99.80369832358369,0.1903599743468545,False
1399,0.4637773498877516,99.80525044792397,0.19015496424812187,False
1400,0.4637773498877516,99.80679315274934,0.18995402600914732,False
1401,0.4637773498877516,99.80832630529787,0.18975731895633177,False
1402,0.4637773498877516,99.80984978132724,0.18956501909132828,False
1403,0.4637773498877516,99.78872708066098,0.18953553622582964,False
1404,0.4637773498877516,99.83158052322318,0.18911059148955192,False
1405,0.4637773498877516,99.83158052322318,0.1887212654095191,False
1406,0.4637773498877516,99.83158052322318,0.18836650302193755,False
1407,0.4637773498877516,99.83158052322318,0.1880445564314341,False
1408,0.4637773498877516,99.68341310820487,0.1866756282175355,False
1409,0.4637773498877516,99.81782989866788,0.25832654200794386,False
1410,0.4637773498877516,99.81656284633317,0.2588940615808792,False
1411,0.4637773498877516,99.81529226151537,0.2594997460215325,False
1412,0.4637773498877516,99.8140183656864,0.26014127273137977,False
1413,0.4637773498877516,99.81274138805446,0.26053296942315973,False
1414,0.4637773498877516,98.95837397105294,0.1837159865216662,False
1415,0.4637773498877516,99.76202551398588,0.24147893512206214,False
1416,0.4637773498877516,99.76202551398588,0.24438278650036552,False
1417,0.4637773498877516,99.76202551398588,0.24724080002137908,False
1418,0.4637773498877516,99.76202551398588,0.24822622360755378,False
1419,0.4637773498877516,99.76202551398588,0.29653810754584264,False
1420,0.4637773498877516,99.76202551398588,0.2973747084896493,False
1421,0.4637773498877516,99.76202551398588,0.29832076907563726,False
1422,0.4637773498877516,99.76202551398588,0.2985293537305626,False
1423,0.4637773498877516,99.76202551398588,0.29941130396521626,False
1424,0.4637773498877516,99.76202551398588,0.3003798905723428,False
1425,0.4637773498877516,99.76202551398588,0.3009713630871876,False
1426,0.4637773498877516,99.76202551398588,0.30160689420882664,False
1427,0.4637773498877516,99.76202551398588,0.302285698971439,False
1428,0.4637773498877516,99.76202551398588,0.3030067403936929,False
1429,0.4637773498877516,98.95837397105294,0.24561754676094136,False
1430,0.5819881552488825,99.81274138805446,0.24576776679805418,False
1431,0.6669740736911406,99.81425586254935,0.2462462907967589,False
1432,0.7391385203526044,99.81576018116915,0.24663716936028768,False
1433,0.7498765864518436,99.79821822888906,0.2472422666612868,False
1434,0.7498765864518436,99.83006684037612,0.24725267060257722,False
1435,0.7391385203526044,99.02949284392584,0.19247603619238457,False
1436,0.7164037343212466,99.87160605717307,0.18995535524851237,False
1437,0.677903479475398,99.87259237053136,0.18734783310473793,False
1438,0.603652249754401,99.80514127257739,0.18710333337989007,False
1439,0.603652249754401,98.98486595024728,0.09519593857541296,False
1440,0.603652249754401,99.78230388901189,0.09342184657014216,False
1441,0.603652249754401,99.78764690806575,0.09122023082242987,False
1442,0.603652249754401,99.63061843982007,0.09137307479470375,False
1443,0.603652249754401,99.77716894977169,0.08927453257865171,False
1444,0.603652249754401,99.78109380130614,0.1854942481687811,False
1445,0.603652249754401,99.78502459464383,0.1865556118972573,False
1446,0.603652249754401,99.78896044827712,0.18674893036583493,False
1447,0.603652249754401,99.7929004832322,0.18689405216412988,False
1448,0.603652249754401,99.79684382368946,0.1869929157798464,False
1449,0.603652249754401,99.80078959759499,0.18698847241713934,False
1450,0.603652249754401,99.79750497197614,0.1864727822934454,False
1451,0.603652249754401,99.81590441468433,0.18545455901117855,False
1452,0.603652249754401,99.81475427699684,0.18448422812016624,False
1453,0.603652249754401,99.81360330397281,0.1834757041952076,False
1454,0.603652249754401,99.81245173390211,0.1825082013651386,False
1455,0.603652249754401,99.8112998112998,0.18158229333812295,False
1456,0.603652249754401,99.8101477869188,0.18069839835824708,False
1457,0.603652249754401,99.8089959177559,0.17985678736714966,False
1458,0.603652249754401,99.80784446705098,0.17905759303503424,False
1459,0.603652249754401,99.80669370427927,0.1783008196374593,False
1460,0.603652249754401,99.80554390513593,0.250110036360465,False
1461,0.603652249754401,99.80439535151307,0.24988102926088887,False
1462,0.603652249754401,99.8032483314687,0.24967057739431905,False
1463,0.603652249754401,99.80210313918747,0.24947764069138106,False
1464,0.603652249754401,99.01260586192093,0.18782045545996348,False
1465,0.603652249754401,99.8429956431291,0.18597785463904765,False
1466,0.603652249754401,99.8429956431291,0.18493013099312638,False
1467,0.603652249754401,99.8429956431291,0.1838639586897201,False
1468,0.603652249754401,99.8429956431291,0.1827774909863708,False
1469,0.603652249754401,99.8429956431291,0.18172976246972986,False
1470,0.603652249754401,99.8429956431291,0.18133332495399915,False
1471,0.603652249754401,99.8429956431291,0.18098371016186,False
1472,0.603652249754401,99.8429956431291,0.18391400481123685,False
1473,0.603652249754401,99.8429956431291,0.2806651927133535,False
1474,0.603652249754401,99.8429956431291,0.2822534294997121,False
1475,0.603652249754401,99.8429956431291,0.28419847744031407,False
1476,0.603652249754401,99.8429956431291,0.28576984874917283,False
1477,0.603652249754401,99.8429956431291,0.28701362910956935,False
1478,0.603652249754401,99.8429956431291,0.28797212052725174,False
1479,0.603652249754401,99.8429956431291,0.2886844100099291,False
1480,0.603652249754401,99.01260586192093,0.22978117169321202,False
1481,0.603652249754401,99.80210313918747,0.23029683778118767,False
1482,0.603652249754401,99.8032483314687,0.23060986161759706,False
1483,0.603652249754401,99.80439535151307,0.23075965765910064,False
1484,0.603652249754401,99.80554390513593,0.23346847646267815,False
1485,0.603652249754401,99.80669370427927,0.23334133581007319,False
1486,0.603652249754401,99.80784446705098,0.23319891046235586,False
1487,0.603652249754401,99.8089959177559,0.23304880993925783,False
1488,0.603652249754401,99.8101477869188,0.23289872444085472,False
1489,0.603652249754401,99.8112998112998,0.2327564226901451,False
1490,0.603652249754401,99.81245173390211,0.232629747126315,False
1491,0.560576942614533,99.81360330397281,0.23244147918275873,False
1492,0.5140912790181235,99.6125872592376,0.231796427635203,False
1493,0.4637773498877516,98.81588028041118,0.09288009430605398,False
1494,0.40907313904382653,99.58849222105908,0.08712590861333294,False
1495,0.3491843735073079,99.5946479176382,0.07974081854458437,False
1496,0.2829047929798921,99.60075571240152,0.07309119382671367,False
1497,0.208180945557171,99.60681520314547,0.06721575312047966,False
1498,0.12068101401352381,99.61282601809158,0.06214864211502655,False
1499,-0.0,99.61878781519952,0.057912335008133906,False
1500,-0.0,99.62470028147479,0.05450872348708895,False
1501,-0.0,99.63056313227221,0.05191028523325042,False
1502,-0.0,99.63637611059654,0.050054370907598233,False
1503,-0.0,99.64213898640128,0.048905992189943744,False
1504,-0.0,99.52256797480784,0.03427921249806823,False
1505,-0.0,99.66696942173782,0.03603033967507915,False
1506,-0.0,99.66696942173782,0.03811666718574167,False
1507,-0.0,99.66696942173782,0.04045357731243885,False
1508,-0.0,99.66696942173782,0.04296265036039803,False
1509,-0.0,99.66696942173782,0.04557420578446762,False
1510,-0.0,99.66696942173782,0.048227493460361884,False
1511,-0.0,99.66696942173782,0.051257283810723565,False
1512,-0.0,99.52256797480784,0.04452715640759033,False
1513,-0.0,99.64213898640128,0.04825608530587624,False
1514,-0.0,99.63637611059654,0.05192190883782982,False
1515,-0.0,99.63056313227221,0.055854661963901785,False
1516,-0.0,99.62470028147479,0.05963365485251587,False
1517,-0.0,99.61878781519952,0.06327531721090339,False
1518,-0.0,99.61282601809158,0.06679086421556374,False
1519,-0.0,99.60681520314547,0.07018785822724102,False
1520,-0.0,99.60075571240152,0.07347120549303714,False
1521,-0.0,99.5946479176382,0.07664381554085647,False
1522,-0.0,99.58849222105908,0.07970704993091432,False
1523,-0.0,99.58228905597326,0.08291629866140379,False
1524,-0.0,99.57603888746756,0.08551703474317993,False
1525,-0.0,99.56974221306955,0.0879183315893741,False
1526,-0.0,99.56339956339956,0.09012773904107872,False
1527,-0.0,99.55701150281055,0.09215413302697434,False
1528,0.12068101401352381,99.55057863001386,0.09400752319831295,False
1529,0.208180945557171,99.54410157868958,0.09569890850779636,False
1530,0.2829047929798921,99.53758101807982,0.09724016433895026,False
1531,0.3491843735073079,99.53101765356313,0.2215608084937075,False
1532,0.40907313904382653,99.52441222720822,0.2209250253088229,False
1533,0.4637773498877516,99.51776551830562,0.22019018585983363,False
1534,0.4637773498877516,99.5110783438749,0.2193727674262865,False
1535,0.4637773498877516,99.50435155914607,0.21840231712988806,False
1536,0.4637773498877516,99.49758605801311,0.21738857996348201,False
1537,0.4637773498877516,99.49078277345754,0.21634780010769467,False
1538,0.4637773498877516,99.48394267794053,0.21528287280565814,False
1539,0.4637773498877516,99.47706678376113,0.21419047581031492,False
1540,0.4637773498877516,99.47015614337896,0.21307696726789702,False
1541,0.4637773498877516,99.46321184969932,0.2119489764730495,False
1542,0.4637773498877516,99.45623503631863,0.2108133887109123,False
1543,0.4637773498877516,99.44922687772836,0.20956192319939113,False
1544,0.4637773498877516,99.4421885894754,0.20829577360726353,False
1545,0.4637773498877516,99.43512142827691,0.20701751556443104,False
1546,0.4637773498877516,99.4280266920877,0.20572981323991213,False
1547,0.4637773498877516,99.42090572011831,0.20443542224401098,False
1548,0.4637773498877516,99.4137598928018,0.2031371923043105,False
1549,0.4637773498877516,99.40659063170742,0.20183806966445567,False
1550,0.4637773498877516,99.3993993993994,0.20054109914836454,False
1551,0.4637773498877516,98.6058571003528,0.01848703802722444,False
1552,0.4637773498877516,99.43621065220177,0.019170761488736813,False
1553,0.4637773498877516,99.43813050695952,0.020616907797782375,False
1554,0.4637773498877516,99.44008483563097,0.022587035968383448,False
1555,0.4637773498877516,99.44207278414135,0.02488231203505581,False
1556,0.4637773498877516,99.44409349336702,0.027361394267649105,False
1557,0.4637773498877516,99.45034196282465,0.02990150742556105,False
1558,0.5819881552488824,99.4482297370731,0.03250886945941723,False
1559,0.5819881552488824,99.44157534534156,0.035226623631302606,False
1560,0.5819881552488824,99.43490912157888,0.03803099944024047,False
1561,0.5819881552488824,99.42823260344754,0.04090392640425404,False
1562,0.6318640827062832,99.42154736080984,0.04626744072001443,False
1563,0.677903479475398,99.4148549950882,0.05119604842557992,False
1564,0.720523936685393,99.40815713856843,0.055769802204588555,False
1565,0.7600473303889541,99.4014554536451,0.060035865605661355,False
1566,0.7967286463062392,99.39475163200899,0.06402305969127287,False
1567,0.830774222099454,99.38804739377632,0.0677491529040787,False
1568,0.8623538561746378,99.38134448655948,0.0712149168141802,False
1569,0.8916091590804429,99.37464468447982,0.07443721505229974,False
1570,0.9186594970880806,99.36794978712197,0.0777249892036165,False
1571,0.9436063339556555,99.3612616184309,0.08139278164187577,False
1572,0.9665364727522964,99.35458202555148,0.08508715188174909,False
1573,0.9875245214535493,99.34791287761168,0.08880356092968758,False
1574,1.006634797484697,99.34125606445008,0.092537663239141,False
1575,1.0239228180015463,99.3346134952887,0.09628524944903889,False
1576,1.0394364783172854,99.32798709735226,0.10004219970149644,False
1577,1.0532169913190046,99.3213788144353,0.1907225717957804,False
1578,1.0652996405533381,99.31479060541857,0.19297586040174394,False
1579,1.0757143856082798,99.30822444273636,0.1950632424265142,False
1580,1.0844863484244938,99.30168231079672,0.19698693682923385,False
1581,1.0916362019205925,99.29516620435633,0.19874879026240805,False
1582,1.0971804769523517,99.2886781268524,0.1998018440888703,False
1583,1.101131799569232,99.28222008869382,0.2007231846692732,False
1584,1.1034990673875957,99.27579410551405,0.20152176943021377,False
1585,1.1042875713905729,99.26940219638837,0.2022066326013537,False
1586,1.1034990673875957,99.26304638201833,0.20278686691556583,False
1587,1.1011317995692318,99.25672868288629,0.20327160030443783,False
1588,1.0971804769523517,99.25045111738305,0.2036734456057197,False
1589,1.0971804769523517,99.2442156999119,0.2685308191601727,False
1590,1.0971804769523517,99.23368066912761,0.2679466043057893,False
1591,1.0971804769523517,99.21834534067901,0.2669840334218677,False
1592,1.0971804769523517,99.20759193357058,0.26591326401558874,False
1593,1.0971804769523517,99.19674874491992,0.26473219024706335,False
1594,1.0971804769523517,99.18581683287566,0.2634387845011845,False
1595,1.0916362019205925,99.17479733993495,0.26203110202224744,False
1596,1.0844863484244938,99.16369149508485,0.26050728588510297,False
1597,1.0757143856082798,98.5595296423322,0.20349852090855503,False
1598,1.065299640553338,99.11656441717791,0.20104445692418188,False
1599,1.0532169913190046,99.11021531806115,0.25051089486786643,False
1600,1.0532169913190046,99.10393382895968,0.24875314355975797,False
1601,1.0532169913190046,99.0977221181343,0.2470347268004837,False
1602,1.0532169913190046,99.09158232535177,0.24535965202854493,False
1603,1.0532169913190046,99.08551655956501,0.24373054776978623,False
1604,1.0532169913190046,99.07952689661998,0.24214990570855835,False
1605,1.0532169913190046,99.07361537699396,0.24062006545543194,False
1606,1.0532169913190046,99.06778400357018,0.23914319978966772,False
1607,1.0532169913190046,99.06203473945409,0.2377213006064379,False
1608,1.0532169913190046,99.0563695058356,0.2364976631757781,False
1609,1.0532169913190046,98.37491303051387,0.15776181042244664,False
1610,1.0532169913190046,99.0642045738878,0.1572948105574591,False
1611,1.0532169913190046,99.07425940752601,0.15715691686817734,False
1612,1.0394364783172854,99.06939510681943,0.15704660827875636,False
1613,1.0394364783172854,99.06462585034014,0.1569622359012059,False
1614,1.0394364783172854,99.05995299764989,0.15690206810076768,False
1615,1.0394364783172854,99.05537784886046,0.15686429556068066,False
1616,1.0394364783172854,99.05090164343873,0.15684703650743842,False
1617,1.0394364783172854,99.04652555910543,0.15684834204589715,False
1618,1.0394364783172854,99.04723898837732,0.15691376355414619,False
1619,0.9432261548473415,98.38477926968241,0.03666137305511115,False
1620,0.9432261548473415,98.99871121245167,0.037531951839064014,False
1621,0.9432261548473415,98.99340506768483,0.03837885991513918,False
1622,0.9432261548473415,98.98819561551433,0.03915384964711018,False
1623,0.9559312637896478,98.98308447839675,0.03985531350248972,False
1624,0.9669852958320848,98.97807322154976,0.04048243513960202,False
1625,0.976414308115487,98.97316335135672,0.04103512966930742,False
1626,0.9842399889605549,98.96835631385775,0.04151400392598579,False
1627,0.9904799742690308,98.96365349333068,0.041920332787691944,False
1628,0.995148095654003,98.9590562109646,0.04145679747644851,False
1629,0.9982545693874831,98.95456572362879,0.04090927276170717,False
1630,0.999806132804711,98.95018322273943,0.04132441325875241,False
1631,0.999806132804711,98.94590983322611,0.04167405134402478,False
1632,0.999806132804711,98.94174661260014,0.04196464862391681,False
1633,0.999806132804711,98.937694550126,0.042202151414776005,False
1634,0.999806132804711,98.93375456609735,0.04239207088118874,False
1635,0.999806132804711,98.92992751121851,0.04253954451638699,False
1636,0.999806132804711,98.92621416609201,0.042649383149322664,False
1637,0.999806132804711,98.92261524081272,0.042726106529530634,False
1638,0.999806132804711,98.91913137466837,0.042773969755480694,False
1639,0.999806132804711,98.91576313594662,0.04279698226191435,False
1640,0.999806132804711,98.91251102184775,0.04165432020991231,False
1641,0.999806132804711,98.90937545850247,0.04053768557692779,False
1642,0.999806132804711,98.90635680109364,0.039484123973102685,False
1643,0.999806132804711,98.9034553340806,0.038498580941826434,False
1644,0.999806132804711,98.90067127152447,0.03758556318542289,False
1645,0.999806132804711,98.8980047575125,0.03674897756086007,False
1646,0.999806132804711,98.89545586667958,0.03599195922007568,False
1647,0.999806132804711,98.89302460482429,0.035316697157450304,False
1648,0.999806132804711,98.89071090961706,0.03472426758585608,False
1649,0.999806132804711,98.88851465139777,0.0342219749759357,False
1650,0.999806132804711,98.88643563405971,0.03252906112491529,False
1651,0.999806132804711,98.88447359601666,0.03084721827316501,False
1652,0.999806132804711,98.88262821125012,0.02917851509269196,False
1653,0.999806132804711,98.88089909043288,0.027525257775559156,False
1654,0.999806132804711,98.87928578212556,0.02589005996716291,False
1655,0.999806132804711,98.87778777404233,0.024275936639809932,False
1656,0.999806132804711,98.87640449438203,0.022686431100855144,False
1657,0.999806132804711,98.8751353132207,0.021125788091028448,False
1658,0.999806132804711,98.87397954396171,0.019599191078342192,False
1659,0.999806132804711,98.87293644483935,0.018113088508438888,False
1660,0.999806132804711,98.8720052204717,0.01667564129418251,False
1661,0.999806132804711,98.8711850234589,0.015297329329702472,False
1662,0.9982545693874831,98.87047495602259,0.013991749644706751,False
1663,0.995148095654003,98.86987407168228,0.012776601244065567,False
1664,0.9904799742690308,98.8693813769648,0.07319989682123992,False
1665,0.9842399889605549,98.86899583314255,0.07322866852339457,False
1666,0.976414308115487,98.86871635799653,0.07326129517120994,False
1667,0.9669852958320848,98.86854182760031,0.07329752313006359,False
1668,0.9559312637896478,98.86847107812076,0.07333694404703826,False
1669,0.9432261548473415,98.86850290763196,0.0733790169319151,False
1670,0.9288391461883214,98.8686360779384,0.07342308892382766,False
1671,0.9127341558073343,98.86886931640363,0.0734684147891899,False
1672,0.8948692308065574,98.86920131778115,0.07351417520050524,False
1673,0.8948692308065574,98.86963074604371,0.07355949385183431,False
1674,0.875195788740725,98.87015623620796,0.07360345347418314,False
1675,0.8536576732793313,98.87077639615097,0.07364511082214406,False
1676,0.8301899714180443,98.87148980841572,0.2006688340074349,False
1677,0.804717519321077,98.87229503200244,0.20072550423555055,False
1678,0.7771529943226336,98.87319060414319,0.20076199316129162,False
1679,0.7473944462440387,98.87417504205668,0.20078234704175885,False
1680,0.7153220528038851,98.87524684468103,0.20079066249920047,False
1681,0.6807937753703206,98.87640449438203,0.20079108587282024,False
1682,0.6436394131461666,98.87764645863447,0.20078781175044752,False
1683,0.603652249754401,98.87897119167478,0.20078508065001585,False
1684,0.560576942614533,98.54900799526207,0.18733276414259986,False
1685,0.5140912790181235,98.83666821777571,0.18727620190126557,False
1686,0.4637773498877516,98.83666821777571,0.1872467730904869,False
1687,0.40907313904382653,98.83666821777571,0.19224484319539342,False
1688,0.3491843735073079,98.83666821777571,0.19288914052169578,False
1689,0.2829047929798921,98.83666821777571,0.19354382930751543,False
1690,0.208180945557171,98.83666821777571,0.1942088960317464,False
1691,0.12068101401352381,98.83666821777571,0.1948844388997107,False
1692,-0.0,98.83666821777571,0.19557066160331701,False
1693,-0.0,98.83666821777571,0.25186145092549084,False
1694,-0.0,98.83666821777571,0.25382335977285936,False
1695,-0.0,98.83666821777571,0.2555193354896446,False
1696,-0.0,98.01330078289418,0.17696806001954188,False
1697,-0.0,98.79810712341389,0.17935526275661498,False
1698,-0.0,98.80009999166737,0.18173566589207935,False
1699,-0.0,98.80217184067642,0.18410342327559448,False
1700,-0.0,98.8043209367527,0.1864528270756443,False
1701,-0.0,98.80654554402658,0.188778301785572,False
1702,-0.0,98.80884392591989,0.1910743974369829,False
1703,-0.0,98.81121434657362,0.19333578221327274,False
1704,-0.0,98.81365507222985,0.19555723462016578,False
1705,-0.0,98.81616437256712,0.19773363533826116,False
1706,-0.0,98.81874052198899,0.1998599588544248,False
1707,-0.0,98.60311917139569,0.19636355908007108,False
1708,-0.0,98.86354668139847,0.19699599931816092,False
1709,-0.0,98.86354668139847,0.19728787875870635,False
1710,0.12068101401352381,98.86354668139847,0.19708584793316453,False
1711,0.208180945557171,98.86354668139847,0.19682500388196547,False
1712,0.2829047929798921,98.86354668139847,0.19650819865795466,False
1713,0.3491843735073079,98.07828900639255,0.11643459253292691,False
1714,0.40907313904382653,98.90300686607213,0.1125989265380811,False
1715,0.4637773498877516,98.90532428296778,0.10915700010123534,False
1716,0.5140912790181235,98.90770070999454,0.10553493476985602,False
1717,0.5140912790181235,98.91013458480394,0.10474104948232867,False
1718,0.5140912790181235,98.91262435412972,0.10190839778254156,False
1719,0.5140912790181235,98.91516847471921,0.10194766864490705,False
1720,0.5140912790181235,98.91776541422148,0.1016894654306701,False
1721,0.5140912790181235,98.92041365203228,0.09763137729625135,False
1722,0.5140912790181235,98.9231116800964,0.09916006928233316,False
1723,0.5140912790181235,98.9258580036678,0.10008142651607368,False
1724,0.5140912790181235,98.92865114202812,0.09882312447869016,False
1725,0.5140912790181235,98.93148962916405,0.09720793651697379,False
1726,0.5140912790181235,98.93437201440435,0.09525303598622799,False
1727,0.5140912790181235,98.9372968630172,0.09468555426139116,False
1728,0.5140912790181235,98.94026275676853,0.09392850391907759,False
1729,0.5140912790181235,98.75517166291645,0.09361598449140099,False
1730,0.560576942614533,98.90397038542498,0.09410120441575115,False
1731,0.603652249754401,98.90397038542498,0.09448933546767185,False
1732,0.6436394131461666,98.90397038542498,0.09479503475913902,False
1733,0.6807937753703206,98.90397038542498,0.09503124602648888,False
1734,0.7153220528038851,98.90397038542498,0.09520939289233496,False
1735,0.7473944462440387,98.90397038542498,0.09533953720383542,False
1736,0.7771529943226336,98.90397038542498,0.09543051131357903,False
1737,0.804717519321077,98.7442839515134,0.09216716198604294,False
1738,0.8301899714180443,98.94389199390288,0.09102145045268338,False
1739,0.8301899714180443,99.0034065376531,0.08641809993999945,False
1740,0.8301899714180443,99.0034065376531,0.08174349233521032,False
1741,0.8301899714180443,98.84395158367761,0.08149798969225457,False
1742,0.8301899714180443,99.03239834746684,0.07405824742198847,False
1743,0.8301899714180443,99.03004667444574,0.0666310100485586,False
1744,0.8301899714180443,99.02773701203405,0.061856644548849066,False
1745,0.8301899714180443,99.02547065337762,0.05726427281632233,False
1746,0.8301899714180443,99.02324890440467,0.05285965860312,False
1747,0.8301899714180443,99.02107308324615,0.048650811056568995,False
1748,0.8301899714180443,99.01894451962112,0.044702277952083626,False
1749,0.8301899714180443,99.01686455418589,0.04098512711449098,False
1750,0.8301899714180443,99.0148345378471,0.03747014061859784,False
1751,0.8301899714180443,99.01285583103765,0.03415347384195864,False
1752,0.8301899714180443,99.01092980295566,0.031175507778280803,False
1753,0.8301899714180443,99.00905783076566,0.02838254220164585,False
1754,0.8301899714180443,99.00724129876197,0.02576880127099779,False
1755,0.8301899714180443,99.00548159749412,0.023327907915263936,False
1756,0.8301899714180443,99.003780122854,0.028691525169716053,False
1757,0.8301899714180443,99.00213827512474,0.02845778463338029,False
1758,0.8301899714180443,99.00055745799156,0.1013680355620953,False
1759,0.8301899714180443,98.99903907751441,0.21622112081339054,False
1760,0.8301899714180443,98.9975845410628,0.2161395460402795,False
1761,0.8301899714180443,98.99619525621307,0.21608493320505542,False
1762,0.8301899714180443,98.99487262960852,0.216053110827679,False
1763,0.8301899714180443,98.99361806578301,0.21604015198670046,False
1764,0.8301899714180443,98.99243296594835,0.21604237270953114,False
1765,0.8301899714180443,98.99131872674658,0.21605632919230766,False
1766,0.8301899714180443,98.99027673896784,0.2160788140069609,False
1767,0.8301899714180443,98.98930838623454,0.21610685144367106,False
1768,0.8301899714180443,98.98841504365346,0.2165377392620885,False
1769,0.8301899714180443,98.98759807643634,0.2165467814048167,False
1770,0.8301899714180443,98.98685883849089,0.21655718856309375,False
1771,0.804717519321077,98.98619867098313,0.23146956521161322,False
1772,0.7771529943226336,98.98561890087313,0.231499427046585,False
1773,0.7473944462440387,98.98512083942548,0.3030343747616708,False
1774,0.7153220528038851,98.98470578069644,0.35742957565917555,False
1775,0.6807937753703206,98.984375,0.37022330381934715,False
1776,0.6436394131461666,98.91085644300585,0.381349589167882,False
1777,0.603652249754401,98.95530282993917,0.39243419910205846,False
1778,0.603652249754401,98.55650017711655,0.38016134936101587,False
1779,0.603652249754401,98.12310976694539,0.3384219187417322,False
1780,0.603652249754401,98.9502367551148,0.3473736223316567,False
1781,0.603652249754401,98.9502367551148,0.3513880996705926,False
1782,0.603652249754401,98.9502367551148,0.35753378381568107,False
1783,0.603652249754401,98.9502367551148,0.36327022944584586,False
1784,0.603652249754401,98.9502367551148,0.36862262126716705,False
1785,0.603652249754401,98.9502367551148,0.3736136042794345,False
1786,0.603652249754401,98.9502367551148,0.37411624733526155,False
1787,0.603652249754401,98.9502367551148,0.37715515893295015,False
1788,0.603652249754401,98.87056292577985,0.3796527768414646,False
1789,0.603652249754401,98.91187050359713,0.38177894759428893,False
1790,0.603652249754401,98.9084348218313,0.38309334249200455,False
1791,0.560576942614533,98.55669170210841,0.3762080480337624,False
1792,0.5140912790181235,98.9335632601198,0.3782716866084528,False
1793,0.4637773498877516,99.78052126200275,0.32571132757420396,False
1794,0.40907313904382653,99.779887192186,0.2666588191380386,False
1795,0.3491843735073079,99.39010409501536,0.24998696685354094,False
1796,0.2829047929798921,98.55317206754907,0.23289165453207497,False
1797,0.208180945557171,99.37315466727232,0.21426064942381,False
1798,0.12068101401352381,99.00522371110607,0.21456592706455657,False
1799,-0.0,99.3322734499205,0.19893397162789603,False
1800,-0.0,99.3322734499205,0.18291808762060027,False
1801,-0.0,99.23027873929678,0.17508078516539613,False
1802,-0.0,99.29677154207954,0.16227932169976572,False
1803,-0.0,99.2995788317158,0.1493419328783976,False
1804,0.12068101401352381,99.30246432013216,0.1358074997243735,False
1805,0.208180945557171,99.30542778288869,0.12150022668716168,False
1806,0.2829047929798921,98.95584176632934,0.12493623842088054,False
1807,0.3491843735073079,99.25942962281509,0.11758835410265345,False
1808,0.40907313904382653,99.25942962281509,0.11062866036170432,False
1809,0.4637773498877516,99.25942962281509,0.10586908820070765,False
1810,0.5140912790181235,99.25942962281509,0.10383123566467772,False
1811,0.560576942614533,98.95584176632934,0.09949054589044683,False
1812,0.603652249754401,99.30542778288869,0.09440333052513823,False
1813,0.6436394131461666,99.29727230698104,0.09087666508940197,False
1814,0.6807937753703206,99.28909952606635,0.23227742659684397,False
1815,0.7153220528038851,99.28091146806126,0.23240338723120402,False
1816,0.7153220528038851,99.2727102102102,0.23275324872657252,False
1817,0.7153220528038851,99.26449787835926,0.23353870361205828,False
1818,0.7153220528038851,99.25627664613927,0.2344277869828785,False
1819,0.7153220528038851,99.24804873405672,0.23537806509784723,False
1820,0.7153220528038851,99.23981640849111,0.2362989402550709,False
1821,0.7153220528038851,99.23158198059744,0.23712244302035237,False
1822,0.7153220528038851,99.22334780511336,0.23791148208320428,False
1823,0.7153220528038851,99.21511627906976,0.23839665260568196,False
1824,0.7153220528038851,99.20688984040483,0.2388311463983871,False
1825,0.7153220528038851,99.19867096648099,0.23921226705447715,False
1826,0.7153220528038851,99.05999310989714,0.23696705253990863,False
1827,0.7153220528038851,99.1325468424705,0.23613903170758235,False
1828,0.7153220528038851,99.12635415106585,0.2352741622210029,False
1829,0.7153220528038851,99.12016088486676,0.23411850064142392,False
1830,0.7153220528038851,99.11396891296643,0.2329311627783937,False
1831,0.7153220528038851,99.10778015703069,0.23172812311248978,False
1832,0.7153220528038851,99.10159659120077,0.23044459765750902,False
1833,0.7153220528038851,99.09542024191047,0.2291465225195885,False
1834,0.7153220528038851,98.2321927013336,0.07651030092193194,False
1835,0.7153220528038851,99.03856094283056,0.07131974114299812,False
1836,0.7153220528038851,99.03856094283056,0.07837408759987011,False
1837,0.7153220528038851,99.03856094283056,0.2399933456205609,False
1838,0.7153220528038851,99.03856094283056,0.24256972942701874,False
1839,0.7153220528038851,99.03856094283056,0.24485497024563052,False
1840,0.7153220528038851,99.03856094283056,0.24687836506625996,False
1841,0.7153220528038851,99.03856094283056,0.2486660039684762,False
1842,0.7153220528038851,99.03856094283056,0.25006716861567235,False
1843,0.7153220528038851,99.03856094283056,0.25131864256946607,False
1844,0.7153220528038851,99.03856094283056,0.25242928638827894,False
1845,0.7153220528038851,99.03856094283056,0.25415769822185813,False
1846,0.7153220528038851,99.03856094283056,0.2557411984682767,False
1847,0.7153220528038851,99.03856094283056,0.25718022862462353,False
1848,0.7153220528038851,99.03856094283056,0.25847621286275496,False
1849,0.7473944462440387,99.03856094283056,0.25963149802402835,False
1850,0.7771529943226336,99.03856094283056,0.2606493022700572,False
1851,0.804717519321077,99.03856094283056,0.2615336712710517,False
1852,0.8301899714180443,99.03856094283056,0.2622894408960026,False
1853,0.8536576732793313,99.03856094283056,0.2629222054396042,False
1854,0.875195788740725,99.03856094283056,0.2634382904781268,False
1855,0.8948692308065574,99.03856094283056,0.2638447294898975,False
1856,0.9127341558073343,98.84465261514441,0.2608849136471036,False
1857,0.9288391461883214,98.0015612802498,0.12662450440120981,False
1858,0.9432261548473415,98.79260994015092,0.11943493266757002,False
1859,0.9559312637896478,98.79260994015092,0.12350741584743163,False
1860,0.9669852958320848,98.79260994015092,0.11994151031516777,False
1861,0.976414308115487,98.79260994015092,0.11715149994473753,False
1862,0.9842399889605549,98.79260994015092,0.11511314053138462,False
1863,0.9904799742690308,98.79260994015092,0.23976300258031674,False
1864,0.995148095654003,98.79260994015092,0.2399431210381674,False
1865,0.995148095654003,98.79260994015092,0.23919368038830308,False
1866,0.995148095654003,98.79260994015092,0.2383404712099149,False
1867,0.995148095654003,98.79260994015092,0.23754221284875254,False
1868,0.995148095654003,98.79260994015092,0.23741485334386586,False
1869,0.995148095654003,98.79260994015092,0.30898335146775696,False
1870,0.995148095654003,98.79260994015092,0.3080650286407005,False
1871,0.995148095654003,98.79260994015092,0.30729441092053067,False
1872,0.995148095654003,98.79260994015092,0.3067112870775583,False
1873,0.995148095654003,98.79260994015092,0.3063510909757299,False
1874,0.995148095654003,98.79260994015092,0.3062447333516696,False
1875,0.995148095654003,98.79260994015092,0.3064184498569207,False
1876,0.995148095654003,98.79260994015092,0.3061503303914527,False
1877,0.9982545693874831,98.79260994015092,0.30843782119432495,False
1878,0.999806132804711,98.79260994015092,0.3107306928125236,False
1879,0.999806132804711,98.59582940375144,0.3088686086681033,False
1880,0.9982545693874831,98.70246321008491,0.310278697268643,False
1881,0.995148095654003,98.68854199851333,0.3115984002621739,False
1882,0.9904799742690308,98.67457645235423,0.3128355680062542,False
1883,0.9842399889605549,97.82480893592005,0.23249965268670775,False
1884,0.976414308115487,98.59975415530971,0.2334695439188293,False
1885,0.9669852958320848,98.59975415530971,0.23478802029055884,False
1886,0.9559312637896478,98.59975415530971,0.23640437815035048,False
1887,0.9432261548473415,98.59975415530971,0.23541445796943827,False
1888,0.9288391461883214,98.59975415530971,0.23457428174202594,False
1889,0.9127341558073343,97.81946448613115,0.20394485038167703,False
1890,0.8948692308065574,98.67457645235423,0.20620730360178793,False
1891,0.875195788740725,98.68854199851333,0.20834203571277352,False
1892,0.8536576732793313,98.70246321008491,0.21026766547749715,False
1893,0.8301899714180443,98.7163365817877,0.2119125275374465,False
1894,0.804717519321077,98.73015873015873,0.2124978763349571,False
1895,0.7771529943226336,98.74392639305283,0.2126828728598305,False
1896,0.8623538561746378,98.66009548744802,0.21349942017614879,False
1897,0.9129467467841513,98.83246660548588,0.2106072665678752,False
1898,0.8793939303559065,98.83246660548588,0.20729696677088533,False
1899,0.843195316078971,98.83246660548588,0.20583461203186829,False
1900,0.804144968682279,98.83246660548588,0.20315928273181522,False
1901,0.7619882811604882,98.83246660548588,0.20015806585152757,False
1902,0.7164037343212466,98.83246660548588,0.19691070509297912,False
1903,0.6669740736911405,98.83246660548588,0.19348963825208,False
1904,0.6131379016405237,98.83246660548588,0.21596698017447694,False
1905,0.5541015302865538,98.83246660548588,0.2129253863983578,False
1906,0.48865925334338955,98.83246660548588,0.2099642222657319,False
1907,0.4147581439991112,98.65496175368345,0.21022638380952313,False
1908,0.4023829390456117,98.74392639305283,0.20987088649180982,False
1909,0.3491843735073079,97.93911007025761,0.1337666978482759,False
1910,0.40907313904382653,98.77920989206748,0.13104235025282232,False
1911,0.4637773498877516,98.77920989206748,0.12850114137480745,False
1912,0.5140912790181235,98.77920989206748,0.12617050408450914,False
1913,0.560576942614533,98.77920989206748,0.12407545345385725,False
1914,0.603652249754401,98.77920989206748,0.12347755804975007,False
1915,0.603652249754401,98.77920989206748,0.12318101882309329,False
1916,0.720523936685393,98.77920989206748,0.1231619384713635,False
1917,0.804144968682279,98.77920989206748,0.12339337644109041,False
1918,0.804144968682279,98.65870271403122,0.12460224524825332,False
1919,0.804144968682279,98.84208320234727,0.12289945237616054,False
1920,0.804144968682279,98.82905216519859,0.12461476670623031,False
1921,0.843195316078971,98.81597111606669,0.12694197376376676,False
1922,0.8793939303559065,98.8028432472877,0.12968447847129255,False
1923,0.9129467467841513,98.78967186659494,0.1326726806839803,False
1924,0.9440231356865454,98.29913606911447,0.08874386638070698,False
1925,0.9727642516015449,98.71558638629959,0.11957934209212338,False
1926,0.9727642516015449,98.70553682149462,0.2446035841046447,False
1927,0.9727642516015449,98.69555725357493,0.35206708511389473,False
1928,0.9727642516015449,98.6856516976999,0.41268029188535993,False
1929,0.9727642516015449,98.67582417582418,0.541056294092817,False
1930,0.9727642516015449,98.66607871238011,0.5814356218435723,False
1931,0.9727642516015449,98.65641932986841,0.6169304841188737,False
1932,0.9727642516015449,98.64685004436558,0.6483901732009443,False
1933,0.9727642516015449,98.63737486095661,0.6764252570897757,False
1934,0.9727642516015449,98.62799776910207,0.7014945770668195,False
1935,0.9727642516015449,98.61872273794877,0.7248473173548314,False
1936,0.9727642516015449,98.60955371159453,0.7458796172187611,False
1937,0.9727642516015449,98.60049460431655,0.7648217503377818,False
1938,0.9727642516015449,98.59154929577464,0.7818325103477904,False
1939,0.9727642516015449,98.58272162619988,0.7970928379122852,False
1940,0.9727642516015449,98.5740153915799,0.8105591738607695,False
1941,0.9727642516015449,98.56543433885234,0.8225519733345742,False
1942,0.9727642516015449,98.55698216111806,0.8331827187018689,False
1943,0.9727642516015449,98.5486624928856,0.8799436317364364,False
1944,0.9727642516015449,98.54047890535918,0.8885962244064411,False
1945,0.9727642516015449,98.30294690975805,0.8926649765637296,False
1946,0.9992889743797903,97.6916451335056,0.873349220530903,False
1947,1.0236982481827188,97.4769053117783,0.8414133290898007,False
1948,1.046078320219219,97.60260056887444,0.8180135603133764,False
1949,1.066503202885787,96.96582190188329,0.7433702469391538,False
1950,1.0850365744330075,97.51498574172147,0.7153514163215762,False
1951,1.1017332648846088,97.50058261477511,0.6873160433950806,False
1952,1.1166404295430468,97.48644077681227,0.6593608259923824,False
1953,1.129798482836793,97.47256595844034,0.6315941482808889,False
1954,1.193365482413587,97.45896372451662,0.6041386170194847,False
1955,1.2482389571842902,97.44563946691606,0.5760133285761833,False
1956,1.296460736137167,97.4325983975671,0.5483591387196314,False
1957,1.3287344279695676,97.41984554177392,0.521378422644114,False
1958,1.3559212235520337,97.40738573184292,0.495165811744201,False
1959,1.391334586143604,97.39522360103021,0.46977185344311284,False
1960,1.4230670603378361,97.3833635778259,0.4453463068717569,False
1961,1.4514270347987224,97.37180988059002,0.4218940345161951,False
1962,1.4766549183659508,97.3605665125534,0.399501589358852,False
1963,1.498941259446481,96.65242582079944,0.31672112110745654,False
1964,1.5184387137728148,97.29033768361913,0.2907068776201111,False
1965,1.5352702332191592,97.29033768361913,0.2669695235992153,False
1966,1.5495348211113549,97.29033768361913,0.24576451806752483,False
1967,1.5613116549052575,97.29033768361913,0.22736800285713898,False
1968,1.570663071721726,97.29033768361913,0.21205216177781194,False
1969,1.5732230293875173,97.29033768361913,0.2000432924582483,False
1970,1.5732230293875173,97.29033768361913,0.1914659099515679,False
1971,1.570663071721726,97.29033768361913,0.1862876957990309,False
1972,1.5655280605848252,97.29033768361913,0.18428878556458947,False
1973,1.557787262784918,97.29033768361913,0.18507342910450308,False
1974,1.547393175014927,97.29033768361913,0.18693555953972799,False
1975,1.5342796921456783,97.29033768361913,0.20628198265943595,False
1976,1.5473931750149272,97.29033768361913,0.21539983396567894,False
1977,1.5473931750149272,97.29033768361913,0.22368445779302915,False
1978,1.5473931750149272,97.29033768361913,0.231150709398271,False
1979,1.545378825051491,97.29033768361913,0.23791724114372031,False
1980,1.541342789057496,97.29033768361913,0.2439072984372143,False
1981,1.5352702332191592,97.29033768361913,0.2493311184675592,False
1982,1.5184387137728148,97.29033768361913,0.2542311202986537,False
1983,1.498941259446481,96.65242582079944,0.21274565300735046,False
1984,1.4766549183659508,97.3664189149646,0.21677169596500515,False
1985,1.4514270347987224,97.37766331070007,0.2199791216448512,False
1986,1.4230670603378361,97.38921735058246,0.22239249494322819,False
1987,1.4109839980999699,97.40107703114025,0.22403155083730616,False
1988,1.3969387860636409,97.41323813425412,0.22491202366676047,False
1989,1.3808832571151748,97.42569623215539,0.2250462031329411,False
1990,1.362759877482492,97.43844669278906,0.2244432805326961,False
1991,1.3425003133763334,97.45148468552723,0.22310952218412183,False
1992,1.320023576372009,97.46480518721889,0.22104828759630238,False
1993,1.2952336017523502,97.47840298855942,0.21825989373062415,False
1994,1.2680160454788014,97.49227270076398,0.21531572595835213,False
1995,1.2382339767869435,96.91796783966441,0.19644415420112843,False
1996,1.2057219651274376,97.59064191351918,0.18652775809091002,False
1997,1.17027775595384,97.59064191351918,0.17672218491798314,False
1998,1.1316501862018717,97.59064191351918,0.16703690826624945,False
1999,1.1260528027543955,97.59064191351918,0.15748124699212226,False
2000,1.114696123966521,97.59064191351918,0.14806431736320197,False
2001,1.0972261621017099,97.59064191351918,0.13879497814064495,False
2002,1.0730208202534555,97.59064191351918,0.12968176682241905,False
2003,1.0128030232541478,97.59064191351918,0.12073282460793675,False
2004,0.9440231356865455,97.59064191351918,0.11195580664907166,False
2005,0.8623538561746379,97.59064191351918,0.10335777259268975,False
2006,0.7473944462440387,97.59064191351918,0.09484369077755696,False
2007,0.7153220528038851,97.59064191351918,0.0865257781312498,False
2008,0.6807937753703206,97.59064191351918,0.1794029783095818,False
2009,0.6436394131461666,97.59064191351918,0.22006963875378507,False
2010,0.603652249754401,97.59064191351918,0.21775170081332865,False
2011,0.560576942614533,97.59064191351918,0.21573458688850383,False
2012,0.5140912790181235,97.59064191351918,0.21400356743533075,False
2013,0.4637773498877516,97.59064191351918,0.2125422370909845,False
2014,0.40907313904382653,97.59064191351918,0.21180000956078873,False
2015,0.40907313904382653,97.59064191351918,0.21119895539591063,False
2016,0.40907313904382653,97.59064191351918,0.21072119361164038,False
2017,0.40907313904382653,97.59064191351918,0.21035018914382356,False
2018,0.40907313904382653,97.59064191351918,0.21007082289244697,False
2019,0.40907313904382653,97.59064191351918,0.2098694293914376,False
2020,0.40907313904382653,97.59064191351918,0.209733804796291,False
2021,0.40907313904382653,97.59064191351918,0.20965318805562735,False
2022,0.40907313904382653,97.59064191351918,0.20961821810502948,False
2023,0.40907313904382653,97.59064191351918,0.2096208697489178,False
2024,0.40907313904382653,97.59064191351918,0.20965437063161627,False
2025,0.40907313904382653,97.59064191351918,0.20971310138732002,False
2026,0.40907313904382653,97.59064191351918,0.20983832298065722,False
2027,0.4637773498877516,97.59064191351918,0.20997024172468542,False
2028,0.5140912790181235,96.8689984286795,0.13456350075787077,False
2029,0.560576942614533,96.97622931717548,0.027249059432256435,False
2030,0.603652249754401,97.56467024003729,0.028100577842979202,False
2031,0.6436394131461666,97.56467024003729,0.028952938728129898,False
2032,0.6807937753703206,97.56467024003729,0.02980606981135179,False
2033,0.7153220528038851,97.56467024003729,0.03065990679898266,False
2034,0.7473944462440387,97.56467024003729,0.16389268582910121,False
2035,0.7771529943226336,97.56467024003729,0.16401388106941683,False
2036,0.804717519321077,97.56467024003729,0.21283185529025833,False
2037,0.804717519321077,97.56467024003729,0.21283814096145892,False
2038,0.8301899714180443,97.56467024003729,0.21281333642493747,False
2039,0.8536576732793313,97.56467024003729,0.2129220315459833,False
2040,0.875195788740725,97.56467024003729,0.21320285918360915,False
2041,0.8948692308065574,97.56467024003729,0.2134285896769763,False
2042,0.9127341558073343,97.56467024003729,0.21360274636437823,False
2043,0.9288391461883214,97.56467024003729,0.22225372867530904,False
2044,1.0394364783172854,97.56467024003729,0.2240105109220349,False
2045,1.1166404295430465,97.56467024003729,0.22583076134802166,False
2046,1.180846716107336,97.56467024003729,0.2276977390580034,False
2047,1.2363772403452271,97.56467024003729,0.27984912467063044,False
2048,1.2852748466470731,97.56467024003729,0.28266339447327693,False
2049,1.3287344279695676,97.56467024003729,0.2851210037251995,False
2050,1.3675380544221296,97.56467024003729,0.28725015690946726,False
2051,1.4022346182456082,97.56467024003729,0.30089429210997615,False
2052,1.4332278865247239,97.56467024003729,0.305495869552933,False
2053,1.4608248015713592,97.56467024003729,0.3098493451354755,False
2054,1.4852641811356104,96.8049816679276,0.26961944743277294,False
2055,1.5067348178150048,97.53545687049524,0.3127610158489224,False
2056,1.5253874232579383,96.89025807951639,0.28285885955642265,False
2057,1.5413427890574958,97.44826784468728,0.29019862975791527,False
2058,1.554697508762069,97.44826784468728,0.2901625458106361,False
2059,1.5655280605848254,97.44826784468728,0.2900260983398476,False
2060,1.570663071721726,97.44826784468728,0.2897616540887745,False
2061,1.5732230293875173,97.44826784468728,0.28953768931326546,False
2062,1.5732230293875173,97.44826784468728,0.2893542724740794,False
2063,1.570663071721726,97.21638655462185,0.2827137502032855,False
2064,1.5738937446297547,97.35207967193908,0.28128442070361587,False
2065,1.5798387881475398,97.34211454780666,0.27973649037575543,False
2066,1.57983878814754,97.33238904627007,0.30261382899334727,False
2067,1.5822671693137729,96.7304060434372,0.2803375988691166,False
2068,1.5822671693137729,97.24976392823419,0.27762188550474526,False
2069,1.577636732431408,97.24976392823419,0.2753506067356217,False
2070,1.570663071721726,97.24976392823419,0.27348513780183786,False
2071,1.5613116549052575,96.99715707178393,0.258807693968722,False
2072,1.5495348211113549,97.14132889575657,0.25391843968201483,False
2073,1.5352702332191592,97.13178294573643,0.2493231296324879,False
2074,1.5184387137728148,97.122517348648,0.3233680674313211,False
2075,1.498941259446481,96.62746039366299,0.2837915418769169,False
2076,1.4766549183659508,97.19513663175636,0.3293972312632755,False
2077,1.4514270347987224,97.00252798844348,0.3229574956399231,False
2078,1.4230670603378361,97.27940291320573,0.3697789099942032,False
2079,1.391334586143604,97.27151998068332,0.4101586312579951,False
2080,1.3559212235520337,97.2639225181598,0.41629583871365056,False
2081,1.3164218868227548,97.2566156834183,0.458931875103421,False
2082,1.272286478151291,97.24960447852014,0.46303832881973384,False
2083,1.272286478151291,97.24289374161279,0.4922471433772454,False
2084,1.272286478151291,97.23648813890927,0.5185753198300522,False
2085,1.272286478151291,97.23039215686275,0.5311405289146022,False
2086,1.272286478151291,96.68504901960785,0.5283182608952736,False
2087,1.272286478151291,96.69117647058823,0.5348546592952232,False
2088,1.3022504881911108,97.23651960784314,0.5510603489577341,False
2089,1.3270089026073437,97.24260210320372,0.5649523203416028,False
2090,1.3470624465271646,97.2443844359887,0.576831341002355,False
2091,1.362759877482492,97.24035973881976,0.5766346915357903,False
2092,1.374344879613302,97.24282888229476,0.5834030451451113,False
2093,1.3819829643540342,97.24565756823822,0.5893182851627278,False
2094,1.3857772327036844,96.20370370370371,0.554977792888262,False
2095,1.3857772327036844,97.26692052573394,0.558325293391808,False
2096,1.3819829643540342,97.86803896342585,0.5359625464662985,False
2097,1.374344879613302,97.10224836120811,0.5386707246980615,False
2098,1.362759877482492,97.94768118605649,0.5096297595369815,False
2099,1.3470624465271646,97.95918367346938,0.47933016170370135,False
2100,1.3270089026073437,97.50776917920906,0.4752053457301015,False
2101,1.3022504881911108,98.06173289585612,0.44405988155262227,False
2102,1.272286478151291,97.50878894411444,0.4397710730602896,False
2103,1.2363772403452271,97.99274486094316,0.4067933389892258,False
2104,1.193365482413587,98.00410033767487,0.3726435254646114,False
2105,1.2041517951932372,97.81719783523752,0.3699911019899456,False
2106,1.2132336634320215,97.81719783523752,0.401416057670872,False
2107,1.2206340886225493,98.00410033767487,0.3750681698499088,False
2108,1.2263714330738393,97.99274486094316,0.3509066480231531,False
2109,1.2304597034223903,97.98157352406352,0.3277722174398262,False
2110,1.2329087607099036,97.97059180945436,0.30596350993148286,False
2111,1.2337244651110395,97.43589743589743,0.30587894202748633,False
2112,1.2329087607099036,97.87945072305261,0.2921984555168208,False
2113,1.2304597034223903,97.87945072305261,0.28244665343083236,False
2114,1.2263714330738393,97.85544082605242,0.2733966714694444,False
2115,1.2206340886225493,97.84985870500061,0.2653779197133493,False
2116,1.2132336634320215,97.84448150206904,0.27741622765372453,False
2117,1.2041517951932372,97.83931454116478,0.2721187466253885,False
2118,1.193365482413587,97.83436310303938,0.2685244157192367,False
2119,1.180846716107336,97.82963241751348,0.265774681519502,False
2120,1.1665620111568704,97.82512765555066,0.26376431198123373,False
2121,1.1504718163625702,97.27668158608081,0.24691343372059457,False
2122,1.132529774880598,97.70535207716068,0.24728700941553283,False
2123,1.1126817966979572,97.70535207716068,0.2477302130310416,False
2124,1.090864890696142,97.70535207716068,0.24819001080176437,False
2125,1.0670056836533541,97.30189749732081,0.22507074038049774,False
2126,0.9992889743797904,96.93448080909604,0.12446176952087518,False
2127,0.9727642516015449,97.76986506746627,0.1256748999274652,False
2128,0.8916091590804429,97.70734151841644,0.24225168472963957,False
2129,0.7771529943226336,97.75153875141314,0.24410335838590347,False
2130,0.7473944462440387,97.758468706712,0.24562852188689926,False
2131,0.7153220528038851,97.76571572835142,0.2468634162660893,False
2132,0.6807937753703206,97.77327935222672,0.25337296069761184,False
2133,0.6436394131461666,97.57195384810447,0.25341330224664926,False
2134,0.603652249754401,97.86558251810443,0.3440056587065133,False
2135,0.560576942614533,97.84822286263208,0.40968624515195284,False
2136,0.5140912790181235,97.28131627996657,0.39748730016126066,False
2137,0.4637773498877516,97.69751693002257,0.3996751792505407,False
2138,0.40907313904382653,97.68329774153887,0.40189434441067595,False
2139,0.3491843735073079,97.66928520418101,0.40409469071741,False
2140,0.2829047929798921,97.65548681211332,0.406311250550187,False
2141,0.208180945557171,97.641909987589,0.40854989501285094,False
2142,0.12068101401352381,97.62856207009499,0.4107046435566626,False
2143,-0.0,97.61545030545885,0.4128729792514631,False
2144,-0.0,97.60258183494697,0.4148972370992081,False
2145,-0.0,97.58996368438429,0.4170096600219048,False
2146,-0.0,97.57760275332583,0.4285573702653168,False
2147,-0.0,97.56550580431177,0.42832051425815276,False
2148,-0.0,96.70978441127694,0.37481404965109094,False
2149,0.12068101401352381,97.46600331674959,0.3737114916224064,False
2150,0.208180945557171,97.46600331674959,0.3727879883752712,False
2151,0.2829047929798921,97.46600331674959,0.3720275101154653,False
2152,0.3491843735073079,97.32656062023794,0.3676328393937511,False
2153,0.40907313904382653,97.38064776782709,0.3652111325183348,False
2154,0.4637773498877516,96.51201939263349,0.2802802884048215,False
2155,0.5140912790181235,96.51875294592956,0.16879556846594954,False
2156,0.560576942614533,97.36718066123494,0.16642761732056074,False
2157,0.603652249754401,97.696531404848,0.1609881726113169,False
2158,0.6436394131461666,97.696531404848,0.2196928376001738,False
2159,0.6807937753703206,97.696531404848,0.2164755255842248,False
2160,0.7153220528038851,97.696531404848,0.21226641265058369,False
2161,0.7473944462440387,97.696531404848,0.20788450754139187,False
2162,0.7771529943226336,97.696531404848,0.2070235294970356,False
2163,0.804717519321077,97.696531404848,0.20394105050978115,False
2164,0.8301899714180443,97.696531404848,0.20043256139916898,False
2165,0.8536576732793313,97.696531404848,0.19562168189234735,False
2166,0.875195788740725,97.04086425551903,0.16791870361637024,False
2167,0.8948692308065574,97.53260723409977,0.16757425786477248,False
2168,0.9127341558073343,97.52138479154038,0.16736036469655946,False
2169,0.9288391461883214,97.51045742814735,0.1672773858446179,False
2170,0.9432261548473415,97.49983106966687,0.16732188094986575,False
2171,0.9559312637896478,97.48951143591826,0.16748700491284563,False
2172,0.9669852958320848,97.47950403143844,0.16776294870560585,False
2173,0.976414308115487,97.4698141364808,0.16813741186233042,False
2174,0.976414308115487,97.4604467983975,0.16859609366011183,False
2175,0.976414308115487,97.45140682343346,0.24694009147546878,False
2176,0.9842399889605549,97.44269876895872,0.33558078561795784,False
2177,0.9904799742690308,97.43432693616442,0.384052476048409,False
2178,0.995148095654003,96.73180363586846,0.39529659044210397,False
2179,0.9982545693874831,97.52077373654815,0.43226116281970517,False
2180,0.999806132804711,97.39355895196506,0.4646698218723502,False
2181,0.999806132804711,97.46446145434663,0.5805897461818916,False
2182,0.9982545693874831,97.24845995893224,0.6085445371697673,False
2183,1.101131799569232,97.5462645647704,0.633228842777045,False
2184,1.170377295621679,97.53069388881225,0.6546698763924458,False
2185,1.2263714330738393,97.5152692948362,0.6734132788043585,False
2186,1.2734192269994746,97.5,0.7305333511241376,False
2187,1.2667356005770385,97.48489532106224,0.739233263025323,False
2188,1.2583494426149708,97.46996466431095,0.7461391355320307,False
2189,1.2482389571842902,97.4552175149275,0.7521346270242725,False
2190,1.2363772403452271,97.44066342579353,0.7566378648496361,False
2191,1.272286478151291,97.42631200575126,0.7688159258046575,False
2192,1.3022504881911108,97.41217290732976,0.7734435415485562,False
2193,1.3270089026073437,97.39825581395348,0.7772099235643111,False
2194,1.3470624465271646,97.38457042665108,0.8189302057831946,False
2195,1.362759877482492,96.62478082992402,0.8033333167282766,False
2196,1.374344879613302,96.37979145248936,0.7737892349191333,False
2197,1.3819829643540342,96.53874538745387,0.7582939141021603,False
2198,1.3857772327036844,96.52921981607831,0.7392914533434706,False
2199,1.3857772327036844,96.52011922503726,0.720353218777786,False
2200,1.3819829643540342,96.51145381045066,0.7375013313245071,False
2201,1.374344879613302,95.6846907486351,0.6531885250520247,False
2202,1.362759877482492,96.34692962796952,0.6277772676746316,False
2203,1.3470624465271646,96.35156308289189,0.604587654343231,False
2204,1.3270089026073437,96.35672776039338,0.5808783303191712,False
2205,1.3022504881911108,96.36241910287882,0.5589422952348351,False
2206,1.2574580300524587,95.76711718401901,0.4819446919612657,False
2207,1.2072640872959293,96.47172188866652,0.4685361742784086,False
2208,1.1504718163625702,96.49200383226471,0.4575193954197196,False
2209,1.0850365744330075,96.51256502307861,0.4476726308682499,False
2210,1.1956339065619712,96.53339159565945,0.44011550678382655,False
2211,1.2728378577877326,96.26420040780658,0.41860207472427086,False
2212,1.3370441443520216,96.45431379686931,0.4099518722496027,False
2213,1.392574668589913,96.46288209606988,0.40270797763816457,False
2214,1.4554846186995187,95.61727055760468,0.30906720316851927,False
2215,1.5096822661212523,96.32796780684104,0.2972859641041138,False
2216,1.5572083347974126,96.35182408795602,0.2888960912207723,False
2217,1.5992554070750984,96.15906332548012,0.27091517625986195,False
2218,1.636603028844452,96.28757050046406,0.26299439287367404,False
2219,1.6697973273385638,96.28757050046406,0.25722477500136953,False
2220,1.6992390322004514,95.46808510638297,0.11198827129975704,False
2221,1.7252317388429736,96.1606199365974,0.09592409938203804,False
2222,1.7252317388429736,96.18667786174083,0.0883464081379721,False
2223,1.7252317388429736,96.12257661038149,0.0778730123474323,False
2224,1.7252317388429736,96.30140767319901,0.19773467196746508,False
2225,1.7252317388429736,96.30140767319901,0.19778366463588956,False
2226,1.7333634784639598,96.30140767319901,0.20183430392274448,False
2227,1.7394360343022965,96.30140767319901,0.3048210273395697,False
2228,1.7434720702962916,96.30140767319901,0.3545151047683135,False
2229,1.7454864202597276,96.30140767319901,0.42432299582169625,False
2230,1.7454864202597278,96.30140767319901,0.47889582972545436,False
2231,1.7454864202597278,96.30140767319901,0.5208847416205495,False
2232,1.7454864202597278,96.30140767319901,0.5556575645611074,False
2233,1.7454864202597278,96.30140767319901,0.5847510172922752,False
2234,1.7835977137819237,96.30140767319901,0.6091025066441472,False
2235,1.796545605683607,96.30140767319901,0.6095549679491206,False
2236,1.8028999591738448,96.30140767319901,0.6207598909675653,False
2237,1.8278231425520384,96.12257661038149,0.6300640627347903,False
2238,1.8486555846442667,96.18667786174083,0.6389840079058554,False
2239,1.8656717027824026,96.1606199365974,0.6468434601669342,False
2240,1.879073438410761,96.13475177304964,0.6537160946553032,False
2241,1.879073438410761,96.10908831298636,0.6596736142293481,False
2242,1.879073438410761,96.08364472549583,0.6616318770866914,False
2243,1.879073438410761,96.05843639256527,0.6739322060357642,False
2244,1.8847324924850226,95.37845705967976,0.6615239758253726,False
2245,1.8881175783370163,96.15525448553643,0.673093971103346,False
2246,1.9100766720859634,96.36030757964116,0.6825705120381652,False
2247,1.928275820359962,97.20011788977307,0.653636368345705,False
2248,1.9407698685349704,97.02328323017979,0.6377697294452122,False
2249,1.950045383326547,97.28116710875332,0.6029607846138093,False
2250,1.956185205486114,97.26484322881922,0.5695212220394464,False
2251,1.9592422264030724,97.24873247837758,0.5397838757824094,False
2252,1.9646733424103986,97.23284589426322,0.5118575466356995,False
2253,1.967379972381066,97.21719457013575,0.48566027977373494,False
2254,1.9673799723810663,97.20178964131341,0.46135574377660826,False
2255,1.9646733424103986,96.35246834003185,0.465529558062003,False
2256,1.9631942074041109,96.99704254189733,0.4545782871759364,False
2257,1.9587451631519053,96.99704254189733,0.4441699545169629,False
2258,1.9512907343569177,96.99704254189733,0.43513117802076035,False
2259,1.9407698685349704,96.99704254189733,0.42729699521305203,False
2260,1.9270927902240995,96.99704254189733,0.420948233321596,False
2261,1.9101360217727894,96.99704254189733,0.41607371385585584,False
2262,1.8897348177826592,96.34488511412755,0.41753161306672304,False
2263,1.8656717027824028,97.20178964131341,0.40226564685589594,False
2264,1.8376587653813603,97.21423164269493,0.38806626812584166,False
2265,1.8053092821481802,97.22704948998867,0.37498428624855723,False
2266,1.7680896861341615,97.24023525863369,0.36182202210823783,False
2267,1.7680896861341615,97.25378075389361,0.3494990411028268,False
2268,1.7899923587670896,97.26767752589701,0.33848715217799497,False
2269,1.8088321247286743,97.28191688506178,0.32866366608471487,False
2270,1.824752426366052,97.29648991784914,0.3201114806735403,False
2271,1.8322068551610395,97.31138750279288,0.31289734431290334,False
2272,1.8322068551610395,97.32660032674885,0.30706619521919626,False
2273,1.8322068551610395,97.34211890131043,0.3016025469313223,False
2274,1.8366558994132451,97.35793357933579,0.29783235102698424,False
2275,1.8366558994132451,97.37403457153366,0.29689988026642844,False
2276,1.8366558994132451,97.39041196305527,0.297272657448046,False
2277,1.8366558994132451,97.40705573004163,0.29856040081016205,False
2278,1.8366558994132451,97.42395575607627,0.29951466854056147,False
2279,1.8366558994132451,97.44110184849583,0.300401140071314,False
2280,1.8366558994132451,97.45848375451264,0.30082604290632614,False
2281,1.8366558994132451,97.47609117710506,0.3008048458956809,False
2282,1.8366558994132451,97.4939137906344,0.30035646942196387,False
2283,1.846500718464462,97.51194125614886,0.2995032081271361,False
2284,1.8538377853174945,97.53016323633783,0.2982706884011009,False
2285,1.8587074247758673,97.54856941010243,0.29668785224790456,False
2286,1.8587074247758673,97.56714948671073,0.29631225742114825,False
2287,1.821671535313084,97.58589321950878,0.2960030961377656,False
2288,1.7775843733220311,97.60479041916167,0.29577841990893944,False
2289,1.7244321188001792,97.62383096640112,0.2956569530657541,False
2290,1.6579189265532879,97.64300482425914,0.2956578992690424,False
2291,1.557672567089349,97.66230204977035,0.2958007194611585,False
2292,1.557672567089349,97.6817128051275,0.2961048823760399,False
2293,1.557672567089349,97.7012273682783,0.29764040352337506,False
2294,1.557672567089349,97.72083614295347,0.29903788834560324,False
2295,1.5464650001141114,97.74052966811934,0.3002990541808415,False
2296,1.532902144485799,97.76029862684976,0.3014257484129189,False
2297,1.5169165540634162,97.78013385461533,0.30241994088047885,False
2298,1.4984244813325356,97.80002634698985,0.30328371626362133,False
2299,1.477322818602089,97.81996726677578,0.30401926647177935,False
2300,1.477322818602089,97.83994795055303,0.3046288830557656,False
2301,1.477322818602089,97.85995991465701,0.3051149496660692,False
2302,1.4984244813325356,97.8799948605936,0.3054799345785127,False
2303,1.5169165540634162,97.90004467990043,0.30572638330732305,False
2304,1.532902144485799,97.92010145846544,0.30585691132452125,False
2305,1.5464650001141114,97.94015748031497,0.30587419690341283,False
2306,1.557672567089349,97.96020523088474,0.3057809741026202,False
2307,1.5576725670893488,97.9802373997887,0.30558002590592537,False
2308,1.554965937118681,98.00024688310086,0.3020727052925399,False
2309,1.554965937118681,98.02022678516703,0.30492322841756314,False
2310,1.554965937118681,98.04017041996349,0.30650430819712626,False
2311,1.554965937118681,98.06007131202031,0.30695093260517664,False
2312,1.554965937118681,98.07992319692788,0.30637682067439204,False
2313,1.554965937118681,98.09972002144517,0.30487881745530315,False
2314,1.554965937118681,98.11945594322886,0.30254006147921303,False
2315,1.5576725670893488,98.13912533020252,0.2994323069384968,False
2316,1.5576725670893488,98.15872275958513,0.2956176452028679,False
2317,1.565263635906296,98.17824301659823,0.29114978587909746,False
2318,1.570663071721726,98.19768109287108,0.28607500376555484,False
2319,1.5738937446297547,98.2170321845628,0.28043282220115706,False
2320,1.5749691486891673,98.23629169022047,0.2742564781512664,False
2321,1.5749691486891673,98.25545520839177,0.2675731953832497,False
2322,1.5749691486891673,98.27451853501057,0.2604042761800484,False
2323,1.5749691486891673,98.29347766057326,0.25276500677286334,False
2324,1.5749691486891673,98.31232876712329,0.2446643546195252,False
2325,1.5749691486891673,98.33106822506116,0.23546906550234542,False
2326,1.5749691486891673,98.34969258979613,0.22563467489286043,False
2327,1.5749691486891673,98.36819859825584,0.21553723848496772,False
2328,1.5749691486891673,98.31228107419595,0.2099683868904355,False
2329,1.567632081836135,98.46275335614635,0.19490138548149596,False
2330,1.557787262784918,98.46275335614635,0.18118179340044074,False
2331,1.5473931750149272,98.46275335614635,0.16904160582420089,False
2332,1.5342796921456783,98.46275335614635,0.15873078860173168,False
2333,1.5342796921456783,98.46275335614635,0.26325051678539446,False
2334,1.5332939593741386,98.46275335614635,0.2568824860231834,False
2335,1.5164273757656148,98.46275335614635,0.25333329168481133,False
2336,1.4966777416164074,98.46275335614635,0.24875929110512746,False
2337,1.5759312966350407,98.46275335614635,0.24463467500431846,False
2338,1.6200289349283659,98.46275335614635,0.2409869712718345,False
2339,1.6491180744499614,98.46275335614635,0.24327904177880222,False
2340,1.6183728332433631,98.46275335614635,0.24131741369671827,False
2341,1.5833924792923733,98.46275335614635,0.23989484942468117,False
2342,1.5436361763470314,98.46275335614635,0.31446791284307896,False
2343,1.4983291717683305,98.46275335614635,0.3137223522839746,False
2344,1.4462832393065217,98.46275335614635,0.3132285849625446,False
2345,1.385461625590694,98.31228107419595,0.3134365200779365,False
2346,1.3115480081532747,98.36819859825584,0.3140629993391287,False
2347,1.3115480081532747,98.34969258979613,0.3155888517524442,False
2348,1.3115480081532747,98.33106822506116,0.3167325635739677,False
2349,1.3115480081532747,98.31232876712329,0.31744189438810116,False
2350,1.3115480081532747,98.29347766057326,0.35607628709771894,False
2351,1.3115480081532747,98.27451853501057,0.3598678797448677,False
2352,1.3115480081532747,98.25545520839177,0.3632450955728209,False
2353,1.3115480081532747,97.41661955907293,0.29571671777676845,False
2354,1.3115480081532747,98.3594417544859,0.30142958068723275,False
2355,1.3115480081532747,98.22272856735972,0.3053097417318311,False
2356,1.3115480081532747,98.42210196525207,0.31036064890762294,False
2357,1.3650499452982918,98.4043163815865,0.3153563128227155,False
2358,1.4118592152063598,98.3864438147013,0.3202134818280745,False
2359,1.4531670815689295,98.14156714244102,0.32080823883584186,False
2360,1.4897516439240324,98.28061733466346,0.3247914988469968,False
2361,1.5157502313616389,98.26821916188901,0.3284547668058842,False
2362,1.537709325110586,97.4284183582356,0.26134096216379366,False
2363,1.555908473384584,98.38139200287752,0.30599362750632375,False
2364,1.5705555600433132,98.38187702265373,0.30657230380994666,False
2365,1.581804257187951,98.3825555622117,0.31665372492820665,False
2366,1.5897651653441072,98.21578254101306,0.3163580618244626,False
2367,1.594512964168427,98.43834141087775,0.3150130463547027,False
2368,1.5960908500790976,98.4278055538823,0.3138058851358714,False
2369,1.594512964168427,98.41731853738403,0.3569995280529617,False
2370,1.5897651653441072,97.56454861746933,0.32014636417442033,False
2371,1.581804257187951,98.52552681698101,0.3170056332348095,False
2372,1.5705555600433132,98.5270651773659,0.31365983689187543,False
2373,1.555908473384584,98.52878072702752,0.31134385918643737,False
2374,1.537709325110586,98.5306722174605,0.3101458037833954,False
2375,1.5074791162457208,98.53273827719019,0.3090289892789392,False
2376,1.4022346182456082,98.53497741423513,0.30819551552052293,False
2377,1.3675380544221296,98.53738801877019,0.30734549769595354,False
2378,1.3287344279695676,98.53996836598127,0.3067735957926104,False
2379,1.2852748466470731,98.54271661910256,0.3064815908107866,False
2380,1.2363772403452271,98.54563083262634,0.3370663576313395,False
2381,1.180846716107336,98.54870895567515,0.42971298065658914,False
2382,1.180846716107336,98.55194883552552,0.44948060404788065,False
2383,1.180846716107336,97.617765008679,0.4417102169665932,False
2384,1.180846716107336,98.45030281439259,0.5518648109105035,False
2385,1.180846716107336,97.98021678611622,0.6342987577732854,False
2386,1.180846716107336,98.39891291504195,0.6425589512861638,False
2387,1.180846716107336,98.39006713004218,0.6494244660299752,False
2388,1.180846716107336,98.3813164496476,0.6756869218890557,False
2389,1.180846716107336,97.56200084068936,0.6609155909182551,False
2390,1.180846716107336,98.49088494506822,0.6687738626230276,False
2391,1.180846716107336,98.49088494506822,0.6719856031569125,False
2392,1.1166404295430465,98.49088494506822,0.6746880341635069,False
2393,1.0394364783172854,98.16491609320295,0.7146837884538897,False
2394,0.9288391461883214,98.58746830858385,0.7137671915554916,False
2395,0.9288391461883214,98.59638554216868,0.7125800290816313,False
2396,0.9288391461883214,98.60543399855734,0.7112987248330329,False
2397,0.9288391461883214,98.6146095717884,0.7098980019810407,False
2398,0.9127341558073343,98.62390810099318,0.7082886879423315,False
2399,0.8948692308065574,98.63332537598473,0.7065070400875222,False
2400,0.875195788740725,97.7311770629702,0.6977962545835992,False
2401,0.875195788740725,97.19366654850526,0.6428666142053031,False
2402,0.875195788740725,97.73169151004537,0.627329544962336,False
2403,0.875195788740725,97.727003669942,0.6126223853385595,False
2404,0.875195788740725,96.8272759559607,0.515479386210483,False
2405,0.875195788740725,96.80951817213212,0.4289973980951347,False
2406,0.875195788740725,97.73292293121818,0.42057731665004217,False
2407,0.875195788740725,97.74502319572494,0.41161346868657633,False
2408,0.875195788740725,97.3078948908527,0.3762537654068947,False
2409,0.875195788740725,97.65556657141191,0.3733203612090905,False
2410,0.875195788740725,97.58266023592306,0.3686708687463877,False
2411,0.875195788740725,97.70161523765414,0.3750948375040275,False
2412,0.875195788740725,97.69754055468341,0.3749137562996174,False
2413,0.875195788740725,96.91130962807263,0.29606482979427,False
2414,0.875195788740725,97.79562642903207,0.30124271230176575,False
2415,0.875195788740725,97.79562642903207,0.30744644531610676,False
2416,0.875195788740725,97.79562642903207,0.3117325857937758,False
2417,0.875195788740725,97.79562642903207,0.31541862135501275,False
2418,0.8536576732793313,97.79562642903207,0.31857466996375144,False
2419,0.8301899714180443,97.79562642903207,0.3208075198656589,False
2420,0.804717519321077,97.42627660198158,0.3064119822723963,False
2421,0.7771529943226336,97.9011549510465,0.30765113188324344,False
2422,0.7473944462440387,97.89864029666255,0.30826859454772065,False
2423,0.7153220528038851,97.8963540743367,0.3082983989984021,False
2424,0.6807937753703206,97.89429978053265,0.30769816294544056,False
2425,0.6436394131461666,97.10067273917961,0.268425561633546,False
2426,0.603652249754401,97.99247176913426,0.26164597089532937,False
2427,0.560576942614533,97.88082623965713,0.3141695949148056,False
2428,0.5140912790181235,98.05491312340628,0.30383962874078085,False
2429,0.4637773498877516,98.05491312340628,0.2918104466256289,False
2430,0.40907313904382653,98.05491312340628,0.27777689030768343,False
2431,0.3491843735073079,97.19283730275988,0.25984251819722964,False
2432,0.2829047929798921,97.96242859666687,0.30259062791763536,False
2433,0.208180945557171,97.96397347884762,0.43890188578912487,False
2434,0.12068101401352381,97.96574501665985,0.5833816997807999,False
2435,-0.0,97.39543614712267,0.6104315439550078,False
2436,-0.0,97.99281888280652,0.6541801117912616,False
2437,-0.0,97.978180955769,0.6782354125572574,False
2438,-0.0,97.96357121528814,0.6997279704316152,False
2439,-0.0,97.9489955491399,0.7188244976912342,False
2440,-0.0,97.93445999151977,0.735612749941368,False
2441,-0.0,97.91997072099548,0.7503426445567146,False
2442,-0.0,97.90553405810454,0.7643892209495726,False
2443,-0.0,97.89115646258503,0.776718151797667,False
2444,-0.0,97.87684453022851,0.7875699650207695,False
2445,-0.0,97.86260498934436,0.8053674934926747,False
2446,-0.0,97.84844469682629,0.8126947839520311,False
2447,-0.0,97.04051822685126,0.7997869377357953,False
2448,-0.0,97.92905081495685,0.805691352001034,False
2449,-0.0,97.92905081495685,0.8110738900336013,False
2450,-0.0,97.92905081495685,0.8159562612915662,False
2451,-0.0,97.70533716842442,0.8201394993384472,False
2452,-0.0,97.07227232312968,0.8066793414667778,False
2453,-0.0,96.35055092032354,0.7424674941461438,False
2454,-0.0,96.00862998921251,0.6361109455336703,False
2455,-0.0,96.82889925608372,0.6102456691725731,False
2456,-0.0,96.5956373723364,0.5636442002794062,False
2457,-0.0,96.79737737990165,0.5350250507480037,False
2458,-0.0,96.79737737990165,0.5078213669005716,False
2459,-0.0,96.79737737990165,0.5291648856283963,False
2460,-0.0,96.79737737990165,0.5046267783458102,False
2461,-0.0,96.79737737990165,0.48170495992842827,False
2462,-0.0,96.79737737990165,0.45850658985999215,False
2463,-0.0,96.79737737990165,0.43696231341161235,False
2464,-0.0,96.79737737990165,0.4173412616116965,False
2465,0.12068101401352381,96.58933299709999,0.3827182373714839,False
2466,0.208180945557171,96.82889925608372,0.36799162806177815,False
2467,0.2829047929798921,96.80817310743068,0.3541856364976802,False
2468,0.3491843735073079,96.78758462127986,0.3412484498426187,False
2469,0.40907313904382653,96.76714441802173,0.32923990069421555,False
2470,0.4637773498877516,96.7468632777131,0.3182149407326335,False
2471,0.5140912790181235,96.72675213119021,0.3082214022950881,False
2472,0.560576942614533,96.70682205054341,0.29929749395596755,False
2473,0.603652249754401,96.68708423895146,0.2914691866588829,False
2474,0.6436394131461666,96.66755001987545,0.3120703247737287,False
2475,0.6807937753703206,96.64823082561472,0.3047083662263848,False
2476,0.7153220528038851,96.62913818522986,0.31156338934040706,False
2477,0.7473944462440387,96.61028371184042,0.31847482976122304,False
2478,0.7771529943226336,96.59167908930749,0.32434382153954244,False
2479,0.8916091590804429,95.81034130390354,0.24755875918932385,False
2480,0.9727642516015449,96.66484043281743,0.2468398127569236,False
2481,1.041018523939755,96.64447951691484,0.2647482011259645,False
2482,1.1006987578744163,96.6245015811907,0.2805900331653138,False
2483,1.1538530565800798,96.60491701673439,0.29454185874809347,False
2484,1.201681991620676,96.58573596358119,0.3066285022839585,False
2485,1.2449737775841294,96.56696829453617,0.3167847641010412,False
2486,1.2842839696213428,96.54862359939133,0.3256117090992924,False
2487,1.3200235763720087,96.5307111695866,0.33308550540023774,False
2488,1.3525074295964727,96.51323998336338,0.3394608377465446,False
2489,1.3819829643540342,96.4962186914591,0.3448386545491526,False
2490,1.408648411160687,96.47965560338842,0.3590507950959987,False
2491,1.4326648482653093,96.4635586743556,0.3673649120331064,False
2492,1.4541644890966259,96.44793549284026,0.3744912507390967,False
2493,1.473256553252489,96.43279326889646,0.37235827626265755,False
2494,1.4900315255825651,96.00083460842954,0.358908014341417,False
2495,1.5045643034921028,96.49440077902204,0.3686719807568582,False
2496,1.5169165540634162,96.98128955971343,0.3673222777060334,False
2497,1.527138493598173,96.97454444289887,0.37130641699218014,False
2498,1.5352702332191592,96.96822195952994,0.3748758490810554,False
2499,1.541342789057496,96.96232448213541,0.3729420697978853,False
2500,1.545378825051491,96.5955672896547,0.3857643502042752,False
2501,1.5473931750149272,97.02124704902097,0.38489779210166347,False
2502,1.547393175014927,97.0167979368509,0.38353097740358955,False
2503,1.547393175014927,97.01273261508325,0.38170613919165347,False
2504,1.547393175014927,97.00905708067121,0.37946620012501675,False
2505,1.545378825051491,97.0057770889108,0.3762812960191919,False
2506,1.541342789057496,97.00289814094862,0.372921643431863,False
2507,1.5352702332191592,97.00042547156431,0.3700220409337088,False
2508,1.527138493598173,96.9983640372715,0.3675737291786628,False
2509,1.5169165540634162,96.99671850477957,0.3655652043752688,False
2510,1.5045643034921028,96.24436654982473,0.35437562787243077,False
2511,1.4900315255825651,97.09510830583848,0.34778044903477673,False
2512,1.473256553252489,97.09231540499893,0.3419209698760415,False
2513,1.4541644890966259,96.71814671814671,0.3458358485987372,False
2514,1.4326648482653093,97.14510027835273,0.33779156572692226,False
2515,1.408648411160687,97.1457185778668,0.3305041426520757,False
2516,1.3819829643540342,96.39400673883432,0.3330177118964079,False
2517,1.3525074295964727,97.2415774728827,0.32415410579729215,False
2518,1.320023576372009,97.24901750625223,0.3159695813774669,False
2519,1.2842839696213428,97.15727382559875,0.3146392579209702,False
2520,1.2842839696213428,97.28602728107994,0.30635609801541414,False
2521,1.2449737775841294,97.2886875265468,0.2981049097408852,False
2522,1.201681991620676,97.29174051754697,0.2912044055541103,False
2523,1.1538530565800795,97.29518671020872,0.2856503177630052,False
2524,1.1538530565800795,97.2990262278769,0.2808483894535222,False
2525,1.1538530565800795,97.30325885868791,0.2781737188375166,False
2526,1.1751172867945407,97.30788405384232,0.27658049903371157,False
2527,1.1906001864191973,97.31290092658588,0.2741220974695141,False
2528,1.1596780472087271,97.31830825190785,0.2719761132802512,False
2529,1.1260528027543955,97.32410446696161,0.27014282140386264,False
2530,1.0895209637560108,97.33028767221072,0.2684840917435652,False
2531,1.049830215710004,97.33685563330002,0.2677166872036123,False
2532,1.006661191043945,97.34380578364869,0.2671643518314237,False
2533,0.9595986573441049,97.35113522775953,0.2668172410303392,False
2534,0.9080831196860789,97.35884074523521,0.26693400883135343,False
2535,0.8513226827573213,97.36691879549022,0.26722432309745764,False
2536,0.7881133310528374,96.72633906283431,0.2548545459094434,False
2537,0.7164037343212466,97.46258018531718,0.24995800738095164,False
2538,0.6318640827062832,97.47292418772564,0.24519326795407598,False
2539,0.5140912790181235,97.48348095037255,0.2405791442113364,False
2540,0.5140912790181235,97.49424164165562,0.23613502233766415,False
2541,0.5140912790181235,97.5051975051975,0.23341227917853666,False
2542,0.5140912790181235,97.51633986928104,0.23071679982368484,False
2543,0.5140912790181235,97.52766015571643,0.2280681708204613,False
2544,0.5140912790181235,97.53914988814317,0.2261927104243477,False
2545,0.5140912790181235,97.55080069977123,0.22430261361974524,False
2546,0.5140912790181235,97.56260434056762,0.2224120761239458,False
2547,0.5140912790181235,97.57455268389663,0.22088865633394483,False
2548,0.5140912790181235,97.58663773262313,0.21934988313987938,False
2549,0.5140912790181235,97.59885162469007,0.21780064747618083,False
2550,0.5140912790181235,97.61118663818218,0.21641631971666783,False
2551,0.560576942614533,97.62363519588953,0.21499809500464803,False
2552,0.603652249754401,97.63618986938515,0.21355990541197056,False
2553,0.6436394131461666,97.64884338263178,0.21211596236811683,False
2554,0.6807937753703206,97.66785781455708,0.21033985739719305,False
2555,0.7967286463062392,97.68063673672428,0.2085952671118811,False
2556,0.8793939303559065,97.69101855874868,0.20703603029138268,False
2557,0.9491912500871044,97.7016478751084,0.2056648875549279,False
2558,1.01044884930661,97.71251931993818,0.20448402123835388,False
2559,1.0652163930664527,97.72362739049969,0.2034950032961565,False
2560,1.114696123966521,97.7349664553456,0.20269874962566925,False
2561,1.1596780472087271,97.7465307626182,0.2020954822532433,False
2562,1.200719639829801,97.7583144484596,0.20168470061517862,False
2563,1.2382339767869435,97.77031154551008,0.20146516288810928,False
2564,1.2406030082663506,97.78251599147121,0.20143487798878268,False
2565,1.2382339767869435,97.7949216377111,0.20160230502811688,False
2566,1.2680160454788014,97.80752225788868,0.2019640187140738,False
2567,1.2952336017523502,97.82031155657529,0.2035709128691108,False
2568,1.320023576372009,97.83328317785134,0.20521351764478943,False
2569,1.3425003133763334,97.84643071385723,0.20688216561067216,False
2570,1.362759877482492,97.85974771327794,0.20856756053258393,False
2571,1.3808832571151748,97.87322768974146,0.21026079107135756,False
2572,1.4113949465359856,97.88686413011219,0.21195333996476814,False
2573,1.4267547652077353,97.90065050266115,0.21363708939467932,False
2574,1.4534849141043307,97.91458026509572,0.21530432318908363,False
2575,1.477322818602089,97.92864687243281,0.21694772644776084,False
2576,1.489148966540959,97.9428437846999,0.21856038311529757,False
2577,1.498941259446481,97.95716447445001,0.22013577195991918,False
2578,1.506734817815005,97.97160243407708,0.22166776135337712,False
2579,1.5125568756434098,97.9861511829198,0.2231506031879828,False
2580,1.5164273757656148,98.00080427414258,0.22457892621261435,False
2581,1.4995196245467155,98.01555530138397,0.2259477290209759,False
2582,1.5004659065178618,98.03039790516308,0.22725237288248604,False
2583,1.4995196245467155,98.04532577903683,0.22848857456891467,False
2584,1.4966777416164074,98.06033267550042,0.22965239929804593,False
2585,1.4738989153366922,98.07541241162608,0.23073047131797986,False
2586,1.4479062086941699,98.0905588744347,0.23171956915782546,False
2587,1.418464503832282,98.10576602599711,0.23262068384901194,False
2588,1.3852702053381705,98.12102790826195,0.2334348771980131,False
2589,1.3773114348674147,98.13633864760858,0.2341632781078419,False
2590,1.3675380544221296,98.15169245912396,0.2348070788810868,False
2591,1.3559212235520337,98.16708365060371,0.2353675315146964,False
2592,1.3424256522693587,98.18250662627793,0.23584594399643705,False
2593,1.3270089026073437,98.19795589026359,0.23624367661260862,False
2594,1.30962049684272,98.21342604974592,0.23656213827624084,False
2595,1.2902007807553537,98.22891181789171,0.23680278288459486,False
2596,1.2686794699537274,98.24440801649834,0.23696710571437696,False
2597,1.2449737775841292,98.25990957838293,0.23705663986261324,False
2598,1.2189859772419214,98.27541154951659,0.23707295274068027,False
2599,1.190600186419197,98.2909090909091,0.23701764262848699,False
2600,1.1596780472087271,98.30639748024991,0.23689233529534445,False
2601,1.1260528027543955,98.32187211331212,0.23669868069354355,False
2602,1.0895209637560108,98.33732850512573,0.23643834973014932,False
2603,1.0498302157100041,98.35276229092752,0.23611303112205909,False
2604,1.006661191043945,98.36816922689499,0.23572442833881418,False
2605,0.9595986573441049,98.3835451906716,0.2352742566372409,False
2606,0.908083119686079,98.39888618169161,0.23476424019142259,False
2607,0.8513226827573213,98.41418832131212,0.23419610932109783,False
2608,0.7881133310528374,98.42944785276073,0.23357159782108536,False
2609,0.7164037343212466,98.44466114090687,0.23289244039388446,False
2610,0.6318640827062832,98.45982467186516,0.22801105925714332,False
2611,0.5140912790181235,98.47493505243914,0.22461300038213028,False
2612,0.4637773498877516,98.48998900941368,0.2207398639576405,False
2613,0.40907313904382653,98.50498338870432,0.2164220204487828,False
2614,0.3491843735073079,98.5199151543719,0.21168487396971225,False
2615,0.2829047929798921,98.53478138751053,0.2065490714270746,False
2616,0.2829047929798921,98.54957928501697,0.2010305651218896,False
2617,0.2829047929798921,98.56430615824947,0.19514052407071716,False
2618,0.2829047929798921,98.57895943158377,0.1888850751712187,False
2619,0.2829047929798921,98.59353664087392,0.18226483703359417,False
2620,0.2829047929798921,98.60803543182537,0.17527418292922226,False
2621,0.2829047929798921,98.62245355828772,0.16790012823760556,False
2622,0.2829047929798921,98.636788880474,0.1601206698261379,False
2623,0.2829047929798921,98.65103936311367,0.15190228621238072,False
2624,0.2829047929798921,98.66520307354556,0.1430166711647114,False
2625,0.2829047929798921,98.67927817975765,0.13452287449126915,False
2626,0.2829047929798921,98.69326294837956,0.12504262711485162,False
2627,0.2829047929798921,98.70715574263379,0.11452773285060648,False
2628,0.2829047929798921,98.72095502025155,0.10285546934270191,False
2629,0.2829047929798921,98.73465933135844,0.08977060459349286,False
2630,0.2829047929798921,98.63309352517986,0.08657400898643748,False
2631,0.2829047929798921,98.69657215404148,0.079185946757308,False
2632,0.2829047929798921,98.69657215404148,0.07284501768369532,False
2633,0.208180945557171,98.69657215404148,0.0678064051978605,False
2634,0.208180945557171,98.69657215404148,0.06432078493933233,False
2635,0.12068101401352381,98.69657215404148,0.06257651286527353,False
2636,-0.0,98.69657215404148,0.06263480916642557,False
2637,-0.0,98.69657215404148,0.06439737771531014,False
2638,-0.0,98.69657215404148,0.41531053136317264,False
2639,-0.0,98.69657215404148,0.41505779537123877,False
2640,-0.0,98.69657215404148,0.4148391638484348,False
2641,-0.0,98.69657215404148,0.4146618771250822,False
2642,-0.0,98.69657215404148,0.4145154624476402,False
2643,-0.0,98.69657215404148,0.41439829865745004,False
2644,-0.0,98.63732543377063,0.41437181801526163,False
2645,-0.0,98.73465933135844,0.4140589512262921,False
2646,-0.0,98.72095502025155,0.413910240049487,False
2647,-0.0,98.70715574263379,0.41387929071971147,False
2648,-0.0,98.69326294837956,0.4139253735579824,False
2649,-0.0,98.67927817975765,0.41401326395704713,False
2650,-0.0,98.66520307354556,0.41411303074700445,False
2651,-0.0,98.65103936311367,0.4141997888037584,False
2652,-0.0,98.636788880474,0.414741388542168,False
2653,-0.0,98.62245355828772,0.46442343239029704,False
2654,-0.0,98.60803543182537,0.46431065558469076,False
2655,-0.0,98.59353664087392,0.4640044124920335,False
2656,-0.0,98.57895943158377,0.46349912466243043,False
2657,-0.0,98.56430615824947,0.46281622204709905,False
2658,-0.0,96.83778044501892,0.21334083291868702,False
2659,-0.0,98.57353891607423,0.2131702143640204,False
2660,-0.0,98.57745961820852,0.21309963586378997,False
2661,-0.0,98.58146323663566,0.21578587958821965,False
2662,-0.0,98.5855471937619,0.21772239914638436,False
2663,-0.0,98.58970893034153,0.21788060275032564,False
2664,-0.0,98.59394590721834,0.21828258402168038,False
2665,-0.0,98.59825560697757,0.21956893348245599,False
2666,-0.0,98.60263553550898,0.27554335105558886,False
2667,-0.0,98.60708322348185,0.2766471971618976,False
2668,-0.0,98.61159622773314,0.2778650290107329,False
2669,-0.0,98.61617213256984,0.27817253456780927,False
2670,-0.0,98.62080855098698,0.2785216182888745,False
2671,-0.0,98.62550312580287,0.2789123726148662,False
2672,-0.0,98.46213159698424,0.2786201112718188,False
2673,-0.0,97.6254308693987,0.18498715600418916,False
2674,-0.0,98.46127832262428,0.1859291365536744,False
2675,-0.0,98.46735250892294,0.18726445908605827,False
2676,-0.0,98.47347347347348,0.18899151195295974,False
2677,-0.0,98.47963875885496,0.1910480635455536,False
2678,-0.0,98.48584595128374,0.1933792168764182,False
2679,-0.0,98.49209268113277,0.19384720267769973,False
2680,-0.0,98.49837662337663,0.19713713109483888,False
2681,-0.0,98.32386363636364,0.20533626364992075,False
2682,-0.0,98.33603896103897,0.2135933607979568,False
2683,-0.0,98.49431818181819,0.21812221253008302,False
2684,-0.0,98.39298758217677,0.22564198489989648,False
2685,-0.0,98.55148908544997,0.2318220044557964,False
2686,-0.0,97.69897239572839,0.1711585971924763,False
2687,-0.0,98.52717521812215,0.1726502653331181,False
2688,-0.0,98.53332803370563,0.18144163406531985,False
2689,-0.0,98.53951211810215,0.19022937080161667,False
2690,-0.0,98.54572537336836,0.19772803150868373,False
2691,-0.0,98.55196574542623,0.2041199722562849,False
2692,-0.0,98.55823122415059,0.2092152816249941,False
2693,-0.0,98.56451984340217,0.21318916447670078,False
2694,-0.0,98.57082968100919,0.21639793208367558,False
2695,-0.0,98.57715885869976,0.21875543868714864,False
2696,-0.0,98.5835055419876,0.22053492546836134,False
2697,-0.0,98.58986794001343,0.22079739162678483,False
2698,-0.0,98.59624430534464,0.22056500450985222,False
2699,-0.0,98.52173273516217,0.22170143237355983,False
2700,-0.0,98.61944556934064,0.220079430598499,False
2701,-0.0,98.75755788231824,0.21082316937249218,False
2702,-0.0,98.75627398878063,0.20057007106050356,False
2703,-0.0,98.67380864425563,0.19573410897693244,False
2704,-0.0,98.77246173186423,0.186696724195102,False
2705,-0.0,98.77832074633496,0.1774349142236524,False
2706,-0.0,98.78428465530023,0.16794786577459464,False
2707,-0.0,98.69016697588125,0.2430948304706864,False
2708,-0.0,98.8225243295446,0.2350770541808753,False
2709,-0.0,98.82173654475172,0.22749495905652814,False
2710,-0.0,98.82103540612913,0.22033206378764156,False
2711,-0.0,98.82042122497582,0.213634350305788,False
2712,-0.0,98.81989427443973,0.2077508698676775,False
2713,-0.0,98.81945478921496,0.20268049406628705,False
2714,-0.0,98.81910296528088,0.1980112135581665,False
2715,-0.0,98.81883895968403,0.19451102435875786,False
2716,-0.0,98.81866289036297,0.19133176932769777,False
2717,-0.0,98.8185748360167,0.18959841762348564,False
2718,-0.0,98.8185748360167,0.18809685113368843,False
2719,-0.0,98.81866289036297,0.18688182066822784,False
2720,-0.0,98.81883895968403,0.18592622883776358,False
2721,-0.0,98.81910296528088,0.18520351879665997,False
2722,-0.0,98.68607161468026,0.18554426755525702,False
2723,-0.0,98.78021569356638,0.1858259098815243,False
2724,-0.0,98.77396344181899,0.1862425578796249,False
2725,-0.0,98.76781472684085,0.186741973610663,False
2726,-0.0,98.76177059390524,0.18727776963691453,False
2727,-0.0,97.95903357481704,0.05687288797782364,False
2728,-0.0,98.74516670314438,0.05855429077026714,False
2729,-0.0,98.75167348120273,0.06014859751933623,False
2730,-0.0,98.75098700739358,0.06169971092952009,False
2731,-0.0,98.77532130015308,0.16985074282285778,False
2732,-0.0,98.78721448270986,0.16989257873597857,False
2733,-0.0,98.79903079678337,0.17498821962112024,False
2734,-0.0,98.72358233940155,0.26181133385456323,False
2735,-0.0,98.836283032591,0.3226373892729582,False
2736,-0.0,98.836283032591,0.3835195053291616,False
2737,-0.0,98.836283032591,0.4319916164229108,False
2738,-0.0,98.836283032591,0.46969272898744663,False
2739,-0.0,98.836283032591,0.5014992084207809,False
2740,-0.0,98.836283032591,0.5286407152625584,False
2741,-0.0,98.836283032591,0.5519444536670272,False
2742,-0.0,98.836283032591,0.572061617502507,False
2743,-0.0,98.836283032591,0.589463824215072,False
2744,-0.0,98.836283032591,0.6045223848438879,False
2745,-0.0,98.836283032591,0.617404768482641,False
2746,-0.0,98.836283032591,0.6285258340086667,False
2747,-0.0,98.836283032591,0.6380763606560953,False
2748,-0.0,98.836283032591,0.6462223688389925,False
2749,-0.0,98.836283032591,0.6531107274088427,False
2750,0.12068101401352381,98.836283032591,0.6588733103005779,False
2751,0.208180945557171,98.06739860769576,0.64811034805227,False
2752,0.2829047929798921,98.78572176279702,0.6521850338949077,False
2753,0.3491843735073079,98.9457515883544,0.6542406352933895,False
2754,0.40907313904382653,99.63089253699863,0.6275393548581384,False
2755,0.4637773498877516,99.63440784617008,0.6008677576914094,False
2756,0.5140912790181235,99.7468977396562,0.5658883842070265,False
2757,0.560576942614533,99.74159292035398,0.5313584753263088,False
2758,0.603652249754401,99.7362324006416,0.4995419719803172,False
2759,0.6436394131461666,99.73081616538654,0.4684426985509344,False
2760,0.6807937753703206,99.72534422319396,0.4380950517007264,False
2761,0.7153220528038851,99.71981660723382,0.4085651602561152,False
2762,0.7473944462440387,99.71423337607621,0.37969185752188744,False
2763,0.7771529943226336,99.70859461453338,0.3517704513177206,False
2764,0.804717519321077,99.70290043450811,0.32490054291774356,False
2765,0.8301899714180443,99.69715097584685,0.2993664530448762,False
2766,0.8536576732793313,99.6913464071969,0.27489803789553013,False
2767,0.875195788740725,99.68548692686623,0.2515478631083418,False
2768,0.8948692308065574,99.67957276368492,0.22938948788442912,False
2769,0.9127341558073343,99.67360417786652,0.20851089075315485,False
2770,0.9288391461883214,99.66758146186851,0.18901721065341096,False
2771,0.9432261548473415,98.83266978470101,0.15726928795930284,False
2772,0.9559312637896478,99.62892814348112,0.1391969389692228,False
2773,0.9669852958320848,99.62892814348112,0.12186401231621877,False
2774,0.976414308115487,99.62892814348112,0.10530680826251172,False
2775,0.9842399889605549,99.62892814348112,0.08956807551606463,False
2776,0.9904799742690308,99.62892814348112,0.07469963748078329,False
2777,0.995148095654003,99.62892814348112,0.06076698083441317,False
2778,0.995148095654003,99.62892814348112,0.061059489443487554,False
2779,0.995148095654003,99.62892814348112,0.0521043764244692,False
2780,0.995148095654003,99.62892814348112,0.045234405265597445,False
2781,0.995148095654003,99.62892814348112,0.04066781639065443,False
2782,0.995148095654003,99.62892814348112,0.04106526389903529,False
2783,0.995148095654003,99.62892814348112,0.04252476916825842,False
2784,0.995148095654003,99.62892814348112,0.044167856532241534,False
2785,0.995148095654003,99.62892814348112,0.046035305760931886,False
2786,0.995148095654003,99.62892814348112,0.048112002502678115,False
2787,0.995148095654003,99.62892814348112,0.05041938940272372,False
2788,0.995148095654003,99.62892814348112,0.05291571917999579,False
2789,0.995148095654003,99.62892814348112,0.05556415380998909,False
2790,0.995148095654003,99.62892814348112,0.058332802656483315,False
2791,0.995148095654003,99.62892814348112,0.06119437158744908,False
2792,0.9982545693874831,99.62892814348112,0.06412563231808013,False
2793,0.9982545693874831,99.62892814348112,0.06710684323831904,False
2794,0.9982545693874831,99.62892814348112,0.07012119417336975,False
2795,0.9982545693874831,99.62892814348112,0.07315430904042841,False
2796,0.9982545693874831,99.62892814348112,0.07619381768298183,False
2797,0.9982545693874831,99.62892814348112,0.07922899607169838,False
2798,0.9982545693874831,99.43584156874951,0.07298821159898498,False
2799,0.9982545693874831,99.59271588016448,0.07652532693720067,False
2800,0.9982545693874831,99.58612534489555,0.07998961207414348,False
2801,1.1034990673875955,99.57948188995121,0.08336851034035905,False
2802,1.175193620727556,99.57278607362453,0.08614489179368098,False
2803,1.2337244651110395,99.56603849399285,0.08875941480348973,False
2804,1.2834031297544843,99.55923978972908,0.09120530641106434,False
2805,1.3262610770456722,99.55239064089523,0.09347659651263435,False
2806,1.3262610770456722,99.54549176971582,0.09556796088957259,False
2807,1.3262610770456722,99.53854394132915,0.09747460215283608,False
2808,1.3262610770456722,99.53154796451372,0.09919215916938261,False
2809,1.3262610770456722,99.52450469238791,0.10107402635205821,False
2810,1.3262610770456722,99.51741502308015,0.10281411697472216,False
2811,1.3271059259290725,99.5102799003673,0.10441974066480804,False
2812,1.3262610770456722,99.50310031427843,0.10589820151458575,False
2813,1.3237243701143493,99.49587730166189,0.10725685148655877,False
2814,1.3194892909924263,99.48861194671251,0.1085031330649243,False
2815,1.3135448704851067,99.48130538145666,0.1096446129716826,False
2816,1.305875511291131,99.47395878619251,0.11068900816147213,False
2817,1.296460736137167,99.46657338988238,0.11164420486047713,False
2818,1.2852748466470731,99.45915047049512,0.1125182710760892,False
2819,1.2722864781512913,99.45169135529515,0.11331946274579896,False
2820,1.3661871198286537,99.44419742107604,0.11405622349771162,False
2821,1.426055525229744,99.43667009433541,0.11473717784997055,False
2822,1.4722341190419144,99.42911085138901,0.11537111757655985,False
2823,1.5089842141799346,99.42152121842093,0.11596698091028737,False
2824,1.5382793058428101,99.41390277146752,0.11653382424057265,False
2825,1.561234313964633,99.4062571363325,0.11708078599569761,False
2826,1.5785382995858783,99.39858598843081,0.11761704247849182,False
2827,1.5906309353495431,99.39089105255871,0.11815175555250787,False
2828,1.5977862991309006,99.38317410258789,0.11869401225235215,False
2829,1.6001553306103076,99.37543696108133,0.11894999942501872,False
2830,1.5977862991309006,99.36768149882904,0.119176956623508,False
2831,1.5906309353495431,99.35990963430132,0.11937422151988368,False
2832,1.5785382995858783,99.35212333301807,0.11954114387180353,False
2833,1.561234313964633,99.34432460683233,0.11967708674027566,False
2834,1.5382793058428101,99.33651551312649,0.11978142771978763,False
2835,1.5089842141799346,99.32869815391993,0.11985356017814415,False
2836,1.4722341190419144,99.32087467488681,0.11989289450320034,False
2837,1.426055525229744,99.3130472642833,0.11989885935358437,False
2838,1.3661871198286537,99.30521815178311,0.11987090291034763,False
2839,1.380358518460298,99.29738960722128,0.11980849412640124,False
2840,1.3926710596071106,99.28956393924547,0.11971112397048196,False
2841,1.4031612388204875,99.28174349387514,0.11957830666230039,False
2842,1.476358057489815,99.27393065296849,0.11940958089544243,False
2843,1.5364404652905264,99.2661278325978,0.11920451104454441,False
2844,1.5877233383380847,99.258337481334,0.11896268835317014,False
2845,1.6322418389138083,99.25056207844116,0.11868373209880703,False
2846,1.6711824374580142,99.24280413198275,0.11836729073135438,False
2847,1.6711824374580142,99.23506617684062,0.11801304298145869,False
2848,1.6711824374580142,99.22735077264923,0.1176206989350653,False
2849,1.6711824374580142,99.21966050164681,0.11719000107055147,False
2850,1.6711824374580142,99.21199796644636,0.11672072525485988,False
2851,1.6711824374580142,99.20436578772888,0.11621268169507988,False
2852,1.6711824374580142,99.19676660186228,0.11566571584200995,False
2853,1.6322418389138083,99.18920305844922,0.11507970924231091,False
2854,1.6322418389138083,99.18167781780751,0.11445458033595521,False
2855,1.6322418389138083,99.1741935483871,0.21783715079019833,False
2856,1.6322418389138083,99.16675292412793,0.39054987388090806,False
2857,1.6322418389138083,99.15935862176327,0.42711987046931277,False
2858,1.6322418389138083,99.15201331807305,0.4582194987367165,False
2859,1.6322418389138083,99.14471968709258,0.48500454474241333,False
2860,1.6322418389138083,99.13748039728176,0.5082551226601709,False
2861,1.6322418389138083,99.13029810866034,0.5285315354568955,False
2862,1.5877233383380847,99.12317546991494,0.5462555162062884,False
2863,1.5364404652905264,99.11611511548377,0.5617564524942956,False
2864,1.476358057489815,99.1091196626252,0.575299497158385,False
2865,1.4031612388204875,99.10219170847637,0.5871035847939718,False
2866,1.296460736137167,99.09533382710825,0.5973534812278369,False
2867,1.296460736137167,99.08854856658364,0.6062081321869464,False
2868,1.296460736137167,99.08183844602483,0.6138066231346601,False
2869,1.296460736137167,99.07520595269732,0.6202725439774606,False
2870,1.296460736137167,99.06865353911655,0.6618833965464308,False
2871,1.296460736137167,99.06218362018437,0.6672763995146018,False
2872,1.305875511291131,99.05579857036167,0.6717758941906642,False
2873,1.3135448704851067,99.04950072088428,0.6754743794383578,False
2874,1.3548527368476762,99.04329235702832,0.6784576272041704,False
2875,1.3914372992027793,98.30571886691608,0.654974666645399,False
2876,1.4238430936939135,97.65712757421771,0.5711347447593947,False
2877,1.4524690941546656,98.27641580130607,0.5458052144754151,False
2878,1.4776169519137876,98.27540035348937,0.5209624257640155,False
2879,1.4995196245467155,98.27456864216055,0.49666858443626055,False
2880,1.5183593905083004,98.27392120075046,0.4729948639477662,False
2881,1.5332939593741384,98.27345844504022,0.4500230037573168,False
2882,1.545378825051491,98.27318067249423,0.4278470762776048,False
2883,1.554697508762069,98.27308806178269,0.4065753482120158,False
2884,1.5613116549052575,98.27318067249423,0.3863320844646578,False
2885,1.565263635906296,98.27345844504022,0.3672590248820206,False
2886,1.5665782425417163,98.27392120075046,0.3494252530659612,False
2887,1.565263635906296,98.27456864216055,0.33286659451264633,False
2888,1.5613116549052575,98.27540035348937,0.31764312398390654,False
2889,1.554697508762069,98.27641580130607,0.30379879195615356,False
2890,1.545378825051491,97.6233807943475,0.19577440496087797,False
2891,1.5303333274395563,98.21753559576062,0.1748004426521719,False
2892,1.5125568756434098,98.21753559576062,0.15471523201423498,False
2893,1.4919310878474152,98.21753559576062,0.13554443591607926,False
2894,1.4683074126843,98.21753559576062,0.11731893697208882,False
2895,1.441499001640642,98.21753559576062,0.10007678662908125,False
2896,1.4112687927757768,98.21753559576062,0.08386639194181904,False
2897,1.3773114348674147,98.21753559576062,0.06875210748582614,False
2898,1.3392246071829446,98.21753559576062,0.05482489441588419,False
2899,1.2964607361371667,98.21753559576062,0.04222462270635112,False
2900,1.2482389571842902,98.21753559576062,0.031191231075714726,False
2901,1.193365482413587,98.21753559576062,0.021643940362118246,False
2902,1.129798482836793,98.21753559576062,0.014393992496171598,False
2903,1.1166404295430468,98.21753559576062,0.010433690796659305,False
2904,1.1017332648846088,98.21753559576062,0.009749982693577873,False
2905,1.0850365744330075,98.21753559576062,0.00943972614379926,False
2906,1.066503202885787,98.21753559576062,0.008917125208824532,False
2907,1.046078320219219,98.21753559576062,0.008851514497205533,False
2908,1.046078320219219,98.21753559576062,0.1626292610050472,False
2909,1.046078320219219,98.21753559576062,0.45719261427711705,False
2910,1.046078320219219,98.21753559576062,0.6269032070903062,False
2911,1.046078320219219,98.21753559576062,0.6790633523536097,False
2912,1.046078320219219,98.21753559576062,0.7240139491347517,False
2913,1.046078320219219,98.21753559576062,0.8185030831788007,False
2914,1.046078320219219,98.21753559576062,0.8525543476013924,False
2915,1.046078320219219,98.21753559576062,0.8826959559132377,False
2916,1.046078320219219,98.21753559576062,0.9094015521907681,False
2917,1.046078320219219,98.21753559576062,0.9330522207016047,False
2918,1.066503202885787,98.21753559576062,0.9539625288262771,False
2919,1.0850365744330075,98.21753559576062,0.9723980307341694,False
2920,1.1017332648846088,98.21753559576062,0.9885874503553091,False
2921,1.1166404295430468,98.21753559576062,1.0027432753504906,False
2922,1.129798482836793,98.21753559576062,1.0150346338696012,False
2923,1.1412418450836315,98.21753559576062,1.025623941506487,False
2924,1.150999540671385,98.21753559576062,1.0346605429941436,False
2925,1.1590956761386297,98.21753559576062,1.0422836296742908,False
2926,1.1655498193580116,98.21753559576062,1.0486245610193794,False
2927,1.170377295621679,98.21753559576062,1.0538087379671452,False
2928,1.1735894123234427,97.49130783631988,1.0454199899019847,False
2929,1.175193620727556,96.28242845680663,0.9576908747019823,False
2930,1.175193620727556,96.21058257616248,0.8592720495554191,False
2931,1.173589412323443,96.89470871191877,0.8209345005640005,False
2932,1.170377295621679,96.89470871191877,0.7831661238822201,False
2933,1.0971804769523517,96.26638138539717,0.6849102361419453,False
2934,0.9904799742690308,96.84187988438069,0.6426235965182807,False
2935,0.9904799742690308,96.84001928123828,0.6007759219919518,False
2936,0.9904799742690308,96.83849533812024,0.5595486760351981,False
2937,0.9904799742690308,96.83730903243098,0.5311544844776709,False
2938,0.9904799742690308,96.83646112600536,0.49346342279001965,False
2939,0.9904799742690308,96.83595216388696,0.45726571508394104,False
2940,0.9904799742690308,96.83578247345275,0.4220693796935053,False
2941,0.9904799742690308,96.83595216388696,0.38793601427187707,False
2942,0.9904799742690308,96.83646112600536,0.355278478017858,False
2943,0.9904799742690308,96.83730903243098,0.3242412453565098,False
2944,0.9904799742690308,96.83849533812024,0.29467471257657024,False
2945,0.9904799742690308,96.84001928123828,0.267015073260794,False
2946,0.9904799742690308,96.84187988438069,0.2414818632525559,False
2947,0.9904799742690308,96.844075956138,0.21832883799670666,False
2948,0.9904799742690308,96.8466060929984,0.19783742919675404,False
2949,0.9904799742690308,96.84946868158274,0.18029551478131908,False
2950,0.9904799742690308,96.8526619012056,0.16595331493618853,False
2951,0.9904799742690308,96.85618372675441,0.21323581864088095,False
2952,0.9842399889605549,96.86003193187865,0.20911709800110814,False
2953,0.976414308115487,96.86420409247941,0.2565076939748397,False
2954,0.9669852958320848,96.86869759048933,0.29499908756896076,False
2955,0.9559312637896478,96.87350961793227,0.32745532524491244,False
2956,0.9432261548473415,96.87863718125067,0.35526593218057434,False
2957,0.9288391461883214,96.3559545814629,0.36223079269949116,False
2958,0.9127341558073343,96.92672641012125,0.38291835298822346,False
2959,0.8948692308065574,96.92672641012125,0.40061317361267923,False
2960,0.875195788740725,96.92672641012125,0.4025383739890586,False
2961,0.8536576732793313,96.92672641012125,0.42256272355254887,False
2962,0.8301899714180443,96.92672641012125,0.4406390535102386,False
2963,0.804717519321077,96.92672641012125,0.4570244513418179,False
2964,0.7771529943226336,96.92672641012125,0.4721208275483162,False
2965,0.7473944462440387,96.92672641012125,0.48616404200511576,False
2966,0.7153220528038851,96.92672641012125,0.49898180117211105,False
2967,0.6807937753703206,96.92672641012125,0.5102623178010809,False
2968,0.6436394131461666,96.92672641012125,0.5194164825302691,False
2969,0.603652249754401,96.92672641012125,0.5274625162673869,False
2970,0.560576942614533,96.92672641012125,0.5345032464725964,False
2971,0.5140912790181235,96.20980495519241,0.5204055306769972,False
2972,0.4637773498877516,96.96889826041118,0.5253441215745,False
2973,0.40907313904382653,97.53774925027622,0.5074753616541906,False
2974,0.3491843735073079,97.53774925027622,0.4898114829825713,False
2975,0.2829047929798921,97.53774925027622,0.4723756526412943,False
2976,0.208180945557171,97.53774925027622,0.4551938079263265,False
2977,0.12068101401352381,97.53774925027622,0.4382951847913225,False
2978,-0.0,97.53774925027622,0.42171292739387417,False
2979,-0.0,97.53774925027622,0.42298953475851814,False
2980,-0.0,96.79591729362866,0.4231277072834785,False
2981,-0.0,97.59562266533382,0.4050156855495827,False
2982,-0.0,97.60413404321955,0.38623620578237833,False
2983,-0.0,97.61275956708612,0.36735522260415965,False
2984,-0.0,97.62149388677695,0.34872886761386307,False
2985,-0.0,97.63542781429955,0.3299590212954314,False
2986,-0.0,97.64432312203013,0.3114361252672907,False
2987,-0.0,97.64432312203013,0.30474929421394237,False
2988,-0.0,97.64432312203013,0.378906206126745,False
2989,-0.0,97.64432312203013,0.3746594107436202,False
2990,-0.0,97.64432312203013,0.3707376642283502,False
2991,-0.0,97.64432312203013,0.3681530212370728,False
2992,-0.0,97.64432312203013,0.3657704672225423,False
2993,-0.0,97.64432312203013,0.3985319897928727,False
2994,-0.0,97.64432312203013,0.3976432074951143,False
2995,0.12068101401352381,97.64432312203013,0.39700738348238185,False
2996,0.12068101401352381,97.64432312203013,0.39658060686733027,False
2997,0.12068101401352381,97.64432312203013,0.3963268064096433,False
2998,0.12068101401352381,97.64432312203013,0.39621948184951694,False
2999,0.12068101401352381,96.90122333434435,0.42461613202809684,False
3000,0.12068101401352381,97.68981902739864,0.4230865365814055,False
3001,0.12068101401352381,97.69566745318541,0.4214899115221486,False
3002,0.12068101401352381,97.7016651710041,0.4204624401775758,False
3003,0.12068101401352381,97.70780731719393,0.41958102334184083,False
3004,0.12068101401352381,97.71408907678695,0.41854870774121106,False
3005,0.12068101401352381,97.72050568653292,0.4174068275549178,False
3006,0.12068101401352381,97.72705243772414,0.4283861376028411,False
3007,0.12068101401352381,97.20266229381691,0.41965171253325045,False
3008,0.12068101401352381,96.48055927983145,0.3404636497963379,False
3009,0.12068101401352381,97.2142992964442,0.33272825335235406,False
3010,0.208180945557171,97.2251061821614,0.3257324277337842,False
3011,0.2829047929798921,97.23601611543147,0.31852656824532605,False
3012,0.3491843735073079,97.24702380952381,0.31239592190538995,False
3013,0.40907313904382653,96.74702697700245,0.2604407975191686,False
3014,0.4637773498877516,97.22375690607734,0.25430111548273643,False
3015,0.5140912790181235,97.22871146534744,0.2492406277262792,False
3016,0.560576942614533,97.23386802770689,0.24532018053133844,False
3017,0.603652249754401,97.23922208622331,0.24257711185071648,False
3018,0.6436394131461666,97.24476911976912,0.24048985393220035,False
3019,0.6807937753703206,96.54014859905111,0.13797224113189233,False
3020,0.7153220528038851,97.23678365171035,0.13556366987277194,False
3021,0.7473944462440387,97.25749559082892,0.1347222533790185,False
3022,0.7771529943226336,97.27376159635918,0.13489319209245706,False
3023,0.804717519321077,97.2799511002445,0.13551592266116266,False
3024,0.8301899714180443,97.28634898510323,0.13596584122374722,False
3025,0.8536576732793313,97.29295211610324,0.13661551684250642,False
3026,0.875195788740725,96.86199722607489,0.09257091451641024,False
3027,0.8948692308065574,97.3370223067612,0.09300639940419834,False
3028,0.9127341558073343,97.3370223067612,0.09304789810945073,False
3029,0.9288391461883214,97.3370223067612,0.09265059598871495,False
3030,0.9432261548473415,97.3370223067612,0.1363266896803013,False
3031,0.9559312637896478,97.3370223067612,0.20961815428578748,False
3032,0.9669852958320848,97.3370223067612,0.20936606702924335,False
3033,0.976414308115487,97.3370223067612,0.20899197279045034,False
3034,0.9842399889605549,97.3370223067612,0.20839191061534537,False
3035,0.9904799742690308,97.3370223067612,0.2074285167444142,False
3036,0.995148095654003,97.3370223067612,0.20605652064519375,False
3037,0.9982545693874831,97.3370223067612,0.20401223591881093,False
3038,0.999806132804711,97.3370223067612,0.2020942251528328,False
3039,0.999806132804711,97.3370223067612,0.20101253609590647,False
3040,0.9982545693874831,97.3370223067612,0.2000266444045533,False
3041,0.995148095654003,97.3370223067612,0.19912489783813947,False
3042,0.9904799742690308,97.3370223067612,0.19829624844749366,False
3043,0.9842399889605549,97.3370223067612,0.19753022654116736,False
3044,0.976414308115487,97.3370223067612,0.19716817781581455,False
3045,0.9669852958320848,97.3370223067612,0.19686826134572238,False
3046,0.9559312637896478,97.3370223067612,0.24549726242676748,False
3047,0.9432261548473415,97.3370223067612,0.24540548666167716,False
3048,0.9432261548473415,97.3370223067612,0.24543335087399035,False
3049,0.9288391461883214,97.3370223067612,0.26135456831471554,False
3050,0.9288391461883214,96.85766296809986,0.2564592057529514,False
3051,0.9288391461883214,96.5803424002781,0.2015656750436002,False
3052,0.9288391461883214,97.33426256642565,0.24515181210418285,False
3053,0.9127341558073343,97.3439057151523,0.24527343389500394,False
3054,0.8948692308065574,97.34936643392811,0.24536661162298917,False
3055,0.875195788740725,97.34936643392811,0.245510180394985,False
3056,0.875195788740725,97.34936643392811,0.24570040496000897,False
3057,0.8536576732793313,97.34936643392811,0.2461100570097824,False
3058,0.8301899714180443,97.34936643392811,0.24654410923714026,False
3059,0.804717519321077,97.34936643392811,0.2470027077342135,False
3060,0.7771529943226336,97.34936643392811,0.247485990235495,False
3061,0.7473944462440387,97.34936643392811,0.2477390629629807,False
3062,0.7153220528038851,97.34936643392811,0.24770988720912568,False
3063,0.6807937753703206,97.34936643392811,0.24769586819287512,False
3064,0.6436394131461666,97.34936643392811,0.24770045600530327,False
3065,0.603652249754401,97.34936643392811,0.24772593361636655,False
3066,0.560576942614533,96.64172686618507,0.19945833812896024,False
3067,0.5140912790181235,97.3318462594372,0.199466064185908,False
3068,0.4637773498877516,97.33846812152332,0.1993987269730997,False
3069,0.40907313904382653,96.87205819426616,0.17805887294832937,False
3070,0.3491843735073079,96.87205819426616,0.15580847659184194,False
3071,0.3491843735073079,97.33846812152332,0.15505495909823822,False
3072,0.3491843735073079,96.61959777492511,0.06767993416530095,False
3073,0.3491843735073079,97.29995721009841,0.06701403414440528,False
3074,0.3491843735073079,97.29995721009841,0.06635014281533587,False
3075,0.3491843735073079,97.29995721009841,0.06568922386586518,False
3076,0.3491843735073079,97.29995721009841,0.06503227982561442,False
3077,0.3491843735073079,97.29995721009841,0.15463646547117396,False
3078,0.3491843735073079,97.29995721009841,0.15545975726704325,False
3079,0.3491843735073079,97.29995721009841,0.15649227712320624,False
3080,0.3491843735073079,97.29995721009841,0.15717178063983445,False
3081,0.3491843735073079,97.29995721009841,0.15792607122563823,False
3082,0.3491843735073079,97.29995721009841,0.1593378367639941,False
3083,0.3491843735073079,97.29995721009841,0.1601954496647166,False
3084,0.3491843735073079,97.29995721009841,0.16117459035710327,False
3085,0.3491843735073079,97.29995721009841,0.1622754572368233,False
3086,0.3491843735073079,97.29995721009841,0.16349995838536163,False
3087,0.3491843735073079,97.29995721009841,0.16484893180683255,False
3088,0.3491843735073079,97.29995721009841,0.16632213498777024,False
3089,0.3491843735073079,97.29995721009841,0.16791825060701857,False
3090,0.3491843735073079,97.29995721009841,0.16963490759660071,False
3091,0.3491843735073079,97.29995721009841,0.1714687162552658,False
3092,0.3491843735073079,97.29995721009841,0.17341531571283575,False
3093,0.3491843735073079,97.29995721009841,0.1754694317547458,False
3094,0.3491843735073079,97.29995721009841,0.17762494285028008,False
3095,0.3491843735073079,97.29995721009841,0.17987495218225547,False
3096,0.3491843735073079,97.29995721009841,0.18221186353838417,False
3097,0.3491843735073079,96.61959777492511,0.11966491595508671,False
3098,0.3491843735073079,97.33846812152332,0.12208857580598063,False
3099,0.3491843735073079,97.34528382415706,0.12434577659106016,False
3100,0.3491843735073079,97.3522901413247,0.12712808984757656,False
3101,0.3491843735073079,97.35948378332485,0.13036340886213452,False
3102,0.3491843735073079,97.36686140038947,0.13341061968027568,False
3103,0.3491843735073079,97.37441958632334,0.13713592422456933,False
3104,0.3491843735073079,97.38215488215488,0.14070652725529617,False
3105,0.3491843735073079,97.39006377979187,0.14411358448172856,False
3106,0.3491843735073079,97.39814272567557,0.14734848293318803,False
3107,0.3491843735073079,97.40638812442666,0.1504028316638648,False
3108,0.3491843735073079,97.41479634247715,0.15205898886716537,False
3109,0.2829047929798921,97.42336371168186,0.15361054196187351,False
3110,0.2829047929798921,97.43208653290397,0.15505676841019073,False
3111,0.208180945557171,97.44096107956884,0.1563976022288295,False
3112,0.12068101401352381,97.44998360118072,0.15763363765912794,False
3113,-0.0,97.45915032679738,0.1587661343672403,False
3114,-0.0,97.46845746845747,0.1597970238571129,False
3115,-0.0,97.47790122455599,0.1607289167392911,False
3116,-0.0,97.48747778316368,0.16156511044984992,False
3117,-0.0,97.49718332528569,0.16230959695476388,False
3118,-0.0,97.50701402805612,0.16021929839914265,False
3119,-0.0,97.51696606786427,0.15865670274355015,False
3120,-0.0,97.52703562340967,0.2095398430432789,False
3121,-0.0,97.5372188786823,0.2081031245690073,False
3122,-0.0,97.54751202586547,0.20669048735956347,False
3123,-0.0,97.55791126815862,0.20510513235086614,False
3124,-0.0,97.56841282251759,0.20233323745181678,False
3125,-0.0,97.57901292231044,0.19934390629191703,False
3126,-0.0,97.58970781988685,0.19615173124669694,False
3127,0.12068101401352381,97.60049378905948,0.19277091660845092,False
3128,0.12068101401352381,97.61136712749617,0.19018871779549415,False
3129,0.12068101401352381,97.6223241590214,0.18743031830944093,False
3130,0.12068101401352381,97.6333612358268,0.18449909774939968,False
3131,0.12068101401352381,97.64447474058926,0.18139713817693806,False
3132,0.12068101401352381,97.65566108849691,0.17812520841207027,False
3133,0.208180945557171,97.66691672918229,0.17468273158540729,False
3134,0.2829047929798921,97.6782381485629,0.17106773321243166,False
3135,0.3491843735073079,97.68962187058911,0.16727676569304356,False
3136,0.40907313904382653,97.70106445890006,0.16330480331212455,False
3137,0.4637773498877516,97.71256251838776,0.1591450992837162,False
3138,0.5140912790181235,97.45513386290085,0.15763145173471602,False
3139,0.5140912790181235,97.67946454839658,0.15537723867628497,False
3140,0.5140912790181235,96.93377241126967,0.06447127327617311,False
3141,0.5140912790181235,97.67018565708045,0.05884815810816831,False
3142,0.5140912790181235,97.68216717369259,0.05212176922319159,False
3143,0.5140912790181235,97.44314066347965,0.04475001933511022,False
3144,0.5140912790181235,97.64232942199044,0.04165413338602143,False
3145,0.5140912790181235,97.64232942199044,0.03891070082146769,False
3146,0.5140912790181235,97.64232942199044,0.03654141390266434,False
3147,0.5140912790181235,97.64232942199044,0.034571996960163415,False
3148,0.5140912790181235,97.64232942199044,0.033030989517908886,False
3149,0.5140912790181235,97.64232942199044,0.03150574291599047,False
3150,0.5140912790181235,97.64232942199044,0.0303042404582947,False
3151,0.5140912790181235,97.64232942199044,0.028695075849539568,False
3152,0.5140912790181235,97.64232942199044,0.027269918891871203,False
3153,0.5140912790181235,97.64232942199044,0.02601764852870154,False
3154,0.5140912790181235,97.64232942199044,0.051008272794978465,False
3155,0.5140912790181235,97.64232942199044,0.05090534645294786,False
3156,0.5140912790181235,97.64232942199044,0.18079535642658245,False
3157,0.5140912790181235,97.64232942199044,0.2466304874459995,False
3158,0.5140912790181235,97.64232942199044,0.2950846776285174,False
3159,0.5140912790181235,97.64232942199044,0.33391153940862034,False
3160,0.5140912790181235,97.64232942199044,0.366275028491744,False
3161,0.5140912790181235,97.64232942199044,0.39385457485673586,False
3162,0.5140912790181235,97.64232942199044,0.41767696836502277,False
3163,0.5140912790181235,97.64232942199044,0.43842935415950207,False
3164,0.5140912790181235,97.64232942199044,0.4566017381535379,False
3165,0.5140912790181235,97.64232942199044,0.472560549438059,False
3166,0.5140912790181235,97.64232942199044,0.48659018774573587,False
3167,0.5140912790181235,97.64232942199044,0.49891814059019446,False
3168,0.5140912790181235,97.64232942199044,0.5097310009249908,False
3169,0.5140912790181235,97.64232942199044,0.5224280606133707,False
3170,0.560576942614533,97.64232942199044,0.5326393955592346,False
3171,0.603652249754401,97.64232942199044,0.5416007030583113,False
3172,0.6436394131461666,97.64232942199044,0.5427522043397389,False
3173,0.6807937753703206,97.64232942199044,0.5478887711099829,False
3174,0.7153220528038851,97.44314066347965,0.5501409157859667,False
3175,0.7473944462440387,97.66405910473708,0.5532320351997129,False
3176,0.7771529943226336,98.41281397888606,0.5380969154396809,False
3177,0.804717519321077,98.41281397888606,0.5130007324513706,False
3178,0.8301899714180443,98.41281397888606,0.4881576696538635,False
3179,0.8536576732793313,98.41281397888606,0.4635881113246275,False
3180,0.875195788740725,98.41281397888606,0.4393165154779302,False
3181,0.8948692308065574,98.41281397888606,0.41537244924210864,False
3182,0.9127341558073343,98.41281397888606,0.3917919334695151,False
3183,0.9288391461883214,98.41281397888606,0.3686191979752839,False
3184,0.9432261548473415,98.41281397888606,0.34590898117707597,False
3185,0.9559312637896478,98.41281397888606,0.32371646668547205,False
3186,0.9559312637896478,98.41281397888606,0.3021610256096952,False
3187,0.9559312637896478,98.41281397888606,0.28126117065187367,False
3188,0.9432261548473415,98.41281397888606,0.26817393812155654,False
3189,0.9559312637896478,97.45762711864407,0.24280515289814603,False
3190,0.9669852958320848,98.42916846807897,0.21990621074888275,False
3191,0.976414308115487,98.42916846807897,0.19745424951939322,False
3192,0.976414308115487,98.17470664928292,0.19502535705124016,False
3193,0.976414308115487,98.36912995995631,0.18101477924026962,False
3194,0.9669852958320848,98.3571167215514,0.1693609754431987,False
3195,0.9559312637896478,98.3451015004413,0.24518251864313473,False
3196,0.9432261548473415,97.5838481906443,0.21690348131955733,False
3197,0.9288391461883214,98.29361576934393,0.2137707934786456,False
3198,0.9127341558073343,98.29361576934393,0.21129112183236232,False
3199,0.8948692308065574,98.29361576934393,0.2094008735977668,False
3200,0.8948692308065574,98.29361576934393,0.20863822829902265,False
3201,0.8948692308065574,98.29361576934393,0.20822944453601908,False
3202,0.8948692308065574,98.29361576934393,0.20809206829264446,False
3203,0.8948692308065574,98.29361576934393,0.20827887288828867,False
3204,0.8948692308065574,98.29361576934393,0.20857548691628822,False
3205,0.8948692308065574,98.29361576934393,0.20891313893792285,False
3206,0.8948692308065574,98.29361576934393,0.20914810651637955,False
3207,0.8948692308065574,98.29361576934393,0.2693892895668184,False
3208,0.8948692308065574,98.02261975162625,0.2623001971315772,False
3209,0.8948692308065574,98.22450040858777,0.2693275761826997,False
3210,0.8948692308065574,98.2120194102277,0.3562158347968541,False
3211,0.8948692308065574,98.19954988747187,0.42302143828284555,False
3212,0.8948692308065574,98.18709482888588,0.4562456856035872,False
3213,0.8948692308065574,98.17465727486177,0.5116092976265809,False
3214,0.8948692308065574,98.16224031656647,0.5585866068864873,False
3215,0.8948692308065574,97.40506810744996,0.5697510518252781,False
3216,0.8948692308065574,98.10136214899931,0.6070206474435679,False
3217,0.8948692308065574,98.10136214899931,0.6398997163712331,False
3218,0.8948692308065574,98.10136214899931,0.6691043192422934,False
3219,0.8948692308065574,98.10136214899931,0.6946163765525399,False
3220,0.8948692308065574,98.10136214899931,0.7171383555471187,False
3221,0.8948692308065574,98.10136214899931,0.7371930821614779,False
3222,0.8948692308065574,98.10136214899931,0.7550289063608812,False
3223,0.8948692308065574,98.10136214899931,0.770816447438636,False
3224,0.8948692308065574,98.10136214899931,0.7847691104774339,False
3225,0.8948692308065574,98.10136214899931,0.7970417997020911,False
3226,0.8948692308065574,98.10136214899931,0.8068863242180898,False
3227,0.8948692308065574,97.40506810744996,0.7975201009266732,False
3228,0.8948692308065574,98.13941100372878,0.8049201930463784,False
3229,0.8948692308065574,98.40945239718246,0.8087304884509581,False
3230,0.8948692308065574,99.1782170718776,0.7796723788927684,False
3231,0.875195788740725,99.18588873812755,0.749991104744211,False
3232,0.8536576732793313,98.9609902475619,0.7338493382300902,False
3233,0.8301899714180443,99.2534527808884,0.6961432402703585,False
3234,0.804717519321077,99.2534527808884,0.6602595775086725,False
3235,0.7771529943226336,99.2534527808884,0.6242306172414899,False
3236,0.7473944462440387,99.2534527808884,0.5881082194883205,False
3237,0.7153220528038851,99.2534527808884,0.551954857588376,False
3238,0.6807937753703206,99.2534527808884,0.5158173136411915,False
3239,0.6436394131461666,99.2534527808884,0.4807077522325185,False
3240,0.603652249754401,99.2534527808884,0.4461913006736373,False
3241,0.560576942614533,99.2534527808884,0.41215249991766406,False
3242,0.5140912790181235,99.2534527808884,0.3786010188427605,False
3243,0.4637773498877516,99.2534527808884,0.34564563933766507,False
3244,0.40907313904382653,99.2534527808884,0.31317529917604414,False
3245,0.3491843735073079,99.2534527808884,0.2811710586708024,False
3246,0.2829047929798921,99.2534527808884,0.31682312444764404,False
3247,0.2829047929798921,99.2534527808884,0.29587735417818745,False
3248,0.2829047929798921,99.2534527808884,0.27668206757039265,False
3249,0.2829047929798921,99.2534527808884,0.2593523425560567,False
3250,0.208180945557171,99.2534527808884,0.24399486458584274,False
3251,0.12068101401352381,99.2534527808884,0.25207382041269305,False
3252,-0.0,99.2534527808884,0.24377645278074872,False
3253,-0.0,98.9609902475619,0.24665418620751006,False
3254,-0.0,99.18588873812755,0.24543359593394362,False
3255,-0.0,99.1782170718776,0.2457055531537393,False
3256,-0.0,99.17053496689749,0.24706289288740163,False
3257,-0.0,99.16284403669725,0.24909578337047483,False
3258,0.12068101401352381,99.15514592933948,0.2514679174892065,False
3259,0.208180945557171,99.14744232698094,0.25355166552851416,False
3260,0.208180945557171,99.13973494536154,0.32173754405143973,False
3261,0.208180945557171,99.13202553323993,0.32386475712721596,False
3262,0.208180945557171,99.12431587177483,0.3476885299043363,False
3263,0.2829047929798921,99.11660777385158,0.35083866822734966,False
3264,0.3491843735073079,99.10890308335304,0.353931874176757,False
3265,0.40907313904382653,99.1012036743744,0.3567215331862207,False
3266,0.4637773498877516,98.33702882483371,0.3674427024695863,False
3267,0.5140912790181235,99.029933481153,0.3707022505469649,False
3268,0.560576942614533,99.029933481153,0.39815517351843016,False
3269,0.603652249754401,99.029933481153,0.4031970328065644,False
3270,0.6436394131461666,99.029933481153,0.46261860888437273,False
3271,0.6807937753703206,98.6720737913486,0.457182745859587,False
3272,0.7153220528038851,98.9500998003992,0.46118708661114916,False
3273,0.7473944462440387,98.94188376753507,0.46440261372668834,False
3274,0.7771529943226336,98.93368742958313,0.46691860137031055,False
3275,0.804717519321077,98.92551300694781,0.46881687600325805,False
3276,0.8301899714180443,98.91736274430298,0.48985693380146267,False
3277,0.8536576732793313,98.90923890923891,0.4939752054829537,False
3278,0.875195788740725,98.90114379084967,0.4976304694559595,False
3279,0.8948692308065574,98.89307969826173,0.5008472547051585,False
3280,0.9127341558073343,98.14283371597244,0.46394933570635843,False
3281,0.9288391461883214,98.81108560183667,0.46584739876865777,False
3282,0.9432261548473415,98.40780054307578,0.45164241970806385,False
3283,0.9559312637896478,98.72017174469491,0.451957011986988,False
3284,0.9669852958320848,98.71168185584092,0.45187951756075134,False
3285,0.976414308115487,98.70324189526184,0.4517486117236213,False
3286,0.9842399889605549,97.96342477140482,0.4389188973173708,False
3287,0.9904799742690308,98.6118038237739,0.43597404360882747,False
3288,0.995148095654003,98.1903093987157,0.41833902775917897,False
3289,0.9982545693874831,98.51083410022588,0.42066965799403105,False
3290,0.999806132804711,97.77880030117961,0.3625760891635962,False
3291,0.999806132804711,98.41044089349954,0.36217955699157844,False
3292,0.9982545693874831,98.41044089349954,0.3610420413939825,False
3293,0.995148095654003,98.41044089349954,0.3681031025889331,False
3294,0.9904799742690308,98.41044089349954,0.37544663113843746,False
3295,0.9842399889605549,98.41044089349954,0.3829832301433219,False
3296,0.976414308115487,97.98170527022491,0.36564566093145123,False
3297,0.9669852958320848,98.2996632996633,0.36822694724251176,False
3298,0.9559312637896478,98.29041789784719,0.36165320158226577,False
3299,0.9432261548473415,98.28126322919313,0.3704855276120405,False
3300,0.9288391461883214,98.27220241127526,0.37852050145964344,False
3301,0.9127341558073343,98.26323854929338,0.38454563356640015,False
3302,0.8948692308065574,98.25437473324797,0.38950352086617934,False
3303,0.875195788740725,98.24561403508773,0.39381401336492605,False
3304,0.8536576732793313,98.23695950583391,0.39755025637125796,False
3305,0.8301899714180443,98.22339413849745,0.40064142862876123,False
3306,0.804717519321077,97.59996515375904,0.36218882549923587,False
3307,0.7771529943226336,98.24877106741573,0.36555409594097327,False
3308,0.7473944462440387,98.72496249889703,0.3596789227832275,False
3309,0.7473944462440387,98.71527006001334,0.35314439401019393,False
3310,0.7473944462440387,98.70554510436263,0.3459977905783916,False
3311,0.7473944462440387,98.69578952118778,0.33955716482872744,False
3312,0.7153220528038851,98.06310812039648,0.33445817763625224,False
3313,0.6807937753703206,98.78154917319408,0.3207699435685105,False
3314,0.6436394131461666,98.77532228360958,0.30667479754902943,False
3315,0.603652249754401,98.76914534264958,0.2922087567684311,False
3316,0.603652249754401,98.76302083333333,0.2774123285468317,False
3317,0.603652249754401,98.75695125940464,0.26415895432771497,False
3318,0.603652249754401,98.36589030803907,0.2642583027318946,False
3319,0.6436394131461666,98.85350318471338,0.24314204232607223,False
3320,0.6807937753703206,98.84505703422053,0.22213037480901557,False
3321,0.6807937753703206,98.83659692631781,0.20363423624560884,False
3322,0.6807937753703206,98.828125,0.18579679868413534,False
3323,0.6807937753703206,98.81964346432214,0.1691716100851892,False
3324,0.7153220528038851,98.81115459882584,0.1533509253788465,False
3325,0.7473944462440387,98.80266075388026,0.1384031795195055,False
3326,0.7771529943226336,98.79416435093292,0.12441860945992315,False
3327,0.804717519321077,98.78566788266454,0.1131829279165321,False
3328,0.804717519321077,98.77717391304348,0.10380318683813125,False
3329,0.804717519321077,98.76868507727387,0.19232857362424266,False
3330,0.804717519321077,98.76020408163265,0.18806763016756398,False
3331,0.804717519321077,98.75173370319001,0.18483462804243067,False
3332,0.804717519321077,98.74327678940836,0.23132300756403026,False
3333,0.804717519321077,98.73483625761442,0.23094044741776976,False
3334,0.804717519321077,98.72641509433963,0.23091572892760434,False
3335,0.8301899714180443,98.71801635452387,0.23113479069343573,False
3336,0.8536576732793313,98.70964316057774,0.2314828858190985,False
3337,0.875195788740725,98.7012987012987,0.23182897522980467,False
3338,0.8948692308065574,98.69298623063683,0.23196872133849294,False
3339,0.9127341558073343,98.68470906630581,0.2319780851197675,False
3340,0.9288391461883214,98.67647058823529,0.23185743632699712,False
3341,0.9432261548473415,98.66827423686085,0.23160574461364752,False
3342,0.9559312637896478,98.66012351124834,0.23122062946475738,False
3343,0.9669852958320848,98.65202196704942,0.23032456059164558,False
3344,0.976414308115487,98.64397321428571,0.22932654719417234,False
3345,0.9842399889605549,98.6359809149593,0.2522606671955543,False
3346,0.9904799742690308,98.6280487804878,0.2531923831921362,False
3347,0.995148095654003,98.62018056896258,0.25399518869207544,False
3348,0.9982545693874831,98.61238008222932,0.27597200830045565,False
3349,0.999806132804711,97.9787539477462,0.2267678705425435,False
3350,0.999806132804711,98.71824480369516,0.23426859848821133,False
3351,0.9982545693874831,98.71319267331324,0.24069714385480787,False
3352,0.995148095654003,98.05819615117088,0.21317148444606207,False
3353,0.9904799742690308,98.57987479712497,0.2288197723691849,False
3354,0.9842399889605549,98.57987479712497,0.24277831714897982,False
3355,0.976414308115487,98.57987479712497,0.2553221704146335,False
3356,0.9669852958320848,98.57987479712497,0.26665071683532066,False
3357,0.9559312637896478,98.57987479712497,0.27691453251955167,False
3358,0.9432261548473415,98.57987479712497,0.28623114869699773,False
3359,0.9288391461883214,98.57987479712497,0.2946948635637976,False
3360,0.9127341558073343,98.57987479712497,0.30136375820907446,False
3361,0.8948692308065574,98.57987479712497,0.30758476895117476,False
3362,0.875195788740725,98.57987479712497,0.31338475219191386,False
3363,0.8536576732793313,98.57987479712497,0.3179322238455178,False
3364,0.8301899714180443,98.57987479712497,0.3220065057844219,False
3365,0.804717519321077,98.1103640157663,0.3074070675757363,False
3366,0.7771529943226336,98.71319267331324,0.30920312973395014,False
3367,0.7473944462440387,98.71132524525454,0.31066989955251023,False
3368,0.7153220528038851,98.07602883050454,0.29315204728006794,False
3369,0.6807937753703206,98.8185997788512,0.2895424968309497,False
3370,0.6807937753703206,98.8185997788512,0.28577374044038023,False
3371,0.6807937753703206,98.31228539835884,0.281735548438647,False
3372,0.6807937753703206,98.94081359483211,0.3354167967905721,False
3373,0.6807937753703206,98.93964110929853,0.32798462850983634,False
3374,0.6807937753703206,98.93858984078848,0.32090998904350176,False
3375,0.6807937753703206,98.93766051832827,0.3142032478143805,False
3376,0.6807937753703206,98.93685378818856,0.30842548259937824,False
3377,0.7153220528038851,98.93617021276596,0.30332121031701126,False
3378,0.7473944462440387,98.93561026960641,0.2991351145794598,False
3379,0.7771529943226336,98.93517435057336,0.2965463024116963,False
3380,0.804717519321077,98.93486276116346,0.29555371203988745,False
3381,0.8301899714180443,98.9346757199719,0.294871328230824,False
3382,0.8536576732793313,98.93461335830943,0.29524819121646434,False
3383,0.875195788740725,98.9346757199719,0.296615273798242,False
3384,0.8948692308065574,98.93486276116346,0.29816128324854735,False
3385,0.9127341558073343,98.93517435057336,0.29984765854870493,False
3386,0.9127341558073343,98.93561026960641,0.3016381350951838,False
3387,0.9127341558073343,98.93617021276596,0.3034988832858155,False
3388,0.9127341558073343,98.93685378818856,0.30539859307156697,False
3389,0.8948692308065574,98.93766051832827,0.30730851555737076,False
3390,0.875195788740725,98.93858984078848,0.30920247216370433,False
3391,0.875195788740725,98.66479269149684,0.31163410174991457,False
3392,0.875195788740725,97.88814788814788,0.24159019946664023,False
3393,0.875195788740725,98.55089400490826,0.2406163267989019,False
3394,0.875195788740725,98.55275443510737,0.23937743837095946,False
3395,0.875195788740725,98.55477855477855,0.2378774842845563,False
3396,0.8948692308065574,98.55696497148843,0.23540112430943227,False
3397,0.9127341558073343,98.54749912147125,0.23231387261224962,False
3398,0.9288391461883214,98.53218580523462,0.32504127637622515,False
3399,0.9432261548473415,98.52278120550545,0.32357454858011564,False
3400,0.9432261548473415,98.5134328358209,0.3271237934066989,False
3401,0.9432261548473415,98.50414513997357,0.3251702379646476,False
3402,0.9559312637896478,98.49492263056092,0.3222958893484423,False
3403,0.9669852958320848,98.48576988567258,0.32020756590194377,False
3404,0.976414308115487,98.47669154533219,0.3181874455890437,False
3405,0.9842399889605549,98.4676923076923,0.31623343118586167,False
3406,0.9842399889605549,98.45877692498144,0.31434370968045305,False
3407,0.9842399889605549,98.44995019920319,0.3125168187577904,False
3408,0.9904799742690308,98.44121697758858,0.31076354521468436,False
3409,0.995148095654003,98.4325821478031,0.30909986579064447,False
3410,0.995148095654003,98.42405063291139,0.30753504219807687,False
3411,0.995148095654003,98.41562738610334,0.30607748824024944,False
3412,0.995148095654003,98.40731738518613,0.30473461816172503,False
3413,0.995148095654003,98.3991256268484,0.3035126900711889,False
3414,0.995148095654003,98.39105712070302,0.3024166465078026,False
3415,0.995148095654003,98.38311688311688,0.30144995439171535,False
3416,0.9982545693874831,98.3753099308365,0.30061444666559983,False
3417,0.999806132804711,98.36764127441982,0.31455965378437944,False
3418,0.999806132804711,97.45801476834608,0.21075612627759494,False
3419,0.9982545693874831,98.22847466458252,0.2661643225742712,False
3420,0.995148095654003,98.08975533167605,0.2586458797608162,False
3421,0.9904799742690308,98.19316688567675,0.2579661586099521,False
3422,0.9842399889605549,98.18553708102402,0.25585811822172244,False
3423,0.976414308115487,98.17808400689016,0.2603696014011529,False
3424,0.9669852958320848,98.170812824265,0.2643390858603965,False
3425,1.0652996405533381,98.16372863247864,0.26783971587674077,False
3426,1.129798482836793,98.156836461126,0.27093608283610676,False
3427,1.1808467161073357,98.15014126193999,0.2736856030227929,False
3428,1.222731822382257,98.14364790063453,0.27612618415767326,False
3429,1.2574580300524587,98.13736114874018,0.27708070835216336,False
3430,1.2861766890619075,98.13128567545529,0.277710355085678,False
3431,1.3096204968427199,98.12542603953646,0.2779205489682838,False
3432,1.3282820174272938,98.11978668125256,0.2778821789769329,False
3433,1.3425003133763334,98.11437191442677,0.2776360278226425,False
3434,1.374344879613302,98.10918591859186,0.2772206069292582,False
3435,1.4031633649036754,98.1042327312836,0.2766723438296308,False
3436,1.4291529843613586,98.09951624049758,0.2760257048126411,False
3437,1.4524737111892643,97.7763923524522,0.2584486912434531,False
3438,1.473256553252489,98.20883088031103,0.32402394144482377,False
3439,1.4916094114932357,97.42711319303642,0.2762071501723931,False
3440,1.5076213244090613,98.3455364686004,0.27333344106620217,False
3441,1.5213655983156218,98.34226862302484,0.2704514201390685,False
3442,1.532902144485799,98.01413427561837,0.26921143029111677,False
3443,1.542279235137156,98.44258813535325,0.26083239613757764,False
3444,1.5495348211113549,98.43215507411631,0.2528887314317331,False
3445,1.554697508762069,98.42180774748924,0.24538705110804798,False
3446,1.557787262784918,98.4115523465704,0.23833310508179092,False
3447,1.547393175014927,98.40139514605436,0.23173159314103872,False
3448,1.5342796921456783,98.39134249780638,0.22577421452207788,False
3449,1.5183593905083006,98.38140082401412,0.22172611148578808,False
3450,1.4995196245467155,98.37157660991858,0.21879317503310963,False
3451,1.4776169519137876,98.36187639612807,0.21645830677448766,False
3452,1.4738989153366922,98.35230677052127,0.2145283873671835,False
3453,1.4683074126843,98.34287435974692,0.213196687060927,False
3454,1.4608248015713592,98.33358582033026,0.21210801180118963,False
3455,1.4514270347987224,98.32444782939832,0.21124046392346557,False
3456,1.4400831784759722,98.31546707503828,0.21057056987590617,False
3457,1.4267547652077353,98.30665024630542,0.21007366338146907,False
3458,1.4113949465359856,97.35221674876847,0.07769646987888244,False
3459,1.3939473942522724,98.12961822660098,0.07656605010805896,False
3460,1.374344879613302,98.12961822660098,0.07524125286213593,False
3461,1.3425003133763334,98.12961822660098,0.07375450989420089,False
3462,1.30738316633364,98.12961822660098,0.07213451690352347,False
3463,1.2842839696213428,98.12961822660098,0.07040668973208242,False
3464,1.258887499344383,98.12961822660098,0.1272469983851577,False
3465,1.2310786130055862,98.12961822660098,0.12858218516803266,False
3466,1.200719639829801,98.12961822660098,0.12977019210331475,False
3467,1.1596780472087271,98.12961822660098,0.13080410264320882,False
3468,1.114696123966521,98.12961822660098,0.22222978576879,False
3469,1.0805333164475432,98.12961822660098,0.22211002006830358,False
3470,1.0434758622197662,98.12961822660098,0.2214821609670316,False
3471,0.9929563290994997,98.12961822660098,0.3470666019870316,False
3472,0.9752462395674342,98.12961822660098,0.34679278449223033,False
3473,0.9491912500871044,98.12961822660098,0.3464771167788657,False
3474,0.9129467467841514,98.12961822660098,0.3463079904922714,False
3475,0.8623538561746378,98.12961822660098,0.3751023726090051,False
3476,0.7771529943226336,98.12961822660098,0.379873786399477,False
3477,0.7771529943226336,98.12961822660098,0.38472860199197007,False
3478,0.7771529943226336,98.12961822660098,0.38965018348470337,False
3479,0.7771529943226336,98.12961822660098,0.39462339426140375,False
3480,0.7771529943226336,98.12961822660098,0.3996344625007257,False
3481,0.7771529943226336,98.12961822660098,0.4046708502711716,False
3482,0.7771529943226336,98.12961822660098,0.40972112804001737,False
3483,0.7771529943226336,98.12961822660098,0.4147748558675185,False
3484,0.7771529943226336,97.64978739853112,0.40591153655484447,False
3485,0.7771529943226336,97.9968944099379,0.410389318925674,False
3486,0.804717519321077,97.98861775941374,0.41489867103969397,False
3487,0.8301899714180443,97.98058860363182,0.41425470569110384,False
3488,0.8536576732793313,97.26565569262199,0.3834391702761176,False
3489,0.875195788740725,98.14668769716089,0.39287186620887576,False
3490,0.8948692308065574,98.14668769716089,0.4015475324893907,False
3491,0.9127341558073343,96.8727901312171,0.31000774992360436,False
3492,0.9288391461883214,98.09799624295555,0.3197160155937858,False
3493,0.9432261548473415,98.09799624295555,0.32852414792027695,False
3494,0.9559312637896478,98.09799624295555,0.3437469302985511,False
3495,0.9669852958320848,97.37789605510332,0.3301737157093998,False
3496,0.976414308115487,98.2780212899186,0.34126943471693616,False
3497,0.9842399889605549,98.28486785686442,0.35102667665654597,False
3498,0.9904799742690308,98.2919254658385,0.35955509216282017,False
3499,0.995148095654003,98.29918824893699,0.3655909588138921,False
3500,0.9982545693874831,98.30665024630542,0.3709735905021735,False
3501,0.999806132804711,98.31430541720941,0.37573437850497904,False
3502,0.999806132804711,98.32214765100672,0.3778828006473014,False
3503,0.9982545693874831,98.33017077798861,0.3794711212442781,False
3504,0.995148095654003,98.33836858006042,0.3805175457312466,False
3505,0.9904799742690308,98.34673480123243,0.38103880214834207,False
3506,0.9842399889605549,98.35526315789474,0.375504105125886,False
3507,0.976414308115487,98.05904662750056,0.43091348050684053,False
3508,0.9669852958320848,98.4689349112426,0.49505178030357666,False
3509,0.9559312637896478,98.4689349112426,0.5295096350222426,False
3510,0.9432261548473415,98.4689349112426,0.5599735385339616,False
3511,0.9432261548473415,98.4689349112426,0.5871027152636422,False
3512,0.9288391461883214,98.4689349112426,0.6113782136868868,False
3513,0.9127341558073343,98.4689349112426,0.6331653520516852,False
3514,0.8948692308065574,97.6775147928994,0.648974751798309,False
3515,0.875195788740725,98.62426035502959,0.6616341991247059,False
3516,0.8536576732793313,98.63184994483265,0.6729096920784811,False
3517,0.9436063339556555,98.63955529549445,0.6829200713499597,False
3518,0.9992889743797904,98.64737110028362,0.6922627527591516,False
3519,1.041018523939755,98.65529207634471,0.70106575578407,False
3520,1.0730208202534555,98.66331297161337,0.7085329647109513,False
3521,1.0972261621017099,98.67142857142858,0.7147843397019105,False
3522,1.114696123966521,98.67963370483425,0.7209901997437145,False
3523,1.1260528027543955,98.68792325056434,0.7261851342432625,False
3524,1.1316501862018717,98.69629214270695,0.7304638087973819,False
3525,1.1316501862018717,98.70473537604457,0.7347297358498724,False
3526,1.1260528027543955,98.3983286908078,0.7408707197025451,False
3527,1.114696123966521,97.5025942580422,0.715382157332807,False
3528,1.0972261621017096,97.26046350743687,0.6711502178309097,False
3529,1.0730208202534555,97.461086129367,0.6421383961621872,False
3530,1.041018523939755,97.461086129367,0.6128898759383126,False
3531,0.9992889743797904,97.461086129367,0.5834512445517737,False
3532,0.9436063339556555,97.461086129367,0.559114623100267,False
3533,0.9665364727522963,97.461086129367,0.5289310500341199,False
3534,0.9875245214535493,97.461086129367,0.4991171851061859,False
3535,1.006634797484697,97.461086129367,0.46972564129141775,False
3536,1.0239228180015463,97.461086129367,0.440827168858329,False
3537,1.0394364783172854,97.461086129367,0.4124884976335958,False
3538,1.0394364783172854,97.461086129367,0.3838198277744855,False
3539,1.0394364783172854,97.461086129367,0.3559801444632733,False
3540,1.0532169913190046,97.461086129367,0.32903946942987294,False
3541,1.065299640553338,97.461086129367,0.3030813374484145,False
3542,1.0757143856082798,97.461086129367,0.27820526848678934,False
3543,1.0844863484244938,97.461086129367,0.2545311103265839,False
3544,1.0916362019205925,97.461086129367,0.23220427382540632,False
3545,1.0971804769523517,97.461086129367,0.2879490194890701,False
3546,1.1011317995692318,97.461086129367,0.2717588398398603,False
3547,1.1034990673875957,97.461086129367,0.2576531701757619,False
3548,1.1042875713905729,97.461086129367,0.2456994049921754,False
3549,1.1034990673875957,97.461086129367,0.23591475484475447,False
3550,1.101131799569232,97.461086129367,0.23715621768705472,False
3551,1.0971804769523517,97.461086129367,0.23312940422561734,False
3552,1.0916362019205925,97.26046350743687,0.21749049450176472,False
3553,1.0844863484244938,97.53718436527153,0.2179874089350356,False
3554,1.0757143856082798,97.52089136490251,0.21848931000146252,False
3555,1.0652996405533381,97.5047311978692,0.21894375100637586,False
3556,1.0532169913190046,97.48871331828443,0.2192776118126636,False
3557,1.0394364783172854,97.47284730602684,0.2194493575511996,False
3558,1.0239228180015463,97.45714285714286,0.21955943587597512,False
3559,1.006634797484697,97.44160977362559,0.2780859648291064,False
3560,0.9875245214535493,97.42625795257374,0.2801012057162643,False
3561,0.9665364727522964,97.41109737473639,0.2874660029231342,False
3562,0.9436063339556555,97.39613809245172,0.2912324341208442,False
3563,0.9186594970880806,97.38139021699155,0.2940705294816406,False
3564,0.8916091590804429,97.36686390532545,0.29636503969718914,False
3565,0.8623538561746378,96.55685282962743,0.25838986508440903,False
3566,0.830774222099454,97.4656100478469,0.2663869730604036,False
3567,0.7967286463062392,97.4656100478469,0.270664917981861,False
3568,0.7600473303889541,97.4656100478469,0.2808028774281055,False
3569,0.720523936685393,97.4656100478469,0.3005061833801696,False
3570,0.677903479475398,97.12918660287082,0.30800241251298166,False
3571,0.6318640827062832,97.53289473684211,0.32004345970094233,False
3572,0.5140912790181235,97.52010220184864,0.33117318833748777,False
3573,0.4637773498877516,97.50755287009063,0.3414315951813874,False
3574,0.40907313904382653,97.49525616698293,0.35085452369219816,False
3575,0.3491843735073079,97.48322147651007,0.35319849119460855,False
3576,0.2829047929798921,97.47145812581411,0.36194410151411976,False
3577,0.208180945557171,97.45997536945812,0.36971067280643655,False
3578,0.2829047929798921,97.44878237340549,0.3766037387100079,False
3579,0.3491843735073079,96.65372670807453,0.3425578209037281,False
3580,0.40907313904382653,97.5442426132377,0.3468915675262635,False
3581,0.4637773498877516,97.09986746706167,0.34563226392074975,False
3582,0.5140912790181235,97.5988149996102,0.3466715496809725,False
3583,0.560576942614533,97.58922980588603,0.3478754350485592,False
3584,0.603652249754401,97.57994814174589,0.3666289997500291,False
3585,0.6436394131461666,96.78233438485805,0.3472911912473327,False
3586,0.6807937753703206,97.66521567075584,0.34811564086346775,False
3587,0.7153220528038851,97.15868618915711,0.35142579872025576,False
3588,0.7473944462440387,97.70478828650573,0.3497974998333638,False
3589,0.7771529943226336,96.8948538754765,0.33938559299515614,False
3590,0.804717519321077,97.77706955621066,0.33144176451751967,False
3591,0.8301899714180443,97.77706955621066,0.32394810204308866,False
3592,0.8536576732793313,97.77706955621066,0.31635952814671475,False
3593,0.875195788740725,97.77706955621066,0.30935568793220236,False
3594,0.8948692308065574,97.77706955621066,0.30296630666687924,False
3595,0.9127341558073343,97.22731256473588,0.3046482907225654,False
3596,0.9288391461883214,97.80097203410087,0.29777010293020195,False
3597,0.9432261548473415,97.79411764705883,0.29185364539055403,False
3598,0.9559312637896478,97.7875751503006,0.28625981778778553,False
3599,0.9559312637896478,97.78135048231512,0.28158331279066673,False
3600,0.9559312637896478,97.77544934311275,0.2768674797204831,False
3601,0.9669852958320848,97.76987718164189,0.2735830052734094,False
3602,0.976414308115487,97.76463918360736,0.27102222817307214,False
3603,0.9842399889605549,97.75974025974025,0.2691671258180626,False
3604,1.0916362019205925,96.98251321675478,0.243250698958329,False
3605,1.1655498193580116,97.83246414602347,0.23678287166492937,False
3606,1.2263714330738393,97.83933067987978,0.2298520396773394,False
3607,1.278417365535648,97.84650259067358,0.22322574746933158,False
3608,1.3237243701143493,97.85397337636144,0.2169315469086376,False
3609,1.3634806730596907,97.86173633440515,0.21099673043972342,False
3610,1.3984610270106808,97.869784575959,0.20720138180733808,False
3611,1.3993371806574677,97.87811104020422,0.20360137086281577,False
3612,1.3984610270106808,97.8867085087789,0.2011109866615498,False
3613,1.3958301562928708,97.89556962025317,0.19869399720812278,False
3614,1.3914372992027793,97.90468688460024,0.19635097532488038,False
3615,1.3852702053381705,97.91405269761606,0.19283381953600817,False
3616,1.3773114348674147,97.92365935524158,0.19104048147550187,False
3617,1.3675380544221296,97.93349906774394,0.18927195423772325,False
3618,1.3559212235520337,97.94356397371473,0.18845700974031293,False
3619,1.3424256522693587,97.95384615384616,0.18761837663348324,False
3620,1.3270089026073437,97.96433764444785,0.18811779378368906,False
3621,1.30962049684272,97.97503045066992,0.1884996138235309,False
3622,1.2902007807553537,97.98591655940032,0.18876250580317397,False
3623,1.2686794699537274,97.99698795180723,0.18890610682214976,False
3624,1.2449737775841292,98.00823661549981,0.1889310564090543,False
3625,1.2189859772419214,98.0196545562835,0.2132999878146138,False
3626,1.190600186419197,98.03123380948857,0.21231238871016098,False
3627,1.1596780472087271,98.04296645085344,0.21121409603524602,False
3628,1.1260528027543955,98.05484460694699,0.24697743997881538,False
3629,1.0895209637560108,98.06686046511628,0.2462225465999442,False
3630,1.0498302157100041,98.07900628294938,0.24550388173506457,False
3631,1.006661191043945,98.09127439724455,0.24507085655853048,False
3632,0.9595986573441049,98.10365723248022,0.24447139338617901,False
3633,0.908083119686079,98.11614730878188,0.24353465691406928,False
3634,0.8513226827573213,98.12873724938446,0.24230634141342336,False
3635,0.7881133310528374,98.14141978759083,0.24183049921269573,False
3636,0.7164037343212466,98.15418777322878,0.2410570123773461,False
3637,0.6318640827062832,98.1670341786108,0.24000979884952836,False
3638,0.5140912790181235,98.17995210400274,0.23871042515076324,False
3639,0.5140912790181235,98.1929347826087,0.2371784394748968,False
3640,0.5140912790181235,98.20597558508128,0.23543166210011438,False
3641,0.5140912790181235,98.21906802356722,0.2334864429587863,False
3642,0.5140912790181235,98.23220575530006,0.2313578940555447,False
3643,0.5140912790181235,98.24538258575198,0.22906010284803655,False
3644,0.5140912790181235,98.25859247135843,0.24656967683318837,False
3645,0.5140912790181235,97.59349593495935,0.35306499989633044,False
3646,0.560576942614533,98.22316986496091,0.3621924104874757,False
3647,0.560576942614533,98.23502984404082,0.3697448266022814,False
3648,0.603652249754401,97.48423667282339,0.3527136271932058,False
3649,0.6436394131461666,98.24306389433104,0.357698304283145,False
3650,0.6807937753703206,98.2567254028971,0.36142331805840905,False
3651,0.7153220528038851,98.27661295340012,0.36385860876874676,False
3652,0.7473944462440387,98.28405653971977,0.3654352804031274,False
3653,0.7771529943226336,98.28617224585415,0.36638091229364034,False
3654,0.804717519321077,98.28849350489442,0.3667734784753966,False
3655,0.8301899714180443,98.29101862666748,0.36669138153496567,False
3656,0.8536576732793313,98.29374578039649,0.3666504618163796,False
3657,0.875195788740725,98.29667299797806,0.36624916932840684,False
3658,0.8948692308065574,98.2997981774815,0.3655576850269385,False
3659,0.9127341558073343,98.30311908685833,0.364960488669159,False
3660,0.9288391461883214,98.3066333678504,0.3641374628503218,False
3661,0.9432261548473415,98.31033854008388,0.3631598967369972,False
3662,0.9559312637896478,98.31423200533625,0.3621006592991251,False
3663,0.9669852958320848,98.31831105196298,0.3610373243321587,False
3664,0.976414308115487,97.74968241485693,0.34668099582694817,False
3665,0.976414308115487,96.9589090689676,0.21146358814903327,False
3666,0.976414308115487,97.75531082626226,0.19292272677573988,False
3667,0.976414308115487,97.76750885194743,0.17575262454391763,False
3668,0.976414308115487,97.77990545149902,0.16037893818815896,False
3669,0.976414308115487,97.7924944812362,0.15438601566384183,False
3670,0.976414308115487,97.80526973175519,0.1500215830133574,False
3671,0.976414308115487,97.81822493626608,0.1439374829652946,False
3672,0.9842399889605549,97.83135377888081,0.19852088064612508,False
3673,0.9904799742690308,97.84464990283257,0.19914801162878032,False
3674,0.995148095654003,97.85810691860806,0.20245299941070138,False
3675,0.9982545693874831,97.87171841197451,0.2070600921356882,False
3676,0.999806132804711,97.88547795188443,0.20498647129587094,False
3677,0.999806132804711,97.89937909824175,0.2033507104147063,False
3678,0.9982545693874831,97.9134154095139,0.20848505792510855,False
3679,0.995148095654003,97.92758045017558,0.21243441557394896,False
3680,0.9904799742690308,97.94186779797053,0.21592440352845252,False
3681,0.9842399889605549,97.95627105097905,0.21896206135254218,False
3682,0.976414308115487,97.97078383447962,0.22153898562487734,False
3683,0.9669852958320848,97.98539980759436,0.22362798977526455,False
3684,0.9559312637896478,98.00011266970876,0.2251924324854491,False
3685,0.9432261548473415,98.01491616665731,0.2261885562916292,False
3686,0.9288391461883214,98.02980409666797,0.22656524430341474,False
3687,0.9127341558073343,98.04477031605843,0.2262634039478195,False
3688,0.8948692308065574,98.05980874467967,0.2252148913303861,False
3689,0.875195788740725,97.68393123652645,0.2185252604664399,False
3690,0.8536576732793313,97.6728760156984,0.21205738221621517,False
3691,0.8301899714180443,98.07639157592173,0.208170681600141,False
3692,0.804717519321077,97.22830850131464,0.147846443385257,False
3693,0.7771529943226336,98.0705292418379,0.13930276276136008,False
3694,0.7473944462440387,98.08568329718004,0.12803359556645735,False
3695,0.7153220528038851,98.10089020771514,0.11521475199152337,False
3696,0.6807937753703206,97.81021897810218,0.1138598478390586,False
3697,0.6436394131461666,97.83705452984114,0.11989069002229268,False
3698,0.603652249754401,98.12292180628553,0.1084115050899538,False
3699,0.560576942614533,98.11381416782767,0.13072997905254746,False
3700,0.5140912790181235,98.1049250535332,0.12496830017679615,False
3701,0.4637773498877516,98.09625668449198,0.11981149626904258,False
3702,0.40907313904382653,98.0878111312894,0.11557348506489164,False
3703,0.3491843735073079,98.07959031260002,0.11164827384143264,False
3704,0.2829047929798921,98.07159599403367,0.10848352783472834,False
3705,0.208180945557171,98.06382978723404,0.10599591973891369,False
3706,0.12068101401352381,98.05629314922996,0.10409720832726067,False
3707,0.12068101401352381,98.04898738203796,0.10262256496114051,False
3708,-0.0,98.04191363251482,0.1015333770609744,False
3709,-0.0,98.03507289245722,0.10077051843911979,False
3710,-0.0,98.0284659989457,0.10025890593617921,False
3711,-0.0,98.02209363492898,0.0999339366708742,False
3712,-0.0,98.01595633004409,0.09974185056406071,False
3713,-0.0,98.01005446166737,0.0996394454887652,False
3714,-0.0,98.00438825619058,0.09959334077449604,False
3715,-0.0,97.99895779051589,0.09957895704247698,False
3716,-0.0,97.993762993763,0.09957933922461358,False
3717,-0.0,97.81256479369686,0.0914448444675981,False
3718,-0.0,97.99958647782488,0.0913580054537907,False
3719,-0.0,97.59123332988732,0.0286935018303334,False
3720,-0.0,98.05644577690478,0.022400661922402032,False
3721,-0.0,98.05174724255231,0.017485403012816498,False
3722,-0.0,98.04727646454265,0.011498463031477292,False
3723,-0.0,98.04303278688525,0.009801374693782434,False
3724,-0.0,98.03901542232663,0.00826367650635186,False
3725,-0.0,98.03522345515627,0.006784465442069482,False
3726,-0.0,98.03165584415585,0.005199159312610534,False
3727,-0.0,98.0283114256825,0.005006745386921166,False
3728,-0.0,98.02518891687657,0.0050371277183963665,False
3729,-0.0,98.02228691898404,0.00508887318423191,False
3730,-0.0,98.01960392078416,0.005479887112345656,False
3731,-0.0,98.0171383021124,0.005637969520485629,False
3732,-0.0,98.01488833746899,0.005662462786276317,False
3733,-0.0,98.01285219970342,0.005631956279017752,False
3734,-0.0,98.01102796376526,0.005619360712212963,False
3735,-0.0,98.00941361051187,0.005694469057077605,False
3736,-0.0,98.00800703056342,0.005917867874810312,False
3737,-0.0,98.00680602819641,0.006770866993152983,False
3738,-0.0,98.00580832526622,0.007790639684826304,False
3739,-0.0,98.00501156515034,0.00842904757157541,False
3740,-0.0,98.00441331670345,0.008547176355043512,False
3741,-0.0,98.00401107821602,0.008557428146339297,False
3742,-0.0,98.00380228136882,0.008491505887684601,False
3743,-0.0,98.00378429517502,0.008374191953701324,False
3744,-0.0,98.00395442990302,0.008225259880698879,False
3745,-0.0,98.00430994097255,0.008060412517703973,False
3746,-0.0,98.00484803281745,0.007891696284509192,False
3747,-0.0,98.00556586270872,0.0077276421258409694,False
3748,-0.0,98.0064605445316,0.007784558968916398,False
3749,-0.0,98.00752915251125,0.007856470115921265,False
3750,-0.0,98.00876872488125,0.007723359201509909,False
3751,-0.0,98.01017626749046,0.007763198320685352,False
3752,-0.0,98.01174875734297,0.007909035270423666,False
3753,-0.0,98.01348314606741,0.00809296771120531,False
3754,-0.0,98.01537636331128,0.00825280535876825,False
3755,-0.0,98.0174253200569,0.008332883251033991,False
3756,-0.0,98.01962691185571,0.008280898367499812,False
3757,-0.0,98.02637362637363,0.007674762277015175,False
3758,-0.0,98.02884615384616,0.006673209538377194,False
3759,-0.0,98.02637362637363,0.00582562762931875,False
3760,-0.0,98.01962691185571,0.005567142395484497,False
3761,-0.0,98.0174253200569,0.005410358639184621,False
3762,-0.0,98.01537636331128,0.005331815329105075,False
3763,-0.0,98.01348314606741,0.1003767683648324,False
3764,-0.0,98.01174875734297,0.10095810929026637,False
3765,0.12068101401352381,98.01017626749046,0.10132285838453425,False
3766,0.208180945557171,98.00876872488125,0.10152729341566505,False
3767,0.2829047929798921,98.00752915251125,0.10162055618945258,False
3768,0.2829047929798921,98.0064605445316,0.1535559037303211,False
3769,0.2829047929798921,98.00556586270872,0.21101823489198018,False
3770,0.2829047929798921,98.00484803281745,0.35501093969060704,False
3771,0.2829047929798921,98.00430994097255,0.3686918977554936,False
3772,0.2829047929798921,98.00395442990302,0.38050005652581625,False
3773,0.2829047929798921,98.00378429517502,0.3906792729154291,False
3774,0.2829047929798921,98.00380228136882,0.3994270448622377,False
3775,0.2829047929798921,98.00401107821602,0.44415709473080717,False
3776,0.2829047929798921,98.00441331670345,0.45145824810954616,False
3777,0.2829047929798921,98.00501156515034,0.4579196848749588,False
3778,0.2829047929798921,98.00580832526622,0.46361631060258585,False
3779,0.2829047929798921,98.00680602819641,0.4686149012699782,False
3780,0.2829047929798921,98.00800703056342,0.4729756598977375,False
3781,0.2829047929798921,98.00941361051187,0.482634824161018,False
3782,0.2829047929798921,98.01102796376526,0.4858889825933221,False
3783,0.2829047929798921,97.56302521008404,0.5029909827366732,False
3784,0.3491843735073079,98.04466501240695,0.5059563499910872,False
3785,0.3491843735073079,98.03568750937173,0.5084611926739121,False
3786,0.3491843735073079,98.02677942212826,0.5153192644879748,False
3787,0.3491843735073079,98.01794494854768,0.5172173770502284,False
3788,0.3491843735073079,97.48296552425506,0.5056721845615642,False
3789,0.3491843735073079,97.33230926779314,0.48553625018484314,False
3790,0.3491843735073079,96.67972777892349,0.3935258570351605,False
3791,0.3491843735073079,97.46677740863787,0.3811801754680141,False
3792,0.3491843735073079,97.47277369600333,0.36957993502006314,False
3793,0.3491843735073079,97.47907949790795,0.375991541548266,False
3794,0.3491843735073079,97.48569628890871,0.3670837689022194,False
3795,0.3491843735073079,96.97128759645163,0.36681965011685014,False
3796,0.3491843735073079,97.4437037425857,0.3577947228088254,False
3797,0.3491843735073079,97.4437037425857,0.3496612113956871,False
3798,0.3491843735073079,97.4437037425857,0.34269419342235286,False
3799,0.3491843735073079,97.4437037425857,0.3368379672469887,False
3800,0.3491843735073079,97.4437037425857,0.3320683692321393,False
3801,0.3491843735073079,97.2819216182048,0.3192254865880918,False
3802,0.3491843735073079,97.43643955811618,0.31611802458654403,False
3803,0.3491843735073079,96.93429885300492,0.2729470227391589,False
3804,0.3491843735073079,97.38358264178868,0.27075428004355084,False
3805,0.3491843735073079,97.38358264178868,0.2669853400844667,False
3806,0.3491843735073079,97.21574034789987,0.26002497781313616,False
3807,0.3491843735073079,97.36632083000798,0.3570400445219577,False
3808,0.3491843735073079,97.37403928266438,0.485180553032813,False
3809,0.40907313904382653,97.3820868354837,0.5804497342257787,False
3810,0.4637773498877516,97.39046391752578,0.6574046148295931,False
3811,0.5140912790181235,97.39917075009423,0.7220208919479395,False
3812,0.5140912790181235,97.40820734341253,0.7770223650998657,False
3813,0.5140912790181235,96.93844492440604,0.8171594564155362,False
3814,0.5140912790181235,97.34341252699784,0.8581069554604851,False
3815,0.5140912790181235,96.53039268423883,0.8729584722668567,False
3816,0.5140912790181235,97.35290965598543,0.90548608051672,False
3817,0.560576942614533,97.37403928266438,0.9337552635926102,False
3818,0.603652249754401,97.39527960876036,0.9584579251102111,False
3819,0.6436394131461666,97.41662255161461,0.9800272559924633,False
3820,0.6807937753703206,97.43806009488667,0.9988097672647981,False
3821,0.7153220528038851,97.459584295612,1.0152307984756166,False
3822,0.7473944462440387,97.4811872909699,1.0293547004501102,False
3823,0.7771529943226336,97.50286130475497,1.0413796128201576,False
3824,0.804717519321077,97.52459865354739,1.0509710778861598,False
3825,0.8301899714180443,97.22164948453609,1.0595851386328206,False
3826,0.8301899714180443,97.59901498050482,1.0647275969125045,False
3827,0.8301899714180443,98.45577672891443,1.040943523805953,False
3828,0.8301899714180443,98.85632594710508,0.9918087922919013,False
3829,0.8536576732793313,98.85632594710508,0.942685630783189,False
3830,0.875195788740725,98.85632594710508,0.8935980766775088,False
3831,0.8948692308065574,98.85632594710508,0.8445697432648738,False
3832,0.9127341558073343,98.85632594710508,0.7960600857237828,False
3833,0.9288391461883214,98.85632594710508,0.7477150242281974,False
3834,0.9432261548473415,98.85632594710508,0.7009795420108027,False
3835,0.9559312637896478,98.85632594710508,0.6547695327105258,False
3836,0.9669852958320848,98.85632594710508,0.609118526769906,False
3837,0.976414308115487,98.85632594710508,0.5647270073317466,False
3838,0.9842399889605549,98.85632594710508,0.5212929362577443,False
3839,0.9904799742690308,98.85632594710508,0.4788038181114214,False
3840,0.995148095654003,98.85632594710508,0.4372291929091824,False
3841,0.9982545693874831,98.85632594710508,0.3965232017984672,False
3842,0.999806132804711,98.85632594710508,0.3566170159371465,False
3843,0.999806132804711,98.85632594710508,0.31740618935763915,False
3844,0.9982545693874831,98.85632594710508,0.2806443010068069,False
3845,0.9982545693874831,98.85632594710508,0.24493400961016534,False
3846,0.995148095654003,98.85632594710508,0.2137140631046565,False
3847,0.9904799742690308,98.85632594710508,0.18414933535222897,False
3848,0.9842399889605549,98.85632594710508,0.1562776469891767,False
3849,0.976414308115487,98.85632594710508,0.13014367761753842,False
3850,0.9669852958320848,98.85632594710508,0.10580041641303159,False
3851,0.9559312637896478,98.85632594710508,0.08331048029758197,False
3852,0.9432261548473415,98.85632594710508,0.06274586912174383,False
3853,0.9288391461883214,98.85632594710508,0.04417990659286132,False
3854,0.9127341558073343,98.85632594710508,0.027638276239369482,False
3855,0.8948692308065574,98.85632594710508,0.012712504929539925,False
3856,0.875195788740725,98.85632594710508,0.002985517600690209,False
3857,0.8536576732793313,98.85632594710508,2.842170943040401e-14,False
3858,0.8301899714180443,98.85632594710508,2.842170943040401e-14,False
3859,0.804717519321077,98.85632594710508,2.842170943040401e-14,False
3860,0.7771529943226336,98.85632594710508,2.842170943040401e-14,False
3861,0.7473944462440387,98.85632594710508,2.842170943040401e-14,False
3862,0.7153220528038851,98.85632594710508,2.842170943040401e-14,False
3863,0.6807937753703206,98.85632594710508,2.842170943040401e-14,False
3864,0.6436394131461666,98.85632594710508,2.842170943040401e-14,False
3865,0.603652249754401,98.85632594710508,2.842170943040401e-14,False
3866,0.560576942614533,98.85632594710508,2.842170943040401e-14,False
3867,0.5140912790181235,98.85632594710508,2.842170943040401e-14,False
3868,0.4637773498877516,98.85632594710508,2.842170943040401e-14,False
3869,0.40907313904382653,98.85632594710508,2.842170943040401e-14,False
3870,0.40907313904382653,98.85632594710508,2.842170943040401e-14,False
3871,0.40907313904382653,98.85632594710508,2.842170943040401e-14,False
3872,0.40907313904382653,98.85632594710508,2.842170943040401e-14,False
3873,0.3491843735073079,98.85632594710508,2.842170943040401e-14,False
3874,0.2829047929798921,98.85632594710508,2.842170943040401e-14,False
3875,0.208180945557171,98.85632594710508,2.842170943040401e-14,False
3876,0.12068101401352381,98.85632594710508,2.842170943040401e-14,False
3877,-0.0,98.85632594710508,2.842170943040401e-14,False
3878,-0.0,98.85632594710508,2.842170943040401e-14,False
3879,0.12068101401352381,98.85632594710508,2.842170943040401e-14,False
3880,0.208180945557171,98.85632594710508,2.842170943040401e-14,False
3881,0.2829047929798921,98.85632594710508,2.842170943040401e-14,False
3882,0.3491843735073079,98.85632594710508,2.842170943040401e-14,False
3883,0.40907313904382653,98.85632594710508,2.842170943040401e-14,False
3884,0.4637773498877516,98.85632594710508,2.842170943040401e-14,False
3885,0.5140912790181235,98.85632594710508,2.842170943040401e-14,False
3886,0.560576942614533,98.85632594710508,2.842170943040401e-14,False
3887,0.603652249754401,98.85632594710508,2.842170943040401e-14,False
3888,0.6436394131461666,98.85632594710508,2.842170943040401e-14,False
3889,0.6807937753703206,98.85632594710508,2.842170943040401e-14,False
3890,0.7153220528038851,98.85632594710508,2.842170943040401e-14,False
3891,0.7473944462440387,98.85632594710508,2.842170943040401e-14,False
3892,0.7771529943226336,98.85632594710508,2.842170943040401e-14,False
3893,0.804717519321077,98.85632594710508,2.842170943040401e-14,False
3894,0.8301899714180443,98.85632594710508,2.842170943040401e-14,False
3895,0.8536576732793313,98.85632594710508,2.842170943040401e-14,False
3896,0.875195788740725,98.85632594710508,2.842170943040401e-14,False
3897,0.8948692308065574,98.85632594710508,2.842170943040401e-14,False
3898,0.9127341558073343,98.85632594710508,2.842170943040401e-14,False
3899,0.9288391461883214,98.85632594710508,2.842170943040401e-14,False
3900,0.9432261548473415,98.85632594710508,2.842170943040401e-14,False
3901,0.9559312637896478,98.85632594710508,2.842170943040401e-14,False
3902,0.9669852958320848,98.85632594710508,2.842170943040401e-14,False
3903,0.976414308115487,98.85632594710508,2.842170943040401e-14,False
3904,0.9842399889605549,98.85632594710508,2.842170943040401e-14,False
3905,0.9904799742690308,98.85632594710508,2.842170943040401e-14,False
3906,0.995148095654003,98.85632594710508,2.842170943040401e-14,False
3907,0.9982545693874831,98.85632594710508,2.842170943040401e-14,False
3908,0.9982545693874831,98.85632594710508,2.842170943040401e-14,False
3909,0.999806132804711,98.85632594710508,2.842170943040401e-14,False
3910,0.999806132804711,98.85632594710508,2.842170943040401e-14,False
3911,0.9982545693874831,98.85632594710508,2.842170943040401e-14,False
3912,0.995148095654003,98.85632594710508,2.842170943040401e-14,False
3913,0.9904799742690308,98.85632594710508,2.842170943040401e-14,False
3914,0.9842399889605549,98.85632594710508,2.842170943040401e-14,False
3915,0.9842399889605549,98.85632594710508,2.842170943040401e-14,False
3916,0.9842399889605549,98.85632594710508,2.842170943040401e-14,False
3917,0.9842399889605549,98.85632594710508,2.842170943040401e-14,False
3918,0.9842399889605549,98.85632594710508,2.842170943040401e-14,False
3919,0.9842399889605549,98.85632594710508,2.842170943040401e-14,False
3920,0.9842399889605549,98.85632594710508,2.842170943040401e-14,False
3921,0.976414308115487,98.85632594710508,2.842170943040401e-14,False
3922,0.9669852958320848,98.85632594710508,2.842170943040401e-14,False
3923,0.9669852958320848,98.85632594710508,2.842170943040401e-14,False
3924,0.9669852958320848,98.85632594710508,0.1860916370532422,False
3925,0.9669852958320848,98.85632594710508,0.18672252711027862,False
3926,0.9559312637896478,98.85632594710508,0.1876374404148936,False
3927,0.9432261548473415,98.85632594710508,0.19409961044632662,False
3928,0.9288391461883214,98.85632594710508,0.1978023171534924,False
3929,0.9127341558073343,98.85632594710508,0.20124549150765536,False
3930,0.8948692308065574,98.85632594710508,0.2044473947650464,False
3931,0.875195788740725,98.85632594710508,0.20742427462006588,False
3932,0.8536576732793313,98.85632594710508,0.21019069957230013,False
3933,0.8536576732793313,98.85632594710508,0.21275982607041,False
3934,0.8536576732793313,98.85632594710508,0.2151436144028288,False
3935,0.9436063339556555,98.85632594710508,0.21735300499716473,False
3936,0.9992889743797903,98.85632594710508,0.21939806377145277,False
3937,1.041018523939755,98.85632594710508,0.221288103029979,False
3938,1.0730208202534555,98.85632594710508,0.22303178284120945,False
3939,1.0972261621017099,98.85632594710508,0.2246371966950851,False
3940,1.1461683299371317,98.85632594710508,0.22611194439015983,False
3941,1.1906001864191973,98.85632594710508,0.22746319446482802,False
3942,1.2310786130055862,98.85632594710508,0.22869773800359539,False
3943,1.2680160454788014,98.85632594710508,0.2834075666283393,False
3944,1.301728854068539,98.02409884611457,0.21638240942961315,False
3945,1.3324661355215683,98.89717144899419,0.24573598210340272,False
3946,1.3604279187829045,98.91271212275176,0.27001658082858343,False
3947,1.3857772327036844,98.60970677451972,0.2870634540418242,False
3948,1.408648411160687,98.99396378269617,0.30339489587098256,False
3949,1.4291529843613586,98.99396378269617,0.30537604760480547,False
3950,1.4473839613746429,98.99396378269617,0.3154423629645094,False
3951,1.4634190046135478,98.99396378269617,0.3241044874936064,False
3952,1.477322818602089,98.99396378269617,0.33154202531514415,False
3953,1.489148966540959,98.99396378269617,0.33790270349213175,False
3954,1.498941259446481,98.99396378269617,0.34331084046515764,False
3955,1.506734817815005,98.99396378269617,0.34678373847805244,False
3956,1.5125568756434098,98.99396378269617,0.34965001229296677,False
3957,1.5164273757656148,98.99396378269617,0.3519917544068337,False
3958,1.5183593905083006,98.99396378269617,0.3535809416612236,False
3959,1.5183593905083006,98.99396378269617,0.3874455148341614,False
3960,1.5164273757656148,98.99396378269617,0.44469762972526056,False
3961,1.5125568756434098,98.99396378269617,0.47328558617947464,False
3962,1.5067348178150048,98.99396378269617,0.4990550661928759,False
3963,1.498941259446481,98.14386317907444,0.49541094992798423,False
3964,1.4891489665409592,99.01911468812877,0.6060653794949725,False
3965,1.477322818602089,99.3994595135622,0.6124918252508292,False
3966,1.4634190046135478,99.3994595135622,0.618405087967924,False
3967,1.447383961374643,99.3994595135622,0.623835934569736,False
3968,1.4291529843613586,99.3994595135622,0.6943337415048585,False
3969,1.4031633649036752,99.1736786416083,0.7014027312490329,False
3970,1.3819829643540342,99.34564269047378,0.7038598355296779,False
3971,1.3584547364298434,99.34126538324057,0.7205066074889672,False
3972,1.3324661355215683,99.33689729618587,0.7205706957497998,False
3973,1.3038818925522597,99.33253996999017,0.7206557879577711,False
3974,1.272538115441929,99.32819497968961,0.7213952203759798,False
3975,1.2382339767869435,99.32386393416846,0.7226102602689898,False
3976,1.2057219651274376,99.31954847557759,0.7658762213908301,False
3977,1.17027775595384,99.31525027867721,0.7655380690125457,False
3978,1.1316501862018717,99.31097105010149,0.7651144164141035,False
3979,1.0895209637560108,98.40828971263754,0.7485222223841704,False
3980,1.0434758622197662,98.12436179932284,0.7157863897095097,False
3981,0.9929563290994997,98.34540932194226,0.6968587763080933,False
3982,0.9522481488898977,98.34085840178426,0.6782321018157805,False
3983,0.9080831196860789,98.33643427820948,0.6600287577394514,False
3984,0.8513226827573213,97.44445660501259,0.5592987542035174,False
3985,0.7881133310528374,98.30360074422677,0.5400603577651538,False
3986,0.7164037343212466,98.30360074422677,0.5219359231457619,False
3987,0.6669740736911405,98.30360074422677,0.5051132293100328,False
3988,0.6131379016405238,97.44992886067637,0.3914112233996032,False
3989,0.5541015302865538,98.34190653387326,0.37895731705219265,False
3990,0.48865925334338955,98.35003267262034,0.36425299088941326,False
3991,0.41475814399911126,98.01690507152145,0.3221818634302298,False
3992,0.32806688317929317,98.41509433962264,0.3504486142970637,False
3993,0.208180945557171,98.41509433962264,0.3453747044665541,False
3994,0.12068101401352381,98.41509433962264,0.339904455365136,False
3995,-0.0,98.41509433962264,0.3346125065723931,False
3996,-0.0,97.54177897574124,0.21507804440810893,False
3997,-0.0,98.44204851752022,0.21430122798968568,False
3998,-0.0,98.4500697200472,0.21526389036332758,False
3999,-0.0,98.45817328211695,0.21644700547344486,False
4000,-0.0,98.4663553385693,0.2184710226183851,False
4001,-0.0,98.4746120553151,0.22114554698910216,False
4002,-0.0,98.48293963254594,0.22373120446324551,False
4003,-0.0,98.49133430778868,0.2263729963120474,False
4004,-0.0,98.49979235880399,0.22876989877417786,False
4005,-0.0,98.50831010632807,0.23064067139389566,False
4006,-0.0,98.51688391665812,0.23171841287904765,False
4007,-0.0,98.52551020408163,0.23076487715308544,False
4008,-0.0,98.53418543315074,0.22848973064428416,False
4009,-0.0,98.54290612080266,0.22460154296025725,False
4010,-0.0,98.27038475114719,0.22696695711823991,False
4011,-0.0,98.49218356026223,0.2260696365917559,False
4012,-0.0,97.60926222935043,0.1649618054789924,False
4013,-0.0,98.49073520621637,0.1629980267259382,False
4014,-0.0,98.5001485001485,0.16090425779909084,False
4015,-0.0,98.50959173635022,0.1604600711996544,False
4016,-0.0,98.51906158357771,0.16002982854823228,False
4017,-0.0,98.52855477855478,0.15962791551165606,False
4018,-0.0,98.53806812699025,0.15926961009460983,False
4019,-0.0,98.54759850445787,0.16048310328234835,False
4020,-0.0,98.55714285714286,0.16171324660416522,False
4021,-0.0,98.56669820245979,0.1624412095002051,False
4022,-0.0,98.5762616295461,0.16360834833964413,False
4023,-0.0,98.58583029963596,0.16313171131902093,False
4024,-0.0,98.5954014463193,0.16245084130309778,False
4025,-0.0,98.60497237569061,0.16157334353467812,False
4026,-0.0,98.61454046639231,0.16050750257040364,False
4027,-0.0,98.62410316955771,0.16067571169711412,False
4028,-0.0,98.633658008658,0.16066997424586124,False
4029,-0.0,98.64320257925846,0.1604881777467623,False
4030,-0.0,98.6527345486883,0.16012784054577106,False
4031,-0.0,98.66225165562913,0.15958607387148196,False
4032,-0.0,98.6717517096265,0.15885953622221824,False
4033,-0.0,98.68123259052925,0.1579443785983555,False
4034,-0.0,98.69069224786104,0.156836178668739,False
4035,-0.0,98.7001287001287,0.15552986138845573,False
4036,-0.0,98.70954003407155,0.15401960282432078,False
4037,-0.0,98.71892440385591,0.15229871291587552,False
4038,-0.0,98.72828003021908,0.15003543016200233,False
4039,-0.0,98.7376051995667,0.14895238504797692,False
4040,-0.0,98.74689826302729,0.1473240103706658,False
4041,-0.0,98.75615763546799,0.1457411148304152,False
4042,-0.0,98.76538179447478,0.14379735386815032,False
4043,-0.0,98.77456927930115,0.14318698242599284,False
4044,-0.0,98.78371868978806,0.14231987568620205,False
4045,-0.0,98.79282868525897,0.14121591330777533,False
4046,-0.0,98.80189798339265,0.13989262024624285,False
4047,-0.0,98.81092535907699,0.13836545466043929,False
4048,-0.0,98.81990964324662,0.13664803835723752,False
4049,-0.0,98.82884972170686,0.1347523414466714,False
4050,-0.0,98.83774453394706,0.13268882968391932,False
4051,-0.0,98.84659307194518,0.13046658060601904,False
4052,-0.0,98.85539437896645,0.12809337274893814,False
4053,-0.0,98.86414754835808,0.12557575075760607,False
4054,-0.0,98.87285172234209,0.12291906792975124,False
4055,-0.0,98.88150609080841,0.12012750654107453,False
4056,-0.0,98.89010989010988,0.11720407506786581,False
4057,-0.0,98.898662401861,0.11318700249431704,False
4058,-0.0,98.89994950587896,0.1095671448249258,False
4059,-0.0,98.93708395963067,0.1037401528989428,False
4060,-0.0,98.93995446784291,0.09805623551961552,False
4061,-0.0,98.942865224155,0.09249294173969681,False
4062,-0.0,98.94581488509382,0.08707673100287429,False
4063,-0.0,98.94880212334986,0.0818044231779084,False
4064,-0.0,98.95182562821047,0.07667119328559745,False
4065,-0.0,98.95488410596026,0.07167023918582323,False
4066,-0.0,98.95797628024954,0.06679234651327633,False
4067,-0.0,98.96110089243136,0.06339942692590049,False
4068,-0.0,98.9642567018684,0.058947241999889925,False
4069,-0.0,98.96744248621015,0.05586503811937739,False
4070,-0.0,98.9706570416416,0.05285276700361753,False
4071,-0.0,98.97389918310421,0.04990138369166661,False
4072,-0.0,98.9771677444899,0.04700093657337584,False
4073,-0.0,98.98046157880934,0.044140267329366996,False
4074,-0.0,98.98377955833496,0.04018105232617524,False
4075,-0.0,98.98712057472008,0.040123612851319185,False
4076,-0.0,98.99048353909465,0.04008052496363773,False
4077,-0.0,98.95089142048015,0.04269387985889492,False
4078,-0.0,98.95960832313341,0.04268540594750951,False
4079,-0.0,98.95551257253385,0.04318046135760927,False
4080,-0.0,98.95419773409509,0.04316719488541631,False
4081,-0.0,98.94971561530507,0.04493830118205676,False
4082,-0.0,98.94852631919505,0.045000047843812,False
4083,-0.0,98.94740251327892,0.04870226133957928,False
4084,-0.0,98.9463446263576,0.051945582492556146,False
4085,-0.0,98.94535306334372,0.05481706168818361,False
4086,-0.0,98.94442820487836,0.059096386420974624,False
4087,-0.0,98.89481211806007,0.0614247214556937,False
4088,-0.0,98.97530984678443,0.06455740504508223,False
4089,0.12068101401352381,99.01418532014576,0.06620263750720409,False
4090,0.208180945557171,99.01354343013413,0.06767154875389819,False
4091,0.2829047929798921,99.01296501400742,0.0689748968730964,False
4092,0.3491843735073079,99.01245029659084,0.0688638977026613,False
4093,0.40907313904382653,99.01199947828356,0.07124466514977909,False
4094,0.4637773498877516,98.97246868475992,0.07394400517248764,False
4095,0.5140912790181235,99.04718397180709,0.07525943306728705,False
4096,0.560576942614533,99.04727723579889,0.07613968942230805,False
4097,0.603652249754401,99.0474326352189,0.07664328419670555,False
4098,0.6436394131461666,99.01154824818947,0.07794297201797558,False
4099,0.6436394131461666,99.01807268219481,0.07878074781711641,False
4100,0.6807937753703206,98.96285183131666,0.07972155222226036,False
4101,0.7153220528038851,99.03814802738833,0.07953867471752904,False
4102,0.7473944462440387,98.99563033979,0.08013919070581682,False
4103,0.7771529943226336,99.06731020088704,0.07844228219780244,False
4104,0.7771529943226336,99.06770544707761,0.18879831204061823,False
4105,0.7771529943226336,99.06816108432164,0.18813858500032396,False
4106,0.7771529943226336,99.09147155557002,0.18697537813903145,False
4107,0.7771529943226336,99.09156030216202,0.1858787588712355,False
4108,0.7771529943226336,99.09170817462643,0.18487897637707768,False
4109,0.7771529943226336,99.09191511521938,0.1839551828909299,False
4110,0.7771529943226336,99.09218104317834,0.18310894121799265,False
4111,0.7771529943226336,99.09250585480093,0.18232656534915925,False
4112,0.7771529943226336,99.06362779204734,0.1821021078354107,False
4113,0.7771529943226336,99.11607955284025,0.18093497813313536,False
4114,0.7771529943226336,99.116825767907,0.17988054256181898,False
4115,0.7771529943226336,99.13384805034711,0.1785176687495365,False
4116,0.7771529943226336,99.13114486362895,0.17738345235839117,False
4117,0.7771529943226336,99.12846148786424,0.17646078421131928,False
4118,0.7771529943226336,99.12579886751217,0.1757622273262493,False
4119,0.7771529943226336,99.12315796492632,0.17520945808786942,False
4120,0.7771529943226336,99.1205397603303,0.1747641818053491,False
4121,0.7771529943226336,99.11794525177424,0.1744147396862576,False
4122,0.7771529943226336,99.11537545507127,0.1741496615067171,False
4123,0.7771529943226336,99.11283140371309,0.17395367684260743,False
4124,0.7771529943226336,98.30444611906556,0.021278528122594134,False
4125,0.7771529943226336,99.08885387408371,0.020150486603343332,False
4126,0.7771529943226336,99.08885387408371,0.019143700913481727,False
4127,0.7771529943226336,99.08885387408371,0.018274193962400244,False
4128,0.7771529943226336,99.08885387408371,0.017556989345270484,False
4129,0.7771529943226336,99.08885387408371,0.01710453591022657,False
4130,0.804717519321077,99.08885387408371,0.016900859445322488,False
4131,0.8301899714180443,99.08885387408371,0.017055742521909827,False
4132,0.8301899714180443,99.08885387408371,0.017375633907914006,False
4133,0.8301899714180443,99.08885387408371,0.017907790712655566,False
4134,0.8301899714180443,99.08885387408371,0.018511367513887513,False
4135,0.8301899714180443,99.08885387408371,0.01820839853067656,False
4136,0.8301899714180443,99.08885387408371,0.018357958214392144,False
4137,0.8301899714180443,99.08885387408371,0.01888892995440711,False
4138,0.8301899714180443,99.08885387408371,0.019612185767971694,False
4139,0.8301899714180443,99.08885387408371,0.020521161992716974,False
4140,0.8301899714180443,99.08885387408371,0.021602535635527293,False
4141,0.8301899714180443,99.08885387408371,0.02283869305889531,False
4142,0.8301899714180443,99.08885387408371,0.024209958076304876,False
4143,0.8301899714180443,99.08885387408371,0.02572375032069862,False
4144,0.8301899714180443,99.08885387408371,0.027310186143705926,False
4145,0.8301899714180443,99.08885387408371,0.028953412485912045,False
4146,0.8301899714180443,99.08885387408371,0.030623812380560715,False
4147,0.8301899714180443,99.08885387408371,0.03231181129957905,False
4148,0.8301899714180443,99.08885387408371,0.034008989908628114,False
4149,0.8301899714180443,99.08885387408371,0.035707882179541024,False
4150,0.804717519321077,99.08885387408371,0.037401809580411366,False
4151,0.7771529943226336,99.08885387408371,0.03908474692298515,False
4152,0.7473944462440387,99.08885387408371,0.040751214825283266,False
4153,0.7153220528038851,99.08885387408371,0.04239619403199397,False
4154,0.6807937753703206,99.08885387408371,0.04401505746781546,False
4155,0.6436394131461666,99.08885387408371,0.04599738903527022,False
4156,0.603652249754401,99.07119674055659,0.047771595986204195,False
4157,0.560576942614533,99.06376165947376,0.049362982245523136,False
4158,0.5140912790181235,99.05978108335673,0.050841242624534766,False
4159,0.4637773498877516,99.05580309781456,0.21434549911217918,False
4160,0.4637773498877516,99.05182861624012,0.2146586012651193,False
4161,0.40907313904382653,99.04785858005174,0.21488292185535646,False
4162,0.3491843735073079,99.04389395914819,0.2150235797936108,False
4163,0.2829047929798921,99.03993575235452,0.2150858363202244,False
4164,0.208180945557171,99.03598498785783,0.21507510283749215,False
4165,0.208180945557171,99.0320427236315,0.214996947933989,False
4166,0.208180945557171,99.0281100478469,0.2148571035176823,False
4167,0.208180945557171,99.02418807927059,0.21466537672128794,False
4168,0.208180945557171,99.0202779676464,0.2144280479374782,False
4169,0.208180945557171,99.01638089406,0.21415032551474703,False
4170,0.208180945557171,99.0124980712853,0.21383723590535234,False
4171,0.208180945557171,99.0086307441101,0.21349363039274266,False
4172,0.208180945557171,99.00478018964031,0.2131241900994781,False
4173,0.208180945557171,99.00094771758016,0.21273342940417678,False
4174,0.208180945557171,98.9971346704871,0.21614184219024143,False
4175,0.208180945557171,98.99334242399935,0.21578723666937283,False
4176,0.208180945557171,98.98957238703419,0.29367116046778113,False
4177,0.208180945557171,98.98582600195503,0.29344198523074605,False
4178,0.208180945557171,98.9821047447053,0.29318445418367683,False
4179,0.208180945557171,98.10786406173042,0.20633547679467987,False
4180,0.208180945557171,98.94516499753735,0.2059075077139283,False
4181,0.208180945557171,98.94516499753735,0.20553130942642947,False
4182,0.208180945557171,98.94516499753735,0.2052071663785601,False
4183,0.208180945557171,98.94516499753735,0.20493489472451037,False
4184,0.208180945557171,98.94516499753735,0.20471385362223246,False
4185,0.208180945557171,98.94516499753735,0.20454295840000275,False
4186,0.208180945557171,98.94516499753735,0.20442069547980468,False
4187,0.208180945557171,98.94516499753735,0.2043410348203953,False
4188,0.208180945557171,98.94516499753735,0.20430144988227125,False
4189,0.208180945557171,98.94516499753735,0.20430035682974174,False
4190,0.208180945557171,98.94516499753735,0.20426626268116346,False
4191,0.12068101401352381,98.94516499753735,0.20424364190279248,False
4192,-0.0,98.94516499753735,0.2042305316951951,False
4193,-0.0,98.94516499753735,0.2042253002553867,False
4194,-0.0,98.76818783068784,0.20018347622303329,False
4195,-0.0,98.91765881275498,0.20012747727840854,False
4196,-0.0,98.04346016151861,0.013979665655270273,False
4197,0.12068101401352381,98.87186745483307,0.012374206842908964,False
4198,0.208180945557171,98.87186745483307,0.011354457088639115,False
4199,0.2829047929798921,98.87186745483307,0.010980769220737648,False
4200,0.40238293904561173,98.87186745483307,0.011225599674902687,False
4201,0.48865925334338955,98.87186745483307,0.011973081725575131,False
4202,0.5621380056254565,98.87186745483307,0.013072952810210604,False
4203,0.6271502454482835,98.87186745483307,0.014392213223189676,False
4204,0.6857486151292824,98.87186745483307,0.015833692411050683,False
4205,0.7391385203526044,98.87186745483307,0.01683143449308778,False
4206,0.7881133310528374,98.87186745483307,0.01780442014245274,False
4207,0.8332341082038747,98.87186745483307,0.017553098429921705,False
4208,0.8749177494187964,98.87186745483307,0.017130080098571074,False
4209,0.9134853951751388,98.87186745483307,0.01648630938882671,False
4210,0.9491912500871044,98.87186745483307,0.01645331361954109,False
4211,0.9822408213425595,98.87186745483307,0.016445829640166186,False
4212,1.0128030232541478,98.87186745483307,0.01644575325071683,False
4213,1.041018523939755,98.87186745483307,0.016434933635443443,False
4214,1.0670056836533544,98.87186745483307,0.016395154639570586,False
4215,1.090864890696142,98.87186745483307,0.016307912447448485,False
4216,1.1126817966979572,98.87186745483307,0.016153972702225218,False
4217,1.132529774880598,98.87186745483307,0.015912656123833635,False
4218,1.1899285414712581,98.87186745483307,0.015560733697201493,False
4219,1.2407449439357603,98.87186745483307,0.01507067719619631,False
4220,1.2574580300524587,98.87186745483307,0.01440771706530006,False
4221,1.2722864781512913,98.87186745483307,0.0135244402874471,False
4222,1.2852748466470731,98.87186745483307,0.012349610745489131,False
4223,1.296460736137167,98.87186745483307,0.010760695363730251,False
4224,1.305875511291131,98.87186745483307,0.026780594525083395,False
4225,1.3135448704851067,98.87186745483307,0.22121034163856254,False
4226,1.3194892909924263,98.87186745483307,0.32325923316386135,False
4227,1.3237243701143493,98.87186745483307,0.3868058117316417,False
4228,1.3262610770456722,98.87186745483307,0.4389523550756133,False
4229,1.3271059259290725,98.87186745483307,0.48341418183544455,False
4230,1.3262610770456722,98.87186745483307,0.5221713523787481,False
4231,1.3237243701143493,98.87186745483307,0.5564319599458842,False
4232,1.3194892909924263,98.87186745483307,0.5870000823696403,False
4233,1.3135448704851067,98.87186745483307,0.6144447346205696,False
4234,1.305875511291131,98.87186745483307,0.7176261129838709,False
4235,1.296460736137167,98.87186745483307,0.7374031398885663,False
4236,1.2852748466470731,98.87186745483307,0.7547962758737797,False
4237,1.2722864781512913,98.87186745483307,0.7700616455695041,False
4238,1.2574580300524587,98.87186745483307,0.7834165994571566,False
4239,1.2407449439357603,98.87186745483307,0.7950490091377852,False
4240,1.2220947914756688,98.87186745483307,0.8051239853151398,False
4241,1.2014461200230289,98.87186745483307,0.8137888550330086,False
4242,1.1787269834988532,98.87186745483307,0.8211769305967015,False
4243,1.1538530565800798,98.87186745483307,0.8274104192655723,False
4244,1.1538530565800798,98.75828509103113,0.8322152500869384,False
4245,1.1538530565800798,97.88572866851246,0.807117763501923,False
4246,1.1538530565800798,97.7806898884004,0.7756160127958581,False
4247,1.1538530565800798,97.8488669279264,0.7489855964169063,False
4248,1.1538530565800798,97.83672418233324,0.7602470192490974,False
4249,1.1538530565800798,97.82458264855981,0.7334778640147511,False
4250,1.1538530565800798,97.81244552902214,0.7067440253995494,False
4251,1.1538530565800798,97.80031612223394,0.6801947830502922,False
4252,1.1538530565800798,97.78819782358666,0.6548952200221745,False
4253,1.1538530565800798,97.77609412603618,0.6292211702206841,False
4254,1.1538530565800798,96.89366253676798,0.5084356805393964,False
4255,1.1538530565800798,97.72707014885462,0.4794728937225227,False
4256,1.1538530565800798,97.72707014885462,0.45179713830430207,False
4257,1.1538530565800798,97.72707014885462,0.42546591589431054,False
4258,1.1261358508278747,97.72707014885462,0.4006162443109401,False
4259,1.090864890696142,97.72707014885462,0.3773929196300075,False
4260,1.046078320219219,97.72707014885462,0.4139286881200215,False
4261,1.066503202885787,97.72707014885462,0.44674136340905846,False
4262,1.0850365744330073,97.72707014885462,0.47651961359168654,False
4263,1.1017332648846088,97.72707014885462,0.5044708145288904,False
4264,1.1166404295430465,97.72707014885462,0.5304010447612658,False
4265,1.129798482836793,97.72707014885462,0.5403102789770593,False
4266,1.1412418450836315,97.72707014885462,0.5585617145364257,False
4267,1.150999540671385,97.72707014885462,0.5751927676471841,False
4268,1.1590956761386297,96.89366253676798,0.5227204533999866,False
4269,1.1655498193580116,97.78055085123451,0.5385532022280383,False
4270,1.170377295621679,97.79025058558359,0.5529967594076837,False
4271,1.173589412323443,97.79998246997984,0.5660342386718639,False
4272,1.175193620727556,97.6622012083005,0.5693432749345931,False
4273,1.175193620727556,97.7654364177016,0.5834477749009541,False
4274,1.173589412323443,97.76380153738644,0.5860568704362674,False
4275,1.170377295621679,97.76236587280816,0.5881619266361892,False
4276,1.2263714330738393,97.76112901820716,0.5898950384255702,False
4277,1.2734192269994746,97.76009046624912,0.5913054707168671,False
4278,1.3135448704851067,97.76359214868856,0.5923889913855683,False
4279,1.3135448704851067,97.77161189629759,0.5928190261632449,False
4280,1.3135448704851067,98.642277132629,0.5540788833244563,False
4281,1.347922583568817,98.64034514315597,0.5149447940924212,False
4282,1.3773114348674147,98.63853849499783,0.47527923604998074,False
4283,1.4022346182456082,98.64553939657044,0.43399293008095674,False
4284,1.4230670603378361,98.6482973745776,0.3911133055060251,False
4285,1.4400831784759722,98.45999476485473,0.370045166964322,False
4286,1.4534849141043304,98.60745036021788,0.33362194230052183,False
4287,1.4634190046135478,98.60226468506723,0.3628441712852994,False
4288,1.4699878894344567,97.72646850672328,0.3605105542699379,False
4289,1.473256553252489,98.54476291578203,0.39639718557490766,False
4290,1.473256553252489,98.54476291578203,0.3754959797821047,False
4291,1.469987889434457,98.54476291578203,0.3553726498971746,False
4292,1.4634190046135478,98.34350091285567,0.3483681151802479,False
4293,1.4534849141043307,97.47962773300084,0.32421694368441106,False
4294,1.4400831784759722,98.29006545843167,0.31951131774601027,False
4295,1.4230670603378361,98.29006545843167,0.3155275070604224,False
4296,1.402234618245608,98.29006545843167,0.3122073043228701,False
4297,1.3773114348674147,98.29006545843167,0.30957106784110644,False
4298,1.347922583568817,98.29006545843167,0.307598528714935,False
4299,1.3058755112911309,98.29006545843167,0.30656002962702655,False
4300,1.2583494426149708,98.29006545843167,0.30594219592295613,False
4301,1.2041517951932372,98.29006545843167,0.3057099844185562,False
4302,1.1412418450836315,98.29006545843167,0.30582932299948695,False
4303,1.065299640553338,98.29006545843167,0.3062137385024741,False
4304,0.9559312637896478,98.29006545843167,0.30641108647686877,False
4305,0.9559312637896478,98.08588847050386,0.30398438746125395,False
4306,0.9559312637896478,98.2221018907089,0.3040471527183582,False
4307,0.9559312637896478,97.36022742656017,0.22119557680627103,False
4308,0.9559312637896478,98.15892784621633,0.21997079249275048,False
4309,0.9559312637896478,97.34669013131176,0.06017747218809021,False
4310,0.9559312637896478,98.23563918595731,0.06122482833112779,False
4311,0.9559312637896478,98.2512634733217,0.06302415255952819,False
4312,0.9559312637896478,98.26233432332994,0.06490200248504835,False
4313,0.9559312637896478,98.26233432332994,0.06664383260483014,False
4314,1.065299640553338,98.26233432332994,0.06813975562751272,False
4315,1.1412418450836315,98.26233432332994,0.06928560390425294,False
4316,1.1412418450836315,98.26233432332994,0.06988995861545295,False
4317,1.1412418450836315,98.26233432332994,0.06994879806871804,False
4318,1.1412418450836315,98.26233432332994,0.0683443927845969,False
4319,1.1412418450836315,98.26233432332994,0.06749947224062883,False
4320,1.1412418450836315,98.26233432332994,0.06582114768931695,False
4321,1.1412418450836315,98.26233432332994,0.06357023808644675,False
4322,1.1412418450836315,98.26233432332994,0.06061053171354844,False
4323,1.1412418450836315,98.26233432332994,0.05729341527940905,False
4324,1.1412418450836315,98.26233432332994,0.05557109836715681,False
4325,1.1412418450836315,98.26233432332994,0.05373967019677204,False
4326,1.1412418450836315,98.26233432332994,0.05178673117266197,False
4327,1.1412418450836315,98.26233432332994,0.04969709896564979,False
4328,1.1412418450836315,98.26233432332994,0.04745181837198469,False
4329,1.1412418450836315,98.26233432332994,0.04502666257854628,False
4330,1.1412418450836315,98.26233432332994,0.04238976324372191,False
4331,1.1412418450836315,98.26233432332994,0.03949765404795107,False
4332,1.1412418450836315,98.26233432332994,0.03628819145472455,False
4333,1.1412418450836315,98.26233432332994,0.03266666608244482,False
4334,1.1412418450836315,98.26233432332994,0.028474794656807308,False
4335,1.1412418450836315,98.26233432332994,0.023406323211152026,False
4336,1.1412418450836315,98.26233432332994,0.0180505197475102,False
4337,1.129798482836793,98.26233432332994,0.010612888519753632,False
4338,1.1166404295430468,98.26233432332994,0.007112351555589132,False
4339,1.1017332648846088,98.26233432332994,0.0002933365078205653,False
4340,1.0850365744330075,98.26233432332994,8.251724395718798e-05,False
4341,1.066503202885787,98.26233432332994,0.0,False
4342,1.046078320219219,98.26233432332994,0.0,False
4343,1.0236982481827188,98.26233432332994,0.0,False
4344,0.9992889743797904,98.26233432332994,0.0,False
4345,0.9727642516015449,98.26233432332994,0.0,False
4346,0.9440231356865454,98.26233432332994,0.0,False
4347,0.9129467467841514,98.26233432332994,0.0,False
4348,0.8793939303559065,98.26233432332994,0.0,False
4349,0.8431953160789711,98.26233432332994,0.0,False
4350,0.804144968682279,98.26233432332994,0.0,False
4351,0.7619882811604883,98.26233432332994,0.0,False
4352,0.7164037343212466,98.26233432332994,0.0,False
4353,0.6669740736911405,98.26233432332994,0.0,False
4354,0.6131379016405238,98.26233432332994,0.0,False
4355,0.5541015302865538,98.26233432332994,0.0,False
4356,0.48865925334338955,98.26233432332994,0.17742637881664355,False
4357,0.41475814399911126,98.26233432332994,0.1783178912883373,False
4358,0.32806688317929317,98.26233432332994,0.17953484640356318,False
4359,0.208180945557171,98.26233432332994,0.17983794953712257,False
4360,0.208180945557171,98.26233432332994,0.1838989955096672,False
4361,0.208180945557171,98.26233432332994,0.18794687561732423,False
4362,0.208180945557171,98.26233432332994,0.1919753189212891,False
4363,0.208180945557171,98.26233432332994,0.19597818676111375,False
4364,0.32806688317929317,98.26233432332994,0.19994947589493703,False
4365,0.32806688317929317,98.26233432332994,0.20388332164201456,False
4366,0.41475814399911126,98.26233432332994,0.20777400111893843,False
4367,0.48865925334338955,98.26233432332994,0.2116159366462148,False
4368,0.5541015302865538,98.26233432332994,0.21540369939042794,False
4369,0.6131379016405238,98.26233432332994,0.21913201329848644,False
4370,0.6669740736911405,98.26233432332994,0.22279575937406274,False
4371,0.7164037343212466,98.26233432332994,0.22638998034194974,False
4372,0.7619882811604883,98.26233432332994,0.22990988574328364,False
4373,0.804144968682279,98.26233432332994,0.23335085750328602,False
4374,0.804144968682279,98.26233432332994,0.23670845601301949,False
4375,0.720523936685393,98.26233432332994,0.23997842676757505,False
4376,0.603652249754401,97.46885943525865,0.16626805030805503,False
4377,0.603652249754401,98.31552817057494,0.16650493674003075,False
4378,0.603652249754401,98.3309846750044,0.1712278799170382,False
4379,0.603652249754401,98.19327179666652,0.17158849731545828,False
4380,0.603652249754401,98.40952546497479,0.1760623524376842,False
4381,0.603652249754401,98.41605524384981,0.17997496585410772,False
4382,0.603652249754401,98.4226318045435,0.1833648947067604,False
4383,0.603652249754401,98.42925251149327,0.18626448769378987,False
4384,0.603652249754401,98.43591477849172,0.18870134282703102,False
4385,0.603652249754401,98.44261606917975,0.19069938593429142,False
4386,0.603652249754401,98.44935389745727,0.19227968867499984,False
4387,0.603652249754401,98.45612582781457,0.1921572464280969,False
4388,0.603652249754401,98.4629294755877,0.18795389854965475,False
4389,0.603652249754401,98.46976250714111,0.18574011277301763,False
4390,0.603652249754401,98.47662263998055,0.18286305901767186,False
4391,0.603652249754401,98.48350764279968,0.17960159851308177,False
4392,0.6436394131461666,98.49041533546325,0.23425528572348772,False
4393,0.6807937753703206,98.49734358893029,0.23147493359531127,False
4394,0.7153220528038851,98.50429032512005,0.22872611034140686,False
4395,0.7473944462440387,98.51125351672398,0.226018364775965,False
4396,0.7771529943226336,98.51823118696664,0.22336160191108187,False
4397,0.804717519321077,98.44050827878321,0.22327190345232995,False
4398,0.8301899714180443,98.5589786713554,0.21952218874704282,False
4399,0.8536576732793313,98.43554205430036,0.21986817719211416,False
4400,0.875195788740725,98.61938890984534,0.2137953799681475,False
4401,0.8948692308065574,98.62577697895604,0.20790275912882855,False
4402,0.9127341558073343,98.63217365447517,0.20221043581852383,False
4403,0.9288391461883214,98.63857733175915,0.19591284550801552,False
4404,0.9432261548473415,98.6449864498645,0.19006099159207956,False
4405,1.0532169913190046,98.65139949109415,0.18414206023990712,False
4406,1.129798482836793,98.65781498051668,0.17822895175182754,False
4407,1.193365482413587,98.66423148546053,0.17384789869982833,False
4408,1.193365482413587,98.51883653536547,0.17379310702078493,False
4409,1.193365482413587,98.63116511794139,0.17150958935268643,False
4410,1.193365482413587,98.62553996644175,0.16997236643898478,False
4411,1.193365482413587,98.62002567394094,0.16888949057474406,False
4412,1.2041517951932372,97.83778045155354,0.06635925326743895,False
4413,1.2041517951932372,98.5916976891199,0.06522879686290446,False
4414,1.2041517951932372,98.59891258887495,0.06435913678380539,False
4415,1.2041517951932372,98.60611510791367,0.06378438912133706,False
4416,1.2041517951932372,98.61330404338574,0.06352519367160095,False
4417,1.2041517951932372,98.62047823421214,0.06358785345415263,False
4418,1.2041517951932372,98.62763656030286,0.06396446686717408,False
4419,1.2041517951932372,98.63477794176842,0.06502266798597453,False
4420,1.2041517951932372,98.64190133812663,0.06647199194430835,False
4421,1.2041517951932372,98.64900574750611,0.06830188390192903,False
4422,1.2041517951932372,98.65609020584765,0.07049345657719233,False
4423,1.2041517951932372,98.52065196046344,0.07758080990293598,False
4424,1.2041517951932372,98.63734396444677,0.08399953077326855,False
4425,1.2041517951932372,98.625678119349,0.0909930117726624,False
4426,1.2132336634320215,98.613959642739,0.09825764966077766,False
4427,1.2041517951932372,98.6021899024861,0.10557668640008365,False
4428,1.193365482413587,98.59037032076608,0.11280272260324045,False
4429,1.180846716107336,98.57850237477683,0.11980640521916074,False
4430,1.1665620111568704,98.5665875974246,0.1264795804826621,False
4431,1.1504718163625702,98.55462757797852,0.1328202097231702,False
4432,1.132529774880598,98.54262396269117,0.13880307388915242,False
4433,1.1126817966979572,98.53057845538271,0.25438981567793856,False
4434,1.090864890696142,98.51849281798626,0.2576771465201416,False
4435,1.090864890696142,98.50636887105217,0.32718273293854805,False
4436,1.090864890696142,98.4942084942085,0.33757599478158873,False
4437,1.090864890696142,98.48201362657535,0.33812377185416415,False
4438,1.090864890696142,98.46978626713059,0.33838802810236335,False
4439,1.090864890696142,98.4575284750241,0.3383244504436466,False
4440,1.090864890696142,98.44524236983843,0.3380082820594811,False
4441,1.090864890696142,98.43293013179274,0.3858881664166413,False
4442,1.090864890696142,98.42059400188802,0.38524117523621293,False
4443,1.090864890696142,98.40823628199044,0.38385269611225364,False
4444,1.090864890696142,98.3958593348506,0.38223246465340355,False
4445,1.090864890696142,98.3834655840561,0.3850418495844758,False
4446,1.090864890696142,98.37105751391465,0.44222355662078,False
4447,1.090864890696142,98.35863766926549,0.4431300981337427,False
4448,1.090864890696142,98.34620865521639,0.44318545384701574,False
4449,1.090864890696142,98.33377313680401,0.44255593558162576,False
4450,1.090864890696142,98.32133383857521,0.44139367288221354,False
4451,1.090864890696142,98.30889354408684,0.43983883834568854,False
4452,1.090864890696142,98.29645509532195,0.4380211923177158,False
4453,1.0670056836533541,97.51550417272797,0.38653467365022737,False
4454,1.041018523939755,98.24286042416354,0.38433948082756825,False
4455,1.0128030232541478,97.519332363525,0.32701069034973623,False
4456,0.9822408213425595,98.00700242391598,0.3158968686700429,False
4457,0.9491912500871044,98.24554653533916,0.3147898868707772,False
4458,0.9134853951751389,98.24554653533916,0.37596254645930755,False
4459,0.8749177494187964,98.24554653533916,0.3754300878404975,False
4460,0.8332341082038748,98.24554653533916,0.37508984990715577,False
4461,0.7881133310528374,97.48105045555471,0.3248719923891467,False
4462,0.7391385203526044,98.21748238430776,0.32485840514403763,False
4463,0.6857486151292824,98.23039029935582,0.32514190437566215,False
4464,0.6271502454482835,98.24329927997888,0.32536082529623445,False
4465,0.5621380056254565,97.99072642967542,0.3218215490172517,False
4466,0.48865925334338955,97.25118127953199,0.31131563264902656,False
4467,0.40238293904561173,97.98187040698325,0.39063536799479043,False
4468,0.2829047929798921,98.0,0.4367318762039041,False
4469,0.2829047929798921,98.01808451743864,0.4774059549835868,False
4470,0.2829047929798921,98.03612069598414,0.5941362805346747,False
4471,0.2829047929798921,98.05410536307546,0.6221149094550309,False
4472,0.2829047929798921,98.07203543678744,0.6479028854891942,False
4473,0.208180945557171,97.86144797037252,0.7261656820091161,False
4474,0.208180945557171,98.03209643453634,0.7390213417235625,False
4475,0.208180945557171,98.03209643453634,0.7493314383691779,False
4476,0.208180945557171,98.03209643453634,0.7576156297073108,False
4477,0.208180945557171,98.03209643453634,0.7656339055612085,False
4478,0.208180945557171,97.12222422820004,0.7443984199589617,False
4479,0.208180945557171,98.04667863554758,0.7506264896553636,False
4480,0.208180945557171,98.04667863554758,0.7558998777783936,False
4481,0.208180945557171,98.04667863554758,0.7602855807438323,False
4482,0.208180945557171,98.04667863554758,0.7638503992536493,False
4483,0.208180945557171,98.04667863554758,0.7666617120353793,False
4484,0.208180945557171,98.04667863554758,0.7690403816914686,False
4485,0.208180945557171,97.82632244087381,0.7701840271312376,False
4486,0.12068101401352381,97.07528434735512,0.7438672913195828,False
4487,-0.0,96.88475782441363,0.7049539526092413,False
4488,-0.0,97.02457011427111,0.6769660169821591,False
4489,-0.0,97.00095440863373,0.6489126132489355,False
4490,-0.0,96.2484399089641,0.5440547718624357,False
4491,-0.0,96.93855076719771,0.5160796014628971,False
4492,-0.0,96.93855076719771,0.4839988253821086,False
4493,-0.0,96.21907348946479,0.35245910329361463,False
4494,-0.0,97.0229792232582,0.32514033591879976,False
4495,-0.0,97.04297159504735,0.3507891584822153,False
4496,-0.0,97.06647398843931,0.3328069259235696,False
4497,-0.0,97.06647398843931,0.31420890561591724,False
4498,-0.0,97.06647398843931,0.2969084664501019,False
4499,-0.0,97.06647398843931,0.28097445346019306,False
4500,-0.0,97.06647398843931,0.2665289064279513,False
4501,-0.0,97.06647398843931,0.25399165273304886,False
4502,-0.0,97.06647398843931,0.24316721573600683,False
4503,-0.0,97.06647398843931,0.23410151383792277,False
4504,-0.0,97.06647398843931,0.22676880713800263,False
4505,-0.0,97.06647398843931,0.22098870015832942,False
4506,-0.0,97.06647398843931,0.21663955822829434,False
4507,-0.0,97.06647398843931,0.2135599777219086,False
4508,-0.0,97.06647398843931,0.21157072708616947,False
4509,-0.0,97.06647398843931,0.20952384691004408,False
4510,-0.0,97.06647398843931,0.2083792767510727,False
4511,-0.0,96.8399259017108,0.20736425905474307,False
4512,-0.0,96.97998831434414,0.20751963207133253,False
4513,-0.0,96.95656962443555,0.20850430322678554,False
4514,-0.0,96.93312666076173,0.210308285056151,False
4515,-0.0,96.18762917035725,0.11360738890746527,False
4516,-0.0,96.87038677295541,0.11974082221039473,False
4517,-0.0,96.87038677295541,0.12659645922956392,False
4518,-0.0,96.87038677295541,0.13388157952835625,False
4519,-0.0,96.87038677295541,0.1416070166137687,False
4520,-0.0,96.87038677295541,0.14964873350586735,False
4521,-0.0,96.87038677295541,0.15740521394452714,False
4522,-0.0,96.87038677295541,0.1658932705725006,False
4523,-0.0,96.87038677295541,0.2643975699237212,False
4524,-0.0,96.87038677295541,0.26725325959445223,False
4525,-0.0,96.87038677295541,0.26712217577423225,False
4526,-0.0,96.87038677295541,0.31947208002022504,False
4527,-0.0,96.87038677295541,0.3621217150332755,False
4528,0.12068101401352381,96.87038677295541,0.3982542856980384,False
4529,0.208180945557171,96.87038677295541,0.4295677690132415,False
4530,0.2829047929798921,96.87038677295541,0.4571008119890361,False
4531,0.3491843735073079,96.62771285475793,0.4525379293709369,False
4532,0.3491843735073079,96.7743138424821,0.47406232977029583,False
4533,0.3491843735073079,96.7502530079838,0.4818664749123046,False
4534,0.3491843735073079,96.72619047619048,0.5059752506638051,False
4535,0.3491843735073079,96.70213168755443,0.5272196970392025,False
4536,0.3491843735073079,96.67808219178082,0.5459849246096943,False
4537,0.3491843735073079,96.65404764636152,0.5625708996569917,False
4538,0.3491843735073079,96.63003381494005,0.5772184571047965,False
4539,0.3491843735073079,96.60604656550446,0.590125979115603,False
4540,0.3491843735073079,96.58209186840472,0.6014605455716352,False
4541,0.3491843735073079,96.55817579419217,0.6113656515360348,False
4542,0.3491843735073079,96.5343045112782,0.6194836903848238,False
4543,0.40907313904382653,95.84169322160588,0.593959677992522,False
4544,0.4637773498877516,96.5301928548846,0.6009994548642841,False
4545,0.5140912790181235,96.79497312677837,0.6082655083595008,False
4546,0.560576942614533,97.52292485411456,0.5889261866216413,False
4547,0.603652249754401,97.52292485411456,0.5694013080274787,False
4548,0.6436394131461666,97.52292485411456,0.5496863469749906,False
4549,0.6807937753703206,97.52292485411456,0.5297829490279703,False
4550,0.7153220528038851,97.52292485411456,0.5097003156978118,False
4551,0.7473944462440387,96.79102118242176,0.5189609148787014,False
4552,0.7771529943226336,97.48613242063024,0.5030325928805044,False
4553,0.804717519321077,97.27443609022556,0.49850143459466395,False
4554,0.8301899714180443,97.58331709218476,0.47570617031164775,False
4555,0.8536576732793313,97.58331709218476,0.4530812952914902,False
4556,0.875195788740725,97.58331709218476,0.43082888372204825,False
4557,0.8948692308065574,97.58331709218476,0.4095584542186366,False
4558,0.9127341558073343,97.58331709218476,0.3893572105656325,False
4559,0.9288391461883214,97.58331709218476,0.3703196134916305,False
4560,0.9432261548473415,97.58331709218476,0.3525466205701976,False
4561,0.9559312637896478,97.58331709218476,0.3361440442201476,False
4562,0.9669852958320848,97.58331709218476,0.3208918700856048,False
4563,0.976414308115487,97.58331709218476,0.30733458910782563,False
4564,0.9842399889605549,97.58331709218476,0.29014514820474246,False
4565,0.9904799742690308,97.58331709218476,0.2836252794219527,False
4566,0.995148095654003,97.58331709218476,0.2791280522937111,False
4567,0.9982545693874831,97.58331709218476,0.2768349196324973,False
4568,0.999806132804711,97.58331709218476,0.27643369526634903,False
4569,0.999806132804711,97.58331709218476,0.2770556271579854,False
4570,0.9982545693874831,97.58331709218476,0.2785869683631193,False
4571,0.995148095654003,96.90508672773339,0.27561532853487475,False
4572,0.9904799742690308,97.65737672968233,0.2778281374142259,False
4573,0.9904799742690308,97.67613283674736,0.29791243070473017,False
4574,0.9904799742690308,97.69489169466003,0.31647116269847814,False
4575,0.9904799742690308,97.71364893944052,0.3328711615884675,False
4576,0.9842399889605549,97.73240029061986,0.34719733012912923,False
4577,0.976414308115487,97.75114155251141,0.359069123312229,False
4578,0.9669852958320848,97.76986861534967,0.3687981278343558,False
4579,0.9559312637896478,97.78857745629898,0.37662630752556503,False
4580,0.9432261548473415,97.80726414033509,0.3827477050558349,False
4581,0.9432261548473415,97.82592482100239,0.38732229023613524,False
4582,0.9432261548473415,97.8445557410499,0.3903107903997356,False
4583,0.9432261548473415,97.86315323294951,0.3922325183193562,False
4584,0.9432261548473415,97.6761261426631,0.4028567934956896,False
4585,0.9288391461883214,97.96231375985977,0.4036075637965941,False
4586,0.9288391461883214,97.97493116939575,0.3986026846081268,False
4587,0.9288391461883214,97.99108747214835,0.4006521617869239,False
4588,0.9288391461883214,98.00356506238859,0.40174663401551614,False
4589,0.9432261548473415,98.00356506238859,0.40249476957445984,False
4590,0.9559312637896478,98.00356506238859,0.40295381280104453,False
4591,0.9669852958320848,97.31550802139037,0.39316003755251994,False
4592,0.976414308115487,98.0463458110517,0.38875603921219215,False
4593,0.9669852958320848,98.28014184397163,0.3705599089332376,False
4594,0.9559312637896478,98.28014184397163,0.3525430131303711,False
4595,0.9432261548473415,98.28014184397163,0.33465840425946497,False
4596,0.9288391461883214,98.28014184397163,0.31717287161120533,False
4597,0.9127341558073343,98.28014184397163,0.30017084658010373,False
4598,0.9127341558073343,98.28014184397163,0.28374591609784583,False
4599,0.9127341558073343,98.28014184397163,0.26799876997477856,False
4600,0.9127341558073343,98.28014184397163,0.2530386080744254,False
4601,0.9127341558073343,98.28014184397163,0.2389894173013472,False
4602,0.9127341558073343,98.28014184397163,0.22785882561832466,False
4603,0.9127341558073343,98.28014184397163,0.21790464184559333,False
4604,0.9288391461883214,97.58156028368795,0.19806110188060405,False
4605,0.9288391461883214,98.33687943262412,0.18336406286628973,False
4606,0.9432261548473415,98.17649548532731,0.18088075364631065,False
4607,0.9432261548473415,98.40384480460254,0.16168454001297689,False
4608,0.9432261548473415,98.40384480460254,0.14299855805913705,False
4609,0.9432261548473415,98.40384480460254,0.22825658095642284,False
4610,0.9559312637896478,98.40384480460254,0.219392979596898,False
4611,0.9669852958320848,98.17649548532731,0.22084423553185303,False
4612,0.976414308115487,98.33687943262412,0.21732717909854155,False
4613,0.9842399889605549,98.32442067736186,0.2149118776271108,False
4614,0.9904799742690308,98.31194896423196,0.21341358366284732,False
4615,0.995148095654003,98.29946678195705,0.21348615982988672,False
4616,0.9982545693874831,98.28697667680719,0.2139352905999811,False
4617,0.999806132804711,98.27448125227521,0.21477006510813249,False
4618,0.999806132804711,98.26198316867911,0.21566526657504068,False
4619,0.9982545693874831,98.24948514268902,0.21652987970597587,False
4620,0.995148095654003,98.23698994677706,0.2172878302749898,False
4621,0.9904799742690308,98.22450040858777,0.2178699731897497,False
4622,0.9842399889605549,98.2120194102277,0.21812936895078053,False
4623,0.976414308115487,98.19954988747187,0.21802358629613952,False
4624,0.9669852958320848,98.18709482888588,0.21765219914045675,False
4625,0.9559312637896478,98.17465727486177,0.23101547711178452,False
4626,0.9432261548473415,98.16224031656647,0.23123302066391996,False
4627,0.9288391461883214,98.14984709480122,0.23134071098250408,False
4628,0.9127341558073343,98.13748079877112,0.2982867456397647,False
4629,0.8948692308065574,97.38095238095238,0.22942669954365055,False
4630,0.875195788740725,98.07603686635944,0.2289959561042822,False
4631,0.875195788740725,98.07603686635944,0.2473093114347523,False
4632,0.875195788740725,98.07603686635944,0.3534102510509443,False
4633,0.875195788740725,98.07603686635944,0.46834989031601154,False
4634,0.8948692308065574,98.07603686635944,0.5275617299085821,False
4635,0.8948692308065574,98.07603686635944,0.5779545894557649,False
4636,0.8948692308065574,98.07603686635944,0.6219625679539983,False
4637,0.875195788740725,98.07603686635944,0.6608526145679758,False
4638,0.8536576732793313,98.07603686635944,0.695582710547878,False
4639,0.8301899714180443,98.07603686635944,0.7267819115163701,False
4640,0.804717519321077,98.07603686635944,0.75644608911044,False
4641,0.7771529943226336,98.07603686635944,0.7833359828889471,False
4642,0.7771529943226336,98.07603686635944,0.8077047206337805,False
4643,0.7771529943226336,98.07603686635944,0.8298106442196229,False
4644,0.7771529943226336,98.07603686635944,0.8498448315378629,False
4645,0.7771529943226336,97.76251832420338,0.8643496258773204,False
4646,0.7473944462440387,97.99658994032396,0.8804959732868399,False
4647,0.7473944462440387,97.98380818931963,0.8949643772420086,False
4648,0.7473944462440387,97.23260158804297,0.8881249422583823,False
4649,0.7473944462440387,97.91374747002958,0.89968078109087,False
4650,0.7473944462440387,97.91374747002958,0.9099349057063235,False
4651,0.7771529943226336,97.5879593432369,0.9140812062660996,False
4652,0.804717519321077,96.86864738076622,0.8866262135741269,False
4653,0.8301899714180443,96.5802905378877,0.8737760941549144,False
4654,0.8301899714180443,96.8141313776516,0.8463379600206347,False
4655,0.8301899714180443,96.79680076021539,0.8182914076713289,False
4656,0.8301899714180443,96.77958015267176,0.7899857261047604,False
4657,0.8301899714180443,96.7624750499002,0.7613019111699741,False
4658,0.8301899714180443,96.74549098196393,0.732347317217224,False
4659,0.8536576732793313,96.72863351038146,0.7036922675804127,False
4660,0.875195788740725,96.71190822426887,0.6732784469108243,False
4661,0.8948692308065574,96.69532073635553,0.6427587945582403,False
4662,0.9127341558073343,96.67887667887668,0.6124094021321629,False
4663,0.9288391461883214,96.6625816993464,0.5825809593866033,False
4664,0.9432261548473415,96.64644145621516,0.5534414780576328,False
4665,0.9559312637896478,96.63046161441619,0.5249884750857523,False
4666,0.9559312637896478,96.61464784080587,0.4973125450764561,False
4667,0.9669852958320848,96.5990057995029,0.47051265442268086,False
4668,0.9669852958320848,96.58354114713217,0.44469684412406085,False
4669,0.9669852958320848,96.56825952797932,0.41998266636067266,False
4670,0.9669852958320848,96.55316656906216,0.3964971196670674,False
4671,0.9669852958320848,96.53826787512588,0.37437574279281766,False
4672,0.9669852958320848,96.52356902356902,0.3537604106156656,False
4673,0.9669852958320848,95.81649831649831,0.22948029272661868,False
4674,0.9669852958320848,96.44781144781145,0.20073670037477567,False
4675,0.9669852958320848,96.44781144781145,0.1745630941496065,False
4676,0.9669852958320848,96.44781144781145,0.1499679363117265,False
4677,0.9669852958320848,96.44781144781145,0.1282022952507367,False
4678,0.9669852958320848,96.44781144781145,0.10969208331705667,False
4679,0.9669852958320848,96.44781144781145,0.0915075238425453,False
4680,0.9669852958320848,96.44781144781145,0.07695401786005644,False
4681,0.9669852958320848,96.44781144781145,0.06662792248773587,False
4682,0.9669852958320848,96.44781144781145,0.05955368383800948,False
4683,0.9669852958320848,96.44781144781145,0.0532764731540314,False
4684,0.9669852958320848,96.44781144781145,0.04647988679599375,False
4685,0.9669852958320848,96.44781144781145,0.040213336807329574,False
4686,0.9669852958320848,96.44781144781145,0.03447226961043257,False
4687,0.9669852958320848,96.44781144781145,0.1441654296918309,False
4688,0.9669852958320848,96.44781144781145,0.14491289294762114,False
4689,0.9669852958320848,96.44781144781145,0.14631014171734366,False
4690,0.9669852958320848,96.44781144781145,0.14833399473096337,False
4691,0.9669852958320848,96.44781144781145,0.154704878297314,False
4692,0.9559312637896478,96.44781144781145,0.1616850835800878,False
4693,0.9432261548473415,96.44781144781145,0.16804376599262463,False
4694,0.9288391461883214,96.44781144781145,0.17384103220637268,False
4695,0.9127341558073343,96.44781144781145,0.1791268076209277,False
4696,0.9127341558073343,96.44781144781145,0.18394363630001212,False
4697,0.9127341558073343,96.44781144781145,0.18832857059646968,False
4698,0.9127341558073343,96.44781144781145,0.19231448156183112,False
4699,0.9127341558073343,96.44781144781145,0.19593098785907262,False
4700,0.9127341558073343,96.44781144781145,0.199205125778255,False
4701,0.9127341558073343,96.44781144781145,0.20216183886947187,False
4702,0.9127341558073343,96.44781144781145,0.23143287703775178,False
4703,0.9127341558073343,96.44781144781145,0.23703958022616461,False
4704,0.9127341558073343,96.44781144781145,0.24286859092893606,False
4705,0.9127341558073343,96.44781144781145,0.24885177979573334,False
4706,0.9127341558073343,96.44781144781145,0.25496873641099826,False
4707,0.9127341558073343,95.81649831649831,0.21976611654867448,False
4708,0.9127341558073343,96.52356902356902,0.22621227817924375,False
4709,0.9127341558073343,96.53826787512588,0.2324686116041034,False
4710,0.9127341558073343,96.55316656906216,0.23850915056358124,False
4711,0.9127341558073343,96.23467600700525,0.2419542493513139,False
4712,0.8948692308065574,96.64172901080632,0.24503979856525038,False
4713,0.875195788740725,96.64172901080632,0.2485267714064038,False
4714,0.8536576732793313,96.64172901080632,0.25236840354973317,False
4715,0.8301899714180443,96.64172901080632,0.2565179656240655,False
4716,0.804717519321077,96.64172901080632,0.2609294571367151,False
4717,0.7771529943226336,96.64172901080632,0.2580469562796894,False
4718,0.7473944462440387,96.64172901080632,0.2584962219261287,False
4719,0.7153220528038851,96.64172901080632,0.28287414551200696,False
4720,0.6807937753703206,96.64172901080632,0.3336166285632279,False
4721,0.6436394131461666,96.64172901080632,0.46575363754244853,False
4722,0.603652249754401,95.98919368246051,0.48105760930155383,False
4723,0.560576942614533,96.70822942643392,0.502575866492808,False
4724,0.5140912790181235,96.72328086164043,0.5200762694662088,False
4725,0.4637773498877516,96.73850218809346,0.534197131226725,False
4726,0.40907313904382653,96.75388792890644,0.5454327552984946,False
4727,0.3491843735073079,96.76943260085274,0.5541802697231628,False
4728,0.2829047929798921,96.78513071895425,0.5607686455152788,False
4729,0.208180945557171,96.8009768009768,0.5654776049417637,False
4730,0.12068101401352381,96.81696537182711,0.5685504589005,False
4731,0.12068101401352381,96.83309096784618,0.5702031239917911,False
4732,0.208180945557171,96.84934814099469,0.5772072164564656,False
4733,0.2829047929798921,96.86573146292585,0.5759950849873507,False
4734,0.3491843735073079,96.88223552894212,0.5743839544291328,False
4735,0.40907313904382653,96.89885496183206,0.6027631500161956,False
4736,0.4637773498877516,96.91558441558442,0.5997551925065173,False
4737,0.5140912790181235,96.59486854608807,0.5997500159485527,False
4738,0.560576942614533,96.86015204307887,0.5982944350533964,False
4739,0.603652249754401,96.14383723681098,0.585997730607683,False
4740,0.6436394131461666,95.86389086034224,0.5580793491591367,False
4741,0.6807937753703206,95.18649391440911,0.4536076352756185,False
4742,0.7153220528038851,95.87568412822517,0.4241922505484886,False
4743,0.7473944462440387,95.89755565934921,0.3972176467286162,False
4744,0.7771529943226336,95.91955359218787,0.38631888498418804,False
4745,0.804717519321077,95.9416711673482,0.36742446070042867,False
4746,0.8301899714180443,95.96390168970814,0.3653346914035016,False
4747,0.8536576732793313,95.9862385321101,0.36716371265750264,False
4748,0.875195788740725,96.00867513887832,0.37178432786377014,False
4749,0.875195788740725,96.03120502916003,0.37942278854372047,False
4750,0.875195788740725,96.05382180009046,0.38799260031197325,False
4751,0.875195788740725,96.07651912978244,0.39661751446561755,False
4752,0.875195788740725,95.90518850317282,0.3856564161585524,False
4753,0.875195788740725,96.16670381100958,0.3975977620818176,False
4754,0.875195788740725,96.16670381100958,0.4091593488704905,False
4755,0.875195788740725,95.48696233563628,0.3755344438691953,False
4756,0.875195788740725,96.21870589109278,0.38889612056304185,False
4757,0.875195788740725,96.24112950916617,0.39387865493696306,False
4758,0.875195788740725,96.26360694321859,0.4083952828596408,False
4759,0.875195788740725,96.28613245517747,0.4209135767930788,False
4760,0.875195788740725,96.12668365489625,0.43106973229375356,False
4761,0.875195788740725,96.36752136752136,0.43926191652211344,False
4762,0.875195788740725,96.36752136752136,0.44597329911608197,False
4763,0.875195788740725,96.36752136752136,0.4510704553038825,False
4764,0.875195788740725,95.67579313342026,0.4455687883720676,False
4765,0.8948692308065574,96.39649427785021,0.44248874183695924,False
4766,0.9127341558073343,96.63496181005908,0.43882046069820624,False
4767,0.9288391461883214,96.63496181005908,0.49700652318743826,False
4768,0.9288391461883214,96.63496181005908,0.49020079678460543,False
4769,0.9288391461883214,96.63496181005908,0.5176218219612617,False
4770,0.9288391461883214,96.63496181005908,0.560741386631731,False
4771,0.9432261548473415,96.63496181005908,0.597097109071183,False
4772,0.9432261548473415,95.93241101023202,0.6348876394049061,False
4773,0.9559312637896478,96.67459288081857,0.6607864638875804,False
4774,0.9669852958320848,96.69199340549065,0.6829244081203937,False
4775,0.976414308115487,96.70944741532976,0.6888806967312411,False
4776,0.9842399889605549,96.72695035460993,0.7008266785850337,False
4777,0.9904799742690308,96.57519751693002,0.7148476500370536,False
4778,0.995148095654003,96.79365747561917,0.721201064892322,False
4779,0.9982545693874831,96.79365747561917,0.7263768112646872,False
4780,0.999806132804711,96.79365747561917,0.7304931073500516,False
4781,0.999806132804711,96.79365747561917,0.7336602163979496,False
4782,0.9982545693874831,96.79365747561917,0.7359821048154159,False
4783,0.995148095654003,96.79365747561917,0.7370670923924267,False
4784,0.9904799742690308,96.08152669613415,0.7364012091510193,False
4785,0.9842399889605549,96.5893058690745,0.7391206106399403,False
4786,0.976414308115487,96.95259593679458,0.7345341000028779,False
4787,0.9669852958320848,97.69148936170212,0.6881959046804266,False
4788,0.9559312637896478,96.95259593679458,0.6841096696833944,False
4789,0.9432261548473415,97.50929628850066,0.6534734568201594,False
4790,0.9288391461883214,97.72870002093364,0.6201622210636534,False
4791,0.9127341558073343,97.72870002093364,0.5755556630576545,False
4792,0.9127341558073343,97.72870002093364,0.5312528969013239,False
4793,0.9288391461883214,97.72870002093364,0.48718618431826133,False
4794,0.9432261548473415,97.72870002093364,0.4446340531192398,False
4795,0.9559312637896478,97.50929628850066,0.42286285387149924,False
4796,0.9669852958320848,97.66506772009029,0.3894012950641937,False
4797,0.976414308115487,97.65248226950355,0.35742657201502753,False
4798,0.9842399889605549,97.63992869875223,0.327076230304735,False
4799,0.9904799742690308,97.6274102214895,0.2985393782881758,False
4800,0.995148095654003,97.61493010520248,0.27192426731862757,False
4801,0.9982545693874831,97.60249167028827,0.24732552524890325,False
4802,0.999806132804711,97.59009828904259,0.2249025346287844,False
4803,0.999806132804711,97.57775338455909,0.2071479124508288,False
4804,0.9982545693874831,97.5654604295381,0.19193646822385518,False
4805,0.995148095654003,97.55322294500296,0.17931692434277974,False
4806,0.9904799742690308,97.54104449892282,0.24746910829245242,False
4807,0.9842399889605549,97.52892870474058,0.2424570053739049,False
4808,0.976414308115487,97.51687921980495,0.23934757118770605,False
4809,0.9669852958320848,97.5048997437057,0.23764322405290525,False
4810,0.9669852958320848,96.78103461334545,0.40412132918124855,False
4811,0.9669852958320848,97.52301955711133,0.40284759049038177,False
4812,0.9669852958320848,97.52301955711133,0.40192206591614754,False
4813,0.9669852958320848,97.52301955711133,0.4013168048191966,False
4814,0.9669852958320848,97.27570200136977,0.3994747710761349,False
4815,0.9669852958320848,97.56487329731375,0.39919597490580616,False
4816,0.9669852958320848,97.55351681957187,0.3993071820909057,False
4817,0.9669852958320848,97.54224270353302,0.3996016226799518,False
4818,0.9669852958320848,97.53105470256925,0.4000338447527215,False
4819,0.9669852958320848,97.51995659924049,0.40054685809045404,False
4820,0.9669852958320848,97.5089522030204,0.4011735354386938,False
4821,0.9669852958320848,97.49804534792807,0.4016322230085259,False
4822,0.9669852958320848,97.48723989006675,0.40224587386067734,False
4823,0.9669852958320848,97.47653970507058,0.4030328906330719,False
4824,0.9669852958320848,97.46594868546089,0.4040101588013889,False
4825,0.9669852958320848,97.45547073791349,0.4050436617218021,False
4826,0.9559312637896478,96.70403944020356,0.3640071384446585,False
4827,0.9432261548473415,97.41173664122137,0.3656215480763754,False
4828,0.9288391461883214,97.39890184762133,0.36746603465238836,False
4829,0.9288391461883214,97.38202973497091,0.36949014384764467,False
4830,0.9288391461883214,95.87912087912088,0.10946161963692155,False
4831,0.9288391461883214,97.36586942469296,0.12293023708570414,False
4832,0.9127341558073343,97.37667981009093,0.13481199381783104,False
4833,0.9127341558073343,97.38761118679382,0.14535363430055906,False
4834,0.8948692308065574,97.39865943185445,0.15470861873978164,False
4835,0.875195788740725,97.40982043540441,0.16297947618713182,False
4836,0.8536576732793313,97.42109010363104,0.17023861797600479,False
4837,0.8301899714180443,97.43246436166024,0.17508066315257556,False
4838,0.804717519321077,97.4439391563431,0.1790866256847574,False
4839,0.7771529943226336,97.45551045894474,0.18226469233688483,False
4840,0.7473944462440387,97.46717426773367,0.18461570268668012,False
4841,0.7153220528038851,97.47892661047096,0.1850111053115463,False
4842,0.6807937753703206,97.49076354679804,0.18476190719424823,False
4843,0.6436394131461666,97.50268117052245,0.1838591066033096,False
4844,0.603652249754401,97.51467561180148,0.1822877195325299,False
4845,0.560576942614533,97.52674303922312,0.18036168150300136,False
4846,0.5140912790181235,97.53887966178469,0.17769372771557881,False
4847,0.4637773498877516,97.55108173076923,0.1742559743697879,False
4848,0.40907313904382653,97.56334554152029,0.1700139878650579,False
4849,0.3491843735073079,97.57566743511563,0.16492410894603143,False
4850,0.2829047929798921,97.37348327907665,0.1652249803418178,False
4851,0.208180945557171,97.63359340497571,0.15554823446709576,False
4852,0.12068101401352381,97.63359340497571,0.14554939438283865,False
4853,-0.0,97.63359340497571,0.1351961376215294,False
4854,-0.0,97.63359340497571,0.124437844239709,False
4855,-0.0,97.63359340497571,0.11319552612415043,False
4856,-0.0,97.63359340497571,0.10134325024072051,False
4857,0.12068101401352381,97.63359340497571,0.10653675575923625,False
4858,0.208180945557171,97.63359340497571,0.24118564853107896,False
4859,0.208180945557171,97.63359340497571,0.24380752657993834,False
4860,0.2829047929798921,97.63359340497571,0.24632390968550355,False
4861,0.2829047929798921,97.63359340497571,0.25043212665804987,False
4862,0.2829047929798921,97.63359340497571,0.25422898123259274,False
4863,0.2829047929798921,97.63359340497571,0.25772466055555526,False
4864,0.2829047929798921,97.63359340497571,0.26092944541349267,False
4865,0.2829047929798921,97.63359340497571,0.2638537715737542,False
4866,0.2829047929798921,97.63359340497571,0.2665082812504767,False
4867,0.2829047929798921,97.63359340497571,0.2689038665430007,False
4868,0.2829047929798921,97.63359340497571,0.28497065253991044,False
4869,0.2829047929798921,97.63359340497571,0.28854917662295665,False
4870,0.2829047929798921,97.63359340497571,0.2923345399704699,False
4871,0.2829047929798921,97.63359340497571,0.36219661747344967,False
4872,0.2829047929798921,97.63359340497571,0.36534984357211286,False
4873,0.2829047929798921,97.63359340497571,0.36809070265678784,False
4874,0.2829047929798921,97.63359340497571,0.37045136599699713,False
4875,0.2829047929798921,97.63359340497571,0.37246264696102777,False
4876,0.2829047929798921,97.63359340497571,0.3741542867681784,False
4877,0.2829047929798921,97.37348327907665,0.37157372329503785,False
4878,0.2829047929798921,96.62622077537733,0.3005756081492638,False
4879,0.2829047929798921,97.34018940514946,0.2968832818111187,False
4880,0.2829047929798921,97.34018940514946,0.29319327360516356,False
4881,0.2829047929798921,97.34018940514946,0.28926444947372437,False
4882,0.2829047929798921,97.34018940514946,0.28546606981007766,False
4883,0.2829047929798921,97.34018940514946,0.28182256182827203,False
4884,0.2829047929798921,97.34018940514946,0.27835939821562045,False
4885,0.2829047929798921,97.34018940514946,0.27510301068701576,False
4886,0.2829047929798921,97.34018940514946,0.27208066251657065,False
4887,0.2829047929798921,97.34018940514946,0.26932027527065383,False
4888,0.2829047929798921,97.07741503681119,0.25192033399632735,False
4889,0.2829047929798921,97.27558113461394,0.24756754721412114,False
4890,0.2829047929798921,97.25811298076923,0.2907284993560526,False
4891,0.2829047929798921,96.50315504807692,0.19734708168996784,False
4892,0.2829047929798921,97.20552884615384,0.1922998784094994,False
4893,0.2829047929798921,97.20552884615384,0.18842822912210802,False
4894,0.2829047929798921,97.20552884615384,0.18614303796643258,False
4895,0.2829047929798921,97.20552884615384,0.18294107362114065,False
4896,0.2829047929798921,97.20552884615384,0.2306515328773363,False
4897,0.2829047929798921,97.20552884615384,0.2950392130540509,False
4898,0.2829047929798921,97.20552884615384,0.32359947679591666,False
4899,0.2829047929798921,97.20552884615384,0.34843960761696063,False
4900,0.2829047929798921,97.20552884615384,0.3703069248337053,False
4901,0.2829047929798921,97.20552884615384,0.3894735146308505,False
4902,0.2829047929798921,97.20552884615384,0.4303292079982145,False
4903,0.2829047929798921,97.20552884615384,0.449521874162517,False
4904,0.2829047929798921,97.20552884615384,0.46641057949294523,False
4905,0.3491843735073079,97.20552884615384,0.4812878262802806,False
4906,0.40907313904382653,97.20552884615384,0.49438380745193994,False
4907,0.4637773498877516,97.20552884615384,0.5058843397757239,False
4908,0.4637773498877516,97.20552884615384,0.5252577944264805,False
4909,0.4637773498877516,97.20552884615384,0.5318273362640766,False
4910,0.4637773498877516,96.50315504807692,0.5138444866650218,False
4911,0.4637773498877516,97.25811298076923,0.5198975921751398,False
4912,0.4637773498877516,97.27558113461394,0.5254785441246572,False
4913,0.4637773498877516,97.29307652264445,0.5305520305830538,False
4914,0.4637773498877516,97.04766862497212,0.5349804240609114,False
4915,0.5140912790181235,97.25589350784561,0.5396220315005468,False
4916,0.560576942614533,96.52263983427049,0.524571497588003,False
4917,0.603652249754401,96.30807931340634,0.49489568311035176,False
4918,0.603652249754401,96.50044391831904,0.48030929670534356,False
4919,0.603652249754401,96.50044391831904,0.466122027201809,False
4920,0.6436394131461666,96.49415692821368,0.4523463694595446,False
4921,0.6436394131461666,96.49181547619048,0.4399080935129462,False
4922,0.6807937753703206,96.21651785714286,0.4039407963544852,False
4923,0.7153220528038851,96.42113095238095,0.38610456733241594,False
4924,0.7473944462440387,96.42113095238095,0.42034877979042806,False
4925,0.7771529943226336,96.42113095238095,0.44840560352697034,False
4926,0.804717519321077,96.42113095238095,0.43445926817353914,False
4927,0.8301899714180443,96.42113095238095,0.42707114003318364,False
4928,0.8536576732793313,96.24255952380952,0.40300456341125757,False
4929,0.875195788740725,96.46949404761905,0.3942800144336705,False
4930,0.8948692308065574,96.45100972326104,0.41589677274417236,False
4931,0.9127341558073343,96.4325990527028,0.40813083617987267,False
4932,0.9288391461883214,96.41426736189828,0.40677985588921334,False
4933,0.9432261548473415,96.39602005164818,0.4651031069981149,False
4934,0.9559312637896478,96.37786259541984,0.5140440127616425,False
4935,0.9669852958320848,96.35980053701573,0.55620520089689,False
4936,0.976414308115487,96.34183948808881,0.5931429937805086,False
4937,0.9842399889605549,96.32398512550357,0.6258821944827908,False
4938,0.9904799742690308,96.30624318854117,0.6551437369177168,False
4939,0.995148095654003,96.28861947594838,0.6810746714245512,False
4940,0.9982545693874831,96.27111984282908,0.7046031384915283,False
4941,0.999806132804711,96.2537501973788,0.7255642813445323,False
4942,0.999806132804711,96.23651649746193,0.7446772411025553,False
4943,0.9982545693874831,96.21942474703211,0.7427716662879189,False
4944,0.995148095654003,95.49819927971188,0.7309604970488971,False
4945,0.9904799742690308,95.49819927971188,0.7214153602718169,False
4946,0.9904799742690308,96.21942474703211,0.7371924949400173,False
4947,0.9904799742690308,95.98667512690355,0.7487311346083024,False
4948,1.0916362019205923,96.29717353544923,0.7626536389859873,False
4949,1.1590956761386297,96.29717353544923,0.7755056843116701,False
4950,1.1590956761386297,95.58660982156955,0.7717760168720301,False
4951,1.1590956761386297,96.29526462395543,0.7827610443365759,False
4952,1.1590956761386297,96.56631797492614,0.7841685064586468,False
4953,1.1590956761386297,97.32362055781383,0.758553111403665,False
4954,1.1590956761386297,97.32294274408463,0.7326495598579273,False
4955,1.1590956761386297,97.32247741726415,0.7056233667624353,False
4956,1.1590956761386297,97.32222673709875,0.6775697375799202,False
4957,1.1590956761386297,97.32219278581618,0.6492687466591485,False
4958,1.1590956761386297,97.32237756520317,0.6205288694257871,False
4959,1.1590956761386297,97.32278299372719,0.5920878220601044,False
4960,1.1590956761386297,97.32341090370858,0.5634272458681753,False
4961,1.1590956761386297,97.32426303854875,0.5341731877381012,False
4962,1.1590956761386297,97.32534105002067,0.5048782861637693,False
4963,1.1590956761386297,96.50847178812305,0.5054194755182487,False
4964,1.1590956761386297,97.28358697430862,0.47989774666434115,False
4965,1.1590956761386297,97.29795719052657,0.4541241120304396,False
4966,1.1655498193580116,97.31239375050595,0.42810730874389546,False
4967,1.170377295621679,97.3268921095008,0.40185190375159047,False
4968,1.173589412323443,97.34144778987829,0.3753563810672196,False
4969,1.173589412323443,97.35605638289401,0.348610305750396,False
4970,1.173589412323443,97.37071355032866,0.3215899905474954,False
4971,1.173589412323443,97.38541502598835,0.294251627534535,False
4972,1.173589412323443,97.22004698512139,0.2820470567842966,False
4973,1.173589412323443,97.45775909055517,0.2500768290611252,False
4974,1.173589412323443,97.45775909055517,0.21837597626269212,False
4975,1.173589412323443,97.45775909055517,0.1901896484175407,False
4976,1.175193620727556,97.45775909055517,0.16603811657812792,False
4977,1.175193620727556,97.45775909055517,0.1434692777417692,False
4978,1.173589412323443,97.45775909055517,0.12371324185801731,False
4979,1.170377295621679,97.45775909055517,0.1058486652643033,False
4980,1.1655498193580116,97.45775909055517,0.09018219670090681,False
4981,1.1590956761386297,97.45775909055517,0.08007357686719162,False
4982,1.150999540671385,97.45775909055517,0.07303070608894062,False
4983,1.1412418450836315,97.45775909055517,0.0681535596124799,False
4984,1.129798482836793,97.45775909055517,0.06330721292433208,False
4985,1.1166404295430465,97.45775909055517,0.05848432497181263,False
4986,1.1017332648846088,97.45775909055517,0.05367390899371221,False
4987,1.0850365744330073,97.45775909055517,0.04885969193149843,False
4988,1.066503202885787,97.45775909055517,0.044017371179450114,False
4989,1.046078320219219,97.45775909055517,0.03910970797016941,False
4990,1.0236982481827188,97.45775909055517,0.03407694127856534,False
4991,0.9992889743797904,97.45775909055517,0.02881562844646924,False
4992,0.9727642516015449,97.45775909055517,0.023122562995239508,False
4993,0.9440231356865455,97.45775909055517,0.016490446205298197,False
4994,0.9129467467841514,97.45775909055517,0.013730364865492325,False
4995,0.8793939303559065,97.45775909055517,0.011275579197695574,False
4996,0.8431953160789711,97.45775909055517,0.009110418408977819,False
4997,0.8431953160789711,97.45775909055517,0.007216896980259491,False
4998,0.804144968682279,97.45775909055517,0.005573436448401857,False
4999,0.7619882811604883,97.45775909055517,0.004152185782430495,False
5000,0.7164037343212466,97.45775909055517,0.002912061828044291,False
5001,0.6669740736911406,97.45775909055517,0.0017718014227565276,False
5002,0.6131379016405238,97.45775909055517,4.263256414560601e-14,False
5003,0.5541015302865538,97.45775909055517,4.263256414560601e-14,False
5004,0.48865925334338955,97.45775909055517,4.263256414560601e-14,False
5005,0.41475814399911126,97.45775909055517,4.263256414560601e-14,False
5006,0.3280668831792932,97.45775909055517,4.263256414560601e-14,False
5007,0.3280668831792932,97.45775909055517,4.263256414560601e-14,False
5008,0.41475814399911126,97.45775909055517,4.263256414560601e-14,False
5009,0.4023829390456117,97.45775909055517,4.263256414560601e-14,False
5010,0.3491843735073079,97.45775909055517,4.263256414560601e-14,False
5011,0.3491843735073079,97.45775909055517,4.263256414560601e-14,False
5012,0.3491843735073079,97.45775909055517,4.263256414560601e-14,False
5013,0.3491843735073079,97.45775909055517,4.263256414560601e-14,False
5014,0.3491843735073079,97.45775909055517,4.263256414560601e-14,False
5015,0.3491843735073079,97.45775909055517,4.263256414560601e-14,False
5016,0.3491843735073079,97.45775909055517,0.16627306069549144,False
5017,0.3491843735073079,97.45775909055517,0.16712561672574636,False
5018,0.3491843735073079,97.45775909055517,0.16844067980006663,False
5019,0.3491843735073079,97.45775909055517,0.17075977557394548,False
5020,0.3491843735073079,97.45775909055517,0.2658265089175948,False
5021,0.3491843735073079,97.45775909055517,0.3641546232980253,False
5022,0.3491843735073079,97.45775909055517,0.4364305268655383,False
5023,0.3491843735073079,97.45775909055517,0.472258212629173,False
5024,0.3491843735073079,97.45775909055517,0.4722653401293161,False
5025,0.3491843735073079,97.45775909055517,0.49980586533533294,False
5026,0.3491843735073079,97.45775909055517,0.5239807119755637,False
5027,0.3491843735073079,97.45775909055517,0.5453105043008637,False
5028,0.3491843735073079,97.45775909055517,0.5641883780049756,False
5029,0.3491843735073079,97.45775909055517,0.5809217416868121,False
5030,0.3491843735073079,97.45775909055517,0.5957579395051975,False
5031,0.3491843735073079,97.45775909055517,0.608900835563521,False
5032,0.3491843735073079,97.45775909055517,0.6205219813034991,False
5033,0.3491843735073079,97.45775909055517,0.6307683979029294,False
5034,0.40907313904382653,97.45775909055517,0.6397681605109237,False
5035,0.4637773498877516,97.45775909055517,0.6476345077505373,False
5036,0.4637773498877516,96.714163357471,0.6329951456955921,False
5037,0.5140912790181235,97.50837031846142,0.6388654476713949,False
5038,0.560576942614533,97.34071378803128,0.6437304385812682,False
5039,0.603652249754401,97.55618842364532,0.6475286502308151,False
5040,0.720523936685393,98.3451354679803,0.6185216117782503,False
5041,0.804144968682279,98.57667584940312,0.5697133352695827,False
5042,0.8431953160789711,98.57667584940312,0.5195261919098401,False
5043,0.8793939303559065,98.3451354679803,0.48977119782893574,False
5044,0.9129467467841514,97.55618842364532,0.49173203775722524,False
5045,0.9440231356865455,98.30280172413794,0.46523802341526604,False
5046,0.9727642516015449,98.30280172413794,0.4389525284639146,False
5047,0.9992889743797904,98.30280172413794,0.41261621564214573,False
5048,1.0236982481827188,98.30280172413794,0.3866416564810763,False
5049,1.046078320219219,98.30280172413794,0.3610697894392932,False
5050,1.066503202885787,98.30280172413794,0.3360277738987062,False
5051,1.0850365744330073,98.30280172413794,0.31158196512287584,False
5052,1.1017332648846088,98.30280172413794,0.28776085706873294,False
5053,1.1166404295430465,98.30280172413794,0.26459898798527176,False
5054,1.129798482836793,98.30280172413794,0.24209309251727046,False
5055,1.1412418450836315,98.30280172413794,0.2201860781675939,False
5056,1.150999540671385,98.30280172413794,0.19895421448382583,False
5057,1.1590956761386297,98.30280172413794,0.1784161782288079,False
5058,1.1590956761386297,98.30280172413794,0.15859137580765875,False
5059,1.1655498193580116,98.30280172413794,0.1394995011614776,False
5060,1.170377295621679,98.30280172413794,0.12115959544347238,False
5061,1.173589412323443,98.30280172413794,0.10358808133558611,False
5062,1.175193620727556,98.30280172413794,0.08679456081826395,False
5063,1.175193620727556,98.30280172413794,0.07077230411407404,False
5064,1.173589412323443,98.30280172413794,0.175923242430901,False
5065,1.173589412323443,98.30280172413794,0.17274785574823986,False
5066,1.173589412323443,98.30280172413794,0.1710766605947079,False
5067,1.173589412323443,98.30280172413794,0.1708376519300188,False
5068,1.173589412323443,98.30280172413794,0.17349518212454645,False
5069,1.175193620727556,98.30280172413794,0.1763478498584359,False
5070,1.175193620727556,98.30280172413794,0.17730386172387,False
5071,1.2329087607099036,98.30280172413794,0.26324822821908206,False
5072,1.2834031297544843,98.30280172413794,0.26408527919356284,False
5073,1.3271059259290725,98.30280172413794,0.26480325347205214,False
5074,1.3652016755898781,98.30280172413794,0.32344560638220654,False
5075,1.3984610270106805,98.30280172413794,0.32344873964571313,False
5076,1.4274202463828696,98.30280172413794,0.3234659194056901,False
5077,1.4524690941546656,98.30280172413794,0.3235633057415512,False
5078,1.4738989153366922,98.30280172413794,0.3238004052366463,False
5079,1.4919310878474152,98.30280172413794,0.32423010534829233,False
5080,1.5067348178150048,98.30280172413794,0.3248986556236936,False
5081,1.5184387137728148,98.30280172413794,0.3258456336334252,False
5082,1.527138493598173,98.30280172413794,0.3271039288242688,False
5083,1.527138493598173,98.30280172413794,0.32869977207190276,False
5084,1.527138493598173,97.55618842364532,0.28319587392822815,False
5085,1.527138493598173,98.35668103448276,0.28395348402800535,False
5086,1.527138493598173,98.37006427915519,0.28452067079631405,False
5087,1.527138493598173,98.20464054773679,0.28526227865975357,False
5088,1.527138493598173,98.42698328669742,0.2847443439664811,False
5089,1.527138493598173,98.42698328669742,0.2844821511109882,False
5090,1.527138493598173,98.20464054773679,0.2856022972435775,False
5091,1.527138493598173,97.41346519589197,0.21159138823497417,False
5092,1.527138493598173,98.15899581589959,0.21325171893560624,False
5093,1.527138493598173,98.15899581589959,0.21521513425319347,False
5094,1.527138493598173,97.41346519589197,0.11459014897428926,False
5095,1.5352702332191592,98.20844427538988,0.11904396219445278,False
5096,1.5413427890574958,98.2265749073584,0.12372898983287463,False
5097,1.5413427890574958,98.24462486844084,0.12848948347585962,False
5098,1.545378825051491,98.2625915408758,0.13284265438760415,False
5099,1.547393175014927,98.28047240585308,0.13714002167538328,False
5100,1.547393175014927,98.29826504245109,0.14129448956085697,False
5101,1.5332939593741384,98.31596712650426,0.1447715371566792,False
5102,1.5164273757656148,98.3335764294049,0.14602642754507109,False
5103,1.5125568756434098,98.35109081684425,0.14646281484834733,False
5104,1.5067348178150048,98.18438791041531,0.1502736500822863,False
5105,1.498941259446481,98.32572298325724,0.14817446205955162,False
5106,1.489148966540959,98.32572298325724,0.1497644578797306,False
5107,1.477322818602089,98.32572298325724,0.20738356500561525,False
5108,1.4634190046135478,98.33321228847412,0.21037076321745055,True
5109,1.447383961374643,98.34079248990285,0.21136237646410724,True
5110,1.4291529843613586,98.34846330526085,0.21389244888363282,True
5111,1.408648411160687,98.35622443015781,0.21540108107606018,True
5112,1.3857772327036844,98.36407553798858,0.21600786874888991,True
5113,1.3604279187829045,98.3720162798372,0.21581039199626004,True
5114,1.3324661355215683,98.38004628439188,0.214888893841311,True
5115,1.301728854068539,98.3881651578715,0.21405067231040428,True
5116,1.2680160454788014,98.39637248396373,0.2125608438164169,True
5117,1.2310786130055862,98.40466782377489,0.21044543841065536,True
5118,1.190600186419197,98.41305071579181,0.20795695627524255,True
5119,1.1461683299371317,98.42152067585593,0.20485120401130427,True
5120,1.0972261621017096,98.43007719714964,0.20114714751327753,True
5121,1.0429842335712594,98.43871975019516,0.1972006777503621,True
5122,0.9822408213425595,98.44744778286608,0.1941961189303213,True
5123,0.9129467467841514,98.45626072041166,0.19114934108517134,True
5124,0.830774222099454,98.46515796549406,0.18810925612825669,True
5125,0.7153220528038851,98.3956019297655,0.18787592225033878,True
5126,0.7153220528038851,98.5094191228793,0.1848000954901106,True
5127,0.7153220528038851,97.71096169827,0.11380852778429891,True
5128,0.7153220528038851,98.54846083511124,0.10513640806401399,True
5129,0.7153220528038851,98.51713490641558,0.09979572075794473,True
5130,0.7153220528038851,98.56592547389297,0.090473745013045,True
5131,0.7153220528038851,98.5573593906286,0.08259234216861223,True
5132,0.6807937753703206,98.54870003880481,0.07633214344601565,True
5133,0.6436394131461666,98.53994598191568,0.07185271261917993,True
5134,0.603652249754401,98.53109575518262,0.06924317754632967,True
5135,0.560576942614533,98.52214786488209,0.069010462419774,True
5136,0.5140912790181235,98.51310078765472,0.07075108522192203,True
5137,0.4637773498877516,98.50395296979525,0.07385052894813307,True
5138,0.40907313904382653,98.49470282652268,0.08042958585333299,True
5139,0.3491843735073079,98.48534874122988,0.08732952988610412,True
5140,0.2829047929798921,98.47588906471225,0.0944298444453528,True
5141,0.208180945557171,98.46632211437455,0.10143321505626647,True
5142,0.12068101401352381,98.45664617341531,0.10827168665420735,True
5143,-0.0,98.44685948998801,0.1149012314797794,True
5144,-0.0,98.43696027633851,0.12129420269813905,True
5145,-0.0,98.42694670791755,0.12743444087471653,True
5146,-0.0,98.416816922468,0.1333140618660508,True
5147,-0.0,98.40656901908567,0.13893131526497254,True
5148,-0.0,98.39620105725294,0.14428913209003832,True
5149,-0.0,98.38571105584445,0.14939412219885595,True
5150,-0.0,98.3750969921037,0.15425586896051813,True
5151,-0.0,98.36435680058975,0.15888642245487108,True
5152,-0.0,98.35348837209303,0.16329992599004484,True
5153,-0.0,98.34248955251914,0.16751233192965295,True
5154,-0.0,98.33135814173976,0.17154117643255962,True
5155,-0.0,98.32009189240931,0.17540539159780894,True
5156,-0.0,98.3086885087465,0.30981045232374604,True
5157,-0.0,98.29714564527934,0.30976024459427276,True
5158,-0.0,98.28546090555254,0.3080760826218163,True
5159,-0.0,98.27363184079601,0.3062180763831491,True
5160,-0.0,98.26165594855306,0.3041701082959649,True
5161,-0.0,98.24953067126694,0.30198907028664423,True
5162,-0.0,98.23725339482449,0.29968168813849305,True
5163,0.12068101401352381,98.22482144705518,0.2972550916247331,True
5164,0.12068101401352381,98.21223209618401,0.2947168730478213,True
5165,0.12068101401352381,98.19948254923702,0.29207515010242213,True
5166,0.12068101401352381,98.18656995039736,0.2893386334070117,True
5167,0.12068101401352381,98.17349137931035,0.36652208107755174,True
5168,0.12068101401352381,98.16024384933594,0.3645486945887704,True
5169,0.12068101401352381,98.14682430574649,0.36263424531221156,True
5170,0.12068101401352381,98.13322962386799,0.3603720096729443,True
5171,0.12068101401352381,98.1194566071629,0.35940489722688024,True
5172,0.12068101401352381,98.10550198525242,0.3581096900868364,True
5173,0.12068101401352381,98.09136241187596,0.35650271469504147,True
5174,0.12068101401352381,98.07703446278599,0.3546004906626499,True
5175,0.12068101401352381,98.06251463357528,0.35241990407329615,True
5176,0.12068101401352381,97.10127780407004,0.24198412330055769,True
5177,0.12068101401352381,98.08071748878923,0.24082146821473843,True
5178,0.12068101401352381,98.26222435282838,0.24064558132675712,True
5179,0.12068101401352381,98.24954572986069,0.2404407958350605,True
5180,0.12068101401352381,98.2366987081369,0.24023587873670504,True
5181,0.12068101401352381,98.2236801386396,0.24006076276280405,True
5182,0.12068101401352381,98.21048679764735,0.23994657189906696,True
5183,0.12068101401352381,98.19711538461539,0.23992560753201675,True
5184,0.12068101401352381,98.1835625199872,0.2400312898487572,True
5185,0.12068101401352381,98.16982474293475,0.24029804950579398,True
5186,0.12068101401352381,98.15589850902433,0.2407611655960112,True
5187,0.12068101401352381,97.13000925803465,0.0797804171687661,True
5188,0.12068101401352381,98.18096703002742,0.08344048985331126,True
5189,0.12068101401352381,98.18998458135013,0.08702931704718904,True
5190,0.12068101401352381,98.05805671280741,0.09220193290759406,True
5191,0.12068101401352381,98.24892241379311,0.09256272593250305,True
5192,0.12068101401352381,98.23569482288828,0.09462735111967327,True
5193,0.12068101401352381,98.22228346999242,0.3126871037700852,True
5194,0.12068101401352381,98.20868474245486,0.3123407894999018,True
5195,0.12068101401352381,98.1948949372444,0.3171158068669354,True
5196,0.12068101401352381,98.18091025823941,0.3166393529711223,True
5197,0.12068101401352381,98.16672681342476,0.41853915496092736,True
5198,0.12068101401352381,98.15234061199153,0.4936654616812133,True
5199,0.12068101401352381,98.1377475613361,0.5375377767228361,True
5200,0.12068101401352381,98.12294346395453,0.5993374914843183,True
5201,0.12068101401352381,98.10792401422842,0.6445230084799721,True
5202,0.12068101401352381,98.09268479509767,0.6928020036800235,True
5203,0.12068101401352381,98.07722127461622,0.736356004769249,True
5204,0.12068101401352381,98.06152880238581,0.7759321640104043,True
5205,0.12068101401352381,98.0456026058632,0.8120674367381264,True
5206,0.12068101401352381,98.02943778653584,0.8451622179279704,True
5207,0.12068101401352381,98.0130293159609,0.8753466353237843,True
5208,0.12068101401352381,97.99637203166228,0.9030337619675382,True
5209,0.12068101401352381,97.9794606328797,0.9284678726031467,True
5210,0.208180945557171,97.9622896761647,0.9518129306669236,True
5211,0.208180945557171,97.94485357081692,0.9732060102014317,True
5212,0.208180945557171,97.92714657415438,0.9927634788713262,True
5213,0.208180945557171,96.74075375560045,0.9660042936291008,True
5214,0.208180945557171,97.94429118092017,0.9835346892201974,True
5215,0.208180945557171,97.75972866833274,0.9979207248236386,True
5216,0.208180945557171,97.9860365198711,1.0125281242494286,True
5217,0.208180945557171,99.22916477736464,0.9883978977302091,True
5218,0.208180945557171,99.24518006547835,0.9657217930497499,True
5219,0.208180945557171,99.06073317526901,0.9535267556718751,True
5220,0.208180945557171,99.32339764103502,0.926524789723399,True
5221,0.208180945557171,99.2402050530941,0.9052323574197545,True
5222,0.208180945557171,99.34934017595307,0.8774129052532263,True
5223,0.208180945557171,99.36604189636164,0.848778476929393,True
5224,0.208180945557171,99.38288661692917,0.8180384470735168,True
5225,0.2829047929798921,99.39987074139046,0.787061447011452,True
5226,0.3491843735073079,99.41699056079956,0.7547605800970187,True
5227,0.40907313904382653,99.43424225561121,0.7214631727735027,True
5228,0.41381685030363374,99.45162189794591,0.6879986304371613,True
5229,0.4186843105268563,99.46912545403744,0.6544076273302747,True
5230,0.42368057157091055,99.48674878686077,0.6705711694747621,True
5231,0.4288109647301171,99.50448765893792,0.6415579026165545,True
5232,0.43408112000433474,99.52233773531891,0.6128388658436271,True
5233,0.4394969869215134,99.54029458673422,0.5845734967853602,True
5234,0.44506485705083865,99.55835369291486,0.5568628385251543,True
5235,0.45079138835466503,99.57651044607566,0.5298174627304995,True
5236,0.4566836315394428,99.5947601545566,0.5035583132642627,True
5237,0.46274905857817394,99.61309804661697,0.47821732441262993,True
5238,0.4689955935892812,99.63151927437642,,True
5239,0.47543164626872064,99.65001891789633,,True
5240,0.4820661480830931,99.66859198939494,,True
5241,0.48890859144051524,99.68723343758886,,True
5242,0.4959690720618337,99.7059381521533,,True
5243,0.5032583347756457,99.72470096829315,,True
5244,0.5107878229540133,99.73401728887622,,True
5245,0.5185697317883058,99.77188480182492,,True
5246,0.5266170655714281,99.76871928302978,,True
5247,0.5349436990971066,99.76548759038499,,True
5248,0.5435644431995964,99.76218787158145,,True
5249,0.5524951143251111,99.7588182092252,,True
5250,0.5617526078313282,98.40994801753135,,True
5251,0.5713549744279549,99.82423490488007,,True
5252,0.5813214987637028,99.82403477900839,,True
5253,0.5916727785823275,99.82385245052326,,True
5254,0.6024308020404452,99.82368803152873,,True
5255,0.6136190195993708,99.82354162341707,,True
5256,0.6252624052234231,99.82341331671341,,True
5257,0.6373874992221911,99.8233031909365,,True
