second,entropy,pct_det,rmse,edge_window
0,0.9811522341999133,99.91042436457283,,True
1,0.9886994082884974,99.9117387466902,,True
2,0.9940302114769565,99.91302457055882,,True
3,0.9975025463691152,99.9142826529519,0.002079789568982026,True
4,0.9994110647387552,99.91551378181434,0.00256479469630909,True
5,1.0,99.91671871746824,0.0030366604743127736,True
6,0.9994730201859836,99.91789819376027,0.003495779899764779,True
7,0.9980008838722996,99.9190529191541,0.003942532199682238,True
8,0.9957274520849255,99.92018357777113,0.0043772833908924695,True
9,0.9927744539878083,99.92129083038174,0.004800386813671998,True
10,0.9892452969285004,99.92237531535028,0.005212183640776899,True
11,0.9852281360342515,99.92343764953584,0.005613003363187599,True
12,0.9807983646944296,99.92447842915132,0.006003164253702491,True
13,0.9760206482366149,99.92549823058297,0.006382973809607097,True
14,0.9709505944546686,99.92649761117237,0.006752729175379557,True
15,0.9656361333706098,99.92747710996284,0.007112717546483971,True
16,0.9601186626422924,99.9284372484122,0.0074632165552523605,True
17,0.954434002924965,99.92937853107344,0.007779000536316671,True
18,0.9486131982385806,99.930301446245,0.007977064473789122,True
19,0.9426831892554922,99.93120646659214,0.008142421590477737,True
20,0.9366673818775626,99.93209404974111,0.008275717056509504,True
21,0.9305861291319928,99.932964638847,0.008377107867090207,True
22,0.9244571409964927,99.93381866313699,0.008446345679602103,True
23,0.9182958340544896,99.93465653843012,0.008482817055954796,True
24,0.9121156307204276,99.93547866763448,0.02943762835327765,True
25,0.9059282160429991,99.93628544122332,0.030149918587974476,True
26,0.8997437586982626,99.93707723769073,0.030766018529753966,True
27,0.8935711016541907,99.9378544239882,0.031298830596068236,True
28,0.887417927068569,99.93861735594261,0.03175832252509387,True
29,0.8812908992306927,99.93936637865697,0.03215228938637364,True
30,0.875195788740725,99.94010182689428,0.03248688324540815,True
31,0.8536576732793313,99.94082402544566,0.03277378044059502,True
32,0.8301899714180443,99.9415332894833,0.03302346241752635,True
33,0.8301899714180443,99.9422299248989,0.03323759224722171,True
34,0.8301899714180443,99.94291422862851,0.033417860420015,True
35,0.8301899714180443,99.9435864889641,0.033565998182407804,True
36,0.8301899714180443,99.94424698585267,0.033683789991669016,True
37,0.8301899714180443,99.94424698585267,0.0337844173508037,True
38,0.8301899714180443,99.93728222996516,0.03394159678557269,True
39,0.8301899714180443,99.93729096989966,0.03407276746642887,True
40,0.8301899714180443,99.9373040752351,0.034179782966572744,True
41,0.804717519321077,99.93732154049725,0.03426466583867712,True
42,0.7771529943226336,99.93734335839599,0.03432960523107781,True
43,0.7473944462440387,99.93736951983298,0.03437695533488682,True
44,0.7153220528038851,99.81234361968306,0.020328572311721,True
45,0.6807937753703206,99.90282501561741,0.019235773615301346,True
46,0.6436394131461666,99.90295972828724,0.018136187420908133,True
47,0.603652249754401,99.90310077519379,0.017034891855487427,True
48,0.560576942614533,99.90324809951625,0.01593829072324864,True
49,0.5140912790181235,99.90340164217208,0.014853746583905545,True
50,0.4637773498877516,99.90356134187505,0.013788589764927186,True
51,0.40907313904382653,99.90372713519461,0.012751993330186952,True
52,0.3491843735073079,99.90389895661724,0.011755617394064546,True
53,0.2829047929798921,99.9040767386091,0.01081442177305404,True
54,0.208180945557171,99.90426041168023,0.009947582536670375,True
55,0.12068101401352381,99.9044499044499,0.009045496714783878,True
56,-0.0,99.9046451437134,0.00818601205237671,True
57,-0.0,99.90484605450962,0.007376160891876395,True
58,-0.0,99.9050525601899,0.006624566832914663,True
59,-0.0,99.90526458248748,0.005941753465681023,True
60,-0.0,99.9054820415879,0.0053402327595889944,True
61,-0.0,99.9057048561999,0.004833966445066275,True
62,-0.0,99.90593294362695,0.0044365765356629925,True
63,-0.0,99.90616621983914,0.004157832502251357,True
64,-0.0,99.9064045995454,0.003999040576334589,True
65,-0.0,99.90664799626592,0.0039497122435663695,True
66,-0.0,99.90689632240473,0.003988112164350411,True
67,-0.0,99.9071494893222,0.004085561730580393,True
68,-0.0,99.9074074074074,0.0042113528251618605,True
69,-0.0,99.9076699861505,0.00433891642476886,True
70,-0.0,99.9079371342145,0.004450378523520107,True
71,-0.0,99.90820875950695,0.00452967178887617,True
72,-0.0,99.90848476925088,0.004561501553586519,True
73,-0.0,99.9087650700554,0.004529951880107312,True
74,-0.0,99.90904956798545,0.004416504632014044,True
75,-0.0,99.90933816863101,0.004477727418179994,True
76,-0.0,99.90963077717532,0.004537559950321297,True
77,-0.0,99.90992729846234,0.004595995486977517,True
78,-0.0,99.91022763706316,0.004653028367646711,True
79,-0.0,99.91053169734151,0.004708653987939987,True
80,-0.0,99.91083938351802,0.004762868775011776,True
81,-0.0,99.91115059973345,0.004815670163140097,True
82,-0.0,99.91146525011067,0.004867056569388071,True
83,-0.0,99.91178323881537,0.004917027369308327,True
84,-0.0,99.91210447011552,0.0049655828726171075,True
85,-0.0,99.91242884843936,0.005012724298824936,True
86,-0.0,99.9127562784321,0.2115742971752878,True
87,-0.0,99.91308666501118,0.21158308940785464,True
88,-0.0,99.91341991341992,0.211595806306968,True
89,-0.0,99.91375592927986,0.21161293571743722,True
90,-0.0,99.91409461864147,0.21163492609773035,True
91,-0.0,99.91443588803325,0.21166218850861734,True
92,-0.0,99.91477964450938,0.21169509851233495,True
93,-0.0,99.91512579569566,0.21173399798749956,True
94,-0.0,99.91547424983396,0.22982349040497418,True
95,-0.0,99.91582491582491,0.3670316321835311,True
96,-0.0,99.91617770326907,0.375388133273305,True
97,-0.0,99.91653252250642,0.38268137623652715,True
98,-0.0,99.9168892846542,0.38902983898142907,True
99,-0.0,99.91724790164322,0.3945352635899744,True
100,-0.0,99.91760828625236,0.3992863357924353,True
101,-0.0,99.91797035214157,0.4251845397039085,True
102,-0.0,99.91833401388321,0.42941184891810713,True
103,-0.0,99.91869918699187,0.4332127986977627,True
104,-0.0,99.91906578795236,0.4993486687017869,True
105,-0.0,99.91943373424641,0.5944181871245217,True
106,-0.0,98.96842585204605,0.6014882729972104,True
107,-0.0,99.89275231429217,0.64063051882281,True
108,-0.0,99.89377760384637,0.6746197400928763,True
109,-0.0,99.89478930173321,0.7039908868840116,True
110,-0.0,99.89578762615182,0.7294401884837858,True
111,-0.0,99.89677279148104,0.7787854611971635,True
112,-0.0,99.89774500834186,0.8959932774398851,True
113,-0.0,99.89870448365943,0.927116781145738,True
114,-0.0,99.47974730583427,0.9492385245542133,True
115,-0.0,98.58525297149468,0.9284050766555458,True
116,-0.0,99.46852855356398,0.9446262076082739,True
117,-0.0,99.47343967786898,0.9592980242201943,True
118,-0.0,99.47828755562375,0.9713444318140305,True
119,-0.0,99.48307318062031,0.9810884212051414,True
120,-0.0,99.48779752937632,0.9888185449585709,True
121,-0.0,99.09477369342335,0.9856670666645324,True
122,-0.0,99.45210937889127,0.9897718354685319,True
123,-0.0,99.44940476190476,0.9925395175171551,True
124,-0.0,98.57936390896131,0.9642155681664213,True
125,-0.0,98.20335830028883,0.911217704463967,True
126,-0.0,98.5569422776911,0.8838085757914711,True
127,-0.0,98.5569422776911,0.8574463972141939,True
128,-0.0,98.5521376687954,0.8319852078164888,True
129,-0.0,98.55227882037534,0.8078461205542482,True
130,-0.0,98.55249049614972,0.7851760716761179,True
131,-0.0,98.14113764317608,0.7398777056004598,True
132,-0.0,97.32056955936118,0.5925950354643169,True
133,-0.0,98.15000238401754,0.5428273860934689,True
134,-0.0,98.16153882508625,0.495714674100285,True
135,-0.0,98.17295980511571,0.4531496783386556,True
136,-0.0,98.18426674096777,0.4110618975790145,True
137,-0.0,98.1954610320858,0.3683677989352202,True
138,-0.0,98.20654406060329,0.32817727846034067,True
139,-0.0,98.21751719145855,0.3324979920122174,True
140,-0.0,98.22838177251525,0.30349583942371355,True
141,-0.0,98.23913913468807,0.27860894988861423,True
142,-0.0,98.24979059207335,0.25784264198467516,True
143,-0.0,98.2603374420841,0.24082695637461096,True
144,-0.0,98.27078096558897,0.227672798328504,True
145,-0.0,98.28112242705514,0.21774563682710246,True
146,-0.0,98.29136307469427,0.2087487727129047,True
147,-0.0,98.3015041406118,0.20243841280567096,True
148,-0.0,98.3115468409586,0.21004974307742894,True
149,-0.0,98.32149237608542,0.2187832665429614,True
150,-0.0,98.33134193069918,0.2276694326159164,False
151,-0.0,98.05232081351484,0.3290102969818349,False
152,-0.0,98.38005467825519,0.3335829340550109,False
153,-0.0,98.38005467825519,0.3378423323947839,False
154,-0.0,98.38005467825519,0.34112820859048654,False
155,-0.0,98.04822043628013,0.3554792189384136,False
156,-0.0,98.3272217873182,0.3571094756211197,False
157,0.12068101401352381,98.31511839708561,0.35881470432301327,False
158,0.208180945557171,98.30304038597512,0.3605711569740633,False
159,0.2829047929798921,97.51378906902892,0.3244240205636646,False
160,0.3491843735073079,98.30835746967216,0.3257665027064746,False
161,0.40907313904382653,98.30835746967216,0.326940210153737,False
162,0.4637773498877516,98.30835746967216,0.3284091861275502,False
163,0.5140912790181235,98.30835746967216,0.3302361190141267,False
164,0.6318640827062832,98.28138163437237,0.33223914320390613,False
165,0.7164037343212466,98.30085802443045,0.33400602158996706,False
166,0.7881133310528374,98.30299944847482,0.3359395558693996,False
167,0.8513226827573213,98.301043219076,0.3378241133155942,False
168,0.9080831196860789,97.94336810730253,0.33260977483675763,False
169,0.959598657344105,97.94025896329217,0.3274941362370553,False
170,1.006661191043945,97.94159269265405,0.32338496280707624,False
171,1.0498302157100041,97.11530255184775,0.21070771634556407,False
172,1.0895209637560108,97.94063946329243,0.20690069152802915,False
173,1.1260528027543955,97.92953606271035,0.20274823873117698,False
174,1.1596780472087271,97.93135872120358,0.19905377569145088,False
175,1.1906001864191973,97.65896325515585,0.16872084297765932,False
176,1.2189859772419214,97.96997978581567,0.16798952262512956,False
177,1.2449737775841294,97.95741359122252,0.16685566210935868,False
178,1.2686794699537274,97.94481612663431,0.16534554536252932,False
179,1.2902007807553537,97.93218993871523,0.16397289732991324,False
180,1.30962049684272,97.9195376750389,0.1627679888046832,False
181,1.3270089026073437,97.90686208596657,0.16175318700507774,False
182,1.3424256522693587,97.89416602648109,0.16183614467960353,False
183,1.3559212235520337,97.88145245797075,0.16223208809375084,False
184,1.3675380544221296,97.86872444995636,0.162951651814114,False
185,1.3773114348674147,97.85598518175503,0.16397761276638279,False
186,1.3852702053381707,97.84323794407358,0.16525994267398275,False
187,1.3914372992027793,97.83048614052426,0.1666671335652721,False
188,1.3958301562928708,97.81773328905545,0.1681895559542312,False
189,1.3984610270106805,97.80498302328918,0.16981777205301743,False
190,1.3993371806574677,97.79223909375753,0.17025594919830556,False
191,1.3984610270106805,97.77950536902969,0.17087710905322256,False
192,1.3958301562928708,97.7667858367207,0.29644918749134275,False
193,1.3914372992027793,97.75408460437336,0.2973322663450428,False
194,1.3852702053381707,97.74140590020397,0.29793840346593525,False
195,1.3773114348674147,97.72875407370269,0.31043839452927613,False
196,1.3675380544221296,97.71613359607903,0.4243660837993429,False
197,1.3559212235520337,97.7035490605428,0.43301088199712007,False
198,1.3424256522693587,97.69100518241059,0.4405889583357705,False
199,1.3270089026073437,97.67850679902797,0.4470497124745285,False
200,1.30962049684272,97.66605886949726,0.4525144321411661,False
201,1.2902007807553537,97.65366647420083,0.4570914040319135,False
202,1.2686794699537274,97.64133481410968,0.47210881492551443,False
203,1.2449737775841294,97.62906920986734,0.4767885538367793,False
204,1.2189859772419214,97.61687510063872,0.48128529265887815,False
205,1.1906001864191973,97.60475804271425,0.48560372474877295,False
206,1.1596780472087271,97.59272370785905,0.4895720796743473,False
207,1.1260528027543955,97.58077788139778,0.49339669278554815,False
208,1.0895209637560108,97.56892646002541,0.4970725759317435,False
209,1.0498302157100041,97.55717544933503,0.5005949474710552,False
210,1.006661191043945,97.54553096105352,0.5039592526748038,False
211,0.959598657344105,97.53399920997687,0.5071611862076619,False
212,0.9080831196860789,96.61418655832064,0.4493289589409749,False
213,0.8513226827573213,97.47192596354607,0.4523867806165386,False
214,0.7881133310528374,97.47192596354607,0.4555058521280904,False
215,0.7164037343212466,97.22143303596795,0.45051817114488724,False
216,0.6318640827062832,96.31797261208023,0.3496253046751914,False
217,0.5140912790181235,97.15892948462981,0.34308750836217566,False
218,0.4637773498877516,97.15892948462981,0.33743742917365394,False
219,0.40907313904382653,97.15892948462981,0.3326142881123248,False
220,0.3491843735073079,97.15892948462981,0.3285526773075197,False
221,0.2829047929798921,97.15892948462981,0.3251838454156784,False
222,0.208180945557171,96.90485725728017,0.30501660558490507,False
223,0.12068101401352381,97.08542134669662,0.3005117948418897,False
224,-0.0,97.06581617860249,0.295716289785622,False
225,-0.0,97.04629035082598,0.29061264666013825,False
226,0.12068101401352381,97.02685234150067,0.2855262151454579,False
227,0.208180945557171,97.00751079306878,0.2817777051386297,False
228,0.2829047929798921,96.9882745074698,0.27813657098023364,False
229,0.3491843735073079,96.96915244085055,0.2745860832598924,False
230,0.40907313904382653,96.95015369778795,0.27110928065356843,False
231,0.4637773498877516,96.93128752501667,0.2676893100246898,False
232,0.5140912790181235,96.91256330465556,0.26430977570598896,False
233,0.560576942614533,96.89399054692775,0.26135449881100153,False
234,0.560576942614533,96.8755788823711,0.25852486336813496,False
235,0.603652249754401,96.85733805353705,0.25583551505013563,False
236,0.6436394131461666,96.83927790617777,0.253300845592806,False
237,0.6807937753703206,96.82140837992337,0.2509347903734186,False
238,0.7153220528038851,96.8037394984524,0.2487506032077596,False
239,0.7473944462440387,96.78628135916163,0.2467606108526474,False
240,0.7771529943226336,96.76904412234212,0.24497595096584887,False
241,0.7771529943226336,96.75203799987162,0.24340629853483794,False
242,0.7771529943226336,96.73527324343506,0.24205958692360335,False
243,0.7771529943226336,96.71876013228714,0.23941139274513992,False
244,0.804717519321077,96.70250896057348,0.23697053324150028,False
245,0.804717519321077,96.68653002422893,0.2347693450818359,False
246,0.804717519321077,96.67083360747418,0.23241802955183208,False
247,0.9186594970880807,96.65542996893383,0.22831625873701908,False
248,0.9992889743797904,96.6403293274019,0.22399615948535082,False
249,1.0670056836533544,96.62554184728243,0.21949644027487464,False
250,1.1261358508278747,96.61107762373585,0.29870033346227415,False
251,1.1261358508278747,96.59694666756339,0.2972292496460009,False
252,1.1494318918359776,96.58315888986427,0.3462824722616249,False
253,1.1706718933538656,96.5697240865026,0.3457177684638044,False
254,1.1899285414712581,96.55665192242259,0.34495029266698274,False
255,1.2072640872959293,96.54395191585274,0.3439928694548686,False
256,1.222731822382257,96.53163342244157,0.34285870666479923,False
257,1.2363772403452271,96.5197056193686,0.3985085347356735,False
258,1.2482389571842902,96.50817748947622,0.39955958245525414,False
259,1.2583494426149708,96.49705780546903,0.44528237637641843,False
260,1.2667356005770385,96.48635511422818,0.4471479093439214,False
261,1.2734192269994746,96.47607772128978,0.4486254427399182,False
262,1.278417365535648,96.466233675536,0.44974380067340824,False
263,1.2817425764699486,96.45683075414887,0.45053149510085366,False
264,1.2834031297544843,96.44787644787645,0.4510169167678337,False
265,1.2834031297544843,96.43937794666104,0.4512285019863237,False
266,1.2817425764699486,96.43134212567882,0.45119487822660365,False
267,1.278417365535648,96.42377553183971,0.45094499052796405,False
268,1.2734192269994746,96.41668437079527,0.4764713650132598,False
269,1.2667356005770385,96.4100744945016,0.477412220715237,False
270,1.2583494426149708,95.62256119191203,0.47665244002245044,False
271,1.2482389571842902,96.31074849237318,0.573744635940525,False
272,1.2363772403452271,95.6790562149101,0.5810109284115791,False
273,1.222731822382257,96.24172538970745,0.6722946546323323,False
274,1.2072640872959293,96.23636752441371,0.7019359795788647,False
275,1.2072640872959293,96.2315323674256,0.7274854853705558,False
276,1.2072640872959293,96.2272240085745,0.749532940504946,False
277,1.2072640872959293,95.47695605573419,0.7406168513737055,False
278,1.2072640872959293,96.11289746337978,0.7563637341206725,False
279,1.2072640872959293,95.45096917244832,0.7802690484361499,False
280,1.2072640872959293,96.03407545278831,0.7949979513574083,False
281,1.2072640872959293,96.03123432910667,0.847566693007002,False
282,1.2072640872959293,96.02895849759874,0.8631957195196369,False
283,1.2072640872959293,96.02724991036213,0.8774094378411231,False
284,1.299919377942921,96.02611003514812,0.8895804958305373,False
285,1.3584731767085907,96.02553985221321,0.899925846613935,False
286,1.448421837384915,96.02553985221321,0.9086380369749447,False
287,1.5250033289027036,96.02611003514812,0.9158904552204417,False
288,1.5437837580025746,95.46630262968817,0.9093823165009395,False
289,1.6066937081121804,95.9271785277398,0.9141686165643454,False
290,1.660891355533914,95.1880889016759,0.8955430532252386,False
291,1.660891355533914,94.63449765934462,0.8400951399152345,False
292,1.660891355533914,95.08976854856154,0.8180131508767828,False
293,1.708417424210074,94.44083928185161,0.7462871024600426,False
294,1.75046449648776,94.97440334559089,0.7505235741430876,False
295,1.772516280933325,94.97440334559089,0.7272159175759555,False
296,1.8064736388416875,94.97440334559089,0.7052293333252122,False
297,1.8367038477065525,94.97440334559089,0.7051753947315387,False
298,1.8635122587502104,94.97440334559089,0.688300568651451,False
299,1.887135933913326,94.41356910862504,0.6316509633093583,False
300,1.9077617217093203,94.85660622697392,0.6460365293799873,False
301,1.9255381735054666,94.22812974066315,0.5747691051026368,False
302,1.928806837323499,94.72657660911652,0.5505855990405896,False
303,1.928806837323499,94.72657660911652,0.5270243605493005,False
304,1.9255381735054669,94.72657660911652,0.5058364942401371,False
305,1.9358358722930817,94.72657660911652,0.48671112727883326,False
306,1.9278749641369255,94.72657660911652,0.4696719282627538,False
307,1.9166262669922878,94.72657660911652,0.45472662553802706,False
308,1.8759241908532287,94.72657660911652,0.4404439007019193,False
309,1.826002609239405,94.72657660911652,0.42807975366334355,False
310,1.7625791710153629,94.72657660911652,0.41660795934924194,False
311,1.6652934434860063,94.72657660911652,0.40692809687973075,False
312,1.6462326537833865,94.72657660911652,0.3990741892926898,False
313,1.6462326537833865,94.72657660911652,0.39284822533895225,False
314,1.6443006390407007,94.00216528329123,0.32364814228752603,False
315,1.6404301389184959,94.63551806186459,0.3168820877896557,False
316,1.6346080810900911,94.63449765934462,0.31934062714315914,False
317,1.6268145227215673,94.05533938607869,0.27144456181856186,False
318,1.6170222298160453,94.5073163699272,0.27058580724402265,False
319,1.605196081877175,94.49170872386446,0.27197773991145757,False
320,1.5912922678886339,93.73695198329854,0.18179326733836884,False
321,1.5752572246497292,94.40132240908437,0.18907263557355197,False
322,1.5570262476364447,94.4041896836215,0.19921109884047458,False
323,1.536521674435773,94.40784762995847,0.21328163333123767,False
324,1.5136504959787702,94.41229010360843,0.2302950077087101,False
325,1.4883011820579903,94.41751033794382,0.24632984513321693,False
326,1.4603393987966544,94.423500960239,0.26320188785093923,False
327,1.4296021173436249,94.43025400879807,0.28067049353374157,False
328,1.3958893087538877,94.43776095110042,0.29705839932913597,False
329,1.3589518762806723,94.44601270289344,0.3134971845574407,False
330,1.3184734496942832,94.45499964815987,0.3296645343571436,False
331,1.274041593212218,94.46471165988494,0.34402435437889284,False
332,1.274041593212218,94.47513812154696,0.3580016593045117,False
333,1.274041593212218,94.48626794925414,0.3716875724537183,False
334,1.274041593212218,94.49808961444946,0.3850445242291937,False
335,1.2250994253767957,94.51059116710508,0.39803652605129813,False
336,1.2380473172784794,94.17890889026829,0.4049822168292761,False
337,1.2444016707687173,94.68187439879071,0.4147346489222355,False
338,1.2444016707687173,94.71173504157012,0.42345174707442157,False
339,1.2380473172784794,94.74182211408488,0.4310885860077831,False
340,1.2250994253767957,94.77211796246648,0.43760444718841923,False
341,1.2050203043653231,94.80260534361292,0.44296159159759224,False
342,1.1448025073660157,94.8332674311322,0.4471241876146977,False
343,1.0760226197984133,94.87062205959226,0.44977079066108544,False
344,0.9943533402865056,94.91448561803576,0.4505301845588556,False
345,0.9121808156018082,94.9367088607595,0.4515973455058054,False
346,0.7967286463062392,94.95944380069525,0.45195097096009224,False
347,0.7967286463062392,94.98267676119595,0.45101176982997815,False
348,0.7967286463062392,95.00639386189258,0.4505312973082455,False
349,0.6807937753703206,95.03058103975535,0.4497819550132779,False
350,0.6807937753703206,95.05522407007744,0.44880884263148785,False
351,0.6807937753703206,95.08030858732768,0.4489086114789624,False
352,0.6436394131461666,95.1058201058201,0.44899878381965325,False
353,0.603652249754401,95.13174404015056,0.44910213099641605,False
354,0.603652249754401,95.158065725353,0.4492522820434107,False
355,0.603652249754401,95.18477043673012,0.4494936683391284,False
356,0.603652249754401,95.21184340931616,0.44983382520860027,False
357,0.603652249754401,95.23926985693143,0.45028030499842164,False
358,0.603652249754401,95.2670349907919,0.45084063638336097,False
359,0.603652249754401,95.29512403763901,0.45152228150562057,False
360,0.603652249754401,95.3235222573583,0.4523325912799846,False
361,0.603652249754401,95.35221496005809,0.4532787592548883,False
362,0.603652249754401,95.3811875225822,0.4543677744723138,False
363,0.603652249754401,95.4104254044338,0.4556063738162915,False
364,0.603652249754401,95.43991416309012,0.45700099437879094,False
365,0.603652249754401,95.4696394686907,0.45855772640064174,False
366,0.603652249754401,95.49958711808422,0.46028226736247685,False
367,0.603652249754401,95.52974304822246,0.4627273324567101,False
368,0.603652249754401,95.56009334889148,0.46511679906660586,False
369,0.603652249754401,95.59062427477373,0.4674343126526202,False
370,0.603652249754401,95.62132225683628,0.4696644036567002,False
371,0.603652249754401,95.65217391304348,0.4717924561353528,False
372,0.603652249754401,95.68316605839416,0.473804674737374,False
373,0.603652249754401,95.71428571428571,0.4756880506966297,False
374,0.603652249754401,95.74552011720951,0.4774200055856959,False
375,0.603652249754401,95.77685672678392,0.4789684906007681,False
376,0.603652249754401,95.80828323313293,0.4803365927722769,False
377,0.603652249754401,95.83978756362028,0.48152750655125737,False
378,0.603652249754401,95.87135788894997,0.48254452501215295,False
379,0.603652249754401,95.90298262864634,0.48339103120228893,False
380,0.603652249754401,95.93465045592706,0.48407048965394767,False
381,0.603652249754401,95.96635030198446,0.484586438073889,False
382,0.603652249754401,95.99807135969142,0.4849424792239792,False
383,0.603652249754401,96.02980308674827,0.4851422730054813,False
384,0.603652249754401,96.06153520828929,0.4851895287582895,False
385,0.603652249754401,96.0932577189666,0.4839920494809006,False
386,0.603652249754401,96.12496088453113,0.48659867152437286,False
387,0.603652249754401,96.15663524292965,0.4880959272377214,False
388,0.603652249754401,96.18827160493827,0.48857780013488056,False
389,0.603652249754401,96.21986105435226,0.488126486841929,False
390,0.6436394131461666,96.25139494775287,0.48681430906029144,False
391,0.6807937753703206,96.28286491387126,0.4847052095217206,False
392,0.6807937753703206,96.31426285257051,0.48185593714386105,False
393,0.6436394131461666,96.34558093346574,0.46941346533021716,False
394,0.603652249754401,96.3768115942029,0.46386397954305225,False
395,0.560576942614533,96.40794753841637,0.4609063043986744,False
396,0.560576942614533,96.43898173338515,0.4566501245109849,False
397,0.560576942614533,96.4699074074074,0.4512004921309916,False
398,0.560576942614533,96.5007180469124,0.44464732233470816,False
399,0.5140912790181235,96.5314073933289,0.43706720443326214,False
400,0.4637773498877516,96.56196943972836,0.4240417326307945,False
401,0.40907313904382653,96.59239842726082,0.4176838124489611,False
402,0.3491843735073079,96.6226888414011,0.41065237094415813,False
403,0.3491843735073079,96.65283540802213,0.4021334055708238,False
404,0.3491843735073079,96.68283308931186,0.3955211371335299,False
405,0.3491843735073079,96.68997457319288,0.4064582972191673,False
406,0.3491843735073079,96.79643146796431,0.40905228777419,False
407,0.3491843735073079,96.81003584229391,0.4172510602814949,False
408,0.46824757305098735,96.82377049180327,0.42453123894690314,False
409,0.5541015302865538,96.83762955089024,0.43099940437774414,False
410,0.5541015302865538,96.85160722148834,0.4370197737675356,False
411,0.6271502454482835,96.86569777622132,0.4423714044678535,False
412,0.6917244835981394,96.8798955613577,0.4514197065702381,False
413,0.7498765864518437,96.44908616187989,0.46810680943245087,False
414,0.8028116417452926,96.86248912097476,0.47554957918832763,False
415,0.8513226827573213,96.95061031232353,0.4787635122219319,False
416,0.8959704136014895,96.95061031232353,0.4817120109450359,False
417,0.9371713531760616,96.95061031232353,0.4845253098149973,False
418,0.9752462395674341,96.95061031232353,0.48717924778925104,False
419,1.0305279703180825,96.95061031232353,0.4896552715048884,False
420,1.0805333164475432,96.7594804743495,0.49580931038277154,False
421,1.114696123966521,97.02879979149472,0.4951993596592326,False
422,1.1461683299371317,97.03867499132848,0.4943333866704356,False
423,1.1751172867945407,97.0271322861223,0.49392176935453197,False
424,1.201681991620676,97.09794437726723,0.4908518256154415,False
425,1.2259790140555222,97.38728623250994,0.4737272558506139,False
426,1.2481068205144499,97.3712561947856,0.4586241268334647,False
427,1.2681489963097885,97.46302029583764,0.4383940612929262,False
428,1.2861766890619075,97.47052518756699,0.4186324183513238,False
429,1.3022504881911108,97.47820140194905,0.39931221433435815,False
430,1.3164218868227548,97.49030636158336,0.3800959924340581,False
431,1.3287344279695676,97.49830105334692,0.361179132528751,False
432,1.3392246071829446,97.5763738824626,0.3369986736400876,False
433,1.347922583568817,97.5763738824626,0.3136411361671179,False
434,1.347922583568817,97.5763738824626,0.2943560089230456,False
435,1.347922583568817,97.5763738824626,0.2739037866897992,False
436,1.347922583568817,97.5763738824626,0.25462416070502897,False
437,1.3852702053381705,97.5763738824626,0.23627461523510063,False
438,1.4184645038322823,97.5763738824626,0.21896615626348667,False
439,1.4479062086941699,97.5763738824626,0.2027650145278818,False
440,1.4479062086941699,97.5763738824626,0.18775025689177818,False
441,1.4479062086941699,97.5763738824626,0.17401960140166467,False
442,1.4479062086941699,97.5763738824626,0.16167973481139558,False
443,1.4479062086941699,97.5763738824626,0.1509504864360894,False
444,1.4479062086941699,97.5763738824626,0.14539421108466496,False
445,1.4479062086941699,97.5763738824626,0.14199623017008597,False
446,1.4479062086941699,97.5763738824626,0.14020951309895943,False
447,1.4479062086941699,97.5763738824626,0.18545552826052555,False
448,1.4479062086941699,97.5763738824626,0.189121338716615,False
449,1.4479062086941699,97.5763738824626,0.19504495582166592,False
450,1.4479062086941699,97.5763738824626,0.2227937768606567,False
451,1.441499001640642,97.5763738824626,0.23239802856259595,False
452,1.4332278865247239,97.5763738824626,0.23168473425977718,False
453,1.4332278865247239,97.5763738824626,0.2446599493473903,False
454,1.4332278865247239,97.33062158383119,0.2524652551260047,False
455,1.4332278865247239,97.6484047286132,0.2618563386883845,False
456,1.4332278865247239,97.65849535080304,0.2700819588619391,False
457,1.4332278865247239,97.66873234686565,0.2773031055911529,False
458,1.4230670603378361,97.67911200807265,0.2835797710231027,False
459,1.4109839980999699,97.68963059247767,0.2890089527021558,False
460,1.4109839980999699,97.70028432848302,0.2936712300018183,False
461,1.4109839980999699,97.71106941838649,0.2976315131072286,False
462,1.4109839980999699,97.72198204190222,0.3009476783158062,False
463,1.4109839980999699,97.73301835965022,0.30361785951035797,False
464,1.4109839980999699,97.78135845314824,0.30471150714087053,False
465,1.4109839980999699,97.79323973815308,0.32970021542506134,False
466,1.4109839980999699,97.80111585165737,0.3289066471701995,False
467,1.4109839980999699,97.04888302695574,0.3044640493088525,False
468,1.4109839980999699,97.84265010351967,0.301378804680113,False
469,1.378534725137646,97.87462341628492,0.29711314885587553,False
470,1.3424256522693587,97.12710388856645,0.2767506244408384,False
471,1.3424256522693587,97.92213200083282,0.26897463842575214,False
472,1.3022504881911108,97.6223193837185,0.2699854955518996,False
473,1.2574580300524587,97.98042889860504,0.25881344944511187,False
474,1.2407449439357603,97.97992471769135,0.2479992979053311,False
475,1.2220947914756686,97.97958583609862,0.23757626604954943,False
476,1.201446120023029,97.97941449422088,0.22755648843529874,False
477,1.1787269834988532,97.97941288600839,0.2179504339766083,False
478,1.1538530565800795,97.97958315610379,0.20840503617237247,False
479,1.1267251857192595,97.97992739696775,0.19929732331868974,False
480,1.0730208202534555,97.98044764599949,0.19064772359727625,False
481,1.012803023254148,97.98114588265679,0.182274132936121,False
482,0.9822408213425595,97.9820240255812,0.17438047034244405,False
483,0.9491912500871044,97.98308392973324,0.1669472711837626,False
484,0.9134853951751389,97.98432738354376,0.16001567656603835,False
485,0.8749177494187964,97.20069656073139,0.08977918694940257,False
486,0.8332341082038747,97.9320853286896,0.08295082134035933,False
487,0.7881133310528374,97.9320853286896,0.07641476384376374,False
488,0.7391385203526044,97.9320853286896,0.07016218159638267,False
489,0.6857486151292823,97.9320853286896,0.06418355683510081,False
490,0.6271502454482835,97.9320853286896,0.058468651471835234,False
491,0.5621380056254565,97.9320853286896,0.16904968499198766,False
492,0.48865925334338955,97.9320853286896,0.16880210007672564,False
493,0.4023829390456117,97.9320853286896,0.1687262996662404,False
494,0.2829047929798921,97.9320853286896,0.1776736272995054,False
495,0.2829047929798921,97.9320853286896,0.1793600493130132,False
496,0.2829047929798921,97.9320853286896,0.27110168733935985,False
497,0.2829047929798921,97.9320853286896,0.335021411695961,False
498,0.208180945557171,97.9320853286896,0.3855388292741505,False
499,0.12068101401352381,97.9320853286896,0.4273417820318098,False
500,-0.0,97.9320853286896,0.46288939686415836,False
501,-0.0,97.9320853286896,0.4727755632995267,False
502,-0.0,97.9320853286896,0.5052044911309052,False
503,-0.0,97.9320853286896,0.533409605584407,False
504,-0.0,97.9320853286896,0.5581084065177774,False
505,-0.0,97.9320853286896,0.5798325412561256,False
506,-0.0,97.9320853286896,0.5989864749757597,False
507,-0.0,97.9320853286896,0.6158885441902965,False
508,-0.0,97.9320853286896,0.6307964155287252,False
509,-0.0,97.9320853286896,0.6439236622933834,False
510,-0.0,97.9320853286896,0.6554509979011892,False
511,-0.0,97.1963430561602,0.645885122508611,False
512,-0.0,97.98432738354376,0.6545858331816762,False
513,-0.0,97.98308392973324,0.6620786023406995,False
514,-0.0,97.62336876674445,0.6661724646047663,False
515,-0.0,98.01558262666265,0.6711904542557908,False
516,-0.0,98.81623692479876,0.6444770134077749,False
517,-0.0,98.81656804733728,0.6178570501796748,False
518,-0.0,98.81699765107837,0.591346990398603,False
519,-0.0,98.81752445767758,0.5649672924518022,False
520,-0.0,98.81814715974076,0.5387433410169924,False
521,-0.0,98.48139711465451,0.5320590923355614,False
522,-0.0,98.86587978325703,0.5024721189782997,False
523,-0.0,98.86587978325703,0.47318538025018236,False
524,-0.0,98.86587978325703,0.44424597396621796,False
525,-0.0,98.86587978325703,0.4156343230978668,False
526,-0.0,98.86587978325703,0.38754368808903494,False
527,-0.0,98.86587978325703,0.3600950798138757,False
528,-0.0,98.86587978325703,0.3333022157628644,False
529,-0.0,98.86587978325703,0.3071794574538568,False
530,-0.0,98.86587978325703,0.281741774762856,False
531,-0.0,98.86587978325703,0.2570046562314964,False
532,-0.0,98.86587978325703,0.23297034886876064,False
533,0.12068101401352381,98.86587978325703,0.20966908415016838,False
534,0.208180945557171,98.86587978325703,0.18711582436192575,False
535,0.2829047929798921,98.86587978325703,0.16532367737201806,False
536,0.3491843735073079,98.86587978325703,0.1444180551421671,False
537,0.40907313904382653,98.86587978325703,0.12455362520679775,False
538,0.4637773498877516,98.86587978325703,0.10565982876180072,False
539,0.5140912790181235,98.86587978325703,0.08781322928278595,False
540,0.560576942614533,98.86587978325703,0.07112179085045733,False
541,0.603652249754401,98.86587978325703,0.055753600515742026,False
542,0.6436394131461666,98.86587978325703,0.046489174881871716,False
543,0.6807937753703206,98.86587978325703,0.04031704467913309,False
544,0.7153220528038851,98.86587978325703,0.037610782681309955,False
545,0.7473944462440387,98.86587978325703,0.03882698457110305,False
546,0.7771529943226336,98.86587978325703,0.041389831603921345,False
547,0.804717519321077,98.86587978325703,0.04397874461340842,False
548,0.8301899714180443,98.86587978325703,0.04657448128689626,False
549,0.8536576732793313,98.86587978325703,0.19745601044306837,False
550,0.875195788740725,98.86587978325703,0.19743254684854894,False
551,0.8948692308065574,98.86587978325703,0.2149698874340528,False
552,0.9127341558073343,98.86587978325703,0.21533609307876994,False
553,0.9288391461883214,98.86587978325703,0.2156620597476026,False
554,0.9432261548473415,98.86587978325703,0.21595233462627086,False
555,0.9559312637896478,98.86587978325703,0.21621105569865703,False
556,0.9669852958320848,98.83996613039797,0.27582980901477494,False
557,0.976414308115487,98.82227437593343,0.276832614222316,False
558,0.9842399889605549,98.81730603819027,0.28438375583912495,False
559,0.9904799742690308,98.81236183953881,0.2862657993224982,False
560,0.995148095654003,98.80744364843613,0.28800120115232564,False
561,0.9982545693874831,98.80255337882457,0.28959971865421424,False
562,0.999806132804711,98.79769299023957,0.2910706658673506,False
563,0.999806132804711,98.79286448786158,0.2924229631861835,False
564,0.9982545693874831,98.78806992250856,0.2936651797445117,False
565,0.995148095654003,98.78331139056613,0.2948055695534769,False
566,0.9904799742690308,98.77859103385178,0.29585210221536884,False
567,0.9842399889605549,98.77391103941,0.33439312160720325,False
568,0.976414308115487,98.76927363923463,0.3364069761794039,False
569,0.9669852958320848,97.97856908895231,0.27631216298310624,False
570,0.9559312637896478,98.81199321138978,0.28030465617533634,False
571,0.9432261548473415,98.42493614605998,0.3599756082066299,False
572,0.9288391461883214,98.84692037581854,0.411134385725795,False
573,0.9127341558073343,98.8431569386682,0.47374137675073447,False
574,0.8948692308065574,98.83944909948956,0.525476219851741,False
575,0.875195788740725,98.83579917535775,0.5694113998494338,False
576,0.8536576732793313,98.02110817941953,0.58274438357184,False
577,0.8301899714180443,98.87297603228505,0.6166921838476236,False
578,0.804717519321077,98.4648040280383,0.6208079976145443,False
579,0.7771529943226336,98.90093568988564,0.6198840130752435,False
580,0.7473944462440387,98.89808536098923,0.6356701266491005,False
581,0.7153220528038851,98.8953050464474,0.660111099938209,False
582,0.6807937753703206,98.89259708737865,0.6809894755909006,False
583,0.6436394131461666,98.88996384744641,0.6995080801354933,False
584,0.603652249754401,98.88740771123872,0.7159185868735541,False
585,0.560576942614533,98.88493108254607,0.7304313835019548,False
586,0.5140912790181235,98.88253638253639,0.7432258493478812,False
587,0.4637773498877516,98.05347705509915,0.7375068421984643,False
588,0.40907313904382653,98.90724805996938,0.746046099915091,False
589,0.3491843735073079,98.74629707998307,0.7539785607689925,False
590,0.2829047929798921,98.93994805745481,0.7593918811047384,False
591,0.208180945557171,99.81286424637759,0.7262509137193338,False
592,0.12068101401352381,99.65718570892925,0.7039517361903626,False
593,-0.0,99.8497612276654,0.6633413551228957,False
594,-0.0,99.84908101115722,0.6281040946686726,False
595,-0.0,99.8484110226842,0.5928580944985102,False
596,-0.0,99.84775161763906,0.5692290378068802,False
597,-0.0,99.84710315076721,0.536429968784254,False
598,-0.0,99.407797335088,0.530693385411962,False
599,-0.0,98.96282548174027,0.5309496669168358,False
600,-0.0,99.67481437320471,0.5128868056310202,False
601,-0.0,99.86548291633038,0.48143263241674533,False
602,-0.0,99.86610251191688,0.4518331262883703,False
603,-0.0,99.8667306359614,0.4229185392213078,False
604,-0.0,99.86736696906998,0.39484534286539175,False
605,0.12068101401352381,99.86801119265087,0.36881880671010925,False
606,0.208180945557171,99.86866298923036,0.34260201807095336,False
607,0.2829047929798921,99.86932204275783,0.31987621061817634,False
608,0.3491843735073079,99.86998803889958,0.298353795414737,False
609,0.40907313904382653,99.87066066532154,0.3284051644443395,False
610,0.4637773498877516,99.87133961196027,0.3127165437441633,False
611,0.5140912790181235,99.87202457128231,0.298453407842415,False
612,0.560576942614533,99.87271523853164,0.2857509341545115,False
613,0.603652249754401,99.5290900805104,0.28622987305422326,False
614,0.6436394131461666,99.88921899390705,0.2754936716015403,False
615,0.6807937753703206,99.88921899390705,0.26644195853922015,False
616,0.7153220528038851,99.0130419457173,0.23236048067778342,False
617,0.7473944462440387,99.92446749584572,0.22171674919309842,False
618,0.7771529943226336,99.9250299880048,0.21471637864411725,False
619,0.804717519321077,99.7817352051193,0.2145627680031015,False
620,0.8301899714180443,99.94092162268609,0.21020997544555312,False
621,0.8536576732793313,99.94092162268609,0.20727608906449743,False
622,0.875195788740725,99.94092162268609,0.20446719628467264,False
623,0.8948692308065574,99.94092162268609,0.2019907512203448,False
624,0.9127341558073343,99.94092162268609,0.19941217603972597,False
625,0.9288391461883214,99.58908856874103,0.19475303881235642,False
626,0.9432261548473415,99.92532855436082,0.19246736402495518,False
627,0.9559312637896478,99.92492116722559,0.1899391138870711,False
628,0.9669852958320848,99.92451690821257,0.1874979796343177,False
629,0.976414308115487,99.01871980676329,0.06675849957393577,False
630,0.9842399889605549,99.88929146537842,0.06430644397613831,False
631,0.9904799742690308,99.88929146537842,0.06226236913577344,False
632,0.995148095654003,99.88929146537842,0.06024171529034078,False
633,0.9982545693874831,99.88929146537842,0.05824757753768113,False
634,0.999806132804711,99.88929146537842,0.05628347847118379,False
635,0.999806132804711,99.88929146537842,0.05435342845145442,False
636,0.9982545693874831,99.88929146537842,0.052110742084896924,False
637,0.995148095654003,99.88929146537842,0.049849111256607966,False
638,0.9904799742690308,99.88929146537842,0.04756478687009858,False
639,0.9842399889605549,99.88929146537842,0.04525321218243034,False
640,0.976414308115487,99.88929146537842,0.042374784387693966,False
641,0.9669852958320848,99.88929146537842,0.03933984896378024,False
642,0.9559312637896478,99.88929146537842,0.03610626040147467,False
643,0.9432261548473415,99.88929146537842,0.03261203275492104,False
644,0.9288391461883214,99.88929146537842,0.029990407562911815,False
645,0.9127341558073343,99.88929146537842,0.02711675222182392,False
646,0.8948692308065574,99.88929146537842,0.02390033045033604,False
647,0.875195788740725,99.88929146537842,0.023060875528133407,False
648,0.8536576732793313,99.88929146537842,0.02211382035973336,False
649,0.8301899714180443,99.88929146537842,0.021040020488985418,False
650,0.804717519321077,99.88929146537842,0.020164712043855868,False
651,0.7771529943226336,99.88929146537842,0.019125335060369317,False
652,0.7473944462440387,99.88929146537842,0.01788504303465381,False
653,0.7153220528038851,99.88929146537842,0.016389276843314884,False
654,0.6807937753703206,99.88929146537842,0.014549334986616666,False
655,0.6436394131461666,99.88929146537842,0.012198476862479005,False
656,0.603652249754401,99.88929146537842,0.010788998552189552,False
657,0.560576942614533,99.88929146537842,0.008992893221889002,False
658,0.5140912790181235,99.88929146537842,0.006488858026498912,False
659,0.4637773498877516,99.88929146537842,1.4210854715202004e-14,False
660,0.40907313904382653,99.88929146537842,1.4210854715202004e-14,False
661,0.3491843735073079,99.88929146537842,1.4210854715202004e-14,False
662,0.2829047929798921,99.88929146537842,1.4210854715202004e-14,False
663,0.208180945557171,99.88929146537842,1.4210854715202004e-14,False
664,0.12068101401352381,99.88929146537842,1.4210854715202004e-14,False
665,-0.0,99.88929146537842,1.4210854715202004e-14,False
666,-0.0,99.88929146537842,1.4210854715202004e-14,False
667,-0.0,99.88929146537842,1.4210854715202004e-14,False
668,-0.0,99.88929146537842,1.4210854715202004e-14,False
669,-0.0,99.88929146537842,1.4210854715202004e-14,False
670,-0.0,99.88929146537842,1.4210854715202004e-14,False
671,-0.0,99.88929146537842,1.4210854715202004e-14,False
672,-0.0,99.88929146537842,0.08384123019908599,False
673,-0.0,99.88929146537842,0.08390049015942663,False
674,-0.0,99.88929146537842,0.08395822540880486,False
675,-0.0,99.88929146537842,0.08401420845766451,False
676,0.12068101401352381,99.88929146537842,0.08406822291652356,False
677,0.208180945557171,99.88929146537842,0.08412006520111914,False
678,0.2829047929798921,99.88929146537842,0.08416954624211573,False
679,0.3491843735073079,99.88929146537842,0.08421649319864095,False
680,0.40907313904382653,99.88929146537842,0.21968422388413725,False
681,0.4637773498877516,99.88929146537842,0.21977223660691844,False
682,0.5140912790181235,99.88929146537842,0.21984455760220717,False
683,0.560576942614533,99.88929146537842,0.2199027351326679,False
684,0.603652249754401,99.88929146537842,0.21994831288442626,False
685,0.6436394131461666,99.88929146537842,0.2199828309116091,False
686,0.6807937753703206,99.88929146537842,0.22000782646831585,False
687,0.7153220528038851,99.88929146537842,0.22002483472992385,False
688,0.7473944462440387,99.88929146537842,0.22003538940516504,False
689,0.7771529943226336,99.88929146537842,0.22004102324001637,False
690,0.804717519321077,99.88929146537842,0.2200432684141158,False
691,0.8301899714180443,99.88929146537842,0.2200436568301528,False
692,0.8536576732793313,99.51434208529368,0.27810268453860865,False
693,0.875195788740725,99.86269324654191,0.2786422574022462,False
694,0.8948692308065574,99.86198435822726,0.27920541825035117,False
695,0.9127341558073343,99.8612823674476,0.2797923997845493,False
696,0.9288391461883214,99.8605875974596,0.28040340180386675,False
697,0.9432261548473415,99.859900373599,0.2810385904311989,False
698,0.9559312637896478,99.85922102299389,0.28169809742594293,False
699,0.9669852958320848,99.85854987426656,0.2823820195844245,False
700,0.976414308115487,98.96269907795474,0.19743074952560052,False
701,0.9842399889605549,99.8113998323554,0.19840034952251986,False
702,0.9904799742690308,99.8113998323554,0.1994189100203455,False
703,0.995148095654003,99.8113998323554,0.20020723331571263,False
704,0.9982545693874831,99.8113998323554,0.20101946785503116,False
705,0.999806132804711,99.8113998323554,0.20185285983782414,False
706,0.999806132804711,99.8113998323554,0.20270466938624904,False
707,0.9982545693874831,99.8113998323554,0.20357217469759123,False
708,1.1011317995692318,99.8113998323554,0.20445267574740578,False
709,1.170377295621679,99.8113998323554,0.20534349755468403,False
710,1.2263714330738393,99.8113998323554,0.20624199302340337,False
711,1.2734192269994744,99.8113998323554,0.2066296950731176,False
712,1.3135448704851065,98.96269907795474,0.08305361459898256,False
713,1.347922583568817,99.85854987426656,0.08206081226154138,False
714,1.3773114348674147,99.85922102299389,0.08093012196523942,False
715,1.402234618245608,99.859900373599,0.0796548658531785,False
716,1.4230670603378361,99.8605875974596,0.07822727995017602,False
717,1.4400831784759722,99.8612823674476,0.07663827706529927,False
718,1.4534849141043307,99.86198435822726,0.07487713361262673,False
719,1.4534849141043307,99.86269324654191,0.07293106900931344,False
720,1.4534849141043307,99.86340871148884,0.07078466962542049,False
721,1.4534849141043307,99.86413043478261,0.06841908140789205,False
722,1.4534849141043307,99.86485810100605,0.06581084695180812,False
723,1.4534849141043307,99.86559139784946,0.06322593747643972,False
724,1.4534849141043307,99.86633001633744,0.06048716563171011,False
725,1.4534849141043307,99.86707365104371,0.05757532595732366,False
726,1.4534849141043307,99.86782200029373,0.05446566196391554,False
727,1.4534849141043307,99.86857476635514,0.051125366983493487,False
728,1.4534849141043307,99.86933165561632,0.04750943497468267,False
729,1.4534849141043307,99.87009237875289,0.043553295627355375,False
730,1.4534849141043307,99.87085665088247,0.03915853555218405,False
731,1.4534849141043307,99.87162419170788,0.03715455483660257,False
732,1.4534849141043307,99.87239472564866,0.035134995769449645,False
733,1.4534849141043307,99.87316798196167,0.03309651187316532,False
734,1.4534849141043307,99.87394369485037,0.031034738575061043,False
735,1.4534849141043307,99.87472160356347,0.028943894970890473,False
736,1.4534849141043307,99.87550145248305,0.04233441457914206,False
737,1.4660741214574513,99.87628299120234,0.04099794765207426,False
738,1.4766549183659508,99.87706597459363,0.03969672594294617,False
739,1.4852641811356104,99.87785016286645,0.03843301024303771,False
740,1.4919310878474152,99.8786353216164,0.037209157905210496,False
741,1.4966777416164074,99.87942122186494,0.03602761185653344,False
742,1.4995196245467155,99.8802076400905,0.03489088421978384,False
743,1.5004659065178618,99.88099435825106,0.03487404695705049,False
744,1.4995196245467155,99.88178116379876,0.0348508258992999,False
745,1.597833969267969,99.88256784968685,0.034821099610918047,False
746,1.662332811551424,99.88335421436904,0.03478478541672673,False
747,1.7133810448219666,99.88414006179197,0.03474184250043906,False
748,1.7552661510968877,99.8849252013809,0.19680211531174674,False
749,1.7480105651226887,99.88570944801896,0.196807532974979,False
750,1.7386334744713319,99.88649262202043,0.1968038907942331,False
751,1.7270969283011546,99.8872745490982,0.1967933579965124,False
752,1.713352654394594,99.88805506032588,0.19677806263366215,False
753,1.6973407414787685,99.88883399209486,0.19676009230993707,False
754,1.6789878832380216,99.88961118606647,0.1967414946977199,False
755,1.658205041174797,99.89038648911985,0.1967242778550934,False
756,1.6348843143468912,99.73205586229295,0.1956243868919649,False
757,1.6088946948892082,99.86196817148425,0.19560435553369612,False
758,1.5800762095988345,99.86196817148425,0.19558502601466382,False
759,1.5482316433618661,99.86196817148425,0.19556755456825617,False
760,1.513114496319173,99.86196817148425,0.19555315485000924,False
761,1.4744107999392602,99.86196817148425,0.1955430973077701,False
762,1.431710344041055,99.86196817148425,0.19553870837513168,False
763,1.3844583134843862,99.86196817148425,0.19554136947678605,False
764,1.3318671808134075,99.86196817148425,0.19572665892010307,False
765,1.2727370136388871,99.86196817148425,0.19597070313579237,False
766,1.2050203043653231,99.86196817148425,0.19621867977005908,False
767,1.1243908270736136,99.86196817148425,0.19641345782524128,False
768,1.01044884930661,99.00431329866569,0.03354414769041221,False
769,0.9752462395674341,99.82788984950368,0.03452296281015167,False
770,0.9371713531760616,99.82911417557526,0.03549515348807459,False
771,0.8959704136014895,99.8303345959596,0.03645170861088469,False
772,0.8513226827573213,99.83155090688291,0.03738468516511182,False
773,0.8028116417452926,99.83276291225887,0.03828703820948375,False
774,0.7498765864518437,99.83397042356847,0.03915246879129427,False
775,0.6917244835981394,99.83517325973628,0.03997528992013164,False
776,0.6271502454482835,99.71633380611033,0.03183672431991909,False
777,0.5541015302865538,99.82367371971787,0.03281562465168818,False
778,0.46824757305098735,99.82369399409758,0.03375186812378371,False
779,0.3491843735073079,99.82372777437155,0.03377599478738996,False
780,0.3491843735073079,99.82377504501399,0.033775579680764604,False
781,0.3491843735073079,99.82383578431373,0.0337466781558743,False
782,0.3491843735073079,99.82390996439919,0.03368448069036173,False
783,0.3491843735073079,99.82399755127028,0.03358329008941947,False
784,0.3491843735073079,99.77056326717907,0.0324015348867863,False
785,0.3491843735073079,99.85096300825435,0.030808914416528856,False
786,0.3491843735073079,99.84992496248124,0.029109243819395683,False
787,0.3491843735073079,99.84888406695599,0.027721218334836314,False
788,0.3491843735073079,99.8478405056377,0.026320986375356202,False
789,0.3491843735073079,99.8467944688875,0.024905394193751675,False
790,0.3491843735073079,99.84574615354191,0.02347030144309347,False
791,0.3491843735073079,99.84469576298184,0.02201022781777061,False
792,0.3491843735073079,99.8436435071964,0.02051782124017211,False
793,0.3491843735073079,99.84258960284146,0.01898302184042061,False
794,0.3491843735073079,99.84153427329242,0.01739167517636626,False
795,0.3491843735073079,99.8404777486911,0.015809778109877427,False
796,0.3491843735073079,99.83942026598592,0.014092778681046598,False
797,0.3491843735073079,99.83836206896552,0.012177853724719028,False
798,0.3491843735073079,99.83730340828501,0.009944349765636532,False
799,0.3491843735073079,99.83624454148472,0.0104724048971268,False
800,0.3491843735073079,99.83518573300088,0.011006736572640166,False
801,0.3491843735073079,99.83412725416808,0.011537098461040129,False
802,0.3491843735073079,99.83306938321277,0.012056236894001642,False
803,0.3491843735073079,99.83201240523776,0.012559157030127966,False
804,0.3491843735073079,99.83095661219713,0.013042560280822412,False
805,0.3491843735073079,99.82990230286113,0.013504423790361745,False
806,0.2829047929798921,99.82884978277087,0.013943688884522132,False
807,0.208180945557171,99.82779936418227,0.014303398763862956,False
808,0.12068101401352381,99.82675136599885,0.014622273817650999,False
809,-0.0,99.82570611369324,0.014899030379632507,False
810,-0.0,99.82466393921683,0.015132594390964208,False
811,-0.0,99.82362518089725,0.01532204833093876,False
812,0.12068101401352381,99.82259018332348,0.015466588307737316,False
813,0.208180945557171,99.82155929721816,0.015565487995731084,False
814,0.2829047929798921,99.82053287929686,0.015618066847693691,False
815,0.3491843735073079,99.81951129211403,0.015535913367193016,False
816,0.40907313904382653,99.81849490389538,0.015448200709035293,False
817,0.4637773498877516,99.81748408835642,0.015354860312368825,False
818,0.5140912790181235,99.81647922450708,0.015255827119962487,False
819,0.560576942614533,99.8154806964421,0.015151039791300744,False
820,0.560576942614533,99.81448889311706,0.015040440917740568,False
821,0.560576942614533,99.81350420811017,0.014923977239490044,False
822,0.560576942614533,99.81252703936933,0.014801599864117868,False
823,0.560576942614533,99.81155778894473,0.014673264486383363,False
824,0.560576942614533,99.810596862707,0.01453893160916157,False
825,0.560576942614533,99.80964467005076,0.014398566765264933,False
826,0.560576942614533,99.80870162358366,0.01425214074004698,False
827,0.560576942614533,99.80776813880126,0.014099629794694753,False
828,0.560576942614533,99.80684463374772,0.013941015890206522,False
829,0.560576942614533,99.80593152866243,0.013776286912128769,False
830,0.560576942614533,99.80502924561316,0.013605436896233473,False
831,0.560576942614533,99.8041382081157,0.013428466255492212,False
832,0.560576942614533,99.80325884074055,0.013245382008792142,False
833,0.560576942614533,99.80239156870694,0.1916927965048006,False
834,0.560576942614533,99.80153681746476,0.19188461773773904,False
835,0.560576942614533,99.80069501226492,0.2651226280140403,False
836,0.560576942614533,99.79986657771848,0.2910377189078417,False
837,0.560576942614533,99.79905193734542,0.2911749261543038,False
838,0.560576942614533,99.79825151311366,0.29132399634193645,False
839,0.560576942614533,99.79746572496884,0.2914850973207204,False
840,0.560576942614533,99.79669499035604,0.29165837324652977,False
841,0.560576942614533,99.79593972373378,0.29184394550154846,False
842,0.560576942614533,99.79520033608149,0.29204191362515536,False
843,0.560576942614533,99.79447723440136,0.29225235625398605,False
844,0.560576942614533,99.79377082121516,0.29247533206981,False
845,0.560576942614533,99.79308149405773,0.29271088075379414,False
846,0.560576942614533,99.79240964496726,0.29295902394567364,False
847,0.560576942614533,99.79175565997437,0.293219766206318,False
848,0.560576942614533,99.79111991859033,0.2934930959821465,False
849,0.560576942614533,99.79050279329608,0.2939329371325678,False
850,0.560576942614533,99.78990464903302,0.2939711729968658,False
851,0.560576942614533,99.78932584269663,0.29401534600290685,False
852,0.560576942614533,99.78876672263446,0.2940659056114683,False
853,0.560576942614533,98.94383361317229,0.2880353825963582,False
854,0.560576942614533,99.72918810594162,0.2878890180482446,False
855,0.560576942614533,98.94924985105345,0.22226437162709586,False
856,0.560576942614533,99.20178105994788,0.18704429205906387,False
857,0.560576942614533,99.76107732406604,0.1868451533202554,False
858,0.560576942614533,99.76107732406604,0.18665742158929835,False
859,0.560576942614533,99.76107732406604,0.18648853999238546,False
860,0.560576942614533,99.76107732406604,0.18634586993165742,False
861,0.560576942614533,99.76107732406604,0.18623667551881742,False
862,0.560576942614533,99.76107732406604,0.1861681055437668,False
863,0.560576942614533,99.76107732406604,0.1861471731797973,False
864,0.560576942614533,99.76107732406604,0.1858709852208451,False
865,0.560576942614533,99.76107732406604,0.18559996987539107,False
866,0.560576942614533,99.76107732406604,0.1851939151217762,False
867,0.560576942614533,99.76107732406604,0.21069432940861793,False
868,0.560576942614533,99.76107732406604,0.21046946819039214,False
869,0.560576942614533,99.62904369647046,0.21005475520645436,False
870,0.560576942614533,99.72051731696624,0.21024832254079504,False
871,0.560576942614533,99.71927120603291,0.2109143555497279,False
872,0.560576942614533,99.71804511278195,0.29362618182767786,False
873,0.5140912790181235,98.87535145267104,0.23117816096314514,False
874,0.4637773498877516,99.65919085312225,0.2316483045240149,False
875,0.40907313904382653,99.6602181180468,0.2319681695547883,False
876,0.40907313904382653,99.66127622377623,0.23215991522482407,False
877,0.40907313904382653,99.66236453738496,0.23224440599771917,False
878,0.40907313904382653,99.6634824142423,0.23222049451606755,False
879,0.40907313904382653,99.66462919889652,0.23213890315441116,False
880,0.40907313904382653,99.66580422595946,0.23201847435084286,False
881,0.4637773498877516,99.66700682098931,0.23185286856520113,False
882,0.5140912790181235,99.66823630136986,0.23164161067412467,False
883,0.560576942614533,99.66949197718428,0.23138418529986052,False
884,0.603652249754401,99.67077315208157,0.23132564902492006,False
885,0.6436394131461666,99.67207912413392,0.23123930274334092,False
886,0.6807937753703206,99.67340918668353,0.23123933850938383,False
887,0.7153220528038851,99.22887268530661,0.2078863429994452,False
888,0.7153220528038851,99.70225658169662,0.20771071508058467,False
889,0.7153220528038851,99.70475499844608,0.2074917608857833,False
890,0.7153220528038851,99.70724191063174,0.2072280627720288,False
891,0.7153220528038851,99.57927142124166,0.20647983489238442,False
892,0.7153220528038851,98.73836292414916,0.029549967806170516,False
893,0.7153220528038851,99.54100675880157,0.024208703547229156,False
894,0.7153220528038851,99.54493173976097,0.01962462633815484,False
895,0.7153220528038851,99.54883490332176,0.016065248615193272,False
896,0.830774222099454,99.55271565495208,0.013900094334227099,False
897,0.9129467467841513,99.55657343338856,0.013389875756219072,False
898,0.9822408213425595,99.56523839428047,0.01336584990387144,False
899,1.0429842335712594,99.56900680011493,0.01412480802828184,False
900,1.0972261621017099,99.56900680011493,0.015247525303041413,False
901,1.1461683299371317,99.56900680011493,0.016734096457963598,False
902,1.1906001864191973,99.56900680011493,0.018097553036049305,False
903,1.2310786130055862,99.56900680011493,0.01798423757865219,False
904,1.2680160454788014,99.56900680011493,0.1770022758633123,False
905,1.301728854068539,99.56900680011493,0.17801797036374384,False
906,1.3324661355215683,99.56900680011493,0.17915586614031406,False
907,1.3604279187829045,99.56900680011493,0.18041263177038885,False
908,1.3857772327036844,99.56900680011493,0.18057351853550788,False
909,1.408648411160687,99.56900680011493,0.1830507186289704,False
910,1.4291529843613586,99.56900680011493,0.1853551795257701,False
911,1.4473839613746429,99.56900680011493,0.18749438336132884,False
912,1.4634190046135478,99.56900680011493,0.18947492575445296,False
913,1.477322818602089,99.56900680011493,0.19130261707561996,False
914,1.489148966540959,99.56900680011493,0.19298256550526174,False
915,1.498941259446481,99.56900680011493,0.19451924537334292,False
916,1.506734817815005,99.56900680011493,0.19591655346663372,False
917,1.5125568756434098,99.56900680011493,0.1971778553863757,False
918,1.5164273757656148,99.56900680011493,0.19839854390435133,False
919,1.5183593905083006,99.56900680011493,0.19949620281805022,False
920,1.5183593905083006,99.56900680011493,0.20047104472289445,False
921,1.5164273757656148,99.56900680011493,0.20132277522834793,False
922,1.5125568756434098,99.56900680011493,0.20208648582472943,False
923,1.5067348178150048,99.56900680011493,0.20288772482176792,False
924,1.498941259446481,98.77885260032564,0.10219095407219464,False
925,1.4891489665409592,99.62647256009961,0.10170174786429728,False
926,1.477322818602089,99.63396082905496,0.10086210621577424,False
927,1.4634190046135478,99.64137410343525,0.09966781058882199,False
928,1.447383961374643,99.5831381733021,0.10032236048210177,False
929,1.4291529843613586,99.68386796838679,0.09659118927716989,False
930,1.408648411160687,99.68386796838679,0.09286795815854379,False
931,1.3857772327036844,99.68386796838679,0.08915366191232901,False
932,1.3604279187829045,99.68386796838679,0.08544946568294304,False
933,1.3324661355215683,99.68386796838679,0.08175674230242314,False
934,1.301728854068539,99.68386796838679,0.07807711964199998,False
935,1.2680160454788014,99.68386796838679,0.07403070713950456,False
936,1.2310786130055862,99.68386796838679,0.07003932096682594,False
937,1.200719639829801,99.68386796838679,0.06610548718294418,False
938,1.1676444621356104,99.68386796838679,0.0622312078314543,False
939,1.1316501862018717,99.68386796838679,0.058415889827326664,False
940,1.0924850533852573,99.68386796838679,0.054663626841613605,False
941,1.0498302157100041,99.68386796838679,0.05616001073689679,False
942,1.0032709271829536,99.68386796838679,0.0536024557613155,False
943,0.9522481488898977,99.68386796838679,0.05147114426951167,False
944,0.8959704136014894,99.68386796838679,0.04983339762429051,False
945,0.8332341082038748,99.68386796838679,0.04874860513327852,False
946,0.7619882811604883,99.68386796838679,0.04826050977083727,False
947,0.677903479475398,99.68386796838679,0.04839035513188894,False
948,0.560576942614533,99.68386796838679,0.0491332206308402,False
949,0.5140912790181235,99.68386796838679,0.05045897924598398,False
950,0.4637773498877516,99.68386796838679,0.05231749522043459,False
951,0.40907313904382653,99.68386796838679,0.05464611800422834,False
952,0.3491843735073079,99.68386796838679,0.057377159436399636,False
953,0.2829047929798921,99.68386796838679,0.06044376716693505,False
954,0.208180945557171,99.68386796838679,0.06378366533594758,False
955,0.12068101401352381,99.68386796838679,0.06776054010289245,False
956,-0.0,99.68386796838679,0.07178246077620312,False
957,-0.0,99.68386796838679,0.07583175623020741,False
958,-0.0,99.68386796838679,0.07989350602454957,False
959,-0.0,99.68386796838679,0.0839562753071964,False
960,-0.0,99.68386796838679,0.08800628926845866,False
961,-0.0,99.5784543325527,0.0889644081893672,False
962,-0.0,99.64137410343525,0.09268386102924603,False
963,-0.0,99.63396082905496,0.09625350707676758,False
964,-0.0,99.62647256009961,0.09966252181622375,False
965,-0.0,99.61890979257116,0.10290151812383012,False
966,-0.0,99.61127308066084,0.1059622309433227,False
967,-0.0,99.60356303837118,0.10883728088288545,False
968,-0.0,99.59578034112195,0.11151999568697395,False
969,-0.0,99.58792572733591,0.11400427461223624,False
970,-0.0,99.58,0.116284484983022,False
971,-0.0,99.57200402819738,0.2378765583063871,False
972,-0.0,99.56393874860562,0.23727233281775043,False
973,0.12068101401352381,99.55580516695599,0.23652142820584415,False
974,0.208180945557171,99.5476043594489,0.2356338952684898,False
975,0.2829047929798921,99.53933747412009,0.2346193086493769,False
976,0.2829047929798921,99.53100573215217,0.23348682316072594,False
977,0.2829047929798921,99.522610429126,0.2322452242546012,False
978,0.2829047929798921,99.51415293620617,0.23090297353408318,False
979,0.2829047929798921,99.50563470125452,0.23754317221357268,False
980,0.2829047929798921,99.49705724986624,0.2362242364047524,False
981,0.2829047929798921,99.48842218632203,0.2347963645976885,False
982,0.2829047929798921,99.47973119445047,0.23326859590203033,False
983,0.2829047929798921,99.47098603839441,0.2960526533030141,False
984,0.2829047929798921,99.46218856327516,0.29470482503840584,False
985,0.2829047929798921,99.45334069574821,0.293324070730709,False
986,0.2829047929798921,99.44444444444444,0.29191817546883997,False
987,0.2829047929798921,99.43550190029063,0.29049466865741325,False
988,0.2829047929798921,99.42651523670303,0.2890608277505877,False
989,0.40238293904561173,99.41748670964823,0.28762367947017525,False
990,0.48865925334338955,99.40841865756542,0.28618999859470523,False
991,0.5621380056254565,98.59839816933638,0.19625133849066415,False
992,0.6271502454482835,99.44770452191922,0.1960740134131859,False
993,0.6917244835981394,99.44770452191922,0.19599524747591027,False
994,0.7498765864518436,99.44770452191922,0.1960008515636821,False
995,0.8028116417452926,99.44770452191922,0.19607717405316577,False
996,0.8513226827573213,99.44770452191922,0.19621118572511814,False
997,0.8959704136014894,99.44770452191922,0.19639055191514634,False
998,0.9371713531760616,99.44770452191922,0.1966036928755329,False
999,0.9752462395674342,99.1830629386722,0.18701561213997683,False
1000,1.0104488493066097,99.48222298929927,0.19746851350964637,False
1001,1.0429842335712594,99.47356242045586,0.1973359740498179,False
1002,1.0730208202534555,99.46486738017683,0.19737388216386847,False
1003,1.1006987578744163,98.60981852024197,0.07085072170616243,False
1004,1.1261358508278747,99.40670079106562,0.07150932838613083,False
1005,1.1494318918359776,99.40670079106562,0.07230948874380116,False
1006,1.1706718933538656,99.40670079106562,0.07324160647089457,False
1007,1.1899285414712581,99.40670079106562,0.21135434735761485,False
1008,1.2072640872959293,99.40670079106562,0.21223092938949775,False
1009,1.222731822382257,99.40670079106562,0.23584311145574105,False
1010,1.236377240345227,99.40670079106562,0.237791178690285,False
1011,1.2852748466470731,99.40670079106562,0.2396864965827624,False
1012,1.2964607361371667,99.40670079106562,0.32055819814388453,False
1013,1.3058755112911309,99.40670079106562,0.322843965781337,False
1014,1.3135448704851065,99.40670079106562,0.3255336496965556,False
1015,1.3194892909924263,99.40670079106562,0.32787481091675447,False
1016,1.3237243701143493,99.40670079106562,0.3298951861288716,False
1017,1.3262610770456722,99.40670079106562,0.33162106696660676,False
1018,1.3271059259290725,99.40670079106562,0.3330775485480183,False
1019,1.3262610770456722,99.40670079106562,0.3342887331431693,False
1020,1.3237243701143493,99.07602339181287,0.32927252700142645,False
1021,1.3194892909924263,99.3533215755438,0.33022756358247635,False
1022,1.3135448704851065,99.34404916676516,0.330922259309921,False
1023,1.305875511291131,99.33475885008316,0.33142356958232105,False
1024,1.296460736137167,99.32545367717287,0.33174804766558696,False
1025,1.2852748466470731,99.31613677264546,0.33191264573626245,False
1026,1.272286478151291,99.3068113321278,0.33193477005022615,False
1027,1.2574580300524587,98.46895720313442,0.2663865707087571,False
1028,1.2407449439357603,99.2344786015672,0.2657563003991355,False
1029,1.2220947914756686,98.85537790697674,0.24503573361240302,False
1030,1.201446120023029,99.16646385981991,0.2430805720564947,False
1031,1.1787269834988532,99.15658232489916,0.24112762436147528,False
1032,1.1538530565800795,98.33149981664833,0.11304380833701515,False
1033,1.1267251857192595,99.0710182129324,0.1060492980091045,False
1034,1.1267251857192595,99.0710182129324,0.0971748538971508,False
1035,1.1267251857192595,99.0710182129324,0.18396417632125928,False
1036,1.1267251857192595,99.0710182129324,0.1828943451553999,False
1037,1.0972261621017099,99.0710182129324,0.18293111971755519,False
1038,1.0652163930664527,99.0710182129324,0.18287898876346578,False
1039,1.0305279703180825,99.0710182129324,0.18374070392158193,False
1040,0.9929563290994997,99.0710182129324,0.1849416947792026,False
1041,0.9522481488898976,99.0710182129324,0.18687010335344503,False
1042,0.9080831196860789,99.0710182129324,0.18946144277648155,False
1043,0.8600451249809193,99.0710182129324,0.1914658502573686,False
1044,0.8075738393756747,99.0710182129324,0.19388216667236916,False
1045,0.7498765864518437,99.0710182129324,0.1966549204349119,False
1046,0.6857486151292823,99.0710182129324,0.1997283549890596,False
1047,0.6131379016405237,99.0710182129324,0.20025654343331592,False
1048,0.5277139815252946,99.0710182129324,0.20646514948591238,False
1049,0.40907313904382653,99.0710182129324,0.2121290440770847,False
1050,0.3491843735073079,99.0710182129324,0.21727801103329097,False
1051,0.2829047929798921,99.0710182129324,0.2219207472121065,False
1052,0.208180945557171,99.0710182129324,0.2261172983401313,False
1053,0.12068101401352381,99.0710182129324,0.2298884483700761,False
1054,0.12068101401352381,99.0710182129324,0.23325304296645186,False
1055,0.12068101401352381,98.325388094365,0.21975199862305933,False
1056,0.12068101401352381,99.15658232489916,0.22517012120101124,False
1057,0.12068101401352381,99.16646385981991,0.22949318064522378,False
1058,0.12068101401352381,99.17635658914729,0.23370980882648423,False
1059,0.12068101401352381,99.18625678119349,0.2370396405948996,False
1060,0.12068101401352381,99.19616076784644,0.2399417749339247,False
1061,0.12068101401352381,99.20606494746896,0.24211562407239923,False
1062,0.12068101401352381,99.21596578759801,0.24360185318655458,False
1063,0.12068101401352381,99.22585982744357,0.24536076760661316,False
1064,0.12068101401352381,99.23574368018812,0.24401035628591727,False
1065,0.12068101401352381,99.24561403508773,0.24307704477197478,False
1066,0.12068101401352381,99.25546765937645,0.2410726192262965,False
1067,0.12068101401352381,99.0165451810714,0.24104507028791833,False
1068,0.12068101401352381,99.32113680819238,0.2360789552795976,False
1069,0.12068101401352381,99.32113680819238,0.23126011965145563,False
1070,0.12068101401352381,99.32113680819238,0.22661754566991774,False
1071,0.12068101401352381,99.32113680819238,0.222177824730281,False
1072,-0.0,99.32113680819238,0.21796491987615493,False
1073,-0.0,99.32113680819238,0.28576185711485097,False
1074,-0.0,99.32113680819238,0.3802804979584248,False
1075,-0.0,98.5214589805546,0.3983681212735529,False
1076,-0.0,99.39592682084916,0.43293589651312614,False
1077,-0.0,99.39817733707801,0.4632256702158941,False
1078,-0.0,99.40047961630695,0.4906667430259481,False
1079,-0.0,99.40283228118068,0.5149718692661225,False
1080,-0.0,99.40523394131641,0.5365994672034488,False
1081,0.12068101401352381,99.40768319512608,0.5558959618826832,False
1082,0.208180945557171,99.41017863161443,0.5731323830810204,False
1083,0.2829047929798921,99.41271883214945,0.5885269978296466,False
1084,0.3491843735073079,99.11504424778761,0.6033168986261312,False
1085,0.40907313904382653,99.35505580169368,0.6161944379749443,False
1086,0.4637773498877516,99.34868051656373,0.6290923005325915,False
1087,0.5140912790181235,99.34236411668822,0.6404605937869547,False
1088,0.560576942614533,99.33610892314617,0.6504229095747992,False
1089,0.603652249754401,99.32991722506898,0.659090442245982,False
1090,0.6436394131461666,99.32379127690747,0.6665650998352358,False
1091,0.6807937753703206,99.31773329574288,0.6729419103283643,False
1092,0.7153220528038851,99.31174545864832,0.6783109236913639,False
1093,0.7473944462440387,98.44504322443022,0.6559692269756882,False
1094,0.7771529943226336,98.13005390835579,0.6088650376548662,False
1095,0.804717519321077,98.40485284205796,0.5839148976922253,False
1096,0.8301899714180443,98.39905628581059,0.5586743770375426,False
1097,0.8536576732793313,98.393438939445,0.5332043048663886,False
1098,0.875195788740725,98.38800269602336,0.5069518722652209,False
1099,0.8948692308065574,98.38274932614556,0.4806870166066882,False
1100,0.9127341558073343,98.3776804760301,0.4544778426343394,False
1101,0.9288391461883214,98.3727976658063,0.4284058501192036,False
1102,0.9432261548473415,98.36810228802153,0.4025700013091844,False
1103,0.9559312637896478,98.36359560636629,0.3770921604156757,False
1104,0.9669852958320848,98.35927875461978,0.3521745608726954,False
1105,0.976414308115487,98.35515273581738,0.3279043259306709,False
1106,0.9842399889605549,98.35121842164095,0.3018256990072189,False
1107,0.9904799742690308,98.34747655203216,0.27641149461787007,False
1108,0.995148095654003,98.34392773502844,0.2517127410950574,False
1109,0.9982545693874831,98.34057244682036,0.22778756803068037,False
1110,0.999806132804711,98.33741103202847,0.2047033601837836,False
1111,0.999806132804711,98.3344437041972,0.1825398328749225,False
1112,0.9982545693874831,98.33167054650261,0.16139349311958065,False
1113,0.995148095654003,98.32909151267013,0.14138417519381263,False
1114,0.9904799742690308,98.32670642809808,0.12266458428545361,False
1115,0.9842399889605549,98.32451499118166,0.10407032613485814,False
1116,0.976414308115487,98.32251677483225,0.08660888575426058,False
1117,0.9669852958320848,98.32071122818571,0.07039283966147637,False
1118,0.9559312637896478,98.31909767849321,0.055582091547364335,False
1119,0.9432261548473415,98.31767533318768,0.04242425483858619,False
1120,0.9288391461883214,98.31644328211834,0.03133878057709129,False
1121,0.9127341558073343,98.31540049994565,0.023054636202641372,False
1122,0.8948692308065574,98.31454584868848,0.01851855961445681,False
1123,0.8948692308065574,98.31387808041505,0.017636971820787103,False
1124,0.8948692308065574,98.31339584006898,0.017176314236527927,False
1125,0.8948692308065574,98.31309766842162,0.01628229522216351,False
1126,0.8948692308065574,98.3129820051414,0.01582146647199124,False
1127,0.8948692308065574,98.31304719197095,0.015819778204127374,False
1128,0.8948692308065574,98.31329147600297,0.016264966131569344,False
1129,0.8948692308065574,98.31371301304486,0.01710969850635546,False
1130,0.8948692308065574,98.3143098710632,0.0182864039792365,False
1131,0.8948692308065574,98.3150800336984,0.019723846095402345,False
1132,0.8948692308065574,98.3160214038401,0.019623341277035435,False
1133,0.8948692308065574,98.3171318072541,0.02327944796549131,False
1134,0.8948692308065574,98.31840899625156,0.025953850366039852,False
1135,0.8948692308065574,98.31985065339141,0.14885850444752527,False
1136,0.8948692308065574,98.32145439520711,0.15119295028460447,False
1137,0.8948692308065574,98.32321777594898,0.15349478255640842,False
1138,0.8948692308065574,98.32513829133374,0.1557620255121377,False
1139,0.8948692308065574,98.32721338229294,0.15799285061041562,False
1140,0.875195788740725,98.3294404387123,0.160185568091446,False
1141,0.8536576732793313,98.33181680315438,0.16233861919966366,False
1142,0.8536576732793313,98.33433977455717,0.16445056899682495,False
1143,0.8536576732793313,98.33700661190143,0.2084768643605074,False
1144,0.8536576732793313,98.33981453784027,0.20971252933008255,False
1145,0.8536576732793313,98.34276074228441,0.21100380180399406,False
1146,0.8536576732793313,98.34584238593719,0.21234726471668885,False
1147,0.875195788740725,98.34905660377359,0.21373938448636723,False
1148,0.8948692308065574,98.352400508458,0.21529706078615898,False
1149,0.8948692308065574,98.35587119369589,0.21689190850284143,False
1150,0.8948692308065574,98.35946573751451,0.21839011024764277,False
1151,0.8948692308065574,98.3631812054689,0.2197975779454486,False
1152,0.9127341558073343,98.31912652044824,0.23599334489161186,False
1153,0.9288391461883214,98.38525292940841,0.23864894707230436,False
1154,0.9432261548473415,98.3825564196765,0.2411298545681711,False
1155,0.9559312637896478,97.67753034502533,0.19465120151416232,False
1156,0.9669852958320848,98.43024647044747,0.19578615032890875,False
1157,0.976414308115487,98.4342280601561,0.19670100369053375,False
1158,0.9842399889605549,98.43831337844873,0.19741138350417453,False
1159,0.9904799742690308,98.44249952945606,0.19793173338950737,False
1160,0.995148095654003,98.446783625731,0.1982754645728561,False
1161,0.9982545693874831,98.45116279069768,0.21746319698775782,False
1162,0.999806132804711,98.45563416100245,0.21684621248614977,False
1163,0.999806132804711,97.76859504132231,0.17594448730200057,False
1164,0.9982545693874831,98.42717118759973,0.17534831899120354,False
1165,0.995148095654003,98.43382219808075,0.1745516397431461,False
1166,0.9904799742690308,98.44051952721226,0.17315887917572412,False
1167,0.9842399889605549,98.44726039621631,0.1716273101059088,False
1168,0.976414308115487,98.45847176079734,0.16980881753592003,False
1169,0.9669852958320848,98.46525945470536,0.16785985124234262,False
1170,0.9559312637896478,98.46741612506587,0.21181159146489575,False
1171,0.9432261548473415,98.4697009558888,0.2108755986663584,False
1172,0.9288391461883214,97.97303213378864,0.24443452394598492,False
1173,0.9127341558073343,98.51398601398601,0.28263362037586853,False
1174,0.8948692308065574,98.51398601398601,0.3123928362650786,False
1175,0.875195788740725,98.51398601398601,0.3381003811740761,False
1176,0.8536576732793313,98.51398601398601,0.36067475896782164,False
1177,0.8301899714180443,98.51398601398601,0.3807208216081887,False
1178,0.804717519321077,98.51398601398601,0.39866395615717165,False
1179,0.7771529943226336,98.51398601398601,0.41482758824050514,False
1180,0.7473944462440387,98.51398601398601,0.4294506488932304,False
1181,0.7153220528038851,97.97303213378864,0.43369222473632907,False
1182,0.6807937753703206,98.4697009558888,0.44629556883691496,False
1183,0.6436394131461666,98.46741612506587,0.45693647027954776,False
1184,0.6436394131461666,98.46525945470536,0.46665571416681073,False
1185,0.6436394131461666,98.46323205636284,0.4755277593607468,False
1186,0.6436394131461666,98.46133497927872,0.4837617348916657,False
1187,0.6436394131461666,98.45956920903954,0.49124685282459624,False
1188,0.6436394131461666,98.45793566631319,0.4980358367290647,False
1189,0.6436394131461666,98.45643520566121,0.5041760727362566,False
1190,0.6436394131461666,97.82647189021691,0.49242436269647255,False
1191,0.6436394131461666,98.471557682084,0.49734545353970644,False
1192,0.6436394131461666,99.06964380648591,0.47833701109666227,False
1193,0.6436394131461666,99.07341727256606,0.459213570732852,False
1194,0.6436394131461666,99.07727797001154,0.4415940080247913,False
1195,0.6436394131461666,99.08122503328894,0.423995774318424,False
1196,0.6436394131461666,99.08525754884548,0.4064057334051765,False
1197,0.6436394131461666,99.08937455579246,0.38881108134884784,False
1198,0.6436394131461666,99.09357504665422,0.37119940933314455,False
1199,0.6436394131461666,99.0978579681806,0.3535477082719701,False
1200,0.6436394131461666,99.10222222222222,0.3358436728928664,False
1201,0.603652249754401,99.10666666666667,0.3177243087560649,False
1202,0.560576942614533,99.11119011643409,0.29958726803398955,False
1203,0.5140912790181235,99.11579134453035,0.28303543695964767,False
1204,0.5140912790181235,99.12046908315565,0.26673711935999067,False
1205,0.5140912790181235,99.12522202486679,0.25070102567140146,False
1206,0.5140912790181235,99.1300488237905,0.23493689604633006,False
1207,0.5140912790181235,99.13494809688581,0.21945569839123702,False
1208,0.560576942614533,99.1399184252527,0.20426988814498975,False
1209,0.603652249754401,99.14495835548468,0.18939375494886324,False
1210,0.603652249754401,99.15006640106242,0.1748438937314216,False
1211,0.603652249754401,99.15524104378594,0.16063985716898985,False
1212,0.603652249754401,99.16048073524213,0.1486121426824355,False
1213,0.603652249754401,99.16578389830508,0.1373510858427321,False
1214,0.6436394131461666,99.1711489286659,0.12695518174798387,False
1215,0.6807937753703206,99.17657419638925,0.11753558174637714,False
1216,0.7153220528038851,99.1820580474934,0.10921264660812147,False
1217,0.7473944462440387,99.18759880555068,0.10210788847670627,False
1218,0.7771529943226336,99.19319477330527,0.09632982967697669,False
1219,0.804717519321077,99.19884423430523,0.09195401647239729,False
1220,0.8301899714180443,99.20454545454545,0.08900084926765911,False
1221,0.8536576732793313,99.21029668411867,0.08872979388479704,False
1222,0.875195788740725,99.21609615887118,0.08943847867490398,False
1223,0.8948692308065574,99.22194210206034,0.09012090661342749,False
1224,0.9127341558073343,99.22783272601076,0.09077692286743529,False
1225,0.9288391461883214,99.23376623376623,0.09140639605002614,False
1226,0.9432261548473415,99.23974082073434,0.09200921810262061,False
1227,0.9559312637896478,99.24575467632101,0.09258530414062843,False
1228,0.9669852958320848,99.25180598555211,0.09313459226329256,False
1229,0.976414308115487,99.25789293067947,0.09365704332856821,False
1230,0.9842399889605549,99.2640136927685,0.09415264069403907,False
1231,0.9904799742690308,99.27016645326505,0.09462138992491123,False
1232,0.995148095654003,99.2763493955389,0.0950633184702405,False
1233,0.9982545693874831,99.28256070640177,0.09547847530858601,False
1234,0.999806132804711,99.28879857759715,0.09586693056441466,False
1235,0.999806132804711,99.29506120726045,0.09622877509655064,False
1236,0.9982545693874831,99.3013468013468,0.09656412006011462,False
1237,0.995148095654003,99.30765357502517,0.09687309644336102,False
1238,0.9904799742690308,99.31397975403664,0.09715585458093029,False
1239,0.9842399889605549,99.32032357601534,0.09741256364500817,False
1240,0.976414308115487,99.32668329177058,0.10442481958666469,False
1241,0.9669852958320848,99.33305716652859,0.10688662316785202,False
1242,0.9559312637896478,99.33944348113286,0.10881422662135509,False
1243,0.9432261548473415,99.34584053320168,0.11027310445284923,False
1244,0.9288391461883214,99.35224663824205,0.11131685880733745,False
1245,0.9127341558073343,99.35866013071896,0.1119901769081325,False
1246,0.8948692308065574,99.36507936507937,0.11233086768139941,False
1247,0.875195788740725,99.37150271673019,0.11237130601553319,False
1248,0.8536576732793313,99.37792858296979,0.11213948226641322,False
1249,0.8301899714180443,99.38435538387253,0.11165978055917734,False
1250,0.804717519321077,99.39078156312625,0.11095356569798553,False
1251,0.7771529943226336,99.39720558882236,0.11003963169648572,False
1252,0.7473944462440387,99.40362595419847,0.1089345479805822,False
1253,0.7153220528038851,99.41004117833386,0.10765292825987535,False
1254,0.6807937753703206,99.41644980679757,0.10620763965558679,False
1255,0.6436394131461666,99.4228504122497,0.10460996456794865,False
1256,0.603652249754401,99.42924159499609,0.10286972413989945,False
1257,0.560576942614533,99.4356219834968,0.10099536950161493,False
1258,0.5140912790181235,99.4419902348291,0.09899404491342105,False
1259,0.4637773498877516,99.44834503510532,0.09687162521695618,False
1260,0.40907313904382653,99.16282642089094,0.08709217005826732,False
1261,0.3491843735073079,99.49159021406727,0.08164145334861454,False
1262,0.2829047929798921,99.49159021406727,0.07639517182612188,False
1263,0.208180945557171,99.49159021406727,0.07135299701820555,False
1264,0.12068101401352381,99.49159021406727,0.06651445276928687,False
1265,0.12068101401352381,99.49159021406727,0.06187890547441752,False
1266,0.12068101401352381,99.49159021406727,0.05744555432063072,False
1267,0.12068101401352381,99.49159021406727,0.05321342227268797,False
1268,0.12068101401352381,99.49159021406727,0.0491813490016011,False
1269,0.12068101401352381,99.49159021406727,0.04534798764600908,False
1270,0.12068101401352381,99.49159021406727,0.04171180832366054,False
1271,0.12068101401352381,99.49159021406727,0.03820923673343812,False
1272,0.12068101401352381,99.49159021406727,0.03490215488934777,False
1273,0.12068101401352381,99.49159021406727,0.03178610163063957,False
1274,-0.0,99.49159021406727,0.028856410336005722,False
1275,-0.0,99.49159021406727,0.02610818169467884,False
1276,-0.0,99.49159021406727,0.02353624901696377,False
1277,-0.0,99.49159021406727,0.021135133577463664,False
1278,-0.0,99.49159021406727,0.018898986400142533,False
1279,-0.0,99.49159021406727,0.01682151116973231,False
1280,-0.0,99.49159021406727,0.014895860070302563,False
1281,-0.0,99.49159021406727,0.01311448925059158,False
1282,-0.0,99.49159021406727,0.1670734935292718,False
1283,0.12068101401352381,99.49159021406727,0.16757064841085648,False
1284,0.208180945557171,99.49159021406727,0.16817757400658037,False
1285,0.2829047929798921,99.49159021406727,0.1771311476544866,False
1286,0.3491843735073079,99.49159021406727,0.28487926523979784,False
1287,0.40907313904382653,99.49159021406727,0.3987229798039754,False
1288,0.4637773498877516,99.49159021406727,0.44942161966037203,False
1289,0.5140912790181235,99.49159021406727,0.4917687167478766,False
1290,0.560576942614533,99.49159021406727,0.5278910511532264,False
1291,0.603652249754401,99.49159021406727,0.5591073256146504,False
1292,0.6436394131461666,99.49159021406727,0.5862985586423377,False
1293,0.6807937753703206,99.49159021406727,0.6101011159345862,False
1294,0.7153220528038851,99.49159021406727,0.6309932898202798,False
1295,0.7473944462440387,99.49159021406727,0.6493480539075175,False
1296,0.7771529943226336,99.49159021406727,0.6654651579587236,False
1297,0.804717519321077,99.49159021406727,0.6795917088042527,False
1298,0.8301899714180443,99.49159021406727,0.6919359454569955,False
1299,0.8536576732793313,99.49159021406727,0.716035927538973,False
1300,0.875195788740725,99.49159021406727,0.7240637737759316,False
1301,0.875195788740725,99.49159021406727,0.7312717501701085,False
1302,0.875195788740725,98.74617737003058,0.7186313411148584,False
1303,0.875195788740725,99.52981651376147,0.7243544796175572,False
1304,0.875195788740725,99.53580397230043,0.7293561016546095,False
1305,0.875195788740725,99.21999847804581,0.7317344827803735,False
1306,0.875195788740725,98.46247065060972,0.7379426363719548,False
1307,0.875195788740725,98.17844429296372,0.6857312239158424,False
1308,0.875195788740725,98.45489661440581,0.6652397859782413,False
1309,0.875195788740725,98.45489661440581,0.6356702329296936,False
1310,0.875195788740725,98.45489661440581,0.6068420931746599,False
1311,0.875195788740725,98.45489661440581,0.610417730456608,False
1312,0.875195788740725,98.45489661440581,0.5844645342571183,False
1313,0.875195788740725,98.45489661440581,0.5596477439216289,False
1314,0.875195788740725,98.45489661440581,0.5359825637940402,False
1315,0.875195788740725,98.45489661440581,0.5136448207077491,False
1316,0.875195788740725,98.45489661440581,0.4927641357238745,False
1317,0.875195788740725,98.45489661440581,0.4732859865993842,False
1318,0.875195788740725,98.45489661440581,0.45519991373537444,False
1319,0.875195788740725,98.17844429296372,0.416434986636343,False
1320,0.875195788740725,98.4776187230175,0.40249965595668963,False
1321,0.875195788740725,98.46663115440225,0.38944880070181365,False
1322,0.875195788740725,98.45565749235475,0.3773272998214527,False
1323,0.875195788740725,98.4447004608295,0.36617563634474126,False
1324,0.875195788740725,98.43376282694237,0.35602797789707025,False
1325,0.875195788740725,98.4228473998295,0.3469100958050086,False
1326,0.875195788740725,97.66464269033162,0.24823669839744947,False
1327,0.875195788740725,98.42455043002346,0.2414673388632272,False
1328,0.875195788740725,98.10007818608288,0.2078212065416446,False
1329,0.875195788740725,98.4401876465989,0.20499658965908893,False
1330,0.875195788740725,98.42952493129171,0.20297044173215492,False
1331,0.875195788740725,97.66185632047946,0.05596003424491857,False
1332,0.875195788740725,98.42413683877099,0.05694388998689567,False
1333,0.875195788740725,98.42413683877099,0.05855502158908575,False
1334,0.875195788740725,98.42413683877099,0.061008986406700966,False
1335,0.875195788740725,98.42413683877099,0.06312547187338932,False
1336,0.875195788740725,98.42413683877099,0.06438815033430591,False
1337,0.875195788740725,98.42413683877099,0.06433182542023504,False
1338,0.875195788740725,98.42413683877099,0.06476137295940677,False
1339,0.875195788740725,98.42413683877099,0.0647841820983663,False
1340,0.875195788740725,98.42413683877099,0.06490447983447413,False
1341,0.875195788740725,98.42413683877099,0.0651135598996206,False
1342,0.875195788740725,98.42413683877099,0.06442345368405475,False
1343,0.875195788740725,98.42413683877099,0.0637649143935538,False
1344,0.8536576732793313,98.42413683877099,0.06314440543948191,False
1345,0.8301899714180443,98.42413683877099,0.06256843989075035,False
1346,0.804717519321077,98.42601057275726,0.0619503491781379,False
1347,0.7771529943226336,98.42403447175231,0.061490305659232386,False
1348,0.7473944462440387,98.42617436226023,0.060982264699944125,False
1349,0.7153220528038851,98.42845659163987,0.06041806019480894,False
1350,0.6807937753703206,98.43088217498286,0.06029989707020628,False
1351,0.6436394131461666,98.43345207253886,0.06009746643124481,False
1352,0.603652249754401,98.43616718794426,0.05981768998475604,False
1353,0.560576942614533,98.4390283664819,0.05946991471859031,False
1354,0.5140912790181235,98.44203639337559,0.05906583400498575,False
1355,0.4637773498877516,98.4451919921234,0.05861941960325823,False
1356,0.40907313904382653,98.44849582287337,0.05814684748952472,False
1357,0.3491843735073079,98.45194848084545,0.059203823916209986,False
1358,0.2829047929798921,98.45555049480353,0.060257045756898116,False
1359,0.208180945557171,98.45930232558139,0.06182569593402645,False
1360,0.12068101401352381,98.4632043646662,0.06336272272052455,False
1361,-0.0,98.4672569328433,0.06488130622573604,False
1362,-0.0,98.47146027890615,0.06734363295149502,False
1363,-0.0,98.47581457843467,0.07285117581184643,False
1364,-0.0,98.48031993264576,0.0762587420650653,False
1365,-0.0,98.48497636731938,0.07870783491538504,False
1366,-0.0,98.48978383180338,0.08037724234040489,False
1367,-0.0,98.49474219810041,0.08139867581549914,False
1368,-0.0,98.49985126003995,0.08187352861843439,False
1369,-0.0,98.50511073253833,0.08188245884726228,False
1370,-0.0,98.5105202509496,0.08149122844405549,False
1371,-0.0,98.51607937050974,0.0807544342526813,False
1372,-0.0,98.52178756587686,0.25785261581508345,False
1373,-0.0,98.52764423076923,0.2574881266234789,False
1374,-0.0,98.53364867770372,0.26485640465858,False
1375,-0.0,98.53980013783598,0.27108390554474254,False
1376,-0.0,98.54609776090426,0.2763240747873614,False
1377,-0.0,98.55254061527826,0.2758372859823553,False
1378,-0.0,98.55912768811389,0.27953374957950755,False
1379,-0.0,98.56585788561524,0.27965273304555494,False
1380,-0.0,98.57273003340418,0.281365026600655,False
1381,-0.0,98.57974287699791,0.28264402160216306,False
1382,-0.0,98.58689508239489,0.2835414063323668,False
1383,-0.0,98.37221448467966,0.28333321752255697,False
1384,-0.0,98.61032454802876,0.2833126915457501,False
1385,-0.0,98.6047736047736,0.28327638717013504,False
1386,-0.0,98.59926649286378,0.2832309429304405,False
1387,-0.0,98.5938056247775,0.2831818007158951,False
1388,-0.0,98.5883934573157,0.28313327475256417,False
1389,-0.0,98.58303249097473,0.28308862238837806,False
1390,-0.0,98.57772526923252,0.2830501171905641,False
1391,-0.0,98.57247437774524,0.28301912466367246,False
1392,-0.0,97.44014732965009,0.14125800028458527,False
1393,-0.0,98.5314555730566,0.14116643921615157,False
1394,-0.0,98.79088297970907,0.1258297193673556,False
1395,-0.0,98.78344364687239,0.1105990315215816,False
1396,-0.0,98.77602701181767,0.09532552944088352,False
1397,-0.0,98.55989423485528,0.09523240683157057,False
1398,-0.0,98.75451606769347,0.08200104099450259,False
1399,-0.0,98.45528455284553,0.07976795840184212,False
1400,-0.0,98.70585971326855,0.07146890146517061,False
1401,-0.0,98.6982191250484,0.06398997983102478,False
1402,-0.0,98.69061526479751,0.05744577942413341,False
1403,-0.0,98.68305101341427,0.054490468432351814,False
1404,-0.0,98.67552929591335,0.053334543442210065,False
1405,-0.0,98.66805307981778,0.05311496284795887,False
1406,-0.0,98.66062537343159,0.05366567900069636,False
1407,-0.0,98.65324922399118,0.05480576878532827,False
1408,-0.0,98.64592771569515,0.05691130371021595,False
1409,-0.0,98.63866396761134,0.05924160419179157,False
1410,-0.0,98.63146113146114,0.06239752870218087,False
1411,-0.0,98.62432238928096,0.0655562239397577,False
1412,-0.0,98.61725095096124,0.06864544751981261,False
1413,-0.0,98.61025005166357,0.07161505895428846,False
1414,-0.0,98.60332294911734,0.07446224157349343,False
1415,-0.0,98.59647292079724,0.07710033368179309,False
1416,-0.0,98.58970326098354,0.07952259406189793,False
1417,-0.0,98.58301727770754,0.08172308143958261,False
1418,-0.0,98.57641828958509,0.08369639278873837,False
1419,-0.0,98.5699096225412,0.08543745879078032,False
1420,-0.0,98.56349460642956,0.0869413761786647,False
1421,-0.0,98.55717657155117,0.08820326249096425,False
1422,-0.0,98.5509588450765,0.0892181222836513,False
1423,-0.0,98.54484474737639,0.08848165975292907,False
1424,-0.0,98.53883758826724,0.08730603285849178,False
1425,0.12068101401352381,98.53294066317626,0.08616290601347759,False
1426,0.12068101401352381,98.52715724923347,0.08505436209862445,False
1427,0.208180945557171,98.52149060129713,0.08398248832607148,False
1428,0.2829047929798921,98.51594394792012,0.08257299522863489,False
1429,0.3491843735073079,98.51052048726467,0.08119260315325212,False
1430,0.40907313904382653,98.505223382974,0.07927716274169383,False
1431,0.4637773498877516,98.50005576000892,0.07732020704624984,False
1432,0.5140912790181235,98.49502070045877,0.07532275664713015,False
1433,0.560576942614533,98.49012123933542,0.07328592985069644,False
1434,0.603652249754401,98.48536036036036,0.07121094939682743,False
1435,0.6436394131461666,98.4807409917542,0.0690991505023444,False
1436,0.6807937753703206,98.4762660020392,0.06695199060915889,False
1437,0.7153220528038851,98.47193819586458,0.06477106131538393,False
1438,0.7473944462440387,98.46776030986557,0.06255810311382284,False
1439,0.7771529943226336,98.46373500856653,0.06031502375918035,False
1440,0.804717519321077,98.45986488033894,0.058043921352555546,False
1441,0.8301899714180443,98.45615243342516,0.05574711359747448,False
1442,0.8536576732793313,98.45260009203865,0.1722311929191747,False
1443,0.875195788740725,98.4492101925516,0.1714376111353433,False
1444,0.8948692308065574,98.44598497978048,0.17069016008855153,False
1445,0.9127341558073343,98.44292660338041,0.1699899725847474,False
1446,0.9288391461883214,98.44003711435862,0.16933778690497658,False
1447,0.9432261548473415,98.43731846171721,0.16873396867175677,False
1448,0.9559312637896478,98.43477248923543,0.1681785332422966,False
1449,0.9669852958320848,98.43240093240094,0.1676711685452387,False
1450,0.976414308115487,98.43020541549953,0.16721125824911326,False
1451,0.9842399889605549,98.42818744887227,0.1667979051282415,False
1452,0.9904799742690308,98.42634842634843,0.16642995447561665,False
1453,0.995148095654003,98.4246896228625,0.1661060174023387,False
1454,0.9982545693874831,98.4232121922626,0.1658244938592925,False
1455,0.999806132804711,98.42191716531738,0.16558359521856808,False
1456,0.999806132804711,98.42080544792768,0.16538136625908342,False
1457,0.9982545693874831,98.41987781954887,0.165215706412317,False
1458,0.995148095654003,98.41913493182886,0.16508439013922538,False
1459,0.9904799742690308,98.4185773074662,0.1649850863274934,False
1460,0.9842399889605549,98.41820533929202,0.22354700399280578,False
1461,0.976414308115487,98.41801928957892,0.22411577352872836,False
1462,0.9669852958320848,97.71230298753234,0.15387476618479404,False
1463,0.9559312637896478,98.42408561684111,0.1548175943241837,False
1464,0.9432261548473415,98.42408561684111,0.15574384584227555,False
1465,0.9288391461883214,98.42408561684111,0.15665536853380332,False
1466,1.0239228180015463,98.42408561684111,0.15755422475144604,False
1467,1.0850365744330075,98.42408561684111,0.15844266152035977,False
1468,1.132529774880598,98.42408561684111,0.15932308343623186,False
1469,1.1706718933538656,98.42408561684111,0.16019802808085584,False
1470,1.201446120023029,98.42408561684111,0.16107014371576317,False
1471,1.2259790140555222,98.42408561684111,0.16194216903910286,False
1472,1.2449737775841294,98.42408561684111,0.1628169148134815,False
1473,1.2588874993443833,98.42408561684111,0.20926809880519642,False
1474,1.2680160454788014,98.42408561684111,0.2097461306548605,False
1475,1.2725381154419293,98.42408561684111,0.2640417853209721,False
1476,1.2725381154419293,98.42408561684111,0.2644074608040638,False
1477,1.2680160454788014,98.42408561684111,0.264799282393967,False
1478,1.2588874993443833,98.42408561684111,0.26521953618251887,False
1479,1.2449737775841294,98.42408561684111,0.2656704829582529,False
1480,1.2259790140555222,97.72433258849817,0.219230359156986,False
1481,1.201446120023029,98.45348700458662,0.21924820561356723,False
1482,1.1706718933538656,98.4538506760729,0.21932171619200622,False
1483,1.132529774880598,98.45439586271745,0.2194512367424421,False
1484,1.0850365744330075,98.45512218045113,0.21963702735410875,False
1485,1.0239228180015463,98.45602911823411,0.2198792371746547,False
1486,1.0394364783172854,98.45711603895342,0.22017787944290976,False
1487,0.9432261548473415,98.45838218053927,0.2205328070551507,False
1488,0.9559312637896478,98.45982665729679,0.22094368897508057,False
1489,0.9669852958320848,98.46144846144846,0.22140998778229462,False
1490,0.976414308115487,98.46324646488256,0.22193093863304306,False
1491,0.9842399889605549,98.46521942110178,0.22201425200294603,False
1492,0.9904799742690308,98.46736596736596,0.22215637299033902,False
1493,0.995148095654003,97.82634032634033,0.1801296051096449,False
1494,0.9982545693874831,98.46153846153847,0.18070535323068657,False
1495,0.999806132804711,97.67834283719307,0.08584934422859763,False
1496,0.999806132804711,98.43731846171721,0.08746783798708858,False
1497,0.9982545693874831,98.44003711435862,0.08917182269294854,False
1498,0.995148095654003,98.44292660338041,0.09095557469946652,False
1499,0.9904799742690308,98.44598497978048,0.09281335025596832,False
1500,0.9842399889605549,98.4492101925516,0.09473946163006257,False
1501,0.976414308115487,98.45260009203865,0.09672834403648146,False
1502,0.9669852958320848,98.45615243342516,0.0987746133979068,False
1503,0.9559312637896478,98.45986488033894,0.10106804948242364,False
1504,0.9432261548473415,98.46373500856653,0.1007981204298082,False
1505,0.9288391461883214,98.46776030986557,0.10042248198226092,False
1506,0.9127341558073343,98.47193819586458,0.09905493789719379,False
1507,0.8948692308065574,98.4762660020392,0.0975285776620311,False
1508,0.875195788740725,98.4807409917542,0.09583613777862986,False
1509,0.8536576732793313,98.48536036036036,0.09396932120056606,False
1510,0.8301899714180443,98.49012123933542,0.0919186259229783,False
1511,0.804717519321077,98.49502070045877,0.09088261093713478,False
1512,0.804717519321077,98.50005576000892,0.08967713912997895,False
1513,0.804717519321077,98.505223382974,0.08829370649286403,False
1514,0.804717519321077,98.51052048726467,0.08672254511398811,False
1515,0.804717519321077,98.51594394792012,0.0849523506816293,False
1516,0.804717519321077,98.52149060129713,0.08296991267498972,False
1517,0.7771529943226336,98.52715724923347,0.08075960634151795,False
1518,0.7473944462440387,98.53294066317626,0.07830268289155011,False
1519,0.7473944462440387,98.53883758826724,0.07557625590462272,False
1520,0.7473944462440387,98.54484474737639,0.07255181398943995,False
1521,0.7473944462440387,98.5509588450765,0.0691929635704653,False
1522,0.7473944462440387,98.55717657155117,0.06545185728299721,False
1523,0.7473944462440387,98.31246305153974,0.06094111193085865,False
1524,0.7473944462440387,98.5354296790868,0.06040462349242282,False
1525,0.7473944462440387,98.53821673229409,0.059978096274406215,False
1526,0.7473944462440387,98.54117138534687,0.06112654302994931,False
1527,0.7771529943226336,98.54429352237675,0.062423625013253214,False
1528,0.804717519321077,98.54758291784088,0.06386624079086439,False
1529,0.8301899714180443,98.55103923590384,0.06545117124708495,False
1530,0.8536576732793313,98.55466202999348,0.06717511273903291,False
1531,0.875195788740725,98.55845074253386,0.0690347038656086,False
1532,0.8948692308065574,98.56240470485733,0.07102654588903504,False
1533,0.9127341558073343,98.56652313729765,0.0731472172512787,False
1534,0.9288391461883214,98.57080514946541,0.07486548714853938,False
1535,0.9432261548473415,98.57524974070637,0.07664626289140875,False
1536,0.9559312637896478,98.57985580074285,0.07848056389577554,False
1537,0.9669852958320848,98.58462211049785,0.08035966908151462,False
1538,0.976414308115487,98.5895473431008,0.08227510848546203,False
1539,0.9842399889605549,98.59463006507355,0.084218647722663,False
1540,0.9904799742690308,98.59986873769415,0.08618226752935156,False
1541,0.995148095654003,98.60526171853634,0.0881581401665186,False
1542,0.9982545693874831,98.61080726318092,0.09013860404540606,False
1543,0.999806132804711,98.61650352709574,0.0921161375716286,False
1544,0.999806132804711,98.62234856767986,0.0940833328978188,False
1545,0.9982545693874831,98.62834034646701,0.09603287002351313,False
1546,0.995148095654003,98.6344767314835,0.09795749147954871,False
1547,0.9904799742690308,98.64075549975435,0.09984997767482409,False
1548,0.9842399889605549,98.647174339952,0.1017031228576173,False
1549,0.976414308115487,98.65373085518068,0.10350971154399753,False
1550,0.9669852958320848,98.66042256588979,0.10526249518490799,False
1551,0.9559312637896478,98.66724691290867,0.10695416877474051,False
1552,0.9432261548473415,98.67420126059552,0.10857734704189924,False
1553,0.9288391461883214,98.68128290009226,0.11012453980042061,False
1554,0.9127341558073343,98.68848905267721,0.1119429131247928,False
1555,0.8948692308065574,98.69581687320742,0.11371985420376494,False
1556,0.875195788740725,98.70326345364167,0.11545445073508975,False
1557,0.8536576732793313,98.71082582663574,0.1171458434418212,False
1558,0.8301899714180443,98.71850096920095,0.1943314671722155,False
1559,0.804717519321077,98.72628580641694,0.19466396546349743,False
1560,0.7771529943226336,98.73417721518987,0.19498596009024766,False
1561,0.7473944462440387,98.7421720280469,0.19529662787651142,False
1562,0.7153220528038851,98.75026703695792,0.19559524919511498,False
1563,0.6807937753703206,98.7584589971759,0.21103495563855154,False
1564,0.6436394131461666,98.76674463108654,0.21087173133052642,False
1565,0.603652249754401,98.77512063205896,0.2107530453338176,False
1566,0.560576942614533,98.78358366828856,0.21068165592019739,False
1567,0.5140912790181235,98.79213038662377,0.21066027173728155,False
1568,0.4637773498877516,98.80075741636861,0.21069154497934894,False
1569,0.40907313904382653,98.80946137305291,0.21077806436560018,False
1570,0.3491843735073079,98.81823886216273,0.21092234798664392,False
1571,0.2829047929798921,98.82708648282333,0.21112683608586408,False
1572,0.208180945557171,98.83600083142798,0.21139388384725633,False
1573,0.208180945557171,98.84497850520536,0.21172575426534962,False
1574,0.208180945557171,98.8540161057196,0.212124611175587,False
1575,0.208180945557171,98.86311024229641,0.21259251252496608,False
1576,0.208180945557171,98.87225753537011,0.213131403962705,False
1577,0.208180945557171,98.88145461974564,0.21374311282907088,False
1578,0.12068101401352381,98.05741529722053,0.14942240300123263,False
1579,-0.0,98.85167464114832,0.15135572269887998,False
1580,-0.0,98.85977195439088,0.15337090447696933,False
1581,-0.0,98.8678683152093,0.15546706463132043,False
1582,-0.0,98.87596134884639,0.15764312904728878,False
1583,-0.0,98.3940673804145,0.13928753848886757,False
1584,-0.0,98.86018980530281,0.14312584272314371,False
1585,-0.0,98.8696160592477,0.14635101782106863,False
1586,-0.0,98.87907608695652,0.2504559778741457,False
1587,-0.0,98.88856673431913,0.3188567733480599,False
1588,-0.0,98.89808488114714,0.3712395434945121,False
1589,-0.0,98.90762744346493,0.41114657665798365,False
1590,-0.0,98.91719137569166,0.44461477435456653,False
1591,-0.0,98.92677367271345,0.44366705288724095,False
1592,-0.0,98.93637137184457,0.46801131015907915,False
1593,-0.0,98.9459815546772,0.4890942462123059,False
1594,-0.0,98.95560134881978,0.5064385929270495,False
1595,-0.0,98.96522792952364,0.5054245440396883,False
1596,-0.0,98.97485852119863,0.5176968967279567,False
1597,-0.0,98.98449039881831,0.5282680641537867,False
1598,-0.0,98.99412088921551,0.5373292281763765,False
1599,-0.0,99.00374737226944,0.5450424857670333,False
1600,-0.0,99.01336728198599,0.5478704360459794,False
1601,-0.0,99.02297810747241,0.5522018337325131,False
1602,-0.0,99.0325773938085,0.5557093397841474,False
1603,-0.0,99.04216274281622,0.5584709907128519,False
1604,-0.0,99.0606357403615,0.5604180035695738,False
1605,-0.0,99.06128232376903,0.5619010228829032,False
1606,-0.0,99.80921957495896,0.5256073252455701,False
1607,-0.0,99.81468408048006,0.48827953807941404,False
1608,-0.0,99.81434002298647,0.4504319009735282,False
1609,-0.0,99.81401115933043,0.4145821722995055,False
1610,-0.0,99.81369765791341,0.3782897570245734,False
1611,-0.0,99.0862313697658,0.37884482008510434,False
1612,-0.0,99.76490418736692,0.3473863195674433,False
1613,0.12068101401352381,99.76490418736692,0.31570588075775496,False
1614,0.208180945557171,99.76490418736692,0.3169196747840766,False
1615,0.208180945557171,99.20028434334459,0.35042775755190964,False
1616,0.208180945557171,99.72412565631396,0.360758780580512,False
1617,0.208180945557171,99.72373228767489,0.3709033140797134,False
1618,0.208180945557171,99.72336248438337,0.3807750780754075,False
1619,0.208180945557171,99.72301644031451,0.3903177443208851,False
1620,0.208180945557171,99.01715511079342,0.40451326921192937,False
1621,0.208180945557171,99.66493924231594,0.4146614683869006,False
1622,0.208180945557171,99.66493924231594,0.42562181023024626,False
1623,0.208180945557171,99.66493924231594,0.4358704246081185,False
1624,0.208180945557171,99.66493924231594,0.44541858195373474,False
1625,0.208180945557171,99.66493924231594,0.5065055665329956,False
1626,0.208180945557171,99.65802735781138,0.5576048733985427,False
1627,0.208180945557171,99.64651500045319,0.5625465889838938,False
1628,0.208180945557171,99.64399817434962,0.570431559098507,False
1629,0.208180945557171,99.64147821290679,0.5751603969535949,False
1630,0.208180945557171,99.63895574893539,0.579303952055894,False
1631,0.208180945557171,99.6364314346975,0.5835172451535376,False
1632,0.208180945557171,99.63390594198817,0.587174714786932,False
1633,0.208180945557171,99.63137996219281,0.5902925119941809,False
1634,0.208180945557171,98.98779680257307,0.6098195343499037,False
1635,0.208180945557171,98.93328253726368,0.5940891342662813,False
1636,0.208180945557171,98.95004314891169,0.5785076716740492,False
1637,0.208180945557171,98.94299917949708,0.5631586393108061,False
1638,0.208180945557171,98.93596346322029,0.548124063841638,False
1639,0.208180945557171,98.92893823054727,0.5334744534479519,False
1640,0.208180945557171,98.92192576548193,0.5192854574180966,False
1641,0.208180945557171,98.91492840509339,0.536370910610013,False
1642,0.208180945557171,98.90794853894485,0.5231435331949987,False
1643,0.3280668831792932,98.90098860842073,0.5104155400459502,False
1644,0.4147581439991112,98.89405110594889,0.4983219847486703,False
1645,0.48865925334338955,98.25194369632604,0.4324251753364969,False
1646,0.5541015302865538,98.26166514181153,0.3607591021973492,False
1647,0.6131379016405237,98.89702144962895,0.37680866673970714,False
1648,0.6669740736911405,98.79844564883935,0.4636184444564798,False
1649,0.7164037343212466,98.86340259205924,0.473733015399942,False
1650,0.7619882811604882,98.86199048210221,0.48234429724643424,False
1651,0.804144968682279,98.86068047029445,0.4888946606177216,False
1652,0.843195316078971,98.85947473056399,0.5382773109878154,False
1653,0.8793939303559065,98.85837542087542,0.5456497613286388,False
1654,0.9129467467841513,98.18497474747475,0.5155032655158522,False
1655,0.9440231356865454,98.79524410774411,0.5211115573653972,False
1656,0.9727642516015449,98.79524410774411,0.5270929125484622,False
1657,0.9992889743797903,98.79524410774411,0.5333424176513842,False
1658,1.0236982481827188,98.79524410774411,0.5883540475437343,False
1659,1.046078320219219,98.79524410774411,0.5940919852660307,False
1660,1.066503202885787,98.79524410774411,0.5987625272462342,False
1661,1.0850365744330075,98.08086650191913,0.5752914937419694,False
1662,1.1017332648846088,98.7389659520807,0.5780774561574422,False
1663,1.1166404295430468,98.74520921929962,0.5802022320174707,False
1664,1.129798482836793,98.75157364666387,0.5817130637816142,False
1665,1.1412418450836315,98.75805690929099,0.5829619867525551,False
1666,1.150999540671385,98.76465661641541,0.5837172796969401,False
1667,1.1590956761386297,98.13651591289782,0.567484801912536,False
1668,1.1655498193580116,97.4381763998536,0.48885704138912384,False
1669,1.170377295621679,98.11507936507937,0.4723731017041101,False
1670,1.173589412323443,98.1281610094374,0.45767415264627154,False
1671,1.175193620727556,98.14139941690962,0.4524472483573235,False
1672,1.175193620727556,97.54789670970429,0.3880167094219936,False
1673,1.1735894123234427,98.06851311953353,0.3743266662174876,False
1674,1.1011317995692318,98.06851311953353,0.36229840429083615,False
1675,0.995148095654003,98.06851311953353,0.35201956805240714,False
1676,0.9904799742690308,98.06851311953353,0.35792131174625363,False
1677,0.9842399889605549,98.06851311953353,0.3482450464670107,False
1678,0.976414308115487,97.33354124434742,0.2434181502817568,False
1679,0.9669852958320848,98.01266085512661,0.23810725806883892,False
1680,0.9559312637896478,98.02662246853473,0.2347423997099264,False
1681,0.9432261548473415,98.04073614557485,0.23313393711848407,False
1682,0.9288391461883214,98.05499664654594,0.23304405150863716,False
1683,0.9127341558073343,98.06939868204283,0.23315431757384392,False
1684,0.8948692308065574,98.08393691888837,0.2341576255622874,False
1685,0.875195788740725,98.09860598605987,0.2350157661841911,False
1686,0.8536576732793313,98.11340048059716,0.23635941682205414,False
1687,0.8301899714180443,98.12831497348022,0.23795760257230528,False
1688,0.804717519321077,98.14334401546365,0.23958801081285866,False
1689,0.7771529943226336,98.15848214285714,0.2404904744916489,False
1690,0.7473944462440387,98.17372388323975,0.24107107009680595,False
1691,0.7153220528038851,97.76533494753834,0.2266203190661204,False
1692,0.6807937753703206,98.27490821304632,0.22438172105028917,False
1693,0.6436394131461666,98.27490821304632,0.22145720667913843,False
1694,0.603652249754401,98.27490821304632,0.21781910559417944,False
1695,0.560576942614533,98.27490821304632,0.2491189751260422,False
1696,0.5140912790181235,97.55067142785293,0.22180244797225587,False
1697,0.4637773498877516,98.21717990275526,0.21853542425146671,False
1698,0.4637773498877516,97.86941930234923,0.22891394737559873,False
1699,0.4637773498877516,98.36651352730985,0.21997535389880363,False
1700,0.4637773498877516,98.35517861732203,0.21237060022567508,False
1701,0.4637773498877516,98.34385674360833,0.20606307523912562,False
1702,0.4637773498877516,98.33255171695065,0.20163814767811797,False
1703,0.40907313904382653,98.32126744308047,0.1995194840277889,False
1704,0.40907313904382653,98.31000792183787,0.19849864203603498,False
1705,0.40907313904382653,98.29877724614566,0.19845168007518152,False
1706,0.40907313904382653,98.287579600792,0.19924467822452901,False
1707,0.40907313904382653,98.27641926101475,0.20195247200667352,False
1708,0.40907313904382653,98.26530059088199,0.20528533911535418,False
1709,0.40907313904382653,98.25422804146208,0.21033587665598363,False
1710,0.40907313904382653,98.24320614877848,0.215354434489303,False
1711,0.40907313904382653,98.23223953154347,0.2202505386762029,False
1712,0.40907313904382653,98.22133288866655,0.224952568178301,False
1713,0.40907313904382653,98.21049099653283,0.3164388163457481,False
1714,0.40907313904382653,98.19971870604782,0.32154755549170405,False
1715,0.40907313904382653,97.61985335589397,0.2994890446279273,False
1716,0.40907313904382653,98.10029965511393,0.3258992792430397,False
1717,0.40907313904382653,98.08455173977106,0.3316258521188394,False
1718,0.40907313904382653,97.83401732786137,0.328644539665925,False
1719,0.40907313904382653,98.00504471451502,0.3321373128903498,False
1720,0.40907313904382653,97.99377378069872,0.33501556012227485,False
1721,0.40907313904382653,97.98260869565217,0.33732616202393506,False
1722,0.40907313904382653,97.97155514105852,0.33873171355849113,False
1723,0.40907313904382653,97.9606188466948,0.33972310280544776,False
1724,0.40907313904382653,97.94980558501237,0.3403313743670939,False
1725,0.40907313904382653,97.93912116546251,0.3405869702106259,False
1726,0.40907313904382653,97.92857142857143,0.3410722804488524,False
1727,0.40907313904382653,97.91816223977028,0.3405907236243291,False
1728,0.40907313904382653,97.90789948298665,0.33982944754187694,False
1729,0.40907313904382653,97.89778905400507,0.3386506880633563,False
1730,0.40907313904382653,97.88783685360525,0.33744207517179725,False
1731,0.4637773498877516,97.8780487804878,0.3362080058688931,False
1732,0.5140912790181235,97.86843072399853,0.33495315746098675,False
1733,0.560576942614533,97.0660296459635,0.25266002079923916,False
1734,0.603652249754401,97.76430233982605,0.24829527593763437,False
1735,0.603652249754401,97.76430233982605,0.24452176904772982,False
1736,0.603652249754401,97.40371600836717,0.20930251991997748,False
1737,0.603652249754401,97.66435986159169,0.20083351495931123,False
1738,0.603652249754401,97.65450483991064,0.19250302795352547,False
1739,0.603652249754401,97.64485981308411,0.18432990507755198,False
1740,0.6436394131461666,97.63543100212686,0.24654999556704793,False
1741,0.6807937753703206,97.62622456669179,0.3716197007659429,False
1742,0.7153220528038851,97.61724659606656,0.4074182354673371,False
1743,0.7473944462440387,97.60850310008857,0.4376430827557322,False
1744,0.7771529943226336,97.6,0.4655531469341901,False
1745,0.804717519321077,97.59174311926606,0.4897874258314665,False
1746,0.9186594970880806,97.58373817437996,0.5105529277853178,False
1747,0.9992889743797904,97.57599076567911,0.5293827070844291,False
1748,1.0670056836533541,97.5685063681976,0.5459762562172072,False
1749,1.1261358508278747,97.56129032258065,0.560466774881022,False
1750,1.1787269834988532,97.55434782608695,0.6205193614016637,False
1751,1.2259790140555222,97.54768392370572,0.6356129795096971,False
1752,1.2686794699537274,97.5413034994146,0.6888159445281363,False
1753,1.30738316633364,97.53521126760563,0.7038223840071932,False
1754,1.30738316633364,97.52941176470588,0.7168941295415956,False
1755,1.3425003133763334,97.52390934101926,0.7282229852474598,False
1756,1.374344879613302,97.51870815281607,0.7379772445314637,False
1757,1.4031633649036752,97.51381215469613,0.7463071746890386,False
1758,1.4291529843613586,97.50922509225093,0.7831444209252605,False
1759,1.4326648482653093,97.5049504950495,0.7926851926669872,False
1760,1.4326648482653093,96.81848184818482,0.7820262616992429,False
1761,1.4291529843613586,96.2913994843657,0.7365587964479362,False
1762,1.4220900521936763,96.72315636171058,0.7220191823994101,False
1763,1.4113949465359856,96.71902962815669,0.7078349695432378,False
1764,1.4267547652077353,96.71532846715328,0.6926935655812378,False
1765,1.4400831784759722,96.7120557954168,0.6779201242745029,False
1766,1.4400831784759722,96.70921420023933,0.6636166098292007,False
1767,1.4400831784759722,96.70680593440224,0.6492847533484665,False
1768,1.4514270347987221,96.70483291172947,0.6354734332604143,False
1769,1.4608248015713592,96.7032967032967,0.6222819624558285,False
1770,1.4683074126842999,96.06393606393607,0.5615757811824738,False
1771,1.4738989153366922,96.57675657675658,0.5435302473056955,False
1772,1.4776169519137876,95.98267821452365,0.48840293878024077,False
1773,1.4794731020725562,96.46165122942627,0.4654761041924585,False
1774,1.4794731020725562,96.46141543382647,0.45452052403717125,False
1775,1.4794731020725562,96.46165122942627,0.43765700781140826,False
1776,1.4794731020725562,96.46235842771486,0.42282693945533906,False
1777,1.4794731020725562,96.46353646353646,0.41008259583591855,False
1778,1.4794731020725562,95.87079587079587,0.3373105204904767,False
1779,1.4794731020725562,96.32367632367632,0.3296653311306619,False
1780,1.4794731020725562,96.32367632367632,0.38405887899768465,False
1781,1.5004659065178618,96.32367632367632,0.3848555581735675,False
1782,1.5183593905083004,96.32367632367632,0.3863332531160696,False
1783,1.5332939593741384,96.32367632367632,0.3894582029655689,False
1784,1.545378825051491,96.32367632367632,0.44219539624490195,False
1785,1.554697508762069,96.32367632367632,0.45230546414991885,False
1786,1.5613116549052575,96.32367632367632,0.4619905245952909,False
1787,1.5613116549052575,96.32367632367632,0.47117575812823415,False
1788,1.565263635906296,96.32367632367632,0.47979248271494773,False
1789,1.5665782425417163,96.32367632367632,0.4886540448212787,False
1790,1.565263635906296,96.32367632367632,0.4969439052675095,False
1791,1.5613116549052575,96.32367632367632,0.5043858782918319,False
1792,1.565263635906296,95.87745587745587,0.49657533420157635,False
1793,1.5665782425417163,96.46353646353646,0.5026406083365415,False
1794,1.565263635906296,95.9493670886076,0.4986179195027526,False
1795,1.5613116549052575,96.57493169854068,0.5011739116303386,False
1796,1.5613116549052575,96.57493169854068,0.5029671180130368,False
1797,1.5613116549052575,96.57493169854068,0.5040531194323191,False
1798,1.565263635906296,96.57493169854068,0.5044836829727891,False
1799,1.5665782425417163,95.8860338170683,0.49652603547556134,False
1800,1.565263635906296,95.29482230799947,0.4431736942434909,False
1801,1.565263635906296,95.80228845130388,0.43138777857465577,False
1802,1.565263635906296,95.80452127659575,0.4383198600946975,False
1803,1.565263635906296,95.80730897009967,0.42653661914898405,False
1804,1.565263635906296,95.2358803986711,0.3631343566178856,False
1805,1.565263635906296,95.66777408637874,0.343624890227464,False
1806,1.565263635906296,95.66777408637874,0.3256418306127151,False
1807,1.570663071721726,95.66777408637874,0.3096944977261558,False
1808,1.5738937446297547,95.66777408637874,0.29636226550704,False
1809,1.5749691486891673,95.66777408637874,0.2847651232231327,False
1810,1.5738937446297545,95.66777408637874,0.2754948670333126,False
1811,1.570663071721726,95.66777408637874,0.2677504893164649,False
1812,1.565263635906296,95.66777408637874,0.2624818973288682,False
1813,1.557672567089349,95.66777408637874,0.25980962360878174,False
1814,1.5478570234493585,95.66777408637874,0.2597801926820792,False
1815,1.535773302827334,95.66777408637874,0.26110563900677897,False
1816,1.5228447333219095,95.66777408637874,0.26457394026699815,False
1817,1.5228447333219095,95.66777408637874,0.27002130965555127,False
1818,1.5228447333219095,95.66777408637874,0.2772468618147024,False
1819,1.5228447333219095,95.66777408637874,0.28602905904573067,False
1820,1.5228447333219095,95.66777408637874,0.29614050774081224,False
1821,1.5228447333219095,95.66777408637874,0.3073593598844422,False
1822,1.5228447333219095,95.24916943521595,0.2944319705668085,False
1823,1.5228447333219095,95.79401993355482,0.3097898121188304,False
1824,1.5228447333219095,95.81531501563435,0.3250007960539642,False
1825,1.5228447333219095,95.83721859597709,0.33994673386541346,False
1826,1.5228447333219095,95.85972398159878,0.3542494668776166,False
1827,1.5213655983156218,95.88282396903777,0.3676496658884651,False
1828,1.5169165540634162,95.90651085141903,0.37991896990042423,False
1829,1.5169165540634162,95.93077642656688,0.39084961621184644,False
1830,1.5169165540634162,95.95561200615015,0.4010519841303891,False
1831,1.5169165540634162,95.98100842583924,0.4111568146386937,False
1832,1.5169165540634162,96.00695605645107,0.4205598266628199,False
1833,1.5169165540634162,96.03344481605352,0.4284265126707977,False
1834,1.5169165540634162,96.06046418299779,0.4357686971854502,False
1835,1.5169165540634162,96.08800320984352,0.44331236558259984,False
1836,1.5169165540634162,96.11605053813757,0.45051241950900284,False
1837,1.5169165540634162,96.14459441400508,0.45737213472243937,False
1838,1.5094621252684286,96.17362270450751,0.4638963861454245,False
1839,1.498941259446481,96.20312291472041,0.47009168449992894,False
1840,1.4852641811356104,96.23308220548037,0.46219074428879486,False
1841,1.4683074126842999,96.26348741174904,0.4623726419862404,False
1842,1.4738989153366922,96.29432506153948,0.46225235119552216,False
1843,1.4776169519137876,96.32558139534883,0.4618500395565263,False
1844,1.4794731020725562,96.35724238603942,0.4611886650034942,False
1845,1.4794731020725562,96.38929375910958,0.46029409560888024,False
1846,1.4776169519137876,96.42172101329453,0.4591952195430744,False
1847,1.4738989153366922,96.45450944143668,0.45792403973275475,False
1848,1.4479062086941699,96.48764415156508,0.4565157465533323,False
1849,1.441499001640642,96.52111008812311,0.4550087605357894,False
1850,1.4332278865247239,96.55489205328433,0.4534447356655859,False
1851,1.4230670603378361,96.58897472829645,0.4518685124981991,False
1852,1.4109839980999699,96.62334269479459,0.4503280091538822,False
1853,1.391334586143604,96.65798045602605,0.4496321040958594,False
1854,1.3675380544221296,96.69287245792997,0.44885488189374034,False
1855,1.3392246071829446,96.72800311001684,0.44800681732033837,False
1856,1.2964607361371667,96.76335680599522,0.44709884453014853,False
1857,1.2482389571842902,96.79891794409377,0.4371594741671127,False
1858,1.193365482413587,96.8346709470305,0.44097141985099236,False
1859,1.180846716107336,96.87060028158199,0.44239851406906844,False
1860,1.1665620111568704,96.28210042161747,0.4560762430629277,False
1861,1.1504718163625702,96.81203774547309,0.4591441111195241,False
1862,1.132529774880598,96.84398065665563,0.4507200530548688,False
1863,1.1126817966979572,96.87619047619047,0.4571852766708158,False
1864,1.090864890696142,96.90865323704548,0.46363442223524487,False
1865,1.0670056836533541,96.94135490394338,0.4700657361469742,False
1866,1.041018523939755,96.97428139183056,0.47647745806330777,False
1867,1.0128030232541478,97.00741858418208,0.48286782523049615,False
1868,0.9822408213425595,97.04075235109718,0.48923507664704086,False
1869,0.9491912500871044,97.07426856714179,0.49557745704934436,False
1870,0.9134853951751389,97.10795312889553,0.5018932207106597,False
1871,0.8749177494187964,97.14179197216355,0.5070109664491371,False
1872,0.8332341082038748,97.17577108881457,0.5118757461184369,False
1873,0.7881133310528374,97.20987654320987,0.5164819991663452,False
1874,0.7391385203526044,97.24409448818898,0.5208242498975687,False
1875,0.6857486151292824,97.2784111805811,0.51037980967676,False
1876,0.6271502454482835,97.31281299621351,0.5097981266289021,False
1877,0.5621380056254565,97.14042346069603,0.5168131091924678,False
1878,0.5621380056254565,97.45454545454545,0.5118460853386781,False
1879,0.5621380056254565,97.45377387086997,0.5087199379865491,False
1880,0.6271502454482835,97.45331069609507,0.5072869920862373,False
1881,0.6271502454482835,97.45315626705475,0.499062680501044,False
1882,0.6271502454482835,96.8590831918506,0.5055975147717142,False
1883,0.6271502454482835,97.55683540466808,0.498752705092704,False
1884,0.6271502454482835,97.59145237232886,0.4918336167581311,False
1885,0.6271502454482835,97.6260592583689,0.48483375266409673,False
1886,0.6271502454482835,97.6606437716884,0.47774618618366327,False
1887,0.6271502454482835,97.69519385385027,0.47056353153020347,False
1888,0.6271502454482835,97.72969768820391,0.46295993068915153,False
1889,0.6271502454482835,97.7641437083358,0.45534448384439075,False
1890,0.6917244835981394,97.79852060584713,0.4454496629746632,False
1891,0.7498765864518436,97.83281733746131,0.44184123272182224,False
1892,0.7498765864518436,97.86702313146577,0.43669312755450845,False
1893,0.7498765864518436,97.90112749349522,0.42904744515425586,False
1894,0.7498765864518436,97.93512021166455,0.4113195090900448,False
1895,0.7498765864518436,97.29729729729729,0.42473465220222323,False
1896,0.6857486151292824,97.89101687186502,0.4259566624943838,False
1897,0.6131379016405238,97.9235220696698,0.42733176574056564,False
1898,0.5819881552488824,97.95595708639186,0.4288562068379869,False
1899,0.6318640827062832,97.98831198022027,0.4285109785607089,False
1900,0.677903479475398,98.02057705211362,0.4328802289948169,False
1901,0.720523936685393,97.32525162653617,0.4451140230655521,False
1902,0.7600473303889541,97.97058172970581,0.45068727348125515,False
1903,0.7967286463062391,98.0040688403805,0.45469163920416855,False
1904,0.830774222099454,98.03739339602012,0.4572822556244984,False
1905,0.8623538561746378,98.07054731235394,0.44800874852410166,False
1906,0.8916091590804429,98.10352280095094,0.4521350349615679,False
1907,0.9186594970880806,98.13631236908535,0.45447421314789194,False
1908,0.9436063339556555,98.16890881913304,0.45551376337845445,False
1909,0.9665364727522963,98.2013052475195,0.4549561568204397,False
1910,0.9875245214535493,98.18603670111791,0.4551408107119739,False
1911,1.006634797484697,98.31787454802704,0.44905458319022246,False
1912,1.0239228180015463,98.31972361809045,0.442540629477789,False
1913,1.0394364783172854,98.32174413133266,0.44024917385837725,False
1914,1.0394364783172854,97.79657477025899,0.4480013793145035,False
1915,1.0394364783172854,98.41493299963501,0.4465221663006033,False
1916,1.0394364783172854,98.44591794446747,0.44340993921392274,False
1917,1.0532169913190046,98.4766610056096,0.4387702584847715,False
1918,1.065299640553338,98.50715746421268,0.4326860563282938,False
1919,1.1412418450836315,98.5018536387182,0.4272505035971287,False
1920,1.1412418450836315,98.60774818401937,0.4158506462274756,False
1921,1.1412418450836315,98.61013193675093,0.40483243266542357,False
1922,1.1412418450836315,98.61264702925506,0.39430569925144304,False
1923,1.1412418450836315,98.61529199277544,0.3842152422397643,False
1924,1.150999540671385,98.61806529140797,0.37450908814140993,False
1925,1.1590956761386297,98.14629759168582,0.38934109542730755,False
1926,1.1655498193580116,98.70874464054242,0.37949144100099913,False
1927,1.170377295621679,98.70874464054242,0.36976539157951366,False
1928,1.1735894123234427,98.70874464054242,0.36441223459578653,False
1929,1.175193620727556,98.70874464054242,0.3596448221206591,False
1930,1.175193620727556,98.70874464054242,0.35537613628714143,False
1931,1.173589412323443,98.70874464054242,0.35167976333487544,False
1932,1.170377295621679,98.70874464054242,0.34965749116617234,False
1933,1.1655498193580116,98.03071093827899,0.3535095374996851,False
1934,1.1590956761386297,98.79848439525377,0.3514933376823097,False
1935,1.150999540671385,98.89103420961433,0.3455517332598778,False
1936,1.1412418450836315,98.89103420961433,0.34063514686512575,False
1937,1.129798482836793,98.89103420961433,0.33753717272002765,False
1938,1.1166404295430468,98.89103420961433,0.33610063175957816,False
1939,1.1017332648846088,98.89103420961433,0.3361506815101871,False
1940,1.0850365744330075,98.89103420961433,0.3367700366939239,False
1941,1.006634797484697,98.89103420961433,0.3403491926686062,False
1942,0.9875245214535493,98.89103420961433,0.3437864197667862,False
1943,0.9665364727522964,98.89103420961433,0.3470741724409235,False
1944,0.9436063339556555,98.89103420961433,0.34918316228795954,False
1945,0.9186594970880806,98.1979305906233,0.3357219797280026,False
1946,0.8916091590804429,98.98014753205604,0.33201820047477476,False
1947,0.8623538561746378,98.96273719398289,0.34422791383395823,False
1948,0.830774222099454,99.04817689266363,0.3409900603942022,False
1949,0.7967286463062392,99.04817689266363,0.3382204259297634,False
1950,0.7600473303889541,99.04817689266363,0.33590459563836855,False
1951,0.7600473303889541,99.04817689266363,0.33167437609194816,False
1952,0.7600473303889541,99.04817689266363,0.33304439098167765,False
1953,0.720523936685393,98.3404109923366,0.32556956792900127,False
1954,0.677903479475398,99.12627519890663,0.3233339740402402,False
1955,0.6318640827062832,99.14703886788796,0.32078349600511225,False
1956,0.5819881552488824,99.16758889476976,0.31773425527128896,False
1957,0.5277139815252946,99.18792395146652,0.31437413012279414,False
1958,0.46824757305098735,99.2080428700147,0.31128144472428615,False
1959,0.46824757305098735,99.22794463798135,0.30747294826607574,False
1960,0.46824757305098735,99.23360904715173,0.3038031542256546,False
1961,0.46824757305098735,99.28564801929679,0.29751662197381223,False
1962,0.46824757305098735,99.28749884334228,0.29172999660210175,False
1963,0.46824757305098735,99.28940568475453,0.28643967680160765,False
1964,0.46824757305098735,99.29136756856249,0.2819954935695439,False
1965,0.46824757305098735,98.79440456469722,0.2816165368940712,False
1966,0.46824757305098735,98.78060003681207,0.2805734951624492,False
1967,0.46824757305098735,98.50417546113609,0.2613680504994001,False
1968,0.46824757305098735,99.25770754588096,0.25711918992511046,False
1969,0.46824757305098735,99.25989829277152,0.2531387836044464,False
1970,0.46824757305098735,99.26214295414422,0.24944737016063492,False
1971,0.46824757305098735,98.84476534296029,0.2489887441688118,False
1972,0.46824757305098735,99.32976474292654,0.2435242563258989,False
1973,0.46824757305098735,99.34380858851888,0.23449408733453833,False
1974,0.46824757305098735,99.3576965669989,0.2251099258706843,False
1975,0.46824757305098735,99.37142857142857,0.21537353362064823,False
1976,0.46824757305098735,99.38500457975313,0.21234012741769145,False
1977,0.46824757305098735,99.39842465160564,0.20469512321824512,False
1978,0.46824757305098735,99.42457164941813,0.19495523193763842,False
1979,0.46824757305098735,99.42651716168793,0.24280356292855013,False
1980,0.40907313904382653,99.42849831534951,0.2351115106439758,False
1981,0.40907313904382653,99.43051423714407,0.22770612864865059,False
1982,0.40907313904382653,99.4325640482744,0.23947641976517609,False
1983,0.40907313904382653,99.43464686524344,0.23382248075617876,False
1984,0.40907313904382653,99.43676180068093,0.2297184407267032,False
1985,0.4637773498877516,99.43890796415711,0.2259122927235347,False
1986,0.5140912790181235,99.44108446298227,0.29216522372877757,False
1987,0.560576942614533,99.44329040299128,0.290566786783603,False
1988,0.603652249754401,99.44552488931187,0.28901406219205256,False
1989,0.6436394131461666,99.44778702711614,0.3081457292026292,False
1990,0.6807937753703206,99.450075922354,0.30810916607644434,False
1991,0.7153220528038851,99.45239068246833,0.3080155666998784,False
1992,0.7473944462440387,99.08868001634654,0.30635034210679746,False
1993,0.7771529943226336,99.39109113199837,0.3071792497641508,False
1994,0.804717519321077,99.39109113199837,0.35939753923781265,False
1995,0.8301899714180443,99.39109113199837,0.35880663003686136,False
1996,0.8536576732793313,99.08459337964855,0.3550454233862193,False
1997,0.875195788740725,99.45239068246833,0.35400134457693755,False
1998,0.8948692308065574,99.450075922354,0.35356414227865,False
1999,0.9127341558073343,98.65802109410268,0.3165277715635695,False
2000,0.9288391461883214,99.37210161283703,0.3167293865642889,False
2001,0.9432261548473415,99.35467858029287,0.3170379144504147,False
2002,0.9559312637896478,98.9490736894575,0.30346779821641834,False
2003,0.9669852958320848,99.28678678678679,0.3034281578775667,False
2004,0.976414308115487,99.28391959798995,0.3034168356429079,False
2005,0.9842399889605549,99.28108971664004,0.3034440265087918,False
2006,0.9904799742690308,98.49491297401833,0.23708923641234922,False
2007,0.995148095654003,99.19280248885899,0.23597889848736034,False
2008,0.9982545693874831,99.19280248885899,0.2779620954324027,False
2009,0.999806132804711,98.79294336118849,0.2537346518022922,False
2010,0.999806132804711,99.11455685477038,0.25103428871313205,False
2011,0.9982545693874831,99.11124340874298,0.24854711538643276,False
2012,0.995148095654003,99.10798122065728,0.2839940305705673,False
2013,0.9904799742690308,99.10477169536537,0.2835935489758594,False
2014,0.9842399889605549,98.3966643741403,0.21446223959911367,False
2015,0.9842399889605549,99.18046928916495,0.27293591933453526,False
2016,0.9842399889605549,99.19697685403874,0.27543196003416887,False
2017,0.9842399889605549,99.21768125854993,0.2771034708363788,False
2018,0.9842399889605549,99.22549895740244,0.2785953365791664,False
2019,0.9842399889605549,99.22301912568307,0.2799806821404708,False
2020,0.9842399889605549,99.22059012461993,0.2809593510357375,False
2021,0.976414308115487,99.21821305841924,0.3127816648418732,False
2022,0.9669852958320848,99.21588901813796,0.3125765848019461,False
2023,0.9559312637896478,99.21361908053923,0.3124394619822775,False
2024,0.9432261548473415,99.21140430694571,0.31226399833105695,False
2025,0.9288391461883214,99.20924574209246,0.31191785592745697,False
2026,0.9127341558073343,99.20714441298192,0.31153518812031766,False
2027,0.8948692308065574,99.20510132774284,0.3112338594809194,False
2028,0.875195788740725,98.46261355695317,0.2732567580586354,False
2029,0.8536576732793313,99.11338225017471,0.27334535476234817,False
2030,0.8301899714180443,99.11338225017471,0.27348542225550143,False
2031,0.804717519321077,99.11338225017471,0.27364471845799593,False
2032,0.7771529943226336,98.46261355695317,0.23447724442055567,False
2033,0.7473944462440387,99.20510132774284,0.23304779887541355,False
2034,0.7153220528038851,99.20714441298192,0.2315173153099122,False
2035,0.6807937753703206,98.318449139621,0.1588751209634681,False
2036,0.6436394131461666,99.20714441298192,0.15510133664735704,False
2037,0.603652249754401,99.20510132774284,0.15259703143425193,False
2038,0.560576942614533,99.20311747449539,0.15023295968895586,False
2039,0.5140912790181235,99.20119382022472,0.2922102368738093,False
2040,0.4637773498877516,99.19933130966521,0.2916150894268221,False
2041,0.4637773498877516,98.46465179710528,0.2576821169524628,False
2042,0.4637773498877516,99.10694646078043,0.2583203379360756,False
2043,0.4637773498877516,99.10694646078043,0.2585871761457386,False
2044,0.4637773498877516,99.10694646078043,0.2588737055607379,False
2045,0.4637773498877516,99.10694646078043,0.259337787533798,False
2046,0.4637773498877516,99.10694646078043,0.25947383162354776,False
2047,0.4637773498877516,99.10694646078043,0.2981186001288818,False
2048,0.4637773498877516,99.10694646078043,0.3908003017823822,False
2049,0.4637773498877516,99.10694646078043,0.4798902290314376,False
2050,0.4637773498877516,99.10694646078043,0.4929482833881377,False
2051,0.4637773498877516,99.10694646078043,0.5361150287253392,False
2052,0.4637773498877516,99.10694646078043,0.5425189630506085,False
2053,0.4637773498877516,99.10694646078043,0.5481066709462125,False
2054,0.4637773498877516,99.10694646078043,0.5529437308475387,False
2055,0.4637773498877516,99.10694646078043,0.5570907458234746,False
2056,0.4637773498877516,99.10694646078043,0.5606043006062303,False
2057,0.4637773498877516,99.10694646078043,0.5928790359819066,False
2058,0.4637773498877516,99.10694646078043,0.5936459235732764,False
2059,0.4637773498877516,97.9320987654321,0.5669930652812145,False
2060,0.4637773498877516,99.10741902699837,0.5679935906132889,False
2061,0.4637773498877516,99.1166388327327,0.5686830337196793,False
2062,0.4637773498877516,99.11484939228465,0.5691730350475488,False
2063,0.4637773498877516,99.11313095658313,0.5696373087108205,False
2064,0.4637773498877516,99.11148439572098,0.5699214338049944,False
2065,0.4637773498877516,99.10991054822425,0.5700473291739401,False
2066,0.4637773498877516,99.10841022001419,0.5701933729407099,False
2067,0.4637773498877516,98.40312278211498,0.5510799989747692,False
2068,0.4637773498877516,97.90296783365915,0.4897570975321367,False
2069,0.4637773498877516,97.74405980243837,0.40280289364474686,False
2070,0.4637773498877516,98.43596827377239,0.38672328680509077,False
2071,0.4637773498877516,97.97255146600125,0.32414123509942,False
2072,0.4637773498877516,98.52508689065145,0.31313257297524777,False
2073,0.4637773498877516,98.5275745136534,0.3030550710120658,False
2074,0.4637773498877516,98.53020014295926,0.29398764256520765,False
2075,0.4637773498877516,98.53296359245013,0.2860093245280527,False
2076,0.40907313904382653,98.53586460105669,0.2791963662382585,False
2077,0.3491843735073079,97.93832915023306,0.20232754905774536,False
2078,0.2829047929798921,98.61385250314014,0.21395981286519578,False
2079,0.208180945557171,97.93832915023306,0.1196842418376498,False
2080,0.12068101401352381,98.53586460105669,0.11787326313557932,False
2081,-0.0,98.53296359245013,0.11684747963082567,False
2082,-0.0,98.53020014295926,0.11569107658233109,False
2083,-0.0,98.5275745136534,0.25362419961917404,False
2084,-0.0,98.52508689065145,0.2545890373459956,False
2085,0.12068101401352381,98.52273738542316,0.2558234512595538,False
2086,0.208180945557171,98.52052603518749,0.25727349624929496,False
2087,0.208180945557171,98.51845280340667,0.2588836038025135,False
2088,0.208180945557171,98.51651758037374,0.2601021844198781,False
2089,0.208180945557171,98.51472018389178,0.26143258972352906,False
2090,0.208180945557171,98.51306036004236,0.262183642919937,False
2091,0.208180945557171,98.51153778404087,0.2630107471553693,False
2092,0.208180945557171,98.51015206117606,0.26384910672967044,False
2093,0.208180945557171,98.50890272783089,0.264630691442723,False
2094,0.208180945557171,98.50778925258183,0.26528713279303034,False
2095,0.208180945557171,98.50681103737338,0.26574952263681917,False
2096,0.208180945557171,98.5059674187647,0.2659480338764649,False
2097,0.208180945557171,98.50525766924481,0.2658113541631189,False
2098,0.208180945557171,98.07125520110957,0.25495847139329225,False
2099,0.208180945557171,98.58637385440083,0.2529262175215192,False
2100,0.208180945557171,98.59722877611428,0.25137075579969753,False
2101,0.208180945557171,98.59722877611428,0.24992197531020463,False
2102,0.208180945557171,98.59722877611428,0.24897394139311682,False
2103,0.208180945557171,97.46236559139786,0.1025032990903139,False
2104,0.208180945557171,98.58997024707861,0.09825066853466044,False
2105,0.208180945557171,98.58997024707861,0.09386604296567916,False
2106,0.208180945557171,98.58997024707861,0.08932354197785197,False
2107,0.208180945557171,98.58997024707861,0.08459117254031884,False
2108,0.208180945557171,98.58997024707861,0.08123026090582512,False
2109,0.208180945557171,98.58997024707861,0.07715356470488306,False
2110,0.208180945557171,98.58997024707861,0.07444820785812359,False
2111,0.208180945557171,98.58997024707861,0.0717688389146122,False
2112,0.2829047929798921,98.58997024707861,0.06912275387797413,False
2113,0.3491843735073079,98.58997024707861,0.06651763448271046,False
2114,0.40907313904382653,98.58997024707861,0.06339979701818134,False
2115,0.4637773498877516,98.58997024707861,0.0602802241981554,False
2116,0.5140912790181235,98.58997024707861,0.05716040727919984,False
2117,0.560576942614533,98.58997024707861,0.05404133979148145,False
2118,0.603652249754401,98.58997024707861,0.05092339034411992,False
2119,0.603652249754401,98.58997024707861,0.04780612925916734,False
2120,0.603652249754401,98.58997024707861,0.04468808640281997,False
2121,0.720523936685393,98.58997024707861,0.041566403396542155,False
2122,0.7600473303889541,98.58997024707861,0.038436317908017784,False
2123,0.7967286463062391,98.58997024707861,0.03529036957737133,False
2124,0.830774222099454,98.58997024707861,0.03215896195717608,False
2125,0.8623538561746378,98.58997024707861,0.02924698549273352,False
2126,0.8623538561746378,98.58997024707861,0.026611428832222922,False
2127,0.8623538561746378,98.58997024707861,0.02440058489137099,False
2128,0.8623538561746378,98.58997024707861,0.022787706912171038,False
2129,0.8916091590804429,98.58997024707861,0.023352856171693512,False
2130,0.9186594970880806,98.58997024707861,0.02443366119932914,False
2131,0.9436063339556555,98.58997024707861,0.025965934875210695,False
2132,0.9665364727522963,98.58997024707861,0.027890996176167214,False
2133,0.9875245214535493,98.58997024707861,0.030140888327774753,False
2134,1.006634797484697,98.58997024707861,0.03372685642954046,False
2135,1.0239228180015463,98.58997024707861,0.03733626684016569,False
2136,1.0394364783172854,98.58997024707861,0.040954211908149706,False
2137,1.0532169913190046,98.58997024707861,0.04456689768377771,False
2138,1.065299640553338,98.58997024707861,0.04816151812026832,False
2139,1.0757143856082798,98.58997024707861,0.11001336205468372,False
2140,1.0844863484244938,98.58997024707861,0.11003229631563957,False
2141,1.0916362019205925,98.58997024707861,0.15326084744973462,False
2142,1.0971804769523517,98.58997024707861,0.1538862592480099,False
2143,1.1011317995692318,98.58997024707861,0.1570540171665328,False
2144,1.1034990673875957,98.58263620996055,0.15802868418973565,False
2145,1.1042875713905729,98.57099289853178,0.15899298428084785,False
2146,1.1042875713905729,98.56373429084381,0.15994164522660836,False
2147,1.1042875713905729,98.55652862738195,0.16085760934425195,False
2148,1.1042875713905729,98.54937862102517,0.16172560288064777,False
2149,1.1042875713905729,98.54228700946625,0.16253204669407928,False
2150,1.1042875713905729,98.53525655338721,0.16326496424993384,False
2151,1.1042875713905729,98.52829003454929,0.16391389119873265,False
2152,1.1042875713905729,98.52139025379795,0.2611954695582984,False
2153,1.1042875713905729,98.51456002898419,0.262395186057945,False
2154,1.1042875713905729,98.50780219280287,0.26331153479073716,False
2155,1.1034990673875957,98.50111959054975,0.263970551877439,False
2156,1.101131799569232,98.49451507779868,0.26439933488247425,False
2157,1.0971804769523517,98.4879915180012,0.26462026439691483,False
2158,1.0916362019205925,98.48155178001018,0.2646544728203993,False
2159,1.0844863484244938,98.11724234112779,0.24605800597607552,False
2160,1.0757143856082798,98.5529571021799,0.24651410954713943,False
2161,1.0757143856082798,98.06548316080378,0.22263621980819062,False
2162,1.0757143856082798,98.46312920054518,0.22251312519178867,False
2163,1.0757143856082798,98.38052845913438,0.22051964649492606,False
2164,1.0757143856082798,98.43518916082247,0.21998091333143002,False
2165,1.0757143856082798,98.42833797942902,0.21935627000410599,False
2166,1.0757143856082798,98.42153682273762,0.21866144570023344,False
2167,1.0757143856082798,98.41478880109257,0.21791156617078192,False
2168,1.0757143856082798,98.4080970864246,0.21712118347241768,False
2169,1.0757143856082798,98.40146491141245,0.2163042922271194,False
2170,1.0757143856082798,98.39489556851602,0.21549198312252996,False
2171,1.0757143856082798,98.3883924088764,0.21466072401567882,False
2172,1.0757143856082798,97.55497539913645,0.06751016203442863,False
2173,1.0844863484244938,98.303042474144,0.06107725347819724,False
2174,1.0916362019205925,98.303042474144,0.20011174551251104,False
2175,1.0971804769523517,98.303042474144,0.19922954118761993,False
2176,1.101131799569232,98.303042474144,0.19851565133118543,False
2177,1.1034990673875957,98.303042474144,0.2613265990948927,False
2178,1.1042875713905729,98.303042474144,0.2606734900856071,False
2179,1.1042875713905729,98.303042474144,0.26173321467004457,False
2180,1.1034990673875957,98.303042474144,0.27601634711037987,False
2181,1.101131799569232,98.303042474144,0.2763605024339337,False
2182,0.995148095654003,98.303042474144,0.27672734331256915,False
2183,0.995148095654003,98.303042474144,0.27678325613309673,False
2184,0.995148095654003,98.303042474144,0.276841923368995,False
2185,0.995148095654003,98.303042474144,0.2769012581717947,False
2186,0.995148095654003,98.303042474144,0.2769591128765734,False
2187,0.995148095654003,98.303042474144,0.27701328944643416,False
2188,0.9904799742690308,98.303042474144,0.27706155103295244,False
2189,0.9842399889605549,98.303042474144,0.27710163463079146,False
2190,0.9842399889605549,98.303042474144,0.27711754099979663,False
2191,0.9842399889605549,98.303042474144,0.2771353602558997,False
2192,0.9842399889605549,98.303042474144,0.2771342872806709,False
2193,0.9842399889605549,98.303042474144,0.2771369456624407,False
2194,0.9842399889605549,97.44652879607625,0.19945333998386514,False
2195,0.9842399889605549,98.34504532029739,0.1988231564151594,False
2196,0.9842399889605549,98.33853074996166,0.19825475848039334,False
2197,0.9842399889605549,97.5029302349284,0.2124856671239253,False
2198,0.9842399889605549,98.25265403565805,0.21304906097009849,False
2199,0.9904799742690308,98.10339553380238,0.21154954804095447,False
2200,0.995148095654003,97.82530829453,0.19236450360723203,False
2201,0.9982545693874831,98.29002772928007,0.19172262889740352,False
2202,0.999806132804711,98.28326180257511,0.19107047910580569,False
2203,0.999806132804711,98.27658023534312,0.19088797614998781,False
2204,0.9982545693874831,98.2699868938401,0.19071907986867884,False
2205,0.995148095654003,98.26348569618916,0.1908321733109821,False
2206,0.9904799742690308,98.25708061002179,0.19089445804763622,False
2207,0.9842399889605549,98.25077564994116,0.1909172862773682,False
2208,0.976414308115487,98.2445748748048,0.1911944866628815,False
2209,0.976414308115487,98.23848238482385,0.19142687608807857,False
2210,0.976414308115487,98.2325023184769,0.19167415150093436,False
2211,0.976414308115487,98.22663884923685,0.19205535418429162,False
2212,0.976414308115487,98.22089618210951,0.19235600030350458,False
2213,0.976414308115487,98.21527854998332,0.19258699511501645,False
2214,0.976414308115487,98.20979020979021,0.19275866856537055,False
2215,0.976414308115487,98.20443543847799,0.19288079171697933,False
2216,0.9669852958320848,98.19921852879551,0.19296258419712004,False
2217,0.9559312637896478,97.35545614134436,0.04582287051518518,False
2218,0.9432261548473415,98.09162466730845,0.043125479737675866,False
2219,0.9288391461883214,98.09162466730845,0.04075814613411316,False
2220,0.9127341558073343,98.09162466730845,0.03875194922291422,False
2221,0.8948692308065574,98.09162466730845,0.03713071291563685,False
2222,0.8948692308065574,98.09162466730845,0.03590679478704303,False
2223,0.9127341558073343,98.09162466730845,0.03507734579681304,False
2224,0.9288391461883214,98.09162466730845,0.03462220599114495,False
2225,0.9432261548473415,98.09162466730845,0.03299465717744296,False
2226,0.9559312637896478,98.09162466730845,0.03200639595252716,False
2227,0.9669852958320848,98.09162466730845,0.03160874243310991,False
2228,0.976414308115487,98.09162466730845,0.029310966136253065,False
2229,0.9842399889605549,98.09162466730845,0.027315072039479138,False
2230,0.9904799742690308,98.09162466730845,0.025198240375812097,False
2231,0.995148095654003,98.09162466730845,0.021863030382135835,False
2232,0.9982545693874831,98.09162466730845,0.018865313077088403,False
2233,0.999806132804711,98.09162466730845,0.016227554800617137,False
2234,0.999806132804711,98.09162466730845,0.013978324399077213,False
2235,0.9982545693874831,98.09162466730845,0.01214915961006829,False
2236,0.995148095654003,98.09162466730845,0.11732408577990824,False
2237,0.9904799742690308,98.09162466730845,0.11876517524314827,False
2238,0.9842399889605549,98.09162466730845,0.12010198313353407,False
2239,0.976414308115487,98.09162466730845,0.1213237649961594,False
2240,0.976414308115487,98.09162466730845,0.12242243312381466,False
2241,0.976414308115487,98.09162466730845,0.12339229368290655,False
2242,0.976414308115487,98.09162466730845,0.12422982448649583,False
2243,0.976414308115487,98.09162466730845,0.12493348999495665,False
2244,0.976414308115487,98.09162466730845,0.20603352242685713,False
2245,0.976414308115487,98.09162466730845,0.20671700972601376,False
2246,0.976414308115487,98.09162466730845,0.2261624585096345,False
2247,0.976414308115487,98.09162466730845,0.23035095220751453,False
2248,0.9669852958320848,98.09162466730845,0.2344722140351966,False
2249,0.9669852958320848,98.09162466730845,0.23847249686472277,False
2250,0.9669852958320848,98.09162466730845,0.24236320155223326,False
2251,0.9669852958320848,98.09162466730845,0.24615448425402744,False
2252,0.9669852958320848,98.09162466730845,0.24985540485495047,False
2253,0.9669852958320848,98.09162466730845,0.2534740503287568,False
2254,0.9669852958320848,98.09162466730845,0.2570176379428203,False
2255,0.9669852958320848,98.09162466730845,0.2604926021226773,False
2256,0.9669852958320848,97.569148634066,0.23663603595546961,False
2257,0.9669852958320848,97.98940593495472,0.23962197409606956,False
2258,0.9669852958320848,97.98960534582214,0.24261974652608326,False
2259,0.9669852958320848,97.99003607627556,0.24563205469957836,False
2260,0.9559312637896478,97.9906998105517,0.24866053047039482,False
2261,0.9432261548473415,97.99159808942855,0.25170578593263004,False
2262,0.9288391461883214,97.99273230662745,0.2547674635521792,False
2263,0.9127341558073343,97.99410370541649,0.25784428676664495,False
2264,1.006634797484697,97.31796327405434,0.20344028356935914,False
2265,1.066503202885787,98.10203726275466,0.20698656880904284,False
2266,1.1126817966979572,97.6144872018109,0.190142480604093,False
2267,1.1494318918359776,98.20651227581403,0.18881025420840028,False
2268,1.1787269834988532,98.20898994010584,0.18738020907219038,False
2269,1.201681991620676,98.21168520999592,0.18584489501288934,False
2270,1.2189859772419214,98.21459828461404,0.21412794761332687,False
2271,1.2310786130055862,98.21772921171039,0.2379018282864876,False
2272,1.2382339767869435,98.22107788635965,0.2372534081445847,False
2273,1.2406030082663506,98.2246440499209,0.23601947865881076,False
2274,1.2382339767869435,98.2284272892591,0.23426586990297388,False
2275,1.2310786130055862,98.23242703623231,0.2315037835754832,False
2276,1.2189859772419214,98.23664256744843,0.22846707398278637,False
2277,1.201681991620676,98.24107300429436,0.22493692504087348,False
2278,1.1787269834988532,98.24571731323954,0.25283519005708793,False
2279,1.1494318918359776,98.25057430641456,0.25181674513569624,False
2280,1.1126817966979572,98.25564264246567,0.27131477800982357,False
2281,1.046078320219219,98.26092082768378,0.27477858310208253,False
2282,0.9665364727522964,98.26640721740668,0.2780868843668207,False
2283,0.875195788740725,98.27210001769181,0.28072952858612243,False
2284,0.8948692308065574,98.277997287256,0.2827779118282022,False
2285,0.9127341558073343,98.28409693967805,0.29112820444913035,False
2286,0.9288391461883214,98.29039674585863,0.29674654874050305,False
2287,0.9432261548473415,98.29689433673168,0.30227515184468773,False
2288,0.9559312637896478,98.30358720622019,0.310347646790128,False
2289,0.9669852958320848,98.31047271442868,0.320486750650066,False
2290,0.976414308115487,97.64525813857657,0.3108044818686939,False
2291,0.9842399889605549,97.64525813857657,0.30078838774721206,False
2292,1.0916362019205925,98.31047271442868,0.30800079017364007,False
2293,1.1655498193580116,98.30358720622019,0.3146942601195087,False
2294,1.2263714330738393,98.29689433673168,0.32090442869093294,False
2295,1.278417365535648,98.29039674585863,0.32705089127982206,False
2296,1.3237243701143493,98.28409693967805,0.332659147222278,False
2297,1.3634806730596907,98.277997287256,0.33794073242247863,False
2298,1.3984610270106808,97.67057852214425,0.32013106364699906,False
2299,1.429206268217279,98.36075240285395,0.3229586598776382,False
2300,1.4561112661478437,97.71802582699452,0.3084286122991378,False
2301,1.4794731020725562,98.46099416239166,0.3058253479433488,False
2302,1.4995196245467155,98.46667056826827,0.3022844196774314,False
2303,1.5164273757656148,98.4612684296747,0.2989970462440429,False
2304,1.5303333274395563,98.4560500614071,0.2959415246378439,False
2305,1.541342789057496,97.86064998830956,0.28631082984923056,False
2306,1.5495348211113549,98.52795139903031,0.2787763790262395,False
2307,1.554965937118681,98.52795139903031,0.2822466963847054,False
2308,1.5576725670893488,97.87370757637713,0.27407385255858846,False
2309,1.557672567089349,98.60973187686197,0.26197953095929916,False
2310,1.5549659371186813,98.60494980154098,0.25032780017393697,False
2311,1.5495348211113549,98.60033825158919,0.23852281423105057,False
2312,1.5413427890574958,98.59589839198323,0.22719290850268747,False
2313,1.530333327439556,98.59163126345807,0.21632806240186248,False
2314,1.5125568756434098,98.58753778191118,0.25144517608365957,False
2315,1.4919310878474152,98.58361873802751,0.24606938550527033,False
2316,1.4683074126842999,98.57987479712497,0.24033649165490859,False
2317,1.44790620869417,98.5763064992187,0.23501999774553053,False
2318,1.4238430936939135,98.57291425930205,0.23009896930215562,False
2319,1.3914372992027793,98.56969836784128,0.2249189190323507,False
2320,1.3548527368476762,98.56665899148054,0.2314439107954366,False
2321,1.3135448704851067,98.56379617395301,0.23063949218785837,False
2322,1.2667356005770385,98.5611098371933,0.23100572978121947,False
2323,1.2132336634320215,98.558599782646,0.23158431981343178,False
2324,1.150999540671385,98.55626569276421,0.23234647045259987,False
2325,1.150999540671385,98.55410713269198,0.23326411972113356,False
2326,1.150999540671385,98.55212355212355,0.23431011753697903,False
2327,1.150999540671385,98.06897332804802,0.22228434144823497,False
2328,1.150999540671385,98.61644454483849,0.22081766431021613,False
2329,1.150999540671385,98.61644454483849,0.22040299163885418,False
2330,1.150999540671385,98.61644454483849,0.22010972130734519,False
2331,1.150999540671385,98.61644454483849,0.22055370632256413,False
2332,1.150999540671385,98.61644454483849,0.23470068541645112,False
2333,1.150999540671385,98.61644454483849,0.23424674229074013,False
2334,1.150999540671385,97.859724418342,0.1840241054560169,False
2335,1.150999540671385,98.6842105263158,0.17993173976448176,False
2336,1.150999540671385,98.68235824089194,0.17714943789621415,False
2337,1.1590956761386297,98.6806647204132,0.17457731412625754,False
2338,1.1655498193580116,98.67912912072536,0.23313623328985464,False
2339,1.170377295621679,98.67775050212006,0.23369561215748536,False
2340,1.173589412323443,98.22054162264361,0.22307778895713054,False
2341,1.175193620727556,98.7308800709377,0.22123057846784042,False
2342,1.1042875713905729,98.7308800709377,0.21942127510135961,False
2343,0.999806132804711,98.7308800709377,0.21765664323083492,False
2344,0.9982545693874831,98.7308800709377,0.21594295406220249,False
2345,0.995148095654003,98.7308800709377,0.21368749397156322,False
2346,0.9904799742690308,98.7308800709377,0.23102293818802783,False
2347,0.9842399889605549,98.7308800709377,0.23094581855864377,False
2348,0.976414308115487,98.7308800709377,0.31614274675679516,False
2349,0.9669852958320848,98.7308800709377,0.3789529734231503,False
2350,0.9559312637896478,98.7308800709377,0.4294264928029263,False
2351,0.9432261548473415,98.7308800709377,0.4702299325915921,False
2352,0.9288391461883214,98.22610243007284,0.49910129558167354,False
2353,0.9288391461883214,98.67775050212006,0.5304215167918389,False
2354,0.9288391461883214,98.67912912072536,0.5579004704028763,False
2355,0.9288391461883214,98.6806647204132,0.5821577938178323,False
2356,0.9288391461883214,98.68235824089194,0.6036547276797002,False
2357,0.9288391461883214,98.6842105263158,0.6227477090933232,False
2358,0.9288391461883214,97.9217396228552,0.6030000926697219,False
2359,0.9288391461883214,98.74517374517374,0.6220903421123263,False
2360,0.9288391461883214,98.74517374517374,0.6389375424552102,False
2361,0.9288391461883214,98.74517374517374,0.6537963472706193,False
2362,0.9288391461883214,98.74517374517374,0.6668788516746267,False
2363,0.9288391461883214,98.74517374517374,0.677669250895786,False
2364,0.9288391461883214,98.74517374517374,0.6870111441079457,False
2365,0.9288391461883214,98.74517374517374,0.6952317351416111,False
2366,0.9288391461883214,98.23415852827617,0.6960878519613255,False
2367,0.9288391461883214,98.7962752668635,0.7014969878240407,False
2368,0.9288391461883214,99.62429555416406,0.6721246233887679,False
2369,0.9288391461883214,99.62429555416406,0.6421432673610961,False
2370,0.9288391461883214,99.62429555416406,0.612298480484137,False
2371,0.9288391461883214,99.62429555416406,0.5926044492654636,False
2372,0.9288391461883214,99.62429555416406,0.5639318657290235,False
2373,0.9288391461883214,99.62429555416406,0.535527207885937,False
2374,0.9288391461883214,99.62429555416406,0.5074289748071042,False
2375,0.9127341558073343,99.62429555416406,0.47968414506605905,False
2376,1.0066347974846968,99.62429555416406,0.45235046327831857,False
2377,1.066503202885787,99.62429555416406,0.4254122694119036,False
2378,1.132529774880598,99.08920134342802,0.4487070505402262,False
2379,1.1899285414712581,99.67552797859624,0.4207111864668287,False
2380,1.2220947914756688,99.67473179639352,0.39351630292051293,False
2381,1.2481068205144499,99.67396899845565,0.3671536423146906,False
2382,1.2686794699537274,99.67324008254987,0.37633413793153997,False
2383,1.2842839696213428,99.67254552766128,0.3558536028046485,False
2384,1.2952336017523502,99.67188579323049,0.33682325099878613,False
2385,1.301728854068539,99.67126131841513,0.3193154575496445,False
2386,1.3038818925522597,99.6706725213774,0.3033984777422872,False
2387,1.301728854068539,99.67011979859946,0.2891316283353191,False
2388,1.2952336017523502,99.66960352422907,0.3156537598029743,False
2389,1.2842839696213428,99.66912404945725,0.3071651412911445,False
2390,1.2686794699537274,99.66868170192978,0.30006978845230325,False
2391,1.2481068205144499,98.87816786793769,0.31121294305061026,False
2392,1.2220947914756688,99.60474308300395,0.3081417932795347,False
2393,1.1899285414712581,99.60474308300395,0.3058812738900077,False
2394,1.1504718163625702,99.60474308300395,0.30432092423303886,False
2395,1.1017332648846088,99.60474308300395,0.3033425431785036,False
2396,1.0394364783172854,99.60474308300395,0.302822481902816,False
2397,0.9432261548473415,99.60474308300395,0.3027561759821563,False
2398,0.9559312637896478,98.946633300355,0.26564906427847934,False
2399,0.9669852958320848,99.55138662316476,0.2657017081624243,False
2400,0.976414308115487,99.55094185571821,0.2658034040879886,False
2401,0.9842399889605549,99.5505486808312,0.26596040809185256,False
2402,0.9904799742690308,98.86091477305918,0.21413820678660916,False
2403,0.995148095654003,99.61421557166238,0.21361217254529097,False
2404,0.9982545693874831,99.61421557166238,0.21310724446680826,False
2405,0.999806132804711,99.61421557166238,0.21262718154863727,False
2406,0.999806132804711,99.61421557166238,0.2121757688807668,False
2407,0.9982545693874831,99.61421557166238,0.21175681315627196,False
2408,0.995148095654003,98.85507331035691,0.14672015819407275,False
2409,0.9904799742690308,99.5505486808312,0.14681595414756873,False
2410,0.9904799742690308,99.55094185571821,0.14690202196728153,False
2411,0.9904799742690308,98.88027060127136,0.030835734798802604,False
2412,0.9904799742690308,99.48679069224937,0.03182246374335824,False
2413,0.9904799742690308,99.48679069224937,0.03200442771183118,False
2414,0.9904799742690308,99.48679069224937,0.032312520947353415,False
2415,0.9904799742690308,99.48679069224937,0.03271245281599877,False
2416,0.9904799742690308,99.48679069224937,0.03317118625789366,False
2417,0.9904799742690308,99.48679069224937,0.03365756340677035,False
2418,0.9904799742690308,99.48679069224937,0.03414253738542668,False
2419,0.9904799742690308,99.48679069224937,0.03353670654432672,False
2420,0.9904799742690308,99.48679069224937,0.032642835029311985,False
2421,0.9904799742690308,99.48679069224937,0.031386228018553286,False
2422,0.9904799742690308,99.48679069224937,0.030899090463615424,False
2423,0.9904799742690308,99.48679069224937,0.1414974311482725,False
2424,0.9904799742690308,99.48679069224937,0.14257597574005113,False
2425,0.9904799742690308,99.48679069224937,0.14359233304060603,False
2426,0.9904799742690308,99.48679069224937,0.14454166920574593,False
2427,0.9904799742690308,99.48679069224937,0.1454191291790252,False
2428,0.9904799742690308,99.48679069224937,0.14621981710518933,False
2429,0.9904799742690308,99.48679069224937,0.1472459071380927,False
2430,0.9904799742690308,99.48679069224937,0.1482310265733007,False
2431,0.9904799742690308,99.48679069224937,0.1491735732774098,False
2432,0.9904799742690308,99.48679069224937,0.15007191978440396,False
2433,0.9904799742690308,99.48679069224937,0.1511317789236697,False
2434,0.9904799742690308,99.48679069224937,0.1521441524482567,False
2435,0.9904799742690308,99.48679069224937,0.1531029504639053,False
2436,0.9904799742690308,99.48679069224937,0.15400216063948485,False
2437,0.995148095654003,99.48679069224937,0.15483582896772344,False
2438,0.9982545693874831,99.48679069224937,0.1555980395256128,False
2439,0.999806132804711,99.48679069224937,0.15651431121766843,False
2440,0.999806132804711,99.48679069224937,0.1568228574412463,False
2441,0.9982545693874831,99.48679069224937,0.15893018163889036,False
2442,0.995148095654003,99.48679069224937,0.20271115584380667,False
2443,0.9904799742690308,98.86860675336794,0.15355806557601157,False
2444,0.9842399889605549,99.55094185571821,0.15728960739952255,False
2445,0.976414308115487,99.55284552845528,0.1607056298440737,False
2446,0.9669852958320848,99.55478461983232,0.1638299328027491,False
2447,0.9559312637896478,99.55675800138154,0.16668310729171326,False
2448,0.9432261548473415,99.558764540714,0.1692831839899496,False
2449,0.9288391461883214,99.56080310289755,0.1716461304615997,False
2450,0.9127341558073343,99.56287255180244,0.17378623898731174,False
2451,0.8948692308065574,99.56497175141243,0.17353156636909972,False
2452,0.875195788740725,99.56709956709956,0.17648175155640264,False
2453,0.8536576732793313,99.56925486686059,0.17905829888936314,False
2454,0.8301899714180443,99.5714365225135,0.18049580021377176,False
2455,0.804717519321077,99.57364341085271,0.18175055211326702,False
2456,0.7771529943226336,99.57587441476177,0.18283769691722707,False
2457,0.7473944462440387,99.57812842428227,0.18377118877209847,False
2458,0.7153220528038851,99.58040433763827,0.18456394988803404,False
2459,0.6807937753703206,99.58270106221548,0.1852279990815094,False
2460,0.6436394131461666,99.46106170843439,0.1862554789713664,False
2461,0.603652249754401,99.62486602357986,0.18561680549011647,False
2462,0.560576942614533,98.94962486602358,0.13793320873624623,False
2463,0.5140912790181235,99.67309753483387,0.13339525303209487,False
2464,0.4637773498877516,99.67496136835935,0.12884914925034274,False
2465,0.40907313904382653,99.67683831320196,0.12430056545065499,False
2466,0.3491843735073079,99.67872755042924,0.11975537145419854,False
2467,0.2829047929798921,99.68062827225131,0.11521967311299604,False
2468,0.208180945557171,99.68253968253968,0.11069985205477026,False
2469,0.12068101401352381,99.68446099731015,0.10620261194840307,False
2470,-0.0,99.68639144516992,0.10173503251510081,False
2471,-0.0,99.61679950950337,0.10104862028963439,False
2472,0.12068101401352381,99.71566387407971,0.09456453274326099,False
2473,0.208180945557171,99.71582259210393,0.13805978250817233,False
2474,0.2829047929798921,99.71600993965211,0.13643134714889196,False
2475,0.3491843735073079,99.71622580318233,0.13497047531163772,False
2476,0.40907313904382653,99.71647005214926,0.132361024035199,False
2477,0.4637773498877516,99.71674253920081,0.13178277908676558,False
2478,0.5140912790181235,99.71704310039917,0.15628031645229376,False
2479,0.560576942614533,99.71737155546583,0.15825065761937473,False
2480,0.603652249754401,99.71772770804981,0.160158074939546,False
2481,0.6436394131461666,99.71811134601832,0.16200129996663531,False
2482,0.6807937753703206,99.71852224176929,0.16367804451594808,False
2483,0.7153220528038851,99.71896015256449,0.16532817779301456,False
2484,0.7473944462440387,99.71942482088281,0.16694573734085152,False
2485,0.7771529943226336,99.71991597479244,0.16852545216977313,False
2486,0.804717519321077,99.72043332834107,0.17006269076708,False
2487,0.8301899714180443,99.72097658196313,0.1715534122719325,False
2488,0.8536576732793313,99.72154542290289,0.17299412098550196,False
2489,0.875195788740725,99.72213952565248,0.17438182426048088,False
2490,0.8948692308065574,99.72275855240359,0.17571399372327837,False
2491,0.9127341558073343,99.7234021535118,0.17704623166092426,False
2492,0.9288391461883214,99.72406996797241,0.17829837193227638,False
2493,0.9432261548473415,99.22834955273764,0.14468409040008415,False
2494,0.9559312637896478,99.77940095102701,0.14494946832798286,False
2495,0.9669852958320848,99.78097926603718,0.14515449743701145,False
2496,0.976414308115487,99.71490698236289,0.14662684372078438,False
2497,0.9842399889605549,99.79852249832102,0.14631772988719552,False
2498,0.9904799742690308,99.31113662456946,0.11885242305549666,False
2499,0.995148095654003,99.84258729250143,0.11530748148880102,False
2500,0.9982545693874831,99.84374260144894,0.11177064448912985,False
2501,0.999806132804711,99.8448956570784,0.10824269857381238,False
2502,0.999806132804711,99.84604618614415,0.10488283941674265,False
2503,0.9982545693874831,99.84719392480089,0.10148392942919458,False
2504,0.995148095654003,99.8483386185027,0.0976130897666606,False
2505,0.9904799742690308,99.84948002189381,0.09375201790536493,False
2506,0.9842399889605549,99.85061789869178,0.0899029019411474,False
2507,0.976414308115487,99.85175202156334,0.08602240412575847,False
2508,0.9669852958320848,99.85288217199411,0.0821662518096182,False
2509,0.9559312637896478,99.85400814015219,0.07811125095347755,False
2510,0.9432261548473415,99.85512972474648,0.07409201572583683,False
2511,0.9432261548473415,99.8562467328803,0.07010901223526696,False
2512,0.9432261548473415,99.85735897990058,0.06616242203284588,False
2513,0.9432261548473415,99.85846628924344,0.06225205960061769,False
2514,0.9432261548473415,99.85956849227627,0.0583772599351609,False
2515,0.9432261548473415,99.86066542813714,0.05453672254918796,False
2516,0.9432261548473415,99.86594612709983,0.05033584647467138,False
2517,0.9432261548473415,99.86699916874481,0.046093531378349074,False
2518,0.9288391461883214,99.86743993371996,0.04188331678390939,False
2519,0.9127341558073343,99.86788869622657,0.03769040312879265,False
2520,0.8948692308065574,99.86834526454373,0.033492454192363005,False
2521,0.875195788740725,99.8688094457199,0.029254245574399432,False
2522,0.8536576732793313,99.86928104575163,0.024916434763663984,False
2523,0.8301899714180443,99.86975986975987,0.020368141583090082,False
2524,0.804717519321077,99.87024572216366,0.017925152980287424,False
2525,0.7771529943226336,99.87073840685086,0.01544584155732425,False
2526,0.7473944462440387,99.87123772734589,0.07516426042899504,False
2527,0.7153220528038851,99.87174348697395,0.07505075039862842,False
2528,0.7153220528038851,99.87225548902195,0.07495755894871949,False
2529,0.7153220528038851,99.87277353689568,0.07511682871826639,False
2530,0.7153220528038851,99.87329743427304,0.07525998166754684,False
2531,0.6807937753703206,99.87382698525353,0.07538745691358573,False
2532,0.6436394131461666,99.87436199450333,0.07549974159174402,False
2533,0.6436394131461666,99.87490226739641,0.0755973709408048,False
2534,0.6436394131461666,99.87544761015101,0.07568092857016143,False
2535,0.6436394131461666,99.87599782996202,0.10087920503356435,False
2536,0.6436394131461666,99.87555417282414,0.10105664340852573,False
2537,0.6436394131461666,99.87121448641898,0.10124412601270816,False
2538,0.6436394131461666,99.87077067669173,0.10142649456510186,False
2539,0.6436394131461666,99.87033398821218,0.10147508842969566,False
2540,0.6436394131461666,99.86990459670425,0.1015281135556569,False
2541,0.6436394131461666,99.86948267679165,0.10157820602028972,False
2542,0.6436394131461666,99.86906840184098,0.12623765827648845,False
2543,0.6436394131461666,99.86866194380323,0.12626393431293978,False
2544,0.6436394131461666,99.86826347305389,0.12628448959918556,False
2545,0.6436394131461666,99.8678731582319,0.12629954972038815,False
2546,0.6436394131461666,99.53955797565663,0.1023244169183015,False
2547,0.6436394131461666,99.83183856502242,0.10214247005253715,False
2548,0.6436394131461666,99.83183856502242,0.10197243869027006,False
2549,0.6436394131461666,99.83183856502242,0.10181459772874427,False
2550,0.6436394131461666,99.83183856502242,0.10166923878958091,False
2551,0.6436394131461666,99.83183856502242,0.10153667045287139,False
2552,0.6436394131461666,99.83183856502242,0.20922954485788936,False
2553,0.6436394131461666,99.83183856502242,0.20918721389242534,False
2554,0.6436394131461666,99.83183856502242,0.20914516852033857,False
2555,0.6436394131461666,99.55156950672645,0.19820920129302774,False
2556,0.6436394131461666,99.8678731582319,0.19810737620173952,False
2557,0.6436394131461666,99.86721390632545,0.19801382656826072,False
2558,0.6436394131461666,99.86655883542257,0.19792097735944897,False
2559,0.6436394131461666,99.82474016710822,0.19789575317822233,False
2560,0.6436394131461666,99.85210746857284,0.1978683540741884,False
2561,0.6436394131461666,99.85093784936441,0.19784353040892366,False
2562,0.6436394131461666,99.50070733128068,0.18309951147525239,False
2563,0.6436394131461666,99.81186504452528,0.18308803329878706,False
2564,0.6436394131461666,99.81097202385953,0.1830850826744483,False
2565,0.6436394131461666,99.81008651614265,0.1830917174631248,False
2566,0.6436394131461666,99.80920885270923,0.18308598280326996,False
2567,0.6436394131461666,99.80833936709399,0.18308844881852263,False
2568,0.6436394131461666,99.80747839479764,0.1831015582550064,False
2569,0.6436394131461666,99.8066262730437,0.2513495972091562,False
2570,0.6436394131461666,99.80578334052655,0.25200989330643886,False
2571,0.6436394131461666,99.80494993715054,0.25270838404829227,False
2572,0.603652249754401,98.98573967318278,0.17533569880168998,False
2573,0.560576942614533,99.76593992458064,0.17616772591027796,False
2574,0.5140912790181235,99.76593992458064,0.17702473033589672,False
2575,0.4637773498877516,99.76593992458064,0.1779022251430161,False
2576,0.40907313904382653,99.76593992458064,0.17879579283868413,False
2577,0.3491843735073079,99.76593992458064,0.17969915676289716,False
2578,0.2829047929798921,99.76593992458064,0.1806191269661694,False
2579,0.2829047929798921,99.76593992458064,0.1815531384724328,False
2580,0.2829047929798921,99.76593992458064,0.18249863720850484,False
2581,0.2829047929798921,99.76593992458064,0.1834530840326165,False
2582,0.2829047929798921,99.76593992458064,0.1844139583360717,False
2583,0.2829047929798921,99.76593992458064,0.18485467231375102,False
2584,0.2829047929798921,99.76593992458064,0.1852779048263364,False
2585,0.2829047929798921,99.76593992458064,0.18568223988752627,False
2586,0.2829047929798921,99.76593992458064,0.18608886399885807,False
2587,0.2829047929798921,99.76593992458064,0.18647692340253,False
2588,0.2829047929798921,99.76593992458064,0.18684330534699803,False
2589,0.208180945557171,98.98140522734168,0.07346728699180856,False
2590,0.12068101401352381,99.80494993715054,0.07209854974957533,False
2591,-0.0,99.80578334052655,0.07052820049459313,False
2592,-0.0,99.8066262730437,0.06874141161646911,False
2593,-0.0,99.80747839479764,0.0833568649960137,False
2594,-0.0,99.80833936709399,0.08155719943392245,False
2595,-0.0,99.80920885270923,0.07966576200915546,False
2596,-0.0,99.81008651614265,0.07767803556482973,False
2597,-0.0,99.81097202385953,0.07558878003387934,False
2598,-0.0,99.81186504452528,0.07339185789022008,False
2599,-0.0,99.81276524923025,0.07108000538540492,False
2600,-0.0,99.81367231170552,0.06872474891522416,False
2601,-0.0,99.81458590852905,0.0662352833934157,False
2602,-0.0,99.8155057193227,0.06359907075623572,False
2603,-0.0,99.8164314269397,0.06237579827710816,False
2604,-0.0,99.81736271764277,0.06115316275944876,False
2605,-0.0,99.81829928127272,0.05993221090104372,False
2606,-0.0,99.81924081140791,0.05871410873993698,False
2607,-0.0,99.82018700551427,0.057500153239315795,False
2608,-0.0,99.82113756508605,0.05629178496999796,False
2609,-0.0,99.82209219577766,0.055090601929526084,False
2610,-0.0,99.82305060752624,0.05389837450907437,False
2611,-0.0,99.82401251466563,0.052717061578105184,False
2612,-0.0,99.82497763603126,0.05154882759799254,False
2613,-0.0,99.55272062541324,0.011803225955240424,False
2614,-0.0,99.78219439150558,0.011523702512395834,False
2615,-0.0,99.78219439150558,0.011247766479160674,False
2616,-0.0,99.78219439150558,0.01098037184422415,False
2617,-0.0,99.78219439150558,0.010727476804549461,False
2618,-0.0,99.78219439150558,0.010496121314434647,False
2619,-0.0,99.78219439150558,0.182033674372382,False
2620,-0.0,99.78219439150558,0.1819929556724988,False
2621,-0.0,99.78219439150558,0.18195611942863282,False
2622,-0.0,99.78219439150558,0.18192716524489597,False
2623,-0.0,99.78219439150558,0.1819100398383799,False
2624,-0.0,99.78219439150558,0.1818856868950904,False
2625,-0.0,99.78219439150558,0.181868247409404,False
2626,-0.0,99.78219439150558,0.18185895370019778,False
2627,-0.0,99.78219439150558,0.18185893068173573,False
2628,-0.0,99.78219439150558,0.18186919512417843,False
2629,-0.0,99.78219439150558,0.1818906550306524,False
2630,-0.0,99.78219439150558,0.18192410914984514,False
2631,-0.0,99.78219439150558,0.1845506807823625,False
2632,-0.0,99.78219439150558,0.18514250774977456,False
2633,-0.0,99.78219439150558,0.18571980697323,False
2634,-0.0,99.78219439150558,0.18628259114029055,False
2635,-0.0,99.78219439150558,0.18683084127045235,False
2636,-0.0,99.78219439150558,0.18736450617013795,False
2637,-0.0,99.78219439150558,0.18788350186145478,False
2638,-0.0,99.78219439150558,0.18838771098496837,False
2639,-0.0,98.96727779067069,0.05142209171244865,False
2640,-0.0,99.74999038424555,0.05314174163959136,False
2641,-0.0,99.7513960070374,0.05476233498701594,False
2642,-0.0,99.75280471572542,0.05627996480132455,False
2643,-0.0,99.75421613854647,0.06497946255374008,False
2644,-0.0,99.7556299108989,0.06514491904495401,False
2645,-0.0,99.75704567541302,0.06528673021494524,False
2646,-0.0,99.75846308201108,0.06540254993222394,False
2647,-0.0,99.75988178795714,0.06549017856032438,False
2648,-0.0,99.76130145789725,0.06554755479508494,False
2649,-0.0,99.7627217638899,0.0655727476023379,False
2650,-0.0,99.76414238542763,0.06549175464287205,False
2651,-0.0,99.60686720046166,0.057712456087109607,False
2652,-0.0,99.80641692059508,0.05584510073077222,False
2653,-0.0,99.80641692059508,0.1926233025924502,False
2654,-0.0,99.80641692059508,0.1921780018585636,False
2655,-0.0,99.80641692059508,0.19173470540484047,False
2656,0.12068101401352381,99.80641692059508,0.1912935292821018,False
2657,0.208180945557171,99.80641692059508,0.1908546471755903,False
2658,0.2829047929798921,99.80641692059508,0.19041829296520862,False
2659,0.3491843735073079,99.80641692059508,0.1899847632883822,False
2660,0.40907313904382653,99.80641692059508,0.19879186042543945,False
2661,0.4637773498877516,99.80641692059508,0.19882552145393065,False
2662,0.5140912790181235,99.80641692059508,0.19892852796400098,False
2663,0.560576942614533,99.60326047753011,0.19673428744903387,False
2664,0.603652249754401,99.76414238542763,0.1971148265533782,False
2665,0.6436394131461666,99.7627217638899,0.19745200559491558,False
2666,0.7600473303889541,99.76130145789725,0.19774737745278045,False
2667,0.843195316078971,99.75988178795714,0.19800265757358232,False
2668,0.9134853951751389,99.75846308201108,0.1982197298297356,False
2669,0.9752462395674341,99.75704567541302,0.1984006526558653,False
2670,1.0305279703180825,99.7556299108989,0.2691511315826784,False
2671,1.0805333164475432,99.75421613854647,0.26925858493901855,False
2672,1.1260528027543955,99.75280471572542,0.2693914478440417,False
2673,1.1676444621356104,98.93896177980605,0.1961346622968196,False
2674,1.2057219651274376,99.71097166761741,0.19625517514425916,False
2675,1.2406030082663506,99.71097166761741,0.1964152383806474,False
2676,1.2725381154419293,99.71097166761741,0.19661576680785423,False
2677,1.301728854068539,99.71097166761741,0.2018860015910439,False
2678,1.3283399146847867,99.71097166761741,0.2034108720543574,False
2679,1.3584547364298434,99.71097166761741,0.20491629138624518,False
2680,1.3857772327036844,99.46072056911191,0.197521258424505,False
2681,1.410469497157276,99.65767914150544,0.19861374828244555,False
2682,1.4326648482653093,99.6557592635569,0.1996267727386798,False
2683,1.4524737111892643,99.65384465792852,0.20066787258933763,False
2684,1.4699878894344567,99.65193586233868,0.2010888024924322,False
2685,1.4852837267582453,99.65003342377413,0.20151702807240307,False
2686,1.4984244813325356,99.64813789831581,0.2019527161950175,False
2687,1.5094621252684286,99.64624985094797,0.25625905605495325,False
2688,1.5184387137728148,99.64436985535043,0.25796488950545343,False
2689,1.5253874232579385,99.64249849367343,0.259644004393709,False
2690,1.530333327439556,98.86537995639183,0.18994777888987577,False
2691,1.5332939593741384,99.68342871058078,0.194197426009254,False
2692,1.5332939593741384,99.68342871058078,0.1980476661488799,False
2693,1.5332939593741384,99.68342871058078,0.20152467907925437,False
2694,1.5332939593741384,99.68342871058078,0.2047250964365148,False
2695,1.5332939593741384,99.68342871058078,0.2076138641333388,False
2696,1.5332939593741384,99.68342871058078,0.2102101438857463,False
2697,1.5332939593741384,99.42773651528066,0.2077604072893697,False
2698,1.5332939593741384,99.73619059215065,0.20865863775976806,False
2699,1.5332939593741384,99.73484539446846,0.20936739906047572,False
2700,1.5332939593741384,99.7335082612439,0.20989636202220932,False
2701,1.5332939593741384,99.73217964565308,0.20956948260809932,False
2702,1.5332939593741384,99.73086000579686,0.209150892210324,False
2703,1.5332939593741384,99.7295498044437,0.2086457673318454,False
2704,1.5332939593741384,99.72824950875872,0.20868418814847564,False
2705,1.5332939593741384,99.72695959001932,0.2086696862140217,False
2706,1.5332939593741384,99.72568052331715,0.26439506613276215,False
2707,1.5332939593741384,98.94004918171797,0.2123081026649513,False
2708,1.5332939593741384,99.76148899016142,0.21025977187842065,False
2709,1.5332939593741384,99.76148899016142,0.22773298583971183,False
2710,1.5332939593741384,99.43779547680906,0.22386999225189858,False
2711,1.5332939593741384,99.80833936709399,0.2200585880891774,False
2712,1.5332939593741384,99.80747839479764,0.21642648564605596,False
2713,1.5332939593741384,99.8066262730437,0.21297582562151726,False
2714,1.5332939593741384,99.80578334052655,0.20970830192147932,False
2715,1.5332939593741384,99.80494993715054,0.20662510992467528,False
2716,1.5332939593741384,99.80412640376078,0.20372689631677862,False
2717,1.5164273757656148,99.80331308186547,0.20101371173997548,False
2718,1.4966777416164074,99.8025103133503,0.19850377053685014,False
2719,1.4738989153366922,99.80171844018507,0.1961722101027102,False
2720,1.4479062086941699,99.8009378041228,0.19401709330578787,False
2721,1.4184645038322823,99.80016874639193,0.19283158270459388,False
2722,1.3852702053381705,99.79941160738166,0.19173855384646413,False
2723,1.347922583568817,99.79866672632097,0.1907353758413799,False
2724,1.305875511291131,99.79793444095195,0.18981942133327268,False
2725,1.2583494426149708,99.79721508719751,0.1889880775357674,False
2726,1.2041517951932372,98.99058176738318,0.09510806097341466,False
2727,1.193365482413587,99.75665810463701,0.09419995364859057,False
2728,1.1808467161073357,99.75665810463701,0.0935914432936601,False
2729,1.1665620111568704,99.29456452925749,0.012248237131192913,False
2730,1.1504718163625702,99.70506828803485,0.012094024780012697,False
2731,1.132529774880598,99.7040881362105,0.01203336542625037,False
2732,1.1126817966979572,99.70312856816625,0.012110916268695931,False
2733,1.1126817966979572,99.70219004856592,0.012367141039663725,False
2734,1.1126817966979572,99.70127303644469,0.012833496121858532,False
2735,1.1126817966979572,99.70037798469623,0.013528856299593162,False
2736,1.1126817966979572,99.69950533955897,0.014458747278259096,False
2737,1.1126817966979572,99.698655540102,0.014281833345795877,False
2738,1.1126817966979572,99.69782901771187,0.013852338050953338,False
2739,1.1126817966979572,99.69702619558124,0.013518565204070547,False
2740,1.066503202885787,99.69624748820038,0.013303861161488599,False
2741,1.006634797484697,99.69549330085262,0.012414410926066198,False
2742,0.9127341558073343,99.69476402911482,0.011718792686926108,False
2743,0.9127341558073343,99.69406005836393,0.01121435159406792,False
2744,0.9127341558073343,99.69338176329072,0.010886920232430338,False
2745,0.9127341558073343,99.69272950742176,0.010710468277289572,False
2746,0.9127341558073343,99.69210364265075,0.010649145311766873,False
2747,0.9127341558073343,99.69150450878026,0.010660781735774548,False
2748,0.9127341558073343,99.69093243307499,0.010700294730044337,False
2749,0.9127341558073343,99.69038772982756,0.010721768782126408,False
2750,0.9127341558073343,99.68987069993797,0.010678671571712222,False
2751,0.9127341558073343,99.6893816305075,0.010522028208586961,False
2752,0.9127341558073343,99.68892079444844,0.010196043615353565,False
2753,0.9288391461883214,99.68848845011023,0.009629169855336945,False
2754,0.9432261548473415,99.68808484092327,0.008713708605531414,False
2755,0.9559312637896478,99.68771019506102,0.00724544173697091,False
2756,0.9669852958320848,99.68736472512144,0.004617457687982012,False
2757,0.976414308115487,99.6870486278286,0.0046063409045047484,False
2758,0.9842399889605549,99.686762083755,0.004541484447986646,False
2759,0.9842399889605549,99.68650525706569,0.004373476201392621,False
2760,0.9842399889605549,99.68627829528452,0.004026291517471321,False
2761,0.9842399889605549,99.68608132908335,0.0037000577874447896,False
2762,0.9842399889605549,99.68591447209471,0.003401624525312955,False
2763,0.9842399889605549,99.68577782074833,0.003139674537437878,False
2764,0.9842399889605549,99.6856714541322,0.0029246751209115467,False
2765,0.9842399889605549,99.6855954338783,0.0027681089840323656,False
2766,0.9842399889605549,99.68554980407335,0.002680601417060749,False
2767,0.9842399889605549,99.68553459119497,0.002669148501307531,False
2768,0.9842399889605549,99.68554980407335,0.0027347271201817987,False
2769,0.9842399889605549,99.6855954338783,0.0028719247849010756,False
2770,0.9842399889605549,99.6856714541322,0.003070876627604118,False
2771,0.9842399889605549,99.68577782074833,0.003320102734960758,False
2772,0.9842399889605549,99.68591447209471,0.003608711496148574,False
2773,0.9842399889605549,99.68608132908335,0.003927465974695015,False
2774,0.9842399889605549,99.68627829528452,0.004268996468867944,False
2775,0.9842399889605549,99.68650525706569,0.004627595660243191,False
2776,0.9842399889605549,99.686762083755,0.004998889788366949,False
2777,0.9842399889605549,99.6870486278286,0.005379522804764353,False
2778,0.9842399889605549,99.68736472512144,0.005766898115678822,False
2779,0.9842399889605549,99.68771019506102,0.006158981748202968,False
2780,0.9842399889605549,99.68808484092327,0.006554157105333504,False
2781,0.9842399889605549,99.68848845011023,0.006951119210340087,False
2782,0.9842399889605549,99.68892079444844,0.007348797938783102,False
2783,0.9904799742690308,99.6893816305075,0.007746302140582437,False
2784,0.995148095654003,99.68987069993797,0.008142878723982755,False
2785,0.9982545693874831,99.69038772982756,0.008537882462427145,False
2786,0.999806132804711,99.69093243307499,0.008930753521326107,False
2787,0.999806132804711,99.69150450878026,0.009321000580232823,False
2788,0.9982545693874831,99.69210364265075,0.009708188042838165,False
2789,0.995148095654003,99.69272950742176,0.010091926258774066,False
2790,0.9904799742690308,99.69338176329072,0.010471863983634016,False
2791,0.9842399889605549,99.69406005836393,0.010847682516547073,False
2792,0.976414308115487,99.69476402911482,0.01121909110546495,False
2793,0.976414308115487,99.69549330085262,0.011585823317978309,False
2794,0.9842399889605549,99.69624748820038,0.01194763415297946,False
2795,0.9904799742690308,99.69702619558124,0.01230429772464617,False
2796,0.995148095654003,99.69782901771187,0.012655605391387909,False
2797,0.9982545693874831,99.698655540102,0.08484312854359953,False
2798,0.999806132804711,99.69950533955897,0.08494453969370427,False
2799,0.999806132804711,99.70037798469623,0.08503494871121031,False
2800,0.999806132804711,99.70127303644469,0.08511438942675574,False
2801,0.999806132804711,99.70219004856592,0.08518291361187967,False
2802,0.999806132804711,99.70312856816625,0.08524059353803869,False
2803,0.999806132804711,99.7040881362105,0.08528752463733244,False
2804,0.999806132804711,99.70506828803485,0.08532382827162761,False
2805,0.999806132804711,99.70606855385728,0.20416225127854412,False
2806,0.999806132804711,99.7070884592853,0.20434194902450872,False
2807,0.999806132804711,99.70812752581949,0.20447975526160958,False
2808,0.999806132804711,99.70918527135251,0.2045804778190368,False
2809,0.999806132804711,99.71026121066238,0.20464886281184885,False
2810,0.999806132804711,99.71135485589946,0.20468960085516366,False
2811,0.999806132804711,99.71246571706627,0.20470733211000497,False
2812,0.999806132804711,99.71359330248954,0.20470665022292148,False
2813,0.999806132804711,99.71473711928377,0.20469210521080863,False
2814,0.999806132804711,99.71589667380567,0.20466820533410296,False
2815,0.999806132804711,99.7170714720989,0.21522338366999752,False
2816,0.999806132804711,99.71826102032855,0.2155820430787357,False
2817,0.999806132804711,99.32816089462962,0.1990492494530633,False
2818,0.999806132804711,99.67058211607646,0.19951742720731486,False
2819,0.999806132804711,99.67058211607646,0.2070090803155284,False
2820,0.999806132804711,99.67058211607646,0.20710635524898063,False
2821,0.9982545693874831,99.67058211607646,0.20723642182194432,False
2822,0.995148095654003,99.67058211607646,0.2074021463942287,False
2823,0.9904799742690308,99.67058211607646,0.20760640656176463,False
2824,0.9842399889605549,99.67058211607646,0.20785208307567346,False
2825,0.976414308115487,98.85627967198964,0.18955462392970457,False
2826,0.9669852958320848,99.61754974001977,0.18952750719350947,False
2827,0.9559312637896478,99.61923504748866,0.18958309766016562,False
2828,0.9432261548473415,99.62093785936369,0.1895875672805247,False
2829,0.9288391461883214,99.6226575086916,0.189644400268946,False
2830,0.9127341558073343,99.62439333192657,0.18974972616206492,False
2831,0.8948692308065574,99.62614466941108,0.18989968288014894,False
2832,0.875195788740725,99.62791086583887,0.1900904281383276,False
2833,0.8536576732793313,99.62969127069984,0.19031814988489998,False
2834,0.8301899714180443,99.63148523870647,0.1905790757398365,False
2835,0.804717519321077,99.33662958384838,0.17885006418280974,False
2836,0.7771529943226336,99.68020991349267,0.1784513259558686,False
2837,0.7473944462440387,99.68272046859747,0.17799713671902037,False
2838,0.7153220528038851,99.68521732111869,0.2409888626281086,False
2839,0.6807937753703206,99.3722839208112,0.2357576560624307,False
2840,0.6436394131461666,99.64295743571228,0.23687168366993008,False
2841,0.603652249754401,99.64405695088786,0.23807276846239353,False
2842,0.560576942614533,99.64517800901008,0.23926414939727747,False
2843,0.5140912790181235,99.64632013988238,0.24038085609791424,False
2844,0.5140912790181235,99.64748286925179,0.2414232039665784,False
2845,0.5140912790181235,98.86051080550098,0.1781798622103277,False
2846,0.560576942614533,99.60631455856559,0.17933247843305927,False
2847,0.603652249754401,99.60631455856559,0.18044018469074158,False
2848,0.6436394131461666,99.60631455856559,0.1816404532362088,False
2849,0.6436394131461666,99.60631455856559,0.18282118151709384,False
2850,0.6436394131461666,99.60631455856559,0.1837149667498304,False
2851,0.6436394131461666,99.60631455856559,0.2336434563571776,False
2852,0.6436394131461666,99.60631455856559,0.2362081568742406,False
2853,0.6436394131461666,99.60631455856559,0.2386794189244987,False
2854,0.603652249754401,99.60631455856559,0.24105969466868704,False
2855,0.560576942614533,99.60631455856559,0.2433512331005772,False
2856,0.5140912790181235,99.60631455856559,0.24499437982821787,False
2857,0.4637773498877516,99.60631455856559,0.24655148644594643,False
2858,0.40907313904382653,98.85402455661665,0.186926771519663,False
2859,0.3491843735073079,99.66478269343207,0.1873212543033508,False
2860,0.2829047929798921,99.66746577990875,0.1875848290854864,False
2861,0.2829047929798921,99.67396724329716,0.18760638864137238,False
2862,0.2829047929798921,99.67658473479948,0.1875058212090464,False
2863,0.2829047929798921,99.67658473479948,0.1873644688382275,False
2864,0.2829047929798921,99.67658473479948,0.187181170878163,False
2865,0.2829047929798921,99.67658473479948,0.18695488315874878,False
2866,0.2829047929798921,99.67658473479948,0.18695785666735765,False
2867,0.2829047929798921,99.67658473479948,0.18687369671002013,False
2868,0.2829047929798921,99.67658473479948,0.18670184409584778,False
2869,0.2829047929798921,99.67658473479948,0.18592996922538108,False
2870,0.2829047929798921,99.67658473479948,0.18538759342237013,False
2871,0.2829047929798921,98.94224183852066,0.12181328717574255,False
2872,0.2829047929798921,99.7260482459478,0.11648643637549357,False
2873,0.2829047929798921,99.72733469665985,0.11099750678913638,False
2874,0.2829047929798921,99.72862957937585,0.10532037475426369,False
2875,0.2829047929798921,99.72993248312078,0.09942198142364535,False
2876,0.2829047929798921,99.73124300111982,0.09523487921917465,False
2877,0.2829047929798921,99.73256073100067,0.09104626327864325,False
2878,0.2829047929798921,99.73388527498521,0.08685439405541823,False
2879,0.2829047929798921,99.73521624007061,0.08265702963694772,False
2880,0.2829047929798921,99.73655323819978,0.07845128155269589,False
2881,0.2829047929798921,99.73789588642155,0.07423342003297373,False
2882,0.2829047929798921,99.73924380704042,0.07004386323077312,False
2883,0.2829047929798921,99.74059662775616,0.06583577615962885,False
2884,0.2829047929798921,99.74195398179342,0.06160105079736807,False
2885,0.2829047929798921,99.7433155080214,0.057328947375639636,False
2886,0.2829047929798921,99.74468085106383,0.05300496932233581,False
2887,0.2829047929798921,99.74604966139955,0.0486090670597945,False
2888,0.2829047929798921,99.74742159545359,0.044112615396242755,False
2889,0.2829047929798921,99.7487963156793,0.041817163849616035,False
2890,0.2829047929798921,99.75017349063151,0.039490520486885325,False
2891,0.2829047929798921,99.52463566967384,0.013406559129395855,False
2892,0.2829047929798921,99.70506592643997,0.04355305453189761,False
2893,0.2829047929798921,99.70506592643997,0.04458595571547295,False
2894,0.2829047929798921,99.70506592643997,0.045529147387821566,False
2895,0.2829047929798921,99.70506592643997,0.04639457451644655,False
2896,0.2829047929798921,99.70506592643997,0.04719241933960929,False
2897,0.2829047929798921,99.70506592643997,0.047931441179384145,False
2898,0.2829047929798921,99.70506592643997,0.04861923290546756,False
2899,0.2829047929798921,99.70506592643997,0.04926241884306714,False
2900,0.2829047929798921,99.70506592643997,0.04986681069715208,False
2901,0.2829047929798921,99.70506592643997,0.05043753283799552,False
2902,0.2829047929798921,99.70506592643997,0.05068809595731984,False
2903,0.2829047929798921,99.70506592643997,0.05088577213334426,False
2904,0.2829047929798921,99.70506592643997,0.051038170218417826,False
2905,0.2829047929798921,99.70506592643997,0.05115223468504793,False
2906,0.2829047929798921,99.70506592643997,0.051234311743583096,False
2907,0.208180945557171,99.70506592643997,0.05129019910728995,False
2908,0.12068101401352381,99.70506592643997,0.05132518290666845,False
2909,-0.0,99.70506592643997,0.05134406446759252,False
2910,-0.0,99.70506592643997,0.05135117911060773,False
2911,-0.0,99.70506592643997,0.05135040872774983,False
2912,-0.0,99.52463566967384,0.17646123689546445,False
2913,-0.0,99.75017349063151,0.17620149299841245,False
2914,-0.0,99.7487963156793,0.1912654441557759,False
2915,-0.0,99.74742159545359,0.1914667121116181,False
2916,-0.0,99.74604966139955,0.19166934927911042,False
2917,-0.0,99.74468085106383,0.1918709935755311,False
2918,-0.0,99.7433155080214,0.259591176696255,False
2919,-0.0,99.74195398179342,0.2594982411467761,False
2920,-0.0,99.74059662775616,0.25941858149848285,False
2921,-0.0,99.73924380704042,0.25935160986135836,False
2922,-0.0,99.73789588642155,0.25934162034610225,False
2923,-0.0,99.73655323819978,0.2593229650407025,False
2924,-0.0,99.73521624007061,0.25932647235102685,False
2925,-0.0,99.73388527498521,0.2593520799903863,False
2926,-0.0,99.73256073100067,0.2593997164527216,False
2927,-0.0,99.73124300111982,0.25946930139210417,False
2928,-0.0,99.72993248312078,0.25956074600006623,False
2929,-0.0,99.72862957937585,0.2596739533794345,False
2930,-0.0,99.72733469665985,0.25980881891337504,False
2931,-0.0,99.7260482459478,0.25996523062839766,False
2932,-0.0,98.94224183852066,0.1934901689049943,False
2933,-0.0,99.67658473479948,0.19371768728227157,False
2934,-0.0,99.35779816513761,0.1789021858502253,False
2935,-0.0,99.6236559139785,0.17877915196480915,False
2936,-0.0,99.62194275133092,0.17870386128290375,False
2937,0.12068101401352381,99.6202433542587,0.17867789712562454,False
2938,0.208180945557171,98.89070527790751,0.03791751059487122,False
2939,0.2829047929798921,99.6677091477717,0.039845645258285864,False
2940,0.3491843735073079,99.6677091477717,0.04179743092313861,False
2941,0.40907313904382653,99.6677091477717,0.04376954811279494,False
2942,0.4637773498877516,99.6677091477717,0.06771585548063627,False
2943,0.5140912790181235,99.6677091477717,0.07125645744805109,False
2944,0.560576942614533,99.6677091477717,0.07441425387385234,False
2945,0.560576942614533,99.6677091477717,0.17214290199260718,False
2946,0.560576942614533,99.6677091477717,0.1725234998203109,False
2947,0.560576942614533,99.6677091477717,0.17285620607524288,False
2948,0.560576942614533,99.6677091477717,0.17313949110759858,False
2949,0.560576942614533,99.6677091477717,0.17307935521719042,False
2950,0.560576942614533,99.6677091477717,0.17299297691251314,False
2951,0.560576942614533,99.6677091477717,0.17287908164652607,False
2952,0.560576942614533,99.6677091477717,0.23308066567603672,False
2953,0.560576942614533,99.6677091477717,0.23972513642820661,False
2954,0.560576942614533,99.6677091477717,0.2399010028011114,False
2955,0.560576942614533,99.6677091477717,0.2877978614399078,False
2956,0.560576942614533,99.6677091477717,0.2877070329264632,False
2957,0.560576942614533,99.6677091477717,0.28762116822875894,False
2958,0.560576942614533,99.6677091477717,0.28754152070637307,False
2959,0.603652249754401,99.6677091477717,0.29167556573865183,False
2960,0.6436394131461666,99.6677091477717,0.2924640651603408,False
2961,0.6807937753703206,99.6677091477717,0.2932257297306061,False
2962,0.7153220528038851,99.37060203283815,0.28969167162646886,False
2963,0.7473944462440387,99.7185301016419,0.28990924834201204,False
2964,0.7771529943226336,99.7173144876325,0.29016786505469067,False
2965,0.7771529943226336,98.93600314095013,0.24637966089575472,False
2966,0.7771529943226336,99.66627404789949,0.247312827843601,False
2967,0.7771529943226336,99.66627404789949,0.24825525732012446,False
2968,0.7771529943226336,99.66627404789949,0.2492070449853993,False
2969,0.7771529943226336,99.66627404789949,0.2503707665192889,False
2970,0.7771529943226336,99.66627404789949,0.25152447580166665,False
2971,0.7771529943226336,99.66627404789949,0.2526683171067465,False
2972,0.7771529943226336,98.93600314095013,0.1998173318605961,False
2973,0.7771529943226336,99.35730620613516,0.19285455028194426,False
2974,0.7771529943226336,99.66485292957968,0.19370213624478402,False
2975,0.7771529943226336,98.88888888888889,0.1125229925080543,False
2976,0.7771529943226336,99.61688819390149,0.11354596059107788,False
2977,0.7771529943226336,99.6185583060875,0.11448836317573372,False
2978,0.7771529943226336,99.6202433542587,0.11534814088327147,False
2979,0.7771529943226336,99.34418640536995,0.10511229446210023,False
2980,0.7771529943226336,99.67357910906298,0.10349813091647588,False
2981,0.7771529943226336,99.67357910906298,0.10185991805690145,False
2982,0.7771529943226336,99.67357910906298,0.10019648675468387,False
2983,0.7771529943226336,99.67357910906298,0.09769214817550792,False
2984,0.7771529943226336,99.67357910906298,0.0948660669584497,False
2985,0.7771529943226336,99.67357910906298,0.0919583954229599,False
2986,0.7771529943226336,99.67357910906298,0.0885325197657918,False
2987,0.7771529943226336,99.67357910906298,0.08496428348184461,False
2988,0.7771529943226336,99.67357910906298,0.08123753970624041,False
2989,0.7771529943226336,99.67357910906298,0.07733192275171306,False
2990,0.7771529943226336,99.67357910906298,0.07319202980803774,False
2991,0.7771529943226336,99.67357910906298,0.06881934782325316,False
2992,0.7771529943226336,99.67357910906298,0.06416627361920574,False
2993,0.7771529943226336,99.67357910906298,0.06004806153155323,False
2994,0.7771529943226336,99.67357910906298,0.055488384895665946,False
2995,0.7771529943226336,99.67357910906298,0.050369450752754605,False
2996,0.7771529943226336,99.67357910906298,0.04712671283244524,False
2997,0.7771529943226336,99.67357910906298,0.04366584325421774,False
2998,0.7473944462440387,99.67357910906298,0.03993008958091919,False
2999,0.7153220528038851,99.67357910906298,0.03583349959998917,False
3000,0.6807937753703206,99.67357910906298,0.031234321774355516,False
3001,0.6436394131461666,99.67357910906298,0.02586572276161699,False
3002,0.603652249754401,99.67357910906298,0.01908905540063969,False
3003,0.560576942614533,99.67357910906298,0.014880683346577222,False
3004,0.5140912790181235,99.67357910906298,0.011370651067080208,False
3005,0.4637773498877516,99.67357910906298,0.16412966797014344,False
3006,0.4637773498877516,99.67357910906298,0.16492886815623758,False
3007,0.4637773498877516,99.67357910906298,0.1657242152291061,False
3008,0.4637773498877516,99.67357910906298,0.17165213859722284,False
3009,0.4637773498877516,99.67357910906298,0.17385532760707414,False
3010,0.4637773498877516,99.67357910906298,0.17593757214137914,False
3011,0.5140912790181235,99.67357910906298,0.1778890201897196,False
3012,0.560576942614533,99.67357910906298,0.1797167468201729,False
3013,0.603652249754401,99.67357910906298,0.1814272789654371,False
3014,0.6436394131461666,99.67357910906298,0.18302666584594796,False
3015,0.6807937753703206,99.67357910906298,0.1845205386193309,False
3016,0.7153220528038851,99.67357910906298,0.1859141612383254,False
3017,0.7473944462440387,99.67357910906298,0.18721247408099506,False
3018,0.7771529943226336,99.67357910906298,0.18842013159743878,False
3019,0.804717519321077,99.67357910906298,0.18954153497071088,False
3020,0.804717519321077,99.67357910906298,0.19058086059779236,False
3021,0.804717519321077,99.67357910906298,0.1915420850458679,False
3022,0.804717519321077,99.67357910906298,0.192429007020043,False
3023,0.804717519321077,99.67357910906298,0.1932452667836801,False
3024,0.804717519321077,99.67357910906298,0.19399436339631854,False
3025,0.804717519321077,98.94009216589862,0.1048809761106483,False
3026,0.8301899714180443,99.72350230414746,0.10472395721785722,False
3027,0.8536576732793313,99.72477064220183,0.10447695882498721,False
3028,0.875195788740725,99.45209649189559,0.0954391373448713,False
3029,0.8948692308065574,99.76899189578126,0.09232000331382285,False
3030,0.9127341558073343,99.76899189578126,0.08920519776631324,False
3031,0.9288391461883214,99.76899189578126,0.0860951904993634,False
3032,0.9432261548473415,99.76899189578126,0.08299052095057677,False
3033,0.9559312637896478,99.76899189578126,0.07989181140834349,False
3034,0.9669852958320848,99.76899189578126,0.07679978329719615,False
3035,0.976414308115487,99.76899189578126,0.09565557877250448,False
3036,0.9842399889605549,99.76899189578126,0.09302662620826514,False
3037,0.9904799742690308,99.76899189578126,0.09051214564292377,False
3038,0.995148095654003,99.76899189578126,0.08811595913362298,False
3039,0.9982545693874831,99.76899189578126,0.08599212639821063,False
3040,0.999806132804711,99.76899189578126,0.08397893985897174,False
3041,0.999806132804711,99.76899189578126,0.08207743647906285,False
3042,0.9982545693874831,99.76899189578126,0.08028832734503219,False
3043,0.995148095654003,99.76899189578126,0.07861195367455669,False
3044,0.9904799742690308,99.76899189578126,0.07704824455655088,False
3045,0.9842399889605549,99.76899189578126,0.19589519271465203,False
3046,0.976414308115487,99.76899189578126,0.19562378808068065,False
3047,0.9669852958320848,99.76899189578126,0.19536191766339436,False
3048,0.9559312637896478,99.76899189578126,0.19511019965977963,False
3049,0.9432261548473415,99.76899189578126,0.19486925393666643,False
3050,0.9288391461883214,99.76899189578126,0.194639701708304,False
3051,0.9127341558073343,99.76899189578126,0.1944221651905711,False
3052,0.9127341558073343,99.76899189578126,0.19421726723189814,False
3053,0.9127341558073343,99.76899189578126,0.1940256309210851,False
3054,0.8948692308065574,99.76899189578126,0.19384787917231014,False
3055,0.875195788740725,99.45209649189559,0.183841480438151,False
3056,0.8536576732793313,99.72477064220183,0.18382692449894664,False
3057,0.8301899714180443,99.72350230414746,0.18379015137065824,False
3058,0.804717519321077,99.72224365403903,0.18373463028013354,False
3059,0.7771529943226336,99.72099511741456,0.1835935099879791,False
3060,0.7473944462440387,99.7197571228398,0.18345078480111343,False
3061,0.7153220528038851,99.7185301016419,0.1833102493231785,False
3062,0.6807937753703206,99.7173144876325,0.18317569260795416,False
3063,0.6436394131461666,99.71611071682044,0.1830508949141369,False
3064,0.603652249754401,99.71491922711435,0.18293962366409933,False
3065,0.560576942614533,98.93490655685778,0.02779307670099129,False
3066,0.5140912790181235,99.66344630978777,0.025254411223101996,False
3067,0.4637773498877516,99.66344630978777,0.022861682830419165,False
3068,0.40907313904382653,99.66344630978777,0.020644625705737718,False
3069,0.3491843735073079,99.66344630978777,0.01864199842642688,False
3070,0.2829047929798921,99.66344630978777,0.016902950239053575,False
3071,0.208180945557171,99.66344630978777,0.015486015258761948,False
3072,0.208180945557171,99.66344630978777,0.014452737546913896,False
3073,0.208180945557171,99.66344630978777,0.01385350289198727,False
3074,0.208180945557171,99.66344630978777,0.013708553710085527,False
3075,0.208180945557171,99.66344630978777,0.013995363839473095,False
3076,0.208180945557171,99.66344630978777,0.013454083319844417,False
3077,0.208180945557171,99.66344630978777,0.013099632059662015,False
3078,0.208180945557171,99.66344630978777,0.0128994748710654,False
3079,0.208180945557171,99.66344630978777,0.08309493530113146,False
3080,0.208180945557171,99.66344630978777,0.08363169901896758,False
3081,0.208180945557171,99.66344630978777,0.08416159339152791,False
3082,0.208180945557171,99.66344630978777,0.08467571178740328,False
3083,0.208180945557171,99.66344630978777,0.08516539801603848,False
3084,0.208180945557171,99.66344630978777,0.08562222798314807,False
3085,0.2829047929798921,99.66344630978777,0.08603798444600608,False
3086,0.3491843735073079,99.66344630978777,0.20002570120186786,False
3087,0.40907313904382653,99.66344630978777,0.2006560670662377,False
3088,0.4637773498877516,99.66344630978777,0.20120812853450043,False
3089,0.5140912790181235,99.66344630978777,0.20168586619864645,False
3090,0.560576942614533,99.66344630978777,0.20209319775838291,False
3091,0.603652249754401,99.66344630978777,0.2024339907841969,False
3092,0.6436394131461666,99.66344630978777,0.202712074304216,False
3093,0.6436394131461666,99.66344630978777,0.20293124934511617,False
3094,0.6436394131461666,99.66344630978777,0.20309529853374964,False
3095,0.6807937753703206,99.66344630978777,0.20320799484595692,False
3096,0.7153220528038851,99.66344630978777,0.2624619435741178,False
3097,0.7473944462440387,99.66344630978777,0.2627403617701555,False
3098,0.7771529943226336,99.66344630978777,0.26305633818970775,False
3099,0.804717519321077,99.2962786259542,0.25029019122248847,False
3100,0.8301899714180443,99.60878243512974,0.2505282408523203,False
3101,0.8536576732793313,99.60721442885772,0.25081422517870755,False
3102,0.875195788740725,99.60566553999678,0.2511505031719001,False
3103,0.8948692308065574,99.60413637098077,0.2515392925776661,False
3104,0.9127341558073343,99.60262752412619,0.2565997874705807,False
3105,0.9288391461883214,99.60113960113961,0.25843387999314843,False
3106,0.9432261548473415,98.83190883190883,0.18762548237628557,False
3107,0.9559312637896478,99.54008954008954,0.18966115618371762,False
3108,0.9669852958320848,99.54008954008954,0.19174814414836042,False
3109,0.976414308115487,99.54008954008954,0.1938804295155029,False
3110,0.9842399889605549,99.54008954008954,0.19562437697935303,False
3111,0.9904799742690308,99.54008954008954,0.19735111690892604,False
3112,0.995148095654003,99.54008954008954,0.19905605981192673,False
3113,0.995148095654003,99.54008954008954,0.20073486079704228,False
3114,0.995148095654003,99.54008954008954,0.20238340551119435,False
3115,0.9982545693874831,99.54008954008954,0.20399779620717373,False
3116,0.999806132804711,98.83190883190883,0.12135976568748463,False
3117,0.999806132804711,99.60113960113961,0.12246016657822438,False
3118,0.9982545693874831,99.60262752412619,0.18834412786161894,False
3119,0.995148095654003,99.60413637098077,0.19115286719872515,False
3120,0.9904799742690308,99.60566553999678,0.1936763300457874,False
3121,0.9842399889605549,99.60721442885772,0.19592742125209703,False
3122,0.976414308115487,99.60878243512974,0.19791747309030874,False
3123,0.9669852958320848,99.610368956743,0.19965649405854158,False
3124,0.9559312637896478,99.30313588850174,0.19596646773483628,False
3125,0.9432261548473415,99.66485292957968,0.1975563571654819,False
3126,0.9288391461883214,99.66485292957968,0.19879875895340765,False
3127,0.9127341558073343,99.66485292957968,0.19879661538360147,False
3128,0.8948692308065574,99.66485292957968,0.19860234033611918,False
3129,0.875195788740725,99.66485292957968,0.1982246158601118,False
3130,0.8536576732793313,99.66485292957968,0.19809490550575173,False
3131,0.8301899714180443,99.66485292957968,0.19785907804948263,False
3132,0.804717519321077,99.66485292957968,0.19752627562426417,False
3133,0.7771529943226336,99.66485292957968,0.19710526323012206,False
3134,0.7473944462440387,99.66485292957968,0.19660446364168155,False
3135,0.7153220528038851,99.66485292957968,0.19578105115352784,False
3136,0.6807937753703206,99.66485292957968,0.1949429700537643,False
3137,0.6436394131461666,99.66485292957968,0.19477669329747604,False
3138,0.603652249754401,98.93541518807665,0.13272891984020974,False
3139,0.560576942614533,99.71611071682044,0.12907224100146872,False
3140,0.5140912790181235,99.7173144876325,0.12549805764342864,False
3141,0.4637773498877516,99.7185301016419,0.12201106837066154,False
3142,0.40907313904382653,99.7197571228398,0.11861622142763399,False
3143,0.3491843735073079,99.72099511741456,0.11531870501616796,False
3144,0.2829047929798921,99.43291412699638,0.11083053759413856,False
3145,0.208180945557171,99.7657450076805,0.10388581911815382,False
3146,0.208180945557171,99.7657450076805,0.09703866878970663,False
3147,0.208180945557171,99.7657450076805,0.09228931384615102,False
3148,0.208180945557171,99.7657450076805,0.0876293597821934,False
3149,0.208180945557171,99.7657450076805,0.08260184957429535,False
3150,0.208180945557171,99.7657450076805,0.07767875931173365,False
3151,0.208180945557171,99.7657450076805,0.07285940305562799,False
3152,0.208180945557171,99.7657450076805,0.06814282915113987,False
3153,0.208180945557171,99.7657450076805,0.06352774308694376,False
3154,0.12068101401352381,99.7657450076805,0.0590124011733175,False
3155,-0.0,99.7657450076805,0.05544568945969813,False
3156,-0.0,99.7657450076805,0.051921174595074816,False
3157,-0.0,99.7657450076805,0.04843639276166169,False
3158,-0.0,99.7657450076805,0.04498800699585423,False
3159,-0.0,99.7657450076805,0.04157147143091935,False
3160,-0.0,99.7657450076805,0.038180525280420374,False
3161,-0.0,99.7657450076805,0.03480640129686707,False
3162,-0.0,99.7657450076805,0.031436529628596686,False
3163,-0.0,99.7657450076805,0.02805228972384563,False
3164,-0.0,99.7657450076805,0.02462480941509367,False
3165,-0.0,99.7657450076805,0.02110628369788396,False
3166,-0.0,99.7657450076805,0.01740924621219376,False
3167,-0.0,99.7657450076805,0.013344292475128456,False
3168,-0.0,99.7657450076805,0.008325205823223025,False
3169,-0.0,99.7657450076805,0.007164629419019048,False
3170,-0.0,99.7657450076805,0.16669786221287394,False
3171,-0.0,99.7657450076805,0.1673344720731974,False
3172,-0.0,99.7657450076805,0.16796516520764165,False
3173,-0.0,99.7657450076805,0.16858875463886336,False
3174,-0.0,99.7657450076805,0.16920412588090686,False
3175,0.12068101401352381,99.7657450076805,0.16982392844569405,False
3176,0.208180945557171,99.7657450076805,0.17042970490060347,False
3177,0.2829047929798921,99.7657450076805,0.17102125512857352,False
3178,0.3491843735073079,99.7657450076805,0.1715983839805308,False
3179,0.40907313904382653,99.7657450076805,0.17216090216165927,False
3180,0.4637773498877516,99.7657450076805,0.1727086271258319,False
3181,0.5140912790181235,99.7657450076805,0.1732413839787502,False
3182,0.560576942614533,99.7657450076805,0.17375900639036837,False
3183,0.603652249754401,99.7657450076805,0.17426133751718337,False
3184,0.6436394131461666,99.7657450076805,0.17474823093499967,False
3185,0.6436394131461666,99.7657450076805,0.17521955158279065,False
3186,0.6436394131461666,99.7657450076805,0.17567517671829383,False
3187,0.6436394131461666,99.7657450076805,0.17611499688599436,False
3188,0.6436394131461666,99.7657450076805,0.1765389168981666,False
3189,0.6436394131461666,99.7657450076805,0.17694685682964473,False
3190,0.6436394131461666,99.02073732718894,0.060804696575258485,False
3191,0.6436394131461666,99.80798771121351,0.060047321962586137,False
3192,0.6436394131461666,99.80886850152905,0.05926394698758111,False
3193,0.6436394131461666,99.80975572635263,0.05845425903808438,False
3194,0.6436394131461666,99.81064909490267,0.05761796483328061,False
3195,0.6436394131461666,99.81154831901101,0.056754791310129594,False
3196,0.6436394131461666,99.81245311327832,0.055864486646408446,False
3197,0.6436394131461666,99.8133631952221,0.05494682144796173,False
3198,0.6436394131461666,99.81427828541713,0.054001590133759145,False
3199,0.6436394131461666,99.81519810762862,0.05302861255983928,False
3200,0.6436394131461666,99.81612238893793,0.052027735932587964,False
3201,0.6436394131461666,99.81705085986096,0.050333303066458474,False
3202,0.6436394131461666,99.8179832544594,0.048628429469474085,False
3203,0.6436394131461666,99.81891931044474,0.04691300750462923,False
3204,0.6436394131461666,99.81985876927511,0.045186857959841245,False
3205,0.6436394131461666,99.82080137624543,0.04344971060414388,False
3206,0.6436394131461666,99.82174688057042,0.04170117950192047,False
3207,0.6436394131461666,99.822695035461,0.0399407313369477,False
3208,0.6436394131461666,99.82364559819413,0.03816764427920554,False
3209,0.6436394131461666,99.8245983301761,0.03638095384865507,False
3210,0.6436394131461666,99.8255529969995,0.03457938057386955,False
3211,0.6436394131461666,99.8265093684941,0.039446179179550664,False
3212,0.6436394131461666,99.82746721877157,0.0391780153192756,False
3213,0.6436394131461666,99.82842632626449,0.15786602594584154,False
3214,0.6436394131461666,99.82938647375964,0.1589052087141571,False
3215,0.6436394131461666,99.83034744842563,0.15989282807992297,False
3216,0.6436394131461666,99.83130904183535,0.16083154631465665,False
3217,0.6436394131461666,99.83227104998323,0.16172386891114307,False
3218,0.6436394131461666,99.83323327329731,0.1625721548946965,False
3219,0.6807937753703206,99.83419551664677,0.16337862581362564,False
3220,0.7153220528038851,99.83515758934459,0.16414537358414608,False
3221,0.7473944462440387,99.83611930514586,0.16507875996172602,False
3222,0.7771529943226336,99.83708048224177,0.16595796261633555,False
3223,0.804717519321077,99.83804094324955,0.16678535415607768,False
3224,0.8301899714180443,99.83900051519835,0.16756319293832694,False
3225,0.8536576732793313,99.83995902951156,0.16829363259446906,False
3226,0.8536576732793313,99.84091632198536,0.16897873054445467,False
3227,0.8536576732793313,99.84187223276408,0.16962045562944433,False
3228,0.8536576732793313,99.84282660631209,0.17022069497182263,False
3229,0.8536576732793313,99.84377929138286,0.1707812601560406,False
3230,0.8536576732793313,99.84473014098504,0.17130389281050137,False
3231,0.8536576732793313,99.73148148148148,0.1703795586215008,False
3232,0.8536576732793313,99.87423312883436,0.17014170699032294,False
3233,0.8536576732793313,99.1441717791411,0.07410647602925957,False
3234,0.8536576732793313,99.90184049079754,0.07136713744920074,False
3235,0.8536576732793313,99.90244497286751,0.06862817501730577,False
3236,0.8301899714180443,99.90304793067926,0.06588815069429305,False
3237,0.804717519321077,99.90364928339154,0.06314530117764251,False
3238,0.7771529943226336,99.90424895272292,0.060397466574323225,False
3239,0.7473944462440387,99.90484686292001,0.0576419977123715,False
3240,0.7153220528038851,99.90544294072454,0.05487563383275462,False
3241,0.6807937753703206,99.90603711533944,0.052094338373408135,False
3242,0.6436394131461666,99.90662931839402,0.04922725416584582,False
3243,0.603652249754401,99.90721948390838,0.04634540272350201,False
3244,0.560576942614533,99.90780754825698,0.17994003794288863,False
3245,0.5140912790181235,99.90839345013168,0.17926959735448703,False
3246,0.5140912790181235,99.90897713050404,0.17863882527962507,False
3247,0.5140912790181235,99.9095585325872,0.17804696910477255,False
3248,0.5140912790181235,99.91013760179725,0.17749326503900825,False
3249,0.5140912790181235,99.91071428571429,0.17697693992287547,False
3250,0.5140912790181235,99.91128853404302,0.17649721305572752,False
3251,0.5140912790181235,99.91186029857325,0.17640544844469774,False
3252,0.5140912790181235,99.83198369415524,0.23609523960504766,False
3253,0.5140912790181235,99.88707100754696,0.23621088583954472,False
3254,0.5140912790181235,99.88707100754696,0.28690815520971447,False
3255,0.5140912790181235,99.88707100754696,0.2873246000278352,False
3256,0.5140912790181235,99.88707100754696,0.28775721094191625,False
3257,0.5140912790181235,99.88707100754696,0.2882056824904475,False
3258,0.5140912790181235,99.88707100754696,0.2886697402892309,False
3259,0.5140912790181235,99.88707100754696,0.2891491405180273,False
3260,0.5140912790181235,99.88707100754696,0.2896436693778236,False
3261,0.5140912790181235,99.88707100754696,0.29015314252113794,False
3262,0.5140912790181235,99.88707100754696,0.2906885585335213,False
3263,0.5140912790181235,99.88707100754696,0.2911987300486448,False
3264,0.5140912790181235,99.11608560013136,0.2336720777389878,False
3265,0.5140912790181235,99.88852637302882,0.2342956777951269,False
3266,0.5140912790181235,99.88852637302882,0.23491545720928522,False
3267,0.5140912790181235,99.88852637302882,0.23553132152956174,False
3268,0.5140912790181235,99.88852637302882,0.2361431711336564,False
3269,0.5140912790181235,99.88852637302882,0.23675090105796265,False
3270,0.5140912790181235,99.88852637302882,0.23735440083090803,False
3271,0.5140912790181235,99.8139127579224,0.23769260719702032,False
3272,0.5140912790181235,99.16267283644576,0.17932026956966185,False
3273,0.5140912790181235,99.88633843424263,0.17987244313288767,False
3274,0.5140912790181235,99.11033988872363,0.07804699806430683,False
3275,0.5140912790181235,99.88780033933556,0.07711644340757587,False
3276,0.5140912790181235,99.88780033933556,0.07614135859986611,False
3277,0.5140912790181235,99.88780033933556,0.07511870599562484,False
3278,0.5140912790181235,99.88780033933556,0.0740451683766044,False
3279,0.5140912790181235,99.88780033933556,0.07291710636254353,False
3280,0.4637773498877516,99.88780033933556,0.07173050695703381,False
3281,0.40907313904382653,99.88780033933556,0.0704809208332703,False
3282,0.3491843735073079,99.88780033933556,0.06907094454491866,False
3283,0.2829047929798921,99.88780033933556,0.06705840254054167,False
3284,0.208180945557171,99.88780033933556,0.06498405645695624,False
3285,0.12068101401352381,99.88780033933556,0.06257504445710292,False
3286,-0.0,99.88780033933556,0.06007108573868076,False
3287,-0.0,99.88780033933556,0.057459768477992244,False
3288,-0.0,99.88780033933556,0.05472572598757807,False
3289,-0.0,99.88780033933556,0.0518495473142263,False
3290,-0.0,99.88780033933556,0.04880610976004686,False
3291,-0.0,99.88780033933556,0.0455619073944821,False
3292,-0.0,99.88780033933556,0.042070520131420944,False
3293,-0.0,99.88780033933556,0.03826434459025499,False
3294,-0.0,99.88780033933556,0.034037942868232265,False
3295,-0.0,99.88780033933556,0.0319533601715185,False
3296,-0.0,99.88780033933556,0.03444371174577242,False
3297,-0.0,99.88780033933556,0.03281635738116137,False
3298,-0.0,99.88780033933556,0.03110257920545309,False
3299,-0.0,99.88780033933556,0.02928614671381014,False
3300,-0.0,99.88780033933556,0.02734546598370064,False
3301,-0.0,99.88780033933556,0.025250661694822027,False
3302,-0.0,99.88780033933556,0.02323484882250522,False
3303,-0.0,99.88780033933556,0.02310447672982407,False
3304,-0.0,99.88780033933556,0.022968824402835278,False
3305,-0.0,99.88780033933556,0.17184799559652073,False
3306,-0.0,99.88780033933556,0.252781198879527,False
3307,-0.0,99.88780033933556,0.30091234511843823,False
3308,-0.0,99.88780033933556,0.3398447220987109,False
3309,-0.0,99.88780033933556,0.4648634866077025,False
3310,-0.0,99.88780033933556,0.4875974505349935,False
3311,-0.0,99.88780033933556,0.5075701100747089,False
3312,-0.0,99.88780033933556,0.5251690838936911,False
3313,-0.0,99.88780033933556,0.5472572254000917,False
3314,-0.0,99.88780033933556,0.6278811922803289,False
3315,-0.0,99.88780033933556,0.642978485053759,False
3316,-0.0,99.80994876879855,0.6562644063759787,False
3317,-0.0,99.86138833444222,0.6684544573945572,False
3318,-0.0,99.86049107142857,0.6793173086793324,False
3319,-0.0,99.8595900028082,0.7364975065316397,False
3320,-0.0,99.85868520716748,0.7448058752625294,False
3321,-0.0,99.85777676641256,0.751936340668758,False
3322,-0.0,99.85686476583076,0.757998827163836,False
3323,-0.0,99.85594929415154,0.7630949582903628,False
3324,-0.0,99.85503044360684,0.7673197371247592,False
3325,-0.0,99.11568570600174,0.7517301495209672,False
3326,-0.0,99.02252567693745,0.7314372221483592,False
3327,-0.0,99.09267089499647,0.7153661852291684,False
3328,-0.0,99.08988830447373,0.6995643948261405,False
3329,-0.0,98.35116127888422,0.625039834144827,False
3330,-0.0,99.06033922345016,0.6085396583090729,False
3331,-0.0,99.06033922345016,0.5945226042133643,False
3332,-0.0,99.06033922345016,0.579873289980443,False
3333,-0.0,98.94736842105263,0.5596373083804373,False
3334,-0.0,98.22777282188522,0.4996358191935739,False
3335,-0.0,98.92952720785013,0.48005416682600355,False
3336,-0.0,98.9243445692884,0.4614119686573553,False
3337,-0.0,98.91612825312481,0.44356532918018504,False
3338,-0.0,98.91089410118342,0.4267672891477411,False
3339,-0.0,98.14730309391257,0.3181583449246929,False
3340,-0.0,98.86526117246206,0.29819005154093337,False
3341,-0.0,98.86526117246206,0.2797594641084462,False
3342,-0.0,98.86526117246206,0.2629797172693776,False
3343,-0.0,98.86526117246206,0.24796305196051577,False
3344,-0.0,98.86526117246206,0.2347137904433143,False
3345,-0.0,98.86526117246206,0.22359454554405697,False
3346,-0.0,98.86526117246206,0.2142890296168246,False
3347,-0.0,98.86526117246206,0.20660513801270838,False
3348,-0.0,98.86526117246206,0.20058519687922816,False
3349,-0.0,98.86526117246206,0.19610697838236177,False
3350,-0.0,98.86526117246206,0.19280425929276815,False
3351,-0.0,98.74785696791575,0.1848423855496062,False
3352,-0.0,98.81696909947934,0.1822002893788884,False
3353,-0.0,98.80952380952381,0.1804665374979291,False
3354,-0.0,98.09702074559351,0.03719638067954607,False
3355,-0.0,98.83538422903064,0.03724408474349227,False
3356,-0.0,98.83538422903064,0.037232437426345445,False
3357,-0.0,98.83538422903064,0.03717167250252293,False
3358,-0.0,98.83538422903064,0.03693525086766822,False
3359,-0.0,98.83538422903064,0.03644162616188227,False
3360,-0.0,98.83538422903064,0.03681753359896541,False
3361,-0.0,98.83538422903064,0.03708980536554159,False
3362,-0.0,98.83538422903064,0.037413905624583146,False
3363,-0.0,98.83538422903064,0.03761569297025045,False
3364,-0.0,98.74121044701155,0.038263624346431165,False
3365,-0.0,98.86991461577097,0.0397301238135928,False
3366,-0.0,98.86288259262768,0.04189479054419008,False
3367,-0.0,98.8558352402746,0.04461357696594157,False
3368,-0.0,98.84877362412459,0.047755674705319336,False
3369,-0.0,98.84169884169884,0.0512016201243734,False
3370,-0.0,98.8346120229193,0.05553292304038976,False
3371,-0.0,98.82751433038041,0.059807581653752794,False
3372,0.12068101401352381,98.82040695959894,0.06399084470124711,False
3373,0.208180945557171,98.8132911392405,0.06805792524796798,False
3374,0.2829047929798921,98.8061681313215,0.07199081472691522,False
3375,0.3491843735073079,98.79903923138511,0.07599942460162866,False
3376,0.40907313904382653,98.79190576864995,0.0797728648421012,False
3377,0.4637773498877516,98.78476910613017,0.12109802804622732,False
3378,0.5140912790181235,98.77763064072528,0.23276211701914684,False
3379,0.560576942614533,98.77049180327869,0.23336327047186553,False
3380,0.603652249754401,98.76335405860328,0.23381602471738835,False
3381,0.6436394131461666,98.75621890547264,0.2341345507118406,False
3382,0.6807937753703206,98.74908787657667,0.23429668655598784,False
3383,0.7153220528038851,98.74196253844003,0.2343312300713534,False
3384,0.7153220528038851,98.73484449130206,0.23424482105583933,False
3385,0.7153220528038851,98.72773536895674,0.2420157101257615,False
3386,0.7153220528038851,98.72063683855147,0.24127508969144387,False
3387,0.7153220528038851,98.71355060034305,0.24046531204701468,False
3388,0.7153220528038851,98.70647838740972,0.23958953795799778,False
3389,0.7153220528038851,98.69942196531792,0.23865138690807702,False
3390,0.7153220528038851,98.6923831317424,0.2376549166976966,False
3391,0.7473944462440387,98.68536371603857,0.2366046029285583,False
3392,0.7771529943226336,98.67836557876574,0.2355053180204683,False
3393,0.804717519321077,98.67139061116032,0.23436230938915592,False
3394,0.804717519321077,98.6644407345576,0.2914385824130986,False
3395,0.804717519321077,98.65751789976133,0.2904162632719651,False
3396,0.804717519321077,98.6503252001955,0.28938205137006107,False
3397,0.804717519321077,98.34485885953974,0.27462616514445914,False
3398,0.804717519321077,97.84648106650461,0.18940881017685623,False
3399,0.804717519321077,98.62197961598656,0.18856513090661356,False
3400,0.804717519321077,98.62197961598656,0.18788008958661698,False
3401,0.804717519321077,98.62197961598656,0.18734046020611508,False
3402,0.804717519321077,98.62197961598656,0.18693310644364564,False
3403,0.804717519321077,98.62197961598656,0.18664508604450752,False
3404,0.804717519321077,98.62197961598656,0.18646374497478976,False
3405,0.804717519321077,98.37767683322518,0.17542606013521503,False
3406,0.804717519321077,98.66396915677367,0.17555075858622204,False
3407,0.804717519321077,98.65730617255534,0.17571049620536958,False
3408,0.804717519321077,98.65068044257681,0.17580804256078114,False
3409,0.804717519321077,98.644094061132,0.17579936129284218,False
3410,0.804717519321077,98.63754914554868,0.17579803719098552,False
3411,0.804717519321077,98.63104783509993,0.1758032002397047,False
3412,0.804717519321077,98.62459228985735,0.17581402624615008,False
3413,0.804717519321077,98.61818468948636,0.17581418955593367,False
3414,0.804717519321077,97.83252398436575,0.18232776823777308,False
3415,0.804717519321077,98.5747562082988,0.18243728361994646,False
3416,0.804717519321077,98.5747562082988,0.18259312102234745,False
3417,0.804717519321077,98.5747562082988,0.18270558223980177,False
3418,0.804717519321077,98.5747562082988,0.1827778714242569,False
3419,0.804717519321077,98.5747562082988,0.18281311407653672,False
3420,0.804717519321077,98.5747562082988,0.18281436226147177,False
3421,0.804717519321077,98.5747562082988,0.18278459872488534,False
3422,0.804717519321077,98.5747562082988,0.18272673996979952,False
3423,0.804717519321077,98.5747562082988,0.1826436383403753,False
3424,0.804717519321077,98.5747562082988,0.18253808315514478,False
3425,0.804717519321077,98.5747562082988,0.182460686161245,False
3426,0.804717519321077,98.5747562082988,0.18234677791290746,False
3427,0.804717519321077,98.5747562082988,0.18219813994460118,False
3428,0.804717519321077,98.5747562082988,0.18210841837451994,False
3429,0.804717519321077,98.5747562082988,0.18212026536374526,False
3430,0.804717519321077,98.5747562082988,0.18212406345352528,False
3431,0.804717519321077,98.5747562082988,0.18212068509064608,False
3432,0.804717519321077,98.5747562082988,0.18211100186528462,False
3433,0.7771529943226336,98.56312689062251,0.18211089760205543,False
3434,0.7473944462440387,97.751154274797,0.016383786123416455,False
3435,0.7153220528038851,98.50342302181181,0.014992324685362445,False
3436,0.7153220528038851,98.50342302181181,0.012999200504446808,False
3437,0.7153220528038851,98.50342302181181,0.011479388721098827,False
3438,0.7153220528038851,98.50342302181181,0.010504400267583567,False
3439,0.7153220528038851,98.50342302181181,0.010109532639600823,False
3440,0.7153220528038851,98.50342302181181,0.01025716123550035,False
3441,0.7153220528038851,98.50342302181181,0.01084089509709058,False
3442,0.7153220528038851,98.50342302181181,0.011730534303184468,False
3443,0.7153220528038851,98.50342302181181,0.012813400529884932,False
3444,0.7153220528038851,98.50342302181181,0.013973966927157595,False
3445,0.7153220528038851,98.50342302181181,0.013260423894615148,False
3446,0.7473944462440387,98.50342302181181,0.07592199243185235,False
3447,0.7771529943226336,98.50342302181181,0.07656467189282054,False
3448,0.804717519321077,98.50342302181181,0.07738348962791194,False
3449,0.804717519321077,98.50342302181181,0.07837475575731004,False
3450,0.804717519321077,98.50342302181181,0.07953116289084514,False
3451,0.804717519321077,98.50342302181181,0.08084232091987342,False
3452,0.7771529943226336,98.50342302181181,0.08229533445871719,False
3453,0.7771529943226336,98.50342302181181,0.08387538402759678,False
3454,0.7473944462440387,98.50342302181181,0.08556627799944393,False
3455,0.7473944462440387,98.50342302181181,0.08735095113691553,False
3456,0.8623538561746378,98.50342302181181,0.08921189511292717,False
3457,0.9440231356865454,98.50342302181181,0.09113151511118396,False
3458,1.0128030232541478,98.50342302181181,0.09309241349229185,False
3459,1.0128030232541478,98.50342302181181,0.09507760626642171,False
3460,1.0128030232541478,98.50342302181181,0.09707068086904241,False
3461,1.0128030232541478,98.50342302181181,0.09905590487394066,False
3462,1.0128030232541478,98.50342302181181,0.10101829525885575,False
3463,1.0128030232541478,98.50342302181181,0.10294365709450932,False
3464,1.0128030232541478,98.50342302181181,0.10482327191907048,False
3465,1.0128030232541478,98.50342302181181,0.10681669655427459,False
3466,1.0128030232541478,98.16865928265824,0.07890252121248166,False
3467,1.0128030232541478,98.44553341902314,0.08080946671168578,False
3468,1.0128030232541478,98.43857171676417,0.08247414758964983,False
3469,1.0128030232541478,98.43167450153996,0.08389107443015772,False
3470,1.0128030232541478,98.42484431600798,0.08505614970013688,False
3471,1.041018523939755,98.4180837148463,0.08596642640750837,False
3472,1.0670056836533541,98.41139526292024,0.08661993231400593,False
3473,1.090864890696142,98.40478153338829,0.08701554404490382,False
3474,1.1126817966979572,98.39824510574893,0.08715290035374958,False
3475,1.132529774880598,98.39178856382979,0.08703234739084635,False
3476,1.1504718163625702,98.38541449372106,0.08665491155988377,False
3477,1.1665620111568704,98.37912548165522,0.08650726805364614,False
3478,1.180846716107336,98.37292411183519,0.0861774404596641,False
3479,1.193365482413587,98.36681296421337,0.08567620599012823,False
3480,1.2041517951932372,98.36079461222415,0.08501455046673806,False
3481,1.2132336634320215,98.35487162047271,0.08420372930108318,False
3482,1.2206340886225493,98.34904654238301,0.19501044619446375,False
3483,1.2263714330738393,98.34332191780823,0.19538476973150937,False
3484,1.2304597034223903,98.33770027060693,0.19556602592922087,False
3485,1.2329087607099036,98.33218410618859,0.19557953133252465,False
3486,1.2337244651110395,98.32677590903195,0.1954488871509602,False
3487,1.2329087607099036,98.32147814018043,0.2374534242704039,False
3488,1.2304597034223903,98.3162932347183,0.2381393087349203,False
3489,1.2263714330738393,98.31122359923198,0.2387237894329579,False
3490,1.2206340886225493,98.3062716092608,0.23948078693388838,False
3491,1.2132336634320215,98.30143960674157,0.24066683704033937,False
3492,1.2041517951932372,98.2967298974517,0.24217056569685624,False
3493,1.193365482413587,98.29214474845543,0.29069276932440113,False
3494,1.1808467161073357,98.28768638555816,0.2932106173057364,False
3495,1.1665620111568704,98.2833569907736,0.29546832085291674,False
3496,1.1504718163625702,98.27915869980879,0.35330486055976795,False
3497,1.1504718163625702,98.27509359957212,0.4017328907892222,False
3498,1.1504718163625702,98.27116372570919,0.4434371995967822,False
3499,1.1504718163625702,98.26737106017193,0.48015852678144477,False
3500,1.1504718163625702,98.26371752882588,0.5129560415989767,False
3501,1.1504718163625702,98.26020499910088,0.5425318115995902,False
3502,1.1504718163625702,97.5364143139723,0.541383419376092,False
3503,1.1504718163625702,98.19277108433735,0.5667924571455706,False
3504,1.1504718163625702,98.19277108433735,0.5899947646248354,False
3505,1.1504718163625702,98.19277108433735,0.6112333972696808,False
3506,1.132529774880598,98.19277108433735,0.630700908056908,False
3507,1.132529774880598,97.66226746542948,0.6343018608038729,False
3508,1.132529774880598,98.12725631768953,0.6506698873871906,False
3509,1.132529774880598,98.12395461326342,0.6656427702193782,False
3510,1.1126817966979572,98.10994215967573,0.7279648424960263,False
3511,1.090864890696142,98.08671713695801,0.7405354793602219,False
3512,1.0670056836533544,98.0679454587474,0.7510337247778299,False
3513,1.041018523939755,97.48159807416323,0.743943912508576,False
3514,1.041018523939755,97.98785293708563,0.7516645186922344,False
3515,1.012803023254148,97.98505037374066,0.7580413123110646,False
3516,1.0961827991095632,97.28399647151679,0.7390379271731352,False
3517,1.0274029115419607,97.25963337074448,0.7189551696938117,False
3518,0.945733632030053,97.23988507371297,0.7011241146614533,False
3519,0.830774222099454,97.22011385199241,0.7163890678931422,False
3520,0.7967286463062392,97.20032487697674,0.6996095567550046,False
3521,0.7600473303889541,97.18052347959969,0.6819947512540331,False
3522,0.720523936685393,97.16071515092786,0.6636749828246001,False
3523,0.677903479475398,97.14090554254489,0.6447821789041822,False
3524,0.6318640827062832,97.12110046671579,0.625827359300993,False
3525,0.5819881552488824,97.10130589631974,0.6356970993246169,False
3526,0.5277139815252946,97.08152796454007,0.6185132371103458,False
3527,0.46824757305098735,97.06177296430003,0.6307320321975853,False
3528,0.4023829390456117,97.04204734743324,0.6162333134616624,False
3529,0.3280668831792932,97.02235772357723,0.6019575976857954,False
3530,0.24096783080307263,96.29573170731707,0.5264396471446114,False
3531,0.12068101401352381,96.9308943089431,0.5333297792859064,False
3532,0.12068101401352381,96.9308943089431,0.539844992014296,False
3533,0.12068101401352381,96.9308943089431,0.5259041031230808,False
3534,0.24096783080307263,96.9308943089431,0.5136568024118803,False
3535,0.3280668831792932,96.9308943089431,0.5030656785013878,False
3536,0.4023829390456117,96.9308943089431,0.4940728642663583,False
3537,0.46824757305098735,96.9308943089431,0.4865996949579996,False
3538,0.5277139815252946,96.84415119431232,0.4761785012733713,False
3539,0.5819881552488824,96.19695961508931,0.41356303324311616,False
3540,0.6318640827062832,96.76312419974391,0.4025263583426849,False
3541,0.677903479475398,96.76658980271586,0.39373667472511403,False
3542,0.720523936685393,96.77039011636849,0.38688375428433036,False
3543,0.7600473303889541,96.77452438336496,0.4012420114162124,False
3544,0.7967286463062392,96.77899163973944,0.39759511241998957,False
3545,0.830774222099454,96.11735138739293,0.3465603201706038,False
3546,0.8623538561746378,96.6866697440632,0.3429412864937092,False
3547,0.8916091590804429,96.03488073865094,0.2824583741994252,False
3548,0.9186594970880806,96.59912798153373,0.27711005029393204,False
3549,0.9436063339556555,96.6046058367954,0.2730618030591543,False
3550,0.9665364727522964,96.61043023434695,0.29055927726435987,False
3551,0.9875245214535493,96.0783308555903,0.24564588483772828,False
3552,1.006634797484697,96.08345722048496,0.19795814262321926,False
3553,1.0850365744330075,96.61555817650377,0.20652763857718784,False
3554,1.1017332648846088,96.60973483099964,0.21744987127507653,False
3555,1.1166404295430468,96.60425750192357,0.22797714978093991,False
3556,1.129798482836793,96.59912798153373,0.2366993171133266,False
3557,1.1412418450836315,96.59434784838693,0.24499737772527927,False
3558,1.150999540671385,96.5899184657197,0.2516997064667301,False
3559,1.1590956761386297,96.58584098016097,0.25795162682313916,False
3560,1.1655498193580116,96.5821163207789,0.2637814011316933,False
3561,1.170377295621679,96.57874519846351,0.2690250563989222,False
3562,1.173589412323443,96.5757281056457,0.27318746779134767,False
3563,1.175193620727556,96.0564676998619,0.24730911916994913,False
3564,1.175193620727556,96.6627485051362,0.2500738845940104,False
3565,1.1735894123234427,96.6627485051362,0.25238507674718924,False
3566,1.170377295621679,96.6627485051362,0.25424444317239525,False
3567,1.1655498193580116,96.6627485051362,0.2556524731466826,False
3568,1.1590956761386297,96.6627485051362,0.25660840001119234,False
3569,1.150999540671385,96.6627485051362,0.25718053334526614,False
3570,1.1412418450836315,96.05969233914243,0.23417610026259633,False
3571,1.129798482836793,96.75985076915214,0.23032843228384842,False
3572,1.1166404295430468,96.75772274700026,0.22627540964610515,False
3573,1.1017332648846088,96.24075490946187,0.2182327407709425,False
3574,1.0850365744330075,96.83599123656188,0.23646327050038113,False
3575,1.066503202885787,96.83599123656188,0.2253066633766111,False
3576,1.046078320219219,96.83599123656188,0.26432230614820557,False
3577,0.9665364727522963,96.83599123656188,0.2564318427481146,False
3578,0.9436063339556555,96.83599123656188,0.24978649857877197,False
3579,0.9186594970880806,96.83599123656188,0.24338372156390634,False
3580,0.8916091590804429,96.83599123656188,0.2372203899324201,False
3581,0.8623538561746378,96.83599123656188,0.23158711157003345,False
3582,0.830774222099454,96.83599123656188,0.2270405762708641,False
3583,0.7967286463062391,96.83599123656188,0.22350065377525724,False
3584,0.7600473303889541,96.83599123656188,0.2204674940604835,False
3585,0.720523936685393,96.83599123656188,0.26624565194028427,False
3586,0.720523936685393,96.83599123656188,0.26554281310145067,False
3587,0.720523936685393,96.83599123656188,0.26477823916880144,False
3588,0.720523936685393,96.83599123656188,0.26396350310509203,False
3589,0.720523936685393,96.83599123656188,0.3159322404202395,False
3590,0.720523936685393,96.83599123656188,0.31714772867432,False
3591,0.720523936685393,96.83599123656188,0.3181936153982809,False
3592,0.720523936685393,96.83599123656188,0.3190856342772524,False
3593,0.720523936685393,96.83599123656188,0.3198384479123151,False
3594,0.720523936685393,96.23055343024738,0.29951620334151463,False
3595,0.7600473303889541,96.75261679857033,0.33770191120242266,False
3596,0.7967286463062391,96.05310186367117,0.3008752490817935,False
3597,0.830774222099454,96.66070972683175,0.3297931310057039,False
3598,0.8623538561746378,96.66070972683175,0.3297656205233417,False
3599,0.8916091590804429,96.66070972683175,0.3296489539302003,False
3600,0.9186594970880806,96.66070972683175,0.32946547685306593,False
3601,0.9436063339556555,96.66070972683175,0.3290304438561306,False
3602,0.9665364727522963,96.66070972683175,0.3286106069287523,False
3603,0.9875245214535493,96.66070972683175,0.32822611601415,False
3604,1.006634797484697,96.66070972683175,0.3461532657708899,False
3605,1.0239228180015463,96.04947104819338,0.31049830449692145,False
3606,1.0394364783172854,96.56795048846607,0.355298514988513,False
3607,1.0532169913190046,96.57060961253008,0.39145755688996076,False
3608,1.065299640553338,96.57362355953906,0.39280827482011854,False
3609,1.0757143856082798,95.89756722151088,0.39639099803345773,False
3610,1.0844863484244938,96.47119078104994,0.43308341118155386,False
3611,1.0916362019205925,96.47119078104994,0.4652039951157442,False
3612,1.0971804769523517,96.47119078104994,0.46570151934782666,False
3613,1.1011317995692318,96.47119078104994,0.49982466018706,False
3614,0.9982545693874831,96.47119078104994,0.5971716316227662,False
3615,0.999806132804711,95.89756722151088,0.6049622800448069,False
3616,0.999806132804711,96.57874519846351,0.6898041945574828,False
3617,0.9982545693874831,95.94878361075544,0.7492711903848969,False
3618,0.995148095654003,96.47119078104994,0.8125186209777188,False
3619,0.9904799742690308,96.47119078104994,0.8679461008646142,False
3620,0.9842399889605549,96.47119078104994,0.9148927643308318,False
3621,0.976414308115487,96.47119078104994,0.9561018167171893,False
3622,0.976414308115487,96.47119078104994,0.9924171955498478,False
3623,0.976414308115487,96.47119078104994,1.0244840391683505,False
3624,0.976414308115487,95.95390524967989,1.042070029161373,False
3625,0.976414308115487,96.53777208706786,1.0430061081261681,False
3626,0.976414308115487,97.22264924417115,1.0434946323069567,False
3627,0.9669852958320848,97.22264924417115,1.0438369295322143,False
3628,0.9559312637896478,96.68460158852164,1.0544238802880708,False
3629,0.9432261548473415,97.32001024852677,1.0482011375182971,False
3630,1.0394364783172854,97.31891116009638,1.0329506827049921,False
3631,1.1017332648846088,97.31808625198708,1.0286947381779272,False
3632,1.1504718163625702,96.74821767451402,1.0365580185613252,False
3633,1.132529774880598,97.38907412156964,1.0272009310228594,False
3634,1.1126817966979572,98.05591177224929,0.9794035750657051,False
3635,1.090864890696142,97.4557578866376,0.9664352979671347,False
3636,1.090864890696142,98.16382007488332,0.9113228295855587,False
3637,1.1261358508278745,98.17681808922387,0.8554593648015809,False
3638,1.1538530565800795,98.19487283207766,0.7982355590754221,False
3639,1.1751172867945407,98.2078313253012,0.7395312471705774,False
3640,1.1906001864191973,98.21347919907663,0.6822509697453808,False
3641,1.200719639829801,98.21930176565009,0.6245616945023642,False
3642,1.2057219651274376,98.22529703714844,0.5736236284793391,False
3643,1.2057219651274376,98.2314629258517,0.5142231200644891,False
3644,1.200719639829801,98.14068326111055,0.46435978500892894,False
3645,1.1906001864191973,97.42724801127781,0.46177603782740206,False
3646,1.1751172867945407,98.05835010060362,0.4258797349417899,False
3647,1.201681991620676,98.06532663316582,0.390915191009242,False
3648,1.2259790140555222,98.0724826824616,0.3589716137362732,False
3649,1.2481068205144499,98.07981550185501,0.32863092412737815,False
3650,1.2902007807553537,97.5766072501502,0.3281314524613943,False
3651,1.3282820174272938,98.18,0.2935610042171721,False
3652,1.362759877482492,98.18,0.2612726667182181,False
3653,1.3939473942522724,98.18,0.2315157687336811,False
3654,1.4220900521936763,98.18,0.20459702890963105,False
3655,1.4473839613746429,98.18,0.18290705309933458,False
3656,1.4699878894344567,98.18,0.16515835787368843,False
3657,1.4900315255825651,98.18,0.14902169223621026,False
3658,1.5045643034921028,98.18,0.1346868163808111,False
3659,1.5045643034921028,98.18,0.12419180344288612,False
3660,1.5045643034921028,98.18,0.11563724559069388,False
3661,1.5045643034921028,98.18,0.10971171880528673,False
3662,1.5045643034921028,97.58161425996396,0.05173694282118894,False
3663,1.5045643034921028,98.08482903840368,0.05441875143549632,False
3664,1.5045643034921028,98.07750225880936,0.05723816750611316,False
3665,1.5213655983156218,98.07035175879398,0.05967941205024717,False
3666,1.535773302827334,98.06338028169014,0.06138428210319368,False
3667,1.535773302827334,98.05659047427248,0.06270926282542193,False
3668,1.535773302827334,98.04998488360376,0.06369424745416787,False
3669,1.535773302827334,98.04356595401372,0.06438462389837571,False
3670,1.535773302827334,98.03733602421796,0.0648214689078338,False
3671,1.535773302827334,98.03129732458355,0.06503906973583666,False
3672,1.5478570234493585,98.02545197454802,0.06507291263909393,False
3673,1.557672567089349,98.01980198019803,0.06564159068095615,False
3674,1.565263635906296,98.01434923201293,0.06612312436433947,False
3675,1.570663071721726,98.00909550277918,0.25459115508978913,False
3676,1.5738937446297545,98.00404244567963,0.2542230759614698,False
3677,1.5749691486891673,97.99919159256265,0.2544391375237735,False
3678,1.5738937446297547,97.99454435239443,0.25463542079807494,False
3679,1.570663071721726,97.990102009898,0.25481561376906026,False
3680,1.565263635906296,97.98586572438163,0.2549840703021115,False
3681,1.5576725670893488,97.98183652875883,0.2548776587037019,False
3682,1.5478570234493585,97.9780153287616,0.2548179783409646,False
3683,1.5478570234493585,97.97440290234807,0.254805875828389,False
3684,1.5478570234493585,97.97099989930521,0.2548415895390801,False
3685,1.5478570234493585,97.96780684104628,0.2549247191257931,False
3686,1.5478570234493585,97.96482412060301,0.2550541990625624,False
3687,1.5478570234493585,97.96205200281096,0.2552282763637265,False
3688,1.535773302827334,97.95949062468665,0.29484222419112527,False
3689,1.5213655983156216,97.9571399959944,0.2945713681357743,False
3690,1.5045643034921028,97.955,0.29435106926253674,False
3691,1.4900315255825651,97.95307039440839,0.29417923009943786,False
3692,1.473256553252489,97.95135081248131,0.2940529117438482,False
3693,1.4541644890966259,97.94984076433121,0.3077909161786261,False
3694,1.4326648482653093,97.94853963838665,0.3088863570106192,False
3695,1.408648411160687,96.89548976753427,0.1888742757543685,False
3696,1.3819829643540342,97.9435724220147,0.19082993440858467,False
3697,1.3819829643540342,98.03311094638003,0.1918659358500704,False
3698,1.3584547364298434,98.03311094638003,0.19280233444291417,False
3699,1.3324661355215683,98.03311094638003,0.19364418436291797,False
3700,1.3038818925522597,98.03311094638003,0.21438251649844497,False
3701,1.2725381154419293,98.03311094638003,0.21366203298738826,False
3702,1.2382339767869435,98.03311094638003,0.26793715765855985,False
3703,1.200719639829801,98.03311094638003,0.26750893439537904,False
3704,1.1596780472087271,98.03311094638003,0.2670555672655221,False
3705,1.114696123966521,98.03311094638003,0.2665826021441369,False
3706,1.0652163930664527,98.03311094638003,0.26644376983496065,False
3707,1.0104488493066097,98.03311094638003,0.2662738129916957,False
3708,0.9491912500871044,97.29183109707972,0.22158196095056118,False
3709,0.8793939303559065,97.94200187090739,0.2582274058579675,False
3710,0.7967286463062391,97.94123427672956,0.2601578839519542,False
3711,0.7967286463062391,97.94067173326796,0.2617956066212118,False
3712,0.7967286463062391,97.94031311154599,0.3159790596025066,False
3713,0.7967286463062391,97.5154976326451,0.3023668854884097,False
3714,0.830774222099454,98.0375925204519,0.3019241553864837,False
3715,0.8623538561746378,98.0375925204519,0.30162465887257295,False
3716,0.8623538561746378,98.0375925204519,0.3014783212135321,False
3717,0.8623538561746378,98.0375925204519,0.3014949304243303,False
3718,0.8623538561746378,98.0375925204519,0.30168407607205966,False
3719,0.7473944462440387,98.0375925204519,0.30156096905838126,False
3720,0.7153220528038851,97.50573534436472,0.28768191703555096,False
3721,0.6807937753703206,97.93542074363992,0.31662181303284775,False
3722,0.6436394131461666,97.18199608610567,0.2717350623027777,False
3723,0.603652249754401,97.8375733855186,0.27169106087003836,False
3724,0.560576942614533,97.8375733855186,0.2716100380442884,False
3725,0.560576942614533,97.8375733855186,0.2716020681263902,False
3726,0.603652249754401,97.8375733855186,0.27133207851349445,False
3727,0.6436394131461666,97.8375733855186,0.27117073619798576,False
3728,0.6436394131461666,97.8375733855186,0.271159427652648,False
3729,0.603652249754401,97.29835744054915,0.23698186905364496,False
3730,0.560576942614533,97.72503930817611,0.2354244924200758,False
3731,0.5140912790181235,97.72537048889764,0.23401167057104702,False
3732,0.4637773498877516,97.05505130228887,0.15385142568759913,False
3733,0.4637773498877516,97.81566592537682,0.15418657781913483,False
3734,0.4637773498877516,97.91052114060963,0.1527710982219459,False
3735,0.4637773498877516,97.91194720772185,0.15115534506200592,False
3736,0.4637773498877516,97.9135839005623,0.14931643910098313,False
3737,0.5140912790181235,97.91543173285912,0.14722873343873968,False
3738,0.560576942614533,97.91749109616146,0.14486325001425884,False
3739,0.603652249754401,97.91976225854383,0.14323191151687364,False
3740,0.6436394131461666,97.92224536348309,0.1412112739855364,False
3741,0.6807937753703206,97.21808985421006,0.04958548689868418,False
3742,0.7153220528038851,97.82306853119111,0.04918852897551355,False
3743,0.7473944462440387,97.82306853119111,0.048326293075424055,False
3744,0.7771529943226336,97.82306853119111,0.04783502245381736,False
3745,0.804717519321077,97.82306853119111,0.14293274260759795,False
3746,0.8301899714180443,97.82306853119111,0.14545206070519162,False
3747,0.8536576732793313,97.82306853119111,0.14768413504590636,False
3748,0.875195788740725,97.82306853119111,0.1496422590037472,False
3749,0.8948692308065574,97.82306853119111,0.1513365825626787,False
3750,0.9127341558073343,97.82306853119111,0.15277461391810634,False
3751,0.9288391461883214,97.82306853119111,0.1543753926466466,False
3752,0.9432261548473415,97.82306853119111,0.15504528860723593,False
3753,0.9559312637896478,97.82306853119111,0.15597216232913746,False
3754,0.9669852958320848,97.82306853119111,0.15677473834400696,False
3755,0.976414308115487,97.82306853119111,0.15746624432843953,False
3756,0.9842399889605549,97.82306853119111,0.1580583549732674,False
3757,0.9904799742690308,97.82306853119111,0.15856139067431532,False
3758,0.995148095654003,97.82306853119111,0.15898448571430893,False
3759,0.9982545693874831,97.82306853119111,0.15933573184865613,False
3760,0.999806132804711,97.82306853119111,0.1598466417225658,False
3761,0.999806132804711,97.82306853119111,0.1603355005455529,False
3762,0.9982545693874831,97.82306853119111,0.16080454436203684,False
3763,0.995148095654003,97.82306853119111,0.16132434119968267,False
3764,1.0971804769523517,97.82306853119111,0.16180720348680702,False
3765,1.0916362019205925,97.21808985421006,0.09007829060987686,False
3766,1.0844863484244938,97.9272042050977,0.08615688573193248,False
3767,1.0757143856082798,97.9247152055473,0.08222763761369521,False
3768,1.0652996405533381,97.92243767313019,0.07826162585974931,False
3769,1.0532169913190046,97.92037146808931,0.07422492594991742,False
3770,1.0394364783172854,97.91851632632928,0.07007672497681548,False
3771,1.0239228180015463,97.91687186053383,0.0657664041173524,False
3772,1.006634797484697,97.91543756145526,0.06320920565755309,False
3773,0.9875245214535493,97.91421279937181,0.06083376306532803,False
3774,0.9665364727522964,97.91319682570784,0.05863214634791167,False
3775,0.9665364727522964,97.91238877481177,0.05659629016497526,False
3776,0.9665364727522964,97.91178766588602,0.054128197094567294,False
3777,0.9436063339556555,97.9113924050633,0.0518512903646951,False
3778,0.9186594970880806,97.91120178762266,0.04977257359629342,False
3779,0.8916091590804429,97.91121450033924,0.04790024556290545,False
3780,0.8623538561746378,97.91142912396054,0.046243355091850215,False
3781,0.830774222099454,97.91184413580247,0.0700558620689855,False
3782,0.830774222099454,97.91245791245791,0.07616918544686858,False
3783,0.830774222099454,97.91326873261058,0.0814744222145802,False
3784,0.830774222099454,97.91427477994642,0.08612345956309858,False
3785,0.830774222099454,97.91547414615532,0.0902217612427602,False
3786,0.8623538561746378,97.91686483401503,0.16041206237572816,False
3787,0.8916091590804429,97.91844476055002,0.16814962515457166,False
3788,0.9186594970880806,97.92021176025713,0.17528079829319895,False
3789,0.9436063339556555,97.9221635883905,0.17596756556081167,False
3790,0.9436063339556555,97.92429792429792,0.18940262116260964,False
3791,0.9436063339556555,97.92661237480108,0.20248889906341574,False
3792,0.9436063339556555,97.92910447761194,0.21210554018886837,False
3793,0.9436063339556555,97.93177170477784,0.22515047672120758,False
3794,0.9436063339556555,97.934611466148,0.23680274986241118,False
3795,0.9436063339556555,97.93762111285412,0.2369892450804711,False
3796,0.9436063339556555,97.94079794079794,0.2507759584173327,False
3797,0.9436063339556555,97.9441391941392,0.3647236130962898,False
3798,0.9665364727522964,97.9476420687768,0.44710331511359286,False
3799,0.9875245214535493,97.9513037158172,0.513353541541097,False
3800,1.006634797484697,97.95512124502352,0.5691487050815056,False
3801,1.0239228180015463,97.67976211930078,0.6149948043875366,False
3802,1.0394364783172854,98.06191117092867,0.6566770683160986,False
3803,1.0532169913190046,98.06191117092867,0.693660069238453,False
3804,1.0652996405533381,98.06191117092867,0.7266887355084944,False
3805,1.0757143856082798,98.06191117092867,0.7563112905358446,False
3806,1.0844863484244938,97.33961417676088,0.7720631161548723,False
3807,1.0916362019205925,98.14715118887393,0.7951591265331048,False
3808,1.0971804769523517,98.15062985794692,0.815907004241966,False
3809,1.101131799569232,97.84735812133073,0.8359795463686137,False
3810,1.1034990673875957,98.24654622741764,0.8512395061671074,False
3811,1.1042875713905729,98.2644228656795,0.8640234310415251,False
3812,1.1034990673875957,98.23857690966167,0.8749864770428545,False
3813,1.1011317995692318,98.30413151633138,0.8746067314547752,False
3814,1.0971804769523517,98.30749354005168,0.8793031180382774,False
3815,1.0971804769523517,98.04947057058344,0.8857096886502747,False
3816,1.0971804769523517,98.36149513568868,0.8872406948777111,False
3817,1.0971804769523517,99.19354838709677,0.8508856978421807,False
3818,1.0971804769523517,99.20829805249788,0.815971381671376,False
3819,1.0971804769523517,99.22288498697807,0.7806089916765302,False
3820,1.0971804769523517,99.23730932733183,0.7473930324364939,False
3821,1.0971804769523517,99.2515712868012,0.7103980399374309,False
3822,1.0971804769523517,99.26567115195274,0.6731661912100286,False
3823,1.0971804769523517,99.27960927960928,0.6356900926809005,False
3824,1.0971804769523517,99.29338609383832,0.5971018187839625,False
3825,0.995148095654003,99.30700208299952,0.5604049869833684,False
3826,0.995148095654003,99.32045779685265,0.5356779765791091,False
3827,0.995148095654003,99.33375384372782,0.5006428267628846,False
3828,0.9904799742690308,99.34689088775909,0.46376297669248717,False
3829,0.9842399889605549,99.36374922408442,0.4273762346090602,False
3830,0.976414308115487,99.37653940886699,0.39102667143288083,False
3831,0.9669852958320848,99.37653940886699,0.35529812100724467,False
3832,0.9559312637896478,99.37653940886699,0.3246465674161222,False
3833,0.9432261548473415,99.06039749439331,0.31998494623021556,False
3834,0.9288391461883214,99.29686893015305,0.3010768585733255,False
3835,0.9127341558073343,99.29363097096473,0.28458203270675886,False
3836,0.8948692308065574,99.29041869217501,0.2705958951914408,False
3837,0.875195788740725,98.54690084271876,0.28992939654979655,False
3838,0.8536576732793313,99.35131714263112,0.276178402761709,False
3839,0.8301899714180443,99.35369458128079,0.2645409140351014,False
3840,0.8301899714180443,98.58353605901279,0.2473987612819247,False
3841,0.8301899714180443,99.29294113051292,0.24251256492950107,False
3842,0.804717519321077,99.29610329003656,0.2391160814946829,False
3843,0.804717519321077,99.2992915489141,0.23710781876423506,False
3844,0.804717519321077,99.0635838150289,0.23821286678474404,False
3845,0.804717519321077,99.37861992251928,0.2349367970768785,False
3846,0.804717519321077,98.66518353726363,0.2030672170112059,False
3847,0.804717519321077,99.44382647385984,0.19846192591117037,False
3848,0.804717519321077,99.13313643511948,0.19844251862516207,False
3849,0.8301899714180443,99.37094856353804,0.19674386374531821,False
3850,0.8536576732793313,99.37094856353804,0.19520344426653605,False
3851,0.875195788740725,99.13313643511948,0.19446878044888163,False
3852,0.8948692308065574,99.44382647385984,0.1889472269695504,False
3853,0.9127341558073343,99.4412331406551,0.1837098706794176,False
3854,0.9288391461883214,99.43865897564942,0.17873299612898702,False
3855,0.9432261548473415,99.43610484560939,0.17387486297594956,False
3856,0.9559312637896478,99.43357162389155,0.16926192397837717,False
3857,0.9669852958320848,98.65619750771515,0.1042466659068417,False
3858,0.976414308115487,99.36716277979609,0.09985002492069527,False
3859,0.9842399889605549,99.36716277979609,0.09520389059385244,False
3860,0.9904799742690308,99.36716277979609,0.09032898609483765,False
3861,0.9904799742690308,99.36716277979609,0.08515200886032225,False
3862,0.9904799742690308,99.36716277979609,0.07953558742662263,False
3863,0.9904799742690308,99.36716277979609,0.07348482523306746,False
3864,0.9904799742690308,99.36716277979609,0.06791659790306895,False
3865,0.9904799742690308,99.36716277979609,0.06212076124724766,False
3866,0.9904799742690308,99.36716277979609,0.056036993667646515,False
3867,0.9904799742690308,99.36716277979609,0.049569503691914485,False
3868,0.9904799742690308,99.36716277979609,0.0451080261538633,False
3869,0.9904799742690308,99.36716277979609,0.04021409137157763,False
3870,0.9904799742690308,99.36716277979609,0.034694449504339364,False
3871,0.9904799742690308,99.36716277979609,0.031522286411197434,False
3872,0.9904799742690308,99.36716277979609,0.028272492562800972,False
3873,0.9904799742690308,99.36716277979609,0.16091326836565925,False
3874,0.9904799742690308,99.36716277979609,0.1616555813714479,False
3875,0.9904799742690308,99.36716277979609,0.16573024344865417,False
3876,0.9842399889605549,99.36716277979609,0.16945702429089615,False
3877,0.976414308115487,99.36716277979609,0.17313339891018953,False
3878,0.9669852958320848,99.36716277979609,0.17650948448567802,False
3879,0.9559312637896478,99.36716277979609,0.17967686871112268,False
3880,0.9432261548473415,99.36716277979609,0.18260186440132187,False
3881,0.9288391461883214,99.36716277979609,0.18530159894043918,False
3882,0.9127341558073343,99.36716277979609,0.1878245858796712,False
3883,0.8948692308065574,99.36716277979609,0.19014243290004051,False
3884,0.875195788740725,99.36716277979609,0.23208480182522948,False
3885,0.8536576732793313,99.36716277979609,0.23658117346987467,False
3886,0.8301899714180443,99.36716277979609,0.2407932101253941,False
3887,0.804717519321077,99.36716277979609,0.2447369809984885,False
3888,0.7771529943226336,99.36716277979609,0.24509778534483775,False
3889,0.7771529943226336,99.36716277979609,0.25155401529759003,False
3890,0.7771529943226336,99.36716277979609,0.2574292314085523,False
3891,0.7771529943226336,99.36716277979609,0.26277675528480576,False
3892,0.7771529943226336,99.36716277979609,0.2676423050245782,False
3893,0.7771529943226336,98.65619750771515,0.22078520843618754,False
3894,0.7771529943226336,99.43357162389155,0.2248142981874975,False
3895,0.7771529943226336,99.17554639495994,0.226091024876072,False
3896,0.7771529943226336,99.50447137160776,0.2541360196745419,False
3897,0.7771529943226336,99.50447137160776,0.25810261519784145,False
3898,0.7771529943226336,99.50447137160776,0.2617228763991625,False
3899,0.7771529943226336,99.50447137160776,0.2650196599852346,False
3900,0.7771529943226336,99.50447137160776,0.2680136450188201,False
3901,0.7473944462440387,99.50447137160776,0.2707237126355852,False
3902,0.7153220528038851,99.50447137160776,0.27316725488886356,False
3903,0.7153220528038851,99.50447137160776,0.27536042908786224,False
3904,0.7153220528038851,98.78053501606597,0.2440771769106503,False
3905,0.7153220528038851,99.56254113274747,0.2424992529110933,False
3906,0.7153220528038851,99.5645472061657,0.24059550602067598,False
3907,0.7153220528038851,99.56656821755973,0.23872505440463426,False
3908,0.7153220528038851,99.31663739787737,0.2404016666567923,False
3909,0.7153220528038851,99.62764542725787,0.2355879834169214,False
3910,0.6807937753703206,99.62764542725787,0.23100498054047203,False
3911,0.6436394131461666,99.62764542725787,0.22665361288897723,False
3912,0.603652249754401,99.62764542725787,0.222534337952081,False
3913,0.560576942614533,99.62764542725787,0.2186470662183762,False
3914,0.5140912790181235,99.62764542725787,0.21517750402525562,False
3915,0.4637773498877516,99.62764542725787,0.2105595144372873,False
3916,0.40907313904382653,98.89053535468673,0.17190270238341449,False
3917,0.3491843735073079,99.67703940119306,0.16207422920175674,False
3918,0.2829047929798921,99.6785903350223,0.22624377598818327,False
3919,0.208180945557171,99.68015051740358,0.2197792368936475,False
3920,0.12068101401352381,99.68171946379091,0.21360840513662652,False
3921,-0.0,99.68329669510787,0.20774272343499295,False
3922,-0.0,99.6848817379699,0.2021932181417574,False
3923,-0.0,99.68647412489395,0.20002952901655985,False
3924,-0.0,99.68807339449542,0.19689950293809375,False
3925,-0.0,99.68967909167245,0.19403789123978885,False
3926,-0.0,99.69129076777801,0.19177687466508325,False
3927,-0.0,99.69290798077965,0.18930002699281104,False
3928,-0.0,99.69453029540718,0.18699110764276974,False
3929,-0.0,99.69615728328866,0.18485315026721386,False
3930,-0.0,99.69778852307473,0.18288866754537383,False
3931,-0.0,99.69942360055164,0.18109959092630168,False
3932,-0.0,99.70106210874306,0.17948721445866533,False
3933,-0.0,99.70270364800112,0.17805214440652514,False
3934,-0.0,99.4753593788255,0.17656735291186332,False
3935,-0.0,99.65023958588367,0.17691650122284389,False
3936,-0.0,99.65023958588367,0.17732235664212684,False
3937,-0.0,99.65023958588367,0.1777822887559207,False
3938,-0.0,98.87652173913044,0.061668421886749515,False
3939,-0.0,99.60914530801425,0.06346902219388963,False
3940,-0.0,99.61133658939258,0.06531049023703867,False
3941,-0.0,99.61352987448271,0.06538081012856292,False
3942,-0.0,99.61572468203768,0.07018224224543601,False
3943,-0.0,99.45224006762469,0.06590518496653763,False
3944,-0.0,99.67054393868084,0.06880271966900985,False
3945,-0.0,99.67313721566273,0.07085409004056481,False
3946,-0.0,99.67502321262766,0.0726129857791879,False
3947,-0.0,99.67690887511539,0.07505781644077088,False
3948,-0.0,99.67879383808588,0.07717738848704722,False
3949,-0.0,99.68067774519388,0.07773299960591044,False
3950,-0.0,99.68256024876911,0.07804672250883651,False
3951,-0.0,99.68444100978877,0.07813518606910462,False
3952,-0.0,99.68631969784265,0.0780123170125798,False
3953,0.12068101401352381,99.68819599109132,0.07768975768429887,False
3954,0.208180945557171,99.69006957621758,0.0770349252292191,False
3955,0.2829047929798921,99.69194014837169,0.07624718770221589,False
3956,0.3491843735073079,99.69380741111041,0.07532654229729221,False
3957,0.40907313904382653,99.69567107633067,0.07427142900601834,False
3958,0.4637773498877516,99.69753086419753,0.07307920713818619,False
3959,0.5140912790181235,99.69938650306749,0.07174603322744538,False
3960,0.5140912790181235,99.70123772940674,0.07026669040350386,False
3961,0.5140912790181235,99.61825122704963,0.07035559599259728,False
3962,0.5140912790181235,99.74406840900879,0.06569004291987135,False
3963,0.5140912790181235,99.74406840900879,0.06077180287815658,False
3964,0.5140912790181235,99.74406840900879,0.05553064500186575,False
3965,0.5140912790181235,99.74406840900879,0.05066874096948014,False
3966,0.5140912790181235,99.74406840900879,0.04561078196519363,False
3967,0.5140912790181235,99.74406840900879,0.04027538181811883,False
3968,0.560576942614533,99.74406840900879,0.03452486433798817,False
3969,0.603652249754401,99.74406840900879,0.03143528236418837,False
3970,0.6436394131461666,99.74406840900879,0.028483647928101777,False
3971,0.6807937753703206,99.74406840900879,0.025675104309959312,False
3972,0.7153220528038851,99.74406840900879,0.023007535814362514,False
3973,0.7473944462440387,99.74406840900879,0.020502930486017663,False
3974,0.7771529943226336,99.74406840900879,0.1593274483669367,False
3975,0.804717519321077,99.74406840900879,0.159757445084331,False
3976,0.8301899714180443,99.74406840900879,0.16019720223867567,False
3977,0.8301899714180443,99.74406840900879,0.16015647870794195,False
3978,0.8301899714180443,99.74406840900879,0.16013582219897174,False
3979,0.8301899714180443,99.74406840900879,0.16013317745908254,False
3980,0.8301899714180443,99.74406840900879,0.1601466108394778,False
3981,0.8301899714180443,99.74406840900879,0.16017430866003862,False
3982,0.8301899714180443,99.74406840900879,0.16021457514313012,False
3983,0.8301899714180443,99.74406840900879,0.16026582997230351,False
3984,0.8301899714180443,99.74406840900879,0.16032660552813646,False
3985,0.8301899714180443,99.74406840900879,0.16039554384956697,False
3986,0.8301899714180443,99.74406840900879,0.1604713933650672,False
3987,0.8301899714180443,99.74406840900879,0.1610003504396254,False
3988,0.8301899714180443,99.74406840900879,0.16168520737958858,False
3989,0.8301899714180443,99.74406840900879,0.16231715071939115,False
3990,0.8301899714180443,99.74406840900879,0.16289890608332128,False
3991,0.8301899714180443,99.74406840900879,0.16343310292036056,False
3992,0.8301899714180443,99.74406840900879,0.16392350047426776,False
3993,0.8301899714180443,99.74406840900879,0.1643704647694061,False
3994,0.8301899714180443,99.03649283391545,0.04602463722817685,False
3995,0.8301899714180443,99.78321088763097,0.04520127018001649,False
3996,0.8301899714180443,99.6597615319764,0.04428384106195175,False
3997,0.8301899714180443,99.74406840900879,0.04504696666875246,False
3998,0.8301899714180443,99.74406840900879,0.04568926080361187,False
3999,0.8301899714180443,99.74406840900879,0.16029404930303742,False
4000,0.8301899714180443,99.74406840900879,0.16168293029551795,False
4001,0.8301899714180443,99.74406840900879,0.1618765237905955,False
4002,0.8301899714180443,99.74406840900879,0.16453991905737056,False
4003,0.8301899714180443,99.74406840900879,0.16699898429070242,False
4004,0.8301899714180443,99.74406840900879,0.16926873912152055,False
4005,0.8301899714180443,99.74406840900879,0.1706022277517739,False
4006,0.8301899714180443,99.74406840900879,0.17184928337186273,False
4007,0.8301899714180443,99.6597615319764,0.17248996163403,False
4008,0.8301899714180443,99.78321088763097,0.22646382350737854,False
4009,0.8301899714180443,99.78185784402835,0.22805262025861803,False
4010,0.8301899714180443,99.78050118895189,0.2295516418802244,False
4011,0.8301899714180443,99.77914110429448,0.23096394603880582,False
4012,0.8301899714180443,99.77777777777777,0.23229248239334033,False
4013,0.8301899714180443,99.77641140301844,0.2335401061607082,False
4014,0.804717519321077,99.77504217959132,0.23470959031318608,False
4015,0.7771529943226336,99.7736703130894,0.2771875144432506,False
4016,0.7473944462440387,99.77229601518026,0.2780058086215116,False
4017,0.7153220528038851,99.77091950365893,0.27880279696537624,False
4018,0.6807937753703206,99.76954100249664,0.279526834442928,False
4019,0.6436394131461666,99.04044307058217,0.23448557714210724,False
4020,0.603652249754401,99.80240995076444,0.23375320677182887,False
4021,0.603652249754401,99.66312516195906,0.23538173396909004,False
4022,0.603652249754401,99.83804094324955,0.23521012383516116,False
4023,0.603652249754401,99.83708048224177,0.23507321585095362,False
4024,0.603652249754401,99.83611930514586,0.2349673735633974,False
4025,0.603652249754401,99.83515758934459,0.23544197815853943,False
4026,0.603652249754401,99.83419551664677,0.23589347692712806,False
4027,0.603652249754401,99.83323327329731,0.23640005566689806,False
4028,0.603652249754401,99.08755451190875,0.1863510066055011,False
4029,0.560576942614533,99.86167341430499,0.18536909924725012,False
4030,0.5140912790181235,99.86167341430499,0.18383297167189752,False
4031,0.4637773498877516,99.86167341430499,0.18237818587516016,False
4032,0.40907313904382653,99.86167341430499,0.18091131929449658,False
4033,0.3491843735073079,99.86167341430499,0.17954762070756122,False
4034,0.2829047929798921,99.86167341430499,0.17828480401435684,False
4035,0.208180945557171,99.08755451190875,0.10070780614438149,False
4036,0.12068101401352381,99.83323327329731,0.09895942048689763,False
4037,-0.0,99.83419551664677,0.09725156546468744,False
4038,-0.0,99.83515758934459,0.09573366158886555,False
4039,-0.0,99.83611930514586,0.0935338870741095,False
4040,-0.0,99.6871945259042,0.0931783237363423,False
4041,-0.0,99.86719357346463,0.08884117214612015,False
4042,-0.0,99.86719357346463,0.08450235403761874,False
4043,-0.0,99.86719357346463,0.0801597929185602,False
4044,-0.0,99.86719357346463,0.07581067629574566,False
4045,-0.0,99.86719357346463,0.0714512240825811,False
4046,-0.0,99.86719357346463,0.06662789532264721,False
4047,-0.0,99.86719357346463,0.06171161284882569,False
4048,-0.0,99.86719357346463,0.05667515865431549,False
4049,-0.0,99.86719357346463,0.05147941075435612,False
4050,-0.0,99.86719357346463,0.04839768805720776,False
4051,-0.0,99.86719357346463,0.04527142532040204,False
4052,-0.0,99.86719357346463,0.042501897611470024,False
4053,-0.0,99.86719357346463,0.03962384582340636,False
4054,0.12068101401352381,99.86719357346463,0.03661335891182893,False
4055,0.208180945557171,99.86719357346463,0.033436372805620576,False
4056,0.2829047929798921,99.86719357346463,0.030041825734189828,False
4057,0.3491843735073079,99.86719357346463,0.026347521092805224,False
4058,0.3491843735073079,99.86719357346463,0.022206197760055654,False
4059,0.3491843735073079,99.86719357346463,0.020568762665863875,False
4060,0.3491843735073079,99.86719357346463,0.01880743924220579,False
4061,0.3491843735073079,99.86719357346463,0.016883398736548552,False
4062,0.3491843735073079,99.86719357346463,0.014732914102564047,False
4063,0.3491843735073079,99.86719357346463,0.01223704213536487,False
4064,0.3491843735073079,99.86719357346463,0.009116199532129419,False
4065,0.3491843735073079,99.86719357346463,0.004139450835430261,False
4066,0.3491843735073079,99.86719357346463,0.003434215145926028,False
4067,0.3491843735073079,99.86719357346463,0.0027492800425727446,False
4068,0.3491843735073079,99.86719357346463,0.0020676288324605425,False
4069,0.3491843735073079,99.86719357346463,0.0013416336874341383,False
4070,0.3491843735073079,99.86719357346463,0.0,False
4071,0.3491843735073079,99.86719357346463,0.0,False
4072,0.3491843735073079,99.86719357346463,0.0,False
4073,0.3491843735073079,99.86719357346463,0.0,False
4074,0.3491843735073079,99.86719357346463,0.04024901062303368,False
4075,0.3491843735073079,99.86719357346463,0.04063765350416957,False
4076,0.3491843735073079,99.86719357346463,0.041020353480159595,False
4077,0.3491843735073079,99.86719357346463,0.041396328228168425,False
4078,0.3491843735073079,99.86719357346463,0.1828380653092945,False
4079,0.3491843735073079,99.86719357346463,0.28001737546593936,False
4080,0.3491843735073079,99.86719357346463,0.32767665351130626,False
4081,0.3491843735073079,99.86719357346463,0.3666397971633454,False
4082,0.3491843735073079,99.86719357346463,0.3995311179137916,False
4083,0.3491843735073079,99.86719357346463,0.42782136245866087,False
4084,0.3491843735073079,99.86719357346463,0.4524396593369096,False
4085,0.3491843735073079,99.86719357346463,0.4740215972921938,False
4086,0.3491843735073079,99.86719357346463,0.4930276609286147,False
4087,0.3491843735073079,99.86719357346463,0.5783340915323204,False
4088,0.3491843735073079,99.86719357346463,0.591690348928846,False
4089,0.3491843735073079,99.86719357346463,0.6034345045672985,False
4090,0.3491843735073079,99.86719357346463,0.6137287343300498,False
4091,0.3491843735073079,99.86719357346463,0.6227135651234961,False
4092,0.3491843735073079,99.86719357346463,0.6305127412630561,False
4093,0.3491843735073079,99.86719357346463,0.637236846482065,False
4094,0.3491843735073079,99.6871945259042,0.6417250869679832,False
4095,0.3491843735073079,99.83611930514586,0.6465764872182015,False
4096,0.3491843735073079,99.83515758934459,0.6506289864314062,False
4097,0.3491843735073079,99.83419551664677,0.653962827077102,False
4098,0.3491843735073079,99.06154662422072,0.6320673374318543,False
4099,0.3491843735073079,98.88266293109199,0.604353016819964,False
4100,0.3491843735073079,99.03723582690372,0.5825206580735042,False
4101,0.3491843735073079,99.03508771929825,0.5609482426362989,False
4102,0.3491843735073079,99.03298045602605,0.5396874039401053,False
4103,0.3491843735073079,99.03091517095476,0.5187979272597997,False
4104,0.3491843735073079,99.02889300665706,0.5369369823812677,False
4105,0.3491843735073079,99.02691511387164,0.5187003042582091,False
4106,0.3491843735073079,99.02498265093685,0.5010791631039331,False
4107,0.3491843735073079,98.25121443442055,0.39982702423712707,False
4108,0.3491843735073079,98.99028452463567,0.37983345384904593,False
4109,0.3491843735073079,98.99028452463567,0.36091924968338956,False
4110,0.3491843735073079,98.99028452463567,0.34316008806302045,False
4111,0.3491843735073079,98.99028452463567,0.3265973723579757,False
4112,0.3491843735073079,98.99028452463567,0.3529610936380911,False
4113,0.3491843735073079,98.99028452463567,0.34092174629480587,False
4114,0.3491843735073079,98.99028452463567,0.33025712906803284,False
4115,0.2829047929798921,98.99028452463567,0.3209744985350201,False
4116,0.2829047929798921,98.99028452463567,0.31306350659829707,False
4117,0.2829047929798921,98.99028452463567,0.30649399608113437,False
4118,0.2829047929798921,98.99028452463567,0.3009124139066512,False
4119,0.3491843735073079,98.76491521875654,0.2836367879154168,False
4120,0.40907313904382653,98.94408194766014,0.27933855760768583,False
4121,0.4637773498877516,98.94187358916479,0.27617615330208317,False
4122,0.5140912790181235,98.93971631205673,0.27404439574952416,False
4123,0.560576942614533,98.93761140819964,0.27282032426571895,False
4124,0.603652249754401,98.16399286987522,0.18502477299139003,False
4125,0.6436394131461666,98.89483065953654,0.18469665731705442,False
4126,0.6807937753703206,98.89483065953654,0.1852655888211086,False
4127,0.7153220528038851,98.89483065953654,0.23189028075227816,False
4128,0.7473944462440387,98.89483065953654,0.23490352648213092,False
4129,0.7771529943226336,98.89483065953654,0.23793428847642842,False
4130,0.804717519321077,98.89483065953654,0.2406886753744354,False
4131,0.8301899714180443,98.89483065953654,0.24340301784759777,False
4132,0.8536576732793313,98.16399286987522,0.18130036654402074,False
4133,0.875195788740725,98.93761140819964,0.18438187877688536,False
4134,0.8948692308065574,98.93971631205673,0.18727780224733984,False
4135,0.9127341558073343,98.94187358916479,0.18899762777258095,False
4136,0.9288391461883214,98.94408194766014,0.1883017188247008,False
4137,0.9432261548473415,98.94634010187706,0.1910698440919781,False
4138,0.9559312637896478,98.94864677307426,0.19390687887377198,False
4139,0.9669852958320848,98.7784679089027,0.19240667434521097,False
4140,0.976414308115487,98.99457827190996,0.19248911739707894,False
4141,0.9842399889605549,98.99457827190996,0.1923662831799435,False
4142,0.9904799742690308,98.99457827190996,0.19205435482523095,False
4143,0.995148095654003,98.99457827190996,0.1910493689735082,False
4144,0.9982545693874831,98.99457827190996,0.1899474205850072,False
4145,0.999806132804711,98.99457827190996,0.18875755821891033,False
4146,0.999806132804711,98.99457827190996,0.24606298180217576,False
4147,0.9982545693874831,98.2568114748473,0.2025341859119807,False
4148,0.995148095654003,99.02889300665706,0.19916120455561265,False
4149,0.9904799742690308,99.03091517095476,0.1956801870126828,False
4150,0.9842399889605549,99.03298045602605,0.19608902666876854,False
4151,0.976414308115487,99.03508771929825,0.19267104428844503,False
4152,0.9669852958320848,99.03723582690372,0.1892341314547061,False
4153,0.9559312637896478,99.03942365419252,0.18578152598023198,False
4154,0.9432261548473415,99.04165008621833,0.18231655308926745,False
4155,0.9432261548473415,99.0439140181986,0.17988784566707203,False
4156,0.9432261548473415,98.90199934447722,0.17987264674700182,False
4157,0.9432261548473415,99.0811339198436,0.17606411352393003,False
4158,0.9432261548473415,99.0811339198436,0.17262206730859206,False
4159,0.9432261548473415,98.90199934447722,0.172682186453158,False
4160,0.9432261548473415,99.0439140181986,0.1709078185054534,False
4161,0.9432261548473415,99.04165008621833,0.1693401607857941,False
4162,0.9432261548473415,99.03942365419252,0.16796491380426043,False
4163,0.9432261548473415,99.03723582690372,0.1673619438849353,False
4164,0.9432261548473415,99.03508771929825,0.16685036565557956,False
4165,0.9432261548473415,99.03298045602605,0.16641859261565725,False
4166,0.9432261548473415,98.26275787187839,0.046684309297520765,False
4167,0.9432261548473415,98.99904994571118,0.045920680816483456,False
4168,0.9432261548473415,98.99904994571118,0.04513749126101857,False
4169,0.9432261548473415,98.99904994571118,0.0443410600164165,False
4170,0.9432261548473415,98.79205623421825,0.17854361525339635,False
4171,0.9432261548473415,98.95340059021343,0.1786776515502742,False
4172,0.9432261548473415,98.95100069013112,0.17876495621334618,False
4173,0.9432261548473415,98.94864677307426,0.17881481184357398,False
4174,0.9432261548473415,98.94634010187706,0.17883620691882404,False
4175,0.9432261548473415,98.94408194766014,0.1788378515427356,False
4176,0.9432261548473415,98.94187358916479,0.1788281882057128,False
4177,0.9559312637896478,98.93971631205673,0.1788982728735057,False
4178,0.9669852958320848,98.93761140819964,0.1787887123967694,False
4179,0.976414308115487,98.93556017489786,0.17866727306921298,False
4180,0.9842399889605549,98.93356391410866,0.17854032738850067,False
4181,0.9904799742690308,98.93162393162393,0.17843541308401417,False
4182,0.995148095654003,98.92974153622133,0.17833382355310518,False
4183,0.9982545693874831,98.92791803878522,0.1782385972877575,False
4184,0.999806132804711,98.92615475139748,0.17815231942864806,False
4185,0.999806132804711,98.92445298639858,0.17807709540374275,False
4186,0.9982545693874831,98.92281405541937,0.17801452423185313,False
4187,0.995148095654003,98.92123926838373,0.17793722890927022,False
4188,0.9904799742690308,98.91972993248312,0.1778839999005874,False
4189,0.9842399889605549,98.91828735112317,0.17785256684606676,False
4190,0.976414308115487,98.14186642544851,0.014758831754950524,False
4191,0.9669852958320848,98.87305894768582,0.013132323042078448,False
4192,0.9559312637896478,98.87305894768582,0.012045315818240756,False
4193,0.9432261548473415,98.87305894768582,0.011520036258854744,False
4194,0.9288391461883214,98.87305894768582,0.011506881478802926,False
4195,0.9127341558073343,98.87305894768582,0.011889381830904686,False
4196,0.8948692308065574,98.87305894768582,0.012522940644530212,False
4197,0.875195788740725,98.87305894768582,0.01210435886678166,False
4198,0.8536576732793313,98.87305894768582,0.012200720437657749,False
4199,0.8301899714180443,98.87305894768582,0.01273692595772504,False
4200,0.804717519321077,98.87305894768582,0.06304686725126031,False
4201,0.7771529943226336,98.87305894768582,0.06381105753034295,False
4202,0.7473944462440387,98.87305894768582,0.06458688716349,False
4203,0.7153220528038851,98.87305894768582,0.19363129453528924,False
4204,0.6807937753703206,98.87305894768582,0.1942585208741039,False
4205,0.6436394131461666,98.87305894768582,0.19482204239957138,False
4206,0.603652249754401,98.87305894768582,0.19532438952521158,False
4207,0.560576942614533,98.87305894768582,0.1957681440927852,False
4208,0.5140912790181235,98.87305894768582,0.1961559384748137,False
4209,0.4637773498877516,98.87305894768582,0.19649045476000285,False
4210,0.40907313904382653,98.87305894768582,0.19677442399537776,False
4211,0.3491843735073079,98.87305894768582,0.19701062545949624,False
4212,0.2829047929798921,98.87305894768582,0.1972018859413427,False
4213,0.208180945557171,98.87305894768582,0.25961666384680626,False
4214,0.208180945557171,98.87305894768582,0.25978767781729994,False
4215,0.208180945557171,98.87305894768582,0.259985737143488,False
4216,0.2829047929798921,98.87305894768582,0.26021308189168446,False
4217,0.3491843735073079,98.87305894768582,0.2634678726843191,False
4218,0.3491843735073079,98.87305894768582,0.26478248371649543,False
4219,0.40907313904382653,98.87305894768582,0.26608289842683713,False
4220,0.4637773498877516,98.57229417556616,0.2601851554099861,False
4221,0.5140912790181235,98.8166806179134,0.2613504324249733,False
4222,0.560576942614533,98.81498470948013,0.26251089261794713,False
4223,0.603652249754401,98.0428134556575,0.1905254827178924,False
4224,0.6436394131461666,98.76146788990826,0.19174881741218505,False
4225,0.6807937753703206,98.76146788990826,0.19302842288623587,False
4226,0.7153220528038851,98.76146788990826,0.19435962914569252,False
4227,0.7153220528038851,98.76146788990826,0.19573784985515505,False
4228,0.7153220528038851,98.76146788990826,0.19715859099361913,False
4229,0.7153220528038851,98.76146788990826,0.19861745779134873,False
4230,0.7153220528038851,98.76146788990826,0.20011016007310395,False
4231,0.7153220528038851,98.76146788990826,0.20134882828566314,False
4232,0.7153220528038851,98.76146788990826,0.20256705220517154,False
4233,0.7153220528038851,98.0428134556575,0.1143034941064996,False
4234,0.7153220528038851,98.81498470948013,0.11517422022281633,False
4235,0.7153220528038851,98.8166806179134,0.11584285510091233,False
4236,0.7153220528038851,98.81845035219268,0.11631295469008067,False
4237,0.7153220528038851,98.57907432534299,0.10964880512841993,False
4238,0.7153220528038851,98.87471867966991,0.1072358890043812,False
4239,0.7473944462440387,98.87471867966991,0.104661752393779,False
4240,0.7771529943226336,98.87471867966991,0.10192116960238196,False
4241,0.804717519321077,98.87471867966991,0.09900751417846536,False
4242,0.8301899714180443,98.87471867966991,0.0959124410203297,False
4243,0.8536576732793313,98.87471867966991,0.0926254556018577,False
4244,0.8536576732793313,98.87471867966991,0.08876120592852907,False
4245,0.8536576732793313,98.87471867966991,0.084707554564133,False
4246,0.8536576732793313,98.87471867966991,0.08043874501659304,False
4247,0.8536576732793313,98.87471867966991,0.075921336262018,False
4248,0.8536576732793313,98.87471867966991,0.07108804894874347,False
4249,0.8536576732793313,98.87471867966991,0.06590623240743285,False
4250,0.8536576732793313,98.87471867966991,0.06029783394503091,False
4251,0.8536576732793313,98.87471867966991,0.05524300146079549,False
4252,0.8536576732793313,98.87471867966991,0.04996798697511557,False
4253,0.8536576732793313,98.87471867966991,0.04441871585784864,False
4254,0.8536576732793313,98.87471867966991,0.041400376424165,False
4255,0.8536576732793313,98.87471867966991,0.1915287106443737,False
4256,0.8536576732793313,98.87471867966991,0.1913288608903842,False
4257,0.8536576732793313,98.87471867966991,0.19115211388144723,False
4258,0.8536576732793313,98.87471867966991,0.19099711167359865,False
4259,0.8536576732793313,98.87471867966991,0.19086248416046914,False
4260,0.8536576732793313,98.87471867966991,0.1907468505361218,False
4261,0.8536576732793313,98.87471867966991,0.19064882068255573,False
4262,0.8536576732793313,98.87471867966991,0.19056699647594746,False
4263,0.8536576732793313,98.87471867966991,0.190499973006435,False
4264,0.8536576732793313,98.87471867966991,0.190620054870689,False
4265,0.8536576732793313,98.87471867966991,0.1907223505607652,False
4266,0.8536576732793313,98.87471867966991,0.19080798727862297,False
4267,0.8536576732793313,98.87471867966991,0.19087816522889958,False
4268,0.8536576732793313,98.87471867966991,0.19094262568470557,False
4269,0.8536576732793313,98.87471867966991,0.19099097105339397,False
4270,0.8536576732793313,98.86939423731377,0.19102181156143466,False
4271,0.8536576732793313,98.86025768087215,0.19101818391760772,False
4272,0.8536576732793313,98.85490316630802,0.19098406203373083,False
4273,0.8536576732793313,98.84955066625349,0.19091665304736105,False
4274,0.8536576732793313,98.84420148379539,0.19081381859763405,False
4275,0.8301899714180443,98.03201874267864,0.16797920721181744,False
4276,0.804717519321077,98.78563061304177,0.16845034301676767,False
4277,0.7771529943226336,98.78563061304177,0.1690400294937882,False
4278,0.7473944462440387,98.78563061304177,0.16974726550855174,False
4279,0.7771529943226336,98.78563061304177,0.1705707564037816,False
4280,0.7771529943226336,98.78563061304177,0.17150891694355364,False
4281,0.7771529943226336,98.78563061304177,0.1725549816078477,False
4282,0.7771529943226336,98.78563061304177,0.17369804674186068,False
4283,0.7771529943226336,98.78563061304177,0.17493016746144363,False
4284,0.7771529943226336,98.78563061304177,0.17624302107460352,False
4285,0.7771529943226336,98.78563061304177,0.17762798336304667,False
4286,0.7473944462440387,98.78563061304177,0.1783838817085299,False
4287,0.7153220528038851,98.78563061304177,0.17915643671464498,False
4288,0.7153220528038851,98.78563061304177,0.17994249626961772,False
4289,0.7153220528038851,98.78563061304177,0.18073888852759512,False
4290,0.7473944462440387,98.78563061304177,0.18154242669060378,False
4291,0.7771529943226336,98.78563061304177,0.18234991337874,False
4292,0.804717519321077,98.78563061304177,0.18315814461038893,False
4293,0.8301899714180443,98.78563061304177,0.18396391341614954,False
4294,0.8536576732793313,98.78563061304177,0.1847640131114263,False
4295,0.875195788740725,98.05154236626318,0.0859286891938144,False
4296,0.8948692308065574,98.84029675907848,0.08572018977005635,False
4297,0.9127341558073343,98.84204390907324,0.08535100334630527,False
4298,0.9288391461883214,98.84386358363622,0.08481111018778204,False
4299,0.9432261548473415,98.84575429956523,0.0840892923942483,False
4300,0.9432261548473415,98.84771457009417,0.08317289316745553,False
4301,0.9432261548473415,98.84974290611312,0.08205779518083922,False
4302,0.9432261548473415,98.85183781735506,0.08074697160875603,False
4303,0.9432261548473415,98.85399781354846,0.07923581826092796,False
4304,0.9432261548473415,98.85622140553514,0.07751887481694136,False
4305,0.9559312637896478,98.85850710635282,0.07558955525703015,False
4306,0.9669852958320848,98.860853432282,0.07418079813746095,False
4307,0.976414308115487,98.8632589038568,0.07277144182886915,False
4308,0.9842399889605549,98.86572204683944,0.07496171969258078,False
4309,0.9904799742690308,98.86824139315834,0.20162648544563438,False
4310,0.9904799742690308,98.8708154818096,0.2018854047892945,False
4311,0.9904799742690308,98.87344285972198,0.20192492897916375,False
4312,0.9904799742690308,98.87612208258528,0.201777148324973,False
4313,0.9904799742690308,98.87885171564251,0.20147212546919616,False
4314,0.9904799742690308,98.88163033444579,0.2030927027018127,False
4315,0.9904799742690308,98.88445652557631,0.20237024949798726,False
4316,0.9904799742690308,98.88732888732889,0.20165287999640244,False
4317,0.9904799742690308,98.8902460303612,0.20094175577664175,False
4318,0.9904799742690308,98.89320657830824,0.20023814686050026,False
4319,0.9904799742690308,98.89620916836259,0.19954343525692306,False
4320,0.9904799742690308,98.89925245182086,0.19885911840568063,False
4321,0.9904799742690308,98.90233509459689,0.1981868124750264,False
4322,0.9904799742690308,98.90545577770247,0.199488804933279,False
4323,0.9904799742690308,98.90861319769596,0.27569455591655967,False
4324,0.9904799742690308,98.91180606709972,0.2765531614927534,False
4325,0.9904799742690308,98.91503311478684,0.27727259600896836,False
4326,0.9904799742690308,98.91829308633808,0.2781102614408894,False
4327,0.9904799742690308,98.92158474436955,0.27880648263816854,False
4328,0.9904799742690308,98.76705572908105,0.27842603881471667,False
4329,0.9904799742690308,98.03607607345926,0.20623869057816627,False
4330,0.9904799742690308,98.75937774024878,0.20595629965779857,False
4331,0.9904799742690308,98.76702601510554,0.20575746519607335,False
4332,0.9904799742690308,98.77465918203688,0.20562446806463497,False
4333,0.9904799742690308,98.78227605992987,0.20554158999385608,False
4334,0.9904799742690308,98.70117527798017,0.2034648857999654,False
4335,0.9904799742690308,98.83208461877479,0.203633843424167,False
4336,0.9904799742690308,98.83208461877479,0.20373660806645394,False
4337,0.9904799742690308,98.83208461877479,0.20378897474659485,False
4338,0.9904799742690308,98.83208461877479,0.2038072802338746,False
4339,0.9904799742690308,98.83208461877479,0.203816674301015,False
4340,0.9904799742690308,98.83208461877479,0.20392655592664932,False
4341,0.9904799742690308,98.83208461877479,0.20401410757910132,False
4342,0.9904799742690308,98.70117527798017,0.2021634975835343,False
4343,0.9842399889605549,97.96623055722749,0.06650370109696734,False
4344,0.976414308115487,98.66949662622359,0.060929855927899644,False
4345,0.9669852958320848,98.66949662622359,0.05552520458793951,False
4346,0.9559312637896478,98.66949662622359,0.05025220057264839,False
4347,0.9559312637896478,98.66949662622359,0.04514314052116115,False
4348,0.9559312637896478,98.66949662622359,0.04024253591033806,False
4349,0.9559312637896478,98.66949662622359,0.0356133651766597,False
4350,0.9559312637896478,98.66949662622359,0.03134638365948055,False
4351,0.9432261548473415,98.66949662622359,0.027572422353876157,False
4352,0.9288391461883214,98.66949662622359,0.02447324347186869,False
4353,0.9127341558073343,98.66949662622359,0.02202237747669897,False
4354,0.8948692308065574,98.66949662622359,0.01956447044526459,False
4355,0.875195788740725,98.66949662622359,0.01771466948963538,False
4356,0.8536576732793313,98.66949662622359,0.016489281344001676,False
4357,0.8301899714180443,98.66949662622359,0.015828946892972526,False
4358,0.804717519321077,98.66949662622359,0.015589879357275453,False
4359,0.7771529943226336,98.66949662622359,0.015459306699784637,False
4360,0.7473944462440387,98.66949662622359,0.013915225193923735,False
4361,0.7153220528038851,98.66949662622359,0.012524043674490731,False
4362,0.6807937753703206,98.66949662622359,0.011329559231605755,False
4363,0.6436394131461666,98.66949662622359,0.010373994671113365,False
4364,0.603652249754401,98.66949662622359,0.009686604098452695,False
4365,0.560576942614533,98.66949662622359,0.009040945474776579,False
4366,0.5140912790181235,98.66949662622359,0.008752512847814975,False
4367,0.4637773498877516,98.66949662622359,0.008688869375998897,False
4368,0.40907313904382653,98.66949662622359,0.008687427615641835,False
4369,0.3491843735073079,98.66949662622359,0.008578701395656323,False
4370,0.2829047929798921,98.66949662622359,0.008180916945107378,False
4371,0.2829047929798921,98.66949662622359,0.007248037369585636,False
4372,0.2829047929798921,98.66949662622359,0.0052418357884823985,False
4373,0.2829047929798921,98.66949662622359,0.18648471318741397,False
4374,0.2829047929798921,98.66949662622359,0.18652569355750942,False
4375,0.2829047929798921,98.66949662622359,0.1865682918874256,False
4376,0.2829047929798921,98.66949662622359,0.1866125387422614,False
4377,0.2829047929798921,98.66949662622359,0.25930270033322395,False
4378,0.2829047929798921,98.66949662622359,0.25941713346806233,False
4379,0.2829047929798921,98.66949662622359,0.3133454459171568,False
4380,0.2829047929798921,98.66949662622359,0.3443062804041587,False
4381,0.2829047929798921,98.66949662622359,0.37883557238272475,False
4382,0.2829047929798921,98.66949662622359,0.4085076349132133,False
4383,0.2829047929798921,98.66949662622359,0.4343806900067959,False
4384,0.2829047929798921,98.66949662622359,0.45715878816143846,False
4385,0.2829047929798921,98.66949662622359,0.4773412694239429,False
4386,0.2829047929798921,98.66949662622359,0.49037987095028357,False
4387,0.2829047929798921,98.66949662622359,0.5087412732784473,False
4388,0.2829047929798921,98.66949662622359,0.5245340770102491,False
4389,0.2829047929798921,98.66949662622359,0.5381072552232694,False
4390,0.40238293904561173,98.66949662622359,0.5497432113264931,False
4391,0.48865925334338955,98.66949662622359,0.5596764857127671,False
4392,0.5621380056254565,98.66949662622359,0.5681062493446359,False
4393,0.6271502454482835,97.83551163532037,0.5441361834112635,False
4394,0.6857486151292824,98.65918203688854,0.5503760731725222,False
4395,0.6857486151292824,98.65918203688854,0.5555079194024383,False
4396,0.6857486151292824,98.65918203688854,0.5596647347757292,False
4397,0.6857486151292824,97.83551163532037,0.5334193508928713,False
4398,0.6857486151292824,98.64732156999398,0.5437861739205354,False
4399,0.6857486151292824,99.39810561662496,0.5185227596742201,False
4400,0.6857486151292824,99.27455887477429,0.5019560641150299,False
4401,0.6131379016405238,99.36325909969271,0.47947676373046816,False
4402,0.5277139815252946,99.36325909969271,0.4571027723792745,False
4403,0.40907313904382653,99.36325909969271,0.43274168360886195,False
4404,0.40907313904382653,99.36325909969271,0.4106642514640604,False
4405,0.40907313904382653,99.36325909969271,0.38846887641606753,False
4406,0.40907313904382653,99.27455887477429,0.37278333735017266,False
4407,0.40907313904382653,99.39810561662496,0.34780393199680265,False
4408,0.40907313904382653,99.38795027095952,0.3235351730973434,False
4409,0.40907313904382653,99.37770649558941,0.30042799680114984,False
4410,0.40907313904382653,99.36737460460913,0.2785951720146385,False
4411,0.40907313904382653,99.35695495436978,0.258145916457854,False
4412,0.40907313904382653,99.34644794457878,0.23917534651044567,False
4413,0.40907313904382653,99.33585401939833,0.22179971732979187,False
4414,0.40907313904382653,99.32517366854118,0.20614343944591865,False
4415,0.40907313904382653,99.31440742836223,0.19233211684158064,False
4416,0.40907313904382653,99.30355588294381,0.18048076623633935,False
4417,0.40907313904382653,99.2926196651733,0.1707432425298681,False
4418,0.40907313904382653,98.5665875974246,0.13518444357011997,False
4419,0.40907313904382653,99.321629452872,0.12090624208503462,False
4420,0.40907313904382653,99.321629452872,0.10773018552897014,False
4421,0.40907313904382653,99.321629452872,0.09588014888841842,False
4422,0.40907313904382653,99.321629452872,0.08534659075824814,False
4423,0.40907313904382653,99.1750468723368,0.08772431776806382,False
4424,0.40907313904382653,99.35230952786773,0.08097037397085637,False
4425,0.40907313904382653,99.34160894314519,0.0773853347277016,False
4426,0.40907313904382653,99.33082680831983,0.07666041972654866,False
4427,0.40907313904382653,99.3199639164527,0.2205067685987048,False
4428,0.40907313904382653,99.30902111324376,0.22245562967704913,False
4429,0.40907313904382653,99.2979992979993,0.22494518760063162,False
4430,0.40907313904382653,99.28689942457726,0.2270989657175108,False
4431,0.40907313904382653,99.27572250230774,0.22890731954219135,False
4432,0.40907313904382653,99.2644695968865,0.23039444677877738,False
4433,0.40907313904382653,99.25314183123878,0.24675346477887958,False
4434,0.40907313904382653,99.24174038635132,0.2491008273061284,False
4435,0.40907313904382653,99.23026650206957,0.32667754270552096,False
4436,0.40907313904382653,99.21872147785768,0.3287584434338547,False
4437,0.40907313904382653,99.20710667351884,0.3303674779001958,False
4438,0.40907313904382653,99.19542350987267,0.3838954220844558,False
4439,0.40907313904382653,99.18367346938776,0.3835326145697092,False
4440,0.40907313904382653,99.17185809676577,0.38299507757508877,False
4441,0.40907313904382653,99.15997899947499,0.38234890066428956,False
4442,0.40907313904382653,99.15308707323528,0.3817205520690118,False
4443,0.40907313904382653,99.14233437523824,0.3811127864307339,False
4444,0.40907313904382653,99.13531378501979,0.38062460653012814,False
4445,0.40907313904382653,99.12824486633087,0.38110670862220264,False
4446,0.40907313904382653,99.12112808093434,0.38160625066052645,False
4447,0.40907313904382653,98.29303542830358,0.3217525560488562,False
4448,0.5277139815252946,99.05472442482716,0.3219802050597559,False
4449,0.5277139815252946,99.05472442482716,0.3464432929603401,False
4450,0.5277139815252946,99.05472442482716,0.34883378809072696,False
4451,0.46824757305098735,99.05472442482716,0.3517843457646436,False
4452,0.4023829390456117,99.05472442482716,0.35525900335113497,False
4453,0.32806688317929317,98.77095849530765,0.3489687844776535,False
4454,0.24096783080307266,98.9934872705743,0.35243523141856326,False
4455,0.12068101401352381,98.19617130451944,0.28869267305851154,False
4456,0.12068101401352381,98.92638642194592,0.2932028236175536,False
4457,0.12068101401352381,98.92638642194592,0.2984030305113346,False
4458,0.12068101401352381,98.20011841326229,0.23305109667529544,False
4459,0.12068101401352381,98.9934872705743,0.24118010117337663,False
4460,0.12068101401352381,99.0065575057918,0.2494336917000014,False
4461,0.12068101401352381,99.01956954806452,0.2576717828435444,False
4462,0.208180945557171,99.03252127287563,0.26578172033562286,False
4463,0.208180945557171,99.04541062801933,0.26655166211661335,False
4464,0.208180945557171,99.05823563328849,0.2715493944889363,False
4465,0.208180945557171,98.85690254998661,0.2746905235957307,False
4466,0.208180945557171,99.11790426219535,0.2763701047408732,False
4467,0.208180945557171,99.11790426219535,0.27755370469334717,False
4468,0.208180945557171,99.11790426219535,0.3067794430407422,False
4469,0.208180945557171,98.38028972282423,0.276862854536197,False
4470,0.208180945557171,99.17493631420858,0.2746226082743018,False
4471,0.208180945557171,99.18705335198699,0.2715517333872964,False
4472,0.208180945557171,99.1990975747321,0.2676655706188133,False
4473,0.208180945557171,99.21106748925033,0.2629675142993956,False
4474,0.208180945557171,99.22296166858757,0.25746231126477387,False
4475,0.208180945557171,99.23477875124765,0.2511428342374353,False
4476,0.208180945557171,99.24651744036461,0.24382912562553777,False
4477,0.208180945557171,99.25817650283209,0.23568830691372378,False
4478,0.208180945557171,99.26975476839237,0.2284250680638081,False
4479,0.208180945557171,99.28125112868855,0.22052124304709672,False
4480,0.208180945557171,99.29266453628236,0.21151281832470742,False
4481,0.208180945557171,99.30399400364065,0.20334789455754615,False
4482,0.208180945557171,99.31523860209332,0.19258404569081525,False
4483,0.208180945557171,99.13074330317545,0.19131997769860393,False
4484,0.208180945557171,99.28330672343445,0.18373400313798588,False
4485,0.208180945557171,99.28330672343445,0.1765502219160062,False
4486,0.208180945557171,99.28330672343445,0.17143387348227418,False
4487,0.208180945557171,99.28330672343445,0.16697766238496184,False
4488,0.208180945557171,98.51172632692646,0.09982265663389998,False
4489,0.208180945557171,99.10961545202791,0.10104351144340011,False
4490,0.208180945557171,99.29619177032158,0.09544776921866967,False
4491,0.208180945557171,99.29619177032158,0.09072274583874808,False
4492,0.208180945557171,99.29619177032158,0.08691284899009552,False
4493,0.208180945557171,99.29619177032158,0.08404027557723576,False
4494,0.208180945557171,99.29619177032158,0.0825272692111764,False
4495,0.208180945557171,99.29619177032158,0.08206019161513517,False
4496,0.208180945557171,99.29619177032158,0.08307504387686938,False
4497,0.208180945557171,99.29619177032158,0.08487989798010857,False
4498,0.208180945557171,99.29619177032158,0.08739632739004777,False
4499,0.208180945557171,99.29619177032158,0.21845970901637288,False
4500,0.208180945557171,99.29619177032158,0.21901903518562407,False
4501,0.208180945557171,99.11312090300417,0.2180521716293344,False
4502,0.208180945557171,99.24175630400282,0.22926680416730597,False
4503,0.208180945557171,99.23008692566968,0.22934672121156272,False
4504,0.208180945557171,99.21833172716565,0.22943290611132322,False
4505,0.208180945557171,99.20649168791067,0.2295026559797396,False
4506,0.208180945557171,99.19456784772638,0.22953722163864515,False
4507,0.208180945557171,99.1825613079019,0.22952153443582515,False
4508,0.208180945557171,99.17047323223095,0.2294439299087542,False
4509,0.12068101401352381,99.15830484801705,0.22929587558061545,False
4510,0.12068101401352381,99.14605744704447,0.2290717075186438,False
4511,0.12068101401352381,99.13373238651151,0.22876837817675053,False
4512,0.12068101401352381,99.12133108992334,0.22848649889038475,False
4513,0.208180945557171,99.10885504794135,0.2281636761172498,False
4514,0.2829047929798921,99.09630581918555,0.22765830396055475,False
4515,0.3491843735073079,99.08368503098741,0.22708797130881161,False
4516,0.40907313904382653,99.07099438008946,0.2264578967462847,False
4517,0.40907313904382653,99.05823563328849,0.22577478380218644,False
4518,0.40907313904382653,99.04541062801933,0.22504679081696688,False
4519,0.40907313904382653,98.2981699498776,0.10380115169000605,False
4520,0.4637773498877516,99.07816100933557,0.1050463793123808,False
4521,0.5140912790181235,99.07816100933557,0.10685326250270362,False
4522,0.560576942614533,98.83988906683332,0.08491475094214601,False
4523,0.560576942614533,99.11331588609819,0.08968718987352148,False
4524,0.603652249754401,99.10079710998546,0.0944513844515745,False
4525,0.6436394131461666,99.08821788040261,0.09920529995279768,False
4526,0.6807937753703206,99.07558024201548,0.10395028179458903,False
4527,0.7153220528038851,99.06288631016469,0.10869017157183464,False
4528,0.7473944462440387,99.05013827101118,0.11343064095309922,False
4529,0.7771529943226336,99.03733838160068,0.11817867908673749,False
4530,0.804717519321077,99.02448896984416,0.1246951938961518,False
4531,0.8301899714180443,99.01159243441123,0.13098344314439037,False
4532,0.8536576732793313,98.99865124453345,0.13688076984330927,False
4533,0.875195788740725,98.985667939715,0.14307155396019883,False
4534,0.8948692308065574,98.9726451293477,0.14887180641850806,False
4535,0.9127341558073343,98.95958549222797,0.15431464563067493,False
4536,0.9288391461883214,98.94649177597336,0.15942611255036465,False
4537,0.9432261548473415,98.9333667963358,0.16422690652621583,False
4538,0.9559312637896478,98.92021343641024,0.16873360274115232,False
4539,0.9669852958320848,98.90703464573575,0.17295952756598001,False
4540,0.976414308115487,98.89383343928799,0.17691540126546,False
4541,0.9842399889605549,98.88061289636093,0.180609818248598,False
4542,0.9904799742690308,98.86737615933667,0.18404961117404464,False
4543,0.995148095654003,98.85412643234196,0.18724013022056885,False
4544,0.9982545693874831,98.84086697979058,0.19018545914034096,False
4545,0.999806132804711,98.82760112481073,0.19288858328959102,False
4546,0.999806132804711,98.814332247557,0.28342309808648036,False
4547,0.9982545693874831,98.80106378340672,0.41970458050927084,False
4548,0.995148095654003,98.78779922104066,0.4619717184439975,False
4549,0.9904799742690308,98.77454210040848,0.5763498356512397,False
4550,0.9842399889605549,98.76129601057968,0.5973518052738521,False
4551,0.976414308115487,98.74806458748064,0.6154189543958618,False
4552,0.9669852958320848,98.73485151151951,0.6309429655479967,False
4553,0.9559312637896478,98.72166050509999,0.6441184797588179,False
4554,0.9432261548473415,98.70849533002637,0.6551558242782802,False
4555,0.9288391461883214,98.69535978480161,0.6644969788489161,False
4556,0.9127341558073343,98.68225770182146,0.672764844201806,False
4557,0.8948692308065574,98.669192944467,0.6800425819043429,False
4558,0.875195788740725,98.65616940409936,0.6864053745195294,False
4559,0.8536576732793313,98.64319099695966,0.6926310975163685,False
4560,0.8301899714180443,98.63026166097839,0.7286761186818155,False
4561,0.804717519321077,98.61738535249829,0.7342486211985492,False
4562,0.8916091590804429,98.60456604291531,0.7389930859640161,False
4563,0.9440231356865454,98.59180771524242,0.742974011150539,False
4564,0.9822408213425595,98.57911436060147,0.7462520934849045,False
4565,1.01044884930661,98.56648997464853,0.7488849032244546,False
4566,1.0305279703180825,97.81516478451256,0.7520612114833626,False
4567,1.0305279703180825,97.32501732501733,0.6881258479122266,False
4568,1.0305279703180825,97.7867296383757,0.662507570664849,False
4569,1.0305279703180825,97.07670177717971,0.567332024741868,False
4570,1.0305279703180825,97.83791323755057,0.5455806427178944,False
4571,1.0305279703180825,97.84066213529384,0.5248794712812801,False
4572,1.0305279703180825,97.84357901512713,0.5053041976927135,False
4573,0.9929563290994997,97.84666026608147,0.48693451047292297,False
4574,0.9929563290994997,97.85444792945134,0.4701314413881985,False
4575,1.0305279703180825,97.85782076196502,0.4546914215281329,False
4576,1.0652163930664527,97.84970574920779,0.44002641420393007,False
4577,1.0972261621017099,97.84175923826797,0.4262671253534582,False
4578,1.0972261621017099,97.83398419762057,0.41347268578065594,False
4579,1.0972261621017099,97.8046103183315,0.40039540080018027,False
4580,1.0972261621017099,97.20161216451406,0.3272482358449472,False
4581,1.1267251857192595,97.72998257360359,0.31133048410658576,False
4582,1.1538530565800795,97.722681359045,0.2964974213174829,False
4583,1.1787269834988532,97.71557271557272,0.2828010105295444,False
4584,1.201446120023029,97.70865924358148,0.27029002774705235,False
4585,1.2220947914756686,97.7019434466243,0.2590069000497399,False
4586,1.2407449439357603,97.02496085474809,0.13462202946901233,False
4587,1.2574580300524587,97.64667956157318,0.11506091776181422,False
4588,1.272286478151291,97.64667956157318,0.09679021720714438,False
4589,1.2852748466470731,97.64667956157318,0.07992516635067232,False
4590,1.296460736137167,97.64667956157318,0.06463120053694511,False
4591,1.305875511291131,97.64667956157318,0.05081190512614198,False
4592,1.3135448704851065,97.64667956157318,0.03893383318459929,False
4593,1.3194892909924263,97.64667956157318,0.02949583609242743,False
4594,1.3237243701143493,97.64667956157318,0.023218522210012728,False
4595,1.3262610770456722,97.64667956157318,0.020537197752986264,False
4596,1.3271059259290725,97.64667956157318,0.0205061530418418,False
4597,1.3262610770456722,97.64667956157318,0.020202876139902924,False
4598,1.3237243701143493,97.64667956157318,0.019318735577938697,False
4599,1.3194892909924263,97.64667956157318,0.01869551685712069,False
4600,1.3135448704851065,97.64667956157318,0.01632255903820476,False
4601,1.3058755112911309,97.64667956157318,0.014661543276740876,False
4602,1.2964607361371667,97.64667956157318,0.14591312866660858,False
4603,1.2964607361371667,97.64667956157318,0.14674047729572393,False
4604,1.2964607361371667,97.64667956157318,0.14767848919719717,False
4605,1.2964607361371667,97.64667956157318,0.1487025386405433,False
4606,1.2964607361371667,97.64667956157318,0.14978572216587305,False
4607,1.2964607361371667,97.64667956157318,0.21235374023217643,False
4608,1.2852748466470731,97.64667956157318,0.21241772405265144,False
4609,1.2722864781512913,97.64667956157318,0.2523470459074654,False
4610,1.2574580300524587,97.64667956157318,0.25265172957128545,False
4611,1.2407449439357603,97.64667956157318,0.2794633044477256,False
4612,1.2220947914756688,97.64667956157318,0.30250672653235733,False
4613,1.2014461200230289,97.64667956157318,0.32263063841912437,False
4614,1.1787269834988532,97.64667956157318,0.3403915828210031,False
4615,1.1538530565800795,97.64667956157318,0.35618006171228295,False
4616,1.1267251857192595,97.64667956157318,0.3702840699802618,False
4617,1.0972261621017096,97.64667956157318,0.38295694797083335,False
4618,1.0652163930664527,97.64667956157318,0.3943428213009737,False
4619,1.0305279703180825,97.64667956157318,0.40458287968514894,False
4620,0.9929563290994997,97.64667956157318,0.40828063618103383,False
4621,0.9929563290994997,97.63428889507375,0.41221434149780983,False
4622,0.9929563290994997,96.99642542128963,0.3941109047103884,False
4623,0.9752462395674342,97.55179782588498,0.45260205562832323,False
4624,0.9491912500871044,97.54567005996374,0.5012212187115599,False
4625,0.9129467467841514,97.53976374290764,0.5427202950064833,False
4626,0.8623538561746378,97.53408086353697,0.5787195728185998,False
4627,0.7771529943226336,96.9375407241925,0.5917034471784325,False
4628,0.804717519321077,97.56063497974955,0.6206403543151022,False
4629,0.8301899714180443,98.19375261859318,0.6317379083951901,False
4630,0.8536576732793313,97.54201387272474,0.6548577232386742,False
4631,0.875195788740725,98.13323402076253,0.6648677491000543,False
4632,0.8948692308065574,98.13323402076253,0.6735985548044773,False
4633,0.9127341558073343,98.13323402076253,0.6801158236524112,False
4634,0.9127341558073343,98.13323402076253,0.6854970183591409,False
4635,0.9127341558073343,98.13323402076253,0.6898293816805666,False
4636,0.9288391461883214,98.13323402076253,0.6824109635566631,False
4637,0.9432261548473415,98.13323402076253,0.6829120045650697,False
4638,0.9559312637896478,98.13323402076253,0.6820562473413319,False
4639,0.9669852958320848,98.13323402076253,0.6806090878063707,False
4640,0.976414308115487,97.49976720365025,0.6831894092974562,False
4641,0.9842399889605549,97.48568235787121,0.7110971317877954,False
4642,0.9904799742690308,98.09572585901853,0.712114265726907,False
4643,0.995148095654003,98.7475556383276,0.6819972498796307,False
4644,0.9982545693874831,98.75238582933756,0.6908155048783514,False
4645,0.999806132804711,98.75733035464954,0.6656773303458159,False
4646,0.999806132804711,98.76238775415251,0.6415187412680484,False
4647,0.9982545693874831,98.7675565063715,0.6183809070625454,False
4648,0.995148095654003,98.77283502998188,0.596306640988182,False
4649,0.9904799742690308,98.7782216854037,0.6058194279889171,False
4650,0.9842399889605549,98.78371477647278,0.5894472964576135,False
4651,0.976414308115487,98.78931255218481,0.5752360683615729,False
4652,0.9669852958320848,98.79501320850906,0.5633215104662258,False
4653,0.9559312637896478,98.80081489026762,0.5541647397878867,False
4654,0.9432261548473415,98.80671569307617,0.5457115847711629,False
4655,0.9288391461883214,98.81271366534233,0.5379661984021336,False
4656,0.9127341558073343,98.23061997597709,0.5447199578222275,False
4657,0.8948692308065574,98.74803658874619,0.5411012815939464,False
4658,0.875195788740725,98.74803658874619,0.5388807528619892,False
4659,0.8536576732793313,98.74803658874619,0.5371546023261723,False
4660,0.8301899714180443,98.05287685138191,0.5343362361432801,False
4661,0.804717519321077,97.51303465140958,0.49609885214521104,False
4662,0.7771529943226336,98.0113505283071,0.49012639973386796,False
4663,0.7473944462440387,98.0113505283071,0.48364745328826253,False
4664,0.7473944462440387,97.31821951893835,0.45933079367620894,False
4665,0.7473944462440387,97.93861869047072,0.4503721872818167,False
4666,0.7473944462440387,97.94174400441055,0.4410633515219404,False
4667,0.7473944462440387,97.94504839227558,0.431767262370968,False
4668,0.7473944462440387,97.94853008517264,0.4223536460225353,False
4669,0.7153220528038851,97.41276673688067,0.366795415902533,False
4670,0.6807937753703206,97.8706841285832,0.3523908572542895,False
4671,0.6436394131461666,97.8706841285832,0.3365383821389047,False
4672,0.603652249754401,97.8706841285832,0.3309948711234211,False
4673,0.560576942614533,97.8706841285832,0.314609654186238,False
4674,0.5140912790181235,97.8706841285832,0.2996312953856768,False
4675,0.4637773498877516,97.8706841285832,0.2857204679581333,False
4676,0.40907313904382653,97.8706841285832,0.2998202081398098,False
4677,0.3491843735073079,97.8706841285832,0.29265299786773113,False
4678,0.2829047929798921,97.8706841285832,0.29023282607858086,False
4679,0.208180945557171,97.8706841285832,0.4153426068966185,False
4680,0.12068101401352381,97.8706841285832,0.4135140133372644,False
4681,-0.0,97.8706841285832,0.4123428316561575,False
4682,-0.0,97.8706841285832,0.41174118899374845,False
4683,-0.0,97.8706841285832,0.411616062549734,False
4684,-0.0,97.16597339671802,0.3671608108005219,False
4685,-0.0,97.79176932201844,0.36671472182830517,False
4686,0.12068101401352381,97.79609307408587,0.3668296604713662,False
4687,0.12068101401352381,97.80059983640825,0.3670597300096162,False
4688,0.12068101401352381,97.80528726250397,0.36756248540436326,False
4689,0.12068101401352381,97.81015292733689,0.3681743837674818,False
4690,0.12068101401352381,97.81519433033901,0.36873237697385713,False
4691,0.12068101401352381,97.8204088984959,0.36915209669774307,False
4692,0.12068101401352381,97.42149948340146,0.3587102818620488,False
4693,0.12068101401352381,97.90751859485617,0.3581050517752862,False
4694,0.12068101401352381,97.90751859485617,0.3573647600935304,False
4695,0.12068101401352381,97.90751859485617,0.35700206034142584,False
4696,0.12068101401352381,97.25333811273411,0.334555568797666,False
4697,0.12068101401352381,97.99265167129671,0.3316116861783235,False
4698,0.12068101401352381,97.51321803028945,0.3258110554121577,False
4699,0.24096783080307263,96.41596281896591,0.11644896126554277,False
4700,0.24096783080307263,97.54434441572333,0.10763630740759676,False
4701,0.24096783080307263,97.54434441572333,0.09904814876105031,False
4702,0.24096783080307263,97.54434441572333,0.09072806051218377,False
4703,0.24096783080307263,97.54434441572333,0.13529290196376506,False
4704,0.24096783080307263,97.54434441572333,0.13140439098329731,False
4705,0.24096783080307263,97.54434441572333,0.1279492018506466,False
4706,0.3280668831792932,97.54434441572333,0.12491094521690155,False
4707,0.4023829390456117,97.54434441572333,0.21322456580586077,False
4708,0.46824757305098735,97.54434441572333,0.21303374158617486,False
4709,0.5277139815252946,97.54434441572333,0.24993580476696103,False
4710,0.5819881552488824,97.54434441572333,0.2534143949677703,False
4711,0.6318640827062832,97.54434441572333,0.25706471063240227,False
4712,0.677903479475398,97.54434441572333,0.26083459111831053,False
4713,0.720523936685393,97.54434441572333,0.2646746097738421,False
4714,0.7600473303889541,97.54434441572333,0.2685382405258356,False
4715,0.7967286463062392,97.54434441572333,0.2721746819354217,False
4716,0.830774222099454,97.54434441572333,0.2757784234071297,False
4717,0.8623538561746378,97.54434441572333,0.2793204992496011,False
4718,0.8916091590804429,97.54434441572333,0.2827735734729237,False
4719,0.9186594970880806,97.54434441572333,0.2861118728807807,False
4720,0.9436063339556555,97.54434441572333,0.28931110248539377,False
4721,0.9665364727522964,97.54434441572333,0.34144791677333924,False
4722,0.9875245214535493,97.54434441572333,0.34171770216242187,False
4723,1.006634797484697,97.06841846538858,0.36080535126355623,False
4724,1.0239228180015463,97.4594497714849,0.36090302064728885,False
4725,1.0394364783172854,97.44845245047392,0.3607899463103215,False
4726,1.0532169913190046,97.43762946951274,0.3810228747858919,False
4727,1.0652996405533381,96.71260019814464,0.42256366866203243,False
4728,1.0757143856082798,97.3475637215167,0.43661359395682947,False
4729,1.0844863484244938,96.85369927323613,0.4284574803922776,False
4730,1.0916362019205925,97.2536422043254,0.4359768415293607,False
4731,1.0971804769523517,97.24300548678184,0.44143679681003317,False
4732,1.101131799569232,97.23257293465419,0.471451349417557,False
4733,1.1034990673875957,97.22234870907518,0.4714180867849319,False
4734,1.1042875713905729,97.21233689205219,0.5511186591051936,False
4735,1.1034990673875957,97.20254148192166,0.550087165746652,False
4736,1.1011317995692318,97.19296638886345,0.548826839717481,False
4737,1.0971804769523517,97.18361543048483,0.5473927625663604,False
4738,1.0916362019205925,97.17449232748324,0.5460329432908346,False
4739,1.0844863484244938,97.16560069939723,0.5445758752344878,False
4740,1.0757143856082798,97.15694406045526,0.5431706900387139,False
4741,1.1740287303295331,96.52563096940894,0.5122108455761809,False
4742,1.1740287303295331,97.24198466229326,0.5121553126905033,False
4743,1.1740287303295331,96.58731250860052,0.4873330958522463,False
4744,1.1740287303295331,97.19009017214682,0.48710080797091204,False
4745,1.1740287303295331,97.2102907265904,0.4870271213867522,False
4746,1.1740287303295331,96.68749157265495,0.47122824417120973,False
4747,1.1837864259172868,96.0778189282049,0.3975814705202878,False
4748,1.1837864259172868,96.65790294550153,0.3814467495281284,False
4749,1.1837864259172868,96.67156142927068,0.36750397518613226,False
4750,1.1740287303295331,96.68547562980406,0.35575716885466774,False
4751,1.1625853680826947,96.69964068668766,0.3461706400414063,False
4752,1.1494273147889484,96.27562995438643,0.3007149535936724,False
4753,1.1345201501305104,96.79501348304673,0.32485357307808077,False
4754,1.117823459678909,95.69992471546875,0.14798029363417767,False
4755,1.0992900881316887,96.792795989886,0.14509696102824896,False
4756,1.0788652054651204,96.792795989886,0.14393555788826637,False
4757,1.0564851334286205,96.792795989886,0.1440122326373577,False
4758,1.0320758596256918,96.792795989886,0.14373802712520176,False
4759,1.0055511368474466,96.792795989886,0.1444465436190528,False
4760,0.9186594970880806,96.792795989886,0.14564640761199957,False
4761,0.9186594970880806,96.792795989886,0.1477011530016166,False
4762,0.9186594970880806,96.792795989886,0.15763675523337065,False
4763,0.9186594970880806,96.792795989886,0.16460930175207222,False
4764,0.9186594970880806,96.792795989886,0.17112727640939274,False
4765,0.9186594970880806,96.792795989886,0.17524781634575978,False
4766,0.9186594970880806,96.792795989886,0.17905493627361957,False
4767,0.9436063339556555,96.792795989886,0.2059936711572618,False
4768,0.9665364727522963,96.792795989886,0.2143097456892662,False
4769,0.9875245214535493,96.792795989886,0.22272490804332026,False
4770,1.006634797484697,96.792795989886,0.2311898471908708,False
4771,1.0239228180015463,96.792795989886,0.23966173646872257,False
4772,1.0394364783172854,96.792795989886,0.24840106068512113,False
4773,1.0532169913190046,96.1294893937381,0.22160634635788592,False
4774,1.065299640553338,96.72870341717872,0.23224454233005493,False
4775,1.0757143856082798,96.74359087499448,0.24255229919706364,False
4776,1.0757143856082798,96.75870876822125,0.25236072575968077,False
4777,1.0757143856082798,96.77405177339251,0.26189529172104525,False
4778,1.0757143856082798,96.78961449059251,0.2715240356814148,False
4779,1.0757143856082798,96.80539144895191,0.2808804495581774,False
4780,1.0844863484244938,96.8213771121687,0.2796813415443031,False
4781,1.0844863484244938,96.83756588404408,0.29297455279646856,False
4782,1.0844863484244938,96.46286881327946,0.3006928647593552,False
4783,1.0844863484244938,96.93554679034285,0.30853066208133717,False
4784,1.0916362019205925,96.93554679034285,0.314113788009117,False
4785,1.0971804769523517,96.93554679034285,0.3198370756420758,False
4786,1.1011317995692318,96.93554679034285,0.3185526757926044,False
4787,1.1034990673875957,96.32005548090676,0.30524573495546997,False
4788,1.1042875713905729,97.02657015300593,0.30183792264416337,False
4789,1.1042875713905729,97.04292940210108,0.29718113759014253,False
4790,1.1042875713905729,97.059457594964,0.2914122924384125,False
4791,1.1042875713905729,97.07614911639506,0.28464795529240194,False
4792,1.1042875713905729,97.0929983278309,0.2769873416704113,False
4793,1.1042875713905729,97.10999957248514,0.26846174193735,False
4794,1.1042875713905729,97.12714718042709,0.25924892709037994,False
4795,1.1042875713905729,97.14443547359028,0.24939160163270957,False
4796,1.1042875713905729,97.1618587707036,0.23892645087995176,False
4797,1.1042875713905729,97.17941139213782,0.22788409653349462,False
4798,1.1042875713905729,97.19708766466057,0.21677197451445504,False
4799,1.1042875713905729,97.21488192609371,0.20517978446532448,False
4800,1.1042875713905729,96.89838230991097,0.20766223486724564,False
4801,1.1042875713905729,97.30495272212272,0.18954314147936321,False
4802,0.999806132804711,97.30495272212272,0.17209872686754557,False
4803,0.9982545693874831,97.30495272212272,0.15543716949153966,False
4804,0.9982545693874831,97.30495272212272,0.1424207414196472,False
4805,0.9982545693874831,97.30495272212272,0.1311561045875968,False
4806,0.9982545693874831,96.90256238766041,0.13709218790405076,False
4807,0.9982545693874831,97.21488192609371,0.13766217971775543,False
4808,0.9982545693874831,97.19708766466057,0.14077911046215558,False
4809,0.9982545693874831,97.17941139213782,0.2413367804109192,False
4810,0.9982545693874831,97.1618587707036,0.24725564686755233,False
4811,0.999806132804711,97.14443547359028,0.2533795054106603,False
4812,0.999806132804711,97.12714718042709,0.25887047912987676,False
4813,0.9982545693874831,97.10999957248514,0.26372942540475486,False
4814,0.995148095654003,97.0929983278309,0.2678085703836904,False
4815,0.9904799742690308,97.07614911639506,0.2711074644646337,False
4816,0.9842399889605549,97.059457594964,0.2736277197400135,False
4817,0.976414308115487,97.04292940210108,0.2757684746941549,False
4818,0.976414308115487,97.02657015300593,0.31335347240787464,False
4819,0.9669852958320848,97.01038543431973,0.3158415442450151,False
4820,0.9559312637896478,96.99438079888488,0.31790431525789214,False
4821,0.9559312637896478,96.97856176046805,0.3195430470797279,False
4822,0.9559312637896478,96.96293378845564,0.3207656731715176,False
4823,0.9559312637896478,96.9475023025306,0.3215860122285905,False
4824,0.9559312637896478,96.93227266734057,0.3222505452518977,False
4825,0.9559312637896478,96.91725018716696,0.3230923571042805,False
4826,0.9559312637896478,96.90244010060451,0.32400064516826976,False
4827,0.9559312637896478,96.88784757526193,0.325183440710613,False
4828,0.9559312637896478,96.87347770249325,0.32650600409087327,False
4829,0.9559312637896478,96.19148841946769,0.2656938492093052,False
4830,0.9559312637896478,96.78047916389885,0.3248343749559027,False
4831,0.9559312637896478,96.78047916389885,0.3278576677521333,False
4832,0.9559312637896478,96.78047916389885,0.33109411926844257,False
4833,0.9559312637896478,96.78047916389885,0.3344935603207433,False
4834,0.9559312637896478,96.78047916389885,0.33800838172782305,False
4835,0.9559312637896478,96.78047916389885,0.3415936250640202,False
4836,0.9559312637896478,96.78047916389885,0.34520699157859563,False
4837,0.9432261548473415,96.78047916389885,0.3966689495865021,False
4838,0.9288391461883214,96.26047997160981,0.37416341092962296,False
4839,0.9127341558073343,96.68547562980406,0.37723750101480885,False
4840,0.8948692308065574,96.67156142927068,0.38035820513135793,False
4841,0.8948692308065574,96.65790294550153,0.38276706874128597,False
4842,0.875195788740725,96.64450493061443,0.42659882650195136,False
4843,0.875195788740725,96.63137202341062,0.4307133357587656,False
4844,0.875195788740725,96.61146611466114,0.4341774150636552,False
4845,0.8948692308065574,96.58251371073743,0.467029625452463,False
4846,0.9127341558073343,96.55770635500365,0.46643421843714405,False
4847,0.9127341558073343,96.52825677104887,0.4734232005376589,False
4848,0.9127341558073343,96.50333456835865,0.4799749235068906,False
4849,0.9288391461883214,96.47838052147955,0.48537230671731596,False
4850,0.9288391461883214,95.84481068210468,0.4533804597981867,False
4851,0.9288391461883214,96.35531049950937,0.45646553450417465,False
4852,0.9288391461883214,96.34323123684825,0.4528044994310361,False
4853,0.9288391461883214,96.33147723550606,0.47815663913925843,False
4854,0.9288391461883214,96.32005243691184,0.4751395247407016,False
4855,0.9288391461883214,96.30896060705419,0.4720289484838531,False
4856,0.9288391461883214,96.29820533245865,0.468873823777021,False
4857,0.9288391461883214,95.67030598378707,0.4254363685446532,False
4858,0.9288391461883214,96.19043156365682,0.4402580493692699,False
4859,0.9288391461883214,96.19043156365682,0.43500254067986144,False
4860,0.9288391461883214,96.19043156365682,0.43003136458788954,False
4861,0.9288391461883214,96.19043156365682,0.4255947273554923,False
4862,0.9288391461883214,95.58940707757206,0.37923908421955566,False
4863,0.9127341558073343,96.08082133983405,0.3722810757713902,False
4864,0.8948692308065574,96.07107693750294,0.36590308826810747,False
4865,0.8948692308065574,95.56941253692156,0.37000236833734285,False
4866,0.9127341558073343,96.1230134545966,0.3683336339813915,False
4867,0.9127341558073343,96.7465191505321,0.3562845699416797,False
4868,0.9127341558073343,96.74244199671901,0.3435605596707746,False
4869,0.9127341558073343,96.73867203973572,0.331500854058328,False
4870,0.9127341558073343,96.73521008009743,0.3192164841874412,False
4871,0.9127341558073343,96.7320567442296,0.3315150302390111,False
4872,0.9127341558073343,96.14214148602463,0.32884270499185303,False
4873,0.9127341558073343,95.55940292920313,0.28238233735124896,False
4874,0.9288391461883214,96.0953939677344,0.2794706947970863,False
4875,0.9432261548473415,96.09831316293631,0.27716593160518105,False
4876,0.9559312637896478,96.10159204444652,0.3052744377169635,False
4877,0.9669852958320848,96.10522878865619,0.305464758665237,False
4878,0.976414308115487,95.61064256092446,0.27513334881927803,False
4879,0.976414308115487,96.22992785664417,0.27575291598608664,False
4880,0.9842399889605549,96.26617375231054,0.31718207794530723,False
4881,0.9904799742690308,96.27082660266765,0.31828343555984573,False
4882,0.995148095654003,96.27581120943952,0.3187367608626676,False
4883,0.9982545693874831,96.28112486767617,0.3189567432263298,False
4884,0.999806132804711,96.28676470588235,0.31928654010732815,False
4885,0.999806132804711,95.34466911764706,0.2597548057784652,False
4886,0.9982545693874831,96.28676470588235,0.29840721094018685,False
4887,0.995148095654003,96.28112486767617,0.30028610276142986,False
4888,0.9904799742690308,96.27581120943952,0.3024255873150565,False
4889,0.9842399889605549,96.27082660266765,0.30496854012144703,False
4890,0.976414308115487,96.26617375231054,0.30721740477874304,False
4891,0.9669852958320848,95.60998151571164,0.28235900824594445,False
4892,0.9559312637896478,96.15988909426987,0.2846302648463735,False
4893,0.9559312637896478,96.15988909426987,0.2864534940656068,False
4894,0.9559312637896478,96.15988909426987,0.2878840770851052,False
4895,0.9559312637896478,96.15988909426987,0.28895562991054863,False
4896,0.9559312637896478,95.61415683553088,0.2587182766225657,False
4897,0.9559312637896478,96.05409410892923,0.2582207583388371,False
4898,0.9559312637896478,96.05025265402624,0.2578402019591668,False
4899,0.9559312637896478,96.0467706013363,0.25756574242990715,False
4900,0.9559312637896478,95.41109873793616,0.32476138939368954,False
4901,0.9559312637896478,95.9307720861173,0.39415043698165586,False
4902,0.9559312637896478,95.9307720861173,0.40583657751611774,False
4903,0.9559312637896478,95.9307720861173,0.415884349376171,False
4904,0.9669852958320848,95.9307720861173,0.42423440605837787,False
4905,0.976414308115487,95.9307720861173,0.43131077997673495,False
4906,0.9842399889605549,95.37032737404226,0.45183437833639434,False
4907,0.9904799742690308,95.817843866171,0.46014420970680764,False
4908,0.9904799742690308,95.81531594364625,0.4674861646856133,False
4909,0.9904799742690308,95.81317454410123,0.504802028413104,False
4910,0.995148095654003,95.81142085912413,0.506007439196223,False
4911,0.9982545693874831,95.81005586592178,0.5073832420357032,False
4912,0.999806132804711,95.80908032596042,0.5085279421282616,False
4913,0.999806132804711,95.80849478390462,0.5094720677789755,False
4914,0.9982545693874831,95.80829956685763,0.5102430462677577,False
4915,0.995148095654003,95.80849478390462,0.5108652390681956,False
4916,0.9904799742690308,95.80908032596042,0.5110110197487647,False
4917,0.9842399889605549,95.81005586592178,0.5113320955098702,False
4918,0.976414308115487,95.81142085912413,0.5116142339080567,False
4919,0.9669852958320848,95.81317454410123,0.5270791452310275,False
4920,0.9559312637896478,94.74320803870488,0.4623762173301463,False
4921,0.9432261548473415,94.81564141907286,0.40372394696098934,False
4922,0.9288391461883214,95.35044787145627,0.39130156515401665,False
4923,0.9127341558073343,95.35044787145627,0.3800837516712516,False
4924,0.9127341558073343,95.35044787145627,0.37009736956199785,False
4925,0.9127341558073343,95.35044787145627,0.36136194859876103,False
4926,0.9288391461883214,94.78887554282547,0.30064427609102967,False
4927,0.9288391461883214,95.22555000924385,0.2852456395347613,False
4928,0.9432261548473415,95.21916034769743,0.2708764524809258,False
4929,0.9559312637896478,94.73221718619924,0.21007174237088364,False
4930,0.9669852958320848,95.31871588491072,0.2934251391602752,False
4931,0.976414308115487,95.31871588491072,0.30376020329199144,False
4932,0.9842399889605549,95.31871588491072,0.3141786590263428,False
4933,0.9904799742690308,95.31871588491072,0.32347002024388233,False
4934,0.995148095654003,95.31871588491072,0.33172868895711766,False
4935,0.995148095654003,95.31871588491072,0.37199056132158437,False
4936,0.995148095654003,95.31871588491072,0.37385173048916054,False
4937,0.995148095654003,95.31871588491072,0.37586476256634455,False
4938,0.995148095654003,95.31871588491072,0.37786194599750345,False
4939,0.995148095654003,94.85151262836526,0.4517037879282181,False
4940,0.995148095654003,95.42973448052548,0.4544521866532337,False
4941,0.995148095654003,95.42468541820874,0.4599569763579473,False
4942,0.995148095654003,95.42005921539601,0.4625729793369952,False
4943,0.995148095654003,95.41585715607364,0.4685132010069298,False
4944,0.995148095654003,95.41208028859495,0.47290310196284757,False
4945,0.995148095654003,95.40872942481968,0.4771707076936778,False
4946,0.995148095654003,95.40580513958218,0.48128420062494015,False
4947,0.995148095654003,95.40330777048878,0.4852110343808362,False
4948,0.995148095654003,95.40123741804415,0.5098850391471785,False
4949,0.9904799742690308,94.8471696370856,0.5023775238621292,False
4950,0.9842399889605549,94.2921742340347,0.4574599934139433,False
4951,0.976414308115487,94.79896717078569,0.4495166744289179,False
4952,0.9669852958320848,94.8032801990233,0.4416954489844989,False
4953,0.9559312637896478,94.8080640706987,0.4348393490783076,False
4954,0.9559312637896478,94.81331616700386,0.42893293182094167,False
4955,0.9559312637896478,94.4010655888297,0.3953483840558189,False
4956,0.9559312637896478,94.92155243600331,0.394777044449884,False
4957,0.9559312637896478,94.92155243600331,0.39404139873273414,False
4958,0.9669852958320848,94.92155243600331,0.3935274389551714,False
4959,0.976414308115487,93.8774572845857,0.2811134469435533,False
4960,0.9842399889605549,94.86849365458893,0.2802343417330584,False
4961,0.9904799742690308,94.75932390225978,0.2759993591570949,False
4962,0.995148095654003,95.28752526180415,0.27705481566901047,False
4963,0.9982545693874831,94.72174677337281,0.3218009149743959,False
4964,1.1034990673875957,94.74391034546633,0.31649136978105225,False
4965,1.175193620727556,94.72482408313527,0.31136506497688254,True
4966,1.2788865553104407,94.70574443141852,0.3068462275354758,True
4967,1.3489769002462877,94.68667421668555,0.3025155108025526,True
4968,1.4058471913452353,94.24976258309592,0.26095580129584317,True
4969,1.453804853458493,94.75369105069521,0.2617852723099414,True
4970,1.4503582783395474,94.72848064702484,0.26343533340333986,True
4971,1.4451769172464783,94.70314318975554,0.2652306566230424,True
4972,1.438246763967619,94.67767948780607,0.26732465989022275,True
4973,1.429548787581747,94.65209041217314,0.26890677251229833,True
4974,1.4190586083683698,94.62637689788627,0.27081217194618895,True
4975,1.4067460672215573,94.6005399460054,0.272997694973129,True
4976,1.392574668589913,94.57458062566117,0.27547960786429476,True
4977,1.392574668589913,94.54850007613827,0.31532051428360647,True
4978,1.392574668589913,94.52229950900164,0.3151999541971544,True
4979,1.392574668589913,94.49598021026593,0.33328536025144556,True
4980,1.392574668589913,94.46954354260788,0.3483294064465724,True
4981,1.392574668589913,94.4429909476218,0.360186452093072,True
4982,1.3765008694607097,94.41632394811768,0.3697041941135626,True
4983,1.358473176708591,93.84762511954096,0.3364526193352408,True
4984,1.338431000913252,94.48043257133679,0.34676082170418837,True
4985,1.3163031944543246,94.4579222599601,0.3552051022846349,True
4986,1.2920061720194782,94.43539630836048,0.36166213590848306,True
4987,1.2920061720194782,94.412858080035,0.3667045521642558,True
4988,1.2920061720194782,94.39031103770988,0.3704777621143468,True
4989,1.2920061720194782,94.36775874494151,0.3731111366835261,True
4990,1.2920061720194782,94.34520486770124,0.3737192940667642,True
4991,1.2920061720194782,94.32265317594154,0.3733456299835453,True
4992,1.3163031944543246,94.30010754514066,0.3719711469074125,True
4993,1.3163031944543246,94.27757195782274,0.3702696413384985,True
4994,1.3163031944543246,94.2550505050505,0.3673913606827324,True
4995,1.3163031944543246,94.2325473878872,0.36391162275865474,True
4996,1.3163031944543246,94.21006691882455,0.35988254080915044,True
4997,1.3163031944543246,93.73645045995195,0.32293530817926885,True
4998,1.3163031944543246,94.23008849557522,0.3203151863111642,True
4999,1.3163031944543246,94.93693479295574,0.29850566394029493,True
5000,1.3163031944543246,94.91972202252576,0.27709886939024025,True
5001,1.3163031944543246,94.90257585811666,0.2562119058939464,True
5002,1.3163031944543246,94.88550082002065,0.2556004829060253,True
5003,1.3163031944543246,94.86850152905198,0.23775784054878873,True
5004,1.3163031944543246,94.85158270722995,0.22021929647164637,True
5005,1.338431000913252,94.83474917839648,0.20361340144280135,True
5006,1.358473176708591,94.81800586876444,0.26164632962019196,True
5007,1.3765008694607097,94.8013578073925,0.2513309535526339,True
5008,1.392574668589913,94.78481012658227,0.2600453348752276,True
5009,1.4067460672215573,94.76836806219333,0.253602777385034,True
5010,1.4067460672215573,94.75203695387182,0.24776873878727554,True
5011,1.392574668589913,94.73582224518796,0.2426927029576,True
5012,1.3765008694607097,94.71972948367798,0.2385206030606002,True
5013,1.358473176708591,94.7037643207856,0.23538895304662072,True
5014,1.338431000913252,94.6879325116984,0.2339553661129323,True
5015,1.3163031944543246,94.67223991507431,0.2335902701749686,True
5016,1.3163031944543246,94.65669249265295,0.23439202054627634,True
5017,1.3163031944543246,94.6412963087474,0.2364322595569171,True
5018,1.3163031944543246,94.62605752961083,0.23975255123129244,True
5019,1.338431000913252,94.61098242267339,0.24436326806086137,True
5020,1.338431000913252,94.59607735564394,0.2502448886143318,True
5021,1.338431000913252,94.5813487954718,0.2573513986706555,True
5022,1.338431000913252,94.17772528312373,0.3352707306399748,True
5023,1.338431000913252,94.68531468531468,0.3363606500699705,True
5024,1.338431000913252,94.6465145843633,0.3379205788299562,True
5025,1.2606205540301898,94.60731863898994,0.3673860471510784,True
5026,1.1706718933538656,93.84005763688761,0.3195200894165342,True
5027,1.132529774880598,94.6805414059089,0.37126127356470534,True
5028,1.0850365744330075,94.24908424908425,0.40249923410362054,True
5029,1.0239228180015463,94.77837598642968,0.4383695670766748,True
5030,0.9288391461883214,94.73997913872746,0.46927518953824526,True
5031,0.9432261548473415,94.70118922173717,0.4961386209801762,True
5032,0.9559312637896478,94.6620028895141,0.5195837761375163,True
5033,0.9669852958320848,94.62241683951756,0.5207350923221153,True
5034,0.976414308115487,94.58242781744799,0.548048968821167,True
5035,0.9842399889605549,94.54203262233375,0.5695289786643389,True
5036,0.9904799742690308,94.50122811187703,0.5861047354519979,True
5037,0.995148095654003,94.46001120806982,0.5973598897781638,True
5038,0.995148095654003,94.41837890309012,0.6053317079238792,True
5039,0.995148095654003,94.37632826548962,0.6099692718816411,True
5040,0.9904799742690308,94.33385644668374,0.6122714140256343,True
5041,0.9904799742690308,94.29096068775561,0.6124770618866919,True
5042,0.9904799742690308,93.4885290148448,0.5670954713666005,True
5043,0.995148095654003,94.36583702693488,0.5673734619442805,True
5044,0.9982545693874831,94.3480501632022,0.5668794910043443,True
5045,0.999806132804711,93.83709858911105,0.5482606468316533,True
5046,0.999806132804711,94.37418229393808,0.5479819495187428,True
5047,0.999806132804711,95.29183565508728,0.5145867985914461,True
5048,0.999806132804711,95.2820968458463,0.4822954943419684,True
5049,0.999806132804711,95.27262959978512,0.451650200918628,True
5050,0.999806132804711,95.26344280043305,0.4233418172559274,True
5051,0.999806132804711,95.25454545454545,0.39823141540410933,True
5052,0.999806132804711,95.24594668865073,0.460039359419951,True
5053,0.9982545693874831,94.74850023073374,0.4618511795638425,True
5054,0.9982545693874831,95.35986609633625,0.43296035212591655,True
5055,0.9982545693874831,95.31602708803612,0.4089194332247662,True
5056,0.9982545693874831,95.27162020740177,0.39080935006889067,True
5057,0.9982545693874831,95.22663843710903,0.3799806491335773,True
5058,0.9982545693874831,95.18107476635514,0.37270929563531313,True
5059,0.9982545693874831,95.13492219814852,0.3693802569481829,True
5060,0.9982545693874831,95.08817375709873,0.36845623292267005,True
5061,0.9982545693874831,95.04082249773208,0.3694964933722186,True
5062,0.9982545693874831,94.99286151335917,0.37202350803382994,True
5063,0.9982545693874831,94.94428394552207,0.37554533234895005,True
5064,0.9982545693874831,94.89508299404949,0.38016137143986245,True
5065,0.9982545693874831,94.84525192774902,0.38461093673899865,True
5066,0.995148095654003,94.79478409576743,0.3884949968121465,True
5067,0.9904799742690308,94.74367293964958,0.3914177145680704,True
5068,0.9842399889605549,94.69191200612893,0.3929785978612162,True
5069,0.9842399889605549,94.63949496068224,0.39276080433923005,True
5070,0.976414308115487,94.58641560188299,0.390314630883872,True
5071,0.9669852958320848,94.53266787658802,0.38513387644753666,True
5072,0.9669852958320848,93.62874526460797,0.26944193053905374,True
5073,0.9669852958320848,94.63227605437434,0.26577187126929164,True
5074,0.9669852958320848,94.61709862788788,0.26056682738086573,True
5075,0.9669852958320848,94.60227272727273,0.2536823101331837,True
5076,0.9669852958320848,94.58781362007169,0.24384560309013797,True
5077,0.9559312637896478,94.57373688653081,0.2318354027207605,True
5078,0.9432261548473415,94.5600584154801,0.21978744221047752,True
5079,0.9432261548473415,94.54679439941046,0.20775005505026695,True
5080,0.9432261548473415,94.533961328706,0.19577457567828957,True
5081,0.9432261548473415,94.52157598499062,0.18391625005880052,True
5082,0.9432261548473415,94.5096554335479,0.17223538534051633,True
5083,1.0532169913190046,94.4982170147733,0.16134053343412466,True
5084,1.065299640553338,94.48727833461835,0.14915590788514418,True
5085,1.0709035115879428,94.47685725398678,0.16426065174493815,True
5086,1.0764255818637882,94.46697187704382,0.15856689442187488,True
5087,1.0712154571431864,94.45764053840064,0.15123913606557066,True
5088,1.0651080585256576,94.44888178913737,0.14367346595696015,True
5089,1.0580072882929423,94.44071438163019,0.137527273006224,True
5090,1.049804652642806,94.43315725314913,0.13470142089731926,True
5091,1.0403772129220714,94.42622950819673,0.1370470771610458,True
5092,1.0295850980664145,94.41995039955911,0.14582363937360449,True
5093,1.017268456735826,94.41433930804502,0.16131014762224324,True
5094,1.0032436845753856,94.40941572089113,0.18294568926806634,True
5095,0.987298699737119,94.40519920881604,,True
5096,0.9691869476068812,94.4017094017094,,True
5097,0.9486196756851625,94.398965962947,,True
5098,0.9252558006545715,94.39698856232808,,True
5099,0.8986883355798942,94.39579684763572,,True
5100,0.8684257495284605,94.3954104148279,,True
5101,0.879816581921562,94.39584877687176,,True
5102,0.8454801825506668,94.3971313312416,,True
5103,0.806002635709361,94.3992773261066,,True
5104,0.7603931849390966,94.40230582524272,,True
5105,0.7073436679636536,94.05471496255541,,True
5106,0.6450499982850293,94.5958429561201,,True
5107,0.6567431466322969,94.52440550688361,,True
5108,0.6689128250884093,94.45151033386327,,True
5109,0.6815892897202809,94.3771206980126,,True
5110,0.6948053635662363,94.30119888323206,,True
5111,0.7085966983474103,94.2237061769616,,True
5112,0.7230020642792743,94.14460285132382,,True
5113,0.7380636700495734,94.06384814495254,,True
5114,0.7538275145266043,93.98140024565713,,True
