second,entropy,pct_det,rmse,edge_window
0,0.4586858162005403,95.08018483283502,,True
1,0.4488644887230294,95.14875368533905,,True
2,0.4394969869215134,93.99629727585295,,True
3,0.4305518670104394,94.91127348643006,0.10178442264928367,True
4,0.512709142030877,94.92790937178167,0.09255416188363558,True
5,0.5813214987637028,94.94538989077978,0.09327903459032298,True
6,0.6394571324851641,94.96366825357053,0.09902207158669109,True
7,0.6292492238560345,94.98269896193771,0.10750738881493048,True
8,0.6193821946787638,95.00243783520234,0.11759999960494497,True
9,0.6098403047164004,95.02284202933397,0.1287014031944503,True
10,0.600608575413187,95.04387004979843,0.14047701601462068,True
11,0.6500224216483541,95.06548175865295,0.15272791622375398,True
12,0.693127415328288,95.08763837638377,0.1653282873612472,True
13,0.730926377590601,95.11030247896294,0.17819364148250783,True
14,0.7642045065086203,95.13343799058084,0.191263973037779,True
15,0.7935912300117064,95.15701017249005,0.20449444589368332,True
16,0.8196004346196011,95.1809856083733,0.21785003681629253,True
17,0.8426578772022391,95.20533218662653,0.23130233895987698,True
18,0.863120568566631,95.23001907992368,0.24482758812983954,True
19,0.8812908992306927,95.25501672240803,0.2584054047878197,True
20,0.8974271930876951,95.280296784831,0.27201796804051503,True
21,0.9117517586347537,95.30583214793741,0.2856494577557946,True
22,0.9244571409964927,95.33159687437387,0.29928566742627544,True
23,0.9357110512652843,95.35756617937574,0.3129137283624038,True
24,0.9456603046006401,95.38371640046748,0.3265219080750478,True
25,0.954434002924965,95.41002496639139,0.34009945911398576,True
26,0.9621461334087001,95.43647036546109,0.3536365028851912,True
27,0.9688977092243805,95.46303211351756,0.3671239381642303,True
28,0.9747785474909672,95.48969072164948,0.3805533673557924,True
29,0.9798687566511528,95.51642766382284,0.3939170357266485,True
30,0.9842399889605549,95.54322534454985,0.40720778028599447,True
31,0.9904799742690308,95.57006706671373,0.40720433991239857,True
32,0.9904799742690308,95.59693699965193,0.4064895085240861,True
33,0.9904799742690308,95.62382014758882,0.40703185602630726,True
34,0.9904799742690308,95.65070231849721,0.4073496700182371,True
35,0.995148095654003,95.67757009345794,0.40745412164588785,True
36,0.9982545693874831,95.7044107965767,0.4073560432939267,True
37,1.1034990673875955,95.73121246550885,0.40706592433093575,True
38,1.175193620727556,95.75796382263486,0.4065939088586398,True
39,1.2337244651110395,95.78465424692138,0.40594979520977403,True
40,1.2834031297544843,95.81127374649643,0.4051430369679869,True
41,1.3262610770456722,95.8378129319613,0.40418274530823006,True
42,1.363480673059691,95.864262990456,0.40307769247798697,True
43,1.3958301562928708,95.89061566049014,0.40183631625905414,True
44,1.4238430936939135,95.91686320754717,0.4004667252666248,True
45,1.44790620869417,95.94299840046531,0.3989767049577456,True
46,1.4683074126842999,95.9690144885956,0.397373724234777,True
47,1.4852641811356104,95.99490517973393,0.39566494254168794,True
48,1.498941259446481,96.02066461882156,0.39385721736202006,True
49,1.5094621252684286,96.04628736740598,0.3919571120371983,True
50,1.5169165540634162,96.07176838385212,0.38997090383281724,True
51,1.5213655983156216,96.09710300429184,0.387904592188581,True
52,1.5076213244090613,96.12228692429856,0.38576390709486574,True
53,1.4916094114932357,96.14731618127203,0.383554317545476,True
54,1.4916094114932357,96.17218713751772,0.38128104002214397,True
55,1.4916094114932357,96.19689646400407,0.37894904697171866,True
56,1.4916094114932357,96.22144112478031,0.37656307524188737,True
57,1.473256553252489,96.24581836203693,0.3741276344456922,True
58,1.4524737111892643,96.27002568179039,0.37164701522913046,True
59,1.4291529843613586,96.29406084017383,0.3691252974196614,True
60,1.4031633649036752,96.31792183031459,0.3665663580368032,True
61,1.374344879613302,96.34160686978002,0.3639738791488166,True
62,1.362759877482492,96.36511438857275,0.3613513555622042,True
63,1.3470624465271648,96.3884430176565,0.35870210233302263,True
64,1.3270089026073437,96.41159157799412,0.3560292620912154,True
65,1.3424256522693587,96.43455907007936,0.35333581217096843,True
66,1.3559212235520337,96.45734466394438,0.3506245715418384,True
67,1.3675380544221296,96.4799476896251,0.34789820753687906,True
68,1.3392246071829446,96.50236762806715,0.3451592423752919,True
69,1.3058755112911309,96.5246041024551,0.34241005947835196,True
70,1.2667356005770385,96.54665686994856,0.3396529095783179,True
71,1.2206340886225493,96.56852581380883,0.336889916620998,True
72,1.2263714330738393,96.59021093590006,0.3341230834633965,True
73,1.2304597034223903,96.61171234954992,0.3313542973685499,True
74,1.2329087607099036,96.63303027275452,0.32858533530024453,True
75,1.2337244651110395,96.65416502171338,0.3258178690208239,True
76,1.2329087607099036,96.67511700468019,0.3230534699957023,True
77,1.2304597034223903,96.69588671611598,0.32029361410855106,True
78,1.2263714330738393,96.71647473113163,0.31753968619143413,True
79,1.2206340886225493,96.73688170020688,0.3147929843743965,True
80,1.2667356005770385,96.75710834417394,0.31205472425918657,True
81,1.305875511291131,96.77715544945367,0.3093260429219661,True
82,1.3392246071829446,96.79702386353325,0.30660800274992667,True
83,1.3675380544221296,96.81671449067431,0.30390159511684267,True
84,1.391334586143604,96.8362282878412,0.30120774390259186,True
85,1.378534725137646,96.8555662608391,0.29264046617454625,True
86,1.3637938028246004,96.87472946065276,0.2861569425499383,True
87,1.3470624465271646,96.89371897997604,0.2795759523933348,True
88,1.3282820174272938,96.91253594992386,0.2729041730843136,True
89,1.30738316633364,96.9311815369178,0.2661476142897388,True
90,1.320023576372009,96.94965693973712,0.25931169851404406,True
91,1.3283399146847867,96.96796338672769,0.25240133841691065,True
92,1.3324661355215683,96.98610213316095,0.24542101181053655,True
93,1.3324661355215683,97.00407445873611,0.2383748352950993,True
94,1.3283399146847867,97.02188166521842,0.2312666375828789,True
95,1.320023576372009,97.03952507420715,0.22410003370800352,True
96,1.2842839696213428,97.05700602502704,0.2168785015335708,True
97,1.2449737775841294,97.07432587273699,0.20960546227102086,True
98,1.2449737775841294,97.09148598625066,0.20228436714649844,True
99,1.2449737775841294,97.10848774656306,0.19491879292646283,True
100,1.2449737775841294,97.12533254507834,0.1875125498079763,True
101,1.2449737775841294,97.14202178203348,0.1800698062713049,True
102,1.2449737775841294,97.15855686501338,0.17259523700359114,True
103,1.2449737775841294,97.17493920755257,0.16509420210539444,True
104,1.2449737775841294,97.19117022781944,0.15757296873817475,True
105,1.2449737775841294,96.86332557975611,0.16121975800470942,True
106,1.2842839696213428,97.11396671582052,0.16110431064582184,True
107,1.320023576372009,97.12506994963626,0.16132701716732165,True
108,1.3525074295964727,97.13628762541806,0.1618735595605202,True
109,1.3819829643540342,97.14761607328752,0.16272975098823728,True
110,1.4031633649036754,97.15905163475496,0.16388159438337482,True
111,1.5105595778637129,97.17059066501446,0.16531533503230408,True
112,1.5358534870446794,97.1822295351707,0.16701750561534418,True
113,1.5358534870446794,97.19396463439612,0.16897496281903077,True
114,1.5358534870446794,97.20579237201713,0.1711749152333147,True
115,1.53936535094863,97.21770917952884,0.17360494275649133,True
116,1.53936535094863,97.22971151253707,0.17559783336378232,True
117,1.5358534870446794,97.24179585262733,0.1775988253161687,True
118,1.5358534870446794,97.25395870916016,0.17959172761761275,True
119,1.5358534870446794,97.26619662099242,0.18156143573162636,True
120,1.5358534870446794,97.27850615812476,0.23366378512293773,True
121,1.5358534870446794,97.29088392327466,0.23339728885273903,True
122,1.53936535094863,97.30332655337577,0.2419626887302224,True
123,1.5601481930118548,97.31583072100314,0.2398576926770029,True
124,1.5785010512526014,97.32839313572543,0.23777498862011648,True
125,1.594512964168427,97.34101054538397,0.23571416238097184,True
126,1.6082572380749875,97.3536797372996,0.23367459307194027,True
127,1.6197937842451648,97.36639753940791,0.23165543253972687,True
128,1.6291708748965217,97.37916082132381,0.22965558829956492,True
129,1.6364264608707206,97.39196649533599,0.27691296820266026,True
130,1.6415891485214347,97.40481151733283,0.27430269801476664,True
131,1.6446789025442838,97.41769288766021,0.2853979518771692,True
132,1.6457075197361803,97.43060765191298,0.332092518767004,True
133,1.6446789025442838,97.44355290166075,0.3389858503654491,True
134,1.6415891485214347,97.45652577510985,0.3360738974019855,True
135,1.6364264608707206,97.46952345770225,0.3727600688254008,True
136,1.6291708748965217,97.48254318265343,0.40383978208797444,True
137,1.6197937842451648,97.49558223143013,0.43046666573870623,True
138,1.6082572380749875,97.50863793416985,0.4535379774971672,True
139,1.594512964168427,97.52170767004341,0.4736775492583635,True
140,1.5785010512526014,96.66009440162514,0.4695626638668921,True
141,1.5785010512526014,97.47202652300041,0.4866423938820956,True
142,1.5785010512526014,97.00217916249484,0.49748795621419417,True
143,1.5785010512526014,97.40449964846496,0.5117341307287665,True
144,1.5785010512526014,97.41811399930062,0.5243333576830338,True
145,1.5785010512526014,97.43173517305351,0.5354717448157232,True
146,1.5601481930118548,97.44536070584165,0.5453047273844314,True
147,1.53936535094863,97.45898818400826,0.5539641143216855,True
148,1.5160446241207244,97.47261524418074,0.5615631331550955,True
149,1.4900550046630412,96.65215178419952,0.5458991796513128,True
150,1.4612365193726677,97.41577442681765,0.5523892055691243,False
151,1.4612365193726677,97.75002812464844,0.5502284233671896,False
152,1.4612365193726677,98.14939813252334,0.5262456636196223,False
153,1.4612365193726677,97.75565305433682,0.5235687077125258,False
154,1.4612365193726677,97.41577442681765,0.5264710822496155,False
155,1.4612365193726677,98.16133191322383,0.5015823667741616,False
156,1.4612365193726677,98.16133191322383,0.4769675252507174,False
157,1.4293919531356991,98.16133191322383,0.4568547711481044,False
158,1.3942748060930057,98.16133191322383,0.4992703787051068,False
159,1.3555711097130931,98.16133191322383,0.48550111578730554,False
160,1.3128706538148882,98.16133191322383,0.4743425699429979,False
161,1.265618623258219,98.16133191322383,0.46482579211655595,False
162,1.2130274905872405,98.16133191322383,0.49162555622353277,False
163,1.15389732341272,98.16133191322383,0.5472775434166468,False
164,1.0861806141391561,98.16133191322383,0.541009180143959,False
165,1.0055511368474466,98.16133191322383,0.5359602687250249,False
166,0.8916091590804429,98.16133191322383,0.5521549975865593,False
167,0.8623538561746379,98.16133191322383,0.5451615522259073,False
168,0.830774222099454,98.16133191322383,0.538794218482738,False
169,0.7967286463062392,98.16133191322383,0.5330121689904932,False
170,0.7600473303889541,98.16133191322383,0.563757227848514,False
171,0.7600473303889541,98.16133191322383,0.5589764837135345,False
172,0.6436394131461666,98.16133191322383,0.5547498377673911,False
173,0.603652249754401,98.16133191322383,0.5514581163594892,False
174,0.560576942614533,98.16133191322383,0.548706908514342,False
175,0.5140912790181235,98.16133191322383,0.5464552745120834,False
176,0.4637773498877516,98.16133191322383,0.5446632369287635,False
177,0.40907313904382653,97.66002924963438,0.5397445775015296,False
178,0.3491843735073079,96.87253909326134,0.47801659275817754,False
179,0.2829047929798921,97.5981550230622,0.4706995851992239,False
180,0.208180945557171,97.5981550230622,0.4620187834614552,False
181,0.12068101401352381,97.5981550230622,0.4530067513351473,False
182,-0.0,97.09351543540832,0.4049118376127171,False
183,-0.0,96.76707054693692,0.3033121204050365,False
184,-0.0,97.5748281933322,0.29344602608192305,False
185,-0.0,97.5748281933322,0.2832118373085322,False
186,-0.0,97.16589992616574,0.22926576222587222,False
187,-0.0,97.67138070085761,0.2649659647816957,False
188,-0.0,97.6643500056967,0.2619887705703719,False
189,-0.0,97.65754442095641,0.2589731026637241,False
190,-0.0,96.93480004583476,0.16267776574788878,False
191,-0.0,97.73654277014994,0.1636789439965377,False
192,-0.0,97.73654277014994,0.16506415251450013,False
193,-0.0,97.73654277014994,0.1662447523428354,False
194,-0.0,97.73654277014994,0.16695645749256433,False
195,-0.0,97.73654277014994,0.16780610528738127,False
196,-0.0,97.73654277014994,0.24806803728902463,False
197,-0.0,97.73654277014994,0.24880192802753895,False
198,-0.0,97.73654277014994,0.24943177669528616,False
199,-0.0,97.73654277014994,0.24991863623173413,False
200,-0.0,97.73654277014994,0.2502236007556651,False
201,-0.0,97.73654277014994,0.24996868558255972,False
202,-0.0,97.73654277014994,0.24949466365091325,False
203,-0.0,97.73654277014994,0.24876310244801564,False
204,-0.0,97.73654277014994,0.24773448007281254,False
205,-0.0,97.73654277014994,0.24636772525119402,False
206,-0.0,97.73654277014994,0.24461964823783147,False
207,-0.0,96.94052939154349,0.20011683696094143,False
208,-0.0,97.66325772724676,0.19921971156180418,False
209,-0.0,97.67004671299989,0.19888582308673167,False
210,-0.0,97.67706026012381,0.1985011872371371,False
211,-0.0,97.68429396444344,0.19746142181965728,False
212,-0.0,97.69174332637282,0.19811785232957047,False
213,-0.0,97.69940375745303,0.20945948562539454,False
214,-0.0,97.70727058691631,0.21458397978287808,False
215,-0.0,97.71533906826053,0.21904236998830606,False
216,-0.0,96.82717014858675,0.1643768816963611,False
217,-0.0,97.7209250363088,0.17654099772243617,False
218,-0.0,97.72132152209036,0.18541289281647338,False
219,-0.0,97.72196910767863,0.19328239394023633,False
220,-0.0,97.7228655327165,0.20030247310429036,False
221,-0.0,97.72400839686223,0.2086325701506554,False
222,-0.0,97.7253951643994,0.22085926332034825,False
223,-0.0,97.72702316899088,0.23186985680513428,False
224,-0.0,97.7288896185629,0.24186152758896082,False
225,0.12068101401352381,97.73099160030544,0.2509841440593911,False
226,0.208180945557171,97.73332608577485,0.25935504565366335,False
227,0.2829047929798921,97.73588993608493,0.26550214010391426,False
228,0.3491843735073079,97.73867990717254,0.27115809195182483,False
229,0.40907313904382653,97.74169265512421,0.2763595548546799,False
230,0.4637773498877516,97.74492474155016,0.28113790437223085,False
231,0.5140912790181235,97.61498239248746,0.28593808737663395,False
232,0.560576942614533,97.78923314024553,0.28916052538286585,False
233,0.603652249754401,97.34282829356432,0.28475329980832226,False
234,0.6436394131461666,97.8689482914386,0.28470967613085585,False
235,0.6807937753703206,97.86349832170067,0.28480323930337986,False
236,0.7153220528038851,97.15857501468781,0.2661487423631994,False
237,0.7473944462440387,97.93886182343809,0.2613805160670061,False
238,0.7771529943226336,97.93886182343809,0.2581285815522089,False
239,0.804717519321077,97.93886182343809,0.2536302244374514,False
240,0.8301899714180443,97.93886182343809,0.25177026185174406,False
241,0.8536576732793313,97.43026928636436,0.24836568553468533,False
242,0.875195788740725,98.0191659082392,0.2403702137626353,False
243,0.8948692308065574,98.02228263766726,0.23217903952509986,False
244,0.9127341558073343,98.0255825062364,0.24990234865483382,False
245,0.9288391461883214,98.02906208718626,0.2452634731942455,False
246,0.9432261548473415,98.03271790016306,0.24073666468859575,False
247,0.9559312637896478,98.03654641604273,0.23707708754381554,False
248,0.9669852958320848,98.04054406170202,0.23361708324973549,False
249,0.976414308115487,98.04470722472901,0.22914947483779877,False
250,0.9842399889605549,98.04903225806451,0.2266901922347731,False
251,0.9904799742690308,98.05351548456679,0.22410320697389477,False
252,0.995148095654003,98.05815320149216,0.22077610575212428,False
253,0.9982545693874831,98.06294168488485,0.21746665289067166,False
254,0.999806132804711,98.0678771938698,0.21418693147907522,False
255,0.999806132804711,98.07295597484277,0.23553622576434424,False
256,0.9982545693874831,98.07817426555228,0.23567022687346237,False
257,0.995148095654003,98.08352829906914,0.23596516467962447,False
258,0.9904799742690308,98.08901430763899,0.2364117594881765,False
259,0.9842399889605549,98.05031756191227,0.23855300761681883,False
260,0.9842399889605549,98.12484700122398,0.23820629111523275,False
261,0.9842399889605549,98.1226410470075,0.23838749094694994,False
262,0.976414308115487,98.12061435791746,0.23920092747085753,False
263,0.9669852958320848,98.11876811238272,0.24036630901026046,False
264,0.9559312637896478,97.46325156088687,0.21473518483566084,False
265,0.9432261548473415,98.18942189421894,0.2134226223468481,False
266,0.9288391461883214,98.19524601389024,0.22757084616390863,False
267,0.9127341558073343,98.20117652778453,0.22622661226513077,False
268,0.8948692308065574,98.20720981927128,0.22471841222212519,False
269,0.8948692308065574,98.17972239565823,0.2441563450612037,False
270,0.8948692308065574,98.23389021479714,0.2431795162325729,False
271,0.875195788740725,98.23313117807173,0.30211921015683263,False
272,0.8536576732793313,98.23254036495653,0.3493581486858114,False
273,0.8301899714180443,98.23211811362225,0.3885499338521347,False
274,0.8301899714180443,98.23186466596579,0.42199472191892545,False
275,0.8301899714180443,97.610513739546,0.4369082668772697,False
276,0.8301899714180443,98.29398833986428,0.46019800254591947,False
277,0.8301899714180443,98.30033708398614,0.48083409002633054,False
278,0.8301899714180443,98.30676351287615,0.4987813162721105,False
279,0.8301899714180443,98.31326430211311,0.5141629543127728,False
280,0.8301899714180443,98.31983617239132,0.5275140054574049,False
281,0.8301899714180443,98.32647589108224,0.549684263791481,False
282,0.8301899714180443,98.33318027367068,0.5611596956556851,False
283,0.8301899714180443,98.33994618506864,0.5705420743368924,False
284,0.8301899714180443,98.34677054080986,0.578282121322968,False
285,0.8301899714180443,98.35814853133013,0.584667877087845,False
286,0.8536576732793313,97.7608938547486,0.5834817339990429,False
287,0.875195788740725,98.31440579450953,0.587725516106636,False
288,0.8948692308065574,98.31387808041505,0.5912224367515923,False
289,0.9127341558073343,97.72747606692315,0.5861783436538606,False
290,0.9288391461883214,98.33564493758668,0.5879549777590518,False
291,0.9432261548473415,98.99780770435328,0.5609562183633345,False
292,0.9559312637896478,99.00444444444445,0.5337389063286873,False
293,0.9669852958320848,99.00888888888889,0.5064885798423865,False
294,0.976414308115487,99.01342102924184,0.47922539138702497,False
295,0.9842399889605549,99.01803963387542,0.45368625749328995,False
296,0.9904799742690308,99.0227434257285,0.4281272739807276,False
297,0.9904799742690308,99.02753108348135,0.4023734364034261,False
298,0.995148095654003,99.02569832402234,0.37719617595595123,False
299,0.9982545693874831,99.01943145016193,0.3530448524115108,False
300,0.999806132804711,99.01769951563985,0.32982330510198427,False
301,0.999806132804711,97.76058631921823,0.28829827844400624,False
302,0.999806132804711,99.0053799900538,0.26199794897124995,False
303,0.999806132804711,98.98934717290358,0.23739510289015742,False
304,0.999806132804711,98.97776759110704,0.21412687039167788,False
305,0.999806132804711,98.97073756115573,0.19176866803765594,False
306,0.999806132804711,98.96370649193736,0.17269384276197958,False
307,0.999806132804711,98.95667633573501,0.15472378968042388,False
308,0.999806132804711,98.94964909801705,0.13791560389855329,False
309,0.999806132804711,98.94262683736368,0.12234713283920202,False
310,0.999806132804711,98.93561166531431,0.10812205154941626,False
311,0.999806132804711,98.9286057461324,0.09536658185438139,False
312,0.999806132804711,98.92161129648436,0.08626981613878949,False
313,0.999806132804711,98.91463058502872,0.07937517361893077,False
314,0.999806132804711,98.9076659319128,0.07478762975694364,False
315,0.999806132804711,98.90071970817313,0.07243949330273153,False
316,0.999806132804711,98.89379433503646,0.07204491998670252,False
317,0.999806132804711,98.8868922831187,0.0741560450068916,False
318,0.999806132804711,98.88001607151826,0.07697298197173805,False
319,0.999806132804711,98.87316826680141,0.07999779733370374,False
320,0.999806132804711,98.86635148187688,0.08250748858916639,False
321,0.999806132804711,98.85956837475709,0.0841981438347489,False
322,0.9982545693874831,98.85282164720408,0.08572183175189099,False
323,0.9982545693874831,98.84611404325778,0.08710059118790506,False
324,0.9982545693874831,98.83944834764507,0.08835310505281033,False
325,0.9982545693874831,98.83282738406783,0.08949751834192769,False
326,0.9982545693874831,98.82625401336912,0.09055143397351839,False
327,0.999806132804711,98.81973113157616,0.09153185423925135,False
328,0.999806132804711,98.8132616678197,0.09245507542072882,False
329,0.9982545693874831,98.80684858212948,0.09332878597577694,False
330,0.9982545693874831,98.8004948631058,0.09415519003546971,False
331,0.9982545693874831,98.79420352546772,0.09494145246550362,False
332,0.995148095654003,98.78797760747867,0.09386234095344584,False
333,0.9904799742690308,98.78182016825085,0.09276335710876017,False
334,0.9842399889605549,98.77573428493,0.09162815338713055,False
335,0.9842399889605549,98.76972304976277,0.09044837654047963,False
336,0.9904799742690308,98.76378956704917,0.089224030327772,False
337,0.995148095654003,98.75793694998329,0.0879551718645733,False
338,0.9982545693874831,98.75216831738571,0.08664191361904315,False
339,0.999806132804711,98.74648679033164,0.08528442544558128,False
340,0.999806132804711,98.74089548867936,0.0838829366689793,False
341,0.9982545693874831,98.7353975275037,0.08243773823577422,False
342,0.995148095654003,98.7299960134404,0.08094918495422827,False
343,0.9904799742690308,98.72469404094704,0.07941769785027308,False
344,0.9842399889605549,98.71949468848693,0.07784376667404569,False
345,0.976414308115487,98.71440101464314,0.07622795260077579,False
346,0.9669852958320848,98.70941605416981,0.21592681568128738,False
347,0.9559312637896478,98.70454281398861,0.21599131815341743,False
348,0.9432261548473415,98.69978426913883,0.21598360379530532,False
349,0.9288391461883214,98.6951433586893,0.2407047822688829,False
350,0.9127341558073343,98.69062298162174,0.26227722065808756,False
351,0.8948692308065574,98.68622599269472,0.2819276920520785,False
352,0.875195788740725,98.68195519829777,0.2995296615409264,False
353,0.8536576732793313,98.67781335230642,0.3154232294727936,False
354,0.8301899714180443,98.67380315194767,0.4300683608077469,False
355,0.804717519321077,98.66992723368722,0.44176273524659615,False
356,0.7771529943226336,98.66618816914887,0.45199351948691463,False
357,0.7473944462440387,98.66258846107712,0.4609194087170047,False
358,0.7473944462440387,98.65913053935422,0.46867554088556734,False
359,0.7153220528038851,98.65581675708258,0.4753791830153237,False
360,0.6807937753703206,98.652649386744,0.503234124308285,False
361,0.6436394131461666,98.64963061644666,0.5089036176826588,False
362,0.603652249754401,98.646762546271,0.5140133543114711,False
363,0.603652249754401,98.64404718472576,0.518593116668299,False
364,0.603652249754401,98.6414864453244,0.5226714553421005,False
365,0.603652249754401,98.63908214329305,0.5262760524617754,False
366,0.603652249754401,97.78507971279056,0.48911842023918145,False
367,0.603652249754401,98.56830866294588,0.49179832635910475,False
368,0.603652249754401,98.566763425254,0.4940854770097127,False
369,0.603652249754401,98.16497093023256,0.4844595389187514,False
370,0.603652249754401,98.1550264872435,0.47472690291403447,False
371,0.603652249754401,98.13907933398629,0.4646063365049396,False
372,0.603652249754401,98.129345886407,0.45443697359355884,False
373,0.603652249754401,98.11974270163286,0.44425252994500536,False
374,0.603652249754401,97.23916928575831,0.3350816527744349,False
375,0.603652249754401,98.04150294695481,0.31979747777599443,False
376,0.603652249754401,98.04293315393554,0.30520335480188365,False
377,0.603652249754401,98.04459064327486,0.2917239427324278,False
378,0.603652249754401,98.04647212279318,0.27904490334114473,False
379,0.603652249754401,98.04857419043016,0.26723367228398015,False
380,0.603652249754401,97.64812575574365,0.20980385372607127,False
381,0.603652249754401,98.0096793708409,0.19527443993640967,False
382,0.603652249754401,98.00266311584554,0.1809737116589894,False
383,0.603652249754401,97.99588278033423,0.166927821026502,False
384,0.603652249754401,97.98934108527132,0.16105178614896867,False
385,0.603652249754401,97.98304058146577,0.1486053546873496,False
386,0.603652249754401,97.97698364627499,0.13662949427867296,False
387,0.603652249754401,97.97117248062015,0.1251944982146892,False
388,0.560576942614533,97.96560910632114,0.11438155701618544,False
389,0.5140912790181235,97.96029536375741,0.10428432037905595,False
390,0.4637773498877516,97.95523290986085,0.09500953124001912,False
391,0.40907313904382653,97.95042321644499,0.08656605140306135,False
392,0.3491843735073079,97.94586756887385,0.07918069648250677,False
393,0.2829047929798921,97.94156706507304,0.07297239375898165,False
394,0.208180945557171,97.9375226148836,0.06803170214126149,False
395,0.12068101401352381,97.93373493975903,0.064390093440765,False
396,-0.0,97.93020457280385,0.06199001325749158,False
397,-0.0,97.92693185915154,0.05895299567869578,False
398,-0.0,97.92391695667827,0.057040253416588194,False
399,-0.0,97.92115983704768,0.05608305214456082,False
400,-0.0,97.91866028708134,0.05538268166923567,False
401,-0.0,97.91641791044776,0.05492108404219534,False
402,-0.0,97.91443212966273,0.05466877447873299,False
403,-0.0,97.912702188392,0.05460000092050207,False
404,-0.0,97.709470685972,0.18469445355484476,False
405,-0.0,97.99289520426288,0.18548566257905455,False
406,0.12068101401352381,97.9862183675894,0.18623679670163706,False
407,0.208180945557171,97.9797377830751,0.18694408247276334,False
408,0.2829047929798921,97.97345767575322,0.18760490151867706,False
409,0.3491843735073079,97.96738218011753,0.18821765652096378,False
410,0.40907313904382653,97.96151533373421,0.18878163335424827,False
411,0.4637773498877516,97.95586107091172,0.18934686566774314,False
412,0.5140912790181235,97.95042321644499,0.18985770429357898,False
413,0.560576942614533,97.94520547945206,0.19031522605265214,False
414,0.603652249754401,97.94021144732045,0.1907206132282686,False
415,0.6436394131461666,97.93544457978075,0.1911732820198501,False
416,0.6807937753703206,97.930908203125,0.1915312551681733,False
417,0.7153220528038851,97.92660550458716,0.1924172618546757,False
418,0.830774222099454,97.92253952690281,0.19325064821629184,False
419,0.9129467467841514,97.91871316306484,0.2586128234866319,False
420,0.9822408213425595,97.91512915129151,0.25862535384192303,False
421,1.0128030232541478,97.91179007022299,0.2625613318785931,False
422,1.041018523939755,97.9086983343615,0.26351044935248186,False
423,1.1006987578744163,97.9058561897702,0.26430280329022987,False
424,1.1538530565800798,97.10896960711638,0.19131798674961503,False
425,1.201681991620676,97.81319495922907,0.19113119034855855,False
426,1.2449737775841294,97.81319495922907,0.1908951589419917,False
427,1.2842839696213428,97.81319495922907,0.19062103121831267,False
428,1.3200235763720087,97.81319495922907,0.23731067103764336,False
429,1.3525074295964727,97.81319495922907,0.2404151307072137,False
430,1.3819829643540342,97.81319495922907,0.24242089265341443,False
431,1.408648411160687,97.81319495922907,0.24522715126613262,False
432,1.4326648482653093,97.81319495922907,0.24794062810839926,False
433,1.4541644890966259,97.81319495922907,0.2748434608877104,False
434,1.473256553252489,97.81319495922907,0.2807234706901774,False
435,1.4900315255825651,97.81319495922907,0.2851905133476417,False
436,1.5045643034921028,97.81319495922907,0.2894235146424032,False
437,1.5169165540634162,97.77722433223336,0.29302926709695265,False
438,1.527138493598173,97.77233935742971,0.29640984483759913,False
439,1.5352702332191592,97.07835325365205,0.24599712849576175,False
440,1.541342789057496,97.83966352281418,0.25015626266030394,False
441,1.545378825051491,97.60976545024606,0.2499588008801305,False
442,1.5473931750149272,97.90438349141246,0.2526232778690545,False
443,1.547393175014927,97.89500871698844,0.25520160340784387,False
444,1.545378825051491,97.88576632838928,0.25768600813007353,False
445,1.541342789057496,97.87666295301133,0.26006995767054714,False
446,1.5352702332191592,97.86770530763137,0.2623480800888546,False
447,1.527138493598173,97.85890019283197,0.26451609737209064,False
448,1.5169165540634162,97.15376372890437,0.2257120629764364,False
449,1.5045643034921028,97.57787795196124,0.22436467804417476,False
450,1.4900315255825651,97.59806230236157,0.22330102984795908,False
451,1.473256553252489,97.92101190876673,0.22125692216167395,False
452,1.4541644890966259,97.91835631251689,0.21900141210211382,False
453,1.4326648482653093,97.20996537913244,0.1850307210691015,False
454,1.408648411160687,97.98200163621489,0.17691469940361682,False
455,1.3819829643540342,97.98200163621489,0.17043807498127841,False
456,1.3525074295964727,97.98200163621489,0.17628482067491608,False
457,1.320023576372009,97.98200163621489,0.17124365781525192,False
458,1.2842839696213428,97.98200163621489,0.25861216241472296,False
459,1.2449737775841294,97.98200163621489,0.315633647796346,False
460,1.201681991620676,97.98200163621489,0.35918087982604413,False
461,1.1538530565800795,97.98200163621489,0.37183661881310953,False
462,1.100698757874416,97.98200163621489,0.40966971617692366,False
463,1.041018523939755,97.98200163621489,0.44108965375889675,False
464,0.9727642516015449,97.98200163621489,0.46578313520100556,False
465,0.8916091590804429,97.98200163621489,0.4868931982504109,False
466,0.7771529943226336,97.98200163621489,0.48677729896225735,False
467,0.7473944462440387,97.98200163621489,0.5008042822326925,False
468,0.7153220528038851,97.98200163621489,0.5132479930123853,False
469,0.6807937753703206,97.98200163621489,0.5242784101388218,False
470,0.6436394131461666,97.98200163621489,0.5343239023744761,False
471,0.603652249754401,97.98200163621489,0.5431708637842874,False
472,0.560576942614533,97.98200163621489,0.5510063518912783,False
473,0.5140912790181235,97.98200163621489,0.5578300869124174,False
474,0.4637773498877516,97.98200163621489,0.5637361131058304,False
475,0.40907313904382653,97.98200163621489,0.5645522282421301,False
476,0.3491843735073079,97.58698475630597,0.5636436927701566,False
477,0.2829047929798921,97.99890350877193,0.5655080867832994,False
478,0.208180945557171,98.77872076174705,0.5310807500941006,False
479,0.208180945557171,98.7758489522097,0.514501637138933,False
480,0.208180945557171,98.77313370763153,0.4833971652353028,False
481,0.208180945557171,98.4927415433771,0.47193449016031846,False
482,0.12068101401352381,98.83081634073352,0.4375421672262926,False
483,-0.0,98.82319977584757,0.40560961073815877,False
484,-0.0,98.81565033486076,0.3943354124216563,False
485,-0.0,98.80817253121452,0.3704881967649756,False
486,0.12068101401352381,98.01362088535755,0.42567144293604503,False
487,0.208180945557171,98.73013620885358,0.40958033351079015,False
488,0.2829047929798921,98.73013620885358,0.39482680513055796,False
489,0.2829047929798921,98.73013620885358,0.3808247192698182,False
490,0.4023829390456117,98.73013620885358,0.36760526652811537,False
491,0.48865925334338955,98.73013620885358,0.409049821466238,False
492,0.5621380056254565,98.73013620885358,0.4875180000613099,False
493,0.6271502454482835,98.73013620885358,0.520653455822968,False
494,0.6917244835981394,98.73013620885358,0.5491596197582859,False
495,0.7498765864518437,98.5437932757513,0.687961716838568,False
496,0.8028116417452926,98.66417696064349,0.705865956862709,False
497,0.8513226827573213,98.65616646196084,0.7229861416740574,False
498,0.8959704136014895,98.64825581395348,0.7381802849499075,False
499,0.9371713531760616,97.87063953488372,0.7408493651652596,False
500,0.9371713531760616,98.55377906976744,0.7532491958670605,False
501,0.9371713531760616,98.55377906976744,0.7639617844834964,False
502,0.9371713531760616,98.55377906976744,0.7731417806597175,False
503,0.9371713531760616,98.34076456399386,0.7799665638540825,False
504,0.9371713531760616,97.9813550612934,0.7768854752671185,False
505,0.9371713531760616,98.26785582663817,0.7934956556439368,False
506,0.9371713531760616,97.58750832531636,0.7708673144032704,False
507,0.9371713531760616,98.35079117450412,0.7750431555962242,False
508,0.9371713531760616,98.35079117450412,0.7780837062670858,False
509,0.9371713531760616,98.35079117450412,0.7868964856629709,False
510,0.9371713531760616,98.35079117450412,0.7909943979851706,False
511,0.9371713531760616,97.58750832531636,0.768223686660036,False
512,0.9371713531760616,97.21749426478206,0.7187470494996334,False
513,0.9371713531760616,97.51350551320951,0.6928663082011551,False
514,0.9371713531760616,97.51350551320951,0.6683824510885713,False
515,0.9371713531760616,96.47674504311934,0.5268827946816714,False
516,0.9371713531760616,97.50422080305366,0.5024506607703189,False
517,0.9371713531760616,97.50422080305366,0.4781136585973485,False
518,0.9371713531760616,97.50422080305366,0.4550048807858173,False
519,0.9371713531760616,97.50422080305366,0.4331858205052397,False
520,0.9371713531760616,97.50422080305366,0.4127262531430951,False
521,0.9371713531760616,97.50422080305366,0.3937043635594604,False
522,0.9371713531760616,97.50422080305366,0.3766743424405119,False
523,0.9371713531760616,97.50422080305366,0.3619351969396992,False
524,0.9371713531760616,97.50422080305366,0.34930142957377874,False
525,0.9371713531760616,97.14749023365519,0.3061154208514813,False
526,0.9371713531760616,97.42470213868127,0.3446141407750013,False
527,0.9371713531760616,97.42218260158978,0.337673973441718,False
528,0.9371713531760616,97.42002833494892,0.3322479570584454,False
529,0.9371713531760616,97.18869480470799,0.3398661503050479,False
530,0.9371713531760616,97.32459115230989,0.3346931134954187,False
531,0.9371713531760616,97.31080978713734,0.3301361073492495,False
532,0.9371713531760616,97.29729729729729,0.3261915554849306,False
533,0.9371713531760616,97.28406395838115,0.32284776464362036,False
534,0.9371713531760616,97.2711199938504,0.3197636983291432,False
535,0.9371713531760616,97.25847555795815,0.3164405538353224,False
536,0.9371713531760616,97.24614071833062,0.3592803045952489,False
537,0.9371713531760616,97.23412543825478,0.359971271765114,False
538,0.9371713531760616,97.22243955871997,0.36078627474002894,False
539,0.9371713531760616,97.21109278026553,0.36171403652986767,False
540,0.9371713531760616,97.20009464468806,0.36296910940142235,False
541,0.9371713531760616,97.18945451666535,0.3643529494725963,False
542,0.9371713531760616,97.17918156535558,0.36534084228431846,False
543,0.9371713531760616,97.16928474603301,0.36573816249108604,False
544,0.9752462395674341,97.15977278182254,0.3658175328286306,False
545,1.01044884930661,97.15065414559756,0.36563552033586727,False
546,1.0429842335712594,96.49249538486235,0.31563535726400266,False
547,1.0429842335712594,97.03025925034112,0.31115996968966175,False
548,1.0429842335712594,97.03025925034112,0.3070293303409179,False
549,1.0429842335712594,96.62053427743804,0.27209051868627115,False
550,1.0730208202534555,96.93523671263812,0.26434592885114533,False
551,1.041018523939755,96.93663110248949,0.2573344410601564,False
552,0.9992889743797903,96.93852757754921,0.25109437552563985,False
553,0.9436063339556555,96.94092827004219,0.26979561463933704,False
554,0.8536576732793313,96.94383483703162,0.26683357875472585,False
555,0.8536576732793313,96.94724845327255,0.2642831551131159,False
556,0.8536576732793313,96.32855747313579,0.194499675841721,False
557,0.9436063339556555,96.81699772061218,0.18510418142148993,False
558,0.9992889743797903,96.81699772061218,0.22724647769047437,False
559,1.041018523939755,96.81699772061218,0.22489187167516184,False
560,1.0730208202534555,96.81699772061218,0.22310086090072379,False
561,1.1267251857192595,96.81699772061218,0.22164091103045036,False
562,1.1751172867945407,96.81699772061218,0.2204638177019271,False
563,1.2189859772419214,96.81699772061218,0.2195244419807449,False
564,1.2588874993443833,96.81699772061218,0.21878125687503353,False
565,1.2952336017523502,96.81699772061218,0.24829809387397697,False
566,1.3283399146847867,96.81699772061218,0.2467587903148002,False
567,1.3584547364298434,96.81699772061218,0.266632898151245,False
568,1.3857772327036844,96.81699772061218,0.2662111768487739,False
569,1.493849273012691,96.81699772061218,0.30258671344135474,False
570,1.568458600726827,96.81699772061218,0.3054768833365582,False
571,1.6299970132107466,96.81699772061218,0.30821979220049456,False
572,1.6827821515876717,96.81699772061218,0.31077912084848247,False
573,1.7288522155806236,96.35607728050869,0.29257914579632804,False
574,1.7693970225289424,96.7107411034933,0.29370511852559666,False
575,1.8051930808810681,96.71541792630117,0.2948891671411985,False
576,1.8367831709710667,96.72064115145568,0.29607160304025687,False
577,1.8645643225484185,96.72640968982732,0.31183283537573075,False
578,1.8888360266607536,96.1535313855471,0.27668771931513464,False
579,1.9098288311060592,96.57909812586955,0.27353297769081153,False
580,1.927722315096498,96.57909812586955,0.38194498446555897,False
581,1.942656883962336,96.57909812586955,0.37992218183305654,False
582,1.9547417496396884,96.57909812586955,0.38536649547922336,False
583,1.9640604333502663,96.57909812586955,0.3856155609020531,False
584,1.9706745794934548,96.57909812586955,0.38582935987929334,False
585,1.9746265604944933,96.16171536132254,0.3676198081317572,False
586,1.9759411671299136,96.72640968982732,0.3690323985166122,False
587,1.9746265604944933,96.22718716752598,0.3556101337095828,False
588,1.9706745794934548,96.59546607742041,0.3568575120021511,False
589,1.9640604333502663,96.0173372587504,0.3274341843092673,False
590,1.9547417496396882,96.43761745240624,0.3257327073528533,False
591,1.9426568839623357,96.43323539014038,0.32425853057703674,False
592,1.9277223150964977,96.42944485204207,0.32303847745222986,False
593,1.9098288311060592,96.42624552263106,0.32209523128873485,False
594,1.8888360266607536,96.42363651141999,0.341975863151627,False
595,1.8645643225484183,96.42161635832522,0.3402492450456695,False
596,1.8554357764140001,96.42018304041467,0.33879697027265865,False
597,1.8415220546537463,96.10410604591011,0.32385438714185133,False
598,1.8225272911251393,96.55617388499073,0.32381085424049055,False
599,1.797994397092646,96.54921609827056,0.3237419174554516,False
600,1.7672201704234825,95.30108748579777,0.17892507352988615,False
601,1.7290780519502151,96.44719687092568,0.17897375072364954,False
602,1.6815848515026244,96.11310299869622,0.16290314755880772,False
603,1.6204710950711634,96.58572359843546,0.15874801847682155,False
604,1.5253874232579383,96.58049738219896,0.15512081206016848,False
605,1.5125568756434098,96.57579241254722,0.15141309790751842,False
606,1.5125568756434098,96.57161694412395,0.14758276524450395,False
607,1.5125568756434098,96.56797882897784,0.1435842877510819,False
608,1.5125568756434098,96.56488549618321,0.18174754086985417,False
609,1.5125568756434098,96.56234393207924,0.18070575576184378,False
610,1.5125568756434098,96.56036066121223,0.1793054237001518,False
611,1.5125568756434098,96.5589417280643,0.2680868266579985,False
612,1.5125568756434098,96.55809267965077,0.2729122574218742,False
613,1.5125568756434098,96.55781854906581,0.2772627792323068,False
614,1.5125568756434098,95.880717715441,0.2550308311688408,False
615,1.4966777416164074,96.38340920586748,0.25927766052401907,False
616,1.4776169519137876,96.38127372416702,0.26250504328758606,False
617,1.4552013979602212,96.37974683544304,0.26492719804367965,False
618,1.4552013979602212,96.37883008356546,0.2666238571209644,False
619,1.4776169519137876,96.37852439642073,0.26775950205773513,False
620,1.4966777416164074,96.37883008356546,0.268394075067865,False
621,1.5125568756434098,96.37974683544304,0.2686978144441846,False
622,1.5253874232579383,96.38127372416702,0.2687875596829792,False
623,1.5253874232579383,96.38340920586748,0.2687794852098429,False
624,1.5184387137728148,96.38615112458933,0.2687894788803248,False
625,1.5094621252684286,96.38949671772428,0.2688138649852306,False
626,1.4984244813325358,96.39344262295081,0.2689376766649738,False
627,1.485283726758245,96.39798488664988,0.2692246556419849,False
628,1.469987889434457,95.88096839273706,0.24320431226623634,False
629,1.4524737111892643,96.27229888926287,0.2498462884931168,False
630,1.4524737111892643,96.27758127000169,0.2489725862372226,False
631,1.473256553252489,95.50193374810829,0.1460808121224004,False
632,1.473256553252489,96.10607586438402,0.13344156666071255,False
633,1.473256553252489,96.11390284757118,0.12037357868873444,False
634,1.473256553252489,96.12234664883837,0.10851321954105082,False
635,1.4916094114932357,96.13139903284976,0.21512202000668243,False
636,1.5076213244090613,96.1410512308716,0.21227938980102035,False
637,1.5213655983156216,96.15129396151293,0.2097688691088509,False
638,1.532902144485799,96.16211745244003,0.20771248999675085,False
639,1.542279235137156,96.17351146297213,0.20627945641088904,False
640,1.5495348211113549,96.18546530746465,0.20538749702538722,False
641,1.554697508762069,96.19796787938381,0.20507341405010593,False
642,1.557787262784918,96.21100767597584,0.20506196092560974,False
643,1.5588158799768146,96.22457282343369,0.20541751875569733,False
644,1.557787262784918,96.23865110246433,0.20608353806188762,False
645,1.557787262784918,96.2532299741602,0.21111819772961182,False
646,1.557787262784918,96.2682966060801,0.21354083075532998,False
647,1.557787262784918,96.28383789844627,0.21556458390794137,False
648,1.557787262784918,96.29984051036682,0.25633105146941926,False
649,1.5655280605848254,95.94443557400606,0.2600156318724196,False
650,1.570663071721726,96.21224228863673,0.30030580410025526,False
651,1.5732230293875173,96.20921305182341,0.33555219332549774,False
652,1.5732230293875173,96.2067861715749,0.36721409328069265,False
653,1.570663071721726,96.20496397117694,0.3788251373849561,False
654,1.5655280605848256,96.20374819798174,0.41433349316400764,False
655,1.557787262784918,95.32196365954734,0.4017088322950812,False
656,1.5473931750149272,96.04345068189026,0.43078098020304656,False
657,1.5473931750149272,96.06404795709102,0.4565511623691758,False
658,1.5473931750149272,96.08504628903185,0.4795346502378276,False
659,1.5473931750149272,96.10642946317104,0.48091227843089956,False
660,1.5473931750149272,96.12818125387957,0.48626579760733296,False
661,1.5473931750149272,96.15028544977626,0.5074059160294926,False
662,1.5473931750149272,96.17272587820217,0.52651815544718,False
663,1.5473931750149272,96.19548642878927,0.5304363970418482,False
664,1.5473931750149272,96.21855107608366,0.5406736583678224,False
665,1.5473931750149272,95.94065371290857,0.5487135261948524,False
666,1.545378825051491,96.28798084119144,0.5560401424702239,False
667,1.545378825051491,96.28798084119144,0.5628162651556385,False
668,1.545378825051491,95.52462206256548,0.5525401096265944,False
669,1.557787262784918,96.46759467145637,0.5541503939163811,False
670,1.567632081836135,96.80993456276026,0.5399683515429115,False
671,1.5749691486891673,96.82833062250481,0.5251272892560266,False
672,1.57983878814754,96.84697927384977,0.5095934552237376,False
673,1.5822671693137729,96.61747516072472,0.5067534918664092,False
674,1.5822671693137729,96.96485623003196,0.48376857885068986,False
675,1.57983878814754,96.96485623003196,0.46120045982058727,False
676,1.583393820970492,96.96485623003196,0.43868715497681504,False
677,1.584576851106354,96.96485623003196,0.41655817201725537,False
678,1.5833938209704919,96.96485623003196,0.39476210726057337,False
679,1.5798387881475398,96.16613418530352,0.39680745759480474,False
680,1.5798387881475398,96.65937272064187,0.3938635067277268,False
681,1.5798387881475398,97.00145560407569,0.3702305588201942,False
682,1.5798387881475398,97.00842288701713,0.34701013023415916,False
683,1.5798387881475398,96.11251352326,0.34562429855339527,False
684,1.5738937446297547,96.87679083094555,0.3339145480814474,False
685,1.570663071721726,96.89122856939603,0.322746840722644,False
686,1.565263635906296,96.90590562305736,0.3142584543353133,False
687,1.557672567089349,96.92081082976783,0.30687137380443,False
688,1.5478570234493585,96.93593314763231,0.30059307588509276,False
689,1.5357733028273342,96.95126166609056,0.2954197450469406,False
690,1.5213655983156218,96.96678561625035,0.2899975695689686,False
691,1.5045643034921028,96.98249438049179,0.28507241039790865,False
692,1.5045643034921028,96.99837750135208,0.28115459455401337,False
693,1.5045643034921028,97.01442468970144,0.27822830909445934,False
694,1.5045643034921028,97.0306258322237,0.2747427385711842,False
695,1.5045643034921028,97.0469709982163,0.27189591968625804,False
696,1.5213655983156218,97.06345044572628,0.27022368228116717,False
697,1.5357733028273342,97.08005462704038,0.26907907751615473,False
698,1.5357733028273342,97.09677419354838,0.2684703023328977,False
699,1.5357733028273342,97.1136,0.26961244134600787,False
700,1.5357733028273342,97.13052310817675,0.2709726345714061,False
701,1.5357733028273342,97.14753479000063,0.2720574375362548,False
702,1.5357733028273342,97.16462653010242,0.27285218626271,False
703,1.5357733028273342,97.18179002787241,0.2735989902543634,False
704,1.5357733028273342,97.1990171990172,0.2744056507690773,False
705,1.5357733028273342,97.21630017664616,0.27392214065859427,False
706,1.5213655983156218,97.23363131191108,0.2722310731448391,False
707,1.5213655983156218,97.25100317422292,0.2693983209534285,False
708,1.5213655983156218,97.26840855106889,0.2654753914090581,False
709,1.5045643034921028,97.28584044745364,0.26050083582197375,False
710,1.4900315255825651,97.30329208498716,0.2560240221632978,False
711,1.473256553252489,97.32075690064232,0.2512121034408533,False
712,1.4541644890966259,97.33822854520422,0.2454911379870639,False
713,1.4326648482653093,97.35570088143304,0.23886139798700048,False
714,1.408648411160687,97.37316798196167,0.23311853301278052,False
715,1.3819829643540342,97.39062412694865,0.2268701959949436,False
716,1.3525074295964727,97.40806380150643,0.26418677340857827,False
717,1.3200235763720087,97.4254816929242,0.26246533166920977,False
718,1.2842839696213428,97.44287268770402,0.26076485104759856,False
719,1.2449737775841294,97.46023186842815,0.259096642292069,False
720,1.2259790140555225,97.47755451047456,0.2574719974589914,False
721,1.2014461200230289,97.49483607859753,0.2559021688457967,False
722,1.1706718933538656,97.51207222338861,0.25439834229069497,False
723,1.132529774880598,97.53446033810143,0.2526928957446801,False
724,1.0850365744330073,97.55154639175258,0.25108423120231754,False
725,1.0239228180015463,97.55154639175258,0.2504841085010223,False
726,0.9288391461883214,97.55154639175258,0.250818183211621,False
727,0.9432261548473415,97.55154639175258,0.25200663840783816,False
728,0.9559312637896478,97.55154639175258,0.24908123696538592,False
729,0.9669852958320848,97.55154639175258,0.2540819526273789,False
730,0.9669852958320848,97.55154639175258,0.25908143765391656,False
731,0.9669852958320848,97.55154639175258,0.2640583670216285,False
732,0.9669852958320848,97.55154639175258,0.26899493826576065,False
733,0.9669852958320848,97.55154639175258,0.2738765625443398,False
734,0.9559312637896478,97.55154639175258,0.2786997307638939,False
735,0.9432261548473415,97.55154639175258,0.28345462627057577,False
736,0.9288391461883214,96.78865979381443,0.24832870002216764,False
737,0.9288391461883214,97.66494845360825,0.249133408792998,False
738,0.9288391461883214,97.68013519741896,0.24960287173574128,False
739,0.9288391461883214,97.6953601953602,0.24973201774451287,False
740,0.9288391461883214,97.71061808257947,0.2495147920422318,False
741,0.9288391461883214,97.72590361445783,0.2489441272719201,False
742,0.9288391461883214,97.74121166791323,0.24801189376761382,False
743,0.9288391461883214,97.75653724247226,0.2467088262500545,False
744,0.9288391461883214,97.77187546111848,0.24502442292450832,False
745,0.9288391461883214,97.78722157092615,0.24294681133330664,False
746,0.9288391461883214,97.80257094348775,0.2367260406086409,False
747,0.9288391461883214,97.8179190751445,0.23055599303894014,False
748,0.9432261548473415,97.69933515090639,0.22940038843589639,False
749,0.9559312637896478,97.88658814589665,0.21993922114068748,False
750,0.9669852958320848,97.89324515824279,0.21050020093655505,False
751,0.9669852958320848,97.90002818754111,0.2010565722373313,False
752,0.9669852958320848,97.90693328349842,0.1915768816627153,False
753,0.9669852958320848,97.91395651365917,0.1820236709509487,False
754,0.9559312637896478,97.92109396655272,0.17233846943620187,False
755,0.9432261548473415,97.92834175470831,0.1657225435284568,False
756,0.9288391461883214,97.93569601753745,0.15746155917694823,False
757,0.9127341558073343,97.94315292408282,0.14916615994537932,False
758,0.8948692308065574,97.9507086756342,0.14084950213060737,False
759,0.8948692308065574,97.95835950821143,0.1323625006874995,False
760,0.8948692308065574,97.96610169491525,0.12391524934415148,False
761,0.8948692308065574,97.97393154814684,0.11552644153317776,False
762,0.8948692308065574,97.98184542169737,0.19272681087932841,False
763,0.8948692308065574,97.98983971270911,0.18722201235470926,False
764,0.8948692308065574,97.99791086350974,0.1821336265762906,False
765,0.8948692308065574,98.0060553633218,0.17667789017367344,False
766,0.8948692308065574,97.79411764705883,0.17864848976184866,False
767,0.8948692308065574,97.91955017301038,0.18003837352006946,False
768,0.875195788740725,97.91955017301038,0.18143826021079365,False
769,0.9665364727522964,97.91955017301038,0.18283308836302564,False
770,1.046078320219219,97.91955017301038,0.18421092690729277,False
771,1.1126817966979572,97.91955017301038,0.18556269334423603,False
772,1.1706718933538656,97.91955017301038,0.1868818813224322,False
773,1.2220947914756688,97.91955017301038,0.18816430147759838,False
774,1.2681489963097885,97.91955017301038,0.2386082803058305,False
775,1.2681489963097885,97.76384083044982,0.2410737170239694,False
776,1.2681489963097885,98.01038062283737,0.24508636271051862,False
777,1.2681489963097885,98.01659320715582,0.24912632807733445,False
778,1.2681489963097885,98.02296468963135,0.2508216280751122,False
779,1.2681489963097885,98.02949292859607,0.25638309369374707,False
780,1.2681489963097885,98.03617571059432,0.26131248135646956,False
781,1.2481068205144499,98.04301075268818,0.26566017235287775,False
782,1.2259790140555225,97.2248313551362,0.2421977715572432,False
783,1.201681991620676,97.97847092727581,0.2523881248728915,False
784,1.175117286794541,97.99343765774861,0.2681131954248644,False
785,1.146168329937132,97.93736951983298,0.2711930408351307,False
786,1.114696123966521,98.0522171570659,0.2780313792884416,False
787,1.0805333164475432,98.0522171570659,0.2996452340421143,False
788,1.0434758622197662,98.0522171570659,0.30332449009294665,False
789,1.0032709271829536,98.0522171570659,0.3069830750016551,False
790,0.9595986573441049,98.0522171570659,0.3073042552700351,False
791,0.9120433642792949,98.0522171570659,0.3130578135622238,False
792,0.8600451249809193,98.0522171570659,0.3956491669071816,False
793,0.8028116417452926,98.0522171570659,0.457112063710819,False
794,0.7391385203526044,97.29796933278077,0.475972426581728,False
795,0.7391385203526044,98.14338997099047,0.5274760050990622,False
796,0.7391385203526044,98.15728858177032,0.5704113159231468,False
797,0.7391385203526044,98.17112998040497,0.6071866249152651,False
798,0.7391385203526044,98.12008751316749,0.639915283757773,False
799,0.7391385203526044,98.21873743466023,0.6669967538323814,False
800,0.8028116417452926,98.21873743466023,0.6907877699326894,False
801,0.8600451249809193,98.21873743466023,0.7117174344107774,False
802,0.9120433642792949,97.45878568556493,0.7220760886242228,False
803,0.9120433642792949,98.29915560916767,0.7364968720194315,False
804,0.9120433642792949,98.3998403830806,0.7308376695546283,False
805,0.9120433642792949,98.18834796488427,0.7475063593443324,False
806,0.9120433642792949,98.32003192338388,0.7603701202452047,False
807,0.9120433642792949,97.51695688389988,0.7658995298647029,False
808,0.9120433642792949,98.25343005835042,0.7719575968298248,False
809,0.8600451249809193,98.26011991065481,0.7839650423168691,False
810,0.8028116417452926,98.15391805577192,0.7957273173124156,False
811,0.7391385203526044,98.32010838010451,0.8039617129040579,False
812,0.7391385203526044,99.12908844590672,0.7762924775802932,False
813,0.7391385203526044,99.13448222803508,0.7496094648596505,False
814,0.7391385203526044,99.02901487059903,0.7303736817410733,False
815,0.7391385203526044,99.21744415742289,0.6992036222330751,False
816,0.7391385203526044,99.21744415742289,0.6687075065953896,False
817,0.7391385203526044,99.21744415742289,0.6387746115475497,False
818,0.7391385203526044,99.21744415742289,0.6057964355074245,False
819,0.7391385203526044,99.21744415742289,0.5749264160345483,False
820,0.7391385203526044,99.21744415742289,0.5447424852552374,False
821,0.7391385203526044,99.21744415742289,0.5152947844774793,False
822,0.7391385203526044,99.21744415742289,0.4867762531580994,False
823,0.7391385203526044,99.21744415742289,0.4595602281249535,False
824,0.7391385203526044,98.48807172162286,0.45988813692725555,False
825,0.7391385203526044,99.29721926758852,0.43064374002703387,False
826,0.7391385203526044,99.30164961685101,0.4024058637334259,False
827,0.7391385203526044,99.30607651912979,0.3749771053200429,False
828,0.7391385203526044,99.18005292385673,0.3859404940573228,False
829,0.7391385203526044,99.37786994519331,0.3585260623644365,False
830,0.6857486151292824,99.38253454866216,0.33196364231703757,False
831,0.6271502454482835,99.38717443641934,0.30631198715352426,False
832,0.5621380056254565,99.39178915357324,0.28163947310524523,False
833,0.48865925334338955,99.3963782696177,0.2605011569835589,False
834,0.4023829390456117,99.40094137783483,0.24051445393701693,False
835,0.2829047929798921,99.40547809469885,0.2204820837892121,False
836,0.2829047929798921,99.40998805928216,0.20432210069367504,False
837,0.2829047929798921,99.41447093266416,0.23619451413233658,False
838,0.2829047929798921,99.26209537069266,0.2939244073333843,False
839,0.2829047929798921,99.35696906499827,0.32369940518773166,False
840,0.2829047929798921,99.35790642787727,0.35017985923241074,False
841,0.2829047929798921,99.35888550041585,0.37398479470748336,False
842,0.2829047929798921,99.35990588886582,0.39535849131005824,False
843,0.2829047929798921,99.36096718480138,0.4142991968195395,False
844,0.2829047929798921,99.36206896551724,0.4311482414730576,False
845,0.2829047929798921,99.35632658680986,0.4462575557638789,False
846,0.2829047929798921,99.37469937469938,0.4595624263649657,False
847,0.2829047929798921,99.37098223543236,0.4714412809281454,False
848,0.2829047929798921,98.65804477819496,0.5268315397477379,False
849,0.2829047929798921,99.42999020842076,0.5361894254699997,False
850,0.2829047929798921,99.42999020842076,0.5443831835900219,False
851,0.2829047929798921,99.42999020842076,0.5515210833321248,False
852,0.2829047929798921,99.42999020842076,0.6037505800430645,False
853,0.2829047929798921,99.42999020842076,0.6062710998214105,False
854,0.2829047929798921,99.42999020842076,0.6154797082653001,False
855,0.2829047929798921,99.2936074975521,0.6186716275535354,False
856,0.2829047929798921,99.48943908238914,0.6205702983798311,False
857,0.2829047929798921,98.70960973562737,0.610345041443067,False
858,0.2829047929798921,98.5367569468871,0.5845474013788523,False
859,0.2829047929798921,98.66977994764028,0.5674694663701724,False
860,0.2829047929798921,98.66567036720751,0.5507202819458419,False
861,0.208180945557171,98.66160893215002,0.5343619094436742,False
862,0.12068101401352381,98.65759735118405,0.518462684420489,False
863,-0.0,98.65363735070575,0.5030976310138112,False
864,-0.0,98.6497306740428,0.4883487578204698,False
865,-0.0,98.64587908066169,0.5050889016615799,False
866,-0.0,98.64208434533009,0.5188275491494035,False
867,-0.0,98.63834825723377,0.5083630039080944,False
868,-0.0,97.8576185895064,0.43469426621272633,False
869,-0.0,98.5717457263376,0.4227152398633124,False
870,-0.0,98.5717457263376,0.41181961659313776,False
871,-0.0,98.5717457263376,0.42709756618205924,False
872,-0.0,97.8576185895064,0.3487256923348689,False
873,-0.0,98.63834825723377,0.3438277584403221,False
874,-0.0,98.40153925849182,0.3267126295452118,False
875,-0.0,98.5717457263376,0.32112378077503545,False
876,-0.0,98.5717457263376,0.3166161289822573,False
877,-0.0,98.40153925849182,0.3043874116490384,False
878,-0.0,98.63834825723377,0.3038334215672655,False
879,-0.0,98.63467261904762,0.3336195125643616,False
880,-0.0,98.6310592459605,0.33498158143642315,False
881,-0.0,98.62750996465368,0.3367387800971301,False
882,-0.0,98.62402661223256,0.3388077008423213,False
883,-0.0,98.62061103511172,0.3405093334376036,False
884,-0.0,98.61726508785333,0.34240709767513633,False
885,-0.0,97.83422459893048,0.29723058852829926,False
886,0.12068101401352381,97.83422459893048,0.2512661090208543,False
887,0.208180945557171,98.61726508785333,0.2526475024551905,False
888,0.2829047929798921,98.14744079449962,0.2423171532586792,False
889,0.3491843735073079,98.61726508785333,0.24334300221420013,False
890,0.40907313904382653,98.61399063195884,0.24451951789295165,False
891,0.4637773498877516,97.83076096137603,0.19909478365465638,False
892,0.5140912790181235,98.5448821316133,0.20183266028516914,False
893,0.560576942614533,98.5448821316133,0.20091941890029305,False
894,0.603652249754401,98.5448821316133,0.20684002876981997,False
895,0.6436394131461666,98.5448821316133,0.2123226838845949,False
896,0.6807937753703206,98.5448821316133,0.21608870660844126,False
897,0.7153220528038851,98.5448821316133,0.218428191766287,False
898,0.7473944462440387,98.5448821316133,0.22053090197818706,False
899,0.7771529943226336,97.83076096137603,0.17285858622263034,False
900,0.804717519321077,98.61399063195884,0.17157217645402478,False
901,0.8301899714180443,98.61726508785333,0.1700215196648086,False
902,0.8301899714180443,98.62061103511172,0.16719844701230804,False
903,0.8301899714180443,98.62402661223256,0.16525480165770623,False
904,0.8301899714180443,98.62750996465368,0.16289853286043668,False
905,0.8301899714180443,98.6310592459605,0.16051957638399914,False
906,0.8301899714180443,98.63467261904762,0.15784350153347523,False
907,0.8301899714180443,98.63834825723377,0.2093344475884944,False
908,0.8301899714180443,98.64208434533009,0.20949575991819305,False
909,0.8301899714180443,98.64587908066169,0.20935140697405988,False
910,0.8301899714180443,98.6497306740428,0.20613593664400218,False
911,0.8301899714180443,98.65363735070575,0.20667962826036565,False
912,0.8301899714180443,98.65759735118405,0.2067795321626422,False
913,0.8301899714180443,98.51130833094761,0.2100199202867774,False
914,0.8301899714180443,98.72260176487333,0.20622237672658533,False
915,0.8301899714180443,98.72260176487333,0.20228833096436297,False
916,0.8301899714180443,98.72260176487333,0.19965586329750787,False
917,0.8301899714180443,98.72260176487333,0.19817196940739004,False
918,0.8301899714180443,98.72260176487333,0.1966030587911939,False
919,0.8301899714180443,98.72260176487333,0.1956043212381162,False
920,0.8301899714180443,98.72260176487333,0.19453578879995348,False
921,0.8301899714180443,98.72260176487333,0.19341166589740022,False
922,0.8301899714180443,98.72260176487333,0.19311686698971978,False
923,0.8301899714180443,98.72260176487333,0.1928342042639322,False
924,0.8301899714180443,98.72260176487333,0.19244840551761008,False
925,0.8536576732793313,98.72260176487333,0.19213025664000224,False
926,0.875195788740725,98.72260176487333,0.1918748720296247,False
927,0.875195788740725,98.00028465698833,0.13001342316852943,False
928,0.875195788740725,98.77953316253914,0.1958974248673229,False
929,0.875195788740725,98.78299016486238,0.19549591878773223,False
930,0.875195788740725,98.63876187126274,0.19817785662377074,False
931,0.875195788740725,98.83899846132326,0.19674019697333123,False
932,0.875195788740725,98.83899846132326,0.19559811493641815,False
933,0.875195788740725,98.83899846132326,0.19473146969284896,False
934,0.875195788740725,98.83899846132326,0.19424448696490437,False
935,0.875195788740725,98.83899846132326,0.19398420994944665,False
936,0.875195788740725,98.83899846132326,0.19374113382794206,False
937,0.875195788740725,98.83899846132326,0.19172403117419223,False
938,0.875195788740725,98.83899846132326,0.18984524102503264,False
939,0.875195788740725,98.83899846132326,0.18808787267732296,False
940,0.875195788740725,98.83899846132326,0.18642449750135764,False
941,0.875195788740725,98.83899846132326,0.18480326218628593,False
942,0.875195788740725,98.83899846132326,0.18331807371680273,False
943,0.875195788740725,98.83899846132326,0.18196917393690312,False
944,0.875195788740725,98.83899846132326,0.18088289089074464,False
945,0.875195788740725,98.83899846132326,0.17988070100315703,False
946,0.875195788740725,98.83899846132326,0.17896838472515877,False
947,0.8536576732793313,98.83899846132326,0.17815086857775062,False
948,0.8301899714180443,98.09064204783886,0.09472719081615598,False
949,0.804717519321077,98.8914533501189,0.08897842109545376,False
950,0.7771529943226336,98.89667615016307,0.08293555461562488,False
951,0.7473944462440387,98.90189328743546,0.07655673611231603,False
952,0.7153220528038851,98.90710382513662,0.06977831630371222,False
953,0.6807937753703206,98.91230685822717,0.201361373114579,False
954,0.6436394131461666,98.92086330935251,0.1991487384840891,False
955,0.603652249754401,98.92602228003469,0.1969135727911161,False
956,0.560576942614533,98.92602228003469,0.1948503600919809,False
957,0.5140912790181235,98.73532371687354,0.19473087439826653,False
958,0.5140912790181235,98.87314439946019,0.19464405893793046,False
959,0.5140912790181235,98.87011400651465,0.2751029458752271,False
960,0.5140912790181235,98.86453025069257,0.27496651537878924,False
961,0.5140912790181235,98.85548814120243,0.2749216340172739,False
962,0.5140912790181235,98.84985579763021,0.27744869990401577,False
963,0.560576942614533,98.84421406556459,0.27774964789646317,False
964,0.603652249754401,98.83856391428672,0.2780374420849184,False
965,0.6436394131461666,98.83290634785084,0.2783114600751319,False
966,0.6807937753703206,98.82724240576695,0.2785701496358691,False
967,0.7153220528038851,98.82157316367842,0.2788106426121405,False
968,0.7473944462440387,98.81589973403287,0.27897461495329984,False
969,0.7771529943226336,98.81022326674501,0.2791027201398624,False
970,0.804717519321077,98.80454494985011,0.2791932687932394,False
971,0.8301899714180443,98.79886601014623,0.27924434126712205,False
972,0.8536576732793313,98.79318771382383,0.2792537109715849,False
973,0.875195788740725,97.96984849054476,0.20328274389827122,False
974,0.8948692308065574,98.73679461633895,0.20294934542222381,False
975,0.9127341558073343,98.73679461633895,0.20264747610208914,False
976,0.9288391461883214,98.73679461633895,0.2023758469406471,False
977,0.9288391461883214,98.73679461633895,0.20213313373987846,False
978,0.9432261548473415,98.73679461633895,0.20191797719322369,False
979,0.9559312637896478,97.93498029705971,0.05367727834858155,False
980,0.9669852958320848,98.76656356207279,0.053802376963663065,False
981,0.976414308115487,98.76415671870217,0.053903087018957296,False
982,0.9842399889605549,98.59700233832943,0.03879136226788749,False
983,0.9904799742690308,98.81336405529954,0.036581965661208145,False
984,0.995148095654003,98.80804953560371,0.0345522982873219,False
985,0.9982545693874831,98.80274549567116,0.03264340322851648,False
986,0.9982545693874831,98.79745343079462,0.030855949389791387,False
987,0.9982545693874831,98.79217487723744,0.029203221619033642,False
988,0.9982545693874831,98.78691141260974,0.028254444930023367,False
989,0.9982545693874831,98.7816646562123,0.02763972355387532,False
990,0.9982545693874831,98.77643626934608,0.029740469678143457,False
991,0.9982545693874831,98.77122795558458,0.03199332600096083,False
992,0.9982545693874831,98.7660414610069,0.034356799255641404,False
993,0.9982545693874831,98.76087857438873,0.03731653937321004,False
994,0.999806132804711,98.75574112734864,0.04008762345848699,False
995,0.999806132804711,98.75063099444725,0.042697560760724035,False
996,0.9982545693874831,98.74555009323615,0.04516566739755366,False
997,0.995148095654003,98.74050038425412,0.04750596344411038,False
998,0.9904799742690308,98.73548387096774,0.049728888256100216,False
999,0.9842399889605549,98.73050259965338,0.05184237238842075,False
1000,0.976414308115487,98.72555865921788,0.05385253724793976,False
1001,0.9669852958320848,98.7206541809549,0.055764168494464236,False
1002,0.9559312637896478,98.715791338234,0.057581046226337376,False
1003,0.9432261548473415,98.71097234611953,0.059306181361022364,False
1004,0.9288391461883214,98.70619946091644,0.0608373993852142,False
1005,0.9288391461883214,98.70147497963985,0.06221239683270699,False
1006,0.9288391461883214,98.69680123940581,0.06343380667276531,False
1007,0.9288391461883214,98.69218061674009,0.10836902893273424,False
1008,0.9127341558073343,98.68761552680222,0.11172856038872976,False
1009,0.8948692308065574,98.6831084225221,0.1147477543988673,False
1010,0.875195788740725,98.67866179364633,0.1168768709944892,False
1011,0.875195788740725,98.67427816569165,0.11874060151508478,False
1012,0.875195788740725,98.66996009880296,0.12035755805173523,False
1013,0.875195788740725,98.66571018651364,0.1215844241843573,False
1014,0.875195788740725,98.66153105440539,0.12265058116294672,False
1015,0.875195788740725,98.65742535866615,0.12356523134612699,False
1016,0.875195788740725,98.65339578454332,0.12433699434248656,False
1017,0.875195788740725,98.64944504469109,0.12497403259197268,False
1018,0.875195788740725,98.64557587740978,0.1254841578921684,False
1019,0.8948692308065574,98.64179104477611,0.1258749230662436,False
1020,0.9127341558073343,98.63809333066293,0.12615370194265071,False
1021,0.9288391461883214,98.63448553864758,0.12632776005557966,False
1022,0.9432261548473415,98.63097048980833,0.12640431789912604,False
1023,0.9559312637896478,98.62755102040816,0.1263906081215877,False
1024,0.9669852958320848,98.62422997946612,0.12629392769045805,False
1025,0.976414308115487,98.6210102262163,0.12612168576576221,False
1026,0.9842399889605549,98.61789462745506,0.23748844797214916,False
1027,0.9904799742690308,98.28063757512412,0.2215887303092275,False
1028,0.995148095654003,98.53358561967833,0.22068819216629046,False
1029,0.9982545693874831,98.53057772609546,0.219744410525842,False
1030,0.999806132804711,98.52769214414798,0.2187701222781901,False
1031,0.999806132804711,98.52493185826519,0.21777744801536003,False
1032,0.9982545693874831,98.52229983879634,0.2426423796706938,False
1033,0.995148095654003,98.51979903840959,0.243262408814566,False
1034,0.9904799742690308,98.51743238840012,0.2437286774324547,False
1035,0.9842399889605549,98.51520279491238,0.24405449320180084,False
1036,0.976414308115487,98.51311313508175,0.24425330476402468,False
1037,0.9669852958320848,98.51116625310173,0.24433877695111167,False
1038,0.9669852958320848,98.50936495622298,0.2445316126516346,False
1039,0.9559312637896478,98.50771201069102,0.24466434363388073,False
1040,0.9432261548473415,98.50621013763008,0.24474269303615573,False
1041,0.9288391461883214,98.50486200888089,0.244772614121915,False
1042,0.9127341558073343,98.50367024280068,0.2447603039948803,False
1043,0.8948692308065574,98.50263740003403,0.2447122160593089,False
1044,0.875195788740725,98.50176597926398,0.24463507104063384,False
1045,0.8536576732793313,98.50105841295269,0.29841558227043985,False
1046,0.8301899714180443,97.64860689970823,0.2205092587339792,False
1047,0.804717519321077,98.42096229761428,0.22008722221872984,False
1048,0.7771529943226336,98.42096229761428,0.2198797070640703,False
1049,0.7771529943226336,98.42096229761428,0.21987298572471245,False
1050,0.7771529943226336,98.42096229761428,0.2200534242036573,False
1051,0.7771529943226336,98.42096229761428,0.2204075915480234,False
1052,0.7771529943226336,97.9891991267379,0.19215626230726435,False
1053,0.7771529943226336,98.3270839342371,0.19101147928258633,False
1054,0.7771529943226336,98.32619020039384,0.19023752265330895,False
1055,0.7473944462440387,98.32548403976975,0.18982168976532932,False
1056,0.7153220528038851,98.3249679000817,0.1897483798372358,False
1057,0.6807937753703206,98.32464413332552,0.18932505294044594,False
1058,0.6436394131461666,98.32451499118166,0.1888643706554916,False
1059,0.603652249754401,98.32458262049437,0.18857967716884783,False
1060,0.560576942614533,98.32484905883746,0.18846074302229737,False
1061,0.5140912790181235,98.32531623017994,0.2050747539607181,False
1062,0.4637773498877516,98.32598594066484,0.20879945214302448,False
1063,0.40907313904382653,98.3268598745145,0.21192239279823463,False
1064,0.3491843735073079,98.32793959007552,0.2149452252420835,False
1065,0.2829047929798921,97.60802932868562,0.13495118105303439,False
1066,0.2829047929798921,98.4150897914909,0.13879788364779727,False
1067,0.2829047929798921,98.4150897914909,0.14225518293307188,False
1068,0.2829047929798921,98.4150897914909,0.14535784231739948,False
1069,0.208180945557171,98.4150897914909,0.14813477542481854,False
1070,0.12068101401352381,98.4150897914909,0.15061028386607178,False
1071,-0.0,98.4150897914909,0.1528049564473327,False
1072,-0.0,98.4150897914909,0.15473633486637892,False
1073,-0.0,98.4150897914909,0.15641941412625962,False
1074,-0.0,98.4150897914909,0.1578670231735121,False
1075,-0.0,98.4150897914909,0.15909011680455712,False
1076,-0.0,98.4150897914909,0.15921496909271124,False
1077,0.12068101401352381,98.4150897914909,0.160050202108083,False
1078,0.208180945557171,98.4150897914909,0.1608786020065929,False
1079,0.2829047929798921,98.4150897914909,0.1617008148556627,False
1080,0.4023829390456117,98.4150897914909,0.21303854292801785,False
1081,0.48865925334338955,97.9691454742678,0.19651651313245908,False
1082,0.5621380056254565,98.511510184404,0.19207643135856836,False
1083,0.6271502454482835,98.5136849737176,0.18824472942942438,False
1084,0.6857486151292824,98.5160508782556,0.33664062812029,False
1085,0.7391385203526044,98.51860846335984,0.3349103672645424,False
1086,0.7881133310528374,98.52135815991238,0.35234228049880634,False
1087,0.8332341082038748,98.52430026221111,0.3528091459544153,False
1088,0.8749177494187964,98.52743492606623,0.35335538730755733,False
1089,0.9134853951751389,98.5307621671258,0.35397673672358665,False
1090,0.9491912500871044,98.53428185943824,0.3546688262239731,False
1091,0.9822408213425595,98.53799373425886,0.35542719443220516,False
1092,1.0128030232541478,98.54189737910669,0.3558916571358872,False
1093,1.0128030232541478,98.5459922370772,0.35648891416039513,False
1094,1.0128030232541478,98.55027760641579,0.3572171753053945,False
1095,1.0128030232541478,98.55475264035576,0.37342249303911945,False
1096,1.0128030232541478,98.55941634722394,0.3733141586150299,False
1097,1.0128030232541478,98.56426759081626,0.3731959741786104,False
1098,1.0128030232541478,98.56930509104423,0.37306891205758513,False
1099,1.041018523939755,98.5745274248528,0.3729341103948627,False
1100,1.0670056836533541,97.84939572358228,0.34641154242621724,False
1101,1.090864890696142,98.48775952897428,0.3469842078742206,False
1102,1.1126817966979572,98.48775952897428,0.34756459062143547,False
1103,1.132529774880598,98.48775952897428,0.3481535792038005,False
1104,1.1504718163625702,97.20327421555253,0.205765643112223,False
1105,1.1665620111568704,98.48625845275761,0.2063644921318577,False
1106,1.180846716107336,97.90929958434145,0.17249668256231504,False
1107,1.193365482413587,98.5855201935604,0.16922687815751075,False
1108,1.2041517951932372,98.59128707955814,0.16590887053945816,False
1109,1.2132336634320215,98.59723170504624,0.16254568839782918,False
1110,1.2206340886225493,98.60335195530726,0.15914135732299492,False
1111,1.2263714330738393,98.60964558376264,0.1550143137856971,False
1112,1.2304597034223903,98.61611021472012,0.15156805379118912,False
1113,1.2329087607099036,98.62274334636143,0.14782160427971022,False
1114,1.2337244651110395,98.62954235396255,0.14364855611227392,False
1115,1.2329087607099036,97.95981644549175,0.08903467165251111,False
1116,1.2304597034223903,98.54272603249412,0.08634498755676091,False
1117,1.2263714330738393,98.54272603249412,0.15675364999390198,False
1118,1.2206340886225493,98.54272603249412,0.1565349455892803,False
1119,1.2132336634320215,98.54272603249412,0.1560355619563325,False
1120,1.2041517951932372,98.54272603249412,0.1553015987049297,False
1121,1.193365482413587,98.54272603249412,0.15437294358880202,False
1122,1.1808467161073357,98.54272603249412,0.15328387977067917,False
1123,1.1665620111568704,98.54272603249412,0.15206353023972502,False
1124,1.1504718163625702,98.54272603249412,0.150736187186622,False
1125,1.132529774880598,98.54272603249412,0.14932156191918708,False
1126,1.1126817966979572,98.54272603249412,0.14779917301397258,False
1127,1.090864890696142,98.54272603249412,0.14628039690313818,False
1128,1.0670056836533544,98.54272603249412,0.14478841564017936,False
1129,1.041018523939755,98.54272603249412,0.14334306428033797,False
1130,1.012803023254148,98.54272603249412,0.14196070448736403,False
1131,0.9822408213425595,98.54272603249412,0.1414105862204626,False
1132,0.9491912500871044,98.54272603249412,0.14105353953180422,False
1133,0.9134853951751389,98.54272603249412,0.1409004138472835,False
1134,0.8749177494187964,98.53850477796514,0.14105950141164944,False
1135,0.8332341082038747,98.52811674424456,0.14212804940859777,False
1136,0.7881133310528374,98.52410210933046,0.21062788740006144,False
1137,0.7391385203526044,97.94616660288303,0.16365282873427175,False
1138,0.6669740736911405,98.60638366193565,0.23537818280956518,False
1139,0.5819881552488824,98.59574192713389,0.2864289764757248,False
1140,0.4637773498877516,98.5851209493382,0.3267625803016813,False
1141,0.4637773498877516,98.57452538921369,0.36010441194327575,False
1142,0.4637773498877516,98.56396002911787,0.38835733996760513,False
1143,0.4637773498877516,98.55342977134858,0.412659796898131,False
1144,0.4637773498877516,98.54293963607064,0.4337634659051045,False
1145,0.4637773498877516,98.53249475890985,0.4521908844911185,False
1146,0.4637773498877516,98.52210038820405,0.4683301633917742,False
1147,0.5819881552488824,98.51176188190111,0.46862675836961754,False
1148,0.6669740736911405,98.50148470409502,0.48702168783921673,False
1149,0.7391385203526044,98.49127442119169,0.5031552155919923,False
1150,0.8028116417452926,98.48113669769721,0.5172965699856075,False
1151,0.8600451249809193,98.47107729162263,0.5296638735650978,False
1152,0.9120433642792949,98.46110204950004,0.5404384882417272,False
1153,0.9595986573441049,98.45121690100635,0.542858006910044,False
1154,0.9522481488898976,98.44142785319256,0.5566444707096622,False
1155,0.9371713531760616,98.43174098431741,0.5686036225360916,False
1156,0.9134853951751389,97.81138660655857,0.5579798176905805,False
1157,0.8793939303559065,98.47853119742521,0.5674989198977165,False
1158,0.830774222099454,99.24181082075819,0.5498751128139466,False
1159,0.7473944462440387,99.23737598104546,0.5323913613078396,False
1160,0.7771529943226336,99.23300320202547,0.5150618899087241,False
1161,0.804717519321077,99.22869552194099,0.4979061728181769,False
1162,0.8301899714180443,99.2244559897598,0.48094980680605653,False
1163,0.8536576732793313,99.22028766086298,0.46422552977264486,False
1164,0.875195788740725,99.21619359257286,0.45069127510526735,False
1165,0.8948692308065574,99.21217683952884,0.4380343159501995,False
1166,1.006634797484697,99.20824044891998,0.4254707680217148,False
1167,1.0850365744330075,98.60960914568206,0.4398603137517399,False
1168,1.1504718163625702,99.30151338766007,0.42502265006277906,False
1169,1.2072640872959293,99.29747872921708,0.4111665512851084,False
1170,1.2574580300524587,99.29350812465657,0.39870275905280045,False
1171,1.3022504881911108,99.2896045465309,0.39091750713392587,False
1172,1.3164218868227548,99.28577097055789,0.3840982126080477,False
1173,1.3287344279695676,98.58795372955724,0.38809151981888174,False
1174,1.3392246071829446,99.38256755673162,0.37501721024989315,False
1175,1.347922583568817,99.37993235625704,0.36312025377768836,False
1176,1.3548527368476762,99.37737527290369,0.3524268109205109,False
1177,1.360034097940745,99.37489852248741,0.34295154885856904,False
1178,1.3634806730596907,99.37250427837992,0.3339152788628916,False
1179,1.3652016755898781,99.3701946671029,0.3262147746175889,False
1180,1.3652016755898781,99.36797176393335,0.31982052572892017,False
1181,1.3634806730596907,99.36583758853565,0.3146815959025422,False
1182,1.360034097940745,99.36379410063621,0.3107255085121579,False
1183,1.3548527368476762,99.36184319575668,0.30785930360165054,False
1184,1.347922583568817,98.78646829025018,0.3009854888802667,False
1185,1.3392246071829446,99.449908318053,0.2944607707386095,False
1186,1.3287344279695676,99.44756005691805,0.2894798607261413,False
1187,1.3164218868227548,98.71406959152799,0.2684143555351953,False
1188,1.3022504881911108,99.53590414311029,0.2900875703212065,False
1189,1.2861766890619075,99.53480504102174,0.39630185604088203,False
1190,1.2681489963097885,98.94888530982453,0.41279867494215855,False
1191,1.2481068205144499,99.60927546080013,0.42444759856326775,False
1192,1.2259790140555222,99.60787656636263,0.4351653444353942,False
1193,1.201681991620676,99.60653494140792,0.44504115495638336,False
1194,1.1751172867945407,99.60525186647216,0.45415064809572037,False
1195,1.1461683299371317,99.60402857880692,0.4636182917213387,False
1196,1.114696123966521,99.60286626953294,0.47220351624977897,False
1197,1.0805333164475432,99.6017660808588,0.4799849233725443,False
1198,1.0434758622197662,99.60072910337644,0.48874272977576105,False
1199,1.0032709271829536,99.5997563734447,0.4964703818630695,False
1200,0.959598657344105,99.59884887067237,0.5032641466516325,False
1201,0.9120433642792949,99.59800751551167,0.5100138501266784,False
1202,0.8600451249809193,99.59723316697313,0.5158280204747512,False
1203,0.8028116417452926,99.59652662047189,0.5207968692013086,False
1204,0.7391385203526044,99.59588860581569,0.5253884726504278,False
1205,0.6669740736911406,99.59531978534353,0.5292113357373104,False
1206,0.5819881552488825,99.59482075222408,0.5323437273433237,False
1207,0.4637773498877516,99.59439202892162,0.5348588322240403,False
1208,0.4637773498877516,98.87987299347327,0.5217126822818937,False
1209,0.4637773498877516,98.2007408714059,0.44408880348894003,False
1210,0.4637773498877516,98.80931381195978,0.425771852220006,False
1211,0.4637773498877516,98.80931381195978,0.4073952872687986,False
1212,0.4637773498877516,98.80931381195978,0.38899050661619944,False
1213,0.4637773498877516,98.80931381195978,0.37059555377747866,False
1214,0.4637773498877516,98.80931381195978,0.35225686443875864,False
1215,0.4637773498877516,98.80931381195978,0.33255921048070125,False
1216,0.4637773498877516,98.80931381195978,0.3131703825852529,False
1217,0.4637773498877516,98.80931381195978,0.29418426610264037,False
1218,0.4637773498877516,98.80931381195978,0.2736288988767813,False
1219,0.4637773498877516,98.80931381195978,0.25366770837286257,False
1220,0.5140912790181235,98.80931381195978,0.2342704739353001,False
1221,0.560576942614533,98.80931381195978,0.21358683587065044,False
1222,0.603652249754401,98.80931381195978,0.1935670760254739,False
1223,0.6436394131461666,98.80931381195978,0.1742309431765885,False
1224,0.6436394131461666,98.80931381195978,0.15560057479599979,False
1225,0.6436394131461666,98.80931381195978,0.1377009845221006,False
1226,0.6436394131461666,98.80931381195978,0.12056070805428652,False
1227,0.603652249754401,98.80931381195978,0.10421268435905197,False
1228,0.560576942614533,98.80931381195978,0.0886955024747627,False
1229,0.5140912790181235,98.80931381195978,0.17254082669890797,False
1230,0.4637773498877516,98.80931381195978,0.1679295055416271,False
1231,0.40907313904382653,98.80931381195978,0.16474496170044162,False
1232,0.3491843735073079,98.80931381195978,0.16285220016694582,False
1233,0.3491843735073079,98.80931381195978,0.22967126022188178,False
1234,0.3491843735073079,98.80931381195978,0.22957848475342912,False
1235,0.40907313904382653,98.80931381195978,0.22982716489464117,False
1236,0.4637773498877516,98.80931381195978,0.26718887774993183,False
1237,0.5140912790181235,98.80931381195978,0.26739454307495,False
1238,0.560576942614533,98.80931381195978,0.26767063790249973,False
1239,0.603652249754401,98.80931381195978,0.29715052898886374,False
1240,0.6436394131461666,98.80931381195978,0.29978221344062617,False
1241,0.6807937753703206,98.80931381195978,0.3023957376872127,False
1242,0.7153220528038851,98.80931381195978,0.3049949631422851,False
1243,0.7473944462440387,98.80931381195978,0.3075833804350546,False
1244,0.7771529943226336,98.80931381195978,0.3101641274370398,False
1245,0.804717519321077,98.80931381195978,0.3127400047184465,False
1246,0.8301899714180443,98.80931381195978,0.3153134888275324,False
1247,0.8536576732793313,98.80931381195978,0.31788674374540804,False
1248,0.875195788740725,98.80931381195978,0.32046163083334667,False
1249,0.8948692308065574,98.11237540795625,0.2829637824378629,False
1250,0.9127341558073343,98.71229493737873,0.2854321027004649,False
1251,0.9288391461883214,98.70381800546689,0.2878390971673822,False
1252,0.9432261548473415,98.69557553322757,0.29065147142412734,False
1253,0.9559312637896478,98.04250066131735,0.2452004594967992,False
1254,1.065299640553338,98.66819544893279,0.2494948487959711,False
1255,1.1412418450836315,98.66807797477287,0.2536887925748837,False
1256,1.2041517951932372,98.1301816898924,0.21929406084403527,False
1257,1.2583494426149708,98.76554095758752,0.2242581360734203,False
1258,1.305875511291131,98.77370974856639,0.23316895852056543,False
1259,1.347922583568817,98.13785191068749,0.20567510235347858,False
1260,1.3852702053381707,98.87015623620796,0.21113654358945524,False
1261,1.418464503832282,98.87234604880628,0.21606381655294887,False
1262,1.44790620869417,98.87472527472528,0.22047763000611478,False
1263,1.4738989153366922,98.8772914656609,0.22439513009941492,False
1264,1.4966777416164074,98.88004199842506,0.22669455597418964,False
1265,1.5164273757656148,98.88297408150798,0.2285642032314853,False
1266,1.5332939593741384,98.88608476198765,0.23002137300238906,False
1267,1.547393175014927,98.88937093275489,0.23031619742281498,False
1268,1.5588158799768146,98.89282934002249,0.2505535613066596,False
1269,1.567632081836135,98.89645659108544,0.24859502197520505,False
1270,1.5738937446297547,98.90024916229916,0.24592326762382535,False
1271,1.577636732431408,98.90420340724253,0.24305770609593833,False
1272,1.578882083461779,98.52452025586354,0.23944970799061072,False
1273,1.577636732431408,98.93806813354855,0.23455158786279598,False
1274,1.5738937446297547,98.9399592944369,0.22958064737165215,False
1275,1.567632081836135,98.9420228523064,0.22453959462379347,False
1276,1.5588158799768146,98.94425675675676,0.21943017409301208,False
1277,1.547393175014927,98.94665880171905,0.21425315306183054,False
1278,1.5332939593741384,98.44485541358439,0.20424670183126648,False
1279,1.5164273757656148,99.02741678544479,0.19274026253344187,False
1280,1.4966777416164074,99.03180035055505,0.1825608722039559,False
1281,1.4919310878474152,99.03630472709146,0.17224492115266016,False
1282,1.4852641811356104,99.04092600248036,0.1617871320509293,False
1283,1.4766549183659508,99.0456602221308,0.15115119280639108,False
1284,1.4660741214574513,99.05050339690595,0.14218102987384276,False
1285,1.4400831784759722,99.05545151046331,0.13326866162119783,False
1286,1.4109839980999699,99.06050052644368,0.12440844714356736,False
1287,1.378534725137646,99.06564639548932,0.11710882471119441,False
1288,1.3424256522693587,98.41078738261498,0.04839395191824519,False
1289,1.3022504881911108,98.99240303878449,0.04112414429743209,False
1290,1.2574580300524587,98.98828965187604,0.03691338803806345,False
1291,1.2072640872959293,98.98436880107911,0.03304005634049048,False
1292,1.1504718163625702,98.98064006321611,0.029487964818679286,False
1293,1.0850365744330075,98.97710284050673,0.1064305796885597,False
1294,1.006634797484697,98.97375636506071,0.10616325550798864,False
1295,0.8948692308065574,98.97059970365748,0.10587213248251934,False
1296,0.875195788740725,98.96763176278817,0.19834760085737935,False
1297,0.8536576732793313,98.96485129393588,0.19886454452925006,False
1298,0.8301899714180443,98.96225689906987,0.1992632719020141,False
1299,0.804717519321077,98.95984703632887,0.19991878685228945,False
1300,0.7771529943226336,98.95762002586929,0.20163359914960174,False
1301,0.7473944462440387,98.95557405585409,0.20249185966724234,False
1302,0.7153220528038851,98.95370718855852,0.2032427846972134,False
1303,0.6807937753703206,98.95201736656935,0.20391310216142566,False
1304,0.6436394131461666,98.95050241905471,0.2044828928239218,False
1305,0.603652249754401,98.94916006808259,0.20496174753653912,False
1306,0.560576942614533,98.94798793496653,0.2058288690614812,False
1307,0.5140912790181235,98.94698354661791,0.20593813217083093,False
1308,0.4637773498877516,98.94614434188532,0.20602384872757573,False
1309,0.40907313904382653,98.94546767786204,0.20602150287624765,False
1310,0.3491843735073079,98.9449508361444,0.20601352746194332,False
1311,0.2829047929798921,98.94459102902374,0.20600250914602258,False
1312,0.208180945557171,98.94438540559688,0.20599069280210433,False
1313,0.12068101401352381,98.4968242766408,0.17829448168389506,False
1314,-0.0,98.89646446896745,0.17803429526718173,False
1315,-0.0,98.90102197956041,0.17787416114793933,False
1316,-0.0,98.17840506153098,0.0584329100598992,False
1317,-0.0,98.82612898770888,0.05604196546879685,False
1318,-0.0,98.8274017691833,0.05417388207369927,False
1319,-0.0,98.82881655998911,0.051435715140883784,False
1320,-0.0,98.78115211766308,0.04414012861060437,False
1321,-0.0,98.80838894184939,0.040143560186151894,False
1322,-0.0,98.80838894184939,0.0365524124971892,False
1323,-0.0,98.80838894184939,0.03347610654850878,False
1324,-0.0,98.80838894184939,0.030282493083530888,False
1325,-0.0,98.80838894184939,0.1293075400747655,False
1326,-0.0,98.78115211766308,0.15825325212349275,False
1327,-0.0,98.82881655998911,0.1583867105096573,False
1328,0.12068101401352381,98.8274017691833,0.15854880265553914,False
1329,0.24096783080307263,98.82612898770888,0.15873773006571387,False
1330,0.3280668831792932,98.82500173816311,0.15895147408727092,False
1331,0.4023829390456117,98.8240235195296,0.1824823575863223,False
1332,0.46824757305098735,98.82319780142343,0.18508190352317383,False
1333,0.5277139815252946,98.82252801815861,0.18775725422040945,False
1334,0.5819881552488824,98.82201756264725,0.19050301914688714,False
1335,0.6318640827062832,98.82166978014082,0.19331331286193487,False
1336,0.677903479475398,98.82148796182489,0.22417684198179175,False
1337,0.720523936685393,98.82147533828022,0.22480771689013257,False
1338,0.7600473303889541,98.82163507282442,0.2254206434747203,False
1339,0.7967286463062392,98.82197025474893,0.22601042334881166,False
1340,0.830774222099454,98.82248389246834,0.22657156779174784,False
1341,0.8623538561746378,98.82317890659914,0.22709827315218942,False
1342,0.8916091590804429,98.82405812298704,0.22758439482623954,False
1343,0.9186594970880806,98.82512426570267,0.22802341966567638,False
1344,0.9436063339556555,98.8263799500265,0.22851186806357834,False
1345,0.9665364727522964,98.23413000456691,0.1909567691917509,False
1346,0.9875245214535493,98.36090569489974,0.1674066273843706,False
1347,1.006634797484697,98.82595105588167,0.1678455878723821,False
1348,1.0239228180015463,98.82595105588167,0.16826784685163976,False
1349,1.0394364783172854,98.82595105588167,0.168673275810964,False
1350,1.0532169913190046,98.82595105588167,0.237570199184963,False
1351,1.0652996405533381,98.38377677822673,0.22059517819948923,False
1352,1.0757143856082798,98.90981169474728,0.2191928199839756,False
1353,1.0844863484244938,98.91586501755994,0.21788866852461333,False
1354,1.0916362019205925,98.92210075682287,0.21670071490183734,False
1355,1.0971804769523517,98.92851676105924,0.21564635690320133,False
1356,1.101131799569232,98.27797336598806,0.18473501294690017,False
1357,1.1034990673875957,98.84432879228532,0.18516329589749247,False
1358,1.1042875713905729,98.84432879228532,0.1858270650423744,False
1359,1.1034990673875957,98.84432879228532,0.1867369050791772,False
1360,1.1011317995692318,98.84432879228532,0.1879002376126838,False
1361,1.0971804769523517,98.84432879228532,0.21187780876774173,False
1362,1.0916362019205925,98.84432879228532,0.21134498032458182,False
1363,1.0844863484244938,98.84432879228532,0.210841349059524,False
1364,1.0757143856082798,98.84432879228532,0.23706961013252736,False
1365,1.065299640553338,98.84432879228532,0.2365523201611578,False
1366,1.0532169913190046,98.84432879228532,0.236045224929937,False
1367,1.0394364783172854,98.84432879228532,0.23554418351949205,False
1368,1.0239228180015463,98.84432879228532,0.2350591294119234,False
1369,1.0850365744330075,98.84432879228532,0.2346110367260478,False
1370,1.132529774880598,98.02842732691425,0.16432112590187073,False
1371,1.1706718933538656,98.82514494964907,0.16370288910977288,False
1372,1.2014461200230289,98.83490709716723,0.16297220554559658,False
1373,1.2014461200230289,98.84480924152606,0.16212908087460626,False
1374,1.2014461200230289,98.85484604883968,0.18497085594111842,False
1375,1.2014461200230289,98.86501210653753,0.1834837113377168,False
1376,1.2014461200230289,98.87530193236715,0.18225683511822582,False
1377,1.2014461200230289,98.88570998343623,0.18116649580037883,False
1378,1.2014461200230289,98.89623066526505,0.17980403749095167,False
1379,1.2014461200230289,98.9068583408206,0.19794077711648767,False
1380,1.2014461200230289,98.91758733950432,0.19735408383958436,False
1381,1.2014461200230289,98.35771872200657,0.17113890536269855,False
1382,1.2014461200230289,98.82800836070469,0.17145177345220403,False
1383,1.2014461200230289,98.82800836070469,0.19903076954345242,False
1384,1.2014461200230289,98.3052112886367,0.1690052858530201,False
1385,1.2014461200230289,98.76810512169628,0.1717602570112383,False
1386,1.2014461200230289,98.7757539564049,0.17445936848614535,False
1387,1.2014461200230289,98.78358208955224,0.17712399179983865,False
1388,1.2014461200230289,98.79158585707891,0.17975580003358996,False
1389,1.1706718933538656,98.79976144326822,0.24234125460731898,False
1390,1.1899285414712581,98.80810488676997,0.24425109917894242,False
1391,1.2072640872959293,98.81661208693063,0.24650362672377008,False
1392,1.222731822382257,98.82527881040892,0.24850960340085276,False
1393,1.236377240345227,98.83410069805436,0.25072658847971785,False
1394,1.2482389571842902,98.36625575523541,0.237293038388091,False
1395,1.2583494426149708,98.72270904500223,0.24420768364310116,False
1396,1.2667356005770385,98.72270904500223,0.2507490248481981,False
1397,1.2734192269994744,98.72270904500223,0.2569587290286664,False
1398,1.278417365535648,98.72270904500223,0.26287253585286197,False
1399,1.2817425764699486,98.35882964503193,0.2542880272865382,False
1400,1.2834031297544843,98.82667458785089,0.2591110816504522,False
1401,1.2834031297544843,98.817843866171,0.264253793189396,False
1402,1.2817425764699486,98.80916939565347,0.27228158139577974,False
1403,1.278417365535648,98.3015494636472,0.25547943466394896,False
1404,1.2734192269994746,98.87431042194721,0.25623951811364637,False
1405,1.2667356005770385,98.87431042194721,0.25644458859562314,False
1406,1.2583494426149708,98.87431042194721,0.2564622687868048,False
1407,1.2482389571842902,98.87431042194721,0.25629329271925233,False
1408,1.2852748466470731,98.87431042194721,0.25593787457249173,False
1409,1.3164218868227548,98.00921111276185,0.19936498927338916,False
1410,1.3424256522693587,98.84547069271758,0.1981138494528784,False
1411,1.3637938028246004,98.85726924211147,0.19623834942780716,False
1412,1.3808832571151748,98.8691437802908,0.19468094328481078,False
1413,1.3939473942522724,98.88108819657745,0.20942320818919202,False
1414,1.4031633649036754,98.52898339644625,0.2069779659249398,False
1415,1.408648411160687,98.99216937354988,0.2698018313246968,False
1416,1.410469497157276,98.99551958375488,0.26442757546163204,False
1417,1.408648411160687,98.99899179029238,0.2591055681124208,False
1418,1.4031633649036754,99.00258323765786,0.25382360731680964,False
1419,1.3939473942522724,99.00629110666286,0.24856904928366322,False
1420,1.3808832571151748,99.0101125195841,0.24290089165402556,False
1421,1.3637938028246004,99.01404454532558,0.23721112031262345,False
1422,1.3424256522693587,98.48205419208398,0.245020409423928,False
1423,1.3164218868227548,98.93601929351681,0.24236143319963846,False
1424,1.2852748466470731,98.93601929351681,0.3217589022066107,False
1425,1.2482389571842902,98.93601929351681,0.32091252228987627,False
1426,1.2041517951932372,98.93601929351681,0.32008841069399724,False
1427,1.150999540671385,98.93601929351681,0.31928960311403676,False
1428,1.0844863484244938,98.93601929351681,0.3185195837810463,False
1429,0.9842399889605549,98.93601929351681,0.3177823184075643,False
1430,0.9842399889605549,98.93601929351681,0.3172792699670025,False
1431,0.9842399889605549,98.93601929351681,0.3167554713104425,False
1432,0.9842399889605549,98.74724179656916,0.31607647287720525,False
1433,1.0844863484244938,98.46450507070419,0.30459553549478746,False
1434,1.1590956761386297,98.98258938167228,0.303262904647456,False
1435,1.2206340886225493,98.03682739843806,0.24219005029162607,False
1436,1.2263714330738393,98.91810561008813,0.2413627163240005,False
1437,1.2304597034223903,98.91810561008813,0.2405318721556577,False
1438,1.2329087607099036,98.91810561008813,0.2397071501111616,False
1439,1.2337244651110395,98.91810561008813,0.26125902643726745,False
1440,1.3366016952927882,98.91810561008813,0.39553365948540853,False
1441,1.4058471913452353,98.91810561008813,0.40871279260675075,False
1442,1.4618413287973957,98.45943416600677,0.41043913182002023,False
1443,1.5088891227230308,98.80668257756564,0.42094691122782213,False
1444,1.5490147662086629,97.8881897736313,0.37352889864468125,False
1445,1.5833924792923733,98.72712808273667,0.38265853817176687,False
1446,1.612781330590971,98.72712808273667,0.391937608137378,False
1447,1.6377045139691646,98.72712808273667,0.39995571940097013,False
1448,1.6585369560613925,98.72712808273667,0.4068508343183614,False
1449,1.6755530741995286,98.72712808273667,0.4127413831472828,False
1450,1.6889548098278868,98.72712808273667,0.4177308965417541,False
1451,1.6988889003371042,98.72712808273667,0.4219113790309207,False
1452,1.705457785158013,98.72712808273667,0.4253658240813572,False
1453,1.7087264489760452,98.72712808273667,0.42850380159792006,False
1454,1.7087264489760452,98.72712808273667,0.4311156164707873,False
1455,1.705457785158013,98.72712808273667,0.4339948416221975,False
1456,1.6988889003371042,98.72712808273667,0.4644357106766289,False
1457,1.6889548098278868,98.72712808273667,0.46823935284994717,False
1458,1.6755530741995286,98.72712808273667,0.5370089936693883,False
1459,1.6585369560613925,98.2564475118053,0.5308521409114123,False
1460,1.6377045139691644,97.37740646567381,0.44422604181962666,False
1461,1.6127813305909708,98.191064293498,0.43567888140975064,False
1462,1.5833924792923733,98.191064293498,0.42757295083831875,False
1463,1.5490147662086629,98.191064293498,0.41962032681442474,False
1464,1.5088891227230308,98.191064293498,0.4113968496958797,False
1465,1.4618413287973957,98.191064293498,0.403793667432366,False
1466,1.453804853458493,98.191064293498,0.3953463039414463,False
1467,1.4274173046972338,98.191064293498,0.3875196491911043,False
1468,1.3634806730596907,98.191064293498,0.3803550251121487,False
1469,1.3984610270106808,98.191064293498,0.37389354602512576,False
1470,1.4292062682172793,98.191064293498,0.36826003457330714,False
1471,1.4561112661478437,98.191064293498,0.36363792633507575,False
1472,1.4794731020725562,98.191064293498,0.3597606187544768,False
1473,1.4995196245467155,98.191064293498,0.35608746366495003,False
1474,1.5164273757656148,98.191064293498,0.35298250545003756,False
1475,1.530333327439556,98.191064293498,0.34948918022168085,False
1476,1.530333327439556,97.65847253629003,0.30793463214173233,False
1477,1.530333327439556,98.09593555474186,0.32799203526363174,False
1478,1.530333327439556,97.16587330648115,0.19769248876352163,False
1479,1.530333327439556,97.98608568290004,0.29364339912395937,False
1480,1.530333327439556,97.98608568290004,0.2899694567278535,False
1481,1.530333327439556,97.98608568290004,0.28693630806238163,False
1482,1.530333327439556,97.98608568290004,0.2844952792580184,False
1483,1.530333327439556,97.98608568290004,0.2825920803290225,False
1484,1.530333327439556,97.98608568290004,0.281167646860346,False
1485,1.530333327439556,97.98608568290004,0.28015904442254014,False
1486,1.530333327439556,97.98608568290004,0.279500372772093,False
1487,1.530333327439556,97.98608568290004,0.33957724394175404,False
1488,1.530333327439556,97.98608568290004,0.33916300682328193,False
1489,1.530333327439556,97.98608568290004,0.35709301864912407,False
1490,1.6265436509095,97.98608568290004,0.3738542200644801,False
1491,1.6888404374768236,97.98608568290004,0.38939003115832893,False
1492,1.7375789889547848,97.98608568290004,0.4040438902681853,False
1493,1.777035714063473,97.98608568290004,0.41790474923352805,False
1494,1.8012410559117273,97.98608568290004,0.431044842183042,False
1495,1.8187110177765384,97.98608568290004,0.4435235794729145,False
1496,1.830067696564413,97.98608568290004,0.45539034303606196,False
1497,1.850121240484234,97.44174079247225,0.4489062010889993,False
1498,1.8658186714395613,97.87500922305024,0.4594104714924909,False
1499,1.8774036735703712,96.96008263853021,0.4113520406315863,False
1500,1.8850417583111034,97.74957573968862,0.4208279244566511,False
1501,1.8983964780156768,97.74957573968862,0.4300812131460873,False
1502,1.909227029838433,97.74957573968862,0.43909945770165293,False
1503,1.9175927138833622,97.74957573968862,0.44787067285429005,False
1504,1.9356248863940853,97.74957573968862,0.45638327199488415,False
1505,1.950428616361675,97.74957573968862,0.46462601094130856,False
1506,1.9621325123194846,97.74957573968862,0.46421332859966985,False
1507,1.9708322921448431,96.98221795912345,0.42627154995930805,False
1508,1.976595943032469,97.84549546225928,0.4297454748008814,False
1509,1.979467101374004,98.33957828227169,0.4423029591110947,False
1510,1.9794671013740042,98.34577660664617,0.42902727944650915,False
1511,1.976595943032469,98.35216915785637,0.4155645824990612,False
1512,1.9708322921448431,98.35875090777051,0.4018953862742223,False
1513,1.9621325123194846,98.36551674260505,0.3879983180376386,False
1514,1.9541716041633284,98.37246147198617,0.37384966774784534,False
1515,1.9429229070186906,98.37957983795799,0.3594228030584603,False
1516,1.928275820359962,98.3868665239115,0.34468739152890593,False
1517,1.9100766720859634,98.3943161634103,0.3296083490150304,False
1518,1.8881175783370165,98.40192334888984,0.3257494888439112,False
1519,1.8621189908994098,98.40968264020829,0.31071566367468845,False
1520,1.831701522408916,98.417588573029,0.2953742137191826,False
1521,1.796338076553666,98.42563566701497,0.2796690854598462,False
1522,1.7552661510968877,98.43381843381843,0.2635302572613113,False
1523,1.7073084889836299,98.4421313848487,0.24686825756927355,False
1524,1.6504381978846825,98.45056903880433,0.22956554048959957,False
1525,1.580347852948835,98.45912592895615,0.21146223087220983,False
1526,1.4766549183659508,98.02385008517888,0.30186272031447303,False
1527,1.4660741214574515,98.35205992509363,0.29635452559411224,False
1528,1.4534849141043304,98.34660134721372,0.29546775010594284,False
1529,1.4634190046135478,97.42947980788743,0.2524194109403842,False
1530,1.4699878894344567,98.2583551879497,0.25095213230974367,False
1531,1.473256553252489,98.26883229730633,0.2498192709666516,False
1532,1.473256553252489,98.27941274164618,0.2910436190313396,False
1533,1.469987889434457,98.29009044695319,0.29078784249227657,False
1534,1.4634190046135478,98.30085941087712,0.29053310232239443,False
1535,1.4534849141043307,98.31171370836321,0.2902978654898216,False
1536,1.4400831784759722,98.32264749692378,0.2900964792470359,False
1537,1.4514270347987224,98.33365502155311,0.28979956995787887,False
1538,1.4608248015713592,97.91211615058461,0.2764163443127666,False
1539,1.4683074126843,98.22333397472902,0.2790434875726857,False
1540,1.4738989153366922,98.2200025611474,0.31896077272934287,False
1541,1.4776169519137876,98.21691058988944,0.3260139353886135,False
1542,1.4995196245467155,98.21405791555046,0.33295578852559815,False
1543,1.5183593905083006,98.21144421106231,0.33975210301023684,False
1544,1.5342796921456783,98.20906896989712,0.34637064182614147,False
1545,1.547393175014927,98.20693150858519,0.3527811641433743,False
1546,1.557787262784918,97.30732934885184,0.2873403408322934,False
1547,1.5655280605848252,98.11980760822037,0.29387978498926504,False
1548,1.570663071721726,98.0031007751938,0.2969312358214772,False
1549,1.5732230293875173,98.22692852305609,0.304441568911949,False
1550,1.5732230293875173,98.2415293180565,0.3115238170733679,False
1551,1.577636732431408,98.2562038900067,0.3181161915496075,False
1552,1.6749224599607646,97.51844399731723,0.2871026390692358,False
1553,1.738345898184807,98.2562038900067,0.29330941373685965,False
1554,1.7882674797986304,98.2415293180565,0.299237505583483,False
1555,1.7882674797986304,98.22692852305609,0.3048598976999502,False
1556,1.7882674797986304,98.2124079915878,0.3101552853711021,False
1557,1.7882674797986304,98.1979742745293,0.31652163642040954,False
1558,1.7882674797986304,98.18363398040073,0.32258257067444435,False
1559,1.7882674797986304,97.95045894630957,0.3258001705647633,False
1560,1.7882674797986304,97.46164046220875,0.29247351654361653,False
1561,1.7882674797986304,97.81864299302472,0.28976394781947884,False
1562,1.7882674797986304,97.80324737344795,0.286453076483952,False
1563,1.7882674797986304,97.78800664876614,0.28363303839059967,False
1564,1.7845244919969772,97.77292856684423,0.2802564016827063,False
1565,1.7822148102043962,97.75802087359877,0.27638868183730464,False
1566,1.7775843733220311,97.74329130294213,0.27209631838948245,False
1567,1.7706107126123491,97.72874756651525,0.32687776678404507,False
1568,1.7612592957958801,97.7143973432311,0.32035036535154543,False
1569,1.749482462001978,97.70024826865281,0.3132379675940315,False
1570,1.7352178741097823,97.6863079242315,0.3061047218717726,False
1571,1.718386354663438,97.67258382642999,0.29901018982533767,False
1572,1.6988889003371042,97.65908341575998,0.2919633799268376,False
1573,1.6766025592565734,97.64581404576114,0.28500228074323686,False
1574,1.6513746756893455,97.63278297195146,0.2781654903230628,False
1575,1.636078838365557,97.61999734077915,0.2714920688575482,False
1576,1.6185646601203643,97.60746417860713,0.2650212980069675,False
1577,1.5987557971964095,97.59519038076152,0.25721813899726254,False
1578,1.5765604460883762,97.58318270067618,0.24950394054659492,False
1579,1.5765604460883762,97.57144773916544,0.24169729343035487,False
1580,1.5518681816347843,97.55999193385763,0.23426052645776818,False
1581,1.5245456853609434,97.54882154882155,0.22727007750373,False
1582,1.4944308636158867,97.53794266441821,0.22079970532920332,False
1583,1.4613245506834502,97.52736116740981,0.2134964596492272,False
1584,1.4249784482754833,97.51708274135714,0.20679264533570632,False
1585,1.3850769261730216,97.50711285733641,0.20070430620802046,False
1586,1.3412082357256407,97.49745676500508,0.1952416062702956,False
1587,1.2928161346503595,96.82281059063136,0.030562185888058688,False
1588,1.2391117691845555,97.60141333152137,0.03094286149893187,False
1589,1.1788939721852483,97.60141333152137,0.03217524275996598,False
1590,1.1788939721852483,97.60141333152137,0.033538530091667726,False
1591,1.1788939721852483,97.60141333152137,0.034694686214282705,False
1592,1.1788939721852483,97.60141333152137,0.12949867043576735,False
1593,1.1788939721852483,97.60141333152137,0.13561444901204295,False
1594,1.1788939721852483,97.60141333152137,0.14176858214342983,False
1595,1.1788939721852483,97.60141333152137,0.14214344432008774,False
1596,1.2130567797042258,97.60141333152137,0.15391315559883717,False
1597,1.2445289856748367,97.60141333152137,0.16395326061934415,False
1598,1.2445289856748367,97.60141333152137,0.1710829815278855,False
1599,1.2445289856748367,97.60141333152137,0.19534825166367678,False
1600,1.2445289856748367,97.60141333152137,0.20950304263465028,False
1601,1.2445289856748367,97.60141333152137,0.22227380714171527,False
1602,1.2445289856748367,97.60141333152137,0.2339004682833729,False
1603,1.2130567797042258,97.60141333152137,0.24455839338001206,False
1604,1.1788939721852483,97.60141333152137,0.25438059139869346,False
1605,1.1418365179574708,97.60141333152137,0.2634708878852401,False
1606,1.1016315829206584,97.60141333152137,0.2719121971976159,False
1607,1.0579593130818097,97.60141333152137,0.2797719565199187,False
1608,1.0104040200169997,97.60141333152137,0.2871058308504656,False
1609,0.9584057807186241,97.60141333152137,0.29396031956552443,False
1610,0.9011722974829974,97.60141333152137,0.3003746402747916,False
1611,0.8374991760903093,97.60141333152137,0.3063821228526098,False
1612,0.7653347294288454,97.00346538017259,0.2861174017843015,False
1613,0.6927240159400868,97.72372086702453,0.28919376242994427,False
1614,0.6073000958248577,97.73510918801975,0.303463776515877,False
1615,0.48865925334338955,97.60543485572073,0.30571598610145506,False
1616,0.48865925334338955,97.82535965205754,0.3024827219499962,False
1617,0.5621380056254565,97.82535965205754,0.299756465562442,False
1618,0.6271502454482835,97.82535965205754,0.29839313055079597,False
1619,0.6271502454482835,97.18969555035129,0.2858954465770521,False
1620,0.6271502454482835,97.93911007025761,0.2785741431165808,False
1621,0.6271502454482835,97.94424855299049,0.27145670453016574,False
1622,0.6271502454482835,97.94959984125934,0.28593193507165093,False
1623,0.5541015302865538,97.95515813005457,0.27731622041450515,False
1624,0.46824757305098735,97.96091758708582,0.268804175773642,False
1625,0.46824757305098735,97.96687236115622,0.2604022861304754,False
1626,0.46824757305098735,97.97301659027822,0.2523421933528407,False
1627,0.46824757305098735,97.97934440951953,0.2445045036320985,False
1628,0.46824757305098735,97.9858499585697,0.23690592453039921,False
1629,0.46824757305098735,97.99252738901906,0.22956412317892416,False
1630,0.46824757305098735,97.99937087134319,0.22197982449288556,False
1631,0.46824757305098735,98.0063746015874,0.21374688940036948,False
1632,0.46824757305098735,98.01353280774723,0.20546042116787352,False
1633,0.46824757305098735,98.02083975584192,0.19724521643177373,False
1634,0.46824757305098735,97.32345195075642,0.16975969110183142,False
1635,0.46824757305098735,97.93757985033766,0.16576652397798183,False
1636,0.46824757305098735,97.95153785727234,0.1625262892397513,False
1637,0.46824757305098735,97.96555242153273,0.15871002644514265,False
1638,0.46824757305098735,97.97961737886644,0.1543709134807241,False
1639,0.46824757305098735,97.99372669704681,0.14955522413451047,False
1640,0.3491843735073079,98.00787447846271,0.1443030576486804,False
1641,0.3491843735073079,98.02205496236654,0.13864877036226145,False
1642,0.3491843735073079,97.33472391216178,0.0762223215222498,False
1643,0.3491843735073079,97.94603302456706,0.07411581203601608,False
1644,0.3491843735073079,97.95487003713225,0.07178473944036977,False
1645,0.3491843735073079,97.96381373716748,0.06941337400549773,False
1646,0.46824757305098735,97.98975167520693,0.06620161476290214,False
1647,0.5541015302865538,98.00078400627206,0.06264871729981171,False
1648,0.6271502454482835,98.01191735813332,0.058724782478963004,False
1649,0.6271502454482835,98.0231463536187,0.15266024240727152,False
1650,0.6271502454482835,98.0344656719705,0.1515034685880018,False
1651,0.6271502454482835,97.88581181522876,0.15123285565145794,False
1652,0.6271502454482835,97.97940868799208,0.1510195569496366,False
1653,0.6271502454482835,97.97940868799208,0.1507827220822385,False
1654,0.6271502454482835,97.97940868799208,0.15067389859651253,False
1655,0.6271502454482835,97.88581181522876,0.15052352065686894,False
1656,0.6271502454482835,98.0344656719705,0.14952847380136053,False
1657,0.5621380056254565,98.0231463536187,0.14919579553427031,False
1658,0.5541015302865538,98.01191735813332,0.14947511677089326,False
1659,0.6131379016405237,98.00078400627206,0.15030559349044353,False
1660,0.6669740736911405,97.98975167520693,0.21513971587211445,False
1661,0.7164037343212466,97.97882579403273,0.21503928652288462,False
1662,0.7619882811604882,97.96801183903466,0.21497293906502157,False
1663,0.804144968682279,97.95731532871774,0.3689446946406144,False
1664,0.843195316078971,97.9467418186001,0.3692048888645113,False
1665,0.8793939303559065,97.93629689577432,0.36953777390506415,False
1666,0.8793939303559065,97.92598617324116,0.36991106301061977,False
1667,0.8793939303559065,97.91581528402125,0.3703827055108688,False
1668,0.8793939303559065,97.90578987505133,0.37096049540725345,False
1669,0.8793939303559065,97.3124300111982,0.34493662267105396,False
1670,0.8793939303559065,97.98093433595831,0.34499005789369697,False
1671,0.8793939303559065,97.96477029278743,0.34516852180765994,False
1672,0.9129467467841513,97.94868727946893,0.3454331606925329,False
1673,0.9440231356865454,97.9326923076923,0.34757233174995705,False
1674,0.9727642516015449,97.91679246422318,0.34888534776668095,False
1675,0.9992889743797903,97.90099490414948,0.3499420625698144,False
1676,1.0236982481827188,97.88530684380522,0.35073639854396105,False
1677,1.046078320219219,97.86973555337904,0.351272525330794,False
1678,0.9875245214535493,97.8542883492161,0.3515556015382034,False
1679,0.9875245214535493,97.83897258582365,0.35159462880467307,False
1680,1.006634797484697,97.23479446958893,0.31628642684645064,False
1681,1.0239228180015463,97.92081673306772,0.31655091611538344,False
1682,1.0394364783172854,97.9123695230952,0.31679441719836765,False
1683,1.0532169913190046,96.55603475217201,0.10281181382797168,False
1684,1.0652996405533381,97.9123695230952,0.10238434481717765,False
1685,1.0757143856082798,97.92081673306772,0.10148342441578471,False
1686,1.0844863484244938,97.92945260678198,0.10018437924746779,False
1687,1.0916362019205925,97.93827160493827,0.09823284696369479,False
1688,1.0971804769523517,97.94726814578084,0.15688099534680078,False
1689,1.101131799569232,97.64611886177862,0.15353600544704002,False
1690,1.1034990673875957,97.88580910822937,0.15509125017877076,False
1691,1.1042875713905729,97.88580910822937,0.15546861191203226,False
1692,1.1034990673875957,97.88580910822937,0.1555005419246239,False
1693,1.1011317995692318,97.64611886177862,0.15109853234853995,False
1694,1.0971804769523517,97.94726814578084,0.14788422573053045,False
1695,1.0916362019205925,97.93827160493827,0.1450455807471422,False
1696,1.0844863484244938,97.92945260678198,0.14260313516010864,False
1697,1.0757143856082798,97.92081673306772,0.14056713533653412,False
1698,1.065299640553338,97.9123695230952,0.13893722182386511,False
1699,1.0532169913190046,97.90411646586345,0.1377025687215257,False
1700,1.0394364783172854,97.89606299212599,0.13760544178638745,False
1701,1.0239228180015463,97.88821446636318,0.201294814688602,False
1702,1.006634797484697,97.88057617869154,0.20127697349714932,False
1703,0.9875245214535493,97.8731533367295,0.20133131007287056,False
1704,0.9665364727522963,97.86595105744041,0.20134853164111616,False
1705,0.9436063339556555,97.85897435897436,0.20145071573819226,False
1706,0.9186594970880806,97.85222815253039,0.20162871276267783,False
1707,0.9186594970880806,97.84571723426212,0.2018727042762302,False
1708,0.9186594970880806,97.2572611423766,0.15934873991685816,False
1709,0.9186594970880806,97.92423456149456,0.1571862547543194,False
1710,0.8916091590804429,97.91083631630329,0.15564444904042343,False
1711,0.8623538561746378,97.89762340036563,0.18001126441210552,False
1712,0.830774222099454,97.88460278996659,0.1818938952176617,False
1713,0.7967286463062391,97.87178139779296,0.1840300096905995,False
1714,0.7600473303889541,97.85916606284171,0.18685320226594654,False
1715,0.720523936685393,97.84676354029062,0.18967288702687204,False
1716,0.677903479475398,97.83458049135818,0.19193350985665023,False
1717,0.6318640827062832,97.8226234731811,0.19369190801427816,False
1718,0.5819881552488824,97.81089892873777,0.195001784363176,False
1719,0.5819881552488824,97.79941317684715,0.195484098511609,False
1720,0.5819881552488824,97.78817240227197,0.19557692235132418,False
1721,0.5819881552488824,97.18800214247456,0.16609179181307016,False
1722,0.5819881552488824,97.88047488094439,0.20478505707625022,False
1723,0.5819881552488824,97.88047488094439,0.23430232529681985,False
1724,0.5819881552488824,97.88047488094439,0.23846545082508835,False
1725,0.5819881552488824,97.88047488094439,0.24214143645846073,False
1726,0.5819881552488824,97.88047488094439,0.24537410159879333,False
1727,0.5277139815252946,97.88047488094439,0.2482025309807198,False
1728,0.46824757305098735,97.88047488094439,0.25066198690492686,False
1729,0.40238293904561173,97.88047488094439,0.25278461168591837,False
1730,0.3280668831792932,97.88047488094439,0.25459997658075456,False
1731,0.24096783080307266,97.41095982292575,0.23935217724984922,False
1732,0.12068101401352381,97.94084110268965,0.2588743266462805,False
1733,0.12068101401352381,97.94502268481452,0.25720590186012543,False
1734,0.12068101401352381,97.95606875041476,0.25529055653925337,False
1735,0.12068101401352381,97.96066525871173,0.2533167687242362,False
1736,0.12068101401352381,97.95109054857899,0.25168972108724363,False
1737,0.12068101401352381,97.94176042356055,0.25037446394063806,False
1738,0.12068101401352381,97.93267956533262,0.26819869346962744,False
1739,0.12068101401352381,97.92385248076413,0.26912230779454377,False
1740,-0.0,97.9152834948878,0.3311748269055315,False
1741,-0.0,97.37541528239203,0.365725542380772,False
1742,-0.0,97.29083665338645,0.38853801723606946,False
1743,-0.0,97.29747675962815,0.40939713577621023,False
1744,-0.0,97.99468791500664,0.43977783013309646,False
1745,-0.0,97.98964968152866,0.46647894721343275,False
1746,-0.0,97.98488664987406,0.49016393091042065,False
1747,-0.0,97.98039994702688,0.5112791467453728,False
1748,-0.0,97.97619047619048,0.5301605947099275,False
1749,-0.0,97.97225891677675,0.5470702588800991,False
1750,-0.0,97.96860572483841,0.5622184636222347,False
1751,-0.0,97.96523113393916,0.5757783252387347,False
1752,-0.0,97.39233504543658,0.5786806042937167,False
1753,-0.0,97.87304095877782,0.5885806290521434,False
1754,0.12068101401352381,97.87304095877782,0.5965364650579519,False
1755,0.208180945557171,97.87304095877782,0.5969725476318322,False
1756,0.2829047929798921,97.87304095877782,0.6069902148075212,False
1757,0.3491843735073079,97.87304095877782,0.607027182285614,False
1758,0.40907313904382653,97.39233504543658,0.6099397146594003,False
1759,0.4637773498877516,97.94547609640458,0.619008345683622,False
1760,0.5140912790181235,98.68750824429495,0.5968778993095313,False
1761,0.560576942614533,98.68750824429495,0.5747727497695505,False
1762,0.560576942614533,98.68750824429495,0.553839034081635,False
1763,0.560576942614533,98.68750824429495,0.5322088363205855,False
1764,0.560576942614533,98.68750824429495,0.5104420980013219,False
1765,0.560576942614533,98.68750824429495,0.4885355717384044,False
1766,0.560576942614533,98.68750824429495,0.46650425272762597,False
1767,0.560576942614533,98.68750824429495,0.44440306302563104,False
1768,0.560576942614533,98.68750824429495,0.42229495331380906,False
1769,0.560576942614533,98.68750824429495,0.39994483276708404,False
1770,0.560576942614533,98.68750824429495,0.3778164860474545,False
1771,0.677903479475398,98.68750824429495,0.35635061538063045,False
1772,0.7619882811604883,98.68750824429495,0.3520504876568147,False
1773,0.8332341082038748,98.68750824429495,0.3354140658887741,False
1774,0.8959704136014894,98.68750824429495,0.3211509846102687,False
1775,0.9522481488898977,98.16646880358792,0.3203707928409649,False
1776,1.0032709271829536,98.77324891175307,0.31955702374304523,False
1777,1.0498302157100041,98.25937891474912,0.32039304548936703,False
1778,1.0924850533852573,98.83353103993673,0.3757295124309958,False
1779,1.1316501862018717,98.83353103993673,0.36065036659054595,False
1780,1.1676444621356104,98.83353103993673,0.3468084916872576,False
1781,1.200719639829801,98.83353103993673,0.3499317650935858,False
1782,1.2310786130055862,98.83353103993673,0.3386330702868067,False
1783,1.2588874993443833,98.83353103993673,0.32961868055023275,False
1784,1.2842839696213428,98.83353103993673,0.32195578809537684,False
1785,1.30738316633364,98.83353103993673,0.3350338303271773,False
1786,1.3282820174272938,98.83353103993673,0.3300738331780494,False
1787,1.3470624465271648,98.83353103993673,0.32621362743895793,False
1788,1.3637938028246002,98.83353103993673,0.3234035100329976,False
1789,1.3785347251376459,98.83353103993673,0.3218108287042068,False
1790,1.3913345861436042,98.83353103993673,0.3207925465792912,False
1791,1.4022346182456082,98.83353103993673,0.3198400629501329,False
1792,1.411268792775777,98.25937891474912,0.3022819992975475,False
1793,1.418464503832282,98.77324891175307,0.30197838934000454,False
1794,1.4238430936939135,98.76640939375949,0.3017642127092151,False
1795,1.4274202463828696,98.75973083520253,0.30162767020244213,False
1796,1.429206268217279,98.2386700969721,0.2817505536830362,False
1797,1.429206268217279,98.81941696346128,0.2806389605555342,False
1798,1.4274202463828696,97.69114057655518,0.16401209610914516,False
1799,1.4238430936939135,98.80591107006201,0.16162574885343728,False
1800,1.418464503832282,98.80591107006201,0.15943257991095433,False
1801,1.411268792775777,98.20568639092288,0.11856192512203427,False
1802,1.4022346182456082,98.7468671679198,0.11784429493980124,False
1803,1.4022346182456082,98.74068701786774,0.11712660147336332,False
1804,1.4022346182456082,98.73467773823646,0.11669931043787746,False
1805,1.4022346182456082,98.16791880848821,0.09828405056884132,False
1806,1.4022346182456082,98.64900487676289,0.1038730735525009,False
1807,1.4022346182456082,98.64900487676289,0.10797765510359489,False
1808,1.4022346182456082,98.64900487676289,0.15750559807477024,False
1809,1.3913345861436042,98.64900487676289,0.1639425004318866,False
1810,1.3785347251376459,98.64900487676289,0.17016362922162556,False
1811,1.3637938028246002,98.64900487676289,0.17618112732258986,False
1812,1.3470624465271648,98.64900487676289,0.1809328595776273,False
1813,1.3282820174272938,98.64900487676289,0.20592624550861646,False
1814,1.30738316633364,98.64900487676289,0.20792880167220576,False
1815,1.2686794699537274,98.64900487676289,0.2097219893533667,False
1816,1.2259790140555225,98.64900487676289,0.23340428195496346,False
1817,1.1787269834988532,98.64900487676289,0.2534719804066225,False
1818,1.1261358508278747,98.64900487676289,0.25519849269372213,False
1819,1.0670056836533544,98.64900487676289,0.25674667887173247,False
1820,0.9992889743797904,98.64900487676289,0.2581229106404166,False
1821,0.9186594970880807,98.64900487676289,0.2593323440682805,False
1822,0.804717519321077,98.64900487676289,0.26037902513185557,False
1823,0.7771529943226336,98.64900487676289,0.26144512619310495,False
1824,0.7473944462440387,98.64900487676289,0.2623919406202708,False
1825,0.7153220528038851,98.1810992487149,0.27073679221232955,False
1826,0.6807937753703206,98.73467773823646,0.28641606782045465,False
1827,0.6436394131461666,98.73233857123994,0.2862476920557642,False
1828,0.603652249754401,98.08201058201058,0.2634918225714588,False
1829,0.560576942614533,98.8142554319025,0.26063146340637305,False
1830,0.5140912790181235,98.8142554319025,0.2575987437085104,False
1831,0.4637773498877516,98.8142554319025,0.2700509477731194,False
1832,0.4637773498877516,98.8142554319025,0.26988662339099306,False
1833,0.4637773498877516,98.19229241160112,0.25417391106430404,False
1834,0.4637773498877516,98.74255459960291,0.25504735881297463,False
1835,0.4637773498877516,98.73677248677248,0.2557818436501454,False
1836,0.4637773498877516,98.17460317460318,0.23602358111495825,False
1837,0.4637773498877516,98.17460317460318,0.2364145777135049,False
1838,0.4637773498877516,98.73677248677248,0.2612502747800246,False
1839,0.4637773498877516,98.73468035773435,0.26091089956541563,False
1840,0.4637773498877516,98.73274946921444,0.31906579229155113,False
1841,0.4637773498877516,98.73098133014417,0.3200459292295035,False
1842,0.4637773498877516,98.72937732836616,0.36063859523302494,False
1843,0.4637773498877516,98.72793872793874,0.3608958970113213,False
1844,0.4637773498877516,98.72666666666667,0.3865726734858936,False
1845,0.4637773498877516,98.10502435444052,0.39350317324629575,False
1846,0.4637773498877516,98.15754339118826,0.40321428586030356,False
1847,0.4637773498877516,98.71213132256773,0.4211089100336042,False
1848,0.4637773498877516,98.7061491263172,0.4207120650194743,False
1849,0.4637773498877516,98.70034657424686,0.43189650651835076,False
1850,0.4637773498877516,98.69472562599893,0.44212102091434513,False
1851,0.4637773498877516,98.17697937458416,0.4422827830692823,False
1852,0.4637773498877516,98.75714475608135,0.4496390181077271,False
1853,0.4637773498877516,98.7505815112647,0.45639876705311044,False
1854,0.4637773498877516,98.74418604651163,0.4625943200310559,False
1855,0.4637773498877516,98.73796081036201,0.468255851081538,False
1856,0.4637773498877516,98.73190811313239,0.4725575169453546,False
1857,0.4637773498877516,98.15946843853821,0.4642317705630367,False
1858,0.4637773498877516,98.07180851063829,0.45184754170896996,False
1859,0.4637773498877516,98.70276742948377,0.4529797905431556,False
1860,0.4637773498877516,99.41391941391942,0.4149095385848854,False
1861,0.4637773498877516,98.76789876789877,0.43034520902462425,False
1862,0.5140912790181235,99.35397935397935,0.3963748302438109,False
1863,0.560576942614533,98.7475016655563,0.3955719346805957,False
1864,0.560576942614533,99.26700872925967,0.38606342889360595,False
1865,0.560576942614533,99.26695988271358,0.36108189220229986,False
1866,0.560576942614533,99.26700872925967,0.3358501464571944,False
1867,0.560576942614533,99.26715522984676,0.31196343736477555,False
1868,0.560576942614533,98.66089273817455,0.3117060347580677,False
1869,0.560576942614533,99.19387075283144,0.2957028866747563,False
1870,0.603652249754401,99.19387075283144,0.2801243727950714,False
1871,0.6436394131461666,99.19387075283144,0.26459060962621883,False
1872,0.7600473303889541,99.19387075283144,0.24945672041141434,False
1873,0.8431953160789711,99.19387075283144,0.23440858030818915,False
1874,0.9134853951751388,99.19387075283144,0.2197836956029886,False
1875,0.9752462395674342,99.19387075283144,0.20529745605426702,False
1876,1.0305279703180825,98.56143856143856,0.1935971194695691,False
1877,1.0805333164475432,99.09466116362668,0.18817668270122587,False
1878,1.1260528027543955,99.09520324662364,0.18314488721973024,False
1879,1.1676444621356104,99.0958649115809,0.1787280162744589,False
1880,1.2057219651274376,99.09664563268018,0.17473062085022611,False
1881,1.2406030082663506,98.40143274078005,0.1271248827665422,False
1882,1.2725381154419293,99.01317968077356,0.1262898388862815,False
1883,1.301728854068539,99.0148108965882,0.1255776058488924,False
1884,1.3283399146847865,98.466014281936,0.05847005752634681,False
1885,1.3525074295964727,98.92885480031738,0.05823552760244504,False
1886,1.374344879613302,98.92885480031738,0.057944469188081014,False
1887,1.3939473942522724,98.92885480031738,0.05733517267716865,False
1888,1.4113949465359856,98.92885480031738,0.05560155753878056,False
1889,1.4267547652077353,98.92885480031738,0.05177874821107635,False
1890,1.4400831784759722,98.92885480031738,0.04699886759504548,False
1891,1.4514270347987224,98.92885480031738,0.04357067530950304,False
1892,1.4608248015713592,98.92885480031738,0.03884746900394134,False
1893,1.4683074126843,98.92885480031738,0.14734047779901235,False
1894,1.4738989153366922,98.92885480031738,0.1471226754755352,False
1895,1.4776169519137876,98.92885480031738,0.14745619421930034,False
1896,1.4794731020725562,98.92885480031738,0.14788515688428697,False
1897,1.4794731020725562,98.92885480031738,0.14837389841021809,False
1898,1.4776169519137876,98.92885480031738,0.14888775864855627,False
1899,1.4738989153366922,98.92885480031738,0.1491602635404371,False
1900,1.4683074126842999,98.92885480031738,0.14944061159396593,False
1901,1.4608248015713592,98.92885480031738,0.14971279536375698,False
1902,1.4514270347987224,98.92885480031738,0.14996136690556364,False
1903,1.4400831784759722,98.92885480031738,0.15017136794548128,False
1904,1.4267547652077353,98.92885480031738,0.1503282450460891,False
1905,1.4113949465359856,98.92885480031738,0.15041775134143903,False
1906,1.3939473942522724,98.92885480031738,0.15042583576301438,False
1907,1.374344879613302,98.92885480031738,0.15044814499171635,False
1908,1.3525074295964727,98.92885480031738,0.1504366325978489,False
1909,1.3283399146847867,98.92885480031738,0.15039321062696911,False
1910,1.301728854068539,98.92885480031738,0.15031967007457725,False
1911,1.2725381154419293,98.92885480031738,0.15021760077378477,False
1912,1.2725381154419293,98.92885480031738,0.1502532857611799,False
1913,1.2725381154419293,98.27631752740722,0.076061968410388,False
1914,1.2725381154419293,98.81941696346128,0.07908079902847329,False
1915,1.2725381154419293,98.82112750263435,0.08143263990254597,False
1916,1.2725381154419293,98.82298790110468,0.08390036426048066,False
1917,1.2725381154419293,98.82499671786793,0.08646111215498851,False
1918,1.2406030082663506,98.82715240466518,0.08909326169640455,False
1919,1.2057219651274376,98.8294533089197,0.09177651824587633,False
1920,1.1676444621356104,98.83189767684678,0.09449193101975353,False
1921,1.1676444621356104,98.83448365672614,0.1536113178289855,False
1922,1.1676444621356104,98.83720930232558,0.16246586640007973,False
1923,1.17027775595384,98.8400725764645,0.17085880188790392,False
1924,1.1676444621356104,98.84307135470527,0.17745535501419252,False
1925,1.1260528027543955,98.84620342916075,0.18086423709135963,False
1926,1.0805333164475432,98.8494665124052,0.18317605907672088,False
1927,1.0305279703180825,98.85285824147654,0.18528711749159815,False
1928,0.9752462395674341,98.85637618195757,0.18720533906607417,False
1929,0.9134853951751389,98.86001783212329,0.1889375053987711,False
1930,0.843195316078971,98.86378062714232,0.2813157776502571,False
1931,0.7600473303889541,98.86766194331983,0.28261515703195744,False
1932,0.6436394131461666,98.87165910237015,0.2838160569458422,False
1933,0.6436394131461666,98.58058032910438,0.2784225776085969,False
1934,0.6436394131461666,98.96133149793518,0.27822257624265273,False
1935,0.6436394131461666,98.96133149793518,0.27798423630061436,False
1936,0.6436394131461666,98.96133149793518,0.277712301520806,False
1937,0.6436394131461666,98.96133149793518,0.27741122821483155,False
1938,0.6436394131461666,98.96133149793518,0.27708520470752734,False
1939,0.6436394131461666,98.96133149793518,0.276738169852935,False
1940,0.6436394131461666,98.96133149793518,0.27637383073828625,False
1941,0.6436394131461666,98.30434238518333,0.24905675711771258,False
1942,0.6436394131461666,99.06770116380929,0.24403698704865492,False
1943,0.6436394131461666,99.07130391423586,0.23893006994009763,False
1944,0.6436394131461666,99.07499379190465,0.23461790450406766,False
1945,0.6436394131461666,98.7087161658803,0.23260781738317862,False
1946,0.6436394131461666,98.99428855227217,0.231453053000239,False
1947,0.6436394131461666,98.99428855227217,0.2304744286557284,False
1948,0.6436394131461666,98.99428855227217,0.22966584245642704,False
1949,0.6436394131461666,98.99428855227217,0.22902075148599924,False
1950,0.6436394131461666,97.95350562631384,0.09682263077526636,False
1951,0.6436394131461666,98.97795837950991,0.09493813309421391,False
1952,0.6436394131461666,98.9790897908979,0.10999871935659478,False
1953,0.6807937753703206,98.98034398034397,0.20487517234749905,False
1954,0.7153220528038851,98.98172003435161,0.2151881896971804,False
1955,0.7473944462440387,98.98321695455103,0.25779915506453827,False
1956,0.7473944462440387,98.98483365949119,0.2702278620555002,False
1957,0.7473944462440387,98.98656898656898,0.28162724007772433,False
1958,0.7473944462440387,98.98842169408897,0.2920983415930757,False
1959,0.7473944462440387,98.99039046344727,0.3017211034424556,False
1960,0.7473944462440387,98.99247390143239,0.3105602953974899,False
1961,0.7473944462440387,98.99467054263566,0.3205693263485144,False
1962,0.7473944462440387,98.99697885196375,0.360108178256705,False
1963,0.7473944462440387,98.99939722724532,0.3637206798386554,False
1964,0.7473944462440387,99.001924001924,0.4353936250111455,False
1965,0.7473944462440387,99.00455744782921,0.43935284211742,False
1966,0.7771529943226336,99.00729577801698,0.4423570619268188,False
1967,0.804717519321077,99.01013714967203,0.44454194227005644,False
1968,0.8301899714180443,99.01307966706302,0.45661727734508545,False
1969,0.8536576732793313,99.01612138454244,0.4565253531392338,False
1970,0.875195788740725,99.01926030958289,0.4562834489788245,False
1971,0.8948692308065574,99.02249440584148,0.4559337885656914,False
1972,0.9127341558073343,98.68444339566987,0.45177906142077856,False
1973,0.9127341558073343,98.16529998230193,0.41662460954816727,False
1974,0.9127341558073343,98.60185239808861,0.4106771160735774,False
1975,0.9127341558073343,98.2567072450065,0.3847259414114,False
1976,0.9127341558073343,98.50843444806155,0.37563323253974557,False
1977,0.8948692308065574,98.50029638411381,0.36691916423330984,False
1978,0.875195788740725,98.49231317148454,0.358675853094834,False
1979,0.875195788740725,98.48448829192915,0.3510003434080751,False
1980,0.875195788740725,98.47682513238531,0.34399361372603127,False
1981,0.9875245214535493,98.46932698034544,0.33595650633882046,False
1982,1.046078320219219,98.08047690014904,0.2945481019319801,False
1983,1.0236982481827188,98.54432645269061,0.3627875831541922,False
1984,0.9992889743797903,97.70217313858211,0.2752331673691802,False
1985,0.9727642516015449,98.45781139210588,0.2910062269903611,False
1986,0.9727642516015449,98.47130761994356,0.2910447067355375,False
1987,0.9727642516015449,98.48484848484848,0.2918460834753049,False
1988,1.041018523939755,98.20742637644047,0.276492510689441,False
1989,1.100698757874416,98.58151922186197,0.2800982780182322,False
1990,1.1538530565800795,98.58757062146893,0.28351639215580876,False
1991,1.201681991620676,98.59373206290897,0.2867115659092714,False
1992,1.2449737775841294,98.6,0.28964837265644516,False
1993,1.2842839696213428,98.60637087599545,0.292686314540361,False
1994,1.320023576372009,98.61284112784509,0.295278232474291,False
1995,1.3525074295964727,98.61940719035276,0.2982363575424964,False
1996,1.3525074295964727,98.62606550022431,0.3007104648354767,False
1997,1.3525074295964727,98.6328125,0.3026506256969204,False
1998,1.3525074295964727,98.63964464186563,0.304008051076959,False
1999,1.3525074295964727,98.64655839133798,0.30498668416991015,False
2000,1.3525074295964727,98.65355023081996,0.3052103339999755,False
2001,1.374344879613302,98.66061666302208,0.3046445910294043,False
2002,1.3939473942522724,98.33214852080712,0.3038946042705918,False
2003,1.4113949465359856,97.49809637767866,0.2123325204597229,False
2004,1.438841894200673,98.2690539297885,0.20935167524280585,False
2005,1.4634190046135478,97.93909233515443,0.17735304221613385,False
2006,1.4852837267582453,98.18791583274734,0.1693694387037769,False
2007,1.5045643034921028,98.18791583274734,0.16151180591301717,False
2008,1.5213655983156218,98.18791583274734,0.15380920391369357,False
2009,1.535773302827334,98.18791583274734,0.14630304614255102,False
2010,1.5478570234493585,98.18791583274734,0.1390499522278552,False
2011,1.557672567089349,98.18791583274734,0.13212504514614273,False
2012,1.565263635906296,98.18791583274734,0.1256254735446118,False
2013,1.570663071721726,98.18791583274734,0.11854253436001608,False
2014,1.5655280605848252,98.18791583274734,0.111803866487279,False
2015,1.557787262784918,98.18791583274734,0.1032047397310235,False
2016,1.547393175014927,98.18791583274734,0.094699555429439,False
2017,1.5473931750149272,98.18791583274734,0.08633453708926793,False
2018,1.545378825051491,98.18791583274734,0.07814507619298294,False
2019,1.541342789057496,98.18791583274734,0.06906740842221643,False
2020,1.5352702332191592,98.18791583274734,0.06033114016564431,False
2021,1.527138493598173,98.18791583274734,0.07882530672200952,False
2022,1.5169165540634162,98.18791583274734,0.07652055259366099,False
2023,1.5045643034921028,98.18791583274734,0.07574050292042656,False
2024,1.4900315255825651,98.18791583274734,0.07645466311914349,False
2025,1.473256553252489,98.18791583274734,0.0785380884865609,False
2026,1.4541644890966259,98.18791583274734,0.08179633427569408,False
2027,1.4326648482653093,98.18791583274734,0.08600156003457929,False
2028,1.408648411160687,98.18791583274734,0.09092441823728907,False
2029,1.3819829643540342,98.18791583274734,0.09635394054245215,False
2030,1.3525074295964727,98.18791583274734,0.10210573463082136,False
2031,1.320023576372009,98.18791583274734,0.10250448919585851,False
2032,1.2842839696213428,98.18791583274734,0.11402385926195996,False
2033,1.2686794699537274,98.18791583274734,0.12302127278610257,False
2034,1.2481068205144499,98.18791583274734,0.13034619233472705,False
2035,1.2220947914756688,98.18791583274734,0.1362315065125691,False
2036,1.1899285414712581,98.18791583274734,0.1409811233889219,False
2037,1.1504718163625702,98.18791583274734,0.14479128145586076,False
2038,1.1504718163625702,98.18791583274734,0.14782371782447976,False
2039,1.1504718163625702,98.18791583274734,0.22307147014268863,False
2040,1.1504718163625702,98.18791583274734,0.22312209754219917,False
2041,1.1504718163625702,97.9228647157462,0.21514651430774395,False
2042,1.1665620111568704,98.2690539297885,0.21423289823787603,False
2043,1.180846716107336,98.28015143320714,0.2131207887449181,False
2044,1.180846716107336,98.29143011624764,0.21179694397762347,False
2045,1.180846716107336,98.30288617446763,0.21024854765726325,False
2046,1.180846716107336,98.3145156933715,0.21788286108518018,False
2047,1.180846716107336,98.32631465284527,0.3290979174976259,False
2048,1.180846716107336,98.33827893175074,0.3370413104108239,False
2049,1.193365482413587,98.35040431266846,0.34412186253619376,False
2050,1.2041517951932372,98.36268648677762,0.3504060014661592,False
2051,1.2132336634320215,98.17604648660281,0.3575788036928756,False
2052,1.2206340886225493,98.44144676734562,0.36117445407820087,False
2053,1.2263714330738393,98.43378699503133,0.3646427454392663,False
2054,1.2304597034223903,98.4262223910566,0.367952123020235,False
2055,1.2329087607099036,98.41875681570338,0.37107601041592403,False
2056,1.2337244651110395,98.41139413859217,0.37399253346848876,False
2057,1.2337244651110395,98.40413823464671,0.376684277393841,False
2058,1.2337244651110395,98.39699297993478,0.3791380818718099,False
2059,1.2337244651110395,97.52363053451992,0.34383937938382414,False
2060,1.2337244651110395,98.26985794041236,0.34677775770240327,False
2061,1.2337244651110395,98.26985794041236,0.3492428085960051,False
2062,1.175193620727556,98.26985794041236,0.351434817461555,False
2063,1.1034990673875957,98.26985794041236,0.35317046260051943,False
2064,0.9982545693874831,98.26985794041236,0.3545114855737113,False
2065,0.9982545693874831,98.26985794041236,0.3555151578101174,False
2066,0.9982545693874831,97.98153914590748,0.3505528831221956,False
2067,0.9982545693874831,97.14746441281139,0.26126520802268915,False
2068,0.9982545693874831,97.87032918149467,0.25158853384194985,False
2069,0.9982545693874831,97.87032918149467,0.24258025093363608,False
2070,0.995148095654003,97.87032918149467,0.23545644636028912,False
2071,0.9904799742690308,97.87032918149467,0.30689472171778437,False
2072,0.9842399889605549,97.87032918149467,0.29874586242945045,False
2073,0.976414308115487,97.87032918149467,0.2911238796423132,False
2074,0.9669852958320848,97.87032918149467,0.28405164784682907,False
2075,0.9559312637896478,97.87032918149467,0.2775473513669401,False
2076,0.9432261548473415,97.87032918149467,0.2716237819104793,False
2077,0.9288391461883214,97.87032918149467,0.2823522653488266,False
2078,0.9127341558073343,97.87032918149467,0.27752964734630436,False
2079,0.8948692308065574,97.87032918149467,0.2734563032038697,False
2080,0.875195788740725,97.87032918149467,0.32529772540322544,False
2081,0.8536576732793313,97.87032918149467,0.32289226083951583,False
2082,0.8301899714180443,97.87032918149467,0.3206302004567904,False
2083,0.804717519321077,97.87032918149467,0.31876563044842915,False
2084,0.7771529943226336,97.87032918149467,0.3258648034720632,False
2085,0.7473944462440387,97.87032918149467,0.36420524991369124,False
2086,0.7153220528038851,97.87032918149467,0.36350850262147905,False
2087,0.6807937753703206,97.57816432686391,0.3537006229476374,False
2088,0.6436394131461666,97.76665166516652,0.35193631856632246,False
2089,0.603652249754401,97.73691654879774,0.349980297435072,False
2090,0.560576942614533,97.70710059171597,0.3470479724379717,False
2091,0.5140912790181235,96.95634761714057,0.2767953282503097,False
2092,0.5140912790181235,97.79107225034514,0.276676585580604,False
2093,0.5819881552488824,97.77125086385625,0.2765665514040333,False
2094,0.6669740736911405,97.75164303009339,0.2764789741141742,False
2095,0.7164037343212466,97.73225620311598,0.27642903704619204,False
2096,0.7619882811604882,97.71309771309771,0.2764329247676036,False
2097,0.804144968682279,97.34743411927877,0.2600820286373799,False
2098,0.843195316078971,97.75066497051,0.26048443034978425,False
2099,0.8793939303559065,97.72185738362295,0.26072141668682064,False
2100,0.9129467467841513,96.95713117626445,0.18751348281604005,False
2101,0.9440231356865454,97.79916661775925,0.1877974091089231,False
2102,0.9727642516015449,97.78090877069391,0.18788570640433466,False
2103,0.9992889743797903,97.76290294169456,0.18815894325583019,False
2104,0.9992889743797903,97.39870816206694,0.17328752886889282,False
2105,0.9992889743797903,96.97837521917008,0.054965469273236756,False
2106,0.9992889743797903,97.69725306838106,0.056455543255582684,False
2107,0.9992889743797903,97.69725306838106,0.05786296867106412,False
2108,0.9992889743797903,97.69725306838106,0.05860995783334657,False
2109,0.9992889743797903,97.69725306838106,0.05929470629488468,False
2110,0.9992889743797903,97.69725306838106,0.059853565055149216,False
2111,0.9992889743797903,97.69725306838106,0.059447741621140436,False
2112,0.9992889743797903,97.69725306838106,0.1699096723944186,False
2113,0.9992889743797903,97.69725306838106,0.17480602598392464,False
2114,0.9992889743797903,97.69725306838106,0.1808195212404257,False
2115,0.9992889743797903,97.69725306838106,0.18694499118581442,False
2116,0.9992889743797903,97.69725306838106,0.1902701279457209,False
2117,0.9992889743797903,97.69725306838106,0.19280246985904612,False
2118,0.9992889743797903,97.69725306838106,0.19482768538135323,False
2119,0.9992889743797903,97.69725306838106,0.1963130581952964,False
2120,0.9992889743797903,97.69725306838106,0.19735045626201173,False
2121,0.9992889743797903,97.69725306838106,0.1980223605808515,False
2122,1.0236982481827188,97.69725306838106,0.19877945577373993,False
2123,1.0236982481827188,97.69725306838106,0.19924027642141895,False
2124,1.0236982481827188,97.69725306838106,0.21512868518280093,False
2125,1.090864890696142,97.69725306838106,0.2756935261813017,False
2126,1.1261358508278745,97.69725306838106,0.27600361612390834,False
2127,1.1538530565800795,97.69725306838106,0.2760476708268994,False
2128,1.1751172867945407,97.69725306838106,0.27602156709471726,False
2129,1.1906001864191973,97.69725306838106,0.27586473064037287,False
2130,1.200719639829801,97.69725306838106,0.32589573589737336,False
2131,1.2382339767869435,97.69725306838106,0.3259721708089166,False
2132,1.2725381154419293,96.95499707773232,0.2843428488923262,False
2133,1.3038818925522595,97.83167738164816,0.2811332042877966,False
2134,1.3324661355215683,97.42840444184688,0.2770052489016937,False
2135,1.3584547364298434,97.42255990648744,0.28895468419419607,False
2136,1.3819829643540342,97.83167738164816,0.44778264672616264,False
2137,1.4031633649036754,97.82149148561362,0.4540557400506906,False
2138,1.4220900521936763,97.81146767343087,0.4597718972608207,False
2139,1.438841894200673,97.80161175634036,0.4649573432520438,False
2140,1.4534849141043307,97.79192953219855,0.517986390467521,False
2141,1.4660741214574513,97.78242677824268,0.5187611704507515,False
2142,1.4766549183659508,97.77310924369748,0.5278130022451635,False
2143,1.4852641811356104,97.76398264223722,0.5275284058715826,False
2144,1.4919310878474152,97.318401937046,0.521104940108948,False
2145,1.4966777416164074,96.89969604863222,0.49158992752494846,False
2146,1.4995196245467155,97.72921499206446,0.4912425080383717,False
2147,1.5004659065178618,97.71062271062272,0.5171207584695057,False
2148,1.4995196245467155,97.6923076923077,0.5180521310358596,False
2149,1.4966777416164074,97.67427664509827,0.5197647096754967,False
2150,1.4919310878474152,96.8693009118541,0.4925942537469396,False
2151,1.4852641811356104,97.57869249394673,0.4963380881762623,False
2152,1.4766549183659508,97.58919961427193,0.501284708418678,False
2153,1.4514270347987224,97.59990399615985,0.5074842706151608,False
2154,1.4514270347987224,97.61079918767173,0.5149592507963285,False
2155,1.4514270347987224,97.176287982807,0.5066739804931405,False
2156,1.4230670603378361,96.04872251931076,0.3865021979843434,False
2157,1.391334586143604,97.16161078587902,0.377994078437115,False
2158,1.3559212235520337,97.16161078587902,0.37882824706110635,False
2159,1.3164218868227548,97.16161078587902,0.37885095680166764,False
2160,1.2722864781512913,96.45201348234876,0.31938166722199524,False
2161,1.222731822382257,97.27396369227131,0.32832886779656245,False
2162,1.1665620111568704,96.97915439877518,0.3225942876979853,False
2163,1.1017332648846088,97.402521254764,0.3691345056388145,False
2164,1.0239228180015463,97.402521254764,0.3775595196897456,False
2165,1.006634797484697,97.402521254764,0.37758041445930784,False
2166,0.9875245214535493,97.402521254764,0.38338165910040367,False
2167,0.9665364727522963,96.66959835825271,0.35168819047842614,False
2168,0.9436063339556555,97.50219876868954,0.3539171145069704,False
2169,0.9186594970880806,97.53648569760654,0.3747813550611832,False
2170,0.8916091590804429,97.57075608763876,0.37358545393829135,False
2171,0.8623538561746378,97.6049982644915,0.3708728462852151,False
2172,0.830774222099454,97.63920078309438,0.36603873987274094,False
2173,0.7967286463062391,97.67335243553009,0.35814678586962,False
2174,0.7600473303889541,97.70744225834046,0.34802191360493023,False
2175,0.720523936685393,97.45204857564408,0.347578506348536,False
2176,0.677903479475398,97.82056349161537,0.33171352722201203,False
2177,0.6318640827062832,97.44069912609238,0.33163541997959656,False
2178,0.5819881552488824,97.71314513829483,0.3213065651795119,False
2179,0.5819881552488824,97.67908309455588,0.31259224652102774,False
2180,0.5819881552488824,96.86762250244718,0.29421134594706316,False
2181,0.5819881552488824,97.72069883142427,0.3272633804011109,False
2182,0.5819881552488824,97.69862380016191,0.3178128009546807,False
2183,0.5140912790181235,96.54835183800265,0.2628316585396157,False
2184,0.5140912790181235,97.67082522605013,0.25190240973899286,False
2185,0.5140912790181235,97.29884399679524,0.2542236743972678,False
2186,0.6318640827062832,97.61932013276868,0.24879231056136328,False
2187,0.677903479475398,97.61932013276868,0.2477914102442616,False
2188,0.720523936685393,97.61932013276868,0.2487656189940553,False
2189,0.7600473303889541,96.8215994531784,0.22111718054523663,False
2190,0.7967286463062391,97.58503401360544,0.22810141295556408,False
2191,0.830774222099454,97.61931625860318,0.23523305203477046,False
2192,0.8623538561746378,97.27518898792734,0.23509096728115103,False
2193,0.8916091590804429,97.55726052126819,0.2543234565057746,False
2194,0.9186594970880806,97.55726052126819,0.2686306956578622,False
2195,0.9436063339556555,97.55726052126819,0.28163805203211795,False
2196,0.9665364727522963,97.55726052126819,0.29273775583845124,False
2197,0.9875245214535493,97.55726052126819,0.30283550674120624,False
2198,1.006634797484697,97.55726052126819,0.31230452009974713,False
2199,1.0239228180015463,97.55726052126819,0.32091704635304286,False
2200,1.0394364783172854,97.55726052126819,0.3274944137654452,False
2201,1.0532169913190046,96.76097451442685,0.2891491995835301,False
2202,1.065299640553338,97.51452189454871,0.29540568705394665,False
2203,1.0757143856082798,97.549455434541,0.30017513071981583,False
2204,1.0844863484244938,97.58430071862908,0.30372269955265996,False
2205,1.0916362019205925,97.61904761904762,0.3058745589883129,False
2206,1.0971804769523517,97.65368628308904,0.3067431722170149,False
2207,1.170377295621679,97.68820713664056,0.30583780728317034,False
2208,1.2304597034223903,97.72260088715785,0.3034967473933651,False
2209,1.2817425764699486,97.75685852608929,0.29923726456116595,False
2210,1.3262610770456722,97.79097133076594,0.2929399525099102,False
2211,1.3652016755898781,97.82493086577324,0.28597850901407146,False
2212,1.3993371806574677,97.67368087131226,0.28458492678309827,False
2213,1.429206268217279,97.95542941238305,0.2672683997851491,False
2214,1.4552013979602212,97.95542941238305,0.2524820533928197,False
2215,1.4776169519137876,97.95542941238305,0.2373811363372013,False
2216,1.4966777416164074,97.95542941238305,0.22297211594143715,False
2217,1.5125568756434098,97.95542941238305,0.2084263260896278,False
2218,1.5253874232579385,97.95542941238305,0.19371648243070377,False
2219,1.5352702332191592,97.95542941238305,0.17879728749448498,False
2220,1.542279235137156,97.95542941238305,0.16609741838354566,False
2221,1.5464650001141114,97.95542941238305,0.15348542475912166,False
2222,1.5478570234493585,97.95542941238305,0.1408345232867059,False
2223,1.5464650001141114,97.95542941238305,0.12922834789390042,False
2224,1.542279235137156,97.95542941238305,0.20430557274104283,False
2225,1.527138493598173,97.95542941238305,0.20003443247618724,False
2226,1.5094621252684286,97.95542941238305,0.1974365696903516,False
2227,1.489148966540959,97.95542941238305,0.1966906467910075,False
2228,1.4660741214574513,97.95542941238305,0.19790232839055305,False
2229,1.4400831784759722,97.95542941238305,0.19471850755552167,False
2230,1.4109839980999699,97.95542941238305,0.20400493633528474,False
2231,1.378534725137646,97.95542941238305,0.21260306981594593,False
2232,1.3424256522693587,97.95542941238305,0.22128463253538005,False
2233,1.3022504881911108,97.95542941238305,0.22929674904898728,False
2234,1.2574580300524587,97.95542941238305,0.2366659334845585,False
2235,1.2072640872959293,97.95542941238305,0.24342000075079423,False
2236,1.1504718163625702,97.95542941238305,0.2495877370104752,False
2237,1.0850365744330075,97.95542941238305,0.25519863214354693,False
2238,1.006634797484697,97.95542941238305,0.260282647857118,False
2239,0.8948692308065574,97.95542941238305,0.2648700039196828,False
2240,0.8948692308065574,97.95542941238305,0.2689909704492326,False
2241,0.8948692308065574,97.95542941238305,0.272675657672426,False
2242,0.8948692308065574,97.95542941238305,0.27595379689504057,False
2243,0.8948692308065574,97.95542941238305,0.2788579190891446,False
2244,0.8948692308065574,97.20908230842005,0.22658418783965656,False
2245,0.8948692308065574,98.05529275727952,0.22764579335647112,False
2246,0.8948692308065574,98.08777429467085,0.2274627837142544,False
2247,0.875195788740725,98.1200664727877,0.2259192535078609,False
2248,0.875195788740725,98.15216269226799,0.22289640918403336,False
2249,0.875195788740725,98.01477377654663,0.22397016521263605,False
2250,0.875195788740725,98.26672104404568,0.2139888571632474,False
2251,0.875195788740725,98.26672104404568,0.2519777389905737,False
2252,0.875195788740725,98.26672104404568,0.24668877438966316,False
2253,0.875195788740725,98.26672104404568,0.25959678190592345,False
2254,0.9875245214535493,98.26672104404568,0.2546235404844511,False
2255,1.066503202885787,98.26672104404568,0.2665914347076086,False
2256,1.132529774880598,98.26672104404568,0.2787604655641157,False
2257,1.1899285414712581,98.26672104404568,0.2910986569092286,False
2258,1.2407449439357603,98.26672104404568,0.3035787973670567,False
2259,1.2861766890619075,98.26672104404568,0.3161776525879135,False
2260,1.3270089026073437,98.26672104404568,0.32848607011613146,False
2261,1.3637938028246004,98.26672104404568,0.34101531364466736,False
2262,1.3969387860636409,98.26672104404568,0.3401327254747016,False
2263,1.4267547652077353,98.26672104404568,0.3446341457000023,False
2264,1.4400831784759722,98.26672104404568,0.35872485231064916,False
2265,1.4514270347987224,98.26672104404568,0.37085636569267244,False
2266,1.4608248015713592,98.26672104404568,0.38130830666525867,False
2267,1.4683074126842999,98.26672104404568,0.39030356144998635,False
2268,1.4683074126842999,98.26672104404568,0.39802467563486305,False
2269,1.4683074126842999,98.26672104404568,0.40462459486672225,False
2270,1.4608248015713592,98.26672104404568,0.4102339772835993,False
2271,1.4514270347987224,97.50203915171289,0.3877363053915027,False
2272,1.4400831784759722,98.33809135399673,0.39030053507972295,False
2273,1.4267547652077353,98.62715298885512,0.3765659640389333,False
2274,1.4113949465359856,98.34298665323595,0.376314189556493,False
2275,1.4113949465359856,98.66813538954537,0.3639216862597056,False
2276,1.3939473942522724,98.69154228855722,0.3567962253113542,False
2277,1.374344879613302,98.71478002965893,0.3426592441969081,False
2278,1.3525074295964727,98.73784500540222,0.32761384319034204,False
2279,1.3283399146847867,98.76073380171741,0.311577225071428,False
2280,1.301728854068539,98.78344319503684,0.2948704408963085,False
2281,1.2725381154419293,98.80597014925372,0.3299921134512471,False
2282,1.2406030082663506,98.5230443567786,0.3282043471009308,False
2283,1.2057219651274376,98.68294558738704,0.35281138901840237,False
2284,1.1676444621356104,98.8666922781406,0.3646186055338929,False
2285,1.1260528027543955,98.86012364760433,0.35513160703224145,False
2286,1.1260528027543955,98.85358981832313,0.3464096564052068,False
2287,1.1260528027543955,98.84709330727894,0.33865653138606283,False
2288,1.1260528027543955,98.84063666732168,0.33187550892229783,False
2289,1.1260528027543955,98.83422248567477,0.3579777061497083,False
2290,1.1260528027543955,98.82785338233833,0.35228554253114186,False
2291,1.1260528027543955,98.8215320083891,0.3477398602049832,False
2292,1.1260528027543955,98.81526104417671,0.3443041542428495,False
2293,1.1260528027543955,98.57987567594886,0.3460833256148445,False
2294,1.1260528027543955,98.71286121286121,0.34651683775058206,False
2295,1.1260528027543955,98.68899472525221,0.3478123328887045,False
2296,1.1260528027543955,98.29609801297231,0.34120506157352565,False
2297,1.1676444621356104,98.63920939618151,0.34179586252065197,False
2298,1.2057219651274376,98.63234529381175,0.342350310392378,False
2299,1.2406030082663506,98.6255552652208,0.3428274394272456,False
2300,1.2725381154419293,98.61884255855477,0.34318803165055434,False
2301,1.301728854068539,97.84707930979896,0.29267108281018395,False
2302,1.3283399146847867,98.68518714876471,0.29292641679100834,False
2303,1.3283399146847867,98.01938474504846,0.2539521489758922,False
2304,1.3283399146847867,98.02465233881163,0.2115495770184248,False
2305,1.3525074295964727,98.8997555012225,0.2747539304682204,False
2306,1.374344879613302,98.88971922707377,0.2695433746239966,False
2307,1.3939473942522724,98.88507718696398,0.2647271157960724,False
2308,1.4113949465359856,98.8805166846071,0.2602430467659371,False
2309,1.4113949465359856,97.97557840616966,0.2091352021360759,False
2310,1.4113949465359856,98.79036555472663,0.20652451837197083,False
2311,1.4113949465359856,98.7965221079419,0.21029600558070563,False
2312,1.4267547652077353,98.80274261603375,0.3194819680475708,False
2313,1.4400831784759722,98.8090241343127,0.3235199730016533,False
2314,1.4514270347987224,98.81536374073687,0.3273822497178939,False
2315,1.4332278865247239,98.82175853835773,0.33093316706288844,False
2316,1.411268792775777,98.60208907135062,0.33518777134729744,False
2317,1.3852702053381705,98.74102590781396,0.33788212314627625,False
2318,1.3548527368476762,98.72936520335364,0.33981180108118864,False
2319,1.3194892909924263,98.71781507349108,0.3411134849598803,False
2320,1.278417365535648,98.70637942725992,0.3425377280188801,False
2321,1.2263714330738393,98.69506211504333,0.3435032431745342,False
2322,1.1655498193580116,98.68386692432234,0.34409674094709947,False
2323,1.0916362019205925,98.67279757550423,0.34440196702116765,False
2324,0.9842399889605549,98.66185771784015,0.34454726043077194,False
2325,0.976414308115487,97.7969448197028,0.2911246755710791,False
2326,0.9669852958320848,98.57976553220058,0.2911213463415003,False
2327,0.9559312637896478,98.58844061184683,0.2911094992358999,False
2328,0.9432261548473415,98.59715349691373,0.29116857889451236,False
2329,0.9288391461883214,98.60590084152895,0.2913472320374591,False
2330,0.9127341558073343,98.61467936124124,0.2916884141068253,False
2331,0.9127341558073343,98.36288535160185,0.28752419225503767,False
2332,0.9127341558073343,97.52752752752752,0.15506275570840228,False
2333,0.9127341558073343,98.29935355544505,0.14456149135891652,False
2334,0.9127341558073343,98.31044363205217,0.13416709302080188,False
2335,0.9127341558073343,98.32155477031802,0.12394285317597625,False
2336,0.8948692308065574,98.33268330733229,0.115368238558013,False
2337,0.8948692308065574,98.34382566585957,0.11000354091546377,False
2338,0.8948692308065574,98.35497835497836,0.10333902844092821,False
2339,0.8948692308065574,98.36613797057137,0.10719082051378424,False
2340,0.8948692308065574,98.3773011956728,0.110749490511633,False
2341,0.8948692308065574,98.38846480067853,0.11576963445731034,False
2342,0.8948692308065574,98.39962564342537,0.12112921675005967,False
2343,0.8948692308065574,98.41078066914498,0.12467985428362226,False
2344,0.8948692308065574,98.421926910299,0.12818985702815447,False
2345,0.8948692308065574,98.43306148630074,0.1867815825190609,False
2346,0.8948692308065574,98.44418160312983,0.1934210796537672,False
2347,0.8948692308065574,98.45528455284553,0.21526617728756642,False
2348,0.8948692308065574,98.46636771300449,0.2333860239923388,False
2349,0.8948692308065574,98.47742854598879,0.24861621230955505,False
2350,0.8948692308065574,98.4884645982498,0.2614859000933836,False
2351,0.8948692308065574,98.4994734994735,0.2723572037282496,False
2352,0.8948692308065574,98.51045296167247,0.28149221204805036,False
2353,0.8948692308065574,98.52140077821012,0.2890888971468197,False
2354,0.8948692308065574,98.53231482276199,0.2953019488364983,False
2355,0.8948692308065574,98.54319304821946,0.30025561999907535,False
2356,0.8948692308065574,98.55403348554033,0.3047492932734254,False
2357,0.8948692308065574,98.5648342425514,0.308268924870791,False
2358,0.875195788740725,98.49229487713453,0.3078689269786742,False
2359,0.8536576732793313,98.61524470899471,0.30634112110203304,False
2360,0.8301899714180443,98.61524470899471,0.3042214282068886,False
2361,0.804717519321077,98.61524470899471,0.30162132173646933,False
2362,0.7771529943226336,98.61524470899471,0.2989290494341307,False
2363,0.7473944462440387,98.61524470899471,0.2970439536049765,False
2364,0.7473944462440387,98.61524470899471,0.29528659729780676,False
2365,0.7473944462440387,97.87119708994709,0.2620681466830644,False
2366,0.7153220528038851,98.68964947089947,0.3108238456871767,False
2367,0.6807937753703206,98.8992031545223,0.29643299763917713,False
2368,0.6436394131461666,98.8992031545223,0.2825937181469117,False
2369,0.603652249754401,98.8992031545223,0.26928824974489746,False
2370,0.603652249754401,98.8992031545223,0.2565561605256773,False
2371,0.603652249754401,98.8992031545223,0.2444011069074017,False
2372,0.603652249754401,98.8992031545223,0.23282740622288134,False
2373,0.560576942614533,98.8992031545223,0.22184001905134265,False
2374,0.5140912790181235,98.8992031545223,0.2114444958095779,False
2375,0.4637773498877516,98.8992031545223,0.20164687619045776,False
2376,0.40907313904382653,98.8992031545223,0.19246885825878746,False
2377,0.3491843735073079,98.8992031545223,0.1839248458933045,False
2378,0.2829047929798921,98.68551587301587,0.26134081853854785,False
2379,0.208180945557171,98.8144758735441,0.25935099605814926,False
2380,0.12068101401352381,98.79866052741733,0.25795991694355885,False
2381,-0.0,98.78274787296773,0.2571157399567866,False
2382,-0.0,98.766740125445,0.2567664066900031,False
2383,-0.0,98.75063960429814,0.2568606500030077,False
2384,-0.0,98.73444873444873,0.25739796715292534,False
2385,-0.0,98.71817004747518,0.2596295748221568,False
2386,-0.0,97.94633553317124,0.19523210412646652,False
2387,-0.0,98.76834381551363,0.1953857852869346,False
2388,-0.0,98.76834381551363,0.19575163242431734,False
2389,-0.0,98.76834381551363,0.19590567868809353,False
2390,-0.0,98.76834381551363,0.19593008137334647,False
2391,-0.0,98.76834381551363,0.19587140013884244,False
2392,-0.0,98.76834381551363,0.1957770058425884,False
2393,-0.0,98.76834381551363,0.19569519488040507,False
2394,-0.0,98.76834381551363,0.19567518684026644,False
2395,-0.0,98.76834381551363,0.19576699746526147,False
2396,-0.0,98.76834381551363,0.19600612827305428,False
2397,-0.0,98.76834381551363,0.28161009113441504,False
2398,-0.0,97.95067731851337,0.2136589355041032,False
2399,-0.0,98.71817004747518,0.21531726106711832,False
2400,-0.0,98.73444873444873,0.23279314949810828,False
2401,-0.0,98.75063960429814,0.2371053780435282,False
2402,0.12068101401352381,98.766740125445,0.2415543529738133,False
2403,0.208180945557171,98.78274787296773,0.24603724488606862,False
2404,0.2829047929798921,98.64796986186688,0.25041331334638334,False
2405,0.3491843735073079,98.86855241264558,0.2532814478407535,False
2406,0.40907313904382653,98.86855241264558,0.2563217595565361,False
2407,0.4637773498877516,98.64378401004605,0.26130288619532155,False
2408,0.5140912790181235,98.78274787296773,0.2662938756329401,False
2409,0.560576942614533,98.766740125445,0.27288667075146467,False
2410,0.603652249754401,98.75063960429814,0.27968220472073946,False
2411,0.6436394131461666,98.73444873444873,0.28657848186641866,False
2412,0.6807937753703206,98.71817004747518,0.293480134766008,False
2413,0.7967286463062392,98.70180618270233,0.37605169603895416,False
2414,0.8793939303559065,98.68535988819008,0.3775086048398944,False
2415,0.9491912500871044,98.66883402161497,0.37880889858373584,False
2416,0.9822408213425595,98.65223155103844,0.3797922833844769,False
2417,1.012803023254148,97.81705700397703,0.3225287922141282,False
2418,1.041018523939755,98.55943437914273,0.3221592283383001,False
2419,1.0670056836533544,98.55943437914273,0.32174203551753056,False
2420,1.090864890696142,98.28,0.3099533182563424,False
2421,1.1126817966979572,98.4578937958162,0.30714087908479987,False
2422,1.132529774880598,98.44016901914951,0.3039272063186387,False
2423,1.132529774880598,98.42238495615224,0.3011119749664282,False
2424,1.132529774880598,98.40454545454546,0.297020461034482,False
2425,1.243127107009562,98.38665447897624,0.29261913118812205,False
2426,1.3203310582353234,98.36871611065159,0.28793632182935136,False
2427,1.3845373447996123,98.35073454679848,0.28299966121008524,False
2428,1.4400678690375037,98.33271409994427,0.27778007060228405,False
2429,1.4400678690375037,98.31465919701213,0.27970531504804796,False
2430,1.4400678690375037,98.29657437822618,0.2735534222547504,False
2431,1.4400678690375037,98.27846429582115,0.26676658466075837,False
2432,1.4400678690375037,98.26033371255214,0.2595008242499866,False
2433,1.4400678690375037,97.47522865853658,0.11033194678996698,False
2434,1.4400678690375037,98.334131163236,0.1843409714251294,False
2435,1.4400678690375037,98.32911634124218,0.1832425509485118,False
2436,1.4949413438082066,98.32428829858135,0.21733329155835493,False
2437,1.5431631227610834,98.319646841031,0.2445662182604156,False
2438,1.5859269938068614,98.3151916706105,0.2669522841355177,False
2439,1.6240138214913313,98.3109223873555,0.2857944916581882,False
2440,1.6579711793996936,98.30683849120497,0.30181164568328506,False
2441,1.6882013882645586,98.30293938399512,0.31549006721725836,False
2442,1.7150097993082167,98.29922437155406,0.32718068748529566,False
2443,1.738633474471332,98.23981373690337,0.3364521629120254,False
2444,1.7592592622673264,98.3155452436195,0.34382369142777813,False
2445,1.7592592622673264,98.3155452436195,0.3501103061895352,False
2446,1.7592592622673264,98.3155452436195,0.35542349373393933,False
2447,1.7592592622673264,98.3155452436195,0.37448756016833323,False
2448,1.7592592622673264,98.3155452436195,0.3765610755308327,False
2449,1.7592592622673264,98.0,0.37201483333692237,False
2450,1.7592592622673264,98.38515081206496,0.37306938669597123,False
2451,1.777035714063473,98.3690587138863,0.37413801158065607,False
2452,1.777035714063473,98.35298521429908,0.37513018738467313,False
2453,1.777035714063473,98.33693507469698,0.37603557839876534,False
2454,1.777035714063473,97.60871615885294,0.3451566320749991,False
2455,1.777035714063473,98.37121212121212,0.3450345295851006,False
2456,1.777035714063473,98.79734848484848,0.34975387927084006,False
2457,1.777035714063473,98.78802281368822,0.3334372858344992,False
2458,1.777035714063473,98.77874248640397,0.3180364358561233,False
2459,1.777035714063473,98.76951067700853,0.30361137572000885,False
2460,1.777035714063473,98.7603305785124,0.2898827491022199,False
2461,1.777035714063473,98.75120540019286,0.2773003800900066,False
2462,1.777035714063473,98.74213836477988,0.2673307476260263,False
2463,1.7672201704234827,98.73313270556257,0.26049899642732427,False
2464,1.755136449801458,98.72419166342034,0.2731124130810545,False
2465,1.7407287452897457,98.71531848378272,0.27366166417672316,False
2466,1.723927450466227,98.70651641352278,0.2748154108476829,False
2467,1.7046468737323692,97.91768740813326,0.25712668593954147,False
2468,1.682782151587672,98.60852523272905,0.2546439415977645,False
2469,1.658205041174797,98.60852523272905,0.26565547166257975,False
2470,1.6307580935101098,98.60852523272905,0.27598665868384054,False
2471,1.6002464040892987,98.60852523272905,0.3298648442730212,False
2472,1.5664255935012887,98.60852523272905,0.3400744331627755,False
2473,1.528983643816844,98.60852523272905,0.3496866843241391,False
2474,1.502995042908569,98.60852523272905,0.3587617018974747,False
2475,1.4744107999392602,98.60852523272905,0.36727989062201416,False
2476,1.44306702282893,97.91768740813326,0.3514023298606931,False
2477,1.3997752368654766,98.70651641352278,0.3569167212113726,False
2478,1.35194630182488,98.71531848378272,0.37086877984746003,False
2479,1.2987920031192166,98.72419166342034,0.372992129366054,False
2480,1.2391117691845555,98.73313270556257,0.3715148227541391,False
2481,1.1708574968463454,98.74213836477988,0.37658409961873535,False
2482,1.0897024043252435,98.36065573770492,0.3800844226362138,False
2483,0.9752462395674342,98.82759946184893,0.38186161486423637,False
2484,0.9752462395674342,98.10686142610032,0.3717171168689635,False
2485,0.9752462395674342,98.91408802613877,0.37046271271475384,False
2486,0.9134853951751388,98.92272335535766,0.36909108799094104,False
2487,0.8431953160789711,98.93139967560347,0.3663216093379198,False
2488,0.7600473303889541,98.55988593155894,0.3689914812525206,False
2489,0.6436394131461666,99.00568181818181,0.36204089913763465,False
2490,0.6436394131461666,99.00568181818181,0.35509216552730494,False
2491,0.6436394131461666,97.82319391634981,0.3066477598257055,False
2492,0.6436394131461666,99.00772827020323,0.2962359590684765,False
2493,0.6436394131461666,99.00772827020323,0.2854232656778305,False
2494,0.6436394131461666,99.00772827020323,0.27464462740874446,False
2495,0.6436394131461666,99.00772827020323,0.26334378794443786,False
2496,0.6436394131461666,99.00772827020323,0.25215552581623185,False
2497,0.603652249754401,99.00772827020323,0.24110603026344807,False
2498,0.603652249754401,98.20342205323193,0.21561002327092593,False
2499,0.603652249754401,98.94886363636364,0.2082265829030547,False
2500,0.603652249754401,98.58975568342609,0.22083169256070828,False
2501,0.603652249754401,99.02283190829654,0.20834345425052375,False
2502,0.603652249754401,99.02283190829654,0.19613899088181502,False
2503,0.603652249754401,99.02283190829654,0.18431836773586063,False
2504,0.603652249754401,99.02283190829654,0.17291424998177835,False
2505,0.603652249754401,99.02283190829654,0.16196356633160008,False
2506,0.6436394131461666,99.02283190829654,0.1515081443062272,False
2507,0.6807937753703206,99.02283190829654,0.14348705930955596,False
2508,0.7153220528038851,99.02283190829654,0.13592494937040278,False
2509,0.7473944462440387,99.02283190829654,0.12956694927463724,False
2510,0.7771529943226336,99.02283190829654,0.12388877669314612,False
2511,0.804717519321077,99.02283190829654,0.11943498971891975,False
2512,0.804717519321077,99.02283190829654,0.11566888061245759,False
2513,0.8301899714180443,99.02283190829654,0.11349147930583811,False
2514,0.8536576732793313,99.02283190829654,0.11181800400870942,False
2515,0.875195788740725,99.02283190829654,0.1119941273107765,False
2516,0.8948692308065574,99.02283190829654,0.11243384409451468,False
2517,0.9127341558073343,99.02283190829654,0.11309757884087214,False
2518,0.9127341558073343,99.02283190829654,0.11394580972986341,False
2519,0.9127341558073343,99.02283190829654,0.11546079702772084,False
2520,0.9127341558073343,98.58975568342609,0.09005983937879049,False
2521,0.9127341558073343,98.94886363636364,0.09386855132968919,False
2522,0.9127341558073343,98.94011406844106,0.09760686703839454,False
2523,0.9127341558073343,98.93139967560347,0.10108846417601551,False
2524,0.9127341558073343,98.92272335535766,0.10430468398356509,False
2525,0.9127341558073343,98.91408802613877,0.10724941066717629,False
2526,0.9127341558073343,98.90549662487946,0.10991858434414352,False
2527,0.9288391461883214,98.89695210449928,0.11230986123493739,False
2528,0.9432261548473415,98.88845743131735,0.11442237990026646,False
2529,0.9559312637896478,98.88001558239189,0.11544367802369833,False
2530,0.9669852958320848,98.87162954279015,0.11608184647747745,False
2531,0.976414308115487,98.86330230279275,0.11648246085942378,False
2532,0.9842399889605549,98.85503685503686,0.11667437351053947,False
2533,0.9904799742690308,98.8468361916026,0.11667021440729737,False
2534,0.995148095654003,98.83870330104764,0.11648287078657106,False
2535,0.9982545693874831,98.83064116539491,0.11612554832123648,False
2536,0.999806132804711,98.82265275707898,0.11561182337472357,False
2537,0.999806132804711,98.81474103585657,0.11495568675844325,False
2538,0.999806132804711,98.8069089456869,0.11417157872409153,False
2539,0.999806132804711,98.7991594115881,0.11327441426774207,False
2540,0.999806132804711,98.79149533647578,0.11227959717873907,False
2541,0.9982545693874831,98.78391959798995,0.11120302062362795,False
2542,0.995148095654003,98.77643504531721,0.1100610514203024,False
2543,0.9904799742690308,98.76904449601453,0.10887049455618042,False
2544,0.9842399889605549,98.7617507328414,0.10764853398487235,False
2545,0.976414308115487,98.75455650060753,0.10641264537271408,False
2546,0.9669852958320848,98.7474645030426,0.10518047636047345,False
2547,0.9559312637896478,98.74047739969528,0.1039696901803207,False
2548,0.9432261548473415,98.73359780286847,0.10279776926037673,False
2549,0.9288391461883214,98.72682827459768,0.10168177688647362,False
2550,0.9127341558073343,98.72017132367938,0.18765955681961574,False
2551,0.8948692308065574,98.71362940275651,0.24364662562914072,False
2552,0.875195788740725,98.70720490546755,0.2866822751006391,False
2553,0.8536576732793313,98.70090016366612,0.32204705546627144,False
2554,0.8301899714180443,98.69471744471744,0.35210214016332436,False
2555,0.804717519321077,98.68865894887819,0.3781554579667535,False
2556,0.7771529943226336,98.68272680676576,0.4010258373544773,False
2557,0.7473944462440387,98.67692307692307,0.48613332970540224,False
2558,0.7153220528038851,98.67124974348451,0.5056780587749375,False
2559,0.7153220528038851,98.66570871394848,0.5227293493815683,False
2560,0.7153220528038851,98.6603018170619,0.5376219421800572,False
2561,0.7153220528038851,98.65503080082135,0.5907623567747335,False
2562,0.7153220528038851,98.64989733059548,0.5968266309174182,False
2563,0.7153220528038851,98.64490298737296,0.60182493635349,False
2564,0.7153220528038851,98.6400492661398,0.605879803853288,False
2565,0.7153220528038851,98.6353375743895,0.6091034837883411,False
2566,0.7153220528038851,98.63076923076923,0.6115998866675696,False
2567,0.7153220528038851,98.62634546386468,0.6134660955933983,False
2568,0.7153220528038851,98.62206741112591,0.6147935529605968,False
2569,0.7153220528038851,98.61793611793611,0.6156689935213615,False
2570,0.7153220528038851,97.98321048321048,0.5954693610957578,False
2571,0.7153220528038851,97.96486166211551,0.5747647040522708,False
2572,0.7153220528038851,97.95685542418585,0.5544037212529991,False
2573,0.7153220528038851,97.94895882260842,0.5340918061939235,False
2574,0.7153220528038851,97.94117647058823,0.514179587780598,False
2575,0.7153220528038851,97.93351302785265,0.5150335823300923,False
2576,0.7153220528038851,97.92597319719209,0.4974816418376362,False
2577,0.7153220528038851,97.27185705169113,0.4145846485928278,False
2578,0.7153220528038851,97.82493086577324,0.3909030801648055,False
2579,0.6807937753703206,97.82493086577324,0.36860449441968446,False
2580,0.6436394131461666,97.82493086577324,0.3478589737793259,False
2581,0.603652249754401,97.26653903424803,0.2489204000561943,False
2582,0.560576942614533,97.92597319719209,0.23610281809942182,False
2583,0.5140912790181235,97.93263892560672,0.24854649133688167,False
2584,0.4637773498877516,97.9394449116905,0.26128637936200716,False
2585,0.40907313904382653,97.9463865809688,0.25703000513898205,False
2586,0.3491843735073079,97.95345938084355,0.25453969242158697,False
2587,0.3491843735073079,97.96065878465589,0.25363898771192045,False
2588,0.40907313904382653,97.9679802955665,0.25241276078347236,False
2589,0.4637773498877516,97.97541945025243,0.2540829250630325,False
2590,0.5140912790181235,97.98297182242044,0.2562477885769612,False
2591,0.560576942614533,97.99063302613688,0.25872770459207695,False
2592,0.603652249754401,97.97838270616494,0.26039398181499773,False
2593,0.6436394131461666,98.02118033112912,0.26266145103651195,False
2594,0.6807937753703206,98.02029446876243,0.2856921936443801,False
2595,0.7153220528038851,97.3727422003284,0.2671913661774386,False
2596,0.7473944462440387,98.08381445351384,0.26976198018017256,False
2597,0.7771529943226336,98.04936305732484,0.2867509677164939,False
2598,0.7771529943226336,98.06486916724704,0.2868764564604434,False
2599,0.7771529943226336,98.06563898557931,0.286441095610396,False
2600,0.7771529943226336,98.06660039761431,0.2853880740136481,False
2601,0.804717519321077,98.06775283131333,0.28431691582961593,False
2602,0.8301899714180443,98.07405936662364,0.2831033388046424,False
2603,0.8536576732793313,97.4070787735384,0.261548941652505,False
2604,0.875195788740725,97.4021492655033,0.25785525982303675,False
2605,0.8948692308065574,98.07749186631175,0.2572777414382416,False
2606,0.9127341558073343,98.08446012149716,0.2729976849652152,False
2607,0.9288391461883214,98.09152872444011,0.270373801661316,False
2608,0.9432261548473415,98.07450411223996,0.26924472478636857,False
2609,0.9559312637896478,98.12998750120181,0.26641542101670135,False
2610,0.9669852958320848,98.12998750120181,0.2814362151971942,False
2611,0.9669852958320848,98.12998750120181,0.2813252230719105,False
2612,0.9669852958320848,98.12998750120181,0.3365069602946049,False
2613,0.9669852958320848,98.12998750120181,0.3365641459969101,False
2614,0.9669852958320848,97.47620421113355,0.3555555631927621,False
2615,0.9669852958320848,97.51009421265141,0.37271409033849007,False
2616,0.9669852958320848,98.14975009611688,0.3978731846965846,False
2617,0.9669852958320848,97.51009421265141,0.41045120198735957,False
2618,0.976414308115487,98.07710797038746,0.4317001424093132,False
2619,0.9842399889605549,98.07710797038746,0.450618040104479,False
2620,0.9904799742690308,98.07729282830225,0.46763997476430635,False
2621,0.995148095654003,98.07766243752403,0.4829967566947997,False
2622,0.9982545693874831,98.07821658499087,0.4968726633842995,False
2623,0.999806132804711,98.07895495149361,0.5094261889797272,False
2624,0.999806132804711,97.51344086021506,0.5118729961688767,False
2625,0.9982545693874831,98.1337555171752,0.5119547747573207,False
2626,0.995148095654003,97.50864055299539,0.508630228328757,False
2627,0.9904799742690308,98.07415233887235,0.5144151442755733,False
2628,0.9842399889605549,98.07341212645335,0.5190606636582351,False
2629,0.976414308115487,98.07285659361784,0.5232496192975924,False
2630,0.9669852958320848,97.49567390886368,0.5178757107084647,False
2631,0.9559312637896478,98.12037304105374,0.5202714446678374,False
2632,0.9432261548473415,98.774156331122,0.4890140562376878,False
2633,0.9288391461883214,98.11556581097972,0.49129920671722677,False
2634,0.9127341558073343,98.69724064993751,0.4677120626257157,False
2635,0.8948692308065574,98.69724064993751,0.4453873193659376,False
2636,0.875195788740725,98.69724064993751,0.42320022680920477,False
2637,0.8536576732793313,98.69724064993751,0.40064088893802485,False
2638,0.8301899714180443,98.69724064993751,0.37808468731106537,False
2639,0.804717519321077,98.69724064993751,0.3555487229245344,False
2640,0.804717519321077,98.69724064993751,0.33284238331714777,False
2641,0.804717519321077,98.69724064993751,0.3095758308739499,False
2642,0.804717519321077,98.69724064993751,0.2860129966572289,False
2643,0.804717519321077,98.69724064993751,0.26236980161308276,False
2644,0.804717519321077,98.69724064993751,0.23815396847527798,False
2645,0.804717519321077,98.04345735986924,0.23480723777664636,False
2646,0.804717519321077,98.6348779080946,0.21998986959298292,False
2647,0.804717519321077,98.63994617454826,0.20522384117580122,False
2648,0.8301899714180443,98.64514269241856,0.19241445217647543,False
2649,0.8536576732793313,98.65046585342427,0.1800676567350312,False
2650,0.875195788740725,98.65591397849462,0.16823678170823145,False
2651,0.8948692308065574,98.6614853195164,0.156984819495517,False
2652,0.9127341558073343,98.66717806117556,0.14638596030736156,False
2653,0.9288391461883214,98.67299032288972,0.13652683550052538,False
2654,0.9432261548473415,98.6789201608271,0.1275069258748257,False
2655,0.9559312637896478,98.68496557000765,0.12122695158833133,False
2656,0.9669852958320848,98.69112448648133,0.1147869031209768,False
2657,0.976414308115487,98.69739478957916,0.1250486013206748,False
2658,0.9842399889605549,98.7037743042318,0.12826665508320775,False
2659,0.9904799742690308,98.71026080335047,0.13152934332814717,False
2660,0.995148095654003,98.71685201026519,0.13480661169088665,False
2661,0.9982545693874831,98.72354560121477,0.13879919308882976,False
2662,0.999806132804711,98.73033920788326,0.14256093697581787,False
2663,0.999806132804711,98.7372304199773,0.1454924261241617,False
2664,0.9982545693874831,98.74421678783874,0.14831226133500747,False
2665,0.995148095654003,98.75129582508717,0.15053192479321395,False
2666,0.9904799742690308,98.75846501128669,0.15220341697724346,False
2667,0.9842399889605549,98.76572179463112,0.15336969643768944,False
2668,0.976414308115487,98.7730635946427,0.15406666456417076,False
2669,0.9669852958320848,98.78048780487805,0.1543245870577949,False
2670,0.9559312637896478,98.78799179563677,0.15416913143720087,False
2671,0.9432261548473415,98.79557291666667,0.1536221344326457,False
2672,0.9432261548473415,98.80322849986084,0.1746672441166903,False
2673,0.9432261548473415,98.81095586194134,0.17257487962653353,False
2674,0.9432261548473415,98.8187523071244,0.17029854131611774,False
2675,0.9432261548473415,98.82661512976256,0.1678694035363103,False
2676,0.9432261548473415,98.8345416169588,0.16611413579715364,False
2677,0.9432261548473415,98.44908042821851,0.2231222768729691,False
2678,0.9432261548473415,98.92811530742566,0.21866899029169182,False
2679,0.9288391461883214,98.92811530742566,0.21452868672859243,False
2680,0.9127341558073343,98.92811530742566,0.21069556253107308,False
2681,0.8948692308065574,98.92811530742566,0.20716253070114762,False
2682,0.875195788740725,98.92811530742566,0.20392125933550068,False
2683,0.8536576732793313,98.92811530742566,0.20096223861415294,False
2684,0.8301899714180443,98.92811530742566,0.19827487594730303,False
2685,0.804717519321077,98.92811530742566,0.1958476176305991,False
2686,0.7771529943226336,98.92811530742566,0.21350302000631657,False
2687,0.7473944462440387,98.92811530742566,0.2133939521610717,False
2688,0.7153220528038851,98.92811530742566,0.2128918010465224,False
2689,0.6807937753703206,98.92811530742566,0.21242376530432697,False
2690,0.6807937753703206,98.92811530742566,0.21199075670177792,False
2691,0.7600473303889541,98.92811530742566,0.21159316408229906,False
2692,0.804144968682279,98.44908042821851,0.19346266177111443,False
2693,0.8332341082038747,98.83913003578967,0.1939786269113126,False
2694,0.8513226827573213,98.83121663905762,0.19441228422935616,False
2695,0.8600451249809193,98.8233665559247,0.19474626961206834,False
2696,0.8600451249809193,98.81558249282872,0.23972931294896055,False
2697,0.8600451249809193,98.11670841450969,0.17903992425906937,False
2698,0.8600451249809193,98.86532738095238,0.1807785310728157,False
2699,0.8600451249809193,98.86532738095238,0.19968097224085454,False
2700,0.8600451249809193,98.86532738095238,0.20487076057545373,False
2701,0.9120433642792949,98.86532738095238,0.20952843506952462,False
2702,0.9595986573441049,98.86532738095238,0.213715959436603,False
2703,1.0032709271829536,98.86532738095238,0.2168405441069361,False
2704,1.0434758622197662,98.86532738095238,0.21953270737054437,False
2705,1.0805333164475432,98.86532738095238,0.22183306576119413,False
2706,1.114696123966521,98.43284970238095,0.20494050529513105,False
2707,1.146168329937132,98.94438244047619,0.20500566119327834,False
2708,1.175117286794541,98.93716203617379,0.20482311092878797,False
2709,1.201681991620676,98.93000654144473,0.204631778566044,False
2710,1.2259790140555225,98.92291842277794,0.2044349079392404,False
2711,1.2481068205144499,98.91590013140605,0.20423562890939823,False
2712,1.2681489963097885,98.90895410082769,0.20403695748160425,False
2713,1.2861766890619075,98.90208274432193,0.20384179465949667,False
2714,1.3022504881911108,98.89528845245964,0.20362736383661637,False
2715,1.316421886822755,98.88857359061673,0.20337221037209677,False
2716,1.3287344279695676,98.20920977828311,0.14766587304973652,False
2717,1.3675380544221296,98.93233368131347,0.1451530153935281,False
2718,1.4022346182456082,98.93233368131347,0.14262144819677178,False
2719,1.4332278865247239,98.42934421562114,0.11432148350466848,False
2720,1.4608248015713592,99.00351143589256,0.10447281549470329,False
2721,1.4852641811356104,98.99724360802205,0.09463266596366246,False
2722,1.5067348178150048,98.99105273177231,0.08474585189967385,False
2723,1.5125568756434098,98.98494090735798,0.07658466014290877,False
2724,1.5164273757656148,98.97891020135509,0.06892592830858271,False
2725,1.5183593905083004,98.97296264450176,0.06188282095112648,False
2726,1.5183593905083004,98.96710022953329,0.055607130076709914,False
2727,1.5164273757656148,98.9613249090561,0.05195389760930204,False
2728,1.5125568756434098,98.95563859346555,0.05197396867019599,False
2729,1.5067348178150048,98.95004314891169,0.05299365619889255,False
2730,1.498941259446481,98.9445403953176,0.05644300274726443,False
2731,1.489148966540959,98.93913210445469,0.06019825462788808,False
2732,1.477322818602089,98.93381999807896,0.06413601637075096,False
2733,1.4634190046135478,98.9286057461324,0.06816342427333835,False
2734,1.4634190046135478,98.92098514540088,0.07228363723841304,False
2735,1.4634190046135478,98.908488451418,0.07649823206535954,False
2736,1.4634190046135478,98.90082928504833,0.08061169352078305,False
2737,1.447383961374643,98.8931712619824,0.08458857683658794,False
2738,1.4291529843613586,98.88551669237276,0.08834034106943955,False
2739,1.408648411160687,98.87786794910329,0.09186874227539986,False
2740,1.3857772327036844,98.87022746759469,0.09517374124686157,False
2741,1.3604279187829045,98.86259774550625,0.09825390270092008,False
2742,1.3324661355215683,98.8549813423299,0.10110667010275164,False
2743,1.301728854068539,98.84738087887207,0.10372855568641179,False
2744,1.2680160454788014,98.83979903661884,0.10611527044380731,False
2745,1.2310786130055862,98.8322385569805,0.10826604268362698,False
2746,1.2310786130055862,98.82470224041136,0.1870555525924999,False
2747,1.2310786130055862,98.81719294540078,0.18616301826308157,False
2748,1.2310786130055862,98.80971358733196,0.18515469085285524,False
2749,1.2310786130055862,98.80226713720458,0.1840354554886157,False
2750,1.2310786130055862,98.79485662021843,0.18232717877991042,False
2751,1.2680160454788014,98.78748511421458,0.1805739368254707,False
2752,1.2725381154419293,98.78015574797146,0.1787796889401106,False
2753,1.2406030082663506,98.77287169935357,0.17694852875822384,False
2754,1.2057219651274376,98.76563619331019,0.17508469634458929,False
2755,1.1676444621356104,98.75845249972286,0.17319258933856854,False
2756,1.1260528027543955,98.75132393109983,0.17127677291982174,False
2757,1.0805333164475432,98.7442538401166,0.16934198834288677,False
2758,1.0805333164475432,98.73724561700209,0.16739315974366617,False
2759,1.0805333164475432,98.7303026867702,0.16543539887361203,False
2760,1.0805333164475432,98.72342850629737,0.16347400736787854,False
2761,1.0805333164475432,98.7166265612467,0.16151447610329134,False
2762,1.0805333164475432,98.70990036284053,0.15956248115242935,False
2763,1.0805333164475432,98.70325344448304,0.15762387579411477,False
2764,1.0805333164475432,98.69668935823587,0.1557046780014333,False
2765,1.114696123966521,98.69021167114957,0.1538080733614574,False
2766,1.146168329937132,98.10799694459133,0.01531614085946674,False
2767,1.175117286794541,98.73656866217972,0.01459963085522922,False
2768,1.201681991620676,98.73455323193916,0.014302533598780887,False
2769,1.2259790140555225,98.73266379722621,0.014412833719237786,False
2770,1.2481068205144499,98.7309034043065,0.14231513724711545,False
2771,1.2681489963097885,98.72927508168947,0.14550760631861875,False
2772,1.2861766890619075,98.72778183588994,0.1483037865827711,False
2773,1.3022504881911108,98.72642664707323,0.15074416151408293,False
2774,1.316421886822755,98.72521246458923,0.15286381014897807,False
2775,1.3287344279695676,98.72414220240307,0.15469359274265024,False
2776,1.3392246071829446,98.7232187344295,0.15626103099733016,False
2777,1.347922583568817,98.72244488977955,0.20159826287321184,False
2778,1.3135448704851067,98.72182344792847,0.20411662778611417,False
2779,1.2734192269994746,98.72135713381441,0.20657516773633341,False
2780,1.2263714330738393,98.72104861287859,0.20897555071210971,False
2781,1.170377295621679,98.72090048605781,0.21131940229317414,False
2782,1.1011317995692318,98.72091528474097,0.2136083107732692,False
2783,0.9982545693874831,98.7210954657021,0.2158438315879013,False
2784,0.999806132804711,98.72144340602284,0.21802749111964043,False
2785,0.999806132804711,98.72196139801774,0.2201607899400757,False
2786,0.9982545693874831,98.72265164417661,0.22224520553645746,False
2787,0.995148095654003,98.72351625213844,0.22428219456170317,False
2788,0.9904799742690308,98.72455722971186,0.22627319463852563,False
2789,0.9842399889605549,98.72577647995753,0.22821962574168667,False
2790,0.976414308115487,98.06743969079035,0.18145112488345655,False
2791,0.9669852958320848,98.815736651947,0.18135400214298175,False
2792,0.9559312637896478,98.8113625679941,0.18151557686974487,False
2793,0.9432261548473415,98.8071168621108,0.18191752240885795,False
2794,0.9288391461883214,98.80300263745181,0.1825408774814702,False
2795,0.9288391461883214,98.79902293391234,0.1833663029917016,False
2796,0.9288391461883214,98.79518072289157,0.18437432118964966,False
2797,0.9288391461883214,98.14966543766216,0.13645585285173809,False
2798,0.9127341558073343,98.84270355406423,0.13579760733915894,False
2799,0.8948692308065574,98.8455195162177,0.16521342317156368,False
2800,0.875195788740725,98.84851410053092,0.16989025525517107,False
2801,0.8536576732793313,98.85168788046487,0.1724604327521822,False
2802,0.8301899714180443,98.85504128790507,0.17458280083042632,False
2803,0.804717519321077,98.85857461024499,0.17629293316150554,False
2804,0.7771529943226336,98.8622879877155,0.20825334648907368,False
2805,0.7473944462440387,98.86618141097425,0.20696035333268978,False
2806,0.7153220528038851,98.87025471896709,0.20543803744451172,False
2807,0.7153220528038851,98.87450759707372,0.2037192312868281,False
2808,0.7153220528038851,98.87893957554819,0.20159226421006968,False
2809,0.7153220528038851,98.88355002826455,0.1993942659980872,False
2810,0.7153220528038851,98.88833817177654,0.1971456148724681,False
2811,0.7153220528038851,98.89330306469921,0.19486439125435864,False
2812,0.7473944462440387,98.89844360741951,0.1925664447941799,False
2813,0.7771529943226336,98.90375854214123,0.19026545147884924,False
2814,0.7771529943226336,98.9092464532687,0.1879729662700984,False
2815,0.7771529943226336,98.9149057681325,0.23603214093958483,False
2816,0.7771529943226336,98.92073475805876,0.23453466633187844,False
2817,0.7771529943226336,98.92673153978248,0.2330171883000853,False
2818,0.7771529943226336,98.93289407720404,0.23147902258429473,False
2819,0.7771529943226336,98.3658256880734,0.20936237343626005,False
2820,0.7771529943226336,99.02460015778527,0.20339073939816268,False
2821,0.7771529943226336,99.02326917552428,0.2515140582202082,False
2822,0.7771529943226336,99.02207521392104,0.24823569802777037,False
2823,0.7771529943226336,99.02101929167867,0.24518036637215926,False
2824,0.7771529943226336,98.33621434745031,0.27844311585689,False
2825,0.7771529943226336,98.92635826487967,0.278707019636758,False
2826,0.804717519321077,98.91884099754937,0.27909617971586625,False
2827,0.8301899714180443,98.91147635524798,0.2795732552242829,False
2828,0.8536576732793313,98.9042675893887,0.28027851353824185,False
2829,0.875195788740725,98.89721781750036,0.28095529100169186,False
2830,0.8948692308065574,98.89033001873469,0.2819059889610962,False
2831,0.9127341558073343,98.88360702967445,0.2827236881860649,False
2832,0.9288391461883214,98.87705154045494,0.2834054200352398,False
2833,0.9432261548473415,98.8706660912099,0.2839514760088413,False
2834,0.9559312637896478,98.86445306885152,0.28436528846081716,False
2835,0.9669852958320848,98.22480954434383,0.2448738875848223,False
2836,0.976414308115487,98.79977001581142,0.2451510459256856,False
2837,0.9842399889605549,98.79977001581142,0.24535290654152866,False
2838,0.9904799742690308,98.79977001581142,0.24548871129986,False
2839,0.995148095654003,98.79977001581142,0.24556774115620328,False
2840,0.9982545693874831,98.79977001581142,0.288798937445571,False
2841,0.999806132804711,98.15267395054629,0.24444441403791406,False
2842,0.999806132804711,98.77803335250144,0.24440850020495636,False
2843,0.9982545693874831,98.77820899813138,0.2443343082022436,False
2844,0.995148095654003,98.02598521283468,0.17040519332064477,False
2845,0.9904799742690308,98.67383512544802,0.16875304634936558,False
2846,0.9842399889605549,98.66867081812326,0.2491700745986439,False
2847,0.976414308115487,98.66371301986565,0.248860805180184,False
2848,0.9669852958320848,98.65896283615093,0.2965929216250865,False
2849,0.9559312637896478,98.6544211875267,0.31087553275021895,False
2850,0.9432261548473415,98.65008880994671,0.31000358371771386,False
2851,0.9288391461883214,98.64596625549412,0.35955883038321784,False
2852,0.9127341558073343,98.6420538934861,0.3996828264175384,False
2853,0.8948692308065574,98.63835191195146,0.43495802390222177,False
2854,0.9875245214535493,98.63486031947083,0.4664925084588436,False
2855,1.046078320219219,98.63157894736842,0.49298841452284353,False
2856,1.090864890696142,98.62850745224267,0.5160780936506313,False
2857,1.1261358508278745,98.62564531882238,0.5391849177873868,False
2858,1.1538530565800795,98.62299186313373,0.5599039125794318,False
2859,1.1751172867945407,98.62054623596285,0.5785344377562214,False
2860,1.1906001864191973,97.98560155060224,0.5755985695919453,False
2861,1.200719639829801,98.58999170583357,0.5912077073761406,False
2862,1.2057219651274376,98.59232680099365,0.6052694805135725,False
2863,1.2057219651274376,98.59484777517564,0.6179231219414457,False
2864,1.200719639829801,98.59755259177781,0.6292872943694867,False
2865,1.1906001864191973,98.60043907793633,0.6394646186243221,False
2866,1.1751172867945407,97.78552388763585,0.6216753877190269,False
2867,1.1538530565800795,98.49537037037037,0.6298350485788461,False
2868,1.1261358508278745,97.83996739573428,0.6161670200538627,False
2869,1.090864890696142,98.10949993224014,0.6156303934985405,False
2870,1.046078320219219,98.49959448499594,0.6216487190401156,False
2871,0.9875245214535493,99.32318104906938,0.5988332250603724,False
2872,0.8948692308065574,99.32736934149459,0.576819818407711,False
2873,0.9127341558073343,99.33159548158545,0.5542336552578893,False
2874,0.9288391461883214,99.33585707644285,0.5310533434992895,False
2875,0.9432261548473415,99.34015176509403,0.5090528500008786,False
2876,0.9559312637896478,99.33136676499508,0.49174885056989887,False
2877,0.9669852958320848,99.36836621736016,0.47020824902520547,False
2878,0.976414308115487,99.36783107403545,0.4486440958044887,False
2879,0.9842399889605549,99.3673775516859,0.4265377946030246,False
2880,0.9904799742690308,99.3670060036544,0.4042151219373185,False
2881,0.995148095654003,99.36671671998432,0.3820000141260138,False
2882,0.9982545693874831,99.36650992685476,0.3605018212911279,False
2883,0.999806132804711,99.36638578613888,0.33964625331819986,False
2884,0.999806132804711,99.36634439508754,0.31940607709603536,False
2885,0.9982545693874831,99.36638578613888,0.29981716677608766,False
2886,0.995148095654003,99.36650992685476,0.2809198239484178,False
2887,0.9904799742690308,99.36671671998432,0.26274981757016125,False
2888,0.9842399889605549,99.3670060036544,0.2453821005701466,False
2889,0.976414308115487,99.3673775516859,0.2288728664541262,False
2890,0.9669852958320848,99.36783107403545,0.2132851680963742,False
2891,0.9559312637896478,99.36836621736016,0.20054402001750357,False
2892,0.9432261548473415,99.36898256570387,0.18905497699097032,False
2893,0.9288391461883214,99.36967964130223,0.19496378691218663,False
2894,0.9127341558073343,99.37045690550363,0.19031520104401412,False
2895,0.8948692308065574,99.37131375980297,0.18696729460073536,False
2896,0.875195788740725,98.80274398136163,0.17175061857378662,False
2897,0.8536576732793313,99.4701815597338,0.16738363046563845,False
2898,0.8301899714180443,99.47439266713673,0.16466765778241604,False
2899,0.804717519321077,99.47860367520823,0.16487818851400685,False
2900,0.7771529943226336,99.48281299274677,0.166859191348463,False
2901,0.7473944462440387,99.48701908038787,0.16959267740759848,False
2902,0.7153220528038851,99.49742507910902,0.17166743742603938,False
2903,0.6807937753703206,99.50156913420713,0.17337510845847212,False
2904,0.6436394131461666,99.50257921886515,0.17486140713545306,False
2905,0.603652249754401,99.50364605674368,0.180963790562058,False
2906,0.560576942614533,99.50476889214967,0.18587153243010554,False
2907,0.5140912790181235,99.50594693504117,0.1891985943195192,False
2908,0.4637773498877516,99.50717936237527,0.1922360265377746,False
2909,0.40907313904382653,99.50846531949755,0.1950105672906874,False
2910,0.3491843735073079,99.50980392156863,0.19754576428439602,False
2911,0.2829047929798921,99.51119425502384,0.1998625081204879,False
2912,0.208180945557171,99.51263537906136,0.19973916334176722,False
2913,0.12068101401352381,99.05824485633735,0.18788370527849452,False
2914,-0.0,99.59339870844296,0.18793893498361988,False
2915,-0.0,99.59543074726321,0.18790792742187581,False
2916,-0.0,99.29560790813306,0.18967634121393753,False
2917,-0.0,99.64079613708633,0.18685003312218457,False
2918,-0.0,99.64201877934272,0.18412723621995172,False
2919,-0.0,99.64327485380117,0.18088266785093834,False
2920,-0.0,99.64456357067941,0.17760988565469835,False
2921,-0.0,99.64588412864275,0.17444855793846525,False
2922,-0.0,99.64723571593801,0.17140636160387945,False
2923,-0.0,99.64861751152074,0.16849073311116983,False
2924,-0.0,99.65002868617326,0.1736641164258683,False
2925,-0.0,99.25151411267284,0.16755064709421194,False
2926,-0.0,99.71552116522531,0.16227252566801922,False
2927,-0.0,99.71711456859971,0.15814167345342578,False
2928,-0.0,99.71872187218722,0.15415334115143595,False
2929,-0.0,99.72034230102355,0.15030670060776638,False
2930,-0.0,99.72197508896797,0.14660100879062393,False
2931,-0.0,99.7236194792991,0.14303560038579338,False
2932,-0.0,99.46703296703296,0.14279665084294793,False
2933,-0.0,99.7542460815903,0.13729042828141327,False
2934,-0.0,99.75535500706752,0.13194916271979543,False
2935,-0.0,99.75648032902214,0.22366653560221414,False
2936,-0.0,99.7576214585802,0.22052248217006282,False
2937,-0.0,99.75877780755829,0.21762376847633627,False
2938,-0.0,99.759948789075,0.21496775110660168,False
2939,-0.0,99.4765516504647,0.21308533115684056,False
2940,-0.0,99.73262032085562,0.21154514588138276,False
2941,-0.0,99.7323340471092,0.21022283140330136,False
2942,-0.0,99.73207587611188,0.20910643955929956,False
2943,-0.0,99.73184597232651,0.20809356988846858,False
2944,0.12068101401352381,99.40425075139545,0.20064906268892727,False
2945,0.208180945557171,99.77980665950591,0.19870757175431003,False
2946,0.2829047929798921,99.77980665950591,0.19696899301239124,False
2947,0.3491843735073079,99.77980665950591,0.19572230030654383,False
2948,0.40907313904382653,99.77980665950591,0.19461814615103057,False
2949,0.4637773498877516,99.77980665950591,0.193653075691161,False
2950,0.5140912790181235,99.77980665950591,0.19270612424173272,False
2951,0.560576942614533,99.77980665950591,0.19187368908865013,False
2952,0.603652249754401,99.77980665950591,0.191150374904831,False
2953,0.6436394131461666,99.77980665950591,0.19053060916720807,False
2954,0.6807937753703206,99.77980665950591,0.1900086778069969,False
2955,0.7967286463062391,98.87886391543431,0.044068244460196304,False
2956,0.8793939303559065,99.73466355338569,0.04392263092835974,False
2957,0.9491912500871044,99.73627301017986,0.043821749109919865,False
2958,1.0104488493066097,99.7378905430908,0.04376656714654707,False
2959,1.0652163930664527,99.73951549882781,0.04375750041216116,False
2960,1.114696123966521,99.74114723545247,0.04379441541403291,False
2961,1.114696123966521,99.7427851226915,0.04387664273979346,False
2962,1.114696123966521,99.7444285422204,0.044002998690114335,False
2963,1.114696123966521,99.74607688791833,0.044593877853579336,False
2964,1.1461683299371317,99.74772956609485,0.04518595280396022,False
2965,1.1751172867945407,99.74938599568944,0.04577526675219308,False
2966,1.201681991620676,99.75104560844453,0.04502329309254403,False
2967,1.2259790140555222,99.75270784905287,0.044159998041288756,False
2968,1.2481068205144499,99.75437217528001,0.04317525394838811,False
2969,1.2681489963097885,99.75603805806294,0.04205710040116692,False
2970,1.2861766890619075,99.75770498158558,0.04134142182893376,False
2971,1.3022504881911108,99.75937244333221,0.041424804324963975,False
2972,1.3164218868227548,99.76103995411967,0.04163686821917123,False
2973,1.3287344279695676,99.76270703810926,0.04173715436569767,False
2974,1.3392246071829446,99.76437323279924,0.04153223388479973,False
2975,1.347922583568817,99.76603808899911,0.20036391422250574,False
2976,1.3548527368476762,99.7677011707861,0.20045355549613772,False
2977,1.360034097940745,99.76936205544536,0.20048298142188484,False
2978,1.3634806730596907,99.77102033339439,0.20045506999201929,False
2979,1.3652016755898781,99.77267560809275,0.20990825501041277,False
2980,1.3652016755898781,99.7743274959379,0.21013589643967237,False
2981,1.3652016755898781,99.77597562614812,0.21029679244060068,False
2982,1.3652016755898781,99.77761964063333,0.21039261797082145,False
2983,1.3652016755898781,99.77925919385457,0.2104251881445374,False
2984,1.3652016755898781,99.7808939526731,0.21039646338223386,False
2985,1.3652016755898781,99.78252359618982,0.2103085549000496,False
2986,1.3652016755898781,99.78414781557589,0.21045366810587537,False
2987,1.3634806730596907,99.7857663138952,0.21056435899530668,False
2988,1.3634806730596907,99.78737880591937,0.2106431452111765,False
2989,1.3634806730596907,99.78898501793627,0.21069266467173436,False
2990,1.3634806730596907,99.79058468755235,0.21071568112694375,False
2991,1.3634806730596907,99.72151793507626,0.21054814272455152,False
2992,1.3634806730596907,99.81438706484079,0.2845669031252129,False
2993,1.3634806730596907,99.81543761791485,0.2844953660405858,False
2994,1.3634806730596907,99.72878569960962,0.28441758141452267,False
2995,1.3634806730596907,98.89279294002289,0.2059936029709623,False
2996,1.3634806730596907,99.69535724440473,0.205758497993118,False
2997,1.3634806730596907,99.6971410111452,0.2055432497617846,False
2998,1.3634806730596907,99.69892818433624,0.20535920243310404,False
2999,1.3634806730596907,99.4540564409297,0.19545337440300592,False
3000,1.3634806730596907,99.66279956645658,0.19550905226816526,False
3001,1.3634806730596907,99.66279956645658,0.19504897687476205,False
3002,1.3634806730596907,99.66279956645658,0.19463624932912157,False
3003,1.3634806730596907,99.66279956645658,0.19426877407860801,False
3004,1.3634806730596907,99.66279956645658,0.19394707168658332,False
3005,1.3652016755898781,99.66279956645658,0.1936675529551811,False
3006,1.3652016755898781,99.66279956645658,0.19349349487856302,False
3007,1.3634806730596907,99.66279956645658,0.1933595724781727,False
3008,1.360034097940745,99.66279956645658,0.19326189625882903,False
3009,1.3548527368476762,99.66279956645658,0.19319635267068402,False
3010,1.347922583568817,99.66279956645658,0.19321727577725217,False
3011,1.3392246071829446,99.66279956645658,0.19327155924305636,False
3012,1.3287344279695676,98.8268156424581,0.025391612102955444,False
3013,1.3164218868227548,99.61524731268098,0.04117790864428254,False
3014,1.3022504881911108,99.61756820690742,0.040655698040202394,False
3015,1.2861766890619075,99.61989106156197,0.04036217530823593,False
3016,1.2407449439357603,99.62221529833307,0.040248965105395565,False
3017,1.1899285414712581,99.62454035223534,0.04026232523144716,False
3018,1.132529774880598,99.6268656716418,0.04034516206762322,False
3019,1.066503202885787,99.62919071829963,0.04043848177682803,False
3020,0.9875245214535493,99.5483426471714,0.03783759756629217,False
3021,0.875195788740725,99.60528836941943,0.03815285593281019,False
3022,0.875195788740725,99.60101281362695,0.03855857150971469,False
3023,0.875195788740725,99.59675870809171,0.04052546172174938,False
3024,0.875195788740725,99.59252710079188,0.04268504598740069,False
3025,0.8536576732793313,99.5883190335116,0.04501833010217295,False
3026,0.8301899714180443,99.58413554100886,0.047230546844917155,False
3027,0.804717519321077,99.57997765018689,0.04957972109373617,False
3028,0.7771529943226336,99.57584637927046,0.05204452024315007,False
3029,0.7473944462440387,99.57174273698831,0.05460416897472441,False
3030,0.7153220528038851,99.5676677217633,0.05704052747154679,False
3031,0.6807937753703206,99.56362232091138,0.059713248174058875,False
3032,0.6436394131461666,99.55960750985088,0.06246661457303775,False
3033,0.603652249754401,99.43970014297307,0.056569270880928696,False
3034,0.560576942614533,99.58645744763082,0.06037426720192056,False
3035,0.5140912790181235,99.57963568425969,0.0641751904436269,False
3036,0.4637773498877516,99.57275007839448,0.06796014427066233,False
3037,0.40907313904382653,99.56580089997631,0.07172044549075504,False
3038,0.3491843735073079,99.55878845695206,0.07544974986331464,False
3039,0.2829047929798921,99.55171309638169,0.07914342995944938,False
3040,0.208180945557171,99.5445752055457,0.08279812676627582,False
3041,0.208180945557171,99.5373752130509,0.08641142213057358,False
3042,0.208180945557171,99.53011358993217,0.08998159615092612,False
3043,0.208180945557171,99.52279085074872,0.09288173654750811,False
3044,0.208180945557171,99.51540755467197,0.09593369465672293,False
3045,0.208180945557171,99.50796430656325,0.09881242755182836,False
3046,0.208180945557171,99.50046175803878,0.10153269730422994,False
3047,0.12068101401352381,99.49290060851926,0.10410842031303152,False
3048,-0.0,99.4852816062617,0.10655288947110197,False
3049,-0.0,99.47760554937055,0.10887893102210197,False
3050,-0.0,99.46987328678563,0.11109901317029101,False
3051,-0.0,99.46208571924345,0.1131223678473649,False
3052,-0.0,99.45424380020957,0.11502849131351625,False
3053,-0.0,99.44634853677827,0.11682043974420168,False
3054,-0.0,99.43840099053683,0.11850107074569116,False
3055,-0.0,99.43040227839089,0.12007309871365222,False
3056,-0.0,99.42235357334766,0.12153914221666903,False
3057,-0.0,99.41425610525367,0.12290176507165528,False
3058,-0.0,99.40611116148337,0.12416351238867514,False
3059,0.12068101401352381,99.39792008757526,0.12532694257034996,False
3060,0.208180945557171,99.38968428781205,0.1263946560281078,False
3061,0.2829047929798921,99.38140522574093,0.12736932120469593,False
3062,0.3491843735073079,99.37308442463082,0.1282536983558942,False
3063,0.40907313904382653,99.36472346786248,0.12905066143428806,False
3064,0.4637773498877516,99.35632399924826,0.12958279316924076,False
3065,0.5140912790181235,99.34788772327758,0.13008775880929113,False
3066,0.560576942614533,99.33941640528467,0.13056468266933396,False
3067,0.603652249754401,99.33091187153508,0.13101269150603145,False
3068,0.6436394131461666,99.32237600922723,0.1314309158145166,False
3069,0.6807937753703206,99.31381076640572,0.13181849116559957,False
3070,0.7153220528038851,99.30521815178311,0.1321745595817267,False
3071,0.7473944462440387,99.2966002344666,0.1324982709496872,False
3072,0.7771529943226336,99.28795914358672,0.13278878446787928,False
3073,0.804717519321077,99.27929706782506,0.13304527012574147,False
3074,0.8301899714180443,99.27061625483775,0.1332669102127153,False
3075,0.8301899714180443,99.26191901057251,0.13345290085391598,False
3076,0.8301899714180443,99.25320769847634,0.13360245356950182,False
3077,0.8301899714180443,99.24448473859172,0.25178076171705593,False
3078,0.8301899714180443,99.23575260653912,0.25276141504390565,False
3079,0.8301899714180443,99.22701383238405,0.25339294521773764,False
3080,0.8301899714180443,99.21827099938687,0.2537090535047651,False
3081,0.8301899714180443,99.20952674263422,0.25374032006015235,False
3082,0.8301899714180443,99.20078374755079,0.2535146262715116,False
3083,0.8301899714180443,99.19204474829087,0.25305749644213954,False
3084,0.8301899714180443,99.18331252600916,0.2523923765430924,False
3085,0.8301899714180443,99.17458990701076,0.251540863316305,False
3086,0.8301899714180443,99.16587976078061,0.2505228938191408,False
3087,0.8301899714180443,99.15718499789297,0.2493569031775172,False
3088,0.8301899714180443,99.14850856780198,0.24805995660215302,False
3089,0.8301899714180443,99.13985345651481,0.2466478604453522,False
3090,0.8301899714180443,99.13122268414881,0.24513525611322404,False
3091,0.8301899714180443,99.12261930237534,0.2435356999156661,False
3092,0.8301899714180443,99.11404639175258,0.24186173137359052,False
3093,0.8301899714180443,99.10550705895032,0.24012493206642893,False
3094,0.8301899714180443,99.09700443387044,0.23833597676125648,False
3095,0.8301899714180443,99.08854166666667,0.23650467829456728,False
3096,0.8301899714180443,99.08012192466798,0.2346400274613538,False
3097,0.8301899714180443,98.24188983235358,0.09305247993560012,False
3098,0.8301899714180443,99.00391900718485,0.08543757513663316,False
3099,0.8301899714180443,99.00391900718485,0.07815006358244878,False
3100,0.8301899714180443,99.00391900718485,0.07119842153001159,False
3101,0.8301899714180443,99.00391900718485,0.06459334395487389,False
3102,0.8301899714180443,99.00391900718485,0.05834849292368541,False
3103,0.8301899714180443,99.00391900718485,0.1753741841700622,False
3104,0.8301899714180443,99.00391900718485,0.1759729828054738,False
3105,0.8301899714180443,99.00391900718485,0.19610732342623502,False
3106,0.8301899714180443,99.00391900718485,0.19651015744798112,False
3107,0.8301899714180443,99.00391900718485,0.19706045885777265,False
3108,0.8301899714180443,99.00391900718485,0.19711243254686042,False
3109,0.8301899714180443,99.00391900718485,0.1972372202361815,False
3110,0.8301899714180443,99.00391900718485,0.1974211956763513,False
3111,0.8301899714180443,99.00391900718485,0.19765186635304416,False
3112,0.8301899714180443,99.00391900718485,0.19791787615269357,False
3113,0.8301899714180443,99.00391900718485,0.198208994154492,False
3114,0.8536576732793313,99.00391900718485,0.2770812299489036,False
3115,0.8536576732793313,99.00391900718485,0.27741397505888077,False
3116,0.8536576732793313,99.00391900718485,0.27786273195778805,False
3117,0.8536576732793313,99.00391900718485,0.278427949715012,False
3118,0.8536576732793313,99.00391900718485,0.27910987272057775,False
3119,0.9665364727522964,99.00391900718485,0.2793995754984326,False
3120,1.0236982481827188,99.00391900718485,0.2948337046199452,False
3121,1.0670056836533544,99.00391900718485,0.29577715106868413,False
3122,1.1006987578744163,99.00391900718485,0.3377710920740886,False
3123,1.1267251857192597,98.24188983235358,0.33282475284062824,False
3124,1.146168329937132,99.08556499020249,0.3335490210333814,False
3125,1.1596780472087271,98.56220498073897,0.3234729445251768,False
3126,1.1676444621356104,99.04823707549211,0.3248313106147468,False
3127,1.17027775595384,99.04607922392886,0.32633480625135103,False
3128,1.1676444621356101,99.04403866809882,0.32835362855357203,False
3129,1.1596780472087271,99.04211483919302,0.33052347791831155,False
3130,1.1461683299371317,99.04030710172745,0.3328350434624984,False
3131,1.1267251857192595,99.03861475540447,0.33527888705182607,False
3132,1.0730208202534555,99.03703703703704,0.33784548429721584,False
3133,1.0128030232541478,99.03557312252964,0.34052526369425967,False
3134,0.9440231356865454,98.11014553449901,0.28286200599136263,False
3135,0.8623538561746378,99.01201185585774,0.285468617991658,False
3136,0.8623538561746378,99.01991288114499,0.2875995171644965,False
3137,0.8623538561746378,99.02787114121723,0.28974702222879933,False
3138,0.8623538561746378,99.03588368735822,0.2918983225479317,False
3139,0.8623538561746378,98.89245419728806,0.29346861139670916,False
3140,0.9440231356865454,98.52467532467533,0.2823460812324746,False
3141,1.0128030232541478,99.0354535974974,0.28552035434033735,False
3142,1.0730208202534555,98.20125130344108,0.23911752398622788,False
3143,1.1267251857192595,98.20125130344108,0.18615411063085988,False
3144,1.1751172867945407,99.0354535974974,0.18835624074503476,False
3145,1.2189859772419214,99.04199678939464,0.22633026334376033,False
3146,1.258887499344383,99.04854968113557,0.2304797887556501,False
3147,1.2952336017523502,99.05511006690843,0.2321816637627018,False
3148,1.3283399146847865,99.06167579630757,0.23704743533364464,False
3149,1.3584547364298434,99.06824477461596,0.24118460583578258,False
3150,1.3857772327036844,99.0748149629926,0.2443928523162228,False
3151,1.410469497157276,99.08138437856894,0.24615202054146182,False
3152,1.4326648482653093,99.08795109445869,0.24737106628900823,False
3153,1.4524737111892643,99.09451323968479,0.24693757791274074,False
3154,1.4699878894344567,99.10106899902819,0.24441183682557907,False
3155,1.485283726758245,99.10761661280209,0.24224391073362497,False
3156,1.4984244813325356,99.11415437655621,0.28782886259144574,False
3157,1.5094621252684286,99.12068064071487,0.28539297463591445,False
3158,1.5184387137728148,99.12719381015286,0.282770278072958,False
3159,1.5253874232579383,99.09623039100913,0.2810742639447339,False
3160,1.530333327439556,99.17270868191113,0.27686211206419903,False
3161,1.5332939593741384,99.17270868191113,0.27273567804712484,False
3162,1.534279692145678,99.17270868191113,0.26870113761401315,False
3163,1.5332939593741384,99.17270868191113,0.264764279898455,False
3164,1.530333327439556,99.17270868191113,0.26093049655018197,False
3165,1.5253874232579383,98.41978062836958,0.22594317119515187,False
3166,1.5184387137728148,99.24242424242425,0.21857035673200728,False
3167,1.5094621252684286,99.20660547073204,0.2133333695668979,False
3168,1.4984244813325356,99.27668925105291,0.20411509781944698,False
3169,1.485283726758245,99.27668925105291,0.1950163705380538,False
3170,1.4699878894344567,99.27668925105291,0.18636576198216276,False
3171,1.4524737111892643,99.27668925105291,0.17901944643416354,False
3172,1.4326648482653093,99.27668925105291,0.17189439751953495,False
3173,1.410469497157276,99.27668925105291,0.1666998055818549,False
3174,1.3857772327036844,99.20660547073204,0.16574056695677447,False
3175,1.3857772327036844,99.24242424242425,0.16387756749627244,False
3176,1.3584547364298434,98.41978062836958,0.03472747411739686,False
3177,1.3283399146847865,99.17270868191113,0.03224685368758977,False
3178,1.2952336017523502,99.17270868191113,0.02992626843224866,False
3179,1.258887499344383,99.17270868191113,0.10661899402364271,False
3180,1.2310786130055862,99.17270868191113,0.10620390729082436,False
3181,1.200719639829801,99.17270868191113,0.10588397623367929,False
3182,1.1676444621356101,99.17270868191113,0.10565097215362404,False
3183,1.1316501862018717,99.17270868191113,0.10824492418705876,False
3184,1.0924850533852573,99.17270868191113,0.10873962023783648,False
3185,1.0498302157100041,99.17270868191113,0.10932923734018235,False
3186,1.0032709271829536,99.17270868191113,0.10996930474662624,False
3187,0.9522481488898977,99.17270868191113,0.17438554519440028,False
3188,0.8959704136014894,99.17270868191113,0.17634619364147414,False
3189,0.8332341082038747,99.17270868191113,0.178360911249809,False
3190,0.7619882811604883,99.17270868191113,0.18042399131097306,False
3191,0.677903479475398,99.17270868191113,0.272371554904428,False
3192,0.560576942614533,99.17270868191113,0.27474877349743,False
3193,0.5140912790181235,99.17270868191113,0.2768458495893932,False
3194,0.4637773498877516,99.17270868191113,0.2786839316438066,False
3195,0.40907313904382653,99.17270868191113,0.28028285471800496,False
3196,0.3491843735073079,99.17270868191113,0.3158789630517074,False
3197,0.2829047929798921,99.17270868191113,0.3180294260996084,False
3198,0.208180945557171,99.17270868191113,0.3200807744507186,False
3199,0.12068101401352381,98.7080223880597,0.3678597483212846,False
3200,-0.0,99.12945801741084,0.37058942075788903,False
3201,-0.0,99.12181835258758,0.37291335824696215,False
3202,-0.0,99.11421032793065,0.3779595294079752,False
3203,-0.0,99.02216737076945,0.38026580821536704,False
3204,-0.0,99.06752104055089,0.3829492486201429,False
3205,-0.0,99.0606483934679,0.3853912684334481,False
3206,-0.0,99.0537655279503,0.38760662599093265,False
3207,-0.0,98.52998442367601,0.3655433235562179,False
3208,-0.0,98.9942388438629,0.366717612421313,False
3209,-0.0,98.98638722945843,0.3676455739873623,False
3210,-0.0,98.97858966804164,0.3686895112625485,False
3211,-0.0,98.18306815949715,0.30930167316423873,False
3212,-0.0,98.90001964250638,0.30919487697854847,False
3213,-0.0,98.90001964250638,0.37245739442907777,False
3214,-0.0,98.90001964250638,0.37407510162148405,False
3215,-0.0,98.90001964250638,0.3753272941656693,False
3216,-0.0,98.37502462083908,0.3480694121306761,False
3217,0.12068101401352381,98.83479806457984,0.34782023331274836,False
3218,0.208180945557171,98.82684882684883,0.39256694617731797,False
3219,0.2829047929798921,98.04474804474805,0.33263267771289284,False
3220,0.3491843735073079,98.73774873774873,0.32957678564692955,False
3221,0.40907313904382653,98.73774873774873,0.3270091823162498,False
3222,0.4637773498877516,98.63409770687936,0.32119109373181476,False
3223,0.5140912790181235,98.67469879518072,0.3176696560143739,False
3224,0.560576942614533,98.6654534425235,0.3145290281749341,False
3225,0.603652249754401,98.65621500559911,0.3118323207066025,False
3226,0.6436394131461666,98.6469864698647,0.30964019323975,False
3227,0.6807937753703206,98.63777089783282,0.30769041745239584,False
3228,0.7153220528038851,98.62857142857143,0.3062600699343463,False
3229,0.7473944462440387,98.61939127706307,0.30538008338266853,False
3230,0.7771529943226336,98.61023373341756,0.3040779031661669,False
3231,0.804717519321077,98.60110216193303,0.30323636890962086,False
3232,0.8301899714180443,98.592,0.30286533292635465,False
3233,0.8536576732793313,97.792,0.2203733894305466,False
3234,0.875195788740725,98.48,0.2228787499343264,False
3235,0.8948692308065574,98.48,0.22474924996019122,False
3236,0.9127341558073343,98.48,0.2271701052951755,False
3237,0.9288391461883214,98.48,0.2300238181865551,False
3238,0.9432261548473415,97.80266666666667,0.1444273001640981,False
3239,0.9559312637896478,98.58666666666667,0.15209548349255828,False
3240,0.9669852958320848,98.59507210898835,0.15900164340244347,False
3241,0.976414308115487,98.60358925347775,0.1650935849005604,False
3242,0.9842399889605549,98.61221463001219,0.17066826905692528,False
3243,0.9904799742690308,98.62094473211455,0.17550491937314167,False
3244,0.995148095654003,98.62977602108037,0.17831857564185433,False
3245,0.995148095654003,98.63870493009566,0.18028286923700157,False
3246,0.995148095654003,98.64772786833691,0.1813707297750837,False
3247,0.995148095654003,98.65684122504442,0.18208710455428168,False
3248,0.995148095654003,98.66604137356052,0.18200360601789975,False
3249,0.995148095654003,98.67532467532467,0.180510779841581,False
3250,0.995148095654003,98.68468748381751,0.17927365833916756,False
3251,0.995148095654003,98.69412614844637,0.17749639391854616,False
3252,0.995148095654003,98.70363701836514,0.1751531362838586,False
3253,0.995148095654003,98.71321644622168,0.17236565271004142,False
3254,0.9982545693874831,98.30395913154534,0.16275223422398194,False
3255,0.999806132804711,98.78346737249313,0.15463000412852212,False
3256,0.999806132804711,98.78346737249313,0.14631471119734496,False
3257,0.9982545693874831,98.78346737249313,0.13780251320006381,False
3258,0.995148095654003,98.78346737249313,0.12908446151824027,False
3259,1.0971804769523517,98.78346737249313,0.12014450834522201,False
3260,1.1655498193580116,98.78346737249313,0.11095637540871628,False
3261,1.2206340886225493,98.78346737249313,0.10147840282086779,False
3262,1.2132336634320215,98.78346737249313,0.0916445638433921,False
3263,1.2041517951932372,98.78346737249313,0.08134754220400549,False
3264,1.1933654824135869,98.78346737249313,0.07351338363725193,False
3265,1.180846716107336,98.78346737249313,0.06581428108343634,False
3266,1.1665620111568704,98.78346737249313,0.058325551665578554,False
3267,1.15047181636257,98.78346737249313,0.05103955551797889,False
3268,1.132529774880598,98.78346737249313,0.043940708365332926,False
3269,1.1126817966979572,98.78346737249313,0.03978371763781629,False
3270,1.090864890696142,98.78346737249313,0.03587871461438104,False
3271,1.0670056836533544,98.78346737249313,0.03221990776433352,False
3272,1.041018523939755,98.78346737249313,0.02880089500942608,False
3273,1.0128030232541478,98.78346737249313,0.16813680614559298,False
3274,0.9822408213425595,98.78346737249313,0.16922862930613378,False
3275,0.9491912500871044,98.78346737249313,0.21217843800081218,False
3276,0.9134853951751388,98.78346737249313,0.24572918438745497,False
3277,0.8749177494187964,98.78346737249313,0.27341934835401643,False
3278,0.8749177494187964,98.78346737249313,0.27859172762260653,False
3279,0.8749177494187964,98.78346737249313,0.31034716895334385,False
3280,0.8749177494187964,98.78346737249313,0.337620162311336,False
3281,0.8749177494187964,98.78346737249313,0.36145440029156933,False
3282,0.8749177494187964,98.78346737249313,0.38252049932092086,False
3283,0.8749177494187964,98.78346737249313,0.40128180045582956,False
3284,0.8749177494187964,98.78346737249313,0.4180758466221164,False
3285,0.8749177494187964,98.78346737249313,0.433170003870999,False
3286,0.8749177494187964,98.78346737249313,0.44675059841832754,False
3287,0.8749177494187964,98.78346737249313,0.4589803204012397,False
3288,0.8749177494187964,98.78346737249313,0.469993064445895,False
3289,0.8749177494187964,98.78346737249313,0.47990123669183793,False
3290,0.8749177494187964,98.78346737249313,0.48880088419393364,False
3291,0.8749177494187964,98.78346737249313,0.4953594250848991,False
3292,0.8749177494187964,98.78346737249313,0.5041963925562395,False
3293,0.8749177494187964,98.04031354983202,0.4841869802352163,False
3294,0.9371713531760616,98.85981879262954,0.49074035109530806,False
3295,0.9929563290994998,99.33566610882905,0.47994920576055916,False
3296,0.9929563290994998,99.33566610882905,0.4691474967012473,False
3297,0.9929563290994998,99.33566610882905,0.4583625102003456,False
3298,0.9929563290994998,98.57497844718291,0.4592716336524605,False
3299,0.9929563290994998,99.42187737714895,0.45306177749413024,False
3300,0.9929563290994998,99.4259240608319,0.43893358583968045,False
3301,0.9929563290994998,99.42997149857493,0.42462940873005167,False
3302,0.9929563290994998,99.43401846887102,0.4101786806806455,False
3303,0.9929563290994998,99.4380637846897,0.39561438543861555,False
3304,0.9929563290994998,99.44210629343252,0.38030072002160703,False
3305,0.9929563290994998,99.44614487684011,0.3650429321030519,False
3306,0.9522481488898977,99.45017845085367,0.35024052322954946,False
3307,0.908083119686079,99.45420596543305,0.33592097951092614,False
3308,0.8600451249809193,99.45822640433418,0.3221135414244981,False
3309,0.8075738393756748,99.46223878484834,0.30830799383792507,False
3310,0.7498765864518436,99.46624215750539,0.29511555440290366,False
3311,0.6857486151292824,99.43305915702402,0.2850504629897847,False
3312,0.6131379016405238,99.51572733142699,0.2701726532528766,False
3313,0.5277139815252946,99.51572733142699,0.25629794008164763,False
3314,0.40907313904382653,99.51572733142699,0.24348023628617513,False
3315,0.40907313904382653,99.51572733142699,0.2317711625431151,False
3316,0.40907313904382653,99.51572733142699,0.221216868454577,False
3317,0.40907313904382653,99.51572733142699,0.211854070713308,False
3318,0.40907313904382653,99.51572733142699,0.20370551298614784,False
3319,0.5277139815252946,98.75472742366941,0.16955113629760787,False
3320,0.5541015302865538,99.58490914122314,0.15475912787274085,False
3321,0.5621380056254565,99.58658704639411,0.14105842824400402,False
3322,0.5541015302865538,99.58828911253431,0.12852897246213352,False
3323,0.6271502454482835,99.59001457725948,0.11736815128073044,False
3324,0.6917244835981394,99.59176267803683,0.11006492290816834,False
3325,0.7498765864518436,99.59353265287689,0.10419175927350642,False
3326,0.8028116417452926,99.59532374100719,0.09848993255776017,False
3327,0.8600451249809193,99.5971351835273,0.09296912231862729,False
3328,0.9120433642792949,99.5989662240442,0.08764020069406105,False
3329,0.9595986573441049,99.60081610928768,0.08451477556459294,False
3330,1.0032709271829536,99.60268408970511,0.08080885288691628,False
3331,1.0032709271829536,99.60456942003515,0.07722132757003625,False
3332,1.0032709271829536,99.60647135986008,0.07375196538061767,False
3333,1.0032709271829536,99.60838917413628,0.0704007259005488,False
3334,1.0032709271829536,99.61032213370281,0.06716778226356,False
3335,1.0032709271829536,99.61226951576771,0.06405354191106055,False
3336,1.0434758622197662,99.61423060437205,0.0610586679139785,False
3337,1.0805333164475432,99.61620469083155,0.05818410012766529,False
3338,1.114696123966521,99.61819107415577,0.055431075065175216,False
3339,1.114696123966521,99.62018906144498,0.05280114286854166,False
3340,1.114696123966521,99.62219796826463,0.05029617911030806,False
3341,1.114696123966521,99.62421711899792,0.04791838836405322,False
3342,1.1596780472087271,99.62624584717608,0.04576759697219447,False
3343,1.200719639829801,99.62828349578722,0.04364524685605257,False
3344,1.2382339767869435,99.63032941756346,0.04155698704236405,False
3345,1.272538115441929,99.63238297524713,0.039509277455505316,False
3346,1.3038818925522597,99.6344435418359,0.03750952419319863,False
3347,1.3324661355215683,99.63651050080776,0.03556623151473243,False
3348,1.3584547364298434,99.6385832463256,0.033689165446980675,False
3349,1.3819829643540342,99.64066118342251,0.031889517291791965,False
3350,1.4031633649036752,99.64274372816767,0.031960007990576494,False
3351,1.4220900521936763,99.64483030781373,0.032021950064239565,False
3352,1.438841894200673,99.64692036092585,0.03207550359277592,False
3353,1.438841894200673,99.64901333749317,0.032120830677367,False
3354,1.438841894200673,99.6511086990231,0.032158095185877526,False
3355,1.4220900521936763,99.653205918619,0.032187462505735516,False
3356,1.4031633649036752,99.65530448104175,0.03220909930436217,False
3357,1.4031633649036752,99.657403882756,0.03222317329724974,False
3358,1.4031633649036752,99.65950363196126,0.032229853023823585,False
3359,1.4031633649036752,99.66160324860881,0.03222930763113598,False
3360,1.4031633649036752,99.66370226440475,0.036415839979735076,False
3361,1.4031633649036752,99.66580022279985,0.03571521497354848,False
3362,1.4031633649036752,99.66789667896678,0.17935498893908344,False
3363,1.4031633649036752,99.66999119976532,0.17929281640674952,False
3364,1.4031633649036752,99.67208336369599,0.17920845324223403,False
3365,1.4031633649036752,99.67417276084281,0.17910540468284103,False
3366,1.4031633649036752,99.67625899280576,0.1789870997168777,False
3367,1.4031633649036752,99.6783416726233,0.17885689518006237,False
3368,1.4031633649036752,99.68042042468575,0.17871807914151772,False
3369,1.4031633649036752,99.68249488463981,0.17857387362637556,False
3370,1.4031633649036752,99.68456469928502,0.17842743671697062,False
3371,1.4031633649036752,99.6866295264624,0.1782818640707324,False
3372,1.4031633649036752,99.688689034936,0.17814018989005542,False
3373,1.4031633649036752,99.69074290426775,0.17800538737752244,False
3374,1.4031633649036752,99.69279082468596,0.17788036870876142,False
3375,1.4031633649036752,99.69483249694832,0.1777679845548256,False
3376,1.4031633649036752,99.6968676321994,0.17762319996057846,False
3377,1.4031633649036752,99.69889595182335,0.1779022191232084,False
3378,1.4031633649036752,99.7009171872923,0.17817554155038778,False
3379,1.4031633649036752,99.70293108001056,0.17844433475623564,False
3380,1.374344879613302,99.59070504357011,0.17790248752157795,False
3381,1.3425003133763334,99.6666226564563,0.17830595496654228,False
3382,1.30738316633364,98.8853189954757,0.031509386982343165,False
3383,1.2686794699537274,99.62227287528492,0.03327582763550247,False
3384,1.2449737775841292,99.6248382923674,0.03506762143720161,False
3385,1.2189859772419214,99.62739303610434,0.03686922844871051,False
3386,1.190600186419197,99.62993683404581,0.03866834978372271,False
3387,1.1596780472087271,99.63246942525822,0.040455233435667315,False
3388,1.114696123966521,99.63499056010069,0.04222212836020921,False
3389,1.0652163930664527,99.6375,0.043962861337707486,False
3390,1.0104488493066097,99.63999751722426,0.045672511244491065,False
3391,0.9491912500871044,99.64248289465574,0.04567634631208303,False
3392,0.9491912500871044,99.64495592556317,0.045794550651838746,False
3393,0.9491912500871044,99.64741641337386,0.17709325857773314,False
3394,0.9491912500871044,99.64986417144581,0.17726038152779888,False
3395,0.9491912500871044,99.65229902284035,0.17740699038513574,False
3396,0.9491912500871044,99.63388498630789,0.17757760830506633,False
3397,0.8793939303559065,99.68964294159376,0.17731500187301372,False
3398,0.7967286463062391,99.68964294159376,0.17704803893816248,False
3399,0.6807937753703206,99.68964294159376,0.17677514603153455,False
3400,0.6807937753703206,99.68964294159376,0.1764948432201039,False
3401,0.6807937753703206,99.68964294159376,0.17706964875898046,False
3402,0.6807937753703206,99.68964294159376,0.17715629516319806,False
3403,0.6436394131461666,99.68964294159376,0.17725194401464286,False
3404,0.603652249754401,99.68964294159376,0.3850573259010904,False
3405,0.560576942614533,99.68964294159376,0.3848708136648395,False
3406,0.5140912790181235,99.68964294159376,0.38468142455914306,False
3407,0.4637773498877516,99.68964294159376,0.38449266350225997,False
3408,0.40907313904382653,99.68964294159376,0.3843103717347542,False
3409,0.3491843735073079,99.68964294159376,0.38414007092215086,False
3410,0.2829047929798921,99.68964294159376,0.3839869699795025,False
3411,0.208180945557171,99.63388498630789,0.3840583662955088,False
3412,0.12068101401352381,99.65229902284035,0.38414527695641393,False
3413,-0.0,98.8969486241832,0.3441007559866877,False
3414,-0.0,99.60134284515317,0.3445169386458167,False
3415,-0.0,99.60134284515317,0.3449638619718737,False
3416,-0.0,99.60134284515317,0.3454424480154382,False
3417,-0.0,99.60134284515317,0.34595357134680277,False
3418,-0.0,99.60134284515317,0.37117339848632613,False
3419,-0.0,99.60134284515317,0.37298086544012266,False
3420,-0.0,99.60134284515317,0.37484805858434994,False
3421,-0.0,99.5471834812534,0.37588206979372435,False
3422,-0.0,99.56828408123556,0.378288434291318,False
3423,-0.0,99.56521739130434,0.38063015452254534,False
3424,-0.0,98.09246785058176,0.17129855820973805,False
3425,-0.0,99.56521739130434,0.1753363226796372,False
3426,-0.0,99.56827095558056,0.1791275246998329,False
3427,-0.0,99.57130781306606,0.1826823547203378,False
3428,-0.0,99.57432776761894,0.18600447388469613,False
3429,-0.0,99.57733063459936,0.18909707598875472,False
3430,-0.0,99.58031624057928,0.19196294529472235,False
3431,-0.0,99.58328442305435,0.1946045082173949,False
3432,-0.0,99.58623503015822,0.19695862364994532,False
3433,-0.0,99.58916792037958,0.19905728782351448,False
3434,-0.0,99.6236821694292,0.20036410741473132,False
3435,-0.0,99.6236821694292,0.20020595252880094,False
3436,-0.0,99.6236821694292,0.19991110008727783,False
3437,-0.0,99.6236821694292,0.19948490841304548,False
3438,-0.0,98.92849961219154,0.14786890729025548,False
3439,-0.0,99.67251730774755,0.14371276463964383,False
3440,-0.0,99.67476891475522,0.1386975028681189,False
3441,-0.0,99.65434197478396,0.1346418596163386,False
3442,-0.0,99.70455824423185,0.2058254729124115,False
3443,-0.0,99.70455824423185,0.20103696197012746,False
3444,-0.0,99.70455824423185,0.1973954850960289,False
3445,-0.0,99.70455824423185,0.19383533948123358,False
3446,-0.0,99.70455824423185,0.1903579822554882,False
3447,-0.0,99.70455824423185,0.18696487025561764,False
3448,-0.0,99.70455824423185,0.18365745337295517,False
3449,-0.0,99.70455824423185,0.18059020126625436,False
3450,-0.0,99.70455824423185,0.17760024207513134,False
3451,-0.0,99.70455824423185,0.1746883328282587,False
3452,-0.0,99.70455824423185,0.17193674999252284,False
3453,-0.0,99.70455824423185,0.2342047479173054,False
3454,-0.0,99.70455824423185,0.2325619324695862,False
3455,-0.0,99.70455824423185,0.23196232733915947,False
3456,-0.0,99.70455824423185,0.23196357277683474,False
3457,-0.0,99.70455824423185,0.23204100077451548,False
3458,-0.0,99.70455824423185,0.23218870696661012,False
3459,-0.0,99.70455824423185,0.23240103207108537,False
3460,-0.0,99.67129498441484,0.2329563868241508,False
3461,-0.0,99.66896866617202,0.23353995791164178,False
3462,-0.0,98.92985560184921,0.1691339229831605,False
3463,-0.0,99.62045545345585,0.16997969317526682,False
3464,-0.0,99.62045545345585,0.17082600538600134,False
3465,-0.0,99.62045545345585,0.17167701978082692,False
3466,-0.0,99.62045545345585,0.17253270459191536,False
3467,-0.0,99.62045545345585,0.17339302829941178,False
3468,-0.0,99.62045545345585,0.17425795963376695,False
3469,-0.0,99.62045545345585,0.17496965556380592,False
3470,-0.0,99.62045545345585,0.17570402083581332,False
3471,-0.0,99.62045545345585,0.17643578397907161,False
3472,-0.0,99.62045545345585,0.17715665667016967,False
3473,-0.0,98.92414816505907,0.07275840317322135,False
3474,-0.0,99.66896866617202,0.0728673861058865,False
3475,-0.0,99.64576189531556,0.0734305099484617,False
3476,-0.0,99.69325153374233,0.07224619810018817,False
3477,-0.0,99.69325153374233,0.07094759713051994,False
3478,-0.0,99.69325153374233,0.16130087424120967,False
3479,-0.0,99.69325153374233,0.16206913114291932,False
3480,-0.0,99.69325153374233,0.16276282469170414,False
3481,-0.0,99.69325153374233,0.16338186246499634,False
3482,-0.0,99.69325153374233,0.1637679487857876,False
3483,-0.0,99.69325153374233,0.16524709753777983,False
3484,-0.0,99.69325153374233,0.16580758855222755,False
3485,-0.0,99.69325153374233,0.16630005206675819,False
3486,-0.0,99.69325153374233,0.1661129122035203,False
3487,-0.0,99.69325153374233,0.16689166136679806,False
3488,-0.0,99.69325153374233,0.1675993336572384,False
3489,-0.0,99.69325153374233,0.16823608424924086,False
3490,-0.0,99.69325153374233,0.16912827595033492,False
3491,-0.0,99.69325153374233,0.17039063915592842,False
3492,-0.0,99.69325153374233,0.1715136903151125,False
3493,-0.0,99.69325153374233,0.17296603281548767,False
3494,-0.0,99.69325153374233,0.1743061931302793,False
3495,-0.0,99.69325153374233,0.21584656567605273,False
3496,-0.0,99.69325153374233,0.21842368347007432,False
3497,-0.0,99.69325153374233,0.220841860730946,False
3498,-0.0,99.00095683007824,0.16955733451442073,False
3499,-0.0,99.73546462542916,0.17176953051660687,False
3500,0.12068101401352381,99.73731276548178,0.173736567206784,False
3501,0.208180945557171,99.73914973914974,0.2092943029058775,False
3502,0.208180945557171,99.73546431523836,0.21270285711580583,False
3503,0.208180945557171,99.7728889618563,0.21493511332949364,False
3504,0.208180945557171,99.77445039267371,0.21756133690438625,False
3505,0.208180945557171,99.7760025908134,0.219942086309831,False
3506,0.208180945557171,99.7534239232398,0.22255177803515236,False
3507,0.208180945557171,99.7923875432526,0.22417334199903005,False
3508,0.208180945557171,99.79382533305139,0.2256006020816837,False
3509,0.208180945557171,99.7952540949181,0.22615329258905587,False
3510,0.208180945557171,99.80710077681039,0.22636756251548287,False
3511,0.208180945557171,99.82138234532746,0.2261810712818366,False
3512,0.208180945557171,99.82138234532746,0.22603990399922483,False
3513,0.208180945557171,99.82138234532746,0.2259926490342926,False
3514,0.208180945557171,99.82138234532746,0.22593412953048744,False
3515,0.208180945557171,99.14574165156614,0.1877241946289823,False
3516,0.208180945557171,99.85503494693243,0.18570651598201843,False
3517,0.208180945557171,99.8560411311054,0.18352845216589028,False
3518,0.208180945557171,99.8672521188604,0.18077995166722763,False
3519,0.208180945557171,99.8757795467221,0.22444030319740227,False
3520,0.208180945557171,99.8757795467221,0.22216433331138866,False
3521,0.208180945557171,99.19636972063074,0.18817069529644828,False
3522,0.208180945557171,99.90366577092735,0.18358577996195505,False
3523,0.208180945557171,99.90431585838748,0.1791937904894871,False
3524,0.208180945557171,99.90496198479391,0.1749998656351896,False
3525,0.208180945557171,99.90560413354531,0.17087268443137862,False
3526,0.208180945557171,99.90624228966198,0.16674154688015666,False
3527,0.208180945557171,99.90687643973925,0.16283044561448454,False
3528,0.208180945557171,99.90750657190146,0.15914392654394233,False
3529,0.208180945557171,99.90813267575669,0.15669067611951568,False
3530,0.208180945557171,99.9087547423522,0.15440120321209957,False
3531,0.2829047929798921,99.9093727641307,0.15227286437067789,False
3532,0.3491843735073079,99.9123555050218,0.1502992468919829,False
3533,0.3491843735073079,99.91765480895916,0.14831479115756152,False
3534,0.3491843735073079,99.91765480895916,0.14647522272544727,False
3535,0.3491843735073079,99.91765480895916,0.14477620057094595,False
3536,0.3491843735073079,99.91765480895916,0.1432130803836609,False
3537,0.3491843735073079,99.90999313105473,0.14204265317664494,False
3538,0.3491843735073079,99.8998473864937,0.14123678495648795,False
3539,0.3491843735073079,99.21785578023655,0.031319301244825376,False
3540,0.3491843735073079,99.8736169400992,0.028572182977920555,False
3541,0.46824757305098735,99.8736169400992,0.025747485494029304,False
3542,0.5541015302865538,99.8736169400992,0.022751227404450434,False
3543,0.6271502454482835,99.8736169400992,0.019498657460191134,False
3544,0.6271502454482835,99.8736169400992,0.015825444207930972,False
3545,0.6271502454482835,99.86316168527188,0.013224354970928337,False
3546,0.6271502454482835,99.85015467904098,0.01324233403385797,False
3547,0.6271502454482835,99.8491447480474,0.013245940591297073,False
3548,0.6271502454482835,99.84812855183226,0.1632152837523116,False
3549,0.6271502454482835,99.84710611328944,0.16322702976097114,False
3550,0.6271502454482835,99.84607745779543,0.16334608638621337,False
3551,0.6271502454482835,99.84504261328135,0.1634428671557342,False
3552,0.6271502454482835,99.84400161030595,0.16344275572401085,False
3553,0.6271502454482835,99.84295448212974,0.16343135529551422,False
3554,0.6271502454482835,99.84190126478988,0.16463092772136287,False
3555,0.6271502454482835,99.84084199717623,0.16488709807623633,False
3556,0.6271502454482835,99.83977672110812,0.1651231859434516,False
3557,0.6271502454482835,99.8387054814121,0.16534520217685417,False
3558,0.6271502454482835,99.83762832600041,0.1655536145518958,False
3559,0.6271502454482835,99.83654530595028,0.1657488463632711,False
3560,0.6271502454482835,99.83545647558387,0.16593127495495247,False
3561,0.5621380056254565,99.83436189254896,0.16610123018784334,False
3562,0.48865925334338955,99.83326161790018,0.1662589928465737,False
3563,0.48865925334338955,99.83215571618074,0.16640501217684045,False
3564,0.48865925334338955,99.8310442555047,0.16653974592155318,False
3565,0.48865925334338955,99.82992730763955,0.16666304466002846,False
3566,0.48865925334338955,99.82880494808924,0.16677472613548103,False
3567,0.48865925334338955,99.82767725617721,0.1668745742951742,False
3568,0.48865925334338955,99.09947469357125,0.03758488157151481,False
3569,0.48865925334338955,99.7915450679563,0.1770875351316178,False
3570,0.48865925334338955,99.7915450679563,0.17718517417057267,False
3571,0.48865925334338955,99.7915450679563,0.17725436240249012,False
3572,0.48865925334338955,99.7915450679563,0.1772998756297584,False
3573,0.48865925334338955,99.7915450679563,0.17732632744454518,False
3574,0.48865925334338955,99.71743509400179,0.17620624466762905,False
3575,0.48865925334338955,99.75782152009236,0.17594301891106637,False
3576,0.48865925334338955,99.7562358276644,0.1756875888805415,False
3577,0.48865925334338955,99.75464323414454,0.17544050090768198,False
3578,0.48865925334338955,99.75304387778543,0.1752073094806327,False
3579,0.48865925334338955,99.75143790282957,0.1750514639417209,False
3580,0.5621380056254565,99.749825459623,0.1748945792234409,False
3581,0.6271502454482835,99.74820670472845,0.17473930325267167,False
3582,0.6271502454482835,99.74658180103725,0.1745882770149992,False
3583,0.6271502454482835,99.74495091788013,0.17444413364171948,False
3584,0.6271502454482835,99.74331423113658,0.17430949708476434,False
3585,0.6271502454482835,99.74167192334265,0.17652294685779837,False
3586,0.6271502454482835,99.74002418379686,0.17664902177836136,False
3587,0.6271502454482835,99.73837120866418,0.2498029302293648,False
3588,0.6271502454482835,99.73671320107763,0.25011598795573603,False
3589,0.6271502454482835,98.98359049718344,0.18100183323832103,False
3590,0.6271502454482835,99.69079108498653,0.18114967784082997,False
3591,0.6271502454482835,99.69079108498653,0.1812766422026224,False
3592,0.5621380056254565,99.69079108498653,0.18138411604446206,False
3593,0.48865925334338955,99.69079108498653,0.18503959201778003,False
3594,0.48865925334338955,99.69079108498653,0.1858050306031522,False
3595,0.48865925334338955,99.69079108498653,0.18650989459645567,False
3596,0.48865925334338955,99.69079108498653,0.26185902426185603,False
3597,0.48865925334338955,99.69079108498653,0.3310456242514424,False
3598,0.48865925334338955,99.69079108498653,0.37543842250179527,False
3599,0.48865925334338955,99.69079108498653,0.41240454863310944,False
3600,0.48865925334338955,99.69079108498653,0.5327413496118332,False
3601,0.48865925334338955,99.69079108498653,0.5589514175639198,False
3602,0.41475814399911126,99.69079108498653,0.5818602487788812,False
3603,0.32806688317929317,99.69079108498653,0.6019375545230191,False
3604,0.208180945557171,99.69079108498653,0.6195486960095269,False
3605,0.208180945557171,99.56560584121507,0.6343413058001464,False
3606,0.208180945557171,99.64657738095238,0.6477975373958751,False
3607,0.208180945557171,98.89322916666667,0.6354739267470773,False
3608,0.208180945557171,99.5938740079365,0.6459488171920422,False
3609,0.208180945557171,99.5938740079365,0.6549878941512346,False
3610,0.208180945557171,99.5938740079365,0.6627325585856911,False
3611,0.208180945557171,99.5938740079365,0.669309642434085,False
3612,0.208180945557171,99.5938740079365,0.6748345716164702,False
3613,0.208180945557171,99.4634222430198,0.6784512302197088,False
3614,0.208180945557171,99.54168759417378,0.6862406209061305,False
3615,0.208180945557171,99.53883571812123,0.6904939865411008,False
3616,0.208180945557171,98.78391610600461,0.6694979165737325,False
3617,0.208180945557171,98.66831934909739,0.64150625143311,False
3618,0.208180945557171,98.74644239071344,0.6589280363909269,False
3619,0.208180945557171,98.74195624195625,0.6397774889271189,False
3620,0.208180945557171,97.98906048906049,0.5466925267779439,False
3621,0.208180945557171,98.68404118404118,0.5222219658790912,False
3622,0.208180945557171,98.68404118404118,0.49832013985973334,False
3623,0.208180945557171,98.68404118404118,0.475084331043863,False
3624,0.208180945557171,98.68404118404118,0.45268620079131006,False
3625,0.208180945557171,98.68404118404118,0.4343445892087994,False
3626,0.208180945557171,98.68404118404118,0.4148737021724937,False
3627,0.208180945557171,98.68404118404118,0.3967914368045193,False
3628,0.208180945557171,98.68404118404118,0.3802075108523188,False
3629,0.208180945557171,98.68404118404118,0.36512652886666824,False
3630,0.208180945557171,98.68404118404118,0.351582926623072,False
3631,0.208180945557171,98.68404118404118,0.3400366989938456,False
3632,0.208180945557171,98.68404118404118,0.3835736198397953,False
3633,0.208180945557171,98.68404118404118,0.37715348573875007,False
3634,0.208180945557171,98.53679065099867,0.3640278389005531,False
3635,0.208180945557171,98.61581552892132,0.35697163187313763,False
3636,0.208180945557171,98.6107015301943,0.350833935093708,False
3637,0.208180945557171,98.6056170886076,0.3457027779128293,False
3638,0.208180945557171,97.85073839662448,0.2571296182616259,False
3639,0.208180945557171,98.5396888185654,0.249700825512978,False
3640,0.208180945557171,98.5396888185654,0.24381809042047067,False
3641,0.12068101401352381,98.5396888185654,0.24612786749074755,False
3642,-0.0,98.5396888185654,0.24487187285823384,False
3643,-0.0,98.5396888185654,0.24460455472332418,False
3644,-0.0,98.5396888185654,0.3137771742134404,False
3645,-0.0,98.37837837837837,0.3113660213614258,False
3646,-0.0,98.46210301574592,0.31223437190567227,False
3647,-0.0,98.45632403771938,0.31283857770972234,False
3648,-0.0,98.45058061031597,0.31314438188845306,False
3649,-0.0,98.44487453736716,0.3137738945091698,False
3650,-0.0,98.43920765027322,0.3142110956776835,False
3651,-0.0,98.43358180756415,0.31400190166590985,False
3652,-0.0,97.67441860465117,0.24534359740522524,False
3653,-0.0,98.35800900003436,0.24350848449495652,False
3654,-0.0,98.35800900003436,0.24179159484127832,False
3655,-0.0,98.35800900003436,0.24020091144050146,False
3656,-0.0,98.35800900003436,0.23881738312747114,False
3657,0.12068101401352381,98.35800900003436,0.2375941291683361,False
3658,0.208180945557171,98.35800900003436,0.23652943295763276,False
3659,0.208180945557171,98.35800900003436,0.28450564592512323,False
3660,0.208180945557171,98.35800900003436,0.2842941322476095,False
3661,0.208180945557171,98.16887783305694,0.2779447514200869,False
3662,0.208180945557171,98.26957156259773,0.278799534554166,False
3663,0.208180945557171,98.26320939334639,0.27916848107175746,False
3664,0.208180945557171,97.50489236790607,0.1995206023479976,False
3665,0.2829047929798921,98.17934022924238,0.1986233560675509,False
3666,0.3491843735073079,98.17934022924238,0.19835845620768022,False
3667,0.40907313904382653,98.17934022924238,0.19866876889925983,False
3668,0.4637773498877516,98.17934022924238,0.19949407068915903,False
3669,0.5140912790181235,98.17934022924238,0.1999388329149915,False
3670,0.560576942614533,98.17934022924238,0.200810183803581,False
3671,0.603652249754401,98.17934022924238,0.20206691812428926,False
3672,0.6436394131461666,98.17934022924238,0.20342596968111437,False
3673,0.6807937753703206,98.17934022924238,0.2049801751205348,False
3674,0.7153220528038851,98.17934022924238,0.20668454038286935,False
3675,0.7473944462440387,98.17934022924238,0.20770816278462323,False
3676,0.7771529943226336,98.17934022924238,0.2086802605290299,False
3677,0.804717519321077,98.17934022924238,0.20963852269019256,False
3678,0.8301899714180443,98.17934022924238,0.21056767958654263,False
3679,0.8536576732793313,97.50489236790607,0.1388745911488076,False
3680,0.875195788740725,98.26320939334639,0.1392900242837444,False
3681,0.8948692308065574,98.15837937384899,0.14044290261941839,False
3682,0.9127341558073343,98.35199004975124,0.13572553686917538,False
3683,0.9288391461883214,98.35199004975124,0.13211652186600562,False
3684,0.9432261548473415,98.35199004975124,0.12823845322692615,False
3685,0.9559312637896478,98.35199004975124,0.12407943398050977,False
3686,0.9669852958320848,98.35199004975124,0.1196239878659165,False
3687,0.976414308115487,98.35199004975124,0.11485201985339505,False
3688,0.976414308115487,98.35199004975124,0.1097373130781399,False
3689,0.976414308115487,98.35199004975124,0.10424529099612301,False
3690,0.976414308115487,98.35199004975124,0.17993495399158416,False
3691,0.976414308115487,98.35199004975124,0.17798373833765269,False
3692,0.976414308115487,98.35199004975124,0.1747201942007999,False
3693,0.976414308115487,98.35199004975124,0.17599636453170614,False
3694,0.9842399889605549,98.35199004975124,0.17713197238248882,False
3695,0.9904799742690308,98.35199004975124,0.17906081978581648,False
3696,0.995148095654003,98.35199004975124,0.18091775703270022,False
3697,0.9982545693874831,98.35199004975124,0.1827032677240169,False
3698,0.999806132804711,98.35199004975124,0.18441773336379672,False
3699,0.999806132804711,98.35199004975124,0.1860614397196869,False
3700,0.9982545693874831,98.35199004975124,0.22592621335204324,False
3701,0.995148095654003,98.35199004975124,0.23100497580185117,False
3702,0.9904799742690308,98.35199004975124,0.23608304934050298,False
3703,0.9842399889605549,98.35199004975124,0.24130219690531446,False
3704,0.976414308115487,98.35199004975124,0.24646771392763697,False
3705,0.9669852958320848,98.35199004975124,0.25121303099178693,False
3706,0.9559312637896478,98.35199004975124,0.25556908352239704,False
3707,0.9432261548473415,98.35199004975124,0.25956288250241083,False
3708,0.9288391461883214,98.35199004975124,0.2632182268167984,False
3709,0.9288391461883214,98.35199004975124,0.2665562581264746,False
3710,0.9288391461883214,97.66791044776119,0.22354879570233643,False
3711,0.9288391461883214,98.4279988944168,0.2257189711896061,False
3712,0.9288391461883214,98.32022259626945,0.228751141921393,False
3713,0.9288391461883214,98.50751366120218,0.22805849302931303,False
3714,0.9288391461883214,98.50751366120218,0.2272763481083405,False
3715,0.9288391461883214,98.50751366120218,0.22641365538010438,False
3716,0.9288391461883214,98.50751366120218,0.22547940694086643,False
3717,0.9288391461883214,98.50751366120218,0.22448267005982595,False
3718,0.9432261548473415,98.50751366120218,0.22343261593416655,False
3719,0.9559312637896478,98.50751366120218,0.22233854588137741,False
3720,0.9559312637896478,97.78688524590164,0.18192830736482468,False
3721,0.9559312637896478,98.5792349726776,0.1750845187990156,False
3722,0.9559312637896478,98.58701545134183,0.16783409584682754,False
3723,0.9559312637896478,98.59813084112149,0.1598483397253648,False
3724,0.9559312637896478,98.60583016476552,0.151426668117327,False
3725,0.9432261548473415,98.60583016476552,0.14313507130873113,False
3726,0.9432261548473415,98.60583016476552,0.13497497830930588,False
3727,0.9559312637896478,98.60583016476552,0.1269477798252544,False
3728,0.9669852958320848,98.60583016476552,0.11905479969227115,False
3729,0.976414308115487,98.60583016476552,0.11129725487870085,False
3730,0.9842399889605549,98.60583016476552,0.103676198986,False
3731,0.9904799742690308,98.60583016476552,0.09602022213183865,False
3732,0.995148095654003,98.60583016476552,0.08851711950484455,False
3733,0.995148095654003,98.60583016476552,0.08116568768503928,False
3734,0.995148095654003,98.60583016476552,0.07396297276370387,False
3735,0.995148095654003,98.60583016476552,0.06690352579690073,False
3736,0.9982545693874831,98.60583016476552,0.059978251948157056,False
3737,0.9982545693874831,98.60583016476552,0.05317225541086927,False
3738,0.9982545693874831,98.60583016476552,0.06183531236743953,False
3739,0.9982545693874831,98.60583016476552,0.1797477732818701,False
3740,0.999806132804711,98.60583016476552,0.17840398710474337,False
3741,0.999806132804711,98.60583016476552,0.17947395760453758,False
3742,0.9982545693874831,98.60583016476552,0.17993544874537956,False
3743,0.995148095654003,98.60583016476552,0.1804149741380841,False
3744,0.9904799742690308,98.60583016476552,0.18082161576654435,False
3745,0.9842399889605549,98.60583016476552,0.18116501879414587,False
3746,0.976414308115487,98.60583016476552,0.23818546267249324,False
3747,0.9669852958320848,98.60583016476552,0.23811101796639372,False
3748,0.9559312637896478,98.60583016476552,0.23806774639888192,False
3749,0.9559312637896478,98.60583016476552,0.238053585644862,False
3750,0.9559312637896478,98.60583016476552,0.23806646168729415,False
3751,0.9559312637896478,98.60583016476552,0.23817379422922522,False
3752,0.9559312637896478,98.60583016476552,0.24141060795608205,False
3753,0.9559312637896478,98.60583016476552,0.24155810633407554,False
3754,0.9669852958320848,98.60583016476552,0.29943105793873953,False
3755,0.9669852958320848,98.60583016476552,0.2999030498998652,False
3756,0.9669852958320848,98.60583016476552,0.30030375898567485,False
3757,0.9669852958320848,98.60583016476552,0.3006391848407456,False
3758,0.9559312637896478,98.42334786984233,0.29813587738127734,False
3759,0.9432261548473415,97.83738191632928,0.24486516713173967,False
3760,0.9288391461883214,98.58509771986971,0.24506798387035114,False
3761,0.9127341558073343,98.46294788273616,0.2439837329980329,False
3762,0.8948692308065574,98.65295874049946,0.24337488593689077,False
3763,0.875195788740725,98.64874087217635,0.2428238057931861,False
3764,0.8536576732793313,98.64456797748953,0.24232827480719746,False
3765,0.8536576732793313,98.64044168391995,0.24188666074762735,False
3766,0.8536576732793313,97.88129744651484,0.1857805815917537,False
3767,0.8536576732793313,98.5783298826777,0.18567555028623053,False
3768,0.8536576732793313,98.5783298826777,0.18556027055448304,False
3769,0.8536576732793313,98.5783298826777,0.18543751865349564,False
3770,0.875195788740725,98.5783298826777,0.1853556624856498,False
3771,0.8948692308065574,98.5783298826777,0.18524307018297773,False
3772,0.8948692308065574,98.36918806384455,0.18102684506983246,False
3773,0.8948692308065574,98.4997557741958,0.18083383315365398,False
3774,0.8948692308065574,97.74265578117368,0.0373153689901217,False
3775,0.8948692308065574,98.4299769729956,0.03337290216831887,False
3776,0.8948692308065574,98.4299769729956,0.029771187547954252,False
3777,0.8948692308065574,98.4299769729956,0.02617203374600942,False
3778,0.8948692308065574,98.4299769729956,0.022788257122369093,False
3779,0.8948692308065574,98.4299769729956,0.05043943450850662,False
3780,0.8948692308065574,98.4299769729956,0.05165862396759175,False
3781,0.9127341558073343,98.4299769729956,0.052931828356909016,False
3782,0.9288391461883214,98.4299769729956,0.18909981022204897,False
3783,0.9432261548473415,98.4299769729956,0.1905598323216078,False
3784,0.9432261548473415,98.4299769729956,0.19182783511960255,False
3785,0.9432261548473415,98.4299769729956,0.19360484802216185,False
3786,0.9288391461883214,98.4299769729956,0.19521775111175593,False
3787,0.9127341558073343,98.4299769729956,0.2089800979251721,False
3788,0.9127341558073343,98.4299769729956,0.21329879588309492,False
3789,0.9127341558073343,98.4299769729956,0.2174061546196943,False
3790,0.9127341558073343,98.4299769729956,0.22126372773091726,False
3791,0.9127341558073343,98.4299769729956,0.30346266438818303,False
3792,0.9127341558073343,98.4299769729956,0.30770398028863316,False
3793,0.9127341558073343,98.4299769729956,0.31146219614704235,False
3794,0.8948692308065574,98.4299769729956,0.31476973061072183,False
3795,0.875195788740725,98.4299769729956,0.31765612055538694,False
3796,0.8536576732793313,98.4299769729956,0.3201485574828029,False
3797,0.8536576732793313,98.4299769729956,0.3223132033459176,False
3798,0.8301899714180443,98.4299769729956,0.32415967080356206,False
3799,0.804717519321077,98.21441100119273,0.3223862911631151,False
3800,0.7771529943226336,98.34226862302484,0.32333963229763546,False
3801,0.7771529943226336,98.33687943262412,0.3240814924915974,False
3802,0.7771529943226336,97.58156028368795,0.269388707107775,False
3803,0.7771529943226336,98.25886524822695,0.26909277136450394,False
3804,0.7771529943226336,98.25886524822695,0.26875474705550856,False
3805,0.7771529943226336,98.25886524822695,0.276388513261653,False
3806,0.7771529943226336,98.25886524822695,0.27744941580203347,False
3807,0.7771529943226336,98.03208556149733,0.2692509810920551,False
3808,0.7771529943226336,98.16142212027812,0.2676184407652613,False
3809,0.7771529943226336,98.15535379737715,0.32838882013125703,False
3810,0.7771529943226336,98.14935535274519,0.32834376347924776,False
3811,0.7771529943226336,97.39605968419528,0.2570189259812751,False
3812,0.7771529943226336,98.06243662175865,0.2541440547700732,False
3813,0.7771529943226336,98.06243662175865,0.25204677201641845,False
3814,0.7771529943226336,98.06243662175865,0.25002571576920213,False
3815,0.7473944462440387,98.06243662175865,0.24809081626993026,False
3816,0.7153220528038851,98.06243662175865,0.29957573113627767,False
3817,0.6807937753703206,98.06243662175865,0.2972613971969962,False
3818,0.6436394131461666,98.06243662175865,0.29661392346379095,False
3819,0.6436394131461666,98.06243662175865,0.2965013335742671,False
3820,0.6436394131461666,98.06243662175865,0.296752585519036,False
3821,0.6436394131461666,98.06243662175865,0.29733874486338435,False
3822,0.6436394131461666,98.06243662175865,0.2976651688028619,False
3823,0.6436394131461666,98.06243662175865,0.29820420763135835,False
3824,0.6436394131461666,98.06243662175865,0.3214253817136116,False
3825,0.6436394131461666,97.81943938842373,0.3138125147516046,False
3826,0.603652249754401,97.95462861324552,0.3133952909071092,False
3827,0.560576942614533,97.94792586054722,0.3132183438399002,False
3828,0.5140912790181235,97.94130691898285,0.31327562032264333,False
3829,0.4637773498877516,97.19101123595506,0.27985231500079966,False
3830,0.40907313904382653,97.84520993494974,0.27759654255104416,False
3831,0.3491843735073079,97.84520993494974,0.2760285191183441,False
3832,0.2829047929798921,97.84520993494974,0.27512110052344596,False
3833,0.2829047929798921,97.84520993494974,0.2741747256655383,False
3834,0.2829047929798921,97.84520993494974,0.27310894133573876,False
3835,0.2829047929798921,97.84520993494974,0.2716295580208952,False
3836,0.2829047929798921,97.19101123595506,0.20984811853616883,False
3837,0.2829047929798921,97.94130691898285,0.2621130826970542,False
3838,0.2829047929798921,97.79714621947632,0.32210572726873254,False
3839,0.2829047929798921,98.04976216611782,0.3575530303931547,False
3840,0.2829047929798921,98.04976216611782,0.3893925442858646,False
3841,0.2829047929798921,98.04976216611782,0.41665216898539703,False
3842,0.208180945557171,98.04976216611782,0.4406413485983086,False
3843,0.12068101401352381,98.04976216611782,0.4616198554826186,False
3844,-0.0,97.3838272960117,0.4652880470448411,False
3845,-0.0,97.88172992056487,0.48278691697299925,False
3846,-0.0,98.03618711385701,0.497294141088465,False
3847,-0.0,98.03618711385701,0.583915298341207,False
3848,-0.0,98.03618711385701,0.5920694560145119,False
3849,-0.0,97.2923527259422,0.5847470359983896,False
3850,-0.0,97.9614124499454,0.5913841220704597,False
3851,-0.0,97.96827466318992,0.5968431830153073,False
3852,-0.0,97.97521256665226,0.6012304225007354,False
3853,-0.0,97.98222349652355,0.6381460403608741,False
3854,-0.0,97.76001720306787,0.6389152777042261,False
3855,-0.0,97.88187226722098,0.639824593727544,False
3856,-0.0,97.88187226722098,0.6404002105961712,False
3857,-0.0,97.14438502673796,0.6211609400960406,False
3858,-0.0,96.97326203208556,0.594235239596991,False
3859,-0.0,97.08021390374331,0.573521021742561,False
3860,-0.0,97.08021390374331,0.5833774026487093,False
3861,-0.0,97.08021390374331,0.564179146362053,False
3862,-0.0,97.08021390374331,0.54541995422775,False
3863,-0.0,97.08021390374331,0.5272372887208033,False
3864,-0.0,97.08021390374331,0.5097865574092206,False
3865,-0.0,97.08021390374331,0.4932297110680948,False
3866,-0.0,97.08021390374331,0.47772025992520034,False
3867,-0.0,96.2517730496454,0.36598875753249366,False
3868,-0.0,97.11131489841986,0.3514006224275839,False
3869,-0.0,97.11131489841986,0.3404212158215132,False
3870,-0.0,97.11131489841986,0.3309246795193375,False
3871,-0.0,97.11131489841986,0.32289420635209437,False
3872,-0.0,97.11131489841986,0.3162907399470196,False
3873,-0.0,96.45880361173815,0.2314446070044236,False
3874,-0.0,97.1994920993228,0.27136702313458566,False
3875,-0.0,97.20760541640357,0.26910826199914833,False
3876,-0.0,97.2158258321122,0.26764214497986416,False
3877,-0.0,97.22414989590563,0.26689195816102396,False
3878,0.12068101401352381,97.03678001387925,0.26098427114307415,False
3879,0.208180945557171,97.1235253296322,0.25937409485141083,False
3880,0.2829047929798921,96.3975155279503,0.1763587422868694,False
3881,0.3491843735073079,97.05579575869878,0.17356165764272502,False
3882,0.40907313904382653,97.0654473486658,0.17211750511565363,False
3883,0.4637773498877516,97.07519001085777,0.17159503640105,False
3884,0.5140912790181235,97.08502024291498,0.2267699579623045,False
3885,0.560576942614533,97.0949345857095,0.22761979329493942,False
3886,0.560576942614533,97.10492962444133,0.22766509159504633,False
3887,0.560576942614533,97.1150019896538,0.23158806337610793,False
3888,0.560576942614533,97.07569563497296,0.23596360367929117,False
3889,0.560576942614533,97.23041625696493,0.23610618678782905,False
3890,0.560576942614533,97.23041625696493,0.23630071609409872,False
3891,0.560576942614533,97.23041625696493,0.23561436547478934,False
3892,0.603652249754401,97.23041625696493,0.2561387970015108,False
3893,0.6436394131461666,97.07569563497296,0.2624898716402714,False
3894,0.6436394131461666,96.39654490307267,0.225420154395487,False
3895,0.6436394131461666,97.03613345641567,0.2305102340588124,False
3896,0.6436394131461666,97.03613345641567,0.2410227865350876,False
3897,0.6436394131461666,97.03613345641567,0.33417007111753283,False
3898,0.6436394131461666,97.03613345641567,0.4036749693507971,False
3899,0.6436394131461666,97.03613345641567,0.45493213506557734,False
3900,0.6436394131461666,97.03613345641567,0.5112891120499395,False
3901,0.6436394131461666,97.03613345641567,0.558981660138267,False
3902,0.6436394131461666,97.03613345641567,0.6001706525378584,False
3903,0.6436394131461666,97.03613345641567,0.6362069217897715,False
3904,0.6436394131461666,96.39654490307267,0.6509727612984889,False
3905,0.6436394131461666,97.12185150995649,0.6775235509760212,False
3906,0.6436394131461666,97.0829236315962,0.7009220882345328,False
3907,0.6436394131461666,97.2336265884653,0.7200058007771953,False
3908,0.6436394131461666,97.2336265884653,0.7365952799167856,False
3909,0.6436394131461666,97.2336265884653,0.7510456493119437,False
3910,0.6436394131461666,97.2336265884653,0.7635416852541808,False
3911,0.6436394131461666,97.2336265884653,0.7745625171050323,False
3912,0.6436394131461666,96.58520690778755,0.7773323422948406,False
3913,0.6436394131461666,97.31182795698925,0.7757386762661177,False
3914,0.6436394131461666,97.3244363824825,0.7798811504134734,False
3915,0.6436394131461666,97.2855486862442,0.7845718967525667,False
3916,0.6436394131461666,97.39133218103835,0.7865857237194179,False
3917,0.6436394131461666,98.12111900646566,0.7549756827225483,False
3918,0.6436394131461666,98.13235762010818,0.7259309587077102,False
3919,0.6807937753703206,98.09297912713473,0.6995619421807595,False
3920,0.7153220528038851,98.2270841192003,0.6626335303350674,False
3921,0.7473944462440387,98.2270841192003,0.6255403397469507,False
3922,0.7473944462440387,98.2270841192003,0.5882485874818315,False
3923,0.7473944462440387,98.2270841192003,0.5503632691644721,False
3924,0.7473944462440387,98.2270841192003,0.5247744374133837,False
3925,0.7473944462440387,98.2270841192003,0.49171843683751065,False
3926,0.7473944462440387,98.2270841192003,0.4593655206365351,False
3927,0.7771529943226336,98.2270841192003,0.42781214718600186,False
3928,0.804717519321077,98.2270841192003,0.397559519543759,False
3929,0.8301899714180443,98.2270841192003,0.3687165242518899,False
3930,0.8536576732793313,98.2270841192003,0.3413699046505862,False
3931,0.8536576732793313,98.2270841192003,0.3133152892252281,False
3932,0.8536576732793313,98.2270841192003,0.2889943483818068,False
3933,0.8536576732793313,97.5700993335848,0.2895791212248328,False
3934,0.8536576732793313,98.16255534471853,0.27377184850758324,False
3935,0.8536576732793313,98.21631878557875,0.25708565300821096,False
3936,0.8536576732793313,98.21631878557875,0.242105629409421,False
3937,0.8536576732793313,98.16255534471853,0.232962570455644,False
3938,0.8536576732793313,98.28905755850727,0.21535464903049392,False
3939,0.8301899714180443,97.5585072738773,0.20059512021438994,False
3940,0.804717519321077,98.21631878557875,0.23279143195297528,False
3941,0.7771529943226336,98.21631878557875,0.26035247716244986,False
3942,0.7473944462440387,98.21631878557875,0.2568865340425896,False
3943,0.7153220528038851,98.21631878557875,0.2544977506597662,False
3944,0.6807937753703206,97.5585072738773,0.2300544787284979,False
3945,0.6807937753703206,98.28905755850727,0.228900827471335,False
3946,0.6807937753703206,98.29938388029674,0.22853692485355523,False
3947,0.7153220528038851,98.3096919327626,0.22874481086324003,False
3948,0.7473944462440387,98.31998012545804,0.22858189446653923,False
3949,0.7473944462440387,98.33024691358025,0.22819602227974514,False
3950,0.7473944462440387,98.34049079754601,0.22688089131019656,False
3951,0.7473944462440387,98.19325153374233,0.22858575422876443,False
3952,0.7473944462440387,98.34049079754601,0.22711411791852995,False
3953,0.7153220528038851,98.33024691358025,0.22600991150127825,False
3954,0.6807937753703206,98.31998012545804,0.22522976047496557,False
3955,0.6807937753703206,98.3096919327626,0.22425916228689058,False
3956,0.6807937753703206,98.29938388029674,0.22359380420004007,False
3957,0.6807937753703206,98.28905755850727,0.22319823007290066,False
3958,0.6807937753703206,98.27871460388164,0.2230379602101052,False
3959,0.6807937753703206,98.26835669931502,0.22307992378257616,False
3960,0.6807937753703206,97.59144770736734,0.17877012441197548,False
3961,0.6807937753703206,97.59144770736734,0.12410355674501132,False
3962,0.6807937753703206,98.26835669931502,0.12236005687740213,False
3963,0.6807937753703206,98.21508113267579,0.12260190620761777,False
3964,0.6807937753703206,98.35547122074637,0.11671761269326152,False
3965,0.7153220528038851,98.35547122074637,0.10997939145381203,False
3966,0.7473944462440387,98.35547122074637,0.10326540648078099,False
3967,0.7771529943226336,98.35547122074637,0.0966115895582121,False
3968,0.804717519321077,98.35547122074637,0.09022399832757896,False
3969,0.804717519321077,98.35547122074637,0.083797453637342,False
3970,0.804717519321077,98.35547122074637,0.1922860810094673,False
3971,0.804717519321077,98.35547122074637,0.19207299883626372,False
3972,0.804717519321077,98.35547122074637,0.19263431567398998,False
3973,0.804717519321077,98.35547122074637,0.19319969386112465,False
3974,0.8301899714180443,98.35547122074637,0.19382758896470215,False
3975,0.8536576732793313,98.35547122074637,0.19490364855484515,False
3976,0.875195788740725,98.35547122074637,0.19580993505266564,False
3977,0.875195788740725,98.35547122074637,0.1965521909296483,False
3978,0.8948692308065574,98.35547122074637,0.19713615501537554,False
3979,0.9127341558073343,98.35547122074637,0.1975675197541842,False
3980,0.9127341558073343,98.35547122074637,0.1978518875653407,False
3981,0.9127341558073343,98.35547122074637,0.1979947257434123,False
3982,0.9127341558073343,98.35547122074637,0.19810035198157916,False
3983,0.9288391461883214,98.35547122074637,0.19808746078414766,False
3984,0.9432261548473415,98.21508113267579,0.1979942647846418,False
3985,0.9559312637896478,98.26835669931502,0.19838752611956,False
3986,0.9669852958320848,98.25798557444617,0.19864853603723326,False
3987,0.9669852958320848,98.24760300596009,0.19876903500931192,False
3988,0.9559312637896478,98.23721081785598,0.19874044938336705,False
3989,0.9432261548473415,98.22681088167813,0.1985538446894627,False
3990,0.9288391461883214,97.48934775483448,0.092971766209356,False
3991,0.9127341558073343,98.15142576204524,0.08912771540144034,False
3992,0.9127341558073343,98.15142576204524,0.08363275848434709,False
3993,0.9127341558073343,98.15142576204524,0.07806364789645835,False
3994,0.9127341558073343,98.15142576204524,0.07226366829201508,False
3995,0.9127341558073343,98.15142576204524,0.06662388085637759,False
3996,0.9127341558073343,98.15142576204524,0.07000233985963852,False
3997,0.9127341558073343,98.15142576204524,0.06774184625924547,False
3998,0.9288391461883214,98.15142576204524,0.06626133892063837,False
3999,0.9432261548473415,98.15142576204524,0.06559407068857351,False
4000,0.9432261548473415,98.15142576204524,0.0657448016784455,False
4001,0.9432261548473415,98.15142576204524,0.0686625834714248,False
4002,0.9432261548473415,98.15142576204524,0.07241334126651322,False
4003,0.9432261548473415,98.15142576204524,0.07683878657598436,False
4004,0.9432261548473415,98.15142576204524,0.08179075521355843,False
4005,0.9432261548473415,98.15142576204524,0.08713916720588889,False
4006,0.9288391461883214,98.15142576204524,0.0927740209463691,False
4007,0.9127341558073343,98.15142576204524,0.09860408371771566,False
4008,0.8948692308065574,98.15142576204524,0.1045542244353558,False
4009,0.875195788740725,98.15142576204524,0.11056249437736772,False
4010,0.875195788740725,98.15142576204524,0.11657746518964106,False
4011,0.875195788740725,98.15142576204524,0.12255599604792776,False
4012,0.875195788740725,98.15142576204524,0.12846144003787083,False
4013,0.8948692308065574,98.15142576204524,0.13426223566760528,False
4014,0.8948692308065574,98.15142576204524,0.24404860678764656,False
4015,0.8948692308065574,98.15142576204524,0.24903317313371237,False
4016,0.8948692308065574,97.98892259000395,0.2510954261606119,False
4017,0.8948692308065574,98.05345536543308,0.25432684673272504,False
4018,0.8948692308065574,98.04215862851044,0.2569857838226516,False
4019,0.8948692308065574,98.03086212680309,0.2591149046962899,False
4020,0.8948692308065574,98.0195681511471,0.2607521932567717,False
4021,0.8948692308065574,98.00827904451683,0.2614211634310251,False
4022,0.8948692308065574,97.99699720193817,0.2615995078050718,False
4023,0.8948692308065574,97.98572507034521,0.26131887309075785,False
4024,0.8948692308065574,97.97446514837819,0.2606099206097121,False
4025,0.8948692308065574,97.96321998612075,0.25950276778498416,False
4026,0.875195788740725,97.95199218477427,0.25802738310063994,False
4027,0.8536576732793313,97.94078439626745,0.2562957120309109,False
4028,0.8301899714180443,97.92959932279909,0.25428959560801223,False
4029,0.804717519321077,97.91843971631205,0.25203268964395037,False
4030,0.804717519321077,97.90730837789661,0.24954771553939356,False
4031,0.804717519321077,97.89620815712135,0.24685663061738558,False
4032,0.804717519321077,97.88514195128981,0.24398077583763159,False
4033,0.804717519321077,97.87411270462118,0.24094100426220477,False
4034,0.804717519321077,97.12806026365348,0.1286455513816234,False
4035,0.7771529943226336,97.78357235984355,0.11877467377085672,False
4036,0.7473944462440387,97.78357235984355,0.10917985815106501,False
4037,0.7153220528038851,97.78357235984355,0.17866996082796974,False
4038,0.7153220528038851,97.78357235984355,0.17556512992782972,False
4039,0.6807937753703206,97.78357235984355,0.17347431257965087,False
4040,0.6436394131461666,97.78357235984355,0.17241118453269758,False
4041,0.603652249754401,97.78357235984355,0.17236395686415207,False
4042,0.560576942614533,97.78357235984355,0.17329567944826987,False
4043,0.5140912790181235,97.78357235984355,0.17514668867787106,False
4044,0.4637773498877516,97.78357235984355,0.17783875562541787,False
4045,0.40907313904382653,97.78357235984355,0.17675343731686227,False
4046,0.3491843735073079,97.78357235984355,0.1844047901458955,False
4047,0.2829047929798921,97.78357235984355,0.19134419207294986,False
4048,0.2829047929798921,97.78357235984355,0.1976929721026302,False
4049,0.2829047929798921,97.78357235984355,0.2034991466661458,False
4050,0.2829047929798921,97.78357235984355,0.20880323264676393,False
4051,0.2829047929798921,97.78357235984355,0.2324145023434931,False
4052,0.2829047929798921,97.78357235984355,0.24179318162801003,False
4053,0.2829047929798921,97.78357235984355,0.24510980068921298,False
4054,0.3491843735073079,97.78357235984355,0.25896057906951503,False
4055,0.40907313904382653,97.78357235984355,0.2711590445140672,False
4056,0.4637773498877516,97.78357235984355,0.28194853783167456,False
4057,0.5140912790181235,97.12806026365348,0.25106715805426494,False
4058,0.560576942614533,97.87411270462118,0.25970098673428776,False
4059,0.5140912790181235,97.88514195128981,0.2669414221587912,False
4060,0.4637773498877516,97.89620815712135,0.27292451497091913,False
4061,0.4637773498877516,97.90730837789661,0.27143860137199965,False
4062,0.4637773498877516,97.91843971631205,0.27190381989421025,False
4063,0.4637773498877516,97.92959932279909,0.27142071333506806,False
4064,0.4637773498877516,97.94078439626745,0.27008456896885424,False
4065,0.4637773498877516,97.83685716279395,0.2709903787458295,False
4066,0.4637773498877516,98.04302567661347,0.26587261790486594,False
4067,0.4637773498877516,98.04302567661347,0.2607584926248715,False
4068,0.4637773498877516,98.04302567661347,0.3009816063026745,False
4069,0.4637773498877516,98.04302567661347,0.2968176411702394,False
4070,0.4637773498877516,98.04302567661347,0.292936681258342,False
4071,0.5140912790181235,97.3768216516308,0.27448425455144476,False
4072,0.560576942614533,98.12283136710617,0.2662384495631495,False
4073,0.603652249754401,98.01587301587301,0.2632311607866847,False
4074,0.603652249754401,98.21563379315077,0.24971663728792934,False
4075,0.6436394131461666,98.21563379315077,0.2365624453976317,False
4076,0.6807937753703206,98.21563379315077,0.22382131968909755,False
4077,0.7153220528038851,98.21563379315077,0.211446117359483,False
4078,0.7473944462440387,98.21563379315077,0.25473793081809154,False
4079,0.7771529943226336,98.21563379315077,0.24599299935831748,False
4080,0.804717519321077,98.21563379315077,0.237953245168349,False
4081,0.804717519321077,98.01587301587301,0.2376739887655601,False
4082,0.804717519321077,98.12283136710617,0.23674917488529906,False
4083,0.804717519321077,98.11248342753471,0.23651087130898538,False
4084,0.804717519321077,98.10215393250543,0.23674722400567105,False
4085,0.804717519321077,98.0918453724605,0.23755034369749628,False
4086,0.804717519321077,98.08156028368795,0.265319382031479,False
4087,0.804717519321077,98.07130124777184,0.2702028880699356,False
4088,0.804717519321077,97.32263814616756,0.2252692392332345,False
4089,0.804717519321077,97.98930481283422,0.23231122538919285,False
4090,0.804717519321077,97.98930481283422,0.23417871856156164,False
4091,0.804717519321077,97.98930481283422,0.2460980374936481,False
4092,0.804717519321077,97.98930481283422,0.25671729259241843,False
4093,0.804717519321077,97.98930481283422,0.2664308177362901,False
4094,0.804717519321077,97.98930481283422,0.2753272624756832,False
4095,0.804717519321077,97.98930481283422,0.28347843805870704,False
4096,0.804717519321077,97.98930481283422,0.29091416772746614,False
4097,0.804717519321077,97.98930481283422,0.29773593651741387,False
4098,0.804717519321077,97.32263814616756,0.25941410749938504,False
4099,0.804717519321077,98.07130124777184,0.2646832891067932,False
4100,0.804717519321077,98.08156028368795,0.2691999447192945,False
4101,0.804717519321077,97.95781602708804,0.27336057920588785,False
4102,0.804717519321077,98.17582263383147,0.27532799489971443,False
4103,0.804717519321077,98.17582263383147,0.2768884092095085,False
4104,0.8301899714180443,98.17582263383147,0.29730679300256035,False
4105,0.8536576732793313,98.17582263383147,0.30125868342736806,False
4106,0.875195788740725,97.49877218831124,0.28214058607332676,False
4107,0.8948692308065574,98.24949133515751,0.282514066698865,False
4108,0.9127341558073343,98.25901891005512,0.27835142902111426,False
4109,0.9288391461883214,98.26856349757114,0.27923908622379806,False
4110,0.9288391461883214,98.15044858523119,0.28358474436646924,False
4111,0.9288391461883214,98.35289273213918,0.278643784910788,False
4112,0.9288391461883214,98.35289273213918,0.2735060928912032,False
4113,0.9288391461883214,98.35289273213918,0.2682748123983393,False
4114,0.9288391461883214,98.35289273213918,0.26297739309700613,False
4115,0.9127341558073343,98.35289273213918,0.25764182863097485,False
4116,0.8948692308065574,98.35289273213918,0.2522966999193942,False
4117,0.875195788740725,98.35289273213918,0.24624132231796264,False
4118,0.8536576732793313,98.35289273213918,0.24032414719204176,False
4119,0.8301899714180443,98.35289273213918,0.23591821864263263,False
4120,0.8301899714180443,98.35289273213918,0.23182758668905018,False
4121,0.8301899714180443,98.35289273213918,0.22795368728814955,False
4122,0.8301899714180443,98.35289273213918,0.22446116003271654,False
4123,0.8301899714180443,98.35289273213918,0.221341117466145,False
4124,0.8301899714180443,97.66659803719718,0.23292552473889985,False
4125,0.8301899714180443,98.41809072815867,0.2288220638877509,False
4126,0.8301899714180443,98.42694328806388,0.22499352230990247,False
4127,0.8301899714180443,98.43580347448426,0.22145315532721208,False
4128,0.8301899714180443,98.32321187584346,0.22019455982572894,False
4129,0.8301899714180443,98.51056692385106,0.21744646803774953,False
4130,0.8301899714180443,98.51056692385106,0.21506330167913537,False
4131,0.8301899714180443,98.51056692385106,0.21301029834723328,False
4132,0.804717519321077,98.51056692385106,0.2114949219746251,False
4133,0.7771529943226336,98.51056692385106,0.23596366113259745,False
4134,0.7473944462440387,98.51056692385106,0.23809751799600137,False
4135,0.7153220528038851,98.51056692385106,0.23935977689610835,False
4136,0.7153220528038851,98.51056692385106,0.2370820690469084,False
4137,0.7153220528038851,98.51056692385106,0.24087475666013516,False
4138,0.7153220528038851,98.51056692385106,0.32483770712972987,False
4139,0.7153220528038851,98.51056692385106,0.387237947454631,False
4140,0.7153220528038851,98.51056692385106,0.4381453731818659,False
4141,0.7153220528038851,98.51056692385106,0.4813124556380521,False
4142,0.7473944462440387,98.51056692385106,0.5186448330945345,False
4143,0.7771529943226336,98.51056692385106,0.5513754654026868,False
4144,0.804717519321077,97.81616907078161,0.5650578234678041,False
4145,0.8301899714180443,98.56759476685676,0.5906055113080592,False
4146,0.8536576732793313,98.57581215395905,0.6080948753014166,False
4147,0.875195788740725,98.58402971216341,0.6308129252307235,False
4148,0.8948692308065574,98.47685612554397,0.6516852455162874,False
4149,0.9127341558073343,98.64962307440183,0.668214675618561,False
4150,0.9288391461883214,98.64962307440183,0.6827221915145774,False
4151,0.9432261548473415,98.64962307440183,0.6954196222594198,False
4152,0.9559312637896478,98.64962307440183,0.7064885073370867,False
4153,0.9669852958320848,97.9482137004261,0.7079874972234729,False
4154,0.9669852958320848,98.69878728285808,0.7152722686218331,False
4155,0.9669852958320848,98.70641902899968,0.7209206098269435,False
4156,0.9669852958320848,98.60067374967608,0.7267962096988065,False
4157,0.9669852958320848,98.7409840288511,0.7280717372434625,False
4158,0.9669852958320848,99.49446161772282,0.7004647883010313,False
4159,0.9669852958320848,99.50067217207605,0.6707396883523753,False
4160,0.9669852958320848,99.50684059815462,0.6442229569417883,False
4161,0.9669852958320848,99.51296647691335,0.6175190690247547,False
4162,0.9669852958320848,99.51904941531498,0.590656461486205,False
4163,0.9669852958320848,99.52508904580391,0.5636669635769483,False
4164,0.9669852958320848,99.5310850257748,0.5360416014407907,False
4165,0.9559312637896478,99.53703703703704,0.5084196015726086,False
4166,0.9432261548473415,99.45398773006134,0.4874143135284049,False
4167,0.9288391461883214,99.58539113468692,0.4570604926628923,False
4168,0.9127341558073343,99.58539113468692,0.42725797387333325,False
4169,0.8948692308065574,99.58539113468692,0.39837041692316055,False
4170,0.875195788740725,99.58539113468692,0.37044585917940354,False
4171,0.875195788740725,99.58539113468692,0.34353959609216816,False
4172,0.875195788740725,99.58539113468692,0.34630987880022973,False
4173,0.875195788740725,99.58539113468692,0.32459505012452283,False
4174,0.875195788740725,99.58539113468692,0.3081389066656697,False
4175,0.875195788740725,99.58539113468692,0.2952837336573877,False
4176,0.875195788740725,99.58539113468692,0.2841138545064295,False
4177,0.875195788740725,98.88421437717213,0.27980173945719966,False
4178,0.875195788740725,99.62807145905738,0.2672554292611654,False
4179,0.875195788740725,99.54250742289281,0.2624957630479649,False
4180,0.875195788740725,99.66879441165844,0.2507145044014477,False
4181,0.875195788740725,99.66879441165844,0.2407457536671051,False
4182,0.875195788740725,99.66879441165844,0.23258732487619785,False
4183,0.875195788740725,99.66879441165844,0.22619321955073898,False
4184,0.875195788740725,99.66879441165844,0.22278538463280415,False
4185,0.875195788740725,99.66879441165844,0.22067969275084748,False
4186,0.875195788740725,99.66879441165844,0.2196792801582559,False
4187,0.875195788740725,99.66879441165844,0.21969110340768083,False
4188,0.875195788740725,99.66879441165844,0.21969583319010835,False
4189,0.875195788740725,99.66879441165844,0.21968869347394832,False
4190,0.875195788740725,99.66879441165844,0.2196057802668109,False
4191,0.875195788740725,99.66879441165844,0.2195363611198909,False
4192,0.875195788740725,98.9612188365651,0.17082792001976116,False
4193,0.875195788740725,99.69288209081056,0.16929296968249227,False
4194,0.875195788740725,99.81747456612807,0.16083598713111663,False
4195,0.875195788740725,99.81747456612807,0.15255508125274908,False
4196,0.875195788740725,99.81747456612807,0.14444182420004406,False
4197,0.8536576732793313,99.81747456612807,0.13672346772945773,False
4198,0.8301899714180443,99.81747456612807,0.1290740619057682,False
4199,0.804717519321077,99.81747456612807,0.12149210886730856,False
4200,0.7771529943226336,99.81747456612807,0.1139755906350792,False
4201,0.7771529943226336,99.81747456612807,0.10652179654771714,False
4202,0.7771529943226336,99.81747456612807,0.09912707806937379,False
4203,0.7771529943226336,99.81747456612807,0.09158138507433948,False
4204,0.7771529943226336,99.81747456612807,0.08411628258575911,False
4205,0.7771529943226336,99.81747456612807,0.07672191327420753,False
4206,0.7771529943226336,99.81747456612807,0.06937776507488341,False
4207,0.7771529943226336,99.81747456612807,0.06205345421865545,False
4208,0.7473944462440387,99.81747456612807,0.05719482497442673,False
4209,0.7153220528038851,99.81747456612807,0.05251507861886984,False
4210,0.6807937753703206,99.81747456612807,0.04830212904126115,False
4211,0.6436394131461666,99.81747456612807,0.04419058465061095,False
4212,0.603652249754401,99.81747456612807,0.040181010305550796,False
4213,0.560576942614533,99.81747456612807,0.16397275160351588,False
4214,0.5140912790181235,99.81747456612807,0.16366560394248222,False
4215,0.5140912790181235,99.81747456612807,0.16346099974060183,False
4216,0.5140912790181235,99.81747456612807,0.16335122734164226,False
4217,0.5140912790181235,99.81747456612807,0.16332838574306766,False
4218,0.5140912790181235,99.81747456612807,0.16300778607122773,False
4219,0.5140912790181235,99.81747456612807,0.1637520255551301,False
4220,0.5140912790181235,99.81747456612807,0.16450705866474385,False
4221,0.5140912790181235,99.81747456612807,0.16526666846360988,False
4222,0.5140912790181235,99.81747456612807,0.1660247508381771,False
4223,0.5140912790181235,99.81747456612807,0.1668880309755985,False
4224,0.5140912790181235,99.81747456612807,0.16770208611568319,False
4225,0.5140912790181235,99.81747456612807,0.16846640630300633,False
4226,0.5140912790181235,99.81747456612807,0.16918299598592612,False
4227,0.5140912790181235,99.81747456612807,0.16985378439850368,False
4228,0.5140912790181235,99.81747456612807,0.17048063243775458,False
4229,0.5140912790181235,99.81747456612807,0.17106533888837006,False
4230,0.5140912790181235,99.81747456612807,0.22520957210291306,False
4231,0.5140912790181235,99.81747456612807,0.22652272905226056,False
4232,0.5140912790181235,99.81747456612807,0.22777149172777894,False
4233,0.5140912790181235,99.10233393177738,0.16386065144694767,False
4234,0.5140912790181235,99.85038898862956,0.1649420093824604,False
4235,0.5140912790181235,99.85132322331252,0.16594443230007858,False
4236,0.5140912790181235,99.8522545948821,0.1668711065242342,False
4237,0.5140912790181235,99.85318299271788,0.1677250857304086,False
4238,0.5140912790181235,99.77240896358543,0.16887368060348812,False
4239,0.5140912790181235,99.88112496375761,0.16899359143992804,False
4240,0.5140912790181235,99.88112496375761,0.1681142105803911,False
4241,0.5140912790181235,99.88112496375761,0.1687920855600555,False
4242,0.5140912790181235,99.88112496375761,0.1694007758850638,False
4243,0.5140912790181235,99.88112496375761,0.169943990408999,False
4244,0.5140912790181235,99.88112496375761,0.1698544859366955,False
4245,0.5140912790181235,99.88112496375761,0.1697557273202566,False
4246,0.5140912790181235,99.88112496375761,0.16964914294912525,False
4247,0.5140912790181235,99.88112496375761,0.16953608772497386,False
4248,0.5140912790181235,99.88112496375761,0.16941784449580513,False
4249,0.5140912790181235,99.88112496375761,0.16925145771242647,False
4250,0.5140912790181235,99.16497535517541,0.08558310180637332,False
4251,0.5140912790181235,99.90721948390838,0.08280719124782394,False
4252,0.5140912790181235,99.90780754825698,0.08004447902450328,False
4253,0.5140912790181235,99.90839345013168,0.07729597175093603,False
4254,0.5140912790181235,99.90897713050404,0.0745627096391772,False
4255,0.5140912790181235,99.9095585325872,0.07184576960110926,False
4256,0.5140912790181235,99.91013760179725,0.06914626885248396,False
4257,0.5140912790181235,99.91071428571429,0.06646536912284971,False
4258,0.5140912790181235,99.91128853404302,0.06380428160199794,False
4259,0.5140912790181235,99.91186029857325,0.06116427278790201,False
4260,0.5140912790181235,99.85496141426304,0.0613166622489895,False
4261,0.5140912790181235,99.93202827623709,0.056694880618748916,False
4262,0.4637773498877516,99.93202827623709,0.052033263845227565,False
4263,0.40907313904382653,99.93202827623709,0.16334277024067334,False
4264,0.3491843735073079,99.93202827623709,0.16297650317912846,False
4265,0.2829047929798921,99.93202827623709,0.16265014058524607,False
4266,0.208180945557171,99.93202827623709,0.16236149684448256,False
4267,0.12068101401352381,99.93202827623709,0.16210841472853058,False
4268,-0.0,99.93202827623709,0.16188876950609904,False
4269,-0.0,99.93202827623709,0.16144703090901028,False
4270,-0.0,99.93202827623709,0.16154683875336903,False
4271,-0.0,99.93202827623709,0.16160936328335582,False
4272,-0.0,99.93202827623709,0.1616790048204971,False
4273,-0.0,99.93202827623709,0.16175526091054027,False
4274,-0.0,99.93202827623709,0.16183762919256336,False
4275,-0.0,99.93202827623709,0.1619256075961751,False
4276,-0.0,99.93202827623709,0.1620186945224084,False
4277,-0.0,99.93202827623709,0.16211638900827027,False
4278,-0.0,99.93202827623709,0.16221819087495232,False
4279,-0.0,99.93202827623709,0.1623236008597534,False
4280,-0.0,99.93202827623709,0.1624321207317968,False
4281,-0.0,99.93202827623709,0.16269920607062668,False
4282,-0.0,99.93202827623709,0.16295346607061684,False
4283,-0.0,99.22512234910278,0.04679306692638301,False
4284,-0.0,99.9510603588907,0.04630754430116215,False
4285,-0.0,99.9513776337115,0.04582696470643507,False
4286,-0.0,99.95169341420214,0.04535121968396534,False
4287,-0.0,99.9520076787714,0.04488022348522807,False
4288,-0.0,99.95232040686587,0.04441391396216069,False
4289,-0.0,99.90526315789474,0.04504056498864667,False
4290,-0.0,99.96601307189542,0.043758848970625965,False
4291,-0.0,99.96601307189542,0.042639050657354814,False
4292,-0.0,99.96601307189542,0.041519959182837685,False
4293,-0.0,99.96601307189542,0.0404016332836449,False
4294,-0.0,99.96601307189542,0.03879543307394388,False
4295,-0.0,99.96601307189542,0.16074021313914122,False
4296,-0.0,99.96601307189542,0.16062443931310608,False
4297,-0.0,99.96601307189542,0.1605158868751896,False
4298,-0.0,99.96601307189542,0.1604144204551168,False
4299,-0.0,99.96601307189542,0.1603198992359246,False
4300,-0.0,99.96601307189542,0.16021440087009856,False
4301,-0.0,99.96601307189542,0.16012063090446405,False
4302,-0.0,99.96601307189542,0.160038184623498,False
4303,-0.0,99.96601307189542,0.1599666558078604,False
4304,-0.0,99.96601307189542,0.15990563703614052,False
4305,-0.0,99.96601307189542,0.15985471997753228,False
4306,-0.0,99.96601307189542,0.15981349567490924,False
4307,-0.0,99.96601307189542,0.15978155481782874,False
4308,-0.0,99.96601307189542,0.1597584880050491,False
4309,-0.0,99.96601307189542,0.15974388599620323,False
4310,-0.0,99.96601307189542,0.15973733995232364,False
4311,-0.0,99.96601307189542,0.15973844166496284,False
4312,-0.0,99.96601307189542,0.15974678377371518,False
4313,-0.0,99.96601307189542,0.15970223468906428,False
4314,-0.0,99.96601307189542,0.15991962812674182,False
4315,-0.0,99.26274509803922,0.03445479436175042,False
4316,-0.0,99.97908496732026,0.034239454346788406,False
4317,-0.0,99.97922185860475,0.03402874934029453,False
4318,-0.0,99.97935803488492,0.0338224034161866,False
4319,-0.0,99.97949348918281,0.03362015190553499,False
4320,-0.0,99.97962821492233,0.03350685218095759,False
4321,-0.0,99.97976220591956,0.03337346573119416,False
4322,-0.0,99.97989545637314,0.03322070603497344,False
4323,-0.0,99.9800279608548,0.03304925615963222,False
4324,-0.0,99.98015971429989,0.03285977190097631,False
4325,-0.0,99.98029071199802,0.032652884648642536,False
4326,-0.0,99.98042094958394,0.031813843777749186,False
4327,-0.0,99.9805504230283,0.030968326787802244,False
4328,-0.0,99.98067912862871,0.030174978975970726,False
4329,-0.0,99.98080706300081,0.15635995716149093,False
4330,-0.0,99.9809342230696,0.15620018562239812,False
4331,-0.0,99.98106060606061,0.15604468230765256,False
4332,-0.0,99.98118620949155,0.1558935495088804,False
4333,-0.0,99.9743026678503,0.1558081310655179,False
4334,-0.0,99.98839691822148,0.1555876391845657,False
4335,-0.0,99.98839691822148,0.15537677700916222,False
4336,-0.0,99.98839691822148,0.15517549701187672,False
4337,-0.0,99.98839691822148,0.1549837517335764,False
4338,-0.0,99.98839691822148,0.15480149381428607,False
4339,-0.0,99.98839691822148,0.15462867602360858,False
4340,-0.0,99.98839691822148,0.15446525129067298,False
4341,-0.0,99.98839691822148,0.1543111727335787,False
4342,-0.0,99.98839691822148,0.15416639368830584,False
4343,-0.0,99.98839691822148,0.15403086773706412,False
4344,-0.0,99.98839691822148,0.1539037033934293,False
4345,-0.0,99.98839691822148,0.15378653890580596,False
4346,-0.0,99.98839691822148,0.15380798124720588,False
4347,-0.0,99.98839691822148,0.15383321862964972,False
4348,-0.0,99.9743026678503,0.1538508640549478,False
4349,-0.0,99.29682754754006,0.009560761545251524,False
4350,-0.0,99.96495818343223,0.010146053993725214,False
4351,-0.0,99.96495818343223,0.010748320688857742,False
4352,-0.0,99.96495818343223,0.011366398684782673,False
4353,-0.0,99.96495818343223,0.011999271980709634,False
4354,-0.0,99.96495818343223,0.012646047928808121,False
4355,-0.0,99.96495818343223,0.012617391911459802,False
4356,-0.0,99.96495818343223,0.012756160578034853,False
4357,-0.0,99.96495818343223,0.1497704170897185,False
4358,-0.0,99.96495818343223,0.1498375063005192,False
4359,-0.0,99.96495818343223,0.14991136486262138,False
4360,-0.0,99.96495818343223,0.21098222437171152,False
4361,-0.0,99.96495818343223,0.21114624855103567,False
4362,-0.0,99.96495818343223,0.21133705441500725,False
4363,-0.0,99.96495818343223,0.21155531932838975,False
4364,-0.0,99.96495818343223,0.21180208964732686,False
4365,-0.0,99.96495818343223,0.2120763416596834,False
4366,-0.0,99.96495818343223,0.2123780018784102,False
4367,-0.0,99.96495818343223,0.21276753969459034,False
4368,-0.0,99.96495818343223,0.21318334662280905,False
4369,-0.0,99.96495818343223,0.21358976444354347,False
4370,-0.0,99.96495818343223,0.21398674424087122,False
4371,-0.0,99.96495818343223,0.21437423621894444,False
4372,-0.0,99.96495818343223,0.2147521896881792,False
4373,-0.0,99.96495818343223,0.21512055305088812,False
4374,-0.0,99.96495818343223,0.21547927378634057,False
4375,-0.0,99.95061379991533,0.21586964538942868,False
4376,-0.0,99.95501893939394,0.21624312930808876,False
4377,-0.0,99.27556818181819,0.15701838945656713,False
4378,-0.0,99.94081439393939,0.1574612232555724,False
4379,-0.0,99.94081439393939,0.15788751627296221,False
4380,-0.0,99.27556818181819,0.05515568231634727,False
4381,-0.0,99.95501893939394,0.055891427022426374,False
4382,-0.0,99.957668971356,0.056491980913639626,False
4383,-0.0,99.96028594122319,0.05695869405759309,False
4384,-0.0,99.96287013830873,0.057292780088218496,False
4385,-0.0,99.96542185338866,0.05749529910949659,False
4386,-0.0,99.96794137852072,0.05754492790432017,False
4387,-0.0,99.97497839042809,0.057224130009319064,False
4388,-0.0,99.97740419378164,0.055944515702350844,False
4389,-0.0,99.97740419378164,0.05462629878991724,False
4390,-0.0,99.97740419378164,0.05326784816241629,False
4391,-0.0,99.97740419378164,0.051559771698777054,False
4392,-0.0,99.97740419378164,0.04981585244737121,False
4393,-0.0,99.97740419378164,0.04803275304390179,False
4394,-0.0,99.97740419378164,0.046206336557749195,False
4395,-0.0,99.97740419378164,0.04433149563754801,False
4396,-0.0,99.97740419378164,0.04240191664984395,False
4397,-0.0,99.97740419378164,0.04040974754130047,False
4398,-0.0,99.97740419378164,0.03834510365948993,False
4399,-0.0,99.97740419378164,0.03619535171745882,False
4400,-0.0,99.97740419378164,0.033944071923807675,False
4401,-0.0,99.97740419378164,0.031569278763498056,False
4402,-0.0,99.97740419378164,0.029040390891365044,False
4403,-0.0,99.97740419378164,0.02631827991772815,False
4404,-0.0,99.97740419378164,0.15136244701311619,False
4405,-0.0,99.97740419378164,0.15088444520981154,False
4406,-0.0,99.97740419378164,0.15042202860211779,False
4407,-0.0,99.97740419378164,0.14997260549754735,False
4408,-0.0,99.97740419378164,0.14984193132564036,False
4409,-0.0,99.97740419378164,0.14972420664486932,False
4410,-0.0,99.97740419378164,0.14961906084047363,False
4411,-0.0,99.97740419378164,0.14963242956869605,False
4412,-0.0,99.97740419378164,0.14964826755182406,False
4413,-0.0,99.97740419378164,0.14966643059276347,False
4414,-0.0,99.97740419378164,0.14968683315446266,False
4415,-0.0,99.97740419378164,0.14970943980601079,False
4416,-0.0,99.97740419378164,0.14973425698912554,False
4417,-0.0,99.97740419378164,0.14976132509966406,False
4418,-0.0,99.97740419378164,0.1497907147163994,False
4419,-0.0,99.97740419378164,0.14982251918885509,False
4420,-0.0,99.97740419378164,0.14985683276428324,False
4421,-0.0,99.97740419378164,0.1498937494807307,False
4422,-0.0,99.97740419378164,0.14993336315124717,False
4423,-0.0,99.97497839042809,0.14997478643225914,False
4424,-0.0,99.30849369910378,0.011805457575421938,False
4425,-0.0,99.96133023975251,0.012323379919158701,False
4426,-0.0,99.96133023975251,0.01284276904310753,False
4427,-0.0,99.96133023975251,0.01336345392303584,False
4428,-0.0,99.96133023975251,0.013885288790927307,False
4429,-0.0,99.96133023975251,0.014408148696403607,False
4430,-0.0,99.96133023975251,0.014931925960964012,False
4431,-0.0,99.96133023975251,0.015456527324906879,False
4432,-0.0,99.96133023975251,0.015981871635804203,False
4433,-0.0,99.96133023975251,0.016507887963544306,False
4434,-0.0,99.96133023975251,0.01702933882087783,False
4435,-0.0,99.96133023975251,0.016828498942058484,False
4436,-0.0,99.96133023975251,0.016605998175545995,False
4437,-0.0,99.96133023975251,0.016360075457239935,False
4438,-0.0,99.96133023975251,0.016088764692296767,False
4439,-0.0,99.96133023975251,0.015789848272830063,False
4440,-0.0,99.96133023975251,0.015460796823950906,False
4441,-0.0,99.96133023975251,0.01509868971738245,False
4442,-0.0,99.96133023975251,0.014700108119673153,False
4443,-0.0,99.96133023975251,0.01426098780157214,False
4444,-0.0,99.96133023975251,0.013776411224318353,False
4445,-0.0,99.96133023975251,0.01324030476103439,False
4446,-0.0,99.96133023975251,0.012644981490989072,False
4447,-0.0,99.96133023975251,0.011980419794352656,False
4448,-0.0,99.96133023975251,0.011233061327600543,False
4449,-0.0,99.96133023975251,0.01038366380088408,False
4450,-0.0,99.96133023975251,0.00940309373927782,False
4451,-0.0,99.96133023975251,0.008242939561186975,False
4452,-0.0,99.96133023975251,0.006809949203129548,False
4453,-0.0,99.96133023975251,0.004865956276960732,False
4454,-0.0,99.96133023975251,4.263256414560601e-14,False
4455,-0.0,99.96133023975251,4.263256414560601e-14,False
4456,-0.0,99.96133023975251,4.263256414560601e-14,False
4457,-0.0,99.96133023975251,4.263256414560601e-14,False
4458,-0.0,99.96133023975251,4.263256414560601e-14,False
4459,-0.0,99.96133023975251,4.263256414560601e-14,False
4460,-0.0,99.96133023975251,4.263256414560601e-14,False
4461,-0.0,99.96133023975251,4.263256414560601e-14,False
4462,-0.0,99.96133023975251,4.263256414560601e-14,False
4463,-0.0,99.96133023975251,4.263256414560601e-14,False
4464,-0.0,99.96133023975251,4.263256414560601e-14,False
4465,-0.0,99.96133023975251,4.263256414560601e-14,False
4466,-0.0,99.96133023975251,4.263256414560601e-14,False
4467,-0.0,99.96133023975251,4.263256414560601e-14,False
4468,0.12068101401352381,99.96133023975251,4.263256414560601e-14,False
4469,0.12068101401352381,99.96133023975251,4.263256414560601e-14,False
4470,0.12068101401352381,99.96133023975251,4.263256414560601e-14,False
4471,0.12068101401352381,99.96133023975251,4.263256414560601e-14,False
4472,0.12068101401352381,99.96133023975251,4.263256414560601e-14,False
4473,0.12068101401352381,99.96133023975251,4.263256414560601e-14,False
4474,0.12068101401352381,99.96133023975251,4.263256414560601e-14,False
4475,0.12068101401352381,99.96133023975251,4.263256414560601e-14,False
4476,0.12068101401352381,99.96133023975251,4.263256414560601e-14,False
4477,0.12068101401352381,99.96133023975251,4.263256414560601e-14,False
4478,0.12068101401352381,99.96133023975251,4.263256414560601e-14,False
4479,0.12068101401352381,99.96133023975251,4.263256414560601e-14,False
4480,0.12068101401352381,99.96133023975251,4.263256414560601e-14,False
4481,0.12068101401352381,99.96133023975251,4.263256414560601e-14,False
4482,0.12068101401352381,99.96133023975251,4.263256414560601e-14,False
4483,0.12068101401352381,99.96133023975251,4.263256414560601e-14,False
4484,0.12068101401352381,99.96133023975251,4.263256414560601e-14,False
4485,0.12068101401352381,99.96133023975251,4.263256414560601e-14,False
4486,0.12068101401352381,99.96133023975251,4.263256414560601e-14,False
4487,0.12068101401352381,99.96133023975251,4.263256414560601e-14,False
4488,0.12068101401352381,99.96133023975251,4.263256414560601e-14,False
4489,0.12068101401352381,99.96133023975251,4.263256414560601e-14,False
4490,0.12068101401352381,99.96133023975251,4.263256414560601e-14,False
4491,0.12068101401352381,99.96133023975251,4.263256414560601e-14,False
4492,0.12068101401352381,99.96133023975251,4.263256414560601e-14,False
4493,0.12068101401352381,99.96133023975251,4.263256414560601e-14,False
4494,0.12068101401352381,99.96133023975251,4.263256414560601e-14,False
4495,0.208180945557171,99.96133023975251,4.263256414560601e-14,False
4496,0.2829047929798921,99.96133023975251,4.263256414560601e-14,False
4497,0.2829047929798921,99.96133023975251,4.263256414560601e-14,False
4498,0.2829047929798921,99.96133023975251,4.263256414560601e-14,False
4499,0.2829047929798921,99.96133023975251,4.263256414560601e-14,False
4500,0.2829047929798921,99.96133023975251,4.263256414560601e-14,False
4501,0.2829047929798921,99.96133023975251,4.263256414560601e-14,False
4502,0.2829047929798921,99.96133023975251,4.263256414560601e-14,False
4503,0.2829047929798921,99.96133023975251,4.263256414560601e-14,False
4504,0.2829047929798921,99.96133023975251,4.263256414560601e-14,False
4505,0.2829047929798921,99.96133023975251,4.263256414560601e-14,False
4506,0.2829047929798921,99.96133023975251,4.263256414560601e-14,False
4507,0.2829047929798921,99.96133023975251,4.263256414560601e-14,False
4508,0.2829047929798921,99.96133023975251,4.263256414560601e-14,False
4509,0.2829047929798921,99.96133023975251,4.263256414560601e-14,False
4510,0.2829047929798921,99.96133023975251,4.263256414560601e-14,False
4511,0.2829047929798921,99.96133023975251,4.263256414560601e-14,False
4512,0.2829047929798921,99.96133023975251,4.263256414560601e-14,False
4513,0.2829047929798921,99.96133023975251,4.263256414560601e-14,False
4514,0.2829047929798921,99.96133023975251,4.263256414560601e-14,False
4515,0.2829047929798921,99.96133023975251,4.263256414560601e-14,False
4516,0.2829047929798921,99.96133023975251,4.263256414560601e-14,False
4517,0.2829047929798921,99.96133023975251,4.263256414560601e-14,False
4518,0.2829047929798921,99.96133023975251,4.263256414560601e-14,False
4519,0.2829047929798921,99.96133023975251,4.263256414560601e-14,False
4520,0.2829047929798921,99.96133023975251,4.263256414560601e-14,False
4521,0.2829047929798921,99.96133023975251,4.263256414560601e-14,False
4522,0.2829047929798921,99.96133023975251,4.263256414560601e-14,False
4523,0.2829047929798921,99.96133023975251,4.263256414560601e-14,False
4524,0.2829047929798921,99.96133023975251,4.263256414560601e-14,False
4525,0.2829047929798921,99.96133023975251,4.263256414560601e-14,False
4526,0.2829047929798921,99.96133023975251,4.263256414560601e-14,False
4527,0.2829047929798921,99.96133023975251,4.263256414560601e-14,False
4528,0.2829047929798921,99.96133023975251,4.263256414560601e-14,False
4529,0.208180945557171,99.96133023975251,4.263256414560601e-14,False
4530,0.208180945557171,99.96133023975251,4.263256414560601e-14,False
4531,0.208180945557171,99.96133023975251,4.263256414560601e-14,False
4532,0.208180945557171,99.96133023975251,4.263256414560601e-14,False
4533,0.208180945557171,99.96133023975251,4.263256414560601e-14,False
4534,0.208180945557171,99.96133023975251,4.263256414560601e-14,False
4535,0.208180945557171,99.96133023975251,4.263256414560601e-14,False
4536,0.208180945557171,99.96133023975251,4.263256414560601e-14,False
4537,0.208180945557171,99.96133023975251,4.263256414560601e-14,False
4538,0.208180945557171,99.96133023975251,4.263256414560601e-14,False
4539,0.208180945557171,99.96133023975251,4.263256414560601e-14,False
4540,0.208180945557171,99.96133023975251,4.263256414560601e-14,False
4541,0.208180945557171,99.96133023975251,4.263256414560601e-14,False
4542,0.208180945557171,99.96133023975251,4.263256414560601e-14,False
4543,0.2829047929798921,99.96133023975251,4.263256414560601e-14,False
4544,0.2829047929798921,99.96133023975251,4.263256414560601e-14,False
4545,0.2829047929798921,99.96133023975251,4.263256414560601e-14,False
4546,0.2829047929798921,99.96133023975251,4.263256414560601e-14,False
4547,0.2829047929798921,99.96133023975251,4.263256414560601e-14,False
4548,0.2829047929798921,99.96133023975251,4.263256414560601e-14,False
4549,0.2829047929798921,99.96133023975251,4.263256414560601e-14,False
4550,0.2829047929798921,99.96133023975251,4.263256414560601e-14,False
4551,0.2829047929798921,99.96133023975251,4.263256414560601e-14,False
4552,0.2829047929798921,99.96133023975251,4.263256414560601e-14,False
4553,0.2829047929798921,99.96133023975251,4.263256414560601e-14,False
4554,0.2829047929798921,99.96133023975251,4.263256414560601e-14,False
4555,0.2829047929798921,99.96133023975251,4.263256414560601e-14,False
4556,0.208180945557171,99.96133023975251,4.263256414560601e-14,False
4557,0.12068101401352381,99.96133023975251,4.263256414560601e-14,False
4558,0.12068101401352381,99.96133023975251,4.263256414560601e-14,False
4559,0.12068101401352381,99.96133023975251,4.263256414560601e-14,False
4560,0.12068101401352381,99.96133023975251,4.263256414560601e-14,False
4561,0.12068101401352381,99.96133023975251,4.263256414560601e-14,False
4562,0.12068101401352381,99.96133023975251,4.263256414560601e-14,False
4563,0.12068101401352381,99.96133023975251,4.263256414560601e-14,False
4564,0.12068101401352381,99.96133023975251,4.263256414560601e-14,False
4565,0.12068101401352381,99.96133023975251,4.263256414560601e-14,False
4566,0.12068101401352381,99.96133023975251,4.263256414560601e-14,False
4567,0.12068101401352381,99.96133023975251,4.263256414560601e-14,False
4568,0.12068101401352381,99.96133023975251,4.263256414560601e-14,False
4569,0.12068101401352381,99.96133023975251,4.263256414560601e-14,False
4570,0.12068101401352381,99.96133023975251,4.263256414560601e-14,False
4571,0.12068101401352381,99.96133023975251,4.263256414560601e-14,False
4572,0.12068101401352381,99.96133023975251,4.263256414560601e-14,False
4573,0.12068101401352381,99.96133023975251,4.263256414560601e-14,False
4574,0.12068101401352381,99.96133023975251,4.263256414560601e-14,False
4575,0.12068101401352381,99.96133023975251,4.263256414560601e-14,False
4576,0.12068101401352381,99.96133023975251,4.263256414560601e-14,False
4577,0.12068101401352381,99.96133023975251,4.263256414560601e-14,False
4578,0.12068101401352381,99.96133023975251,4.263256414560601e-14,False
4579,0.12068101401352381,99.96133023975251,4.263256414560601e-14,False
4580,0.12068101401352381,99.96133023975251,4.263256414560601e-14,False
4581,0.12068101401352381,99.96133023975251,4.263256414560601e-14,False
4582,0.12068101401352381,99.96133023975251,4.263256414560601e-14,False
4583,0.12068101401352381,99.96133023975251,4.263256414560601e-14,False
4584,0.12068101401352381,99.96133023975251,4.263256414560601e-14,False
4585,0.12068101401352381,99.96133023975251,4.263256414560601e-14,False
4586,0.12068101401352381,99.96133023975251,4.263256414560601e-14,False
4587,0.12068101401352381,99.96133023975251,4.263256414560601e-14,False
4588,0.12068101401352381,99.96133023975251,4.263256414560601e-14,False
4589,0.12068101401352381,99.96133023975251,4.263256414560601e-14,False
4590,0.12068101401352381,99.96133023975251,4.263256414560601e-14,False
4591,0.12068101401352381,99.96133023975251,4.263256414560601e-14,False
4592,0.12068101401352381,99.96133023975251,4.263256414560601e-14,False
4593,0.12068101401352381,99.96133023975251,4.263256414560601e-14,False
4594,0.12068101401352381,99.96133023975251,4.263256414560601e-14,False
4595,0.12068101401352381,99.96133023975251,4.263256414560601e-14,False
4596,0.12068101401352381,99.96133023975251,4.263256414560601e-14,False
4597,0.12068101401352381,99.96133023975251,4.263256414560601e-14,False
4598,0.12068101401352381,99.96133023975251,4.263256414560601e-14,False
4599,0.12068101401352381,99.96133023975251,4.263256414560601e-14,False
4600,0.12068101401352381,99.96133023975251,4.263256414560601e-14,False
4601,0.12068101401352381,99.96133023975251,4.263256414560601e-14,False
4602,0.12068101401352381,99.96133023975251,4.263256414560601e-14,False
4603,0.12068101401352381,99.96133023975251,4.263256414560601e-14,False
4604,-0.0,99.96133023975251,4.263256414560601e-14,False
4605,-0.0,99.96133023975251,4.263256414560601e-14,False
4606,-0.0,99.96133023975251,4.263256414560601e-14,False
4607,-0.0,99.96133023975251,4.263256414560601e-14,False
4608,-0.0,99.96133023975251,4.263256414560601e-14,False
4609,-0.0,99.96133023975251,4.263256414560601e-14,False
4610,-0.0,99.96133023975251,4.263256414560601e-14,False
4611,-0.0,99.96133023975251,4.263256414560601e-14,False
4612,-0.0,99.96133023975251,4.263256414560601e-14,False
4613,-0.0,99.96133023975251,4.263256414560601e-14,False
4614,-0.0,99.96133023975251,4.263256414560601e-14,False
4615,-0.0,99.96133023975251,4.263256414560601e-14,False
4616,-0.0,99.96133023975251,4.263256414560601e-14,False
4617,-0.0,99.96133023975251,4.263256414560601e-14,False
4618,-0.0,99.96133023975251,4.263256414560601e-14,False
4619,-0.0,99.96133023975251,4.263256414560601e-14,False
4620,-0.0,99.96133023975251,4.263256414560601e-14,False
4621,-0.0,99.96133023975251,4.263256414560601e-14,False
4622,-0.0,99.96133023975251,4.263256414560601e-14,False
4623,-0.0,99.96133023975251,4.263256414560601e-14,False
4624,-0.0,99.96133023975251,4.263256414560601e-14,False
4625,-0.0,99.96133023975251,4.263256414560601e-14,False
4626,-0.0,99.96133023975251,4.263256414560601e-14,False
4627,-0.0,99.96133023975251,0.14597868830862815,False
4628,-0.0,99.96133023975251,0.14619325774427655,False
4629,-0.0,99.96133023975251,0.14643200710035673,False
4630,-0.0,99.96133023975251,0.1466635889503589,False
4631,-0.0,99.96133023975251,0.14688813491554406,False
4632,-0.0,99.96133023975251,0.14710577479127193,False
4633,-0.0,99.96133023975251,0.14731663662234357,False
4634,-0.0,99.96133023975251,0.14752084677531005,False
4635,-0.0,99.96133023975251,0.14771853000790014,False
4636,-0.0,99.96133023975251,0.14790980953571187,False
4637,-0.0,99.96133023975251,0.1480948070963032,False
4638,-0.0,99.96133023975251,0.1482736430108088,False
4639,-0.0,99.96133023975251,0.14844643624320186,False
4640,-0.0,99.96133023975251,0.14861330445731183,False
4641,-0.0,99.96133023975251,0.14877436407170602,False
4642,-0.0,99.96133023975251,0.14892973031253176,False
4643,-0.0,99.96133023975251,0.1490795172644122,False
4644,-0.0,99.96133023975251,0.14922383791948435,False
4645,-0.0,99.96133023975251,0.14936280422466053,False
4646,-0.0,99.96133023975251,0.14949652712719186,False
4647,-0.0,99.30849369910378,0.03283135822386175,False
4648,-0.0,99.97497839042809,0.03243761834798224,False
4649,-0.0,99.97740419378164,0.03190429657867711,False
4650,-0.0,99.97740419378164,0.03137105921493507,False
4651,-0.0,99.97740419378164,0.030837910635281143,False
4652,-0.0,99.97740419378164,0.030304855525608815,False
4653,-0.0,99.97740419378164,0.029771898906558868,False
4654,-0.0,99.97740419378164,0.1445531308576218,False
4655,-0.0,99.97740419378164,0.1448628417801214,False
4656,-0.0,99.97740419378164,0.14525065913745036,False
4657,-0.0,99.97740419378164,0.14562516160106365,False
4658,-0.0,99.97740419378164,0.1456471000866109,False
4659,-0.0,99.97740419378164,0.1456686733108205,False
4660,-0.0,99.97740419378164,0.14569080954664707,False
4661,-0.0,99.97740419378164,0.14571348135077358,False
4662,-0.0,99.97740419378164,0.14573666129084856,False
4663,-0.0,99.97740419378164,0.14576032194645988,False
4664,-0.0,99.97740419378164,0.1457844359100554,False
4665,-0.0,99.97740419378164,0.14580897578781035,False
4666,-0.0,99.97740419378164,0.14583391420044123,False
4667,-0.0,99.97740419378164,0.1458592237839682,False
4668,-0.0,99.97740419378164,0.14588487719042328,False
4669,-0.0,99.97740419378164,0.1459108470885066,False
4670,-0.0,99.97740419378164,0.14593710616419014,False
4671,-0.0,99.97740419378164,0.14596362712126967,False
4672,-0.0,99.97740419378164,0.1459903826818632,False
4673,-0.0,99.97740419378164,0.14601678351487285,False
4674,-0.0,99.31986623282718,0.03573033219074368,False
4675,-0.0,99.98644251626898,0.03388556883825712,False
4676,-0.0,99.99102172741965,0.14849893295609728,False
4677,-0.0,99.99108138238573,0.14812549899139624,False
4678,-0.0,99.99108138238573,0.1481045565208026,False
4679,-0.0,99.99108138238573,0.14809070018031187,False
4680,-0.0,99.99108138238573,0.14808292412282,False
4681,-0.0,99.99108138238573,0.14808116133261054,False
4682,-0.0,99.99108138238573,0.14808534405276538,False
4683,-0.0,99.99108138238573,0.14809540381247557,False
4684,-0.0,99.99108138238573,0.1481112714544677,False
4685,-0.0,99.99108138238573,0.1479683840590295,False
4686,-0.0,99.99108138238573,0.14783161382413118,False
4687,-0.0,99.99108138238573,0.14770158224767543,False
4688,-0.0,99.99108138238573,0.14757834218190294,False
4689,-0.0,99.99108138238573,0.14746193787105027,False
4690,-0.0,99.99108138238573,0.14733402114356015,False
4691,-0.0,99.99108138238573,0.14720067191353836,False
4692,-0.0,99.99108138238573,0.1470692237176918,False
4693,-0.0,99.99102172741965,0.14694117665253417,False
4694,-0.0,99.98644251626898,0.21019255729248076,False
4695,-0.0,99.98407715754516,0.2101634918863276,False
4696,-0.0,99.31531777444157,0.15200399077314816,False
4697,-0.0,99.97497839042809,0.15186742724188335,False
4698,-0.0,99.97497839042809,0.15173768146864208,False
4699,-0.0,99.97497839042809,0.15161550462916615,False
4700,-0.0,99.97497839042809,0.15150164925922008,False
4701,-0.0,99.97497839042809,0.15139686886512044,False
4702,-0.0,99.97497839042809,0.2079740390730516,False
4703,-0.0,99.97497839042809,0.20824436316028366,False
4704,-0.0,99.97497839042809,0.20871377282572975,False
4705,-0.0,99.97497839042809,0.20930727701574203,False
4706,-0.0,99.97497839042809,0.20990615598640155,False
4707,-0.0,99.97497839042809,0.21018597550566237,False
4708,-0.0,99.97497839042809,0.21046587650613846,False
4709,-0.0,99.97497839042809,0.21074579728832296,False
4710,-0.0,99.97023128005496,0.21103851755387978,False
4711,-0.0,99.96542185338866,0.21133968639968068,False
4712,-0.0,99.96287013830873,0.21164411953360301,False
4713,-0.0,99.96028594122319,0.21195111157980437,False
4714,-0.0,99.28514694201748,0.14979956350956652,False
4715,-0.0,99.94626921459609,0.15021476548453716,False
4716,-0.0,99.94626921459609,0.15044541571490758,False
4717,-0.0,99.94626921459609,0.1506723770620917,False
4718,-0.0,99.94626921459609,0.15089505543584486,False
4719,-0.0,99.94626921459609,0.2080785388416564,False
4720,-0.0,99.94626921459609,0.20830408759458952,False
4721,-0.0,99.94626921459609,0.20853340384760816,False
4722,-0.0,99.28514694201748,0.1523863209506983,False
4723,-0.0,99.95794982011867,0.15225001126168547,False
4724,-0.0,99.96983198737584,0.1518497160095749,False
4725,-0.0,99.96983198737584,0.15103270323359008,False
4726,-0.0,99.96983198737584,0.1502008970562129,False
4727,-0.0,99.96983198737584,0.21199555563505668,False
4728,-0.0,99.96983198737584,0.21172442624283702,False
4729,-0.0,99.96983198737584,0.2114563771898693,False
4730,-0.0,99.96983198737584,0.21119193727634464,False
4731,-0.0,99.96983198737584,0.21093163778573878,False
4732,-0.0,99.96983198737584,0.21062500476361687,False
4733,-0.0,99.96983198737584,0.21037506207153045,False
4734,-0.0,99.96983198737584,0.21011335420734356,False
4735,-0.0,99.96983198737584,0.2624431033511554,False
4736,-0.0,99.95794982011867,0.2623253319393833,False
4737,-0.0,99.957668971356,0.2621929447725374,False
4738,-0.0,99.95738636363636,0.2620488540297777,False
4739,-0.0,99.27556818181819,0.21938076620188712,False
4740,-0.0,99.94081439393939,0.2191234900693561,False
4741,-0.0,99.94081439393939,0.2188547152684721,False
4742,-0.0,99.94081439393939,0.21857959940351254,False
4743,-0.0,99.94081439393939,0.21830255253150999,False
4744,-0.0,99.94081439393939,0.21802806252951534,False
4745,-0.0,99.92373689227836,0.2180467388691112,False
4746,-0.0,99.92322825200327,0.21808239233367932,False
4747,-0.0,99.23947987140733,0.15838008732444644,False
4748,-0.0,99.90163619787918,0.158464498109407,False
4749,-0.0,99.90163619787918,0.1585420329223844,False
4750,-0.0,99.90163619787918,0.15850088933487116,False
4751,-0.0,99.90163619787918,0.15845666164945207,False
4752,-0.0,99.8816596628508,0.15856580337227782,False
4753,-0.0,99.87844014392687,0.15851337459603132,False
4754,-0.0,99.87763093489966,0.1585118374540552,False
4755,-0.0,99.18991678903573,0.01660568919566721,False
4756,-0.0,99.85070974057759,0.16336669512334423,False
4757,-0.0,99.85070974057759,0.2283139687761938,False
4758,-0.0,99.85070974057759,0.27830498485442606,False
4759,-0.0,99.85070974057759,0.3179857619532558,False
4760,-0.0,99.85070974057759,0.3509388226841141,False
4761,-0.0,99.85070974057759,0.3789865496865774,False
4762,-0.0,99.85070974057759,0.40321440513805606,False
4763,-0.0,99.85070974057759,0.49889716113775884,False
4764,-0.0,99.85070974057759,0.5148406227586722,False
4765,-0.0,99.85070974057759,0.52880347119707,False
4766,-0.0,99.85070974057759,0.5421200484016706,False
4767,-0.0,99.85070974057759,0.553810435432884,False
4768,-0.0,99.84966112138017,0.5640451578343484,False
4769,-0.0,99.84612329991066,0.5729747033403398,False
4770,-0.0,99.84504261328135,0.5807555747772306,False
4771,-0.0,99.84395449511729,0.5874672262057228,False
4772,-0.0,99.80489535296205,0.5931866404743135,False
4773,-0.0,99.81378501096883,0.5980535035804775,False
4774,-0.0,99.80219385002697,0.6021201158493164,False
4775,-0.0,99.80338386712889,0.6054842518519833,False
4776,-0.0,99.08676980390128,0.5860911341341573,False
4777,-0.0,99.07250605736915,0.5663040659452085,False
4778,-0.0,99.06858372251666,0.5453590422822867,False
4779,-0.0,99.06465505852512,0.5246712626376407,False
4780,-0.0,99.0607205577138,0.5043017452949136,False
4781,-0.0,99.05678072831533,0.4843183186762991,False
4782,-0.0,99.05283609477036,0.4647983679625382,False
4783,-0.0,98.32694694802741,0.3604653274000284,False
4784,-0.0,99.0204544227967,0.3374055975963528,False
4785,-0.0,99.0204544227967,0.31506263628237835,False
4786,-0.0,99.0204544227967,0.291527653366892,False
4787,-0.0,99.0204544227967,0.26861903865855685,False
4788,-0.0,99.0204544227967,0.24635546727041763,False
4789,-0.0,99.0204544227967,0.2247609355383063,False
4790,-0.0,99.0204544227967,0.20387260125683684,False
4791,-0.0,99.0204544227967,0.18370813902562208,False
4792,-0.0,99.0204544227967,0.1643015941290536,False
4793,-0.0,99.0204544227967,0.1456936494023693,False
4794,-0.0,99.0204544227967,0.21525749713016165,False
4795,-0.0,99.0204544227967,0.20608353406198865,False
4796,-0.0,99.0204544227967,0.19891292385257306,False
4797,-0.0,99.0204544227967,0.19305394499103104,False
4798,-0.0,99.0204544227967,0.1886236264699373,False
4799,-0.0,99.0204544227967,0.18551281027419372,False
4800,-0.0,99.0204544227967,0.1835722062336368,False
4801,-0.0,99.0204544227967,0.18262690888642796,False
4802,-0.0,99.0204544227967,0.18248076344254346,False
4803,-0.0,99.0204544227967,0.18290269239119042,False
4804,-0.0,99.0204544227967,0.18370214080407526,False
4805,-0.0,99.0204544227967,0.18467973405248156,False
4806,-0.0,99.0204544227967,0.18564593287499967,False
4807,-0.0,99.0204544227967,0.18658501778435319,False
4808,-0.0,99.0204544227967,0.26506626990787296,False
4809,-0.0,98.98380610803173,0.26590830210458605,False
4810,-0.0,98.97680017509302,0.26660094761355985,False
4811,-0.0,98.97250840174095,0.26716598810046877,False
4812,-0.0,98.96821434514894,0.26761431362375104,False
4813,0.12068101401352381,98.96391867739052,0.26919473629432983,False
4814,0.208180945557171,98.23782394995531,0.20707752398925364,False
4815,0.2829047929798921,98.92202859696157,0.20753608955024988,False
4816,0.2829047929798921,98.89182651741014,0.2074201791343585,False
4817,0.2829047929798921,98.89524672823069,0.20739692485911995,False
4818,0.2829047929798921,98.8902202442086,0.2798684649649434,False
4819,0.2829047929798921,98.88518561084933,0.2800262830589161,False
4820,0.2829047929798921,98.88014352682447,0.280016887358451,False
4821,0.2829047929798921,98.875094713528,0.27986331327656966,False
4822,0.2829047929798921,98.87003991547311,0.2795861677339012,False
4823,0.2829047929798921,98.86497990068574,0.27920525847741845,False
4824,0.2829047929798921,98.85991546109425,0.2787396672009469,False
4825,0.2829047929798921,98.85484741291444,0.2784251957385978,False
4826,0.2829047929798921,98.84977659702935,0.27803505661942246,False
4827,0.2829047929798921,98.84470387936277,0.2775910507821587,False
4828,0.2829047929798921,98.08160038915237,0.2041571117902429,False
4829,0.2829047929798921,98.79605983217803,0.2031583844430169,False
4830,0.3491843735073079,98.79605983217803,0.2022760062966064,False
4831,0.40907313904382653,98.79605983217803,0.20150930935161449,False
4832,0.4637773498877516,98.79605983217803,0.2008566079672186,False
4833,0.5140912790181235,98.72941032392383,0.19864820867406868,False
4834,0.5140912790181235,98.7605599062712,0.19757494749587004,False
4835,0.5140912790181235,98.75496770988575,0.19656707085066522,False
4836,0.5140912790181235,98.74937468734367,0.1963121128180257,False
4837,0.5140912790181235,98.7437818777155,0.1955370094560954,False
4838,0.5140912790181235,97.97241987280398,0.050989635834807735,False
4839,0.5140912790181235,98.6871103834771,0.04774794345012377,False
4840,0.5140912790181235,98.6871103834771,0.04530374525061187,False
4841,0.5140912790181235,98.6871103834771,0.04364667017088575,False
4842,0.5140912790181235,98.6871103834771,0.04939836987478799,False
4843,0.5140912790181235,98.6871103834771,0.05287487933026534,False
4844,0.5140912790181235,98.6871103834771,0.056683422765249084,False
4845,0.5140912790181235,98.6871103834771,0.07334707417370853,False
4846,0.5140912790181235,98.6871103834771,0.07902613877708779,False
4847,0.5140912790181235,98.6871103834771,0.08438977223904191,False
4848,0.5140912790181235,98.6871103834771,0.08946863099521762,False
4849,0.5140912790181235,98.6871103834771,0.0962865786492019,False
4850,0.5140912790181235,98.6871103834771,0.10272557645694742,False
4851,0.5140912790181235,98.6871103834771,0.10881309516311569,False
4852,0.5140912790181235,98.6871103834771,0.11456886281031878,False
4853,0.5140912790181235,98.6871103834771,0.12000744184376314,False
4854,0.5140912790181235,98.6871103834771,0.1251398420141813,False
4855,0.5140912790181235,98.6871103834771,0.12997457272373622,False
4856,0.560576942614533,98.60503455709848,0.13352878307874635,False
4857,0.603652249754401,98.64321287191929,0.13772144037523124,False
4858,0.6436394131461666,98.63700655779864,0.1416706742581913,False
4859,0.6436394131461666,98.63080209749467,0.14504967532855406,False
4860,0.6436394131461666,98.62460074310671,0.14819959605171812,False
4861,0.6436394131461666,98.61840378051983,0.1511288045793471,False
4862,0.6436394131461666,98.54219695216688,0.1518366361295991,False
4863,0.6436394131461666,98.5548748002131,0.2600977045683531,False
4864,0.6436394131461666,98.54771088378332,0.261753725920085,False
4865,0.6807937753703206,98.42620736237758,0.25950538502794723,False
4866,0.7153220528038851,98.49015540517564,0.2594801807061097,False
4867,0.7153220528038851,98.4831883859481,0.25923752765616165,False
4868,0.7153220528038851,98.47622987554728,0.25876734296255,False
4869,0.7153220528038851,98.46928149947935,0.2573556008169253,False
4870,0.7153220528038851,98.46234492399091,0.2557262806724746,False
4871,0.7153220528038851,98.45542185630849,0.25390976495926476,False
4872,0.7473944462440387,98.44851404484432,0.2519354915281005,False
4873,0.7771529943226336,98.44162327936667,0.24986391929411875,False
4874,0.7771529943226336,98.43475139113265,0.24770774601166787,False
4875,0.7473944462440387,98.42790025298157,0.24548908505007372,False
4876,0.7153220528038851,98.42107177938662,0.24326614955816014,False
4877,0.7153220528038851,98.41426792646305,0.24103022279006742,False
4878,0.7153220528038851,98.40749069193055,0.23879781470589226,False
4879,0.7153220528038851,98.40074211502782,0.2414127355625946,False
4880,0.7153220528038851,98.39402427637722,0.2400024406598745,False
4881,0.7153220528038851,98.38733929779715,0.2386742251683428,False
4882,0.7153220528038851,98.38068934206046,0.3107732144234107,False
4883,0.7153220528038851,97.55968370474065,0.2287099748228673,False
4884,0.7153220528038851,98.30502061972683,0.22722614535139488,False
4885,0.7153220528038851,98.30502061972683,0.22593962243590782,False
4886,0.7153220528038851,98.30502061972683,0.2334706235928632,False
4887,0.7153220528038851,98.30502061972683,0.23446286269578592,False
4888,0.830774222099454,98.30502061972683,0.23563456769379312,False
4889,0.9129467467841514,98.30502061972683,0.31922059454201873,False
4890,0.9822408213425595,98.30502061972683,0.3216973718604968,False
4891,1.01044884930661,98.30502061972683,0.32387415747125226,False
4892,1.01044884930661,98.30502061972683,0.325774566044995,False
4893,1.01044884930661,98.30502061972683,0.32739617250979397,False
4894,1.0305279703180825,98.30502061972683,0.32943620476646907,False
4895,1.0805333164475432,98.30502061972683,0.3312435833403793,False
4896,1.0805333164475432,98.30502061972683,0.33280316629366913,False
4897,1.1260528027543955,98.30502061972683,0.33414921405322723,False
4898,1.1676444621356104,98.30502061972683,0.3352965768597501,False
4899,1.2057219651274376,98.11895514431498,0.3328110085828844,False
4900,1.2406030082663506,98.23721019352367,0.3397128765695018,False
4901,1.2725381154419293,98.22984959506363,0.4175664148430117,False
4902,1.301728854068539,97.40840725028924,0.3730817109534866,False
4903,1.301728854068539,98.14500578480525,0.3782788180271572,False
4904,1.301728854068539,98.14500578480525,0.38275567096702584,False
4905,1.301728854068539,98.14500578480525,0.3865777304864554,False
4906,1.301728854068539,97.94698645554391,0.38470015355221737,False
4907,1.301728854068539,98.06685932984456,0.3862480890673639,False
4908,1.301728854068539,98.05871026054152,0.387284620570167,False
4909,1.301728854068539,97.23739537077063,0.3235542662175698,False
4910,1.301728854068539,97.96439658898888,0.32253876789507196,False
4911,1.301728854068539,97.96439658898888,0.3214975101626435,False
4912,1.301728854068539,97.96439658898888,0.32045121323128156,False
4913,1.301728854068539,97.96439658898888,0.31995779022698334,False
4914,1.301728854068539,97.96439658898888,0.318786235171242,False
4915,1.301728854068539,97.96439658898888,0.31762648515480496,False
4916,1.301728854068539,97.96439658898888,0.31649643563049046,False
4917,1.2680160454788014,97.96439658898888,0.3154993702539284,False
4918,1.2310786130055862,97.96439658898888,0.31458192332181306,False
4919,1.190600186419197,97.96439658898888,0.3137534486041159,False
4920,1.190600186419197,97.75405298536971,0.30609206970058245,False
4921,1.190600186419197,96.96322657176749,0.18591350597931236,False
4922,1.190600186419197,97.6789244760775,0.17118391031856064,False
4923,1.190600186419197,97.6789244760775,0.15703866483249718,False
4924,1.190600186419197,97.6789244760775,0.1435303618701503,False
4925,1.190600186419197,97.6789244760775,0.1307245137774737,False
4926,1.1461683299371317,97.6789244760775,0.11870317264298426,False
4927,1.0972261621017096,97.6789244760775,0.10756904122391119,False
4928,1.0972261621017096,97.6789244760775,0.09744929233768711,False
4929,1.1461683299371317,97.6789244760775,0.08849712316883045,False
4930,1.190600186419197,97.6789244760775,0.08025174969139993,False
4931,1.2310786130055862,97.6789244760775,0.07314548755408146,False
4932,1.2680160454788014,97.6789244760775,0.06700397483573146,False
4933,1.2680160454788014,97.6789244760775,0.05921509301138487,False
4934,1.2310786130055862,97.6789244760775,0.052240811197062406,False
4935,1.190600186419197,97.6789244760775,0.05031892485895833,False
4936,1.2189859772419214,97.6789244760775,0.05021166459144068,False
4937,1.2449737775841292,97.6789244760775,0.051935963186000834,False
4938,1.2686794699537274,97.6789244760775,0.0555757692772918,False
4939,1.2902007807553537,97.6789244760775,0.06068082786532057,False
4940,1.30962049684272,97.6789244760775,0.2208836361532139,False
4941,1.3270089026073437,97.6789244760775,0.225177957258348,False
4942,1.3424256522693587,97.6789244760775,0.2291386578557138,False
4943,1.3559212235520337,97.6789244760775,0.23277907195299516,False
4944,1.3675380544221296,97.6789244760775,0.2361103708725803,False
4945,1.3773114348674147,97.6789244760775,0.23914187537776158,False
4946,1.3852702053381705,97.6789244760775,0.24188130078309,False
4947,1.3914372992027793,97.6789244760775,0.24433495025062127,False
4948,1.3914372992027793,97.6789244760775,0.24650786731453483,False
4949,1.3852702053381705,97.6789244760775,0.2484039557311546,False
4950,1.3773114348674147,97.6789244760775,0.250026072622747,False
4951,1.3675380544221296,97.6789244760775,0.2514142563001593,False
4952,1.3559212235520337,97.6789244760775,0.2526544102073417,False
4953,1.3287344279695676,97.6789244760775,0.2537070802855428,False
4954,1.2964607361371667,97.6789244760775,0.2545889968517953,False
4955,1.2964607361371667,97.58964143426294,0.25453454851956314,False
4956,1.2964607361371667,97.5834938985228,0.25428568329398926,False
4957,1.3058755112911309,97.56936018765671,0.25370172729295726,False
4958,1.2964607361371667,97.55521147420748,0.25278143409687986,False
4959,1.2852748466470731,97.54105090311987,0.253856773944206,False
4960,1.2722864781512913,96.70771756978654,0.16394604858280304,False
4961,1.2574580300524587,97.42200328407225,0.1658041714733128,False
4962,1.2407449439357603,97.42200328407225,0.2827217829360778,False
4963,1.2220947914756688,97.42200328407225,0.361203781185182,False
4964,1.2220947914756688,97.42200328407225,0.4231800965420739,False
4965,1.2220947914756688,97.42200328407225,0.4751364976742122,False
4966,1.2220947914756688,97.42200328407225,0.5203464212430842,False
4967,1.2220947914756688,97.42200328407225,0.5604416193153572,False
4968,1.2220947914756688,97.42200328407225,0.5964731757069787,False
4969,1.2220947914756688,97.42200328407225,0.6291573968240226,False
4970,1.2220947914756688,97.42200328407225,0.6590094573971274,False
4971,1.2220947914756688,97.42200328407225,0.6881649176857735,False
4972,1.2220947914756688,97.42200328407225,0.775776825308231,False
4973,1.2220947914756688,97.42200328407225,0.7914169740015778,False
4974,1.2220947914756688,97.42200328407225,0.8051523377303436,False
4975,1.2220947914756688,97.42200328407225,0.8178829070966656,False
4976,1.2407449439357603,97.42200328407225,0.8256605605016547,False
4977,1.2574580300524587,97.42200328407225,0.8330285979497453,False
4978,1.2722864781512913,97.42200328407225,0.8399869483123742,False
4979,1.2852748466470731,97.31182795698925,0.8458397563319149,False
4980,1.2964607361371667,97.06628937622239,0.8474422320691528,False
4981,1.3058755112911309,97.2073354546977,0.8516426733283875,False
4982,1.347922583568817,96.38251549154245,0.8246925200099398,False
4983,1.3852702053381705,96.3593360645352,0.7977154140493601,True
4984,1.418464503832282,96.33590388138553,0.7707175357961302,True
4985,1.4238430936939133,96.31221524972062,0.7437058404577396,True
4986,1.4274202463828694,96.28826641227994,0.7164886183730591,True
4987,1.4292062682172793,96.26405354564942,0.6890461282011014,True
4988,1.429206268217279,96.23957275897074,0.6613376992815732,True
4989,1.4274202463828694,96.21482009262557,0.6744761390916838,True
4990,1.3958301562928708,96.18979151689432,0.6453324695164836,True
4991,1.360034097940745,96.16448293058893,0.6139315845244062,True
4992,1.3194892909924263,95.41150098357656,0.49819734190093656,True
4993,1.2734192269994746,96.24226756532177,0.4726161095581587,True
4994,1.2206340886225493,96.24167899408285,0.4484097291878011,True
4995,1.2132336634320215,96.22274684071657,0.42433188649742193,True
4996,1.2041517951932372,96.31981460023175,0.4086245442119716,True
4997,1.2041517951932372,96.29543009495299,0.39311797081107785,True
4998,1.2041517951932372,96.27077039274924,0.3779140693253461,True
4999,1.2041517951932372,96.24583134826108,0.3631306865547545,True
5000,1.2041517951932372,96.22060874164544,0.3489037411022899,True
5001,1.2041517951932372,96.19509827711721,0.33538908588057925,True
5002,1.2041517951932372,96.1692955814637,0.3227636791216438,True
5003,1.2132336634320215,96.14319620253164,0.31188478806027103,True
5004,1.2206340886225493,96.11679560768656,0.30230140530929284,True
5005,1.2263714330738393,96.09008918224417,0.29417051036061903,True
5006,1.2304597034223903,96.06307222787386,0.28766075951633274,True
5007,1.2329087607099036,96.0357399609736,0.2827518677334396,True
5008,1.2337244651110395,96.00808751101664,0.2795499609739065,True
5009,1.2337244651110395,95.20544360115153,0.15339661664097579,True
5010,1.2337244651110395,96.08920832892929,0.16454438515142858,True
5011,1.2337244651110395,96.08891241069065,0.17730601910171934,True
5012,1.2337244651110395,96.08882293709259,0.19123980241061175,True
5013,1.2337244651110395,96.07302059010826,0.20539054722817315,True
5014,1.2329087607099036,96.16896918172158,0.2201573781926458,True
5015,1.2304597034223903,96.14228994527309,0.3506816543987831,True
5016,1.2263714330738393,96.1152950100233,0.35354577110451446,True
5017,1.2206340886225493,96.08797942769601,0.3559829020585218,True
5018,1.2132336634320215,96.06033815891259,0.3584911127926877,True
5019,1.2206340886225493,96.03236607142857,0.3585699795746101,True
5020,1.2263714330738393,96.00405793834189,0.35911195180342803,True
5021,1.2304597034223903,95.97540843627256,0.3597234934610385,True
5022,1.2304597034223903,95.94641214351427,0.3603721401817551,True
5023,1.2304597034223903,95.91706353815775,0.36044808419057806,True
5024,1.2304597034223903,95.88735699618657,0.4329686660211466,True
5025,1.2304597034223903,95.85728678954543,0.43025784453185206,True
5026,1.2329087607099036,95.82684708418154,0.42710135566124396,True
5027,1.2337244651110395,95.79603193805953,0.42374755319730456,True
5028,1.2329087607099036,95.76483529915052,0.41974112796783075,True
5029,1.2329087607099036,95.7332510033961,0.41509102877495596,True
5030,1.2329087607099036,95.70127277264787,0.4098046606201455,True
5031,1.2329087607099036,95.66889421258354,0.45520542398368685,True
5032,1.2329087607099036,95.63610881060075,0.45051803910568183,True
5033,1.2329087607099036,95.60290993368956,0.44533333779053763,True
5034,1.2329087607099036,95.56929082628497,0.43909190205182064,True
5035,1.2329087607099036,94.68700683850605,0.34793402479865726,True
5036,1.2329087607099036,95.6602645045524,0.3480328390806457,True
5037,1.2337244651110395,95.66027689030884,0.34763893676751234,True
5038,1.2329087607099036,95.64058125583256,0.34631740195937266,True
5039,1.2304597034223903,95.74794740004005,0.34673663372232044,True
5040,1.2304597034223903,95.71553876256662,0.3459927955883854,True
5041,1.2263714330738393,95.68271722820897,0.3445697047913878,True
5042,1.2206340886225493,95.64947600661887,0.3425785486376974,True
5043,1.1590956761386297,95.61580818289538,0.3401418372889098,True
5044,1.0844863484244938,94.69382002677753,0.23737378216754565,True
5045,0.976414308115487,95.703904246224,0.23827584910242522,True
5046,0.9669852958320848,95.6763698630137,0.24079909041331188,True
5047,0.9559312637896478,95.7848110309352,0.3521935723550778,True
5048,0.9432261548473415,95.75236581665824,0.35208862503341853,True
5049,0.9288391461883214,95.71950328707085,0.35220508984386706,True
5050,0.9127341558073343,95.68621657556507,0.35245291102592297,True
5051,0.8948692308065574,94.72622693658026,0.29685726308890587,True
5052,0.875195788740725,95.76943416181915,0.29601507722921294,True
5053,0.8536576732793313,95.7712383690143,0.2943672031056657,True
5054,0.8301899714180443,95.74306923193456,0.2952973969451462,True
5055,0.804717519321077,95.84407705141817,0.29278945748668744,True
5056,0.7771529943226336,95.81191992022704,0.29229756311538135,True
5057,0.7473944462440387,95.77934672976957,0.4146851250278559,True
5058,0.7153220528038851,95.74635065138911,0.5032743484859336,True
5059,0.6807937753703206,95.71292473801206,0.5739449571638685,True
5060,0.6436394131461666,95.67906192273713,0.6327408440524006,True
5061,0.603652249754401,95.64475501746973,0.6827494360048967,True
5062,0.560576942614533,95.60999671160802,0.7060750500026116,True
5063,0.5140912790181235,95.57477957078689,0.7522673380540444,True
5064,0.5140912790181235,95.53909603568724,0.7907023408872899,True
5065,0.5140912790181235,95.50293842091816,0.822664977974172,True
5066,0.5140912790181235,95.46629891398035,0.8490756643487475,True
5067,0.5140912790181235,94.46964410327983,0.8329707173848461,True
5068,0.5140912790181235,95.54162620287808,0.852787911944861,True
5069,0.5140912790181235,95.5263625066572,0.8690414644468223,True
5070,0.5140912790181235,95.51133321434945,0.8821785707691431,True
5071,0.5140912790181235,95.16461828294608,0.8882186089983662,True
5072,0.5140912790181235,95.653350166832,0.8961103972694378,True
5073,0.5140912790181235,95.6113418818855,0.9021491888366635,True
5074,0.5140912790181235,95.71428571428571,0.9057801684690416,True
5075,0.6318640827062832,95.4194310642552,0.9080056003782226,True
5076,0.7164037343212466,95.76139581620535,0.9087958742445148,True
5077,0.7881133310528374,96.90130422717603,0.859965286606815,True
5078,0.8513226827573213,96.89475641502418,0.8108789256930873,True
5079,0.9080831196860789,96.88843206877219,0.762119905364951,True
5080,0.8600451249809193,96.88233636961218,0.7140109360942049,True
5081,0.8075738393756748,96.8764744739077,0.6669595765546705,True
5082,0.7498765864518436,96.60534799924142,0.6439894820623944,True
5083,0.7498765864518436,96.98932926829268,0.5925875187989211,True
5084,0.7498765864518436,96.95975291960235,0.5454215281781644,True
5085,0.7498765864518436,96.92969590300186,0.5034837712726344,True
5086,0.7498765864518436,96.89914800871804,0.46809766136297953,True
5087,0.6857486151292824,96.86809877534631,0.44020829641839426,True
5088,0.6131379016405238,96.83653748347065,0.561303999872643,True
5089,0.5277139815252946,96.80445314915988,0.5400034428700738,True
5090,0.5277139815252946,96.77183451734224,0.5217851366111437,True
5091,0.5277139815252946,96.73867005506142,0.5066233468720505,True
5092,0.5277139815252946,96.70494794461736,0.4944213403769278,True
5093,0.5277139815252946,96.67065607659667,0.48579318169714264,True
5094,0.5277139815252946,96.63578204279726,0.4780353672527971,True
5095,0.5277139815252946,96.6003131290539,0.5590765209475969,True
5096,0.5277139815252946,96.56423630797143,0.5566058100233974,True
5097,0.5277139815252946,96.52753823157411,0.555594852605071,True
5098,0.5277139815252946,96.4902052238806,0.5558348811808529,True
5099,0.5819881552488825,96.45222327341533,0.5563557541454333,True
5100,0.6669740736911406,96.41357802566871,0.5567195606010795,True
5101,0.6669740736911406,96.37425477552014,0.5564907990881434,True
5102,0.6669740736911406,96.3342384596396,0.555026336779759,True
5103,0.6746799231474564,96.29351364888555,0.5521653769903001,True
5104,0.682584279109753,96.25206454071909,0.5474904459645565,True
5105,0.6906950555920002,96.20987495165657,0.5407205995885432,True
5106,0.6990205866915462,96.16692830978545,0.5310278109847691,True
5107,0.7075696535050607,96.12320764737122,0.5191719989647406,True
5108,0.7163515129214616,94.86592103490095,0.3451334210280509,True
5109,0.7253759284051439,96.2522226781562,0.34292684274889224,True
5110,0.7346532028808916,96.25924910934502,0.34041483903953285,True
5111,0.7441942138263227,96.26681306615427,0.3377538925952802,True
5112,0.7540104506672378,96.27491408934708,0.439966033668915,True
5113,0.7641140545540274,96.25602202339986,,True
5114,0.7745178605709557,96.36163175303197,,True
5115,0.785235442391543,95.10284035259549,,True
5116,0.7962811593381773,96.47677226878818,,True
5117,0.8076702057269436,96.46638054363376,,True
5118,0.8194186622719397,96.45635263612792,,True
5119,0.8315435491770659,96.44670050761421,,True
5120,0.8440628803439406,96.43743612206161,,True
5121,0.8569957178540346,96.42857142857143,,True
5122,0.8703622255167203,96.42011834319527,,True
5123,0.8841837197791889,96.41208873008783,,True
5124,0.8984827156232724,96.40449438202248,,True
5125,0.9132829641650988,96.39734700030148,,True
5126,0.9286094774390435,96.39065817409767,,True
5127,0.9444885341662053,96.09458428680396,,True
5128,0.960947658009521,96.5474911769219,,True
5129,0.9780155566622414,96.50546021840874,,True
5130,0.9957220057616336,96.46256345177665,,True
5131,1.014097655573916,96.4187772221326,,True
5132,1.0331737299469321,94.97949138638228,,True
