second,entropy,pct_det,rmse,edge_window
0,0.907165767573082,95.36784741144415,,True
1,0.9283620723948676,95.41351549158331,,True
2,0.9456603046006401,95.4589139836617,,True
3,0.9596868937742169,95.5040227165168,0.08287735600608323,True
4,0.9709505944546686,95.54882311815427,0.10292335482141149,True
5,0.964078764808229,95.59329814092266,0.12269020697599792,True
6,0.9568886656798212,95.6374321880651,0.14217419998204905,True
7,0.9494520153879484,95.68121104185218,0.1613722370389496,True
8,0.9418285354475157,95.72462179346634,0.18028179823734602,True
9,0.934068055375491,95.76765277477867,0.19890090337361485,True
10,0.9262122127346664,95.81029349213101,0.21722807636804298,True
11,0.9182958340544896,95.85253456221199,0.23526231127211467,True
12,0.9103480624345153,95.89436765009285,0.253003039843568,True
13,0.9023932827949788,95.93578540946962,0.2704501006618487,True
14,0.8944518845341283,95.97678142514012,0.28760370975183824,True
15,0.8865408928220899,96.0173501577287,0.30446443267956946,True
16,0.8786744932173093,96.05748689065838,0.32103315808030214,True
17,0.8708644692353644,96.09718767935719,0.3373110725766499,True
18,0.863120568566631,96.13644930267621,0.35329963704241596,True
19,0.8554508105601306,96.1752692164872,0.3690005641661712,True
20,0.8478617451660525,96.21364550942016,0.3844157972676472,True
21,0.8403586716091171,96.25157686069562,0.39954749031921694,True
22,0.83294582353614,96.2890625,0.41439798912460707,True
23,0.8256265261578954,96.3261021693492,0.4289698136068442,True
24,0.9417216643555513,96.36269608688157,0.4432656411578537,True
25,1.018424695195087,96.39884491251911,0.45728829100260604,True
26,1.0796447473846642,96.43454971543355,0.47104070953142335,True
27,1.1307380174672108,96.46981194325305,0.4845259565549581,True
28,1.1743424870103538,96.50463339294424,0.4977471924374504,True
29,1.2120594671313871,96.53901618330396,0.5107076660648959,True
30,1.2449737775841294,96.57296272899558,0.5234107036060872,True
31,1.2588874993443833,96.60647571606475,0.5077904798804092,True
32,1.2310786130055862,96.63955807887065,0.4952102303558317,True
33,1.2310786130055862,96.67221297836939,0.4822966050957035,True
34,1.200719639829801,96.70444378168804,0.46906963472261315,True
35,1.1676444621356104,96.73625404292855,0.4555449435564968,True
36,1.1676444621356104,96.76764748514277,0.4417338345976228,True
37,1.1676444621356104,96.79862798342147,0.4276432980848941,True
38,1.1676444621356104,96.82919954904172,0.41327593182114064,True
39,1.1676444621356104,96.85936631461924,0.45336068749289155,True
40,1.1676444621356104,96.88913252021379,0.4389354398672984,True
41,1.1676444621356104,96.91850250033788,0.4246120088839431,True
42,1.1676444621356104,96.94748067182084,0.41040697088431544,True
43,1.17027775595384,96.97607152248226,0.39633856221822805,True
44,1.17027775595384,97.00427960057061,0.38242697467492315,True
45,1.17027775595384,97.03210950492516,0.36869469432179164,True
46,1.2057219651274376,97.0595658758203,0.35516688873151897,True
47,1.2382339767869435,97.08665338645419,0.34187184673814275,True
48,1.2680160454788014,97.11337673504484,0.32884147295796795,True
49,1.2952336017523502,97.13974063749849,0.3161118357386053,True
50,1.3200235763720087,97.16574982061708,0.30372376111499655,True
51,1.3425003133763334,96.87797902764538,0.30732414918351103,True
52,1.362759877482492,97.0438086192568,0.3062839100767457,True
53,1.3808832571151748,97.05499704316972,0.3063202446557316,True
54,1.3969387860636409,97.06644674835061,0.3073656641279718,True
55,1.3969387860636409,97.07815066885708,0.30935106507827204,True
56,1.3969387860636409,97.09010167114643,0.3122071010421167,True
57,1.41098399809997,97.10229256371466,0.3080373946707932,True
58,1.4230670603378361,97.11471610660486,0.3067520969808694,True
59,1.4230670603378361,95.92770533058797,0.21657353345791183,True
60,1.4230670603378361,97.02992659514399,0.2185148304657299,True
61,1.4230670603378361,97.05652804103022,0.2202876339028878,True
62,1.4400831784759722,97.08278291501541,0.2214540829304446,True
63,1.4534849141043304,97.1086956521739,0.2222266969059138,True
64,1.4634190046135478,97.1342706879897,0.2225936749298897,True
65,1.4699878894344567,97.1595124536301,0.2225419171141755,True
66,1.4900315255825651,97.18442537157212,0.22205678605367865,True
67,1.5076213244090613,97.20901385156088,0.2211218170509828,True
68,1.5228447333219093,97.23328228688106,0.2913864182506433,True
69,1.5357733028273342,97.25723505092266,0.2881100042465102,True
70,1.5464650001141114,97.2808764940239,0.28386658775927054,True
71,1.554965937118681,97.30421094057458,0.2793155895433054,True
72,1.5613116549052575,97.32724268636407,0.27444762669771916,True
73,1.5655280605848256,97.34997599615939,0.26925151692066235,True
74,1.567632081836135,97.37241510149876,0.26371396984602963,True
75,1.567632081836135,97.39456419868792,0.25781919639053064,True
76,1.5655280605848252,97.41642744698584,0.2515484088856588,True
77,1.5613116549052575,97.130202085448,0.2546561248746932,True
78,1.554965937118681,97.30599485104818,0.25497246987333366,True
79,1.5464650001141114,97.31586661780872,0.25555800745101753,True
80,1.535773302827334,97.325910376928,0.2563998357563944,True
81,1.5228447333219095,97.33612146558778,0.25748301751178226,True
82,1.5076213244090613,97.3464952001449,0.25917767791979296,True
83,1.4900315255825651,97.3570268807505,0.26129465975341143,True
84,1.4699878894344567,97.36771179588537,0.2638326930619036,True
85,1.4699878894344567,97.37854522680504,0.2667881038374223,True
86,1.4699878894344567,97.38952245188881,0.2701549787424593,True
87,1.4699878894344567,97.40063875088715,0.2739253704520903,True
88,1.4699878894344567,96.34274688651114,0.20103205397811394,True
89,1.4699878894344567,97.32073181305817,0.20877834815254687,True
90,1.4699878894344567,97.34247749678525,0.21715858083990106,True
91,1.4699878894344567,97.36395999321918,0.22518985935287147,True
92,1.4699878894344567,97.38518270197787,0.23286062991760897,True
93,1.4473839613746429,97.4061490014088,0.2401599103428789,True
94,1.4220900521936763,97.42686224698845,0.2470771471693621,True
95,1.3939473942522724,97.44732576985413,0.25360209078665247,True
96,1.362759877482492,97.46754287546081,0.2597246824542785,True
97,1.3282820174272938,97.48751684235555,0.2654349486333683,True
98,1.2902007807553537,97.50725092106295,0.2707228989778105,True
99,1.2481068205144499,97.52674833307489,0.2737223350381249,True
100,1.201446120023029,97.54601226993866,0.2761590424326039,True
101,1.1494318918359776,97.56504589243723,0.27803596801900726,True
102,1.090864890696142,97.58385232985668,0.2793529440639905,True
103,1.0236982481827188,97.60243467933492,0.28010678307615644,True
104,1.0236982481827188,97.62079600528712,0.2802912786118903,True
105,0.9992889743797903,97.63893933890301,0.2798971139685776,True
106,0.9727642516015449,97.65686767771149,0.2789116741733272,True
107,0.9440231356865454,97.67458398520836,0.27731874967277,True
108,0.9129467467841513,97.69209119054321,0.27562471944650097,True
109,0.8793939303559065,97.7093921882615,0.27357199403504856,True
110,0.843195316078971,97.72648983809852,0.27117571329479706,True
111,0.804144968682279,97.74338696482138,0.2684502930189392,True
112,0.8332341082038747,97.76008635811631,0.2654094420452397,True
113,0.8513226827573213,97.77659077251786,0.2620661726900131,True
114,0.8600451249809193,97.79290292737726,0.25843280480612907,True
115,0.8600451249809193,97.80902550686723,0.2545209635088929,True
116,0.8600451249809193,97.82496116002072,0.2503415703631891,True
117,0.8600451249809193,97.84071250080092,0.2410510621995139,True
118,0.8513226827573213,97.85628210820067,0.30169246833376545,True
119,0.8332341082038747,97.87167252636866,0.2956901391053456,True
120,0.804144968682279,97.88688626476072,0.2896904870515955,True
121,0.7600473303889541,97.90192579831415,0.2837049486285862,True
122,0.6807937753703206,97.9167935676433,0.2777456289684241,True
123,0.7153220528038851,97.93149197925462,0.2718253755337074,True
124,0.7473944462440387,97.9460234057798,0.2659578543556422,True
125,0.7771529943226336,97.96039018622524,0.26015762772930484,True
126,0.804717519321077,97.97459462623661,0.2544402317053883,True
127,0.8301899714180443,97.988638998377,0.25373299540039085,True
128,0.8536576732793313,98.00252554241763,0.2480109237864486,True
129,0.875195788740725,98.01625646563974,0.24227910849299977,True
130,0.8948692308065574,98.02983394314664,0.2365372473185936,True
131,0.9127341558073343,98.04326011818486,0.23180468109178623,True
132,0.9288391461883214,98.0565371024735,0.2264301815703643,True
133,0.9432261548473415,98.06966697654072,0.3007754508956597,True
134,0.9559312637896478,98.08265179006662,0.3411284571128554,True
135,0.9669852958320848,98.09549356223177,0.3950117045152582,True
136,0.976414308115487,98.10819428207036,0.4380925238954492,True
137,0.9842399889605549,97.89049663433508,0.47608234362096896,True
138,0.9904799742690308,97.04399873989288,0.4696165359527392,True
139,0.995148095654003,97.87267242276084,0.4988156663388339,True
140,0.9982545693874831,97.88736023084454,0.523657219008565,True
141,0.999806132804711,97.90188371024554,0.5242858786253418,True
142,0.999806132804711,97.91624519522557,0.5499731904920399,True
143,0.9982545693874831,97.9304469833634,0.5727942722696616,True
144,0.995148095654003,97.94449133608063,0.5860322183093859,True
145,0.9904799742690308,97.95838047916564,0.6075900846563226,True
146,0.9842399889605549,97.9721166032953,0.6261914087594395,True
147,0.976414308115487,97.70087007242502,0.640321725534643,True
148,0.9669852958320848,97.95473270973683,0.6539737512757401,True
149,0.9559312637896478,97.95592925485649,0.6642769838887902,True
150,0.9432261548473415,97.95721719021006,0.6727466417844589,False
151,0.9288391461883214,97.83341357727491,0.6792807606808428,False
152,0.9127341558073343,97.99384200904456,0.6846713279771561,False
153,0.8948692308065574,98.84823848238483,0.6579961017302758,False
154,0.875195788740725,98.71875453270802,0.6363511174636807,False
155,0.8536576732793313,98.90842349304482,0.6041876118847034,False
156,0.8301899714180443,98.89730885067522,0.5728712536510846,False
157,0.804717519321077,98.88617489008305,0.5613703394186857,False
158,0.7771529943226336,98.87502456278247,0.534228048638116,False
159,0.7473944462440387,98.86386089705591,0.5082084431906024,False
160,0.7153220528038851,98.8526869971193,0.48335575714440565,False
161,0.6807937753703206,98.05253170877859,0.48910145021768237,False
162,0.6436394131461666,98.91064257028113,0.4601189384455219,False
163,0.603652249754401,98.91228070175438,0.43137220178778835,False
164,0.560576942614533,98.77890101090982,0.41412518414731825,False
165,0.5140912790181235,98.9658273381295,0.3821177252100734,False
166,0.4637773498877516,98.955561134823,0.3510099037517778,False
167,0.40907313904382653,98.94529672991521,0.3221815408893072,False
168,0.3491843735073079,98.93503727369541,0.2934073377519719,False
169,0.2829047929798921,98.92478597635548,0.2692063338725036,False
170,0.208180945557171,98.91454610619016,0.2472496011933155,False
171,0.24096783080307266,98.90432098765432,0.2276774641748647,False
172,0.208180945557171,98.89411399927653,0.2109560645070866,False
173,0.2829047929798921,98.88392857142857,0.19694798468792588,False
174,0.3491843735073079,98.66220735785953,0.19666560774954817,False
175,0.40907313904382653,98.80589163598107,0.19192685668573042,False
176,0.4637773498877516,98.79275653923541,0.18927290824082735,False
177,0.5140912790181235,97.99083351097848,0.12088994876756977,False
178,0.560576942614533,98.84145033254666,0.1160813656191803,False
179,0.560576942614533,98.84145033254666,0.11344712600821068,False
180,0.560576942614533,98.84145033254666,0.17726019653395422,False
181,0.560576942614533,98.3942621634641,0.16183844541376943,False
182,0.560576942614533,98.80901516769921,0.16463535359946882,False
183,0.560576942614533,98.81174401875633,0.26297491601866874,False
184,0.560576942614533,98.66574526897725,0.2616257041656113,False
185,0.560576942614533,98.87056577761281,0.26117702568482654,False
186,0.560576942614533,98.8607325383305,0.2608022112523093,False
187,0.560576942614533,98.63894545064838,0.2587359697017315,False
188,0.560576942614533,98.78114550749649,0.25896116012706427,False
189,0.560576942614533,98.7679114198871,0.2591100680004219,False
190,0.560576942614533,98.75464277911296,0.2591757270700092,False
191,0.560576942614533,98.74134329998901,0.2841742820883138,False
192,0.560576942614533,98.72801681229953,0.28392866753349394,False
193,0.560576942614533,98.71466726018251,0.28356536094366686,False
194,0.560576942614533,98.7012987012987,0.2830878228714539,False
195,0.560576942614533,98.68791530577768,0.2824095076899786,False
196,0.560576942614533,98.67452135493373,0.281657390304246,False
197,0.603652249754401,98.66112123974476,0.2808301950719315,False
198,0.6436394131461666,98.64771945908778,0.2799092268104756,False
199,0.6807937753703206,98.63432061772502,0.2789091969310585,False
200,0.7153220528038851,98.10917081068578,0.24182931117514325,False
201,0.7473944462440387,98.56115107913669,0.23971747289819986,False
202,0.7771529943226336,98.55064027939464,0.2910453843824993,False
203,0.804717519321077,97.76363424033633,0.2072797348982762,False
204,0.8301899714180443,98.60021084690172,0.2616368642591735,False
205,0.8536576732793313,98.60021084690172,0.30539565235614946,False
206,0.875195788740725,98.60021084690172,0.3426095422404952,False
207,0.8948692308065574,98.60021084690172,0.37517377793607976,False
208,0.8948692308065574,98.60021084690172,0.40404978677853404,False
209,0.8948692308065574,98.60021084690172,0.43007466029776875,False
210,0.8948692308065574,98.60021084690172,0.4536986161747485,False
211,0.8948692308065574,98.10237788450276,0.45956007070853483,False
212,0.8948692308065574,98.6529225723322,0.47866502078693224,False
213,0.8948692308065574,98.64309210526316,0.49605566662186684,False
214,0.8948692308065574,98.63336475023563,0.5025123282814108,False
215,0.8948692308065574,98.62374483165978,0.5194089349596251,False
216,0.8948692308065574,98.61423664574204,0.5204663003936884,False
217,0.8948692308065574,98.60484445499881,0.5376856687068875,False
218,0.8948692308065574,98.5955724827422,0.5533233067759342,False
219,0.8948692308065574,98.58642490755099,0.5675220352723931,False
220,0.8948692308065574,98.57740585774059,0.5804077286593232,False
221,0.8948692308065574,98.5685194058457,0.5860989278234849,False
222,0.8948692308065574,97.80964954392702,0.5744165533643878,False
223,0.8948692308065574,98.61127810508597,0.5854698174798304,False
224,0.8948692308065574,99.24251533004688,0.57346636185776,False
225,0.8948692308065574,99.25091388506023,0.5605680083193606,False
226,0.8948692308065574,99.25934774817823,0.5468163397934589,False
227,0.8948692308065574,99.26781356033098,0.5322541691533692,False
228,0.8948692308065574,99.27630798433978,0.5169262027662123,False
229,0.8948692308065574,99.28482770849341,0.5008798182627611,False
230,0.8948692308065574,99.29336945000588,0.4841659998587701,False
231,0.8948692308065574,99.30192995835044,0.4679802794120489,False
232,0.875195788740725,99.31050601846441,0.4514076035010931,False
233,0.8536576732793313,99.31909445382064,0.4339800090071096,False
234,0.8301899714180443,99.14802364669062,0.42770021236755723,False
235,0.804717519321077,99.39400934957004,0.4081440357424179,False
236,0.7771529943226336,98.68284228769497,0.4077766786539538,False
237,0.7473944462440387,99.43914426134721,0.38568292362077633,False
238,0.7153220528038851,99.44738659912502,0.36371961858960444,False
239,0.6807937753703206,99.4556185891926,0.34189401689347576,False
240,0.6807937753703206,99.46383755418663,0.3202115899275419,False
241,0.6807937753703206,99.3130854385467,0.31026185986663335,False
242,0.6807937753703206,99.53107344632768,0.28614096820685514,False
243,0.6807937753703206,99.53107344632768,0.26264053416994304,False
244,0.6807937753703206,99.53107344632768,0.2398123938608652,False
245,0.6807937753703206,99.53107344632768,0.21764188280192948,False
246,0.6807937753703206,99.53107344632768,0.1962877328677282,False
247,0.6807937753703206,99.53107344632768,0.17562807895089663,False
248,0.6807937753703206,99.53107344632768,0.15595020540153445,False
249,0.6807937753703206,99.53107344632768,0.13737090605837224,False
250,0.6807937753703206,99.53107344632768,0.12003763089626926,False
251,0.6807937753703206,99.53107344632768,0.10413922546067302,False
252,0.6807937753703206,99.53107344632768,0.08990969788505725,False
253,0.6807937753703206,99.53107344632768,0.0806619115491651,False
254,0.6807937753703206,99.53107344632768,0.07366483058142038,False
255,0.6807937753703206,99.53107344632768,0.06695818112427993,False
256,0.6807937753703206,99.53107344632768,0.060532511859723206,False
257,0.7153220528038851,99.53107344632768,0.054376532143480406,False
258,0.6807937753703206,99.53107344632768,0.048476344947133175,False
259,0.6436394131461666,99.53107344632768,0.042814200267867586,False
260,0.603652249754401,99.53107344632768,0.03736635305935209,False
261,0.560576942614533,99.53107344632768,0.03209910844907035,False
262,0.5140912790181235,99.53107344632768,0.026960784383620623,False
263,0.4637773498877516,99.53107344632768,0.021863001220038647,False
264,0.40907313904382653,99.53107344632768,0.01662692238823879,False
265,0.3491843735073079,99.53107344632768,0.012158548894509605,False
266,0.2829047929798921,99.53107344632768,0.006429245253918158,False
267,0.32806688317929317,99.53107344632768,0.005035548081524159,False
268,0.3280668831792932,99.53107344632768,0.0037929804347791264,False
269,0.40238293904561173,99.53107344632768,0.0026757288168412804,False
270,0.46824757305098735,99.53107344632768,0.0016247866789247977,False
271,0.5277139815252946,99.53107344632768,0.14907119849998704,False
272,0.5819881552488824,99.53107344632768,0.1497097203907799,False
273,0.6318640827062832,99.53107344632768,0.15031483833798048,False
274,0.677903479475398,99.53107344632768,0.15088878135646877,False
275,0.720523936685393,99.53107344632768,0.1514336164914234,False
276,0.7600473303889541,99.53107344632768,0.15195126099006462,False
277,0.7967286463062391,99.53107344632768,0.1524434933468536,False
278,0.830774222099454,99.53107344632768,0.1529119633542551,False
279,0.8623538561746378,99.53107344632768,0.1533582012717306,False
280,0.8916091590804429,99.53107344632768,0.15378362620952446,False
281,0.9186594970880806,99.53107344632768,0.1541895538104286,False
282,0.9436063339556555,99.53107344632768,0.15457720330155464,False
283,0.9665364727522963,99.53107344632768,0.15494770397884028,False
284,0.9875245214535493,99.53107344632768,0.155302101179232,False
285,1.006634797484697,99.53107344632768,0.15564136178896357,False
286,1.0239228180015463,99.53107344632768,0.15596637933088697,False
287,1.0394364783172854,99.53107344632768,0.1562779786692125,False
288,1.0532169913190046,99.53107344632768,0.15657692036616125,False
289,1.065299640553338,99.53107344632768,0.1568639047217763,False
290,1.0757143856082798,99.53107344632768,0.1571395755254046,False
291,1.0844863484244938,98.86440677966101,0.05053673723361008,False
292,1.0916362019205925,99.57062146892656,0.049431278296874895,False
293,1.0971804769523517,99.57042731177934,0.04836567960798885,False
294,1.170377295621679,99.57028157864978,0.047338163215950614,False
295,1.2304597034223903,99.57018436828413,0.04634692343845986,False
296,1.2817425764699486,99.57013574660634,0.045390128655196954,False
297,1.3262610770456722,99.57013574660634,0.044465923229002995,False
298,1.3652016755898781,99.57018436828413,0.043572429551178564,False
299,1.3993371806574677,99.57028157864978,0.042707750206055974,False
300,1.429206268217279,99.57042731177934,0.04186997024918117,False
301,1.4274202463828694,99.57062146892656,0.04105715959292312,False
302,1.4238430936939133,99.57086391869001,0.039650215308272355,False
303,1.4184645038322823,99.57115449723507,0.03826722945985061,False
304,1.411268792775777,99.57149300857014,0.03690751565351881,False
305,1.402234618245608,99.57187922487607,0.035570486471543594,False
306,1.391334586143604,99.57231288688801,0.034255661392864144,False
307,1.4109839980999699,99.57279370432828,0.032962676303714314,False
308,1.4267547652077353,99.57332135638894,0.031691294961733944,False
309,1.438841894200673,99.57389549226284,0.030441422851383387,False
310,1.4473839613746429,99.57451573172098,0.029213123957611473,False
311,1.4524737111892643,99.57518166573504,0.028006641089583468,False
312,1.4541644890966259,99.57589285714286,0.026822420506266258,False
313,1.4524737111892643,99.57664884135473,0.025661141727465232,False
314,1.4473839613746429,99.57744912709886,0.024523753547724122,False
315,1.438841894200673,99.57829319720342,0.023411517386330943,False
316,1.4267547652077353,99.57918050941306,0.02232605916584339,False
317,1.4109839980999699,99.58011049723757,0.04536014895826149,False
318,1.4109839980999699,99.58108257083012,0.04533340506764181,False
319,1.391334586143604,99.58209611789289,0.04555765992001516,False
320,1.3559212235520337,99.58315050460729,0.046047843151667586,False
321,1.3164218868227548,99.58424507658643,0.04680970762049913,False
322,1.272286478151291,99.58537915984725,0.04835285513338068,False
323,1.222731822382257,99.58655206179958,0.05009319025435567,False
324,1.1665620111568704,99.58776307224994,0.05201309698941006,False
325,1.1017332648846088,99.58901146441704,0.05409241573730397,False
326,1.0239228180015463,99.59029649595688,0.056309631380463895,False
327,0.9127341558073343,99.59161740999463,0.05864281018623138,False
328,0.9127341558073343,99.5929734361611,0.06107028552172227,False
329,0.9127341558073343,99.59436379163108,0.06357112265270871,False
330,0.9127341558073343,99.59578768216147,0.1172469781059539,False
331,0.9127341558073343,99.59724430312666,0.11754820515869924,False
332,0.9127341558073343,99.5987328405491,0.11779534885879325,False
333,0.9127341558073343,99.60025247212288,0.11799166580607248,False
334,0.9127341558073343,99.60180236822802,0.23651128466449323,False
335,0.9127341558073343,99.60338169293394,0.23651493419575956,False
336,0.9127341558073343,99.60498960498961,0.23647997276391022,False
337,0.9127341558073343,99.4059405940594,0.2330187679077105,False
338,0.9127341558073343,99.54550203740466,0.23638017997418195,False
339,0.9127341558073343,99.53917050691244,0.23679914874941463,False
340,0.9127341558073343,99.53285744278816,0.23723071728715261,False
341,0.9127341558073343,99.52656496580747,0.23767468564305697,False
342,0.9127341558073343,99.52029520295203,0.23813163358052952,False
343,0.9127341558073343,99.51405028523135,0.23860288138669983,False
344,0.9127341558073343,99.50783234546994,0.2390904485751168,False
345,0.9127341558073343,99.50164351606405,0.23959701045200266,False
346,0.9127341558073343,99.49548592671269,0.24012585247788115,False
347,0.9127341558073343,99.48936170212765,0.2406808223292156,False
348,0.9127341558073343,99.48327295972726,0.24112103559423667,False
349,0.9127341558073343,99.4772218073189,0.24154715652042572,False
350,0.9127341558073343,99.11334259160346,0.22174041218659235,False
351,0.9127341558073343,99.49732620320856,0.22279264754919115,False
352,0.9127341558073343,99.49732620320856,0.2238818742915343,False
353,0.9127341558073343,99.49732620320856,0.22499940368562654,False
354,0.9127341558073343,98.61288265306122,0.09569389568055033,False
355,0.8948692308065574,99.47713108693355,0.09849330379699031,False
356,0.875195788740725,99.48567229977958,0.1031371600935976,False
357,0.8536576732793313,99.49415936587401,0.10725357960901986,False
358,0.8301899714180443,99.30569948186529,0.10378160982715535,False
359,0.804717519321077,99.55214660763924,0.10691672554365476,False
360,0.7771529943226336,99.55446305115993,0.10631414842605814,False
361,0.7473944462440387,99.55680081507896,0.10622955638397504,False
362,0.7473944462440387,99.55915885482645,0.10588560302825559,False
363,0.7473944462440387,99.56153613547022,0.10527797571182781,False
364,0.7473944462440387,99.56393163249962,0.10440036511561761,False
365,0.7473944462440387,99.56634433256903,0.1024800930152087,False
366,0.7473944462440387,99.56877323420075,0.10027499396128522,False
367,0.7473944462440387,99.5712173484475,0.1019729023113451,False
368,0.7153220528038851,99.57367569951487,0.1006614362955116,False
369,0.6807937753703206,99.57614732534347,0.09876618045574712,False
370,0.6436394131461666,99.57863127815179,0.20756609036752707,False
371,0.603652249754401,99.58112662493981,0.20646471870206662,False
372,0.560576942614533,99.58363244795406,0.20535929021310642,False
373,0.5140912790181235,99.58614784511464,0.20425766546812232,False
374,0.4637773498877516,99.58867193040518,0.2031679555190908,False
375,0.40907313904382653,99.5912038342261,0.20209846283604951,False
376,0.3491843735073079,99.35092225075881,0.2001096535404239,False
377,0.2829047929798921,99.61484918793504,0.19830737275553303,False
378,0.208180945557171,99.62205014749263,0.19641062212221827,False
379,0.12068101401352381,99.6291887932613,0.19443277471149725,False
380,-0.0,99.4369163156931,0.19442628783647486,False
381,-0.0,99.58798754806811,0.19408481696592902,False
382,-0.0,99.58798754806811,0.19383115215578828,False
383,-0.0,99.58798754806811,0.19366384003384,False
384,-0.0,99.58798754806811,0.19358129013386524,False
385,-0.0,99.58798754806811,0.19398739912927115,False
386,-0.0,99.58798754806811,0.19445670722083025,False
387,-0.0,99.42318256729537,0.19267792110965762,False
388,-0.0,99.62461087712873,0.1925905748879848,False
389,-0.0,99.61985893560502,0.19279510517409443,False
390,-0.0,98.74397014653681,0.05955171497835402,False
391,-0.0,99.58401157533008,0.06058392329525036,False
392,-0.0,99.58670260557054,0.061586047113577104,False
393,-0.0,99.58939569758101,0.06255279786271281,False
394,-0.0,99.59209009488339,0.0634789990487957,False
395,-0.0,99.59478505990134,0.06435957090450131,False
396,-0.0,99.5974798739937,0.06518951324125362,False
397,-0.0,99.60017383746197,0.06772803485200408,False
398,-0.0,99.60286626953294,0.06678246192280571,False
399,-0.0,99.60555650831762,0.06569617435556742,False
400,-0.0,99.60824391074775,0.0644668204317413,False
401,-0.0,99.6109278524909,0.19594592123495638,False
402,-0.0,99.61360772784545,0.195478341023101,False
403,-0.0,99.61628294961628,0.19496624966547654,False
404,-0.0,99.61895294897283,0.1944127315182723,False
405,-0.0,99.62161717528996,0.19382078891291535,False
406,-0.0,99.6242750959732,0.19319334911982453,False
407,-0.0,99.62692619626927,0.19267472917812875,False
408,-0.0,99.62956997906265,0.19212009623954915,False
409,-0.0,99.63220596465979,0.1915288040724292,False
410,-0.0,99.63483369056125,0.19089985350222943,False
411,-0.0,99.6374527112232,0.19035369958426246,False
412,-0.0,99.64006259780908,0.18980568578551837,False
413,-0.0,99.6426629379321,0.18926049114331503,False
414,-0.0,99.64525333538984,0.18872282716495112,False
415,-0.0,99.64783340989129,0.18819743100882041,False
416,-0.0,99.65040279677763,0.18756362624262157,False
417,-0.0,99.48357698879818,0.18656585692897878,False
418,-0.0,99.60919714675975,0.1927868745695446,False
419,-0.0,99.60574699571629,0.19861570696615402,False
420,-0.0,99.60233297985154,0.20408897774302556,False
421,-0.0,98.78204646267199,0.09677799874478729,False
422,-0.0,99.56719647787479,0.10682562544106702,False
423,-0.0,99.57043400977633,0.1156994078518333,False
424,-0.0,99.57365480740958,0.12365401366539534,False
425,-0.0,99.57685853943241,0.13085881801431204,False
426,-0.0,99.58004489175295,0.1376475496169939,False
427,-0.0,99.58321356711699,0.14386368054529777,False
428,-0.0,99.58636428469548,0.1491538898328588,False
429,-0.0,99.58949677967301,0.15387620710915081,False
430,-0.0,99.59261080283768,0.15390761138154893,False
431,-0.0,99.59570612017286,0.15633165321383166,False
432,-0.0,99.59878251245158,0.15753866708069716,False
433,-0.0,99.60183977483352,0.1584913631812073,False
434,-0.0,99.6048777164657,0.15921548594294363,False
435,-0.0,99.60789616008654,0.15973419861071114,False
436,-0.0,99.59076881792566,0.1602154372701295,False
437,-0.0,99.62385992943213,0.1602439640441771,False
438,-0.0,99.79491250702921,0.2220127714831817,False
439,-0.0,99.79648109243698,0.21680697939199642,False
440,-0.0,99.79803902407245,0.21165050548236658,False
441,-0.0,99.7995862425653,0.20654728656521987,False
442,-0.0,99.80112269446673,0.2015013483661316,False
443,-0.0,99.8026483320601,0.20020397482066618,False
444,-0.0,99.80416311317477,0.19559182906080938,False
445,-0.0,99.80566700100302,0.19110946964257264,False
446,-0.0,99.81027028708283,0.26019460994122845,False
447,-0.0,99.81172839506173,0.25734780433583426,False
448,-0.0,99.81172839506173,0.2548609365252733,False
449,-0.0,99.81172839506173,0.2525013057469783,False
450,-0.0,99.66772250170797,0.25847849404935214,False
451,-0.0,99.77504217959132,0.3370847297704676,False
452,-0.0,99.7736703130894,0.3404911167482574,False
453,-0.0,99.77229601518026,0.3980856390763568,False
454,-0.0,99.77091950365893,0.3988113398827516,False
455,-0.0,99.76954100249664,0.3993348015263969,False
456,-0.0,99.76816074188562,0.3996898342654362,False
457,0.12068101401352381,99.76677895827935,0.39990798373976955,False
458,0.208180945557171,99.00233221041721,0.366199417668533,False
459,0.2829047929798921,99.72466960352423,0.366294676844265,False
460,0.3491843735073079,99.72466960352423,0.3676338500120539,False
461,0.40907313904382653,99.72466960352423,0.36767722751464504,False
462,0.4637773498877516,99.72466960352423,0.36775924760656803,False
463,0.5140912790181235,99.55034213098729,0.3658915654957408,False
464,0.560576942614533,99.67879383808588,0.36595301383042594,False
465,0.603652249754401,99.67690887511539,0.3665140809016809,False
466,0.6436394131461666,98.91204008967428,0.35354138923497086,False
467,0.6807937753703206,99.62745615191876,0.35375287851781445,False
468,0.7153220528038851,99.62745615191876,0.3540686229913745,False
469,0.7473944462440387,99.62745615191876,0.35421255031006615,False
470,0.7771529943226336,99.44289693593315,0.37959367314307624,False
471,0.804717519321077,98.70340894017774,0.3112742738537745,False
472,0.8301899714180443,99.4097360392625,0.30718063944182994,False
473,0.8536576732793313,98.70340894017774,0.22735262196303538,False
474,0.8536576732793313,99.46279347393553,0.2259659585765761,False
475,0.8536576732793313,99.46920743768956,0.22516386336301217,False
476,0.8536576732793313,99.47558177646673,0.22488909826809275,False
477,0.8536576732793313,99.48191593352884,0.22466019223470382,False
478,0.8536576732793313,99.48820938066856,0.22477703746079852,False
479,0.8536576732793313,99.49446161772282,0.22471183160898525,False
480,0.8536576732793313,99.38544267332438,0.22431344292177333,False
481,0.8536576732793313,99.54502068087814,0.2258185988976759,False
482,0.8536576732793313,99.54502068087814,0.22651715297773498,False
483,0.8536576732793313,99.54502068087814,0.226985498555875,False
484,0.8536576732793313,99.54502068087814,0.22693397037917273,False
485,0.8536576732793313,99.38544267332438,0.276242378857049,False
486,0.8536576732793313,98.78606388459556,0.22948991627909385,False
487,0.8536576732793313,99.53355791655869,0.22860220356758165,False
488,0.8536576732793313,99.53355791655869,0.22755567065768006,False
489,0.8536576732793313,99.53355791655869,0.22687161219846966,False
490,0.8536576732793313,98.78606388459556,0.17265307837058663,False
491,0.8536576732793313,99.50067217207605,0.1716406727893349,False
492,0.8536576732793313,99.34703284040714,0.1712564095841042,False
493,0.8536576732793313,99.45586070033929,0.170847843126971,False
494,0.8536576732793313,99.45586070033929,0.17042112122386033,False
495,0.8536576732793313,99.45586070033929,0.16988878781399375,False
496,0.8536576732793313,99.45586070033929,0.16917280515249106,False
497,0.8536576732793313,99.45586070033929,0.16865189332416478,False
498,0.8536576732793313,99.45586070033929,0.16804120628666447,False
499,0.8536576732793313,99.34703284040714,0.1679590438047805,False
500,0.875195788740725,99.50067217207605,0.1656433692772682,False
501,0.8948692308065574,99.49446161772282,0.16347814479384842,False
502,0.9127341558073343,99.48820938066856,0.162333846474871,False
503,0.9288391461883214,99.48191593352884,0.16140180471046944,False
504,0.9432261548473415,99.47558177646673,0.16109015963151208,False
505,0.9559312637896478,98.71845296624058,0.025133963888522366,False
506,0.9669852958320848,99.42313995411341,0.024950995816989688,False
507,0.976414308115487,99.42313995411341,0.02472735193837514,False
508,0.9842399889605549,99.42313995411341,0.02444876092252717,False
509,0.9904799742690308,99.42313995411341,0.02409746488149712,False
510,0.9904799742690308,99.42313995411341,0.023540072359621172,False
511,0.9904799742690308,99.42313995411341,0.022989307555177144,False
512,0.9904799742690308,99.42313995411341,0.022081270322320448,False
513,0.9904799742690308,99.42313995411341,0.020811819981495495,False
514,0.9904799742690308,99.42313995411341,0.019076723969259357,False
515,0.9904799742690308,99.42313995411341,0.016696501959415227,False
516,0.9904799742690308,99.42313995411341,0.015469860785920777,False
517,0.9904799742690308,99.42313995411341,0.016542945210018315,False
518,0.9842399889605549,99.42313995411341,0.01768408706469272,False
519,0.976414308115487,99.42313995411341,0.018866243549087156,False
520,0.9669852958320848,99.42313995411341,0.02006486962150772,False
521,0.9559312637896478,99.42313995411341,0.02245771708965655,False
522,0.9432261548473415,99.42313995411341,0.02486394946117929,False
523,0.9288391461883214,99.42313995411341,0.027377564639181323,False
524,0.9127341558073343,99.42313995411341,0.02991507788169992,False
525,0.8948692308065574,99.42313995411341,0.03246924603144858,False
526,0.875195788740725,99.42313995411341,0.03503321674345736,False
527,0.8536576732793313,99.42313995411341,0.037600475031938745,False
528,0.8301899714180443,99.42313995411341,0.04016480008384929,False
529,0.804717519321077,99.42313995411341,0.04272022994066988,False
530,0.7771529943226336,99.42313995411341,0.045318963837467634,False
531,0.7473944462440387,99.41858544481516,0.047934510547061895,False
532,0.7153220528038851,99.41066790970234,0.05057694019252895,False
533,0.6807937753703206,99.4060203362529,0.05320248162863988,False
534,0.6436394131461666,99.40133937631063,0.05580183454331735,False
535,0.6436394131461666,99.39662519175047,0.05836620312759368,False
536,0.6436394131461666,99.39187796330654,0.06055745983206475,False
537,0.6807937753703206,99.38709789120122,0.06263988044051436,False
538,0.7153220528038851,99.38228519578418,0.06460780876740686,False
539,0.7473944462440387,99.37744011818086,0.06645638938967188,False
540,0.7771529943226336,99.37256292095002,0.06818139795388188,False
541,0.7771529943226336,99.36765388874996,0.06977911315535361,False
542,0.7771529943226336,99.36271332901275,0.07125484350212263,False
543,0.7771529943226336,99.357741572626,0.07261991040639147,False
544,0.7771529943226336,99.35273897462152,0.07387907213056678,False
545,0.7771529943226336,99.34770591487009,0.0750370853106005,False
546,0.7771529943226336,99.34264279878185,0.07609874306507687,False
547,0.7771529943226336,99.33755005801115,0.07706890613454054,False
548,0.7771529943226336,99.33242815116542,0.07795252846974719,False
549,0.7771529943226336,99.32727756451675,0.07875467823607316,False
550,0.7771529943226336,99.32209881271544,0.0794805548691128,False
551,0.7771529943226336,99.31689243950446,0.08013550256522482,False
552,0.7771529943226336,99.31165901843355,0.08072502039586851,False
553,0.7771529943226336,99.30639915357185,0.08125476907973157,False
554,0.7771529943226336,99.30111348021796,0.11357679971056676,False
555,0.7771529943226336,99.29580266560573,0.11735583567094593,False
556,0.7771529943226336,99.29046740960474,0.12111268129733373,False
557,0.7771529943226336,99.28510844541378,0.12484738752572817,False
558,0.7771529943226336,99.27972654024579,0.12855976899259822,False
559,0.7771529943226336,99.27432249600263,0.13224942343465304,False
560,0.7771529943226336,99.26889714993804,0.13591574765506415,False
561,0.7473944462440387,99.2634513753069,0.13955795075189933,False
562,0.7153220528038851,99.25798608199882,0.14317077336443196,False
563,0.6807937753703206,99.25250221715444,0.14674608008228693,False
564,0.6436394131461666,99.24700076576194,0.15027916358631083,False
565,0.603652249754401,99.24148275123206,0.15376546302117888,False
566,0.560576942614533,99.23594923594924,0.1572005527580235,False
567,0.5140912790181235,99.2304013217966,0.1605801331912757,False
568,0.4637773498877516,99.22484015065254,0.16390002335814943,False
569,0.40907313904382653,99.21926690485643,0.16715615520225657,False
570,0.40907313904382653,99.21368280764105,0.17034456933209538,False
571,0.4637773498877516,99.20808912352915,0.17346141215105526,False
572,0.5140912790181235,99.20248715869154,0.17650293425839242,False
573,0.560576942614533,99.19687826126412,0.19531967892982055,False
574,0.603652249754401,98.91344046749452,0.18167674492246697,False
575,0.6436394131461666,99.10890634330072,0.18223692971842537,False
576,0.6807937753703206,99.0988909426987,0.18252386558561973,False
577,0.7153220528038851,99.08883826879271,0.18254449407057435,False
578,0.7153220528038851,99.07875046763935,0.18230507839942667,False
579,0.7153220528038851,99.06862975680887,0.2186983645639755,False
580,0.7153220528038851,99.05847842543528,0.2798634334593027,False
581,0.7153220528038851,99.04829883416608,0.3030788911749661,False
582,0.7153220528038851,99.03809341500765,0.3683202739367632,False
583,0.7473944462440387,99.02786467106213,0.3902910191585858,False
584,0.7771529943226336,99.01761517615176,0.41022248963473873,False
585,0.804717519321077,99.00734757432728,0.42901557202788415,False
586,0.804717519321077,98.99706457925636,0.44635294671523307,False
587,0.804717519321077,98.98676897348876,0.4623926140298729,False
588,0.804717519321077,98.97646360759494,0.4772607021324104,False
589,0.804717519321077,98.9661513991749,0.491059930396535,False
590,0.8301899714180443,98.95583533173462,0.5038754162790732,False
591,0.8301899714180443,98.94551845342707,0.5157787835241635,False
592,0.8301899714180443,98.93520387565603,0.52683114640328,False
593,0.8301899714180443,98.70948074382684,0.5315249147554855,False
594,0.8301899714180443,98.90537084398977,0.5410929660616541,False
595,0.8301899714180443,98.89804325437693,0.549990467952479,False
596,0.8301899714180443,98.89073190959984,0.5582499612796656,False
597,0.8301899714180443,98.88343942397996,0.565900911805712,False
598,0.804717519321077,98.87616846969856,0.5729703026658401,False
599,0.7771529943226336,98.45390744551739,0.566592504391181,False
600,0.7473944462440387,98.194370685077,0.5451870135971703,False
601,0.7153220528038851,98.41269841269842,0.5383050679096306,False
602,0.7153220528038851,97.98109965635739,0.5014359571459268,False
603,0.7153220528038851,98.29009115917795,0.4895351966633809,False
604,0.7153220528038851,98.27156480277417,0.4777323221058435,False
605,0.7473944462440387,98.2530612244898,0.46522100531940047,False
606,0.7771529943226336,98.23458679492785,0.4524137090394944,False
607,0.804717519321077,98.21614797738624,0.43930987549480127,False
608,0.8301899714180443,98.19775132275132,0.4259102445887157,False
609,0.8536576732793313,98.17940346411378,0.41221710747811363,False
610,0.8536576732793313,98.16111111111111,0.398660811446402,False
611,0.8536576732793313,98.14288104400201,0.38552337375679796,False
612,0.875195788740725,98.12472010747872,0.37258193099979214,False
613,0.8948692308065574,98.10663520422496,0.36034288582022944,False
614,0.9127341558073343,98.08863328822733,0.34847859077392296,False
615,0.9288391461883214,98.07072135785008,0.33702590668007254,False
616,0.9432261548473415,98.05290644868302,0.3787570545539809,False
617,0.9559312637896478,98.03519562617461,0.3667343856071674,False
618,0.9669852958320848,98.01759597806216,0.3549328757765311,False
619,0.976414308115487,98.0001146066128,0.34340440782133297,False
620,0.9842399889605549,97.98275862068965,0.3322016701677081,False
621,0.9904799742690308,97.96553512765834,0.3213778973923458,False
622,0.995148095654003,97.94845122515025,0.31098645540433156,False
623,0.9982545693874831,97.93151399269946,0.3010802392797021,False
624,0.999806132804711,97.91473048327137,0.29129137565692553,False
625,0.999806132804711,97.8981077147016,0.3294193633771991,False
626,0.999806132804711,97.88165266106442,0.322426918288703,False
627,0.999806132804711,97.86537224399088,0.31586625875600743,False
628,0.999806132804711,97.84927332395687,0.30984187787661743,False
629,0.999806132804711,97.83336269156244,0.3350498245836697,False
630,0.999806132804711,97.81764705882352,0.33094817126733045,False
631,0.9982545693874831,97.80213305049791,0.3265343711549128,False
632,0.995148095654003,97.78682719546742,0.32213433277641507,False
633,0.9904799742690308,97.77173591819847,0.34087638003992266,False
634,0.9842399889605549,97.75686553030303,0.3363441995028889,False
635,0.976414308115487,97.74222222222222,0.3317531869009658,False
636,0.9669852958320848,97.08115804461319,0.2642773371701893,False
637,0.9559312637896478,97.80865847140566,0.2683140171620134,False
638,0.9432261548473415,97.80865847140566,0.26700644985428135,False
639,0.9432261548473415,97.80865847140566,0.26596130293573184,False
640,0.9432261548473415,97.80865847140566,0.26514493286430796,False
641,0.9432261548473415,97.80865847140566,0.26452688392861723,False
642,0.9432261548473415,97.80865847140566,0.2640799317974626,False
643,0.9432261548473415,97.80865847140566,0.26378005985928865,False
644,0.9288391461883214,97.80865847140566,0.26360637965995376,False
645,0.9127341558073343,97.08709065021357,0.2012400478606259,False
646,0.8948692308065574,97.74222222222222,0.20071809250330364,False
647,0.8948692308065574,97.75686553030303,0.2009090494047729,False
648,0.8948692308065574,97.77173591819847,0.20135336686331887,False
649,0.8948692308065574,97.162952893197,0.1455801482976242,False
650,0.8948692308065574,97.66534665169337,0.14479151533355678,False
651,0.9875245214535493,97.66534665169337,0.14433681914810104,False
652,1.066503202885787,97.66534665169337,0.14415313057387774,False
653,1.132529774880598,97.16886340800284,0.07226731513240045,False
654,1.1899285414712581,97.77173591819847,0.19258843837376952,False
655,1.2407449439357603,97.75686553030303,0.19487649273043492,False
656,1.2861766890619075,97.74222222222222,0.1976894527470537,False
657,1.3270089026073437,97.44521200571701,0.19263787973667118,False
658,1.3637938028246004,97.68416013404344,0.19493887616646716,False
659,1.3969387860636409,97.67316017316017,0.25004479437980975,False
660,1.4267547652077353,97.66233766233766,0.2500442288026425,False
661,1.4534849141043307,97.65169902912622,0.25007866882769214,False
662,1.477322818602089,97.64125068568293,0.2502037540556188,False
663,1.4984244813325356,97.63099902056807,0.2504733998398623,False
664,1.5169165540634162,97.62095039036085,0.2507259312271525,False
665,1.532902144485799,97.61111111111111,0.25122191588559256,False
666,1.535773302827334,97.60148744964363,0.2520253167320838,False
667,1.535773302827334,97.5920856147337,0.25296832434681127,False
668,1.532902144485799,97.58291174817313,0.25409797816898305,False
669,1.527138493598173,97.57397191574724,0.2663388064129636,False
670,1.5184387137728148,97.56527209814406,0.2729675973939348,False
671,1.5253874232579385,97.55681818181819,0.2792406174901118,False
672,1.530333327439556,97.54861594983214,0.28517376609411943,False
673,1.5164273757656148,97.54067107269954,0.2907814086391748,False
674,1.4995196245467155,96.79715302491103,0.2361891990467122,False
675,1.4794731020725562,97.41992882562278,0.24067353980523967,False
676,1.4561112661478437,97.41992882562278,0.24444613702641207,False
677,1.4292062682172793,97.41992882562278,0.24819234022419376,False
678,1.3984610270106808,97.41992882562278,0.2518959509260234,False
679,1.3634806730596907,96.84163701067615,0.2037738279156592,False
680,1.3237243701143493,97.53431621759024,0.20967060252140962,False
681,1.278417365535648,97.54764930114358,0.2149932747973845,False
682,1.2263714330738393,97.56128540581734,0.2340494774234113,False
683,1.1655498193580116,97.57521899200204,0.2345223268604752,False
684,1.0916362019205925,97.58944430347627,0.23467405812403325,False
685,0.9842399889605549,97.60395537525355,0.2341077164320383,False
686,0.976414308115487,97.6187460417986,0.23310413154001444,False
687,0.9669852958320848,97.63380994559029,0.2827762979052826,False
688,0.9559312637896478,97.64914054600607,0.2822540708287386,False
689,0.9432261548473415,97.15980812926028,0.27127208155671323,False
690,0.9288391461883214,97.78141938736921,0.26559611711061876,False
691,0.9127341558073343,97.78141938736921,0.2599704215371917,False
692,0.8948692308065574,97.78141938736921,0.2544038734279747,False
693,0.875195788740725,97.78141938736921,0.2489051272480766,False
694,0.9665364727522963,97.78141938736921,0.24348265212134995,False
695,1.0236982481827188,97.78141938736921,0.23814478884227563,False
696,1.0670056836533541,97.78141938736921,0.2815406667890847,False
697,1.1006987578744163,97.78141938736921,0.2764400918913612,False
698,1.1267251857192595,97.78141938736921,0.2716349630863381,False
699,1.1461683299371317,97.78141938736921,0.2965169123673472,False
700,1.1596780472087271,97.78141938736921,0.31920473111092507,False
701,1.1676444621356101,97.78141938736921,0.31612233466387135,False
702,1.17027775595384,97.15980812926028,0.302581233756632,False
703,1.1676444621356104,97.64914054600607,0.302280804666599,False
704,1.1596780472087271,97.63380994559029,0.3021467909657603,False
705,1.146168329937132,97.6187460417986,0.3022828196012235,False
706,1.1267251857192597,97.60395537525355,0.30242285236464,False
707,1.1006987578744163,96.88133874239351,0.25539161221396606,False
708,1.0670056836533544,97.48985801217039,0.29287617265809507,False
709,1.0236982481827188,97.48985801217039,0.40276691741320025,False
710,0.9665364727522964,97.48985801217039,0.4266984760302205,False
711,0.875195788740725,97.48985801217039,0.4474211488154244,False
712,0.8948692308065574,97.48985801217039,0.46541461205063456,False
713,0.8948692308065574,97.48985801217039,0.4822592529240944,False
714,0.8948692308065574,97.48985801217039,0.49713243938534474,False
715,0.8948692308065574,97.48985801217039,0.5102705419985255,False
716,0.8948692308065574,96.88133874239351,0.5466044747717357,False
717,0.8948692308065574,97.60395537525355,0.560463153488501,False
718,0.8948692308065574,97.6187460417986,0.5735332654392845,False
719,0.9127341558073343,96.99176694110196,0.5706328061089787,False
720,0.9127341558073343,96.99176694110196,0.5667317055829162,False
721,0.9127341558073343,97.6187460417986,0.5757370251195624,False
722,0.9288391461883214,97.60395537525355,0.5835711544337907,False
723,0.9432261548473415,97.58944430347627,0.6123670547391967,False
724,0.9559312637896478,97.57521899200204,0.6195021509226769,False
725,0.9669852958320848,97.56128540581734,0.625647252780982,False
726,0.976414308115487,97.54764930114358,0.6308760196253494,False
727,0.9842399889605549,97.53431621759024,0.63581131614924,False
728,0.9904799742690308,96.84163701067615,0.623202662780771,False
729,0.995148095654003,96.2183805770942,0.5844352998227333,False
730,0.9982545693874831,96.76496758611923,0.567472026137564,False
731,0.999806132804711,96.75902389425521,0.5514039916118023,False
732,0.999806132804711,96.75349428208386,0.5360773074116323,False
733,0.9982545693874831,96.7483805410898,0.5205036114646246,False
734,0.995148095654003,96.74368414370953,0.5057110390771894,False
735,0.9904799742690308,96.73940624207054,0.49183100537292607,False
736,0.9842399889605549,96.10504947982746,0.42188867908822286,False
737,0.976414308115487,96.63156559248921,0.4178146210456967,False
738,0.9669852958320848,96.63156559248921,0.40315922443659075,False
739,0.9559312637896478,96.63156559248921,0.3900135025106022,False
740,0.9432261548473415,96.63156559248921,0.3777860890873645,False
741,0.9288391461883214,96.63156559248921,0.36705155045565685,False
742,0.9127341558073343,96.63156559248921,0.3588148898707669,False
743,0.8948692308065574,96.20277318407328,0.31647515686874206,False
744,0.875195788740725,96.5693151383752,0.311971921367577,False
745,0.8536576732793313,96.56737407312708,0.3032644288892436,False
746,0.8301899714180443,96.56586365966172,0.29457783717630753,False
747,0.804717519321077,96.56478746628997,0.29385339557093126,False
748,0.7771529943226336,96.56414875820357,0.29447417334844966,False
749,0.7473944462440387,96.0740072202166,0.24110456823995877,False
750,0.7153220528038851,96.67398605011626,0.254645842115486,False
751,0.6807937753703206,96.67724593561759,0.3462552060723098,False
752,0.6436394131461666,96.68095609249156,0.4143234138505669,False
753,0.603652249754401,96.68511885379355,0.4692111944927731,False
754,0.560576942614533,96.68973622355706,0.5138399232722325,False
755,0.560576942614533,96.69480986975587,0.551813912829061,False
756,0.560576942614533,96.70034111781685,0.5844452867880603,False
757,0.560576942614533,96.14095062783512,0.6029937796021012,False
758,0.560576942614533,96.82476943346508,0.6022504694080113,False
759,0.560576942614533,96.8275953040496,0.6202451865769596,False
760,0.560576942614533,96.83084642809983,0.6355845963377775,False
761,0.560576942614533,96.8345228654507,0.6337382297486017,False
762,0.560576942614533,96.34920634920636,0.6416570950198492,False
763,0.560576942614533,96.94242223692919,0.6464100734703038,False
764,0.560576942614533,96.95081532546732,0.6556955270276478,False
765,0.677903479475398,96.38874137015401,0.6675978904173138,False
766,0.7619882811604883,96.425486678626,0.6669372469528173,False
767,0.8332341082038747,96.95036874626271,0.6820298849655727,False
768,0.8959704136014894,96.95036874626271,0.6796727849020068,False
769,0.8959704136014894,96.45206298584812,0.7008831796553744,False
770,0.8959704136014894,97.01680951431798,0.6956485247548687,False
771,0.8959704136014894,97.69281914893617,0.6672202347008126,False
772,0.8959704136014894,97.69281914893617,0.6268532923574883,False
773,0.8959704136014894,97.69281914893617,0.5867480446767495,False
774,0.8513226827573213,97.69281914893617,0.5480768894890768,False
775,0.8028116417452926,97.69281914893617,0.5098547405007433,False
776,0.7498765864518436,97.69281914893617,0.4721250358716179,False
777,0.7498765864518436,97.69281914893617,0.43490249595072633,False
778,0.7498765864518436,97.10617349654072,0.4328825054172915,False
779,0.7498765864518436,97.63077332623453,0.4033292857598785,False
780,0.8028116417452926,97.63679936093729,0.3758357794759618,False
781,0.8028116417452926,96.9340250066507,0.3760301126985859,False
782,0.8028116417452926,97.53521126760563,0.38614320512546746,False
783,0.8513226827573213,97.53815527538156,0.37111396895963267,False
784,0.8959704136014894,96.47004180213655,0.3708930165334922,False
785,0.9371713531760616,96.46340654236613,0.3456265262898936,False
786,0.9752462395674342,96.95057135264416,0.34499767219066746,False
787,1.01044884930661,96.34211226389998,0.3346724981762458,False
788,1.0429842335712594,96.85794168552789,0.3312395863216561,False
789,1.0730208202534555,96.28914057295137,0.2809677100800735,False
790,1.1006987578744163,96.96,0.28047066120854963,False
791,1.1261358508278747,96.47474343595896,0.24874722853251555,False
792,1.1494318918359776,97.05608099107499,0.24958140723220343,False
793,1.1706718933538656,97.05490405117271,0.2508789710801049,False
794,1.2220947914756688,97.05411890162624,0.25276065529741903,False
795,1.2681489963097885,97.05372616984403,0.25431344028960673,False
796,1.30962049684272,97.05372616984403,0.255424672670728,False
797,1.3470624465271648,97.05411890162624,0.25641450474044186,False
798,1.3808832571151748,97.05490405117271,0.25702837085418195,False
799,1.4113949465359856,97.05608099107499,0.25765402571921237,False
800,1.438841894200673,97.05764878178671,0.2576550192901735,False
801,1.4634190046135478,97.05960617349655,0.2577728191874089,False
802,1.485283726758245,96.4794356448822,0.21369758457491925,False
803,1.5045643034921028,96.96445213686593,0.2129571832647697,False
804,1.5213655983156216,96.4647137150466,0.16695438560453238,False
805,1.535773302827334,97.0572569906791,0.168753508214472,False
806,1.5478570234493585,97.0572569906791,0.17057841149859151,False
807,1.5576725670893488,96.36182241436647,0.10366620394271361,False
808,1.565263635906296,96.96385862343874,0.12338763212260165,False
809,1.570663071721726,96.96768628491806,0.12350910305845417,False
810,1.5738937446297547,96.97190564537503,0.1383649836662207,False
811,1.5749691486891673,96.97651339728746,0.14186759548412167,False
812,1.5738937446297545,96.98150594451783,0.14453235526257072,False
813,1.570663071721726,96.98687940924376,0.14486417566079407,False
814,1.565263635906296,96.99262963937879,0.1435833996540793,False
815,1.557672567089349,96.9987522164576,0.2092799049423625,False
816,1.5478570234493585,97.00524246395806,0.2076487124401981,False
817,1.535773302827334,97.01209545603139,0.20586425275356002,False
818,1.5213655983156218,97.019306026611,0.23068408466675744,False
819,1.5045643034921028,97.0268687788693,0.2309065200315008,False
820,1.4852837267582453,97.03477809499091,0.23162393324801323,False
821,1.4634190046135478,97.043028146231,0.3034237982693699,False
822,1.4634190046135478,97.0516129032258,0.30645506272355233,False
823,1.4634190046135478,97.06052614652344,0.3090224159021546,False
824,1.4634190046135478,97.06976147730187,0.31113169207422003,False
825,1.4634190046135478,97.07931232824184,0.3127870929181256,False
826,1.4852837267582453,97.08917197452229,0.3139914215800749,False
827,1.4852837267582453,97.09933354490637,0.31474627980998937,False
828,1.4852837267582453,96.66772453189463,0.30943343223356745,False
829,1.4852837267582453,96.99777848302126,0.31096924945066734,False
830,1.4634190046135478,96.66772453189463,0.3341379385116949,False
831,1.438841894200673,97.1056807362742,0.33647349679573607,False
832,1.4113949465359856,97.09554140127389,0.3388282826203809,False
833,1.3808832571151748,97.08570332971176,0.3415193485913147,False
834,1.3470624465271646,97.07617337778917,0.3441348953073798,False
835,1.3096204968427199,96.29392151833804,0.31082674029970464,False
836,1.2681489963097885,96.967171069505,0.3139741922583339,False
837,1.2220947914756686,96.967171069505,0.3167304443109457,False
838,1.201446120023029,96.50093265581785,0.3007105985552861,False
839,1.2259790140555222,96.84516129032258,0.30209616244609094,False
840,1.2449737775841294,96.83597541248787,0.30307698705582115,False
841,1.2588874993443833,96.0724684568101,0.30012789942869117,False
842,1.2680160454788014,96.71303785182789,0.3018321221436943,False
843,1.2725381154419293,96.71303785182789,0.3028692055930477,False
844,1.2725381154419293,96.71303785182789,0.3033446658846283,False
845,1.2680160454788014,96.71303785182789,0.3033552329316777,False
846,1.2588874993443833,96.71303785182789,0.3037300171216517,False
847,1.2449737775841294,96.71303785182789,0.3038013983169195,False
848,1.201681991620676,96.71303785182789,0.30362383595779846,False
849,1.1787269834988532,96.71303785182789,0.3035975704269878,False
850,1.1494318918359776,96.23021022579807,0.3157936424143853,False
851,1.1126817966979572,96.57797150478173,0.3141064731190681,False
852,1.066503202885787,96.56926689277329,0.31299356308665216,False
853,1.006634797484697,96.56096763648252,0.3507906101477389,False
854,0.9127341558073343,96.55307994757536,0.381995768072526,False
855,0.9288391461883214,96.54560977211533,0.38000524103675265,False
856,0.9288391461883214,96.53856277967887,0.37803985485281305,False
857,0.9288391461883214,96.53194435287136,0.37614837153106484,False
858,0.9288391461883214,96.52575957727873,0.3743787483324472,False
859,0.9288391461883214,96.52001323188885,0.3724460563357014,False
860,0.9288391461883214,96.5147097800159,0.3706627238362526,False
861,0.9288391461883214,95.81235091439173,0.3166884159584912,False
862,0.9288391461883214,96.3755632122979,0.31150285903524955,False
863,1.0394364783172854,96.3755632122979,0.30719187894163597,False
864,1.1166404295430468,96.3755632122979,0.30372537262256577,False
865,1.1808467161073357,96.3755632122979,0.30106835574865765,False
866,1.2363772403452271,96.3755632122979,0.2984307586372527,False
867,1.2852748466470731,96.3755632122979,0.2965262282053751,False
868,1.3287344279695676,96.3755632122979,0.295340832558649,False
869,1.3675380544221296,96.3755632122979,0.2944968892969141,False
870,1.402234618245608,95.77418070850472,0.24666765036778002,False
871,1.4332278865247239,96.27440563155798,0.24464908173529326,False
872,1.4608248015713592,96.27093858016485,0.24773587752907303,False
873,1.4852641811356104,95.71580627993613,0.1906695954091707,False
874,1.506734817815005,95.71580627993613,0.11689495625681388,False
875,1.5253874232579385,96.27758574847115,0.12440820639537184,False
876,1.541342789057496,96.28104661973701,0.131890589780823,False
877,1.554697508762069,96.2849940294547,0.13924730177640596,False
878,1.5655280605848252,96.28942486085343,0.17115010298427377,False
879,1.5738937446297545,96.29433562731604,0.18744913477903333,False
880,1.57983878814754,96.29972247918595,0.2622085268431621,False
881,1.583393820970492,96.30558121124159,0.262992408430152,False
882,1.584576851106354,96.31190727081137,0.3302326492400427,False
883,1.584576851106354,96.31869576650013,0.3826521380347254,False
884,1.582267169313773,96.32594147749639,0.42405201832009853,False
885,1.577636732431408,96.33363886342805,0.4576674419343961,False
886,1.5738937446297547,96.34178207473217,0.4867492833332501,False
887,1.567632081836135,96.35036496350365,0.5121448082508809,False
888,1.567632081836135,96.35938109478612,0.5344490008498362,False
889,1.567632081836135,96.36882375826741,0.5541001788416414,False
890,1.567632081836135,96.37868598034144,0.5714332521745883,False
891,1.567632081836135,96.3889605364973,0.5867115726701404,False
892,1.567632081836135,96.007457888646,0.5980537302544802,False
893,1.567632081836135,96.4940392257403,0.6087517810165733,False
894,1.567632081836135,96.4940392257403,0.6182254433578485,False
895,1.567632081836135,96.4940392257403,0.626592328978981,False
896,1.567632081836135,96.4940392257403,0.6339557874805467,False
897,1.567632081836135,96.4940392257403,0.6404075737056079,False
898,1.5655280605848256,95.83386745289066,0.6399169996070913,False
899,1.5613116549052575,96.60940905012178,0.641886228145854,False
900,1.5495348211113549,97.09302325581395,0.6212067723984516,False
901,1.5495348211113549,96.40940454893943,0.6261952229792302,False
902,1.5495348211113549,97.21441349348326,0.5983962110272028,False
903,1.5495348211113549,97.21726948548141,0.5704348050405413,False
904,1.5352702332191592,97.22045944916867,0.5441319165757447,False
905,1.5253874232579383,97.22397875300366,0.5195457723282076,False
906,1.5125568756434098,97.22782258064517,0.4953476234197378,False
907,1.4919310878474152,97.23198594024605,0.47153060741614045,False
908,1.4683074126843,97.23646367387771,0.4480885983965675,False
909,1.4608248015713592,97.24125046705691,0.4245568261145943,False
910,1.4332278865247239,97.2463408583478,0.40146518044261503,False
911,1.402234618245608,97.25172924901186,0.3791107529871451,False
912,1.3675380544221296,97.25740991267986,0.3570668833476329,False
913,1.3287344279695676,97.2633770050202,0.33581396794530877,False
914,1.2852748466470731,97.26962457337883,0.31538220014909674,False
915,1.236377240345227,97.27614656636739,0.295807225929399,False
916,1.180846716107336,97.2829368433764,0.27713103100543074,False
917,1.1665620111568704,97.2899891839923,0.25940286254740114,False
918,1.1504718163625702,97.29729729729729,0.24268009303149843,False
919,1.132529774880598,97.30485483103284,0.2270288601863376,False
920,1.1126817966979572,97.3126553806085,0.212524210957052,False
921,1.090864890696142,97.32069249793899,0.19924934189118182,False
922,1.090864890696142,97.32895970009372,0.1872933883381397,False
923,1.090864890696142,97.33745047774411,0.17790065185746853,False
924,1.1126817966979572,97.34615830339553,0.1664478807969091,False
925,1.132529774880598,97.3550766393915,0.1634763377895432,False
926,1.1504718163625702,97.36419894567958,0.16187999597684122,False
927,1.1504718163625702,97.37351868732908,0.16159344736018935,False
928,1.1504718163625702,97.38302934179222,0.15661871773980432,False
929,1.1504718163625702,97.39272440590156,0.16825523841620987,False
930,1.1504718163625702,97.40259740259741,0.17947041215142176,False
931,1.1504718163625702,97.41264188738037,0.189675026800149,False
932,1.1504718163625702,97.42285145448513,0.1998224337628589,False
933,1.1504718163625702,97.43321974277234,0.20905114892808938,False
934,1.1504718163625702,97.44374044133713,0.21748087839020103,False
935,1.1504718163625702,97.45440729483283,0.2252043749330861,False
936,1.1504718163625702,97.46521410851041,0.22835466693803122,False
937,1.1504718163625702,97.47615475297395,0.23823250279318361,False
938,1.1504718163625702,97.48722316865417,0.2464835092879532,False
939,1.1504718163625702,97.49841337000211,0.25334618463615804,False
940,1.1504718163625702,97.50971944940632,0.2590060141601491,False
941,1.1504718163625702,97.52113558083707,0.26361163477530514,False
942,1.1504718163625702,97.53265602322206,0.26728508309260884,False
943,1.1504718163625702,97.54427512355848,0.2701285856842116,False
944,1.1504718163625702,97.45372737498722,0.2742912837606254,False
945,1.1504718163625702,97.62871940692597,0.2734198944469646,False
946,1.1504718163625702,97.63855177993527,0.2720912994428755,False
947,1.132529774880598,97.64853977844915,0.27034733797869176,False
948,1.132529774880598,97.32778501955279,0.27171235041219616,False
949,1.132529774880598,97.75881002296097,0.26415613704566254,False
950,1.132529774880598,97.76962727993656,0.25627841811694874,False
951,1.132529774880598,97.78051181102362,0.24809133753149815,False
952,1.132529774880598,97.79145900517932,0.23960437387143801,False
953,1.132529774880598,97.80246434462016,0.2730142326640936,False
954,1.132529774880598,97.81352340589481,0.2679878633378767,False
955,1.1126817966979572,97.82463186077644,0.2628430220831522,False
956,1.090864890696142,97.76459420977693,0.26127075585500825,False
957,1.0670056836533541,97.8940921511354,0.25333373663779474,False
958,1.0670056836533541,97.8940921511354,0.2462225616726949,False
959,1.090864890696142,97.8940921511354,0.23955005293452813,False
960,1.1126817966979572,97.8940921511354,0.23377661771273997,False
961,1.1126817966979572,97.8940921511354,0.22889447432736815,False
962,1.046078320219219,97.8940921511354,0.22488772164462814,False
963,0.9665364727522963,97.8940921511354,0.22173209839400676,False
964,0.8536576732793313,97.8940921511354,0.219395183521693,False
965,0.8536576732793313,97.8940921511354,0.21783704664970968,False
966,0.8301899714180443,97.8940921511354,0.21701130279782757,False
967,0.804717519321077,97.8940921511354,0.2167722407609683,False
968,0.804717519321077,97.8940921511354,0.21722120236561657,False
969,0.804717519321077,97.8940921511354,0.21828785484382893,False
970,0.8301899714180443,97.8940921511354,0.21990002138233228,False
971,0.8536576732793313,97.8940921511354,0.2219856261357051,False
972,0.875195788740725,97.8940921511354,0.22447433697429225,False
973,0.8948692308065574,97.13558842928484,0.1743781425493471,False
974,0.9127341558073343,97.96947140299632,0.17446876824115465,False
975,0.9288391461883214,97.97880322641156,0.17505017802501918,False
976,0.9432261548473415,97.98823749066467,0.1758028352107516,False
977,0.9559312637896478,97.99777013843723,0.17669985481721737,False
978,0.9669852958320848,98.00739713361072,0.1777143733628866,False
979,0.976414308115487,98.01711446448289,0.17933212996667455,False
980,0.9842399889605549,98.02691814685954,0.18086838038249678,False
981,0.9842399889605549,98.03680422702013,0.17723576304127261,False
982,0.9842399889605549,98.04676878455543,0.18298854015372873,False
983,0.976414308115487,98.05680793507665,0.18810444279906519,False
984,0.9669852958320848,98.06691783279513,0.1910544330706167,False
985,0.9559312637896478,98.07709467297225,0.19366686008775974,False
986,0.9432261548473415,98.08733469423981,0.19361288536044371,False
987,0.9288391461883214,98.09763418079096,0.19763114885496527,False
988,0.9288391461883214,98.1079894644425,0.20121091931023408,False
989,0.9288391461883214,98.11839692656946,0.20438725333995317,False
990,1.0394364783172854,98.12885299991318,0.20719154228054554,False
991,1.1166404295430468,98.1393541702642,0.20965231561283257,False
992,1.180846716107336,98.14989697802197,0.2117958530282801,False
993,1.236377240345227,98.16047801963295,0.2136466568975239,False
994,1.236377240345227,98.17109394890944,0.2152278206581553,False
995,1.236377240345227,98.18174147823152,0.21656131792871167,False
996,1.236377240345227,98.19241737963429,0.217668229925409,False
997,1.236377240345227,98.20311848578338,0.2185689237728072,False
998,1.236377240345227,98.21384169084128,0.2152500321389006,False
999,1.236377240345227,98.22458395122754,0.21871970906230964,False
1000,1.236377240345227,98.2353422862758,0.22170008432063973,False
1001,1.236377240345227,98.07927077398877,0.2282694729138299,False
1002,1.236377240345227,98.32160478848176,0.22690390874324423,False
1003,1.236377240345227,98.330122029544,0.2254757788608625,False
1004,1.236377240345227,98.33864541832669,0.2253460923016263,False
1005,1.236377240345227,98.34717279557137,0.22505379328342562,False
1006,1.236377240345227,98.30860999921514,0.22663272227404122,False
1007,1.236377240345227,98.39538868982707,0.22351444315099642,False
1008,1.236377240345227,98.40526417650474,0.2220775920188886,False
1009,1.222731822382257,98.4151407908909,0.2212698320789023,False
1010,1.2072640872959293,98.42501624679842,0.22499329578423494,False
1011,1.1899285414712581,98.43488831484576,0.22781471925899197,False
1012,1.1706718933538656,98.44475482239251,0.22952336135276166,False
1013,1.1494318918359776,98.45461365341335,0.2306680311836308,False
1014,1.1261358508278747,98.46446274831352,0.23130707458427652,False
1015,1.1006987578744163,98.47430010368834,0.2311742920572995,False
1016,1.1006987578744163,98.48412377202987,0.23175242280476918,False
1017,1.1006987578744163,98.49393186138325,0.23173003473718976,False
1018,1.1006987578744163,98.38750680951516,0.23504130011800725,False
1019,1.0730208202534555,98.56400635012267,0.23151137246390974,False
1020,1.0429842335712594,98.57112161581435,0.22787135500463743,False
1021,1.0104488493066097,98.57823274329992,0.22414295827500083,False
1022,1.0104488493066097,98.58533831933958,0.21796823713381397,False
1023,1.0104488493066097,98.59243697478992,0.21614616776885034,False
1024,1.0104488493066097,98.59952738393105,0.21398345713872458,False
1025,1.0104488493066097,98.60660826377871,0.2115347038938038,False
1026,1.0104488493066097,98.61367837338263,0.2088506569561686,False
1027,1.0104488493066097,98.6003533088735,0.2069206517258941,False
1028,1.0104488493066097,98.64801078894133,0.20286814457933053,False
1029,1.0104488493066097,98.67161159811194,0.1977502204943852,False
1030,1.0104488493066097,98.76073413032498,0.18710413631872583,False
1031,0.9752462395674342,98.76227633526167,0.17687260370461724,False
1032,0.9371713531760616,98.76389775284673,0.16751074925953197,False
1033,0.8959704136014894,98.76559774587415,0.15845408371853056,False
1034,0.8513226827573213,98.76737564897002,0.14972124954977412,False
1035,0.8028116417452926,98.76254180602007,0.14185226250844535,False
1036,0.7498765864518436,98.78785855010518,0.1324708005301349,False
1037,0.6917244835981394,98.78785855010518,0.12373902861512676,False
1038,0.6271502454482835,98.78785855010518,0.11548312032951942,False
1039,0.5541015302865538,98.78785855010518,0.10774096107260066,False
1040,0.46824757305098735,98.78785855010518,0.10054553361984345,False
1041,0.3491843735073079,98.78785855010518,0.0939070392046981,False
1042,0.3491843735073079,98.67766387284202,0.0935924233021326,False
1043,0.3491843735073079,98.83794703977026,0.08331533075068596,False
1044,0.3491843735073079,98.83416207498992,0.07372253603133946,False
1045,0.3491843735073079,98.83040935672514,0.18338981334329083,False
1046,0.3491843735073079,98.826690246225,0.1808488641281469,False
1047,0.3491843735073079,98.82300612447395,0.17883631625571783,False
1048,0.3491843735073079,98.8193583918491,0.177290466693118,False
1049,0.3491843735073079,98.81574846774473,0.17625720732343983,False
1050,0.3491843735073079,98.81217779016302,0.17551398885043404,False
1051,0.2829047929798921,98.80864781527033,0.1750156603687691,False
1052,0.208180945557171,98.8051600169181,0.17471932908097568,False
1053,0.12068101401352381,98.80171588612755,0.1745443573839455,False
1054,-0.0,98.79831693053772,0.17451244881803968,False
1055,-0.0,98.79496467381558,0.1745882375391392,False
1056,-0.0,98.79166065502814,0.1747395087571028,False
1057,-0.0,98.78840642797547,0.17959682261621077,False
1058,-0.0,98.78520356048446,0.18088045375546227,False
1059,-0.0,98.78205363366227,0.18205698351867666,False
1060,-0.0,98.77895824110963,0.2362405028472434,False
1061,-0.0,98.77591898809303,0.23894381814627547,False
1062,-0.0,98.77293749067582,0.2415984091542809,False
1063,-0.0,98.77001537480781,0.24419930935561346,False
1064,-0.0,98.76715427537324,0.2469968457492638,False
1065,-0.0,98.0252435280294,0.2779415030441273,False
1066,-0.0,98.81496723060509,0.3144556517970598,False
1067,-0.0,98.81496723060509,0.3788120448515213,False
1068,-0.0,98.81496723060509,0.4301149640387642,False
1069,-0.0,98.81496723060509,0.4727480436330393,False
1070,-0.0,98.81496723060509,0.5090012112909724,False
1071,-0.0,98.81496723060509,0.5402613905810653,False
1072,-0.0,98.81496723060509,0.5674511251682888,False
1073,-0.0,98.81496723060509,0.5912376388995082,False
1074,-0.0,98.81496723060509,0.6120917874282796,False
1075,-0.0,98.81496723060509,0.6303936997966051,False
1076,-0.0,98.81496723060509,0.6452475560535025,False
1077,-0.0,98.59015393994818,0.6570388886296944,False
1078,-0.0,98.86450236244475,0.668197878677119,False
1079,-0.0,98.86237407591834,0.6779271063535027,False
1080,-0.0,98.09795164022793,0.6699387987736936,False
1081,-0.0,98.90862649483338,0.6725888450431495,False
1082,-0.0,98.91178513544801,0.6801705283888986,False
1083,-0.0,98.91500904159132,0.6865619844523023,False
1084,-0.0,98.92596854622171,0.6917864674984339,False
1085,-0.0,99.7186030375453,0.6634446182044923,False
1086,-0.0,99.45262508673194,0.6468557787476515,False
1087,-0.0,99.76100531955902,0.6167692355920368,False
1088,-0.0,99.75983885962194,0.5865592246065323,False
1089,-0.0,99.7586797446676,0.5565052034769697,False
1090,-0.0,99.7575283535393,0.526633579972483,False
1091,-0.0,99.75638506876228,0.4964334256648969,False
1092,-0.0,99.75525027633033,0.4665383912577875,False
1093,-0.0,99.75412436548223,0.43699961546310023,False
1094,-0.0,99.75300772846785,0.4078796771548085,False
1095,-0.0,99.75190076030412,0.37925893399577254,False
1096,-0.0,99.7508038585209,0.35364944840343276,False
1097,-0.0,99.74971742289682,0.32886699866798874,False
1098,-0.0,99.74864185518527,0.30505095696152196,False
1099,-0.0,99.74757755883071,0.2822589062199623,False
1100,-0.0,99.74652493867539,0.26055780884983315,False
1101,-0.0,98.97799390093134,0.2512923698570594,False
1102,-0.0,99.77569161751266,0.2273709324486002,False
1103,-0.0,99.77484051202936,0.20435727429099163,False
1104,-0.0,99.77400184146647,0.1822961464564737,False
1105,-0.0,99.7731759566514,0.16124165976846863,False
1106,-0.0,99.4309080178737,0.1614158308944118,False
1107,-0.0,99.8096366174542,0.22226698467651054,False
1108,-0.0,99.80813507290867,0.21133621434312547,False
1109,-0.0,99.8066262730437,0.20225615093494634,False
1110,-0.0,99.80511043741879,0.1950107275289391,False
1111,-0.0,99.80358779625507,0.19094495608518847,False
1112,-0.0,99.80205859065717,0.18773855378506699,False
1113,-0.0,99.80052307283124,0.1857306301201374,False
1114,-0.0,99.79898150629857,0.19831741285691903,False
1115,-0.0,99.79743416610398,0.19901489569610525,False
1116,-0.0,99.79588133901842,0.19969042573274481,False
1117,-0.0,99.79432332373509,0.2608439493083071,False
1118,-0.0,99.7927604310583,0.2626657508829365,False
1119,-0.0,99.79119298408426,0.26442239578152205,False
1120,-0.0,99.78962131837307,0.2703004507893458,False
1121,-0.0,99.78804578211107,0.2730536954970262,False
1122,-0.0,99.7864667362627,0.27566675831882265,False
1123,-0.0,99.78488455471103,0.27814449413346065,False
1124,-0.0,99.78329962438602,0.28049146252813467,False
1125,-0.0,99.78171234537957,0.2827119642986607,False
1126,-0.0,99.78012313104661,0.2848100736141575,False
1127,-0.0,98.97140607313352,0.2285804828782922,False
1128,-0.0,99.82155249330822,0.2299056841314065,False
1129,-0.0,99.82102018494581,0.2795427415497469,False
1130,-0.0,99.82050259274033,0.2821884175093621,False
1131,-0.0,99.82,0.28469044269391774,False
1132,-0.0,99.81951268424747,0.2873932177785049,False
1133,-0.0,99.81904091685935,0.2899325876020462,False
1134,-0.0,99.43055835517033,0.2832489740492197,False
1135,-0.0,99.85350575873913,0.2848595572606255,False
1136,-0.0,99.85249237029501,0.28637657714860804,False
1137,-0.0,99.01157431117484,0.2344851748425361,False
1138,-0.0,99.88656285449107,0.23390734074687808,False
1139,-0.0,99.88631078497235,0.2333155003068116,False
1140,-0.0,99.48731227343346,0.23362628824034148,False
1141,-0.0,99.91178454672824,0.23250738745577204,False
1142,-0.0,99.9111993313832,0.23139914303279419,False
1143,-0.0,99.91061570008938,0.23030347778822646,False
1144,-0.0,99.91003386960203,0.22922229847160994,False
1145,-0.0,99.90945406125167,0.22780988586919293,False
1146,-0.0,99.90887650085763,0.2347051849371887,False
1147,-0.0,99.908301418631,0.23337214164657008,False
1148,-0.0,99.90772904906643,0.24159978735343976,False
1149,0.12068101401352381,99.04429031729562,0.4015309406675223,False
1150,0.208180945557171,99.93406593406593,0.4033471481789104,False
1151,0.2829047929798921,99.933964340744,0.40512608012405904,False
1152,0.3491843735073079,99.93386972335502,0.40644806646215925,False
1153,0.40907313904382653,99.93378214325129,0.42462286996034027,False
1154,0.4637773498877516,99.93370165745857,0.4245103992556083,False
1155,0.5140912790181235,99.93362831858407,0.4393945692120098,False
1156,0.560576942614533,99.93356217473148,0.43934634280398155,False
1157,0.603652249754401,99.93350326942259,0.43932004871204755,False
1158,0.6436394131461666,99.93345164152618,0.43974838340804157,False
1159,0.6807937753703206,99.93340732519422,0.4401523639681621,False
1160,0.7153220528038851,99.55024986118823,0.4380143914358838,False
1161,0.7473944462440387,99.95000555493834,0.4384110527065801,False
1162,0.7771529943226336,99.94973190348526,0.4387669746231757,False
1163,0.804717519321077,99.94946091644205,0.43907956746811333,False
1164,0.8301899714180443,99.94919272891498,0.43934673099741767,False
1165,0.8536576732793313,99.94892747701736,0.439747136750109,False
1166,0.875195788740725,99.53806672369547,0.43573299301314977,False
1167,0.8948692308065574,99.93123209169055,0.43603986900325564,False
1168,0.9127341558073343,99.5392235917521,0.43108691201245064,False
1169,0.9288391461883214,98.24074074074075,0.2405159939414318,False
1170,0.9432261548473415,99.52906976744185,0.2345086901278402,False
1171,0.9559312637896478,99.53507293543325,0.22870092465908862,False
1172,0.9669852958320848,99.54112453531599,0.22355076109058794,False
1173,0.976414308115487,99.1873222267371,0.18334269271086492,False
1174,0.9842399889605549,99.5707656612529,0.1801668577915964,False
1175,0.9904799742690308,99.19542910447761,0.1355130753398464,False
1176,0.995148095654003,99.5429508965194,0.13110151465142922,False
1177,0.9982545693874831,99.5348015545872,0.12686070423630122,False
1178,0.999806132804711,99.5266272189349,0.12250640856411993,False
1179,0.999806132804711,99.51843043995244,0.11833070910332548,False
1180,0.9982545693874831,99.5102138334727,0.11376891592439545,False
1181,0.995148095654003,99.50198007920316,0.10956433168131491,False
1182,0.9904799742690308,99.49373191899711,0.10573997997615552,False
1183,0.9842399889605549,99.48547215496367,0.10231504135279319,False
1184,0.976414308115487,99.47720364741642,0.09995392156406141,False
1185,0.9669852958320848,99.46892931266024,0.09800917902627306,False
1186,0.9559312637896478,99.4606521206178,0.09724593499007919,False
1187,0.9432261548473415,99.45237509229634,0.09695464425242076,False
1188,0.9288391461883214,99.44410129709698,0.09712486629290083,False
1189,0.9127341558073343,99.435833849969,0.09773652050396026,False
1190,0.8948692308065574,99.42757590841215,0.09876071067373002,False
1191,0.875195788740725,99.41933066933066,0.09950764389873773,False
1192,0.8536576732793313,99.41110136574365,0.10069063264638031,False
1193,0.8301899714180443,99.40289126335638,0.10226057780150305,False
1194,0.804717519321077,99.39470365699874,0.10416282752578813,False
1195,0.7771529943226336,99.3865418669365,0.10633925809547377,False
1196,0.7473944462440387,99.37840923506279,0.10873002788069379,False
1197,0.7153220528038851,99.37030912097697,0.11094039738497391,False
1198,0.6807937753703206,99.36224489795919,0.11331467914458442,False
1199,0.6436394131461666,99.3542199488491,0.11553694426587481,False
1200,0.603652249754401,99.34623766183823,0.11621068736571519,False
1201,0.560576942614533,99.33830142618528,0.1167441034558044,False
1202,0.5140912790181235,99.33041462786505,0.11715832797376091,False
1203,0.4637773498877516,99.3225806451613,0.11747491740114252,False
1204,0.40907313904382653,99.31480284421461,0.1171640258904296,False
1205,0.3491843735073079,99.30708457453697,0.11682777304553588,False
1206,0.2829047929798921,99.29942916450442,0.11584284058274961,False
1207,0.208180945557171,99.29183991683992,0.11481079055570097,False
1208,0.12068101401352381,99.2843201040989,0.11373213926832115,False
1209,-0.0,99.27687296416939,0.1126074635757689,False
1210,-0.0,99.26950169579963,0.11143740033514306,False
1211,-0.0,99.26220945416559,0.11022264570869635,False
1212,-0.0,99.25499934649065,0.10896395432128514,False
1213,-0.0,99.24787442773054,0.10766213827453712,False
1214,-0.0,99.24083769633508,0.10631806602088904,False
1215,-0.0,99.23389209009953,0.10493266110139211,False
1216,-0.0,99.22704048211712,0.10350690075188541,False
1217,-0.0,99.22028567684445,0.10204181438288222,False
1218,-0.0,99.21363040629096,0.10053848193918367,False
1219,-0.0,99.20707732634338,0.09899803214602593,False
1220,-0.0,99.20062901323548,0.09742164064923234,False
1221,0.12068101401352381,99.19428796017293,0.09581052805760042,False
1222,0.208180945557171,99.18805657412258,0.0941659578964789,False
1223,0.2829047929798921,99.18193717277487,0.09248923448226548,False
1224,0.3491843735073079,99.17593198168738,0.09078170072828834,False
1225,0.40907313904382653,99.17004313161678,0.0890447358933749,False
1226,0.4637773498877516,99.16427265604597,0.08727975328524917,False
1227,0.5140912790181235,99.15862248891207,0.085488197931794,False
1228,0.560576942614533,99.15309446254072,0.08367154423425426,False
1229,0.603652249754401,99.1476903057905,0.08183129361749762,False
1230,0.6436394131461666,99.14241164241164,0.07996897219379082,False
1231,0.6807937753703206,99.13725998962117,0.07808612845793342,False
1232,0.7153220528038851,99.13223675689677,0.07618433103332246,False
1233,0.7473944462440387,99.1273432449903,0.07426516649055698,False
1234,0.7771529943226336,99.12258064516129,0.07233023726263854,False
1235,0.804717519321077,99.11795003862993,0.07038115968382608,False
1236,0.8301899714180443,99.11345239624823,0.06841956218289127,False
1237,0.8536576732793313,99.10908857838739,0.06644708366612677,False
1238,0.875195788740725,99.10485933503837,0.06446537213124526,False
1239,0.8948692308065574,99.10076530612245,0.062476083560546264,False
1240,0.9127341558073343,99.09680702200738,0.0604808811510461,False
1241,0.9288391461883214,99.09298490422428,0.05848143495103153,False
1242,0.9432261548473415,99.08929926637997,0.05647942198776398,False
1243,0.9559312637896478,99.08575031525851,0.05447652699070388,False
1244,0.9669852958320848,99.08233815210559,0.05247444384029381,False
1245,0.976414308115487,99.07906277408846,0.050474877905846025,False
1246,0.9842399889605549,99.07592407592408,0.04847954948040377,False
1247,0.9904799742690308,99.0729218516675,0.046490198579155484,False
1248,0.995148095654003,99.0700557966522,0.04450859144660727,False
1249,0.9982545693874831,99.0673255095738,0.042536529223559216,False
1250,0.999806132804711,99.06473049470834,0.04057585936864492,False
1251,0.999806132804711,99.06227016425595,0.03862849062583497,False
1252,0.9982545693874831,99.05994384080088,0.03669641260051331,False
1253,0.995148095654003,99.05775075987842,0.03478172138364445,False
1254,0.9904799742690308,99.05569007263922,0.03288665319156033,False
1255,0.9842399889605549,99.05376084860174,0.031013628733458816,False
1256,0.976414308115487,99.05196207848314,0.029165312074986984,False
1257,0.9669852958320848,99.0502926770995,0.027344689270076047,False
1258,0.9559312637896478,99.0487514863258,0.02555517417509305,False
1259,0.9432261548473415,99.04733727810651,0.023800751893253064,False
1260,0.9288391461883214,99.04604875750795,0.02208617452750549,False
1261,0.9127341558073343,99.04488456580336,0.020417229615850123,False
1262,0.8948692308065574,99.04384328358209,0.018801108728164862,False
1263,0.875195788740725,99.0429234338747,0.01724691103004306,False
1264,0.8536576732793313,99.04212348528563,0.015766319814347358,False
1265,0.8301899714180443,99.0414418551257,0.014374476925174044,False
1266,0.804717519321077,99.04087691253712,0.013091021692174501,False
1267,0.7771529943226336,99.04042698160345,0.011941099378604231,False
1268,0.7473944462440387,99.04009034443817,0.010955795393070405,False
1269,0.7153220528038851,99.03986524424481,0.01017089743588039,False
1270,0.6807937753703206,99.03974988834301,0.009622481128659321,False
1271,0.6436394131461666,99.03974245115452,0.00933864294519333,False
1272,0.603652249754401,99.0398410771438,0.009329786246067938,False
1273,0.560576942614533,99.04004388370818,0.009583217287938534,False
1274,0.5140912790181235,99.04034896401309,0.010066329082977901,False
1275,0.4637773498877516,99.04075438976804,0.010736162848329036,False
1276,0.40907313904382653,99.04125821393946,0.011549162959479704,False
1277,0.3491843735073079,99.04185847339686,0.012467120440193331,False
1278,0.2829047929798921,99.04255319148936,0.013459181896095308,False
1279,0.208180945557171,99.04334038054968,0.014501526860555015,False
1280,0.12068101401352381,99.04421804432307,0.01557615235877435,False
1281,-0.0,99.04518418031931,0.016669548018455948,False
1282,-0.0,99.04623678208584,0.017771563231078015,False
1283,-0.0,99.04737384140061,0.018874528973000924,False
1284,-0.0,99.04859335038363,0.019972606798133705,False
1285,-0.0,99.04989330352606,0.021061315474346174,False
1286,0.12068101401352381,99.05127169963666,0.022137188796515633,False
1287,0.208180945557171,99.05272654370489,0.023197527806157758,False
1288,0.208180945557171,99.05425584868094,0.02424022029212933,False
1289,0.2829047929798921,99.05585763717252,0.02526360818738382,False
1290,0.3491843735073079,99.0575299430591,0.026266389192276685,False
1291,0.40907313904382653,99.05927081302399,0.027247543019105768,False
1292,0.4637773498877516,99.06107830800504,0.028206275494489928,False
1293,0.5140912790181235,99.06295050456511,0.02914197573199232,False
1294,0.560576942614533,99.06488549618321,0.0300541829618043,False
1295,0.560576942614533,99.0668813944676,0.030942560564034164,False
1296,0.560576942614533,99.06893633029249,0.03180687552670107,False
1297,0.560576942614533,99.0710484548595,0.03264698202711264,False
1298,0.560576942614533,99.07321594068583,0.03346280817613767,False
1299,0.560576942614533,99.0754369825207,0.03425434521029565,False
1300,0.560576942614533,99.07770979819195,0.03502163859470568,False
1301,0.560576942614533,99.08003262938458,0.03576478063041312,False
1302,0.560576942614533,99.08240374235336,0.036483904255841706,False
1303,0.560576942614533,99.08482142857143,0.03717917780387836,False
1304,0.560576942614533,99.08728400531679,0.03785080052977881,False
1305,0.560576942614533,99.0897898161991,0.03849899876575857,False
1306,0.560576942614533,99.09233723162856,0.03912402258904567,False
1307,0.560576942614533,99.09492464922917,0.03972614291386516,False
1308,0.560576942614533,99.09755049419854,0.04051837005542837,False
1309,0.560576942614533,99.10021321961621,0.04127405572083918,False
1310,0.560576942614533,99.10291130670278,0.04185648919766034,False
1311,0.560576942614533,99.10564326503192,0.04228464285176641,False
1312,0.560576942614533,99.10840763269728,0.042574113540089976,False
1313,0.560576942614533,99.11120297643654,0.04273787626281528,False
1314,0.560576942614533,99.11402789171451,0.042786820631201816,False
1315,0.560576942614533,99.11688100276737,0.04273014203773675,False
1316,0.560576942614533,99.11976096261003,0.0425756325330748,False
1317,0.560576942614533,99.12266645300858,0.04232990047005722,False
1318,0.560576942614533,99.12559618441972,0.04199853815485124,False
1319,0.560576942614533,99.12854889589906,0.04158625048225716,False
1320,0.560576942614533,99.13152335498005,0.04109695339807579,False
1321,0.560576942614533,99.13451835752542,0.04053384819784287,False
1322,0.560576942614533,99.13753272755275,0.03989947563731896,False
1323,0.560576942614533,99.14056531703591,0.03919575227579087,False
1324,0.560576942614533,99.14361500568397,0.03842399017791097,False
1325,0.560576942614533,99.14668070069919,0.03758489989018655,False
1326,0.560576942614533,99.14976133651551,0.03667857532211259,False
1327,0.560576942614533,99.15285587451909,0.03570445761215831,False
1328,0.560576942614533,99.15963302752293,0.0344123650652533,False
1329,0.560576942614533,99.16272297051329,0.033039695147189796,False
1330,0.560576942614533,99.16340721425468,0.031763183135666014,False
1331,0.560576942614533,99.16414468943651,0.030582220352030814,False
1332,0.560576942614533,99.16493441330371,0.029496236122962868,False
1333,0.560576942614533,99.16577540106952,0.02850468809623688,False
1334,0.560576942614533,99.16666666666667,0.0276070482036933,False
1335,0.560576942614533,99.1676072234763,0.026802784213839564,False
1336,0.560576942614533,99.16859608503474,0.026091337219391258,False
1337,0.560576942614533,99.16963226571768,0.025472095896367713,False
1338,0.560576942614533,99.1707147814018,0.02494436890024135,False
1339,0.560576942614533,99.17184265010351,0.024513205984754056,False
1340,0.560576942614533,99.17301489259488,0.024178116140181026,False
1341,0.560576942614533,99.17423053299666,0.023934245986231208,False
1342,0.560576942614533,99.17548859934854,0.02377615754467473,False
1343,0.560576942614533,99.17678812415654,0.023697936874168584,False
1344,0.560576942614533,99.1781281449178,0.023693322928114352,False
1345,0.560576942614533,99.17950770462278,0.023755844699297958,False
1346,0.560576942614533,99.18092585223505,0.02387895510819528,False
1347,0.5140912790181235,99.18238164314916,0.0240561520667372,False
1348,0.4637773498877516,99.18387413962635,0.02428108006150886,False
1349,0.4637773498877516,99.18540241120887,0.02454760874957698,False
1350,0.40907313904382653,99.18696553511272,0.024849887881015928,False
1351,0.3491843735073079,99.1885625965997,0.025182380017593275,False
1352,0.2829047929798921,99.19019268932847,0.02553987389896644,False
1353,0.208180945557171,99.19185491568565,0.02591748197745941,False
1354,0.12068101401352381,99.19354838709677,0.026310625754542755,False
1355,-0.0,99.19527222431786,0.026715012287529854,False
1356,-0.0,99.19702555770793,0.02712660475801838,False
1357,-0.0,99.19880752748277,0.02754158943121524,False
1358,-0.0,99.20061728395062,0.027956340773301516,False
1359,-0.0,99.20245398773007,0.028362332050512966,False
1360,-0.0,99.20431680995061,0.028756255786780528,False
1361,-0.0,99.20620493243652,0.02913823308947387,False
1362,-0.0,99.20811754787427,0.029508390819156318,False
1363,-0.0,99.21005385996409,0.02986686102788895,False
1364,-0.0,99.21201308355634,0.030213780445715082,False
1365,-0.0,99.21399444477277,0.030549290009333267,False
1366,-0.0,99.21599718111347,0.030873534427939643,False
1367,-0.0,99.21802054154995,0.031186661782002457,False
1368,-0.0,99.22006378660481,0.031488823151378346,False
1369,-0.0,99.22212618841833,0.031780172269747754,False
1370,-0.0,99.2242070308027,0.03206086520273879,False
1371,-0.0,99.22630560928434,0.03233106004753455,False
1372,-0.0,99.22842123113448,0.03259091665203525,False
1373,-0.0,99.23055321538894,0.03284059635190172,False
1374,-0.0,99.23270089285714,0.033080261724047905,False
1375,-0.0,99.2348636061211,0.033310076355311864,False
1376,-0.0,99.23704070952459,0.03353020462518874,False
1377,-0.0,99.2392315691533,0.03374081150164891,False
1378,-0.0,99.24143556280588,0.03394206234918176,False
1379,-0.0,99.24365207995677,0.03413412274825671,False
1380,-0.0,99.24588052171113,0.03419846954083776,False
1381,-0.0,99.24812030075188,0.03492480015762601,False
1382,-0.0,99.25037084127993,0.03546435223344499,False
1383,-0.0,99.25263157894737,0.035839217782113846,False
1384,-0.0,99.25490196078431,0.036067393593319313,False
1385,-0.0,99.25718144511973,0.036163790154698956,False
1386,-0.0,99.25946950149654,0.0361409225259022,False
1387,-0.0,99.26176561058136,0.03600939641387369,False
1388,-0.0,99.26406926406926,0.035778257278584,False
1389,-0.0,99.26637996458386,0.035455244601516035,False
1390,-0.0,99.26869722557298,0.03504697823820813,False
1391,-0.0,99.27102057120032,0.034559094384154124,False
1392,-0.0,99.27334953623333,0.03399634262707478,False
1393,-0.0,99.27568366592757,0.03336265144832606,False
1394,-0.0,99.27802251590798,0.03266116654758567,False
1395,-0.0,99.28036565204707,0.03189426396644049,False
1396,-0.0,99.28271265034053,0.03106353778468697,False
1397,-0.0,99.28506309678039,0.030169759798425757,False
1398,-0.0,99.28741658722593,0.029212805639999624,False
1399,-0.0,99.28977272727273,0.028191537658255585,False
1400,-0.0,99.28977940830629,0.027219953470522973,False
1401,-0.0,99.30383591085362,0.025267485811131557,False
1402,-0.0,99.30383591085362,0.023404226296599145,False
1403,-0.0,99.30383591085362,0.15588218412907104,False
1404,-0.0,99.30383591085362,0.15566092661500572,False
1405,-0.0,99.30383591085362,0.15546692689017683,False
1406,-0.0,99.30383591085362,0.15529787960613914,False
1407,-0.0,99.30383591085362,0.15515160757819352,False
1408,-0.0,99.30383591085362,0.1550260682332487,False
1409,-0.0,99.30383591085362,0.1549193593550973,False
1410,-0.0,99.30383591085362,0.15482972417202345,False
1411,-0.0,99.30383591085362,0.15475536991039615,False
1412,-0.0,99.30383591085362,0.15469581088348786,False
1413,-0.0,99.30383591085362,0.1546496560543962,False
1414,-0.0,99.30383591085362,0.15461563678546553,False
1415,-0.0,99.30383591085362,0.15459260342446357,False
1416,-0.0,99.30383591085362,0.15457952151872795,False
1417,-0.0,99.30383591085362,0.1545754677007206,False
1418,-0.0,99.30383591085362,0.15457962528445865,False
1419,-0.0,99.30383591085362,0.15459127960840832,False
1420,-0.0,99.30140659547443,0.15461567570542417,False
1421,-0.0,99.29660856384994,0.15464964857831115,False
1422,-0.0,99.29416253338421,0.15468569617530867,False
1423,-0.0,98.60740175505532,0.010400330418838836,False
1424,-0.0,99.28223960320489,0.010944721832638688,False
1425,-0.0,99.28223960320489,0.011520664032856122,False
1426,-0.0,99.28223960320489,0.01212363050447238,False
1427,-0.0,99.28223960320489,0.01274981249217181,False
1428,-0.0,99.28223960320489,0.013395961760219132,False
1429,-0.0,99.28223960320489,0.014059251044917377,False
1430,-0.0,99.28223960320489,0.01473715525555339,False
1431,-0.0,99.28223960320489,0.015423533159828914,False
1432,-0.0,99.28223960320489,0.01609603594942222,False
1433,-0.0,99.28223960320489,0.016749988578499502,False
1434,-0.0,99.28223960320489,0.0166964822115702,False
1435,-0.0,99.28223960320489,0.016759059593709675,False
1436,-0.0,99.28223960320489,0.016883411559583863,False
1437,-0.0,99.28223960320489,0.01707628729261019,False
1438,-0.0,99.28223960320489,0.01734180106754161,False
1439,-0.0,99.28223960320489,0.017681470027187885,False
1440,-0.0,99.28223960320489,0.01809439922851565,False
1441,-0.0,99.28223960320489,0.01857759155140695,False
1442,-0.0,99.28223960320489,0.019126339262723367,False
1443,-0.0,99.28223960320489,0.01973464646203006,False
1444,-0.0,99.28223960320489,0.02039563659986148,False
1445,-0.0,99.28223960320489,0.16472745287716115,False
1446,-0.0,99.28223960320489,0.16467884470052904,False
1447,-0.0,99.28223960320489,0.164625330871983,False
1448,-0.0,99.28223960320489,0.16458405721881073,False
1449,-0.0,99.28223960320489,0.23176120210516665,False
1450,-0.0,99.28223960320489,0.2804912544780776,False
1451,-0.0,99.28223960320489,0.3194180124994512,False
1452,-0.0,99.28223960320489,0.3518873285365663,False
1453,-0.0,99.28223960320489,0.37963077604250234,False
1454,-0.0,99.27490996398559,0.4039188893631322,False
1455,-0.0,99.26993182807136,0.42517226797257696,False
1456,-0.0,99.26735468795638,0.4438800516619259,False
1457,-0.0,99.2647779629448,0.4604118567423178,False
1458,-0.0,99.2622020431328,0.47505231221588795,False
1459,-0.0,99.25962732919254,0.4880275614528075,False
1460,-0.0,99.25705423253952,0.49952201395308093,False
1461,-0.0,99.25448317549869,0.5096894220685199,False
1462,-0.0,99.25191459146929,0.5186604831240405,False
1463,-0.0,99.24934892508809,0.5265482234266492,False
1464,-0.0,99.24678663239075,0.5334519156466381,False
1465,-0.0,98.54280981468061,0.5141190965996592,False
1466,-0.0,99.25209777453485,0.5195896443872755,False
1467,-0.0,99.24706250162832,0.5242670939513204,False
1468,-0.0,99.25769651508048,0.5282185916390566,False
1469,-0.0,99.97640025173065,0.5058360330511223,False
1470,-0.0,99.97640891218873,0.4835072903046491,False
1471,-0.0,99.97641880207514,0.4612429674957739,False
1472,-0.0,99.97642991829038,0.4390564787654472,False
1473,-0.0,99.97644225735525,0.4169647762218943,False
1474,-0.0,99.9790718359232,0.39478537149030996,False
1475,-0.0,99.97908496732026,0.3727406011889373,False
1476,-0.0,99.97894736842105,0.3505996378947386,False
1477,-0.0,99.97880906971817,0.32873514321703845,False
1478,-0.0,99.97867007945395,0.30721235820037973,False
1479,-0.0,99.97853040631206,0.28611702874025297,False
1480,-0.0,99.97839005942734,0.26549484833345105,False
1481,-0.0,99.97824904839587,0.245353643035646,False
1482,-0.0,99.97810738328499,0.2257010493937419,False
1483,-0.0,99.97796507464331,0.20654424355063153,False
1484,-0.0,99.97782213351076,0.18788951335067144,False
1485,-0.0,99.97767857142857,0.1697674319939488,False
1486,-0.0,99.97753440044931,0.15220357061939027,False
1487,-0.0,99.9773896331468,0.1352165736389824,False
1488,-0.0,99.977244282626,0.11882506150475172,False
1489,-0.0,99.97709836253293,0.10304654255404969,False
1490,-0.0,99.97695188706425,0.08789516360363538,False
1491,-0.0,99.97680487097709,0.07337689286215893,False
1492,-0.0,99.97665732959851,0.059478463856937155,False
1493,-0.0,99.97650927883485,0.04613888202193639,False
1494,-0.0,99.97636073518113,0.03315990869393365,False
1495,-0.0,99.97621171573,0.019787038238269494,False
1496,-0.0,99.97606223818073,0.01179354159153538,False
1497,-0.0,99.97591232084788,0.005458864543137861,False
1498,-0.0,99.97576198266982,0.0022508121450435883,False
1499,-0.0,99.97561124321687,0.0022801651233830865,False
1500,-0.0,99.97546012269939,0.002304415534472035,False
1501,-0.0,99.9753086419753,0.0023235759507867796,False
1502,-0.0,99.97515682255761,0.0023376661504253163,False
1503,-0.0,99.97500468662126,0.0023467123749904605,False
1504,-0.0,99.97485225700993,0.002350746743692016,False
1505,-0.0,99.97469955724225,0.002354161182450781,False
1506,-0.0,99.97454661151765,0.00235719010922559,False
1507,-0.0,99.97439344472185,0.0023598232875502345,False
1508,-0.0,99.97424008243173,0.0023620504344098875,False
1509,-0.0,99.97408655091992,0.002363861228589592,False
1510,-0.0,99.97393287715869,0.0023652453194258553,False
1511,-0.0,99.97377908882333,0.0023661923359525267,False
1512,-0.0,99.97362521429514,0.0023666918964613884,False
1513,-0.0,99.97347128266348,0.002366733618457502,False
1514,-0.0,99.97331732372757,0.002366307129030678,False
1515,-0.0,99.97316336799732,0.0023654020756259287,False
1516,-0.0,99.97300944669365,0.0023640081372296056,False
1517,-0.0,99.9728555917481,0.002362115035947913,False
1518,-0.0,99.97270183580154,0.0023597125489939665,False
1519,-0.0,99.97254821220233,0.00235679052107531,False
1520,-0.0,99.97239475500345,0.0023533388771678197,False
1521,-0.0,99.97224149895905,0.0023493476356810403,False
1522,-0.0,99.97208847951993,0.002344806922006203,False
1523,-0.0,99.97193573282817,0.002339706982428264,False
1524,-0.0,99.97178329571106,0.0023340381984157665,False
1525,-0.0,99.97163120567376,0.002327791101248463,False
1526,-0.0,99.97147950089126,0.0023209563869975585,False
1527,-0.0,99.97132822019927,0.002313524931836295,False
1528,-0.0,99.97117740308401,0.0023054878076606542,False
1529,-0.0,99.97102708967115,0.002296836298015984,False
1530,-0.0,99.97087732071351,0.0022875619143113346,False
1531,-0.0,99.97072813757775,0.002277656412295728,False
1532,-0.0,99.97057958223007,0.0022671118088020996,False
1533,-0.0,99.97043169722058,0.0022559203987078578,False
1534,-0.0,99.97028452566674,0.0022440747721243336,False
1535,-0.0,99.97013811123554,0.0022315678317762332,False
1536,-0.0,99.96999249812453,0.002218392810550463,False
1537,-0.0,99.96984773104177,0.0022045432892127534,False
1538,-0.0,99.96970385518443,0.002190013214245601,False
1539,-0.0,99.96956091621642,0.0021747969158094696,False
1540,0.12068101401352381,99.96941896024465,0.0021588891257896597,False
1541,0.208180945557171,99.96927803379417,0.002142284995922551,False
1542,0.2829047929798921,99.96913818378212,0.002124980115973567,False
1543,0.2829047929798921,99.96899945749051,0.0021069705319492634,False
1544,0.2829047929798921,99.96886190253775,0.0020882527643350745,False
1545,0.2829047929798921,99.9687255668491,0.17398229774184074,False
1546,0.2829047929798921,99.96859049862583,0.17398311303104697,False
1547,0.2829047929798921,99.96845674631338,0.17398480104797598,False
1548,0.2829047929798921,99.96832435856827,0.17398754766646884,False
1549,0.2829047929798921,99.96819338422392,0.1739915353926582,False
1550,0.2829047929798921,99.96806387225548,0.17399694340278407,False
1551,0.2829047929798921,99.96793587174349,0.1740039475808359,False
1552,0.2829047929798921,99.96780943183647,0.17401272055612488,False
1553,0.2829047929798921,99.96768460171272,0.17402343174088758,False
1554,0.2829047929798921,99.96756143054091,0.1740362473680133,False
1555,0.2829047929798921,99.96743996743997,0.174051330528984,False
1556,0.2829047929798921,99.9673202614379,0.17406884121211005,False
1557,0.2829047929798921,99.96720236142998,0.1740889363411389,False
1558,0.2829047929798921,99.96708631613593,0.17411176981430945,False
1559,0.2829047929798921,99.96697217405664,0.17413749254391853,False
1560,0.2829047929798921,99.96685998343,0.1741662524964614,False
1561,0.2829047929798921,99.9667497921862,0.1741981947334024,False
1562,0.2829047929798921,99.96664164790259,0.17423346145262683,False
1563,0.2829047929798921,99.96653559775788,0.17427219203061986,False
1564,0.2829047929798921,99.96643168848607,0.17431452306541265,False
1565,0.2829047929798921,99.19016448472642,0.011664257317904369,False
1566,0.2829047929798921,99.94545149378986,0.01237346784027105,False
1567,0.2829047929798921,99.94545149378986,0.013085997833561572,False
1568,0.2829047929798921,99.94545149378986,0.013800631894997778,False
1569,0.2829047929798921,99.94545149378986,0.014516407567920166,False
1570,0.2829047929798921,99.94545149378986,0.01523255738636126,False
1571,0.2829047929798921,99.94545149378986,0.015948465786980497,False
1572,0.2829047929798921,99.94545149378986,0.016663636760922838,False
1573,0.2829047929798921,99.94545149378986,0.01737766933055679,False
1574,0.3491843735073079,99.94545149378986,0.018090238779378313,False
1575,0.40907313904382653,99.94545149378986,0.01880108215138346,False
1576,0.4637773498877516,99.94545149378986,0.018632527976250673,False
1577,0.5140912790181235,99.94545149378986,0.01843814853053925,False
1578,0.560576942614533,99.94545149378986,0.018215640590893725,False
1579,0.603652249754401,99.94545149378986,0.01796248842252046,False
1580,0.6436394131461666,99.94545149378986,0.017675907803435413,False
1581,0.6807937753703206,99.94545149378986,0.017352774174897254,False
1582,0.7153220528038851,99.94545149378986,0.016989528598465056,False
1583,0.7473944462440387,99.94545149378986,0.016582051992081345,False
1584,0.7771529943226336,99.94545149378986,0.0161254928683614,False
1585,0.804717519321077,99.94545149378986,0.015614024890749903,False
1586,0.8301899714180443,99.94545149378986,0.015040800817298564,False
1587,0.8536576732793313,99.94545149378986,0.10921078156427262,False
1588,0.875195788740725,99.94545149378986,0.10912518959073744,False
1589,0.8948692308065574,99.94545149378986,0.10903140168322017,False
1590,0.9127341558073343,99.94545149378986,0.10892928962002842,False
1591,0.9288391461883214,99.94545149378986,0.10881873524875506,False
1592,0.9432261548473415,99.94545149378986,0.10869963046981099,False
1593,0.9559312637896478,99.94545149378986,0.10857250456174736,False
1594,0.9669852958320848,99.94545149378986,0.10844836350273805,False
1595,0.976414308115487,99.94545149378986,0.10831498093033524,False
1596,0.9842399889605549,99.94545149378986,0.10832670871864354,False
1597,0.9904799742690308,99.94545149378986,0.1083373222327551,False
1598,0.995148095654003,99.94545149378986,0.10834682018929052,False
1599,0.9982545693874831,99.94545149378986,0.10835521047356629,False
1600,0.999806132804711,99.94545149378986,0.10836251079600792,False
1601,0.999806132804711,99.94545149378986,0.16469102629044005,False
1602,0.999806132804711,99.94545149378986,0.16473848145036807,False
1603,0.999806132804711,99.94545149378986,0.16477625873021212,False
1604,0.999806132804711,99.94545149378986,0.16480538623780666,False
1605,0.9982545693874831,99.94545149378986,0.1648269230574306,False
1606,0.995148095654003,99.94502241393893,0.16510970794331445,False
1607,0.9904799742690308,99.46129374337221,0.1247647990907374,False
1608,0.9842399889605549,99.92342380668765,0.12484238062106347,False
1609,0.976414308115487,99.92320491488545,0.12490724541891403,False
1610,0.9669852958320848,99.92299135791906,0.12496034973183695,False
1611,0.9559312637896478,99.92278323538244,0.12500270321554685,False
1612,0.9432261548473415,99.92258064516129,0.12503537171189405,False
1613,0.9288391461883214,99.92197997486021,0.12505893541477847,False
1614,0.9127341558073343,99.91700882327247,0.12506496404870399,False
1615,0.8948692308065574,99.9163695585193,0.12506526858108452,False
1616,0.875195788740725,99.91572784529407,0.12506131451519564,False
1617,0.8536576732793313,99.91508379888268,0.12505466032731175,False
1618,0.8301899714180443,99.91443753940376,0.12510868305578016,False
1619,0.804717519321077,99.9137891918871,0.1251544522940554,False
1620,0.7771529943226336,99.91313888634909,0.12519253140671172,False
1621,0.7473944462440387,99.36305732484077,0.017366075113135024,False
1622,0.7153220528038851,99.88059153118398,0.01712364152744494,False
1623,0.6807937753703206,99.88033322594008,0.016922757195071834,False
1624,0.6436394131461666,99.88008486302002,0.14813251800807326,False
1625,0.603652249754401,99.8798465733167,0.1482785311473886,False
1626,0.560576942614533,99.8463758670453,0.1480967372019405,False
1627,0.5140912790181235,99.86400937866354,0.14811370135175225,False
1628,0.4637773498877516,99.86302016909924,0.14811514631696826,False
1629,0.40907313904382653,99.86202959227366,0.14810479164523946,False
1630,0.3491843735073079,99.86103790310987,0.1480863198353105,False
1631,0.2829047929798921,99.86004536460595,0.1480633737391704,False
1632,0.208180945557171,99.85905224787363,0.14813341875197691,False
1633,0.12068101401352381,99.8580588321668,0.1481907650069815,False
1634,-0.0,99.8570654048992,0.14823660213727538,False
1635,-0.0,99.85607226165071,0.15172536402458675,False
1636,-0.0,99.85507970616162,0.15196333327853281,False
1637,-0.0,99.85408805031446,0.1521889002082094,False
1638,-0.0,99.85309761410262,0.1523430659543023,False
1639,-0.0,99.8521087255852,0.1524834735059993,False
1640,-0.0,99.85112172082756,0.15261062315592072,False
1641,-0.0,99.8501369438272,0.15272501220289908,False
1642,-0.0,99.84915474642392,0.15282713478655655,False
1643,-0.0,99.84817548819433,0.15291748165901717,False
1644,-0.0,99.1980291435161,0.04178053215029441,False
1645,-0.0,99.80059820538385,0.04146065064135461,False
1646,-0.0,99.8003992015968,0.04122008735943434,False
1647,-0.0,99.80022080858,0.04104860844506277,False
1648,-0.0,99.80006313795643,0.040935492839667346,False
1649,-0.0,99.79992628863265,0.0408697035305065,False
1650,-0.0,99.7998103466442,0.04084004077314603,False
1651,-0.0,99.79971538502082,0.04083527044442229,False
1652,-0.0,99.79964146367183,0.04050246983463119,False
1653,-0.0,99.7995886292917,0.04022621290314456,False
1654,-0.0,99.79955691528642,0.04000515979415196,False
1655,-0.0,99.67103517801242,0.023991157198167173,False
1656,-0.0,99.77051979933825,0.022905604653846716,False
1657,-0.0,99.76920186785465,0.021833129646419005,False
1658,-0.0,99.76789377091654,0.020826370719357064,False
1659,-0.0,99.76659610269772,0.01988781409960513,False
1660,-0.0,99.76530946403231,0.019019753510965774,False
1661,-0.0,99.7640344619437,0.018224172829447275,False
1662,-0.0,99.76277170914709,0.01750260901845532,False
1663,-0.0,99.76152182352615,0.016856001893285653,False
1664,-0.0,99.7602854275839,0.016284541949806625,False
1665,-0.0,99.75906314786799,0.0157875318744864,False
1666,-0.0,99.75785561437098,0.015548825839199415,False
1667,-0.0,99.75666345990606,0.015414507123706145,False
1668,-0.0,99.75548731945867,0.015374748753693329,False
1669,-0.0,99.75432782951493,0.14511471558287914,False
1670,-0.0,99.7531856273677,0.1452989759700828,False
1671,-0.0,99.75206135040074,0.1454630520735198,False
1672,-0.0,99.75095563535271,0.1456079071093626,False
1673,-0.0,99.74986911756152,0.14573433417311413,False
1674,-0.0,99.74880243019044,0.14584296018774026,False
1675,-0.0,99.74775620343756,0.17018087284429542,False
1676,-0.0,99.74673106372953,0.17053069730433837,False
1677,-0.0,99.74572763290166,0.22637359729942444,False
1678,-0.0,99.74474652736555,0.2270539238113163,False
1679,-0.0,99.74378835726628,0.22764293955325912,False
1680,-0.0,99.74285372563091,0.22814839286401323,False
1681,-0.0,99.74194322751005,0.22857769211401377,False
1682,-0.0,99.74105744911478,0.2289379364732886,False
1683,-0.0,99.74019696695063,0.22923594250141216,False
1684,-0.0,99.73936234695114,0.2294782671179319,False
1685,0.12068101401352381,99.73855414361282,0.24809173018649622,False
1686,0.208180945557171,99.73777289913404,0.2487744085468098,False
1687,0.2829047929798921,99.73701914256009,0.24935854480678052,False
1688,0.3491843735073079,99.73629338893659,0.24985134412822252,False
1689,0.40907313904382653,99.10462406476144,0.20447372806232125,False
1690,0.4637773498877516,99.69336440574021,0.20475758273299777,False
1691,0.5140912790181235,99.69336440574021,0.20497494431969424,False
1692,0.560576942614533,99.69336440574021,0.2051332241364422,False
1693,0.603652249754401,99.69336440574021,0.2052400761568833,False
1694,0.6436394131461666,99.69336440574021,0.20530341367696678,False
1695,0.6807937753703206,99.323618028654,0.18566574086755103,False
1696,0.7153220528038851,99.64862532363458,0.1853428539310907,False
1697,0.7473944462440387,99.03217852299346,0.11034963952044788,False
1698,0.7771529943226336,99.59314511157687,0.10886767082911342,False
1699,0.804717519321077,99.59314511157687,0.15208665456713305,False
1700,0.8301899714180443,99.59314511157687,0.1518127699372578,False
1701,0.8536576732793313,99.59314511157687,0.15169878393207384,False
1702,0.875195788740725,99.59314511157687,0.22089950348078857,False
1703,0.8948692308065574,99.59314511157687,0.22301466082082513,False
1704,0.9127341558073343,99.59314511157687,0.22522950171797199,False
1705,0.9288391461883214,99.21522585429155,0.2072981304014165,False
1706,0.9432261548473415,99.53548866592345,0.2088312907759798,False
1707,0.9559312637896478,99.53447954813481,0.2104845417429574,False
1708,0.9669852958320848,99.53352407015798,0.21161217969504217,False
1709,0.976414308115487,99.53262292017199,0.264429007499762,False
1710,0.9842399889605549,99.53177675115495,0.2648849715177523,False
1711,0.9904799742690308,99.5309861797261,0.26543910381089003,False
1712,0.995148095654003,99.53025178504322,0.2660844322675426,False
1713,0.9982545693874831,99.52957410775889,0.26681371193641673,False
1714,0.999806132804711,99.52895364903907,0.2676194497024745,False
1715,0.999806132804711,99.52839086964724,0.26849392813685563,False
1716,0.9982545693874831,99.52788618909732,0.2692042109634456,False
1717,0.995148095654003,99.52743998487809,0.26993218136244923,False
1718,0.9904799742690308,99.5270525917518,0.2706689096149228,False
1719,0.9842399889605549,99.0471382596075,0.24919290714679249,False
1720,0.976414308115487,99.58328071726228,0.2496607370733864,False
1721,0.9669852958320848,99.58177555288005,0.2500961915551416,False
1722,0.9559312637896478,98.79816863792446,0.1922924087916658,False
1723,0.9432261548473415,99.63631723345881,0.19046145123356661,False
1724,0.9288391461883214,99.63622439211181,0.18852928034063138,False
1725,0.9127341558073343,99.63617795366056,0.18648857653642287,False
1726,1.0066347974846968,99.63617795366056,0.18482171908308692,False
1727,1.0066347974846968,99.63622439211181,0.18310540280144896,False
1728,1.0066347974846968,99.63631723345881,0.18207787621917473,False
1729,1.0066347974846968,98.8045275340201,0.09025130559177348,False
1730,1.0066347974846968,99.58177555288005,0.08917108966353154,False
1731,1.0066347974846968,99.58328071726228,0.08801527173758923,False
1732,1.0066347974846968,99.58482732591055,0.0867757647583732,False
1733,1.0992900881316885,99.5864143376363,0.09843939196845396,False
1734,1.1578438868973584,99.58804069658574,0.09822864319557513,False
1735,1.2026304573742814,99.58970533383066,0.09787522963316123,False
1736,1.2379014175060141,99.59140716894694,0.09799764293054464,False
1737,1.2656186232582192,99.59314511157687,0.10752184993507558,False
1738,1.2868828534726804,99.59491806297183,0.10640221928167087,False
1739,1.3023657530973365,99.59672491751192,0.10523570942061355,False
1740,1.3124852065079404,99.59856456419926,0.10349585991135302,False
1741,1.3124852065079404,99.60043588812205,0.10170211057153501,False
1742,1.3124852065079404,99.60233777188648,0.09986099477625401,False
1743,1.3124852065079404,99.60426909701403,0.0979787575363938,False
1744,1.3124852065079404,99.60622874530159,0.09606136912840763,False
1745,1.3124852065079404,99.60821560014247,0.09411453636746171,False
1746,1.3494226389811557,99.61022854780606,0.0921437118854266,False
1747,1.3831354475708932,99.61226647867466,0.09015410174345244,False
1748,1.4138727290239226,99.61432828843569,0.08815067168871323,False
1749,1.4418345122852587,99.61641287922818,0.08613815235496694,False
1750,1.4671838262060386,99.61851916074215,0.08482964073381269,False
1751,1.490055004663041,99.62064605127026,0.08346413774687432,False
1752,1.5105595778637126,99.62279247871064,0.08204413827762468,False
1753,1.528790554876997,99.35219911353563,0.06404805978496862,False
1754,1.544825598115902,99.66668549799446,0.06047783586928233,False
1755,1.558729412104443,99.66668549799446,0.05677572994542831,False
1756,1.5705555600433132,99.66668549799446,0.05291315654924117,False
1757,1.5803478529488353,99.35788157745198,0.02108797524313844,False
1758,1.588141411317359,99.62279247871064,0.01699844739160264,False
1759,1.593963469145764,99.62064605127026,0.011972464714502038,False
1760,1.5978339692679688,99.61851916074215,0.010823270574624266,False
1761,1.5997659840106544,99.61641287922818,0.009965142574634229,False
1762,1.5997659840106544,99.61432828843569,0.009393665390794283,False
1763,1.597833969267969,99.61226647867466,0.009083028398646996,False
1764,1.6137131032949714,99.61022854780606,0.009790886891890395,False
1765,1.6265436509095,99.60821560014247,0.010441277581593042,False
1766,1.6364264608707209,99.60622874530159,0.011011045392171327,False
1767,1.6434354627887173,99.60426909701403,0.011487424751153578,False
1768,1.647621227765673,99.60233777188648,0.01265476066008347,False
1769,1.6490132511009201,99.60043588812205,0.013686594431971467,False
1770,1.647621227765673,99.59856456419926,0.01459647227155864,False
1771,1.6434354627887173,99.59672491751192,0.015394736185019034,False
1772,1.6364264608707209,99.59491806297183,0.01608999483009477,False
1773,1.6265436509095,99.59314511157687,0.01668989922985512,False
1774,1.6137131032949714,99.59140716894694,0.01720158158726678,False
1775,1.593963469145764,99.58970533383066,0.017631916316527507,False
1776,1.5711846428660488,99.58804069658574,0.01798767979007039,False
1777,1.5451919362235267,99.5864143376363,0.018275647625373162,False
1778,1.5157502313616389,99.58482732591055,0.01850264975115885,False
1779,1.4825559328675273,99.58328071726228,0.018675593677673033,False
1780,1.4452083110981737,99.58177555288005,0.018801460902567176,False
1781,1.4031612388204877,99.5803128576879,0.0188872781921885,False
1782,1.3556351701443277,99.57889363874179,0.018940063651279083,False
1783,1.301437522722594,99.57751888362566,0.018966746612147253,False
1784,1.2385275726129883,99.57618955885187,0.018572017765159776,False
1785,1.1625853680826947,99.57490660827,0.018238257859284443,False
1786,1.0532169913190046,99.57367095148892,0.017966580800202157,False
1787,0.9432261548473415,99.57248348231636,0.017756184769050457,False
1788,0.9288391461883214,99.57134506722089,0.017044966756788,False
1789,0.9127341558073343,99.5702565438208,0.0163257954223292,False
1790,0.8948692308065574,99.56921871940474,0.015599665092158734,False
1791,0.875195788740725,99.56823236948843,0.014867701372711312,False
1792,0.8536576732793313,99.56729823641251,0.1553845618531868,False
1793,0.8301899714180443,99.5664170279858,0.15580983698280493,False
1794,0.8301899714180443,99.5655894161785,0.15618634750393837,False
1795,0.8301899714180443,99.56481603586971,0.15651799030396168,False
1796,0.8301899714180443,99.56409748365365,0.1568084276070294,False
1797,0.8301899714180443,99.56343431670857,0.15706110670067056,False
1798,0.8301899714180443,99.56282705173213,0.15727927776313597,False
1799,0.8301899714180443,99.56227616394747,0.15746601006764493,False
1800,0.8301899714180443,99.56178208618286,0.15762420679601447,False
1801,0.8301899714180443,99.56134520802871,0.15775661865815382,False
1802,0.804717519321077,99.56096587507484,0.1578658564840499,False
1803,0.7771529943226336,99.5606443882306,0.15795440292994084,False
1804,0.7473944462440387,99.56038100313062,0.1580246234194603,False
1805,0.7153220528038851,99.56017592962814,0.1580787764228497,False
1806,0.6807937753703206,99.5600293313779,0.15811902316231538,False
1807,0.6807937753703206,99.55994132551007,0.15814743681874976,False
1808,0.6807937753703206,99.55991198239649,0.15816601130396915,False
1809,0.7967286463062392,99.55994132551007,0.15817666965302116,False
1810,0.8793939303559065,99.5600293313779,0.1581812720827365,False
1811,0.9491912500871044,99.56017592962814,0.15818162375532485,False
1812,1.01044884930661,98.87378381980541,0.03280361418134442,False
1813,1.0652163930664527,99.4868719178995,0.030371958903972592,False
1814,1.114696123966521,99.4868719178995,0.16302487968946816,False
1815,1.114696123966521,99.4868719178995,0.16280702048846887,False
1816,1.114696123966521,99.4868719178995,0.16258809266473148,False
1817,1.1596780472087271,99.4868719178995,0.16237171596130126,False
1818,1.200719639829801,99.4868719178995,0.1621619209485111,False
1819,1.2382339767869435,99.4868719178995,0.16196314100380607,False
1820,1.2725381154419293,99.4868719178995,0.16178020242783542,False
1821,1.3038818925522595,99.4868719178995,0.16161831231595408,False
1822,1.3324661355215683,99.4868719178995,0.16148304379074918,False
1823,1.3584547364298434,99.4868719178995,0.16142636730917384,False
1824,1.3819829643540342,99.4868719178995,0.16151335848340037,False
1825,1.3525074295964727,99.4868719178995,0.16170971155178412,False
1826,1.320023576372009,99.4868719178995,0.16202666420983441,False
1827,1.2842839696213428,99.4868719178995,0.16247303666967047,False
1828,1.2449737775841294,99.4868719178995,0.2516641892171239,False
1829,1.201681991620676,99.4868719178995,0.2525327124938873,False
1830,1.1538530565800795,99.4868719178995,0.2532689319665744,False
1831,1.100698757874416,99.4868719178995,0.25388337079959417,False
1832,1.041018523939755,99.4868719178995,0.2543864942447871,False
1833,0.9727642516015449,99.4868719178995,0.2553003393009971,False
1834,0.8916091590804429,98.76773462998734,0.2843132083979261,False
1835,0.7771529943226336,99.42750632405804,0.34708704445001115,False
1836,0.7771529943226336,99.42792523115811,0.39793000828984587,False
1837,0.7771529943226336,99.42841951349196,0.44163991944212705,False
1838,0.7771529943226336,99.42898877896555,0.48012270304874544,False
1839,0.7771529943226336,99.42963257726488,0.6037430542267976,False
1840,0.7771529943226336,99.43035040074187,0.630966280873439,False
1841,0.7771529943226336,99.43114168540812,0.6547324946860666,False
1842,0.7771529943226336,99.43200581203355,0.6754980699238362,False
1843,0.7771529943226336,99.42849548112706,0.6936135099149482,False
1844,0.7771529943226336,99.41164672059905,0.7331582456442141,False
1845,0.7771529943226336,99.40139897767017,0.7438427739367912,False
1846,0.7771529943226336,99.39111020905216,0.7530936230440997,False
1847,0.7771529943226336,99.38078388677191,0.7610396412859527,False
1848,0.7771529943226336,98.57395083525736,0.7434819735594611,False
1849,0.8916091590804429,99.30884943759317,0.7492089749396099,False
1850,0.9727642516015449,99.31043807463494,0.7539981405775505,False
1851,1.041018523939755,99.31211222012409,0.7579432940046039,False
1852,1.100698757874416,99.31387057715592,0.7611333312485655,False
1853,1.1538530565800795,99.28320259670002,0.7634824266539172,False
1854,1.201681991620676,98.4624721828849,0.7379531533414512,False
1855,1.2449737775841294,98.44787854141249,0.712185843873608,False
1856,1.2842839696213428,98.4333492268919,0.6862508206748771,False
1857,1.320023576372009,98.41204654346338,0.6597818553068615,False
1858,1.3525074295964727,98.39075716938312,0.6460438410615951,False
1859,1.3819829643540342,97.55963805867836,0.5336235113693112,False
1860,1.408648411160687,98.31249572999931,0.5020082018704237,False
1861,1.4326648482653093,98.3115468409586,0.47110239136369075,False
1862,1.4541644890966259,98.31083372905502,0.4410417535447887,False
1863,1.473256553252489,98.3103541497702,0.4556451434898435,False
1864,1.4900315255825651,97.91287955295226,0.38909735139040186,False
1865,1.5045643034921028,98.38385193133047,0.3901289232445952,False
1866,1.5169165540634162,98.38385193133047,0.3728712254390835,False
1867,1.527138493598173,98.38385193133047,0.3570799976091565,False
1868,1.5352702332191592,98.38385193133047,0.34280867142773247,False
1869,1.541342789057496,98.38385193133047,0.3300970148071718,False
1870,1.530333327439556,98.38385193133047,0.31937753321196866,False
1871,1.5164273757656148,98.38385193133047,0.31023966775264084,False
1872,1.4995196245467155,98.38385193133047,0.30263573900398355,False
1873,1.4794731020725562,98.38385193133047,0.2964892452744201,False
1874,1.4561112661478437,98.38385193133047,0.2916886068586697,False
1875,1.4292062682172793,98.38385193133047,0.2882518580120075,False
1876,1.4274202463828694,98.38385193133047,0.28580099385490026,False
1877,1.4524690941546654,98.38385193133047,0.2841722223437942,False
1878,1.4524690941546654,97.90614690634888,0.25161637646337814,False
1879,1.4524690941546654,98.3103541497702,0.2489793121066761,False
1880,1.4524690941546654,98.31083372905502,0.2472656566487591,False
1881,1.4524690941546654,98.3115468409586,0.2462984945052476,False
1882,1.4524690941546654,98.31249572999931,0.2458853615911306,False
1883,1.4524690941546654,97.47215959554553,0.15018918668011796,False
1884,1.4524690941546654,98.21001571360252,0.1494424833761725,False
1885,1.4524690941546654,97.69673704414588,0.14981690976518347,False
1886,1.4738989153366922,98.12255003094698,0.1510260766920763,False
1887,1.4919310878474152,98.12362030905078,0.15804916258982193,False
1888,1.5067348178150048,98.12495675638276,0.16520483427204638,False
1889,1.5184387137728148,98.12656119900083,0.17135441858806305,False
1890,1.527138493598173,98.12843526055799,0.17670358010372575,False
1891,1.532902144485799,98.13058035714286,0.1820468290553728,False
1892,1.5357733028273342,98.13299769246906,0.199398961685617,False
1893,1.535773302827334,98.13568825343425,0.21175969427526256,False
1894,1.532902144485799,98.13865280606869,0.22141393478527535,False
1895,1.527138493598173,98.14189189189189,0.23019788487650225,False
1896,1.5184387137728148,98.14540582469502,0.23747691091748646,False
1897,1.5067348178150048,98.1491946877649,0.24421672337732428,False
1898,1.4919310878474152,98.15325833156443,0.2504585231825454,False
1899,1.4738989153366922,98.1575963718821,0.25623446887174656,False
1900,1.4524690941546656,98.16220818846236,0.3327369516828056,False
1901,1.4274202463828696,98.16709292412617,0.3360674672472402,False
1902,1.3984610270106805,98.17224948438944,0.33888799655528273,False
1903,1.3652016755898781,98.17767653758543,0.34124056204563835,False
1904,1.3271059259290725,98.18337251549477,0.3431599749089278,False
1905,1.2834031297544843,97.56914741944682,0.3348477974107914,False
1906,1.2329087607099036,98.27401754511091,0.33717537579167434,False
1907,1.173589412323443,98.3557760453579,0.3365636935867572,False
1908,1.1011317995692318,98.3557760453579,0.33550124874908155,False
1909,0.995148095654003,98.3557760453579,0.3345752706979856,False
1910,0.9904799742690308,98.3557760453579,0.33335408037767605,False
1911,0.9842399889605549,98.3557760453579,0.3318677952904346,False
1912,0.976414308115487,97.76045357902197,0.3230222780380931,False
1913,0.9669852958320848,98.4479092841956,0.31622608800666896,False
1914,0.9559312637896478,98.4495575221239,0.31060963992368257,False
1915,0.9432261548473415,98.4514212982605,0.30497213595523687,False
1916,0.9288391461883214,98.45349904667749,0.29974472700186494,False
1917,0.9127341558073343,98.45578902834579,0.29471714184498404,False
1918,0.8948692308065574,98.4582893347413,0.2899307754108337,False
1919,0.875195788740725,98.46099789177794,0.2853831494800386,False
1920,0.8536576732793313,97.27833894500561,0.19158743008669263,False
1921,0.8301899714180443,98.41080929711565,0.18653639726786145,False
1922,0.804717519321077,98.40403191936161,0.18219341859128005,False
1923,0.7771529943226336,98.39748075577327,0.1889278754405432,False
1924,0.7473944462440387,98.3911583659765,0.18706144552173254,False
1925,0.7153220528038851,97.76286353467562,0.15634735737789004,False
1926,0.6807937753703206,98.45605700712589,0.14923694953357722,False
1927,0.6436394131461666,98.45285385741167,0.14271530030923327,False
1928,0.603652249754401,98.44988182955652,0.13678360533545242,False
1929,0.560576942614533,98.4471403812825,0.1314406904746676,False
1930,0.5140912790181235,98.44462878473662,0.1266824645750516,False
1931,0.4637773498877516,98.44234612998828,0.12135136389335137,False
1932,0.4637773498877516,98.44029132884431,0.11649458953985299,False
1933,0.4637773498877516,98.43846311896445,0.11209364596936829,False
1934,0.4637773498877516,98.43686006825939,0.1516900762071956,False
1935,0.4637773498877516,98.4354805795524,0.1510230406926123,False
1936,0.4637773498877516,98.43432289548598,0.15070663139869295,False
1937,0.4637773498877516,98.43338510365318,0.15058203915180965,False
1938,0.5140912790181235,98.43266514193462,0.1505507771039822,False
1939,0.560576942614533,98.4321608040201,0.15060273511261443,False
1940,0.603652249754401,98.43186974509543,0.15072862131003767,False
1941,0.6436394131461666,98.4317894876736,0.15091992252279465,False
1942,0.6807937753703206,98.43191742755062,0.15116886043177938,False
1943,0.7153220528038851,98.0897174099203,0.1382644946583309,False
1944,0.7473944462440387,98.47868852459017,0.13726115106944067,False
1945,0.7771529943226336,98.47513089005236,0.1364309749012852,False
1946,0.804717519321077,98.4717868338558,0.1357543311352341,False
1947,0.8301899714180443,98.46865632738172,0.1352123992619903,False
1948,0.8536576732793313,98.46573917565986,0.13478723238899454,False
1949,0.875195788740725,98.46303501945525,0.1344617784241677,False
1950,0.8948692308065574,98.46054333764553,0.13421986639955094,False
1951,0.9127341558073343,98.45826344987744,0.13508818952202772,False
1952,0.9288391461883214,98.45619451949054,0.13601160232890006,False
1953,0.9432261548473415,98.45433555669574,0.13698312891335496,False
1954,0.9432261548473415,97.93478260869566,0.08737437190850872,False
1955,0.9432261548473415,98.50860420650096,0.08539255829114056,False
1956,0.9432261548473415,98.51001775297996,0.0848082359302119,False
1957,0.9432261548473415,98.51160443995964,0.08427781831838731,False
1958,0.9432261548473415,98.51336093338351,0.0837954424462447,False
1959,0.9432261548473415,98.51528384279476,0.08335487231735758,False
1960,0.9432261548473415,98.51736972704714,0.08294956629907772,False
1961,0.9432261548473415,98.51961509992599,0.08257274384643994,False
1962,0.9432261548473415,98.52201643566785,0.08221744996415678,False
1963,1.0532169913190044,98.52457017436898,0.08187661601220257,False
1964,1.129798482836793,98.52727272727273,0.08154311573273426,False
1965,1.1933654824135869,98.53012048192771,0.08044845679075419,False
1966,1.2482389571842902,98.53310980720872,0.07941250780911421,False
1967,1.296460736137167,98.5362370581935,0.0784370192694397,False
1968,1.296460736137167,98.53949858088932,0.07645805479736756,False
1969,1.296460736137167,98.54289071680375,0.07717395613790223,False
1970,1.296460736137167,98.54640980735552,0.07580185978190039,False
1971,1.296460736137167,98.55005219812087,0.11798970600695419,False
1972,1.296460736137167,98.55381424291312,0.1164985602003568,False
1973,1.3392246071829446,98.5576923076923,0.11497909969326817,False
1974,1.3392246071829446,98.56168277430358,0.20882514268308694,False
1975,1.3773114348674147,98.56578204404292,0.2097512296764862,False
1976,1.411268792775777,98.5699865410498,0.20906729369830102,False
1977,1.4414990016406422,98.57429271552684,0.2105886447355395,False
1978,1.4683074126842999,98.57869704678686,0.21042705358886968,False
1979,1.4683074126842999,98.5831960461285,0.21028595201272754,False
1980,1.4683074126842999,98.58778625954199,0.2098556152364943,False
1981,1.4683074126842999,98.59246427024686,0.23296554911111755,False
1982,1.4683074126842999,98.59722670106417,0.23229413598811294,False
1983,1.4683074126842999,98.60207021662576,0.23161990281163422,False
1984,1.4683074126842999,98.60699152542372,0.28979659779591455,False
1985,1.4683074126842999,98.61198738170347,0.29053438213155636,False
1986,1.4683074126842999,98.61705458720384,0.2913330261775126,False
1987,1.4683074126842999,98.62218999274837,0.2921959176954553,False
1988,1.4683074126842999,98.52457330865721,0.29340615931441477,False
1989,1.4683074126842999,98.65816326530613,0.29399700778664656,False
1990,1.4683074126842999,98.62111545585512,0.2952258122882739,False
1991,1.4683074126842999,98.15532475585181,0.28205690111818865,False
1992,1.4683074126842999,98.5730593607306,0.2837970541726413,False
1993,1.4608248015713592,98.57239618610951,0.2856418763000566,False
1994,1.4514270347987221,97.77673153379368,0.2281637735982455,False
1995,1.4400831784759722,98.65028097263799,0.22930955590566307,False
1996,1.4267547652077353,98.54534037988593,0.23203626948366782,False
1997,1.4113949465359856,98.67591096283168,0.23288776146170495,False
1998,1.4113949465359856,98.61242510249133,0.23538263130379392,False
1999,1.4113949465359856,98.61692544115309,0.23785555352669857,False
2000,1.4113949465359856,98.60027780745806,0.24073288534066356,False
2001,1.4113949465359856,98.0911528150134,0.22131208389177565,False
2002,1.4113949465359856,98.5471373224279,0.22437831134603345,False
2003,1.3939473942522724,98.5475161987041,0.22747000161180592,False
2004,1.374344879613302,97.75165240004334,0.1500678261624321,False
2005,1.374344879613302,98.61941515382107,0.1514450054701271,False
2006,1.374344879613302,98.62531796287276,0.15021903673855563,False
2007,1.374344879613302,98.63131802996013,0.14897678250002075,False
2008,1.374344879613302,98.63741215600021,0.14742016081288117,False
2009,1.374344879613302,98.64359713766954,0.14537535563472587,False
2010,1.374344879613302,98.6498697709031,0.14272578149545762,False
2011,1.374344879613302,98.65622685430114,0.1395559559611682,False
2012,1.374344879613302,98.66266519243932,0.1359379358328733,False
2013,1.374344879613302,98.66918159907786,0.13210139934097848,False
2014,1.374344879613302,98.67577290026588,0.12815885209588268,False
2015,1.3939473942522724,98.6824359373379,0.1250359780893165,False
2016,1.4113949465359856,98.68916756979925,0.12217366583713034,False
2017,1.4267547652077353,98.69596467809836,0.11964604862035057,False
2018,1.4400831784759722,98.70282416628365,0.11751671899114816,False
2019,1.4514270347987221,98.70974296454332,0.11608771748057842,False
2020,1.4608248015713592,98.71671803162734,0.11508958362018522,False
2021,1.4683074126842999,98.72374635715003,0.11464202862111403,False
2022,1.4738989153366922,98.73082496377354,0.11592532275699464,False
2023,1.4776169519137876,98.73795090927159,0.11787768364380498,False
2024,1.4552013979602214,98.7451212884739,0.12045618150318695,False
2025,1.429206268217279,98.75233323509185,0.12527901095510874,False
2026,1.3993371806574677,98.68918454514213,0.13336210501142076,False
2027,1.3652016755898781,98.69983318614464,0.14136356852468068,False
2028,1.3262610770456722,98.69588664999755,0.14953514178946592,False
2029,1.3237243701143493,98.6871754678162,0.15794352876007434,False
2030,1.3194892909924263,98.67067106494018,0.16605013380909364,False
2031,1.3135448704851067,98.65413161801088,0.19199788947398466,False
2032,1.305875511291131,98.63756153348913,0.2021876704125744,False
2033,1.296460736137167,98.62096532427302,0.21186878239733511,False
2034,1.2482389571842902,98.60434760781163,0.2205227794996374,False
2035,1.2363772403452271,98.58771310400485,0.22838366477338584,False
2036,1.180846716107336,98.57106663288573,0.2780986655882387,False
2037,1.1166404295430465,98.55441311208388,0.280390053987243,False
2038,1.0394364783172854,98.53775755406718,0.2823529610613931,False
2039,0.9288391461883214,98.52110506316114,0.295024555785315,False
2040,0.9288391461883214,98.5044608323449,0.29828456370051915,False
2041,0.9288391461883214,98.48783013982393,0.3011945576285017,False
2042,0.9288391461883214,98.47121834537985,0.3037644032515474,False
2043,0.9288391461883214,98.4546308864989,0.30600672524040645,False
2044,0.9288391461883214,98.43807327428063,0.30793666222958926,False
2045,0.9288391461883214,98.42155108912975,0.3095716558756548,False
2046,0.9288391461883214,98.40506997623449,0.3508458195361216,False
2047,0.9288391461883214,98.38863564083536,0.35209594516553355,False
2048,0.9288391461883214,98.37225384328954,0.35249517283389226,False
2049,0.9288391461883214,98.35593039393616,0.35212540059310066,False
2050,0.9288391461883214,98.34701873020984,0.3513122681815132,False
2051,0.9288391461883214,98.13688008184805,0.340463047646744,False
2052,0.9288391461883214,98.26589595375722,0.33677577405020886,False
2053,0.9288391461883214,98.24960710995502,0.3326019119731048,False
2054,0.9288391461883214,98.24045323309909,0.32831056362236366,False
2055,0.9288391461883214,98.22044570990528,0.3234979689546568,False
2056,0.9288391461883214,97.76567057399153,0.28200765480430623,False
2057,0.9288391461883214,98.25230905370279,0.27925430804213275,False
2058,0.9288391461883214,98.23719736695303,0.2762314223964695,False
2059,0.9432261548473415,98.0121293800539,0.26099741767695805,False
2060,0.9559312637896478,98.14605471399503,0.255032509144282,False
2061,0.9669852958320848,98.1283422459893,0.24878713386460058,False
2062,0.976414308115487,98.11061490896599,0.24231985921782773,False
2063,0.9842399889605549,98.09287854344319,0.23560413024995958,False
2064,0.9842399889605549,98.07513914656772,0.2286498065131475,False
2065,0.9842399889605549,98.0574028701435,0.2214646377050139,False
2066,0.9904799742690308,97.52399906345119,0.13930114202767122,False
2067,0.995148095654003,97.99741602067184,0.12642281898571714,False
2068,0.9982545693874831,97.99693649110404,0.1141686424293311,False
2069,0.999806132804711,97.996690698499,0.10262991264742433,False
2070,0.999806132804711,97.99668089141774,0.09178087241705711,False
2071,0.9982545693874831,97.99690917736567,0.0817973414384644,False
2072,0.995148095654003,97.99737751817857,0.07282529984495756,False
2073,0.9904799742690308,97.99808772558862,0.0650501581786738,False
2074,0.9842399889605549,97.99904145698538,0.05869187989754073,False
2075,0.976414308115487,98.00024021138601,0.053976485405878905,False
2076,0.9669852958320848,98.00168532562898,0.05107267073745185,False
2077,0.9559312637896478,98.00337797080468,0.04870861624962967,False
2078,0.9432261548473415,98.00531914893617,0.04787730379316501,False
2079,0.9288391461883214,98.00750968992249,0.04842116674948598,False
2080,0.9127341558073343,98.00995024875621,0.05008207274025896,False
2081,0.8948692308065574,98.01264130302663,0.052574080007597286,False
2082,0.875195788740725,98.01558315071829,0.05545236811423559,False
2083,0.8536576732793313,98.01877590831505,0.05870930872085531,False
2084,0.8301899714180443,98.02221950921744,0.06218460036589804,False
2085,0.804717519321077,98.02591370248136,0.06575746029107518,False
2086,0.7771529943226336,98.02985805188449,0.06933816293627225,False
2087,0.7473944462440387,98.03405193532582,0.08112221327677065,False
2088,0.7153220528038851,98.03849454456295,0.08101637320851635,False
2089,0.6807937753703206,98.04318488529015,0.08087071900612927,False
2090,0.6436394131461666,98.04812177755954,0.08090592850989202,False
2091,0.603652249754401,98.05330385654631,0.160519174931754,False
2092,0.560576942614533,98.0587295736577,0.1601936080995854,False
2093,0.5140912790181235,98.06439719798452,0.15964673906988835,False
2094,0.4637773498877516,98.07030481809242,0.15904478205073125,False
2095,0.40907313904382653,98.07645034414946,0.1585405901026775,False
2096,0.3491843735073079,98.08283151038466,0.15827333780377775,False
2097,0.2829047929798921,98.08944587787198,0.15877154750026232,False
2098,0.208180945557171,98.09629083763203,0.15977604485806726,False
2099,0.12068101401352381,98.1033636140437,0.1613537923745476,False
2100,-0.0,98.110661268556,0.16354689708873507,False
2101,-0.0,98.11818070369009,0.16637284980007014,False
2102,-0.0,98.12591866731994,0.16982605729276504,False
2103,-0.0,98.13387175721978,0.17388052589744743,False
2104,-0.0,98.1420364258648,0.17849335543272216,False
2105,-0.0,98.15040898547186,0.18360861010190951,False
2106,-0.0,98.15898561326506,0.18916115108218795,False
2107,-0.0,97.87650694571936,0.1918530586847499,False
2108,-0.0,98.05282555282555,0.19957713603872582,False
2109,-0.0,98.0395783243943,0.2074533203565218,False
2110,0.12068101401352381,98.02647859440732,0.2153682140905042,False
2111,0.24096783080307266,97.44242348997454,0.175042644294724,False
2112,0.32806688317929317,98.06925759840558,0.1852423226794997,False
2113,0.4023829390456117,98.04707060590886,0.28214921533551324,False
2114,0.46824757305098735,98.02490879355894,0.28500533175328985,False
2115,0.5277139815252946,98.00278093793452,0.28757207876693264,False
2116,0.5819881552488825,97.98069596139192,0.28975763196903426,False
2117,0.6318640827062832,97.95866292421536,0.2914841304689353,False
2118,0.7164037343212466,97.93669101627579,0.29295815794609126,False
2119,0.7881133310528374,97.9147895482044,0.29395405398557445,False
2120,0.8513226827573213,97.89296794208893,0.29443897427181326,False
2121,0.8959704136014894,97.87123572170302,0.29438717775334394,False
2122,0.9371713531760616,97.84960250228073,0.3370480450363836,False
2123,0.9752462395674342,97.82807797985085,0.33519869926164364,False
2124,1.01044884930661,97.8066719201471,0.33273682188816156,False
2125,1.0429842335712594,97.78539414711311,0.3296934249093773,False
2126,1.0730208202534555,97.76425453102262,0.32609935095521275,False
2127,1.1006987578744163,97.74326297623789,0.34205766833469475,False
2128,1.1261358508278747,97.72242940863079,0.3377895409006085,False
2129,1.1494318918359776,97.70176376269374,0.3331534842327042,False
2130,1.1706718933538656,97.68127596836885,0.32816670811862136,False
2131,1.1899285414712581,97.66097593762602,0.3228504470561436,False
2132,1.2072640872959293,97.64087355082232,0.33807803275134257,False
2133,1.222731822382257,96.94512030278453,0.2634793578217968,False
2134,1.2363772403452271,97.67583683425939,0.30237465746791814,False
2135,1.2482389571842902,97.66447145087922,0.4140688775201702,False
2136,1.2583494426149708,97.65338049245001,0.49693914468434713,False
2137,1.2667356005770385,97.64257000749473,0.5638966647964915,False
2138,1.2734192269994746,97.63204585778627,0.579925479633735,False
2139,1.278417365535648,97.62181370874052,0.6398374355263902,False
2140,1.2817425764699486,97.6118790201177,0.6904361288295306,False
2141,1.2834031297544843,97.60224703706241,0.7337905260015603,False
2142,1.2834031297544843,97.01001234398574,0.7180007311921572,False
2143,1.2817425764699486,97.62509437847484,0.7513850733003996,False
2144,1.278417365535648,97.62509437847484,0.7795852778303818,False
2145,1.2734192269994746,97.62509437847484,0.8047158209458981,False
2146,1.3135448704851067,97.62509437847484,0.8271136360151683,False
2147,1.347922583568817,97.15834992106528,0.8391506264398482,False
2148,1.3773114348674147,97.70059715834992,0.8570077533932031,False
2149,1.4022346182456082,97.69199065805742,0.8727969641203595,False
2150,1.4230670603378361,97.68368960065983,0.8867036347722136,False
2151,1.4400831784759722,97.67569797826984,0.8988911453521821,False
2152,1.4534849141043304,97.09706266767559,0.901963911937191,False
2153,1.4634190046135478,97.68817944131003,0.9104311758851447,False
2154,1.4699878894344567,98.2798954176414,0.9049110228190173,False
2155,1.473256553252489,98.88529553430125,0.8654067268267038,False
2156,1.473256553252489,98.88529553430125,0.8257050347117343,False
2157,1.469987889434457,98.88529553430125,0.7806569333812894,False
2158,1.4634190046135478,98.34858597674258,0.7730021365213855,False
2159,1.4534849141043307,98.96098534370054,0.7275837087866098,False
2160,1.4400831784759722,98.95417641392596,0.6823817471356054,False
2161,1.4230670603378361,98.94751324207195,0.6374178537079553,False
2162,1.402234618245608,98.20079659387447,0.6445313289899224,False
2163,1.3773114348674147,98.88271985742684,0.6076714300668299,False
2164,1.347922583568817,98.88493637980572,0.5727483748880388,False
2165,1.3135448704851065,98.88729606116459,0.5391337068227413,False
2166,1.2734192269994744,98.88979703037734,0.5064652370610153,False
2167,1.2263714330738393,98.89243731738806,0.47481484392137735,False
2168,1.170377295621679,98.89521485698793,0.4442638897353162,False
2169,1.1011317995692318,98.89812749273305,0.4144706417427686,False
2170,1.1011317995692318,98.90117298098961,0.3859855919901571,False
2171,1.1011317995692318,98.9043489950931,0.35892645801634426,False
2172,1.1034990673875955,98.9076531296073,0.3334266213944831,False
2173,1.1042875713905729,98.91108290466966,0.3107677803429146,False
2174,1.175193620727556,98.91463577040884,0.2898628846095205,False
2175,1.2329087607099036,98.9183091114208,0.2708411189691932,False
2176,1.2817425764699486,98.9221002512895,0.2538308324735977,False
2177,1.3237243701143493,98.49113790604204,0.255381333293531,False
2178,1.3600340979407453,98.9628462649337,0.24107706184478037,False
2179,1.3600340979407453,98.9628462649337,0.2291937456665884,False
2180,1.3600340979407453,98.9628462649337,0.2197512568480111,False
2181,1.3600340979407453,98.9628462649337,0.21267995386838645,False
2182,1.3548527368476762,98.19482735985297,0.17635210096688195,False
2183,1.347922583568817,99.03505317053958,0.16771946097014537,False
2184,1.3392246071829446,98.60066697181718,0.16185517098985858,False
2185,1.3287344279695676,99.06213364595546,0.15441002438316598,False
2186,1.3287344279695676,99.06213364595546,0.1469127335488128,False
2187,1.3287344279695676,99.06213364595546,0.13935417192617888,False
2188,1.3287344279695676,99.06213364595546,0.1313605777730248,False
2189,1.3287344279695676,99.06213364595546,0.12473373388143215,False
2190,1.3287344279695676,99.06213364595546,0.11793209968859084,False
2191,1.3287344279695676,99.06213364595546,0.11094231038358195,False
2192,1.3287344279695676,99.06213364595546,0.10374481662979777,False
2193,1.3287344279695676,99.06213364595546,0.09802466899299746,False
2194,1.3287344279695676,99.06213364595546,0.09242753428730843,False
2195,1.3287344279695676,99.06213364595546,0.08689078344956626,False
2196,1.3287344279695676,99.06213364595546,0.08147142346991383,False
2197,1.3287344279695676,99.06213364595546,0.07616513961665579,False
2198,1.3287344279695676,99.06213364595546,0.07096637971323734,False
2199,1.3287344279695676,99.06213364595546,0.18949026666495883,False
2200,1.3287344279695676,99.06213364595546,0.18877005638500213,False
2201,1.3287344279695676,99.06213364595546,0.18824131917109227,False
2202,1.3287344279695676,99.06213364595546,0.18789499852760813,False
2203,1.3287344279695676,99.06213364595546,0.18772158386374108,False
2204,1.3287344279695676,99.06213364595546,0.1877112062590111,False
2205,1.3287344279695676,99.06213364595546,0.18785373408740183,False
2206,1.3287344279695676,99.06213364595546,0.18813886617561298,False
2207,1.3392246071829446,99.06213364595546,0.18855622048614484,False
2208,1.347922583568817,99.06213364595546,0.18934699795277488,False
2209,1.3548527368476762,99.06213364595546,0.1902147884366914,False
2210,1.3600340979407453,99.06213364595546,0.19115407502723042,False
2211,1.363480673059691,99.06213364595546,0.19215917617826014,False
2212,1.3652016755898781,99.06213364595546,0.19322427211683876,False
2213,1.3652016755898781,99.06213364595546,0.19453490439190288,False
2214,1.363480673059691,99.06213364595546,0.19586077146493905,False
2215,1.3600340979407453,99.06213364595546,0.1972254986151627,False
2216,1.3548527368476762,99.06213364595546,0.1985959206856988,False
2217,1.347922583568817,99.06213364595546,0.1999692065242338,False
2218,1.3392246071829446,99.06213364595546,0.20134246140105325,False
2219,1.3287344279695676,98.26755242933437,0.09759349002130455,False
2220,1.316421886822755,99.12075029308323,0.09857665218870491,False
2221,1.3022504881911108,99.12434325744309,0.09947953221191233,False
2222,1.2861766890619075,99.12801963570598,0.10550806221589452,False
2223,1.2681489963097885,99.13177696314875,0.10539806003651536,False
2224,1.2481068205144499,99.13561275451403,0.10504637279555752,False
2225,1.2259790140555225,99.1395245076168,0.10446085602323323,False
2226,1.201681991620676,99.14350970688999,0.10364826360545275,False
2227,1.201681991620676,99.14756582686115,0.20848989880983015,False
2228,1.201681991620676,99.1516903355536,0.20769754547924413,False
2229,1.201681991620676,99.15588069780529,0.20690460697948868,False
2230,1.201681991620676,99.16013437849944,0.2058276164181658,False
2231,1.1787269834988532,99.16444884570156,0.20475177776767417,False
2232,1.1787269834988532,99.16882157369783,0.20368259877772155,False
2233,1.1787269834988532,99.17325004593056,0.20262577127616144,False
2234,1.1787269834988532,99.17773175782678,0.20158716892019793,False
2235,1.1494318918359776,99.18226421951663,0.20057284207467027,False
2236,1.1126817966979572,99.18684495843874,0.19958900951491532,False
2237,1.066503202885787,99.19147152183027,0.19864204665824547,False
2238,1.0066347974846968,99.19614147909968,0.19773847004544765,False
2239,0.9127341558073343,99.20085242408098,0.196884917823965,False
2240,0.9127341558073343,99.20560197716841,0.1960881260294598,False
2241,0.9127341558073343,99.21038778733111,0.19535490052390334,False
2242,0.9127341558073343,98.92963677838218,0.1919185735837423,False
2243,0.9127341558073343,99.1928408492718,0.19176867688657254,False
2244,0.9127341558073343,99.1928408492718,0.1917915573930399,False
2245,0.9127341558073343,99.1928408492718,0.19198467301544062,False
2246,0.9127341558073343,99.1928408492718,0.19234493769575395,False
2247,0.9288391461883214,98.30833623997209,0.06526888807868435,False
2248,0.9432261548473415,99.15073083367035,0.06781446301979678,False
2249,0.9559312637896478,99.15604547020324,0.07041576239068642,False
2250,0.9669852958320848,99.16138969707342,0.07387089232697387,False
2251,0.976414308115487,99.16676113819295,0.07731273732959376,False
2252,0.9842399889605549,99.17215745903025,0.08073816028366103,False
2253,0.9904799742690308,99.1775763679087,0.08352243680735874,False
2254,0.995148095654003,99.18301561718447,0.08625573803374838,False
2255,0.9982545693874831,99.18847300430606,0.08892598610395525,False
2256,0.999806132804711,99.19394637275867,0.09152191197648597,False
2257,0.999806132804711,99.1994336128962,0.0940329223579652,False
2258,0.9982545693874831,99.20493266266429,0.09491517776438574,False
2259,0.995148095654003,99.21044150821785,0.09565979706850658,False
2260,0.9904799742690308,99.2159581844365,0.09626304893202456,False
2261,0.9842399889605549,99.22148077534159,0.09672093202224091,False
2262,0.976414308115487,99.22700741441868,0.09702912186715558,False
2263,0.9669852958320848,99.23253628484912,0.09556965959297828,False
2264,0.9559312637896478,99.23806561965479,0.09444132365941936,False
2265,0.9432261548473415,99.2435937017598,0.09301994061731579,False
2266,0.9288391461883214,99.24911886397302,0.09130157053526995,False
2267,0.9127341558073343,99.25463948889565,0.19912055258500905,False
2268,0.8948692308065574,99.26015400875735,0.19800164451542393,False
2269,0.875195788740725,99.26566090518533,0.1967223073690206,False
2270,0.8536576732793313,99.27115870890971,0.1957217567040696,False
2271,0.8301899714180443,99.27664599940951,0.21803966653176296,False
2272,0.804717519321077,99.28212140450262,0.2367416085132003,False
2273,0.7771529943226336,99.28758359988369,0.2529021434691435,False
2274,0.7473944462440387,99.29303130861348,0.2668706771078025,False
2275,0.7153220528038851,99.29846330056314,0.2790355672330828,False
2276,0.6807937753703206,99.30387839181702,0.28967966459387695,False
2277,0.6436394131461666,99.30927544403721,0.3044454308167801,False
2278,0.603652249754401,99.31465336379318,0.3173492556325768,False
2279,0.560576942614533,99.32001110185956,0.328827634781326,False
2280,0.5140912790181235,99.32534765248519,0.3284221819087072,False
2281,0.4637773498877516,99.33066205263637,0.3407274063606638,False
2282,0.4637773498877516,99.33595338121697,0.35162015603498104,False
2283,0.4637773498877516,99.28626281790667,0.36170861879840194,False
2284,0.4637773498877516,99.31336676153047,0.37055509299469536,False
2285,0.4637773498877516,99.31336676153047,0.37844773276576826,False
2286,0.4637773498877516,99.31336676153047,0.38548493635897163,False
2287,0.4637773498877516,98.47629291028053,0.3489849426260151,False
2288,0.5140912790181235,99.27533010269862,0.35526904449180025,False
2289,0.560576942614533,99.26347358207639,0.3608443102413991,False
2290,0.603652249754401,99.3087456796605,0.36554636319813194,False
2291,0.6436394131461666,99.69945117170485,0.3563373145655502,False
2292,0.6807937753703206,99.69945117170485,0.347344783997553,False
2293,0.7153220528038851,99.69945117170485,0.33857764829501813,False
2294,0.7473944462440387,99.69945117170485,0.3299883331715243,False
2295,0.7771529943226336,99.69945117170485,0.32161270368794365,False
2296,0.804717519321077,99.69945117170485,0.313459598725083,False
2297,0.8301899714180443,98.91541075006533,0.3001320585804426,False
2298,0.8536576732793313,99.74736475302727,0.2869428728102776,False
2299,0.875195788740725,99.74849312692425,0.2739001923707079,False
2300,0.8948692308065574,99.41293274626608,0.2742956307309705,False
2301,0.9127341558073343,99.78945559231728,0.2585395757993195,False
2302,0.9288391461883214,99.78945559231728,0.24315213803578398,False
2303,0.9432261548473415,99.78945559231728,0.22813062249114735,False
2304,0.9559312637896478,99.78945559231728,0.21347189097211292,False
2305,0.9669852958320848,99.78945559231728,0.259949994061298,False
2306,0.976414308115487,99.78945559231728,0.25047300609621503,False
2307,0.9842399889605549,99.78945559231728,0.24162603595944646,False
2308,0.9904799742690308,99.78945559231728,0.2328956969726035,False
2309,0.995148095654003,99.78945559231728,0.22481689250021783,False
2310,0.9982545693874831,99.78945559231728,0.2173948294784628,False
2311,0.999806132804711,99.78945559231728,0.21044934729627138,False
2312,0.999806132804711,99.78945559231728,0.20417372138280876,False
2313,0.9982545693874831,99.78945559231728,0.19856249075344545,False
2314,0.995148095654003,99.78945559231728,0.1937019693740037,False
2315,0.9904799742690308,99.78945559231728,0.18953058478335158,False
2316,0.9842399889605549,99.78945559231728,0.18602674564708005,False
2317,0.976414308115487,99.78945559231728,0.18315975612285354,False
2318,0.9669852958320848,99.78945559231728,0.18186765767158275,False
2319,0.9559312637896478,99.78945559231728,0.18104986973760517,False
2320,0.9432261548473415,99.78945559231728,0.18063992306581508,False
2321,0.9288391461883214,99.78945559231728,0.18052947601188482,False
2322,0.9127341558073343,99.78945559231728,0.18045686768973818,False
2323,0.8948692308065574,99.78945559231728,0.18041944656635087,False
2324,0.875195788740725,99.78945559231728,0.18041455101957565,False
2325,0.8536576732793313,98.99024620805226,0.0682201873523174,False
2326,0.8301899714180443,99.82812701413656,0.06441744871742837,False
2327,0.804717519321077,99.82892823539474,0.06065497145939631,False
2328,0.7771529943226336,99.82973651726046,0.05902093513964733,False
2329,0.7473944462440387,99.83055155468949,0.06784045506425912,False
2330,0.7153220528038851,99.83137304498123,0.06791665234011525,False
2331,0.6807937753703206,99.83220068797718,0.06946535660557202,False
2332,0.6436394131461666,99.83303418625036,0.07084260469722711,False
2333,0.603652249754401,99.83387324528616,0.07764098795958524,False
2334,0.560576942614533,99.83471757365398,0.07897785090818164,False
2335,0.5140912790181235,99.83556688317027,0.08014098732955487,False
2336,0.4637773498877516,99.83642088905246,0.0800044776327017,False
2337,0.40907313904382653,99.83727931006428,0.07982740447497114,False
2338,0.3491843735073079,99.83814186865213,0.0797395416607467,False
2339,0.2829047929798921,99.83900829107301,0.18828675452114155,False
2340,0.208180945557171,99.83987830751371,0.18815777725766392,False
2341,0.12068101401352381,99.8407516522016,0.18774542903525762,False
2342,-0.0,99.84162806350714,0.18739969274898105,False
2343,-0.0,99.8425072840381,0.18706435437584998,False
2344,-0.0,99.8433890607259,0.1867399280338058,False
2345,-0.0,99.84427314490384,0.19019572818003785,False
2346,-0.0,99.84515929237797,0.19003086675528602,False
2347,-0.0,99.8460472634901,0.18986507964715368,False
2348,-0.0,99.84693682317376,0.1896995830397712,False
2349,-0.0,99.63098227193183,0.1860631279193536,False
2350,-0.0,99.87141182254831,0.18539743679875972,False
2351,-0.0,99.88745920396144,0.1844170824674752,False
2352,-0.0,99.88812231959724,0.18348560546179707,False
2353,-0.0,99.64874257314749,0.18030198378402074,False
2354,-0.0,99.88767831068179,0.1793079543039289,False
2355,-0.0,99.88770774067974,0.1783525143267021,False
2356,-0.0,99.88774555659495,0.1779799973647642,False
2357,-0.0,99.88779174147217,0.17763148653875246,False
2358,-0.0,99.89158473213952,0.1772495253489988,False
2359,-0.0,99.07311285777844,0.04666115952425931,False
2360,-0.0,99.85995946194952,0.1971659412751745,False
2361,-0.0,99.81543004798819,0.19716633330855735,False
2362,0.12068101401352381,99.833622952638,0.1971136986248505,False
2363,0.208180945557171,99.83337036214175,0.19706535949147508,False
2364,0.2829047929798921,99.83312938035377,0.19701509462470246,False
2365,0.3491843735073079,99.64352023765318,0.1933312895766239,False
2366,0.40907313904382653,99.84383714445065,0.1931617810076802,False
2367,0.40907313904382653,99.84264948299116,0.1930150555198969,False
2368,0.40907313904382653,99.8414555886905,0.19289360309099424,False
2369,0.40907313904382653,99.84025559105432,0.19280059724446585,False
2370,0.40907313904382653,99.83904962636521,0.19267251695478038,False
2371,0.40907313904382653,99.83783783783784,0.19255185383390547,False
2372,0.40907313904382653,99.83662037577314,0.19243954972762067,False
2373,0.40907313904382653,99.83539739771123,0.1923354514953328,False
2374,0.40907313904382653,99.83398553302501,0.1922410342562627,False
2375,0.40907313904382653,99.82857598469144,0.19218137962341747,False
2376,0.40907313904382653,99.82710787664348,0.19212337108649494,False
2377,0.40907313904382653,99.82562854825629,0.19207124341555037,False
2378,0.40907313904382653,99.8241380720625,0.19202568554105015,False
2379,0.40907313904382653,99.82263652862564,0.19198735901580768,False
2380,0.40907313904382653,98.95231809932355,0.0074462805919642385,False
2381,0.40907313904382653,99.77726447780894,0.007867541065110865,False
2382,0.40907313904382653,99.77726447780894,0.008432765226093503,False
2383,0.40907313904382653,99.77726447780894,0.00905931539034156,False
2384,0.40907313904382653,99.77726447780894,0.009871515232248539,False
2385,0.40907313904382653,99.77726447780894,0.010742277424512465,False
2386,0.40907313904382653,99.77726447780894,0.18004616836665524,False
2387,0.40907313904382653,99.77726447780894,0.18129399499940116,False
2388,0.40907313904382653,99.77726447780894,0.18126300646630147,False
2389,0.40907313904382653,99.77726447780894,0.18173444540286635,False
2390,0.40907313904382653,99.77726447780894,0.18227077427242097,False
2391,0.40907313904382653,99.77726447780894,0.18243555418789162,False
2392,0.40907313904382653,99.77726447780894,0.1825966323867923,False
2393,0.40907313904382653,99.77726447780894,0.18275361266515794,False
2394,0.40907313904382653,99.77726447780894,0.1829057955409833,False
2395,0.40907313904382653,99.77726447780894,0.18305248437551228,False
2396,0.40907313904382653,99.77726447780894,0.1832000007496953,False
2397,0.40907313904382653,99.77726447780894,0.18334350672682873,False
2398,0.40907313904382653,99.77726447780894,0.2606068898166853,False
2399,0.40907313904382653,99.77726447780894,0.2606353051692131,False
2400,0.40907313904382653,99.77726447780894,0.26067187930742103,False
2401,0.40907313904382653,99.77726447780894,0.26071725346574987,False
2402,0.40907313904382653,99.77726447780894,0.26077200607268197,False
2403,0.4637773498877516,99.77726447780894,0.26083665409635176,False
2404,0.5140912790181235,99.77726447780894,0.26091165446499587,False
2405,0.560576942614533,99.77726447780894,0.2609974283461074,False
2406,0.603652249754401,98.95231809932355,0.18944248934400001,False
2407,0.603652249754401,99.82263652862564,0.18845145189333665,False
2408,0.603652249754401,99.7233462713684,0.18869796319270415,False
2409,0.603652249754401,99.78507067868067,0.1884717144226051,False
2410,0.603652249754401,99.78487506205526,0.18825674864891256,False
2411,0.603652249754401,99.78469691950977,0.18843213926246205,False
2412,0.603652249754401,99.78453633877517,0.18864103820704275,False
2413,0.603652249754401,99.78439339912099,0.18888341612601442,False
2414,0.603652249754401,99.78426817125788,0.18915912750318148,False
2415,0.603652249754401,99.78416071725054,0.18946791492584622,False
2416,0.603652249754401,99.78407109044099,0.18980941365363763,False
2417,0.603652249754401,99.78399933538257,0.1898306218050122,False
2418,0.603652249754401,98.92335615873277,0.04250230321156809,False
2419,0.603652249754401,99.74193019826315,0.043150284019914595,False
2420,0.603652249754401,99.74373576309794,0.043806415943475605,False
2421,0.603652249754401,99.7455367961871,0.04446297722462116,False
2422,0.603652249754401,99.74733295901179,0.045112922603018385,False
2423,0.560576942614533,99.74912392481681,0.04574984140659666,False
2424,0.5140912790181235,99.7509093784596,0.04636790974693092,False
2425,0.4637773498877516,99.75268901625186,0.04696184011890675,False
2426,0.40907313904382653,99.75446254579468,0.047526830729653,False
2427,0.3491843735073079,99.75622968580716,0.04805851610417149,False
2428,0.3491843735073079,99.75799016594961,0.04855291991910694,False
2429,0.3491843735073079,99.75974372664174,0.047816825430596226,False
2430,0.3491843735073079,99.76149011887635,0.04694935970960354,False
2431,0.3491843735073079,99.76322910402887,0.04594071985510546,False
2432,0.3491843735073079,99.76496045366363,0.0444589906875823,False
2433,0.3491843735073079,99.7666839493371,0.042858354130772325,False
2434,0.3491843735073079,99.76839938239836,0.04103606393321272,False
2435,0.3491843735073079,99.77010655378777,0.03896330880907129,False
2436,0.3491843735073079,99.77180527383368,0.03660022050985373,False
2437,0.3491843735073079,99.7734953620479,0.035811294049820246,False
2438,0.3491843735073079,99.77517664692027,0.03481824908688577,False
2439,0.3491843735073079,99.77684896571266,0.033788666702940624,False
2440,0.3491843735073079,99.77851216425256,0.03260151400255107,False
2441,0.3491843735073079,99.78016609672692,0.031457598116311956,False
2442,0.3491843735073079,99.78181062547621,0.1754941418705061,False
2443,0.3491843735073079,99.78344562078922,0.1751982180657124,False
2444,0.3491843735073079,99.78507096069869,0.17487983916779948,False
2445,0.3491843735073079,99.78668653077808,0.17453909773938434,False
2446,0.3491843735073079,99.78829222393978,0.1741761802232512,False
2447,0.3491843735073079,99.78988794023479,0.173913532855827,False
2448,0.3491843735073079,99.7914735866543,0.17352143249384577,False
2449,0.3491843735073079,99.79304907693319,0.17344286647951043,False
2450,0.3491843735073079,99.79461433135555,0.1733678000161621,False
2451,0.3491843735073079,99.79616927656271,0.2503533012280669,False
2452,0.3491843735073079,99.76381519347741,0.2504489120602249,False
2453,0.3491843735073079,99.78646305163711,0.2505144146019366,False
2454,0.3491843735073079,99.78646305163711,0.2505658690966907,False
2455,0.3491843735073079,99.78646305163711,0.2506045810972765,False
2456,0.3491843735073079,99.78646305163711,0.25063200110817896,False
2457,0.3491843735073079,99.78646305163711,0.25064972380431605,False
2458,0.3491843735073079,99.78646305163711,0.2506594872197956,False
2459,0.3491843735073079,99.78646305163711,0.25066317187670156,False
2460,0.3491843735073079,99.78646305163711,0.2506627998212497,False
2461,0.3491843735073079,99.76381519347741,0.25063324100211515,False
2462,0.3491843735073079,99.00783457487799,0.18141782745499033,False
2463,0.3491843735073079,99.75597225789879,0.18141981495419032,False
2464,0.2829047929798921,99.75597225789879,0.18142664729991312,False
2465,0.208180945557171,99.75597225789879,0.18144119353145502,False
2466,0.12068101401352381,99.75597225789879,0.18146630149878107,False
2467,-0.0,99.72499029377508,0.18138773916094877,False
2468,-0.0,99.74245289169981,0.18142909700470533,False
2469,-0.0,99.74049011234479,0.18148735060364476,False
2470,-0.0,99.73851449755064,0.18156554128454647,False
2471,-0.0,98.94081821792665,0.017915668790567055,False
2472,-0.0,99.68886535151596,0.016640018331037176,False
2473,0.12068101401352381,99.68886535151596,0.015570391232649592,False
2474,0.208180945557171,99.68886535151596,0.014697780301588343,False
2475,0.2829047929798921,99.68886535151596,0.014026009486870057,False
2476,0.3491843735073079,99.68886535151596,0.013549308879715446,False
2477,0.40907313904382653,99.68886535151596,0.013250768361330593,False
2478,0.4637773498877516,99.68886535151596,0.013140606716214557,False
2479,0.4637773498877516,99.68886535151596,0.013157671601657258,False
2480,0.4637773498877516,99.68886535151596,0.013258935084896449,False
2481,0.5140912790181235,99.68886535151596,0.013398383445174203,False
2482,0.560576942614533,99.68886535151596,0.01551568635647655,False
2483,0.603652249754401,99.68886535151596,0.017469595598732724,False
2484,0.6436394131461666,99.68886535151596,0.01927631902789822,False
2485,0.6807937753703206,99.68886535151596,0.020944175717856225,False
2486,0.7153220528038851,99.68886535151596,0.02247579457442369,False
2487,0.7473944462440387,99.68886535151596,0.023870288416645243,False
2488,0.7771529943226336,99.68886535151596,0.02512430786011819,False
2489,0.804717519321077,99.68886535151596,0.026232547783430985,False
2490,0.8301899714180443,99.68886535151596,0.02718794799637896,False
2491,0.8536576732793313,99.64647812166488,0.028627890386484577,False
2492,0.875195788740725,99.66731635190537,0.030033231228147356,False
2493,0.8948692308065574,99.66479311979414,0.03139318086673164,False
2494,1.0066347974846968,99.66225436681222,0.03271980807338206,False
2495,1.0850365744330073,99.6597002612402,0.034012535478945956,False
2496,1.15047181636257,99.65713098289119,0.03527052227454372,False
2497,1.2072640872959293,99.65454672342801,0.036492709707229246,False
2498,1.2574580300524587,99.6519476866826,0.03766464902302004,False
2499,1.3022504881911108,99.64933408897704,0.038794524112130406,False
2500,1.3022504881911108,99.64670615944615,0.03988116827134337,False
2501,1.3022504881911108,99.64406414036097,0.04092345348616722,False
2502,1.3022504881911108,99.64140828745292,0.04129865705113939,False
2503,1.3022504881911108,99.63873887023792,0.04163163021105045,False
2504,1.3022504881911108,99.63605617234028,0.0419249850498363,False
2505,1.3022504881911108,99.63336049181542,0.04218143275063323,False
2506,1.3022504881911108,99.63065214147142,0.04240378737629768,False
2507,1.3022504881911108,99.62793144918821,0.04259496842071146,False
2508,1.3022504881911108,99.62519875823428,0.04275800197569717,False
2509,1.3022504881911108,99.6224544275799,0.042896020319013003,False
2510,1.3022504881911108,99.61969883220651,0.04301225969427762,False
2511,1.3022504881911108,99.61693236341124,0.04311005602501467,False
2512,1.3022504881911108,99.61415542910594,0.043192838284286016,False
2513,1.3022504881911108,99.61136845411008,0.043264119231010624,False
2514,1.3022504881911108,99.6085718804365,0.04332748322717984,False
2515,1.3022504881911108,99.60576616756929,0.043386570870104633,False
2516,1.3022504881911108,99.60295179273281,0.04344506021384642,False
2517,1.3022504881911108,99.60012925115115,0.04350664441713737,False
2518,1.3022504881911108,99.59729905629678,0.04357500574337008,False
2519,1.3022504881911108,99.59446174012781,0.04365378595211025,False
2520,1.3022504881911108,99.59161785331243,0.04374655325946966,False
2521,1.3022504881911108,99.5887679654399,0.19657506363327784,False
2522,1.3022504881911108,99.58591266521667,0.19671597343478356,False
2523,1.3022504881911108,99.5830525606469,0.19686935841155218,False
2524,1.3022504881911108,99.580188279196,0.19703445318550247,False
2525,1.3022504881911108,99.57732046793613,0.19721041578640983,False
2526,1.3022504881911108,99.57444979367263,0.1971882467259569,False
2527,1.3022504881911108,99.57157694305003,0.1983276942371102,False
2528,1.316421886822755,99.56870262263658,0.1993687024241224,False
2529,1.3287344279695676,99.56582755898606,0.20031560198285772,False
2530,1.3392246071829446,99.56295249867561,0.20117255564789413,False
2531,1.347922583568817,99.56007820831852,0.20194358085521993,False
2532,1.3548527368476762,99.5572054745505,0.26957946438680824,False
2533,1.3600340979407453,99.55433510398848,0.2695793353970773,False
2534,1.3600340979407453,99.55146792316056,0.2695836093260805,False
2535,1.3600340979407453,99.54860477840599,0.26959163231831507,False
2536,1.3600340979407453,99.54574653574379,0.26960272594916757,False
2537,1.3600340979407453,99.5428940807092,0.26961619250445007,False
2538,1.3548527368476762,99.54004831815648,0.2696313202666923,False
2539,1.347922583568817,99.53721017202693,0.2696473887994273,False
2540,1.347922583568817,99.53438058508137,0.26966367422120785,False
2541,1.347922583568817,98.7177060660547,0.1897595016277259,False
2542,1.3392246071829446,99.6001523229246,0.18964873347187483,False
2543,1.3287344279695676,99.60070352236535,0.18951987063340817,False
2544,1.316421886822755,99.601291057528,0.1893725910915813,False
2545,1.3022504881911108,99.60191460120373,0.1892066798528425,False
2546,1.2861766890619075,99.50321725965178,0.1892390979918557,False
2547,1.2681489963097885,99.64577527983752,0.18804494923601156,False
2548,1.2481068205144499,99.64377315474493,0.18693130967810956,False
2549,1.2259790140555225,99.64178249032813,0.18589578759721773,False
2550,1.201681991620676,99.63980405340506,0.18493585443092667,False
2551,1.175117286794541,99.63783862088947,0.18404885915385077,False
2552,1.146168329937132,98.74933603747164,0.04349774622292481,False
2553,1.114696123966521,99.56540634506736,0.042464402907729834,False
2554,1.0805333164475432,99.56540634506736,0.04139298820518121,False
2555,1.0305279703180825,99.56540634506736,0.04028748455468222,False
2556,0.9752462395674342,99.56540634506736,0.039152529999343474,False
2557,0.9134853951751388,99.56540634506736,0.03792316990112713,False
2558,0.8431953160789711,99.56540634506736,0.036697450699671404,False
2559,0.7600473303889541,99.56540634506736,0.0354901842427171,False
2560,0.6436394131461666,99.56540634506736,0.03431754455174478,False
2561,0.6436394131461666,99.56540634506736,0.033197166453298385,False
2562,0.6436394131461666,99.56540634506736,0.17813583144490713,False
2563,0.6436394131461666,99.56540634506736,0.17922843133318642,False
2564,0.6436394131461666,99.56540634506736,0.18032669186393113,False
2565,0.6436394131461666,99.56540634506736,0.18142904695440742,False
2566,0.6436394131461666,99.56540634506736,0.18116300241784206,False
2567,0.6436394131461666,99.56540634506736,0.18343674039656763,False
2568,0.6436394131461666,99.56540634506736,0.18555183940644762,False
2569,0.6436394131461666,99.56540634506736,0.18751856552551896,False
2570,0.6436394131461666,99.56540634506736,0.18934632658464312,False
2571,0.6436394131461666,99.56540634506736,0.19104378018499393,False
2572,0.7600473303889541,99.56540634506736,0.19279742766312544,False
2573,0.8431953160789711,99.56540634506736,0.1944176045029547,False
2574,0.9134853951751388,99.56540634506736,0.19591102667545188,False
2575,0.9752462395674342,99.56540634506736,0.19728393247610804,False
2576,1.0305279703180825,99.56540634506736,0.19854213771996224,False
2577,1.0805333164475432,99.56540634506736,0.19970445566416023,False
2578,1.1260528027543955,99.56540634506736,0.20075771798284162,False
2579,1.1676444621356104,99.56540634506736,0.20170588504348302,False
2580,1.2057219651274376,99.56540634506736,0.20255280228260303,False
2581,1.2406030082663506,99.56540634506736,0.20330221803792076,False
2582,1.2406030082663506,98.75416485585977,0.1044026495949384,False
2583,1.2406030082663506,99.63783862088947,0.10334293182254897,False
2584,1.2406030082663506,99.6405291411043,0.10212228843358255,False
2585,1.2406030082663506,99.64321392892822,0.1007469816868081,False
2586,1.2406030082663506,99.55146364494806,0.10170438340799924,False
2587,1.2725381154419293,99.68136450962935,0.09793673240422193,False
2588,1.301728854068539,99.68136450962935,0.09417699380023732,False
2589,1.2952336017523502,99.68136450962935,0.09042615454669556,False
2590,1.2842839696213428,99.68136450962935,0.08668536986467146,False
2591,1.2449737775841292,99.68136450962935,0.08295599995579585,False
2592,1.201681991620676,99.68136450962935,0.10368280951504065,False
2593,1.1538530565800795,99.68136450962935,0.2830634378847775,False
2594,1.1006987578744163,99.68136450962935,0.29202622335323325,False
2595,1.041018523939755,99.68136450962935,0.30013179061241974,False
2596,0.9727642516015449,99.68136450962935,0.30746391091982284,False
2597,0.8916091590804429,99.68136450962935,0.3142455345253764,False
2598,0.7771529943226336,99.68136450962935,0.32032224624088323,False
2599,0.7771529943226336,99.68136450962935,0.3257581499500582,False
2600,0.7771529943226336,99.68136450962935,0.3306091465358327,False
2601,0.7771529943226336,99.68136450962935,0.33492462930841843,False
2602,0.7771529943226336,99.68136450962935,0.3400659957751191,False
2603,0.7771529943226336,99.68136450962935,0.3443218082159069,False
2604,0.7771529943226336,99.68136450962935,0.3482904386245277,False
2605,0.7771529943226336,99.68136450962935,0.351982015859101,False
2606,0.7771529943226336,99.68136450962935,0.35540609898023723,False
2607,0.7771529943226336,99.68136450962935,0.433824984855323,False
2608,0.7771529943226336,99.68136450962935,0.43732171847052537,False
2609,0.7771529943226336,99.68136450962935,0.440327017915346,False
2610,0.7771529943226336,99.68136450962935,0.4444613675769811,False
2611,0.804717519321077,99.68136450962935,0.44752605260210887,False
2612,0.8301899714180443,99.3404315462169,0.44530284311712587,False
2613,0.8536576732793313,98.47828135305757,0.36137596017549506,False
2614,0.875195788740725,99.28389710732121,0.3562410271183549,False
2615,0.8948692308065574,99.28389710732121,0.3512581886311797,False
2616,0.9127341558073343,99.28389710732121,0.34643272613024506,False
2617,0.9288391461883214,99.28389710732121,0.41567219863671945,False
2618,0.9432261548473415,99.28389710732121,0.4130842858255245,False
2619,0.9559312637896478,99.28389710732121,0.4103831481686755,False
2620,0.9669852958320848,99.28389710732121,0.4076125977971224,False
2621,0.976414308115487,99.28389710732121,0.4069111791592436,False
2622,0.9842399889605549,99.24915648909376,0.4039262756221944,False
2623,0.9904799742690308,99.25702233726392,0.40155009756447774,False
2624,0.995148095654003,99.25059227384808,0.39990333136120976,False
2625,0.9982545693874831,99.24412367112065,0.3984054918954039,False
2626,0.999806132804711,99.23761743150854,0.39705118528448996,False
2627,0.999806132804711,98.337514140967,0.31153599841168833,False
2628,0.9982545693874831,99.15400127883528,0.30862688603270744,False
2629,0.995148095654003,99.15400127883528,0.30626345745795003,False
2630,0.9904799742690308,99.09713265204881,0.30209634118831474,False
2631,0.9842399889605549,99.1144243758443,0.38184618851266283,False
2632,0.976414308115487,99.10687254011505,0.44321229359658404,False
2633,0.976414308115487,99.09928247926314,0.440758561090129,False
2634,0.976414308115487,99.09165554757261,0.43846482168727646,False
2635,0.976414308115487,99.08399316876262,0.4363814311815812,False
2636,0.976414308115487,99.07629683749087,0.4345545532939625,False
2637,0.976414308115487,98.1630309988519,0.3625455570222095,False
2638,0.976414308115487,98.97714226072435,0.35988780068419174,False
2639,0.976414308115487,98.97714226072435,0.35790208373711546,False
2640,0.976414308115487,98.97714226072435,0.393196878768092,False
2641,0.976414308115487,98.88438667578804,0.39279996564012637,False
2642,0.976414308115487,98.92284834978244,0.3943273596600009,False
2643,0.9669852958320848,98.91391578834734,0.3962425439038967,False
2644,0.9559312637896478,98.90495199050599,0.39792910762919353,False
2645,0.9432261548473415,98.89595910153913,0.39996963204877933,False
2646,0.9288391461883214,98.88693935738567,0.4023550635339324,False
2647,0.9127341558073343,98.87789508595434,0.4050735904549028,False
2648,0.9127341558073343,98.86882870834727,0.40713777642726307,False
2649,0.9127341558073343,98.85974273998764,0.4094068130631245,False
2650,0.9127341558073343,98.85063979164308,0.4118728528228596,False
2651,0.9127341558073343,97.92209262824142,0.3400189425009895,False
2652,0.8948692308065574,97.91643075529385,0.2564420609322811,False
2653,0.875195788740725,98.85063979164308,0.2610806174976595,False
2654,0.8536576732793313,98.85967868778789,0.2681687057230739,False
2655,0.8301899714180443,98.8687026304057,0.27507293322827103,False
2656,0.804717519321077,98.87770897832817,0.28169624900189,False
2657,0.7771529943226336,98.88669518481957,0.2879563850566754,False
2658,0.7473944462440387,98.8031770209988,0.29365095054386314,False
2659,0.7153220528038851,98.93157781135334,0.2968152597956439,False
2660,0.6807937753703206,98.10597884739909,0.2541168979760191,False
2661,0.6436394131461666,99.03410317289014,0.25723697215642927,False
2662,0.603652249754401,99.0419610361807,0.257713708295004,False
2663,0.560576942614533,99.04979297165305,0.25592368520398295,False
2664,0.5140912790181235,99.05759713593767,0.25321870374989813,False
2665,0.4637773498877516,99.06537176274018,0.2496193497713607,False
2666,0.40907313904382653,99.07311516155758,0.24513831617449133,False
2667,0.3491843735073079,99.08082571633973,0.23978015859512336,False
2668,0.2829047929798921,99.08850188410226,0.23523292055971387,False
2669,0.208180945557171,99.09614219349626,0.22999776642379055,False
2670,0.12068101401352381,99.10374524334068,0.22418691192554668,False
2671,-0.0,99.11130970112204,0.21723323179547477,False
2672,0.12068101401352381,99.11883430146698,0.20994723666621876,False
2673,0.208180945557171,99.09215150331902,0.2042809352675733,False
2674,0.2829047929798921,99.14827719705768,0.1951742414093459,False
2675,0.3491843735073079,99.15482135996926,0.1856591029197392,False
2676,0.40907313904382653,99.16134565901076,0.17572178610155767,False
2677,0.4637773498877516,99.1678486997636,0.16533997545537032,False
2678,0.5140912790181235,99.17432914242822,0.15447914920267514,False
2679,0.560576942614533,99.12493018059952,0.14759128903420363,False
2680,0.603652249754401,99.21954373325944,0.1324809844032777,False
2681,0.6436394131461666,99.21954373325944,0.11688041739717685,False
2682,0.6807937753703206,99.21954373325944,0.10430781913992335,False
2683,0.7153220528038851,99.21954373325944,0.09500954499853984,False
2684,0.7473944462440387,99.21954373325944,0.08632859237623662,False
2685,0.7771529943226336,99.21954373325944,0.07769401737837572,False
2686,0.804717519321077,99.21954373325944,0.06947247406353046,False
2687,0.8301899714180443,99.21954373325944,0.1982039149902592,False
2688,0.8536576732793313,99.21954373325944,0.19653573539697164,False
2689,0.875195788740725,99.21954373325944,0.195261218332415,False
2690,0.8948692308065574,99.21954373325944,0.19419267454195543,False
2691,0.9127341558073343,99.21954373325944,0.19398927150921313,False
2692,0.9288391461883214,99.21954373325944,0.19388091405703378,False
2693,0.9432261548473415,99.21954373325944,0.19385405045930326,False
2694,0.9559312637896478,99.21954373325944,0.19389621842737403,False
2695,0.9669852958320848,99.21954373325944,0.19399603751538042,False
2696,0.976414308115487,99.21954373325944,0.20542999131532438,False
2697,0.9842399889605549,99.21954373325944,0.20524782171576977,False
2698,0.9904799742690308,99.21954373325944,0.20531151667514216,False
2699,0.995148095654003,99.21954373325944,0.20532683464447463,False
2700,0.9982545693874831,99.21954373325944,0.20530904933207936,False
2701,0.999806132804711,99.21954373325944,0.20527242062399986,False
2702,0.999806132804711,99.21954373325944,0.20523019469944065,False
2703,0.9982545693874831,99.21954373325944,0.20519459623615924,False
2704,0.995148095654003,99.17101341281669,0.20504558129276365,False
2705,0.9904799742690308,99.19218485816269,0.20504249218483728,False
2706,0.9842399889605549,99.18537463294497,0.20503230738283817,False
2707,0.976414308115487,98.36660617059891,0.08096452491172769,False
2708,0.9669852958320848,99.25351570025043,0.07978159711331,False
2709,0.9559312637896478,99.25351570025043,0.07884444422333396,False
2710,0.9432261548473415,99.25351570025043,0.07824051072914369,False
2711,0.9288391461883214,99.25351570025043,0.0778536551405476,False
2712,0.9127341558073343,99.25351570025043,0.07769451245078256,False
2713,0.8948692308065574,99.25351570025043,0.07776864898554066,False
2714,0.875195788740725,99.25351570025043,0.07807650736568555,False
2715,0.8536576732793313,99.25351570025043,0.07868759514005266,False
2716,0.8301899714180443,98.89080956496687,0.04267067964712098,False
2717,0.804717519321077,99.17185256103399,0.04638016426220687,False
2718,0.7771529943226336,99.22695170834129,0.05206201588844654,False
2719,0.7473944462440387,99.21815042210284,0.05767124458504368,False
2720,0.7153220528038851,99.2093337190242,0.06312914145480258,False
2721,0.6807937753703206,99.20050392479891,0.06838544311859093,False
2722,0.6436394131461666,99.19166342033502,0.07340677416015408,False
2723,0.603652249754401,99.1828146408299,0.07817019161050995,False
2724,0.560576942614533,99.17396007473694,0.08265945667704622,False
2725,0.5140912790181235,99.16510226262227,0.08686280810973038,False
2726,0.4637773498877516,99.15624379591027,0.09077159111699473,False
2727,0.40907313904382653,99.14738731551655,0.09517678196502308,False
2728,0.3491843735073079,99.13853551036763,0.09938976693952989,False
2729,0.2829047929798921,99.12969111580642,0.10328096182078683,False
2730,0.208180945557171,99.12085691188359,0.1068717974005501,False
2731,0.12068101401352381,99.1120357215344,0.22124555009557179,False
2732,0.12068101401352381,99.1032304086416,0.22097059274953812,False
2733,0.12068101401352381,99.09444387598485,0.22059283677088062,False
2734,0.12068101401352381,99.08567906307788,0.22012045853077097,False
2735,0.12068101401352381,99.07693894389439,0.2849030308353649,False
2736,0.12068101401352381,99.06822652448494,0.28451883113779763,False
2737,0.12068101401352381,99.05954484048634,0.2839799495593016,False
2738,0.12068101401352381,99.0508969545265,0.2828417028137578,False
2739,0.12068101401352381,99.04228595352731,0.2816497296958723,False
2740,0.12068101401352381,99.03371494590904,0.28044240199521764,False
2741,0.12068101401352381,99.02518705869954,0.2985419830902257,False
2742,0.24096783080307266,99.01670543455276,0.2980147768492737,False
2743,0.3280668831792932,99.00827322868052,0.2975120948817154,False
2744,0.40238293904561173,98.99989360570274,0.2970370939358426,False
2745,0.46824757305098735,98.99156973642087,0.2965927095555974,False
2746,0.5277139815252946,98.98330479452055,0.3310716169310762,False
2747,0.5277139815252946,98.97510195320885,0.33274726093303786,False
2748,0.5277139815252946,98.96696438179275,0.33457928358276356,False
2749,0.5277139815252946,98.9588952422052,0.3365979580873702,False
2750,0.5819881552488824,98.95089768548561,0.3408463454090211,False
2751,0.6318640827062832,98.20576756287944,0.2861128889255619,False
2752,0.677903479475398,99.01119200260784,0.2916348288388687,False
2753,0.720523936685393,99.01119200260784,0.2968785647625617,False
2754,0.7600473303889541,99.01119200260784,0.30184412545371847,False
2755,0.7967286463062391,98.21118820468344,0.24695736987654962,False
2756,0.830774222099454,98.95089768548561,0.25225456897178933,False
2757,0.830774222099454,98.9588952422052,0.2572751666928661,False
2758,0.830774222099454,98.96696438179275,0.26198700857233476,False
2759,0.830774222099454,98.97510195320885,0.26636421244413644,False
2760,0.830774222099454,98.98330479452055,0.26826273253352145,False
2761,0.8623538561746378,98.49002240956142,0.24958612604798763,False
2762,0.8916091590804429,99.03181189488244,0.2506376088738292,False
2763,0.9186594970880806,99.03181189488244,0.2513629800489629,False
2764,0.9436063339556555,99.03181189488244,0.2517972079036402,False
2765,0.9665364727522963,99.03181189488244,0.25197296276008235,False
2766,0.9875245214535493,98.26577295456964,0.20337797470667549,False
2767,1.006634797484697,99.1062879029684,0.1988685199659031,False
2768,1.0239228180015463,99.11434026304624,0.1937692003098583,False
2769,1.0394364783172854,99.12243603298795,0.2654817481713232,False
2770,1.0532169913190046,98.64053114132153,0.3151414147856958,False
2771,1.0532169913190046,99.15975212687744,0.3103930104573567,False
2772,1.0532169913190046,99.15975212687744,0.305613361203763,False
2773,1.0532169913190046,99.15975212687744,0.3010483504802534,False
2774,1.0532169913190046,99.15975212687744,0.29671995130430706,False
2775,1.0532169913190046,99.15975212687744,0.29264918748948576,False
2776,1.0532169913190046,99.15975212687744,0.28885585737951813,False
2777,1.0532169913190046,99.15975212687744,0.28493187179464247,False
2778,1.0532169913190046,99.15975212687744,0.2813236418668085,False
2779,1.0532169913190046,99.15975212687744,0.2780589908524366,False
2780,1.0532169913190046,99.09471120758113,0.2772354374412504,False
2781,1.0532169913190046,99.13010993702636,0.2753763344520713,False
2782,1.0532169913190046,99.12313733928667,0.27473840439290814,False
2783,1.0532169913190046,99.11614792321873,0.27452780045150493,False
2784,1.0532169913190046,99.10914357544952,0.2733421148530816,False
2785,1.0532169913190046,99.10212625316734,0.2731769538337715,False
2786,1.0532169913190046,99.09509798478877,0.2736375605728338,False
2787,1.0532169913190046,99.08806087053821,0.27427894112852846,False
2788,1.0532169913190046,99.08101708293398,0.2750719678309389,False
2789,1.0532169913190046,98.20149968991375,0.20265106648788372,False
2790,1.0532169913190046,98.20713762192028,0.09531470358221728,False
2791,1.0532169913190046,99.07537915092745,0.09646124143282937,False
2792,1.0532169913190046,99.08396088569181,0.09814512427532393,False
2793,0.9432261548473415,99.09258948075954,0.09960841194378099,False
2794,0.9432261548473415,99.10126158311935,0.12001803834913176,False
2795,0.9432261548473415,99.10997385548201,0.11994721251160063,False
2796,0.9432261548473415,99.11872297971401,0.11955446809309311,False
2797,0.9432261548473415,99.12750566016898,0.11984360675606442,False
2798,0.9432261548473415,99.13631862691165,0.21724076715431592,False
2799,0.9432261548473415,99.14515863882953,0.21651181952036638,False
2800,0.9432261548473415,99.1540224866281,0.21536570591305826,False
2801,0.9432261548473415,99.16290699570582,0.21427726263511682,False
2802,0.9432261548473415,99.17180902890549,0.21301874182072772,False
2803,0.9288391461883214,99.18072548913922,0.21159413874382804,False
2804,0.9127341558073343,99.08038515633453,0.2118076277522027,False
2805,0.8948692308065574,99.15856902448293,0.2110654760849441,False
2806,0.875195788740725,99.16112866325308,0.21037752066051024,False
2807,0.8536576732793313,99.16379734382686,0.20975809671075774,False
2808,0.8536576732793313,99.16657528237745,0.21761427976059664,False
2809,0.8536576732793313,99.16946262581816,0.33651498606561153,False
2810,0.8536576732793313,99.17245945051307,0.3409138680616477,False
2811,0.8301899714180443,99.17556576108007,0.3441631944617837,False
2812,0.804717519321077,99.17878148929087,0.3464144816946178,False
2813,0.7771529943226336,99.18210649307294,0.34782324356286937,False
2814,0.7473944462440387,98.75924998609025,0.3423995605187316,False
2815,0.7153220528038851,99.1542869860346,0.34292016584783186,False
2816,0.6807937753703206,99.1542869860346,0.34684713641989373,False
2817,0.6436394131461666,99.1542869860346,0.3473262065877073,False
2818,0.6436394131461666,98.25066430469442,0.296521542779621,False
2819,0.6436394131461666,99.09676708707386,0.2968329109133801,False
2820,0.6436394131461666,99.10694718387026,0.2970693173735861,False
2821,0.6436394131461666,99.11711809907897,0.3682502569977558,False
2822,0.603652249754401,99.12727666955767,0.3685955522950785,False
2823,0.560576942614533,99.13741980699768,0.3686550839965422,False
2824,0.6318640827062832,99.1475444992494,0.36853941895521464,False
2825,0.6669740736911405,99.15764781148371,0.368345538882281,False
2826,0.6857486151292824,99.16772688719253,0.36811938026459434,False
2827,0.6917244835981394,99.17777894903284,0.3679433713002754,False
2828,0.6857486151292824,98.82991619670058,0.3629913019080488,False
2829,0.6669740736911406,97.94592328652274,0.2560200842104262,False
2830,0.6318640827062832,98.7914778350784,0.24976186660629207,False
2831,0.560576942614533,98.80903065451533,0.2443881273125498,False
2832,0.603652249754401,98.82649647434248,0.24231854179030032,False
2833,0.6436394131461666,98.8438714958052,0.24151740463244378,False
2834,0.6807937753703206,98.86115206670395,0.24182739810449627,False
2835,0.7153220528038851,98.87833468067906,0.24298927229806713,False
2836,0.830774222099454,98.74506628883717,0.23948445043372207,False
2837,0.9129467467841514,98.85983581635756,0.2411340923865607,False
2838,0.9822408213425595,98.86847980515526,0.24340903997900157,False
2839,1.0429842335712594,98.87726071936598,0.24580032682582426,False
2840,1.0972261621017099,98.88617638083613,0.24732580728452824,False
2841,1.146168329937132,97.96887631366208,0.12108795504267075,False
2842,1.1906001864191973,98.82553704075487,0.12308904529216734,False
2843,1.2310786130055862,98.84335427260943,0.12548644306626827,False
2844,1.2680160454788014,98.86104783599089,0.12795240092354385,False
2845,1.301728854068539,98.87861499114696,0.13021729166664955,False
2846,1.3324661355215683,98.89605314576006,0.1321691264888952,False
2847,1.3604279187829045,98.9133598525274,0.13341543310184023,False
2848,1.3857772327036844,98.93053280662878,0.13389995822863,False
2849,1.408648411160687,98.94756984309223,0.13437621667655755,False
2850,1.4291529843613586,98.96446893406802,0.13406780657542025,False
2851,1.447383961374643,98.81143288369022,0.13452484686550395,False
2852,1.4634190046135478,99.01189472698323,0.13045764565471915,False
2853,1.477322818602089,99.01189472698323,0.12592912317132568,False
2854,1.4891489665409592,99.01189472698323,0.12088208251415374,False
2855,1.498941259446481,99.01189472698323,0.11523661100970167,False
2856,1.5067348178150048,99.01189472698323,0.1088810078458456,False
2857,1.5125568756434098,99.01189472698323,0.10165598650620945,False
2858,1.5164273757656148,99.01189472698323,0.09332500720352761,False
2859,1.5183593905083006,99.01189472698323,0.08479250126103814,False
2860,1.5183593905083006,99.01189472698323,0.0789014471885854,False
2861,1.5164273757656148,99.01189472698323,0.0732082239947245,False
2862,1.5125568756434098,99.01189472698323,0.06766120514162148,False
2863,1.506734817815005,99.01189472698323,0.062225241433006326,False
2864,1.498941259446481,99.01189472698323,0.056841090974932,False
2865,1.489148966540959,99.01189472698323,0.051434155310612864,False
2866,1.477322818602089,99.01189472698323,0.04590444183780111,False
2867,1.4634190046135478,99.01189472698323,0.0407098316531129,False
2868,1.4473839613746429,99.01189472698323,0.035414119009511885,False
2869,1.4291529843613586,99.01189472698323,0.029879954203485336,False
2870,1.408648411160687,99.01189472698323,0.023845502052987164,False
2871,1.3857772327036844,99.01189472698323,0.01665144397259433,False
2872,1.3604279187829045,99.01189472698323,0.013816098197369515,False
2873,1.3324661355215683,99.01189472698323,0.01133091090617412,False
2874,1.301728854068539,99.01189472698323,0.009174873442589966,False
2875,1.301728854068539,99.01189472698323,0.007324944438958879,False
2876,1.301728854068539,99.01189472698323,0.005755105494265549,False
2877,1.301728854068539,99.01189472698323,0.0044347787661396096,False
2878,1.301728854068539,99.01189472698323,0.0033259074660224523,False
2879,1.301728854068539,99.01189472698323,0.0023761924585345233,False
2880,1.301728854068539,99.01189472698323,0.0014941543616476863,False
2881,1.301728854068539,99.01189472698323,4.263256414560601e-14,False
2882,1.301728854068539,99.01189472698323,4.263256414560601e-14,False
2883,1.301728854068539,99.01189472698323,4.263256414560601e-14,False
2884,1.301728854068539,99.01189472698323,4.263256414560601e-14,False
2885,1.3038818925522595,99.01189472698323,4.263256414560601e-14,False
2886,1.301728854068539,99.01189472698323,4.263256414560601e-14,False
2887,1.2952336017523502,99.01189472698323,4.263256414560601e-14,False
2888,1.2842839696213428,99.01189472698323,4.263256414560601e-14,False
2889,1.2686794699537274,99.01189472698323,4.263256414560601e-14,False
2890,1.2481068205144499,99.01189472698323,4.263256414560601e-14,False
2891,1.2220947914756686,99.01189472698323,0.1853442128020417,False
2892,1.1899285414712581,99.01189472698323,0.18716923548122816,False
2893,1.1504718163625702,99.01189472698323,0.19964765969283604,False
2894,1.1017332648846088,99.01189472698323,0.21069967128956799,False
2895,1.0394364783172854,99.01189472698323,0.22056043194185404,False
2896,0.9432261548473415,99.01189472698323,0.2294034372824334,False
2897,0.9559312637896478,99.01189472698323,0.23736162542209632,False
2898,0.9669852958320848,99.01189472698323,0.24453999211189045,False
2899,0.976414308115487,99.01189472698323,0.25102355992977987,False
2900,1.0844863484244938,99.01189472698323,0.25688264239115455,False
2901,1.1590956761386297,99.01189472698323,0.28958283801225804,False
2902,1.2206340886225493,99.01189472698323,0.29892910483688506,False
2903,1.2734192269994746,99.01189472698323,0.3076157891818085,False
2904,1.3194892909924263,99.01189472698323,0.31569528821126375,False
2905,1.360034097940745,99.01189472698323,0.32321180710830694,False
2906,1.3958301562928708,99.01189472698323,0.32829208319792413,False
2907,1.4274202463828694,99.01189472698323,0.3359152320440011,False
2908,1.4552013979602212,99.01189472698323,0.3427449648777372,False
2909,1.4561112661478437,99.01189472698323,0.3636486668569829,False
2910,1.4552013979602212,99.01189472698323,0.3730246496655949,False
2911,1.4524690941546654,98.18301020886017,0.33357439814031353,False
2912,1.4479062086941699,99.10087103118853,0.3415361573268972,False
2913,1.441499001640642,99.29793565185048,0.34272666463190277,False
2914,1.4332278865247239,99.29793565185048,0.3437494795280542,False
2915,1.4230670603378361,99.29793565185048,0.34460722530380766,False
2916,1.4109839980999699,99.29793565185048,0.34424794879357223,False
2917,1.3969387860636409,99.29793565185048,0.3453586470727148,False
2918,1.3808832571151748,99.29793565185048,0.3461052612401002,False
2919,1.362759877482492,99.29793565185048,0.34652058853282297,False
2920,1.3425003133763334,99.29793565185048,0.36605804431500444,False
2921,1.320023576372009,98.4656871861633,0.3478516259603894,False
2922,1.2952336017523502,99.37697600892692,0.3451272715066918,False
2923,1.2680160454788014,99.38208982753851,0.3422251161908685,False
2924,1.2725381154419293,99.38717643830604,0.3394003116516648,False
2925,1.272538115441929,99.3922351233672,0.33665728599095923,False
2926,1.2680160454788014,99.35228499460237,0.335878927280578,False
2927,1.2588874993443833,99.42456954233205,0.3322310558419124,False
2928,1.2449737775841294,99.42456954233205,0.3289530367572776,False
2929,1.2259790140555225,98.59041841377464,0.30944316634858454,False
2930,1.2014461200230289,99.49148006066554,0.301805839006678,False
2931,1.1706718933538656,99.49570910377776,0.29443293144370136,False
2932,1.132529774880598,99.4999122653097,0.28636155901187854,False
2933,1.0850365744330073,99.50408908995998,0.27855901794040855,False
2934,1.0850365744330073,99.50823915106548,0.27104879141047433,False
2935,1.0850365744330073,99.5123620497904,0.2638541192059213,False
2936,1.15047181636257,99.491007804547,0.25840945939079385,False
2937,1.2072640872959293,99.53314266487214,0.25112898223593527,False
2938,1.2072640872959293,99.53314266487214,0.2445000507146356,False
2939,1.2072640872959293,99.53314266487214,0.2385230873532874,False
2940,1.2072640872959293,98.70457604306864,0.2007148144035168,False
2941,1.2072640872959293,99.58781965006729,0.18887198617261336,False
2942,1.2072640872959293,99.59129201768287,0.17968875033587367,False
2943,1.2072640872959293,99.59473988917377,0.1709226033729239,False
2944,1.2072640872959293,99.59816303099885,0.16211025645369825,False
2945,1.2072640872959293,99.6015612294682,0.15324892053631423,False
2946,1.2072640872959293,99.60493429009111,0.14433348935322082,False
2947,1.2072640872959293,99.6082820369334,0.135340860271553,False
2948,1.2574580300524587,99.61160431198478,0.12627988394161038,False
2949,1.2574580300524587,99.61490097453631,0.11713019309706711,False
2950,1.2574580300524587,99.62206810566508,0.1074835755853058,False
2951,1.2574580300524587,99.62528007417137,0.0973364878358127,False
2952,1.2574580300524587,99.62528007417137,0.0900504682959229,False
2953,1.2574580300524587,99.62528007417137,0.082925277525573,False
2954,1.2574580300524587,99.62528007417137,0.07594550517191304,False
2955,1.2574580300524587,99.62528007417137,0.06909136412268072,False
2956,1.2722864781512913,99.62528007417137,0.062336607372361366,False
2957,1.2852748466470731,99.62528007417137,0.05581303979810135,False
2958,1.296460736137167,99.62528007417137,0.04924762196477793,False
2959,1.305875511291131,99.62528007417137,0.04262011482622805,False
2960,1.3135448704851067,99.62528007417137,0.03916712706850306,False
2961,1.305875511291131,99.62528007417137,0.03590301441481619,False
2962,1.296460736137167,99.62528007417137,0.03284724486572943,False
2963,1.2852748466470731,99.62528007417137,0.030027392453201174,False
2964,1.2722864781512913,99.62528007417137,0.027478696970984328,False
2965,1.2574580300524587,99.62528007417137,0.025244633634460868,False
2966,1.2407449439357603,99.62528007417137,0.0233757537498659,False
2967,1.2220947914756688,99.62528007417137,0.022017089015742404,False
2968,1.2014461200230289,99.62528007417137,0.02108111264435678,False
2969,1.1787269834988532,99.62528007417137,0.05340105051390095,False
2970,1.1787269834988532,99.62528007417137,0.054435936493105845,False
2971,1.1787269834988532,99.62528007417137,0.056348980055974454,False
2972,1.1787269834988532,99.62528007417137,0.05848150674498845,False
2973,1.1787269834988532,99.62528007417137,0.060815537353441786,False
2974,1.1787269834988532,99.62528007417137,0.06333181630073603,False
2975,1.1787269834988532,99.62528007417137,0.06601060521252815,False
2976,1.1787269834988532,99.62528007417137,0.06883227864462435,False
2977,1.1787269834988532,99.62528007417137,0.07177773810947984,False
2978,1.1787269834988532,99.62206810566508,0.07482717843422847,False
2979,1.1787269834988532,99.61490097453631,0.0779354223859426,False
2980,1.1787269834988532,99.61160431198478,0.08109445103660518,False
2981,1.1787269834988532,99.6082820369334,0.08428806485860153,False
2982,1.1787269834988532,99.60493429009111,0.08750136560500067,False
2983,1.1787269834988532,99.6015612294682,0.23049715102298649,False
2984,1.1787269834988532,99.59816303099885,0.23054102230367304,False
2985,1.1538530565800798,99.59473988917377,0.23056831952707976,False
2986,1.1267251857192597,99.59129201768287,0.23057697450692846,False
2987,1.0972261621017099,99.58781965006729,0.2305651454068939,False
2988,1.0652163930664527,99.58432304038004,0.2337519559605127,False
2989,1.0305279703180825,99.39344752466789,0.2287195812117549,False
2990,0.9929563290994998,99.54834824501032,0.22860584954254623,False
2991,0.9522481488898977,99.5408671546758,0.22836206451406837,False
2992,0.908083119686079,99.53332170272157,0.22799388168876217,False
2993,0.8600451249809193,99.52571252909402,0.22819855939245823,False
2994,0.8075738393756748,99.51804032543332,0.22770460524445837,False
2995,0.7498765864518436,99.51030583626408,0.22868639327535106,False
2996,0.6857486151292824,99.50250986016493,0.2278752871177269,False
2997,0.6131379016405238,99.49465325091369,0.2270190873465658,False
2998,0.5277139815252946,99.48673691860465,0.2261308879994034,False
2999,0.5277139815252946,99.47876183073477,0.22522362886478575,False
3000,0.5277139815252946,99.47072901325478,0.22425207036990646,False
3001,0.5277139815252946,99.46263955158197,0.22326656056511762,False
3002,0.5277139815252946,99.45449459157031,0.2222751786030865,False
3003,0.5277139815252946,98.6016611139787,0.06378380504898652,False
3004,0.5277139815252946,99.4899886664148,0.06571209942696356,False
3005,0.5277139815252946,99.48587330786283,0.06564627448204982,False
3006,0.5277139815252946,99.48181646881477,0.06698152759505757,False
3007,0.5277139815252946,99.47781907136472,0.0667858178949602,False
3008,0.5277139815252946,99.32728042527168,0.05435840109869929,False
3009,0.40907313904382653,99.43548007715106,0.05326841913181412,False
3010,0.40907313904382653,99.43548007715106,0.052634277196626965,False
3011,0.40907313904382653,99.43548007715106,0.052447141960744514,False
3012,0.40907313904382653,99.43548007715106,0.20369681390032549,False
3013,0.40907313904382653,99.38312299868149,0.20294551680530218,False
3014,0.40907313904382653,99.42027619361832,0.20277044402732056,False
3015,0.40907313904382653,99.33018867924528,0.20090723178704878,False
3016,0.40907313904382653,99.46188340807174,0.2010770318833206,False
3017,0.3491843735073079,99.46541773110039,0.2013204359628029,False
3018,0.2829047929798921,99.46901815768264,0.20182396775882305,False
3019,0.208180945557171,99.47268408551069,0.20173633664498392,False
3020,0.12068101401352381,99.4764148698177,0.20167095204585805,False
3021,-0.0,99.48020982355746,0.2015785493578301,False
3022,-0.0,99.48406821764678,0.20145758179342207,False
3023,-0.0,99.48798928127094,0.20130758539176688,False
3024,-0.0,99.35320045994634,0.2008335830349963,False
3025,-0.0,99.45318495778972,0.20104839939876748,False
3026,-0.0,99.35629533554307,0.2008115606084786,False
3027,-0.0,99.43717529343853,0.2011491602999642,False
3028,-0.0,99.44126005491064,0.20152194526499992,False
3029,-0.0,99.44540895061728,0.20192906763270224,False
3030,-0.0,99.4496210109593,0.20237112936395119,False
3031,-0.0,99.45389522520782,0.2028501044785062,False
3032,-0.0,98.53159940496185,0.05140216241261945,False
3033,-0.0,99.41871545645131,0.054112252662797365,False
3034,-0.0,99.42759827806424,0.05400552057106878,False
3035,-0.0,99.43640804057863,0.058989590286510324,False
3036,-0.0,99.44514384296171,0.06281192030341823,False
3037,-0.0,99.45380485095353,0.06540689020388604,False
3038,-0.0,99.33305543976657,0.06655452833578508,False
3039,-0.0,99.43002780352178,0.06887368266073049,False
3040,-0.0,99.4344258495202,0.07070692345005986,False
3041,-0.0,99.43887961417177,0.07211337958604307,False
3042,-0.0,99.44338791224082,0.0731377121763265,False
3043,-0.0,99.44794952681389,0.0728178564992122,False
3044,-0.0,99.45256321039201,0.07229997605389202,False
3045,-0.0,99.4572276860271,0.07156725498630039,False
3046,-0.0,99.46194164849946,0.07074523107702652,False
3047,-0.0,99.46670376553516,0.06968936366228698,False
3048,-0.0,99.47151267905984,0.06839038608512722,False
3049,-0.0,99.4763670064875,0.06683237127865083,False
3050,-0.0,99.48126534204067,0.065008464740991,False
3051,-0.0,99.48620625810035,0.06289383927375565,False
3052,-0.0,99.49118830658217,0.060453090694961104,False
3053,-0.0,99.49621002033648,0.05763653326122013,False
3054,-0.0,99.42276610482567,0.05784447368366981,False
3055,-0.0,99.52482007750507,0.052711972042867414,False
3056,-0.0,99.52144217813502,0.0637398532390032,False
3057,-0.0,99.51806101441137,0.06331150187970858,False
3058,-0.0,99.51467747255336,0.06348175982964874,False
3059,-0.0,99.51129246536345,0.22593359542692276,False
3060,-0.0,99.50790693230137,0.22526385009576488,False
3061,-0.0,99.5045218395228,0.22467974867963136,False
3062,-0.0,99.50113817988085,0.22417217126791786,False
3063,-0.0,99.49775697288862,0.2240590665480599,False
3064,-0.0,99.49437926464091,0.2239847552861037,False
3065,-0.0,99.49100612769323,0.2239391134087114,False
3066,-0.0,99.48763866089638,0.22391542647357013,False
3067,-0.0,99.48427798918486,0.2239085411496324,False
3068,-0.0,99.48092526331703,0.22541501666202773,False
3069,-0.0,99.47758165956583,0.22605977363017676,False
3070,-0.0,99.47424837935787,0.22664244177696727,False
3071,-0.0,99.47092664885967,0.2271615431408488,False
3072,-0.0,99.46761771850933,0.22761638656094274,False
3073,-0.0,99.4643228624922,0.22800701534637896,False
3074,-0.0,99.46104337815918,0.23776242787685187,False
3075,-0.0,99.4577805853864,0.23771844754419105,False
3076,-0.0,99.29435483870968,0.23387467958804287,False
3077,-0.0,99.39043952518448,0.23304565725274062,False
3078,-0.0,99.38570966698998,0.2321674394832388,False
3079,-0.0,98.501303214596,0.08091734585629502,False
3080,-0.0,99.43641934777851,0.08096583222171619,False
3081,-0.0,99.43641934777851,0.08101126503156973,False
3082,-0.0,99.43641934777851,0.09419474033309631,False
3083,-0.0,99.43641934777851,0.23172746732769944,False
3084,-0.0,99.43641934777851,0.23185371559826454,False
3085,-0.0,99.43641934777851,0.23200084883196004,False
3086,-0.0,99.43641934777851,0.2321679143776903,False
3087,-0.0,99.43641934777851,0.23230837884848543,False
3088,-0.0,99.31057124097177,0.2309920442072192,False
3089,-0.0,99.49660757277303,0.23051138925544915,False
3090,-0.0,99.49277759400154,0.22993975027316854,False
3091,-0.0,99.48894567270304,0.22942213329959862,False
3092,-0.0,99.48511305126483,0.22895706655963238,False
3093,-0.0,99.48128101037437,0.23177484677821686,False
3094,-0.0,99.11524500907441,0.22256346391678591,False
3095,-0.0,99.42384483742157,0.22352413009920863,False
3096,-0.0,99.42053930005737,0.22461967619696543,False
3097,-0.0,99.41726286637433,0.22460133003019012,False
3098,0.12068101401352381,99.41401717335809,0.2263822001189517,False
3099,0.208180945557171,99.41080387352702,0.22790182925730978,False
3100,0.2829047929798921,99.40762463343108,0.22933904481839154,False
3101,0.3491843735073079,99.40448113207547,0.23069713015432258,False
3102,0.40907313904382653,99.17448628103101,0.2269611275645338,False
3103,0.4637773498877516,98.43282689316904,0.08517606248232773,False
3104,0.5140912790181235,99.37951807228916,0.08794415985954397,False
3105,0.560576942614533,99.37951807228916,0.08977460990941695,False
3106,0.603652249754401,99.37951807228916,0.09129807831743612,False
3107,0.6436394131461666,99.37951807228916,0.20626352538269266,False
3108,0.6807937753703206,99.37951807228916,0.2088103959304357,False
3109,0.7967286463062391,99.37951807228916,0.21717724798525984,False
3110,0.8793939303559065,99.37951807228916,0.22484334044493717,False
3111,0.9491912500871044,99.37951807228916,0.23174898989681142,False
3112,1.0104488493066097,99.37951807228916,0.2379768726869877,False
3113,1.0652163930664527,99.19277108433735,0.240161569079091,False
3114,1.114696123966521,99.44578313253012,0.24286758899356367,False
3115,1.1596780472087271,99.45246690734055,0.2924135616850212,False
3116,1.200719639829801,99.45919961543083,0.29598029010978166,False
3117,1.2382339767869435,99.36997479899196,0.2966920876292108,False
3118,1.2725381154419293,99.48478312964295,0.2984613178846007,False
3119,1.3038818925522597,99.48130277442702,0.30013157389053263,False
3120,1.3324661355215683,99.47783849423193,0.30130785251807946,False
3121,1.3584547364298434,99.4743918836328,0.3049643124748481,False
3122,1.3819829643540342,99.47096456692914,0.3081648733310537,False
3123,1.4031633649036754,99.46755819712729,0.310949731577668,False
3124,1.4220900521936763,99.46417445482867,0.3135511772736241,False
3125,1.438841894200673,99.46081504702194,0.31446053040866134,False
3126,1.4534849141043304,99.45748170577845,0.3140427790498837,False
3127,1.4660741214574515,98.54658542777355,0.2545339101373665,False
3128,1.5705555600433132,99.49559443238411,0.25301556665537717,False
3129,1.641461609380296,99.61783439490446,0.2463573449295498,False
3130,1.699176749362644,99.61560638093408,0.23992867988629754,False
3131,1.748010565122689,99.61340206185567,0.23373822665586513,False
3132,1.7899923587670896,99.61122270459406,0.2277946980736072,False
3133,1.8088321247286743,99.60906958561377,0.2224967364887071,False
3134,1.824752426366052,99.60694398951851,0.21894229375020374,False
3135,1.8378659092353011,98.69599578503689,0.1451478232979049,False
3136,1.848259997005292,99.63588215822575,0.13615632862698948,False
3137,1.8560007948051993,99.50863213811421,0.13478416292137488,False
3138,1.8611358059421002,99.61377105946593,0.16324510426206987,False
3139,1.8636957636078915,99.61271367521367,0.15879363557644172,False
3140,1.8636957636078915,99.27026846086898,0.15519131050557547,False
3141,1.8611358059421002,99.67114093959732,0.14647110189129103,False
3142,1.8560007948051993,99.66851576241375,0.13815698066599774,False
3143,1.848259997005292,99.66589390426837,0.13026390141104077,False
3144,1.8712150051271148,99.25956396544632,0.12230726992456907,False
3145,1.8885189907483602,99.60022056796251,0.11885675559711052,False
3146,1.8746130390744187,99.42345095859962,0.11974476676498609,False
3147,1.8577052878555196,99.5590088198236,0.11900734501711391,False
3148,1.8376587653813603,99.55564959796868,0.11859941433701146,False
3149,1.8142969294566478,99.55230244457078,0.1182510017642052,False
3150,1.7873919315260829,99.54896907216495,0.1179546477675911,False
3151,1.7566466903194846,99.54565123323236,0.11800955966624968,False
3152,1.7566466903194846,99.54235071916315,0.11802585503629742,False
3153,1.7566466903194846,99.53906935908692,0.11800879066505658,False
3154,1.7566466903194846,99.53580901856763,0.11796416447483528,False
3155,1.7566466903194846,99.53257159815996,0.11817019535224321,False
3156,1.7566466903194846,99.5293590318243,0.11836208232343387,False
3157,1.7566466903194846,99.52617328519855,0.11865159148616086,False
3158,1.7216663363684948,99.0704353083434,0.06190848897594868,False
3159,1.7216663363684948,99.43811693242218,0.060436131550446866,False
3160,1.7216663363684948,99.43554538520213,0.058996649046593144,False
3161,1.7216663363684948,99.43303708243947,0.057600630006930276,False
3162,1.7216663363684948,99.43059402893198,0.056259189120937934,False
3163,1.7216663363684948,99.42821820429609,0.0549838825700139,False
3164,1.7216663363684948,99.42591155934834,0.05378657884778089,False
3165,1.7216663363684948,99.42367601246106,0.05267927767768978,False
3166,1.7216663363684948,99.42151344590368,0.04980030252879258,False
3167,1.7216663363684948,99.41942570218107,0.04710241358519299,False
3168,1.7216663363684948,99.41741458038105,0.044287349531735264,False
3169,1.7216663363684948,99.41548183254345,0.041800456471697785,False
3170,1.7106286924326017,99.4136291600634,0.039518554666552866,False
3171,1.6974879378583114,99.41185821014147,0.07848313091830356,False
3172,1.6821921005345228,99.41017057229396,0.0785876743159917,False
3173,1.6646779222893304,99.40856777493606,0.07893413168637627,False
3174,1.6448690593653752,99.40705128205128,0.07948604017284935,False
3175,1.622673708257342,99.40562248995984,0.07980438821898302,False
3176,1.5979814438037503,99.404282724199,0.08025775590778948,False
3177,1.5706589475299093,99.40303323652792,0.20158766081940058,False
3178,1.5405441257848527,99.40187520206919,0.20366890571885407,False
3179,1.5074378128524164,99.40080971659918,0.20552575074449259,False
3180,1.4710917104444494,99.39983779399837,0.2071731023643948,False
3181,1.4311901883419873,99.39896036387265,0.20862495069443765,False
3182,1.387321497894607,99.39817826935588,0.20989453022713112,False
3183,1.3389293968193257,99.39749226510341,0.2109944537792576,False
3184,1.2852250313535216,99.39690301548492,0.2119368250356177,False
3185,1.225007234354214,99.39641109298532,0.21273333378285464,False
3186,1.1562273467866115,99.3960169768201,0.2133953369721198,False
3187,1.074558067274704,99.39572105177201,0.21393392802822217,False
3188,0.9595986573441049,99.39552360725372,0.21435999627087862,False
3189,0.9120433642792949,99.39542483660131,0.21465595173891958,False
3190,0.8600451249809193,99.39542483660131,0.214867239101953,False
3191,0.8028116417452926,99.09725071809602,0.20346969659577677,False
3192,0.7391385203526044,99.33234421364985,0.20305901424460224,False
3193,0.6669740736911405,99.32952570151477,0.20260574607299647,False
3194,0.6669740736911405,99.32679521276596,0.20212649727760687,False
3195,0.6669740736911405,99.3241551939925,0.20163801143591845,False
3196,0.7391385203526044,99.321608040201,0.20115715570091977,False
3197,0.8028116417452926,98.55205892199531,0.07841351390910585,False
3198,0.8600451249809193,99.21391537046328,0.07222465696401033,False
3199,0.9120433642792949,99.21470342522974,0.06635310576966538,False
3200,0.9595986573441049,99.21562082777037,0.06089760342109351,False
3201,1.0032709271829536,99.21666666666667,0.055985968468006575,False
3202,1.043475862219766,99.21783990680646,0.12682358970522467,False
3203,1.0805333164475432,99.21913939192557,0.1250107912465367,False
3204,1.114696123966521,99.22056384742952,0.12341029632645102,False
3205,1.114696123966521,99.22211188348228,0.1220220292005607,False
3206,1.114696123966521,99.22378199834847,0.12084447189766852,False
3207,1.1461683299371317,99.22557258197396,0.11987461853554815,False
3208,1.1751172867945407,99.22748191978961,0.11921650432497374,False
3209,1.201681991620676,99.22950819672131,0.11871791332637965,False
3210,1.2259790140555222,99.23164950138957,0.11835741521998742,False
3211,1.2481068205144499,99.23390383048084,0.11811294046124875,False
3212,1.2681489963097885,99.23626909327267,0.1179620484614096,False
3213,1.2407449439357603,99.23874311629413,0.1178821627768299,False
3214,1.1899285414712581,99.2413236481033,0.11785076653591335,False
3215,1.132529774880598,99.24400836416278,0.11784555439126694,False
3216,1.066503202885787,99.24679487179488,0.11784453983690392,False
3217,0.9875245214535493,99.24968071519795,0.11782611861244302,False
3218,0.875195788740725,99.25266338050564,0.11776909007595979,False
3219,0.875195788740725,99.25574030087094,0.11765263888957984,False
3220,0.875195788740725,99.25890886155787,0.11745627919199239,False
3221,0.875195788740725,99.26216640502355,0.11715976269962015,False
3222,0.8948692308065574,98.7060853199498,0.015022516221309259,False
3223,0.9127341558073343,99.17750274165753,0.014830420929559194,False
3224,0.9288391461883214,99.17853231106243,0.01548867073028573,False
3225,0.9432261548473415,99.1796875,0.016838332214555076,False
3226,0.9559312637896478,99.18096723868955,0.01867834563147067,False
3227,0.9669852958320848,99.18237034729793,0.02083435514762688,False
3228,0.976414308115487,99.18389553862895,0.022614660678885876,False
3229,0.9842399889605549,99.1855414210363,0.17892004999694763,False
3230,0.9904799742690308,99.187306501548,0.17895474201487996,False
3231,0.995148095654003,99.1891891891892,0.1789523802102389,False
3232,0.9982545693874831,99.19118779849022,0.23687135073802873,False
3233,0.999806132804711,99.19330055316533,0.408154176864972,False
3234,0.999806132804711,99.1955255899479,0.4376459841772834,False
3235,0.9982545693874831,99.19786096256685,0.4625268300798476,False
3236,0.995148095654003,99.2003046458492,0.4836658436889615,False
3237,0.9904799742690308,99.20285453993318,0.501685041283435,False
3238,0.9842399889605549,99.20550847457628,0.5170525493984731,False
3239,0.976414308115487,99.20826421354245,0.5301348707084539,False
3240,0.9669852958320848,99.21111945905335,0.5412283269101713,False
3241,0.9559312637896478,99.21407185628742,0.5505790484629104,False
3242,0.9432261548473415,99.21711899791232,0.5583962620606129,False
3243,0.9288391461883214,99.22025842863508,0.5648614535845824,False
3244,0.9127341558073343,99.22348764975595,0.5701348841302402,False
3245,0.8948692308065574,99.22680412371135,0.574360345311095,False
3246,0.875195788740725,99.23020527859238,0.5776687057739355,False
3247,0.8536576732793313,99.23368851262589,0.5801806036590825,False
3248,0.8301899714180443,99.23725119860526,0.5820085190096166,False
3249,0.804717519321077,98.39722763699372,0.5556907498874256,False
3250,0.7771529943226336,99.13904433921653,0.5566069148390149,False
3251,0.7473944462440387,99.14450702217152,0.55716030311476,False
3252,0.7153220528038851,98.4605561861521,0.5353989462076504,False
3253,0.6807937753703206,97.6599943614322,0.4198546019318545,False
3254,0.6436394131461666,98.3895812911357,0.3890293072318258,False
3255,0.603652249754401,98.40033384337181,0.3591096769180908,False
3256,0.560576942614533,98.41116330478033,0.33026024038275004,False
3257,0.677903479475398,98.42206366630077,0.30255587979689574,False
3258,0.7619882811604883,98.43302902302766,0.27693606653209635,False
3259,0.8332341082038748,98.44405357867677,0.25337617336959867,False
3260,0.8959704136014894,98.45513164965072,0.23133472175324035,False
3261,0.9522481488898977,98.46625766871166,0.2119290601415913,False
3262,1.0032709271829536,98.47742618826956,0.195744166383489,False
3263,1.0498302157100041,98.4886318832961,0.18205810582656767,False
3264,1.0498302157100041,98.49986955387425,0.16955119628490292,False
3265,1.0498302157100041,98.51113412739514,0.15956589993284623,False
3266,1.0924850533852573,98.52242066041372,0.15218970284113834,False
3267,1.1316501862018717,98.53372434017595,0.14740119095768056,False
3268,1.1676444621356104,98.54504048582996,0.15219156367495615,False
3269,1.200719639829801,98.55636454933467,0.15727677575814758,False
3270,1.2310786130055862,98.56769211607921,0.16339110253786002,False
3271,1.2588874993443833,98.57901890522673,0.17011406494134307,False
3272,1.2842839696213428,98.59034076979651,0.1770858545904483,False
3273,1.30738316633364,98.60165369649805,0.1840052257092878,False
3274,1.3282820174272938,98.61295380533109,0.19062079012698172,False
3275,1.30962049684272,98.62423734896518,0.19672027293593602,False
3276,1.2861766890619075,98.63550071191267,0.20211998563230685,False
3277,1.2574580300524587,98.63497293480819,0.20686263673326866,False
3278,1.2072640872959293,98.6754580464465,0.20987144122074833,False
3279,1.15047181636257,98.68497614337251,0.21167572625244152,False
3280,1.0850365744330073,98.69459271292644,0.21325545465583068,False
3281,1.0066347974846968,98.7043035631652,0.2136648867441499,False
3282,0.8948692308065574,98.71410448621843,0.21278170964718957,False
3283,0.8948692308065574,98.7239912633636,0.2116447411348317,False
3284,0.8948692308065574,98.7339596700275,0.21149780782583716,False
3285,0.8948692308065574,98.74400548070335,0.21124829411725551,False
3286,0.8948692308065574,98.75412447377404,0.2108993653198172,False
3287,0.8948692308065574,98.76431243623172,0.20817332910240063,False
3288,0.8948692308065574,98.32843912355997,0.20406742132443703,False
3289,0.8948692308065574,98.84675967596759,0.20058669239270463,False
3290,0.8948692308065574,98.85430056446656,0.19689155783272336,False
3291,0.8948692308065574,98.86186986453475,0.1929988916667756,False
3292,0.8948692308065574,98.8694645122153,0.23156528275207194,False
3293,0.8948692308065574,98.8770815074496,0.23254558151429505,False
3294,0.8948692308065574,98.88471791523857,0.23357262927892478,False
3295,0.8948692308065574,98.89237086665226,0.2346391989541542,False
3296,0.8948692308065574,98.90003755969309,0.23573859271897105,False
3297,0.8948692308065574,98.90771526001706,0.23686462101778452,False
3298,0.8948692308065574,98.91540130151844,0.23801157987805513,False
3299,0.8948692308065574,98.92309308678294,0.23849750153566499,False
3300,0.8948692308065574,98.9307880874146,0.23909978687956623,False
3301,0.8948692308065574,98.93848384424192,0.23980689012335996,False
3302,0.8948692308065574,98.94617796740863,0.24060767819056397,False
3303,0.8948692308065574,98.95386813635436,0.238463786563631,False
3304,0.8948692308065574,98.961552099691,0.24167309483511154,False
3305,0.8948692308065574,98.96922767497989,0.2694560364852755,False
3306,0.8948692308065574,98.97689274841544,0.2760913758770523,False
3307,0.8948692308065574,98.91024370913414,0.28407308494480593,False
3308,0.8948692308065574,99.02659652917752,0.28887856637374376,False
3309,0.8948692308065574,99.02659652917752,0.29371208833900125,False
3310,0.8948692308065574,99.02659652917752,0.29854274566111644,False
3311,0.9127341558073343,99.02659652917752,0.29627833847027174,False
3312,0.9288391461883214,98.25475640332334,0.27208364696895265,False
3313,0.9432261548473415,99.10525539550662,0.27571818804806336,False
3314,0.9559312637896478,99.11404796867352,0.2789539430745128,False
3315,0.9669852958320848,99.12284976365675,0.2818177596290792,False
3316,0.976414308115487,99.13165809643931,0.28433378701039747,False
3317,0.976414308115487,99.140470326911,0.2867376885254998,False
3318,0.9669852958320848,99.14928386042487,0.2886993685882155,False
3319,0.9559312637896478,99.15809614924659,0.29108266547107225,False
3320,0.9432261548473415,99.16690469389698,0.2932335408843074,False
3321,0.9288391461883214,99.17570704438864,0.29515213416261626,False
3322,0.9127341558073343,99.1845008013576,0.291684183745653,False
3323,0.8948692308065574,98.87903944467895,0.2935914533213119,False
3324,0.875195788740725,99.23938404106393,0.29090998556821274,False
3325,0.875195788740725,98.4414372375175,0.2651377348659745,False
3326,0.875195788740725,99.30471301913205,0.257790744202715,False
3327,0.8536576732793313,99.31293811800752,0.2502723057073832,False
3328,0.8301899714180443,99.32114159046827,0.24259029972893473,False
3329,0.804717519321077,99.32932151224217,0.23475147671783267,False
3330,0.7771529943226336,99.33747601206251,0.2267613607571721,False
3331,0.7473944462440387,99.04567143830947,0.22810710044828894,False
3332,0.7153220528038851,99.3853385157733,0.2706210541662506,False
3333,0.6807937753703206,99.39059909486042,0.2617158053216124,False
3334,0.6436394131461666,99.39582407818747,0.2529453488281403,False
3335,0.603652249754401,99.40101299273287,0.24448167752744046,False
3336,0.560576942614533,99.40616540040172,0.2359788318245252,False
3337,0.5140912790181235,99.4156097138652,0.22751781076156796,False
3338,0.4637773498877516,99.42065058793237,0.21954062897690155,False
3339,0.4637773498877516,99.42810806196918,0.21169077650096046,False
3340,0.4637773498877516,99.43553178847297,0.20399777031526253,False
3341,0.4637773498877516,99.44292044735177,0.19649405855836055,False
3342,0.5819881552488825,99.16438067102764,0.19688683633917162,False
3343,0.6669740736911406,99.41759864950411,0.19311581597808297,False
3344,0.7391385203526044,99.41759864950411,0.1898718465403204,False
3345,0.8028116417452926,99.41759864950411,0.18714543796359503,False
3346,0.8600451249809193,99.41759864950411,0.1849240222629375,False
3347,0.9120433642792949,99.41759864950411,0.18319202160576295,False
3348,0.959598657344105,99.41759864950411,0.1819349120870425,False
3349,1.0032709271829536,99.41759864950411,0.1811321667229144,False
3350,1.0434758622197662,99.41759864950411,0.18076348182824914,False
3351,1.0805333164475432,99.41759864950411,0.18080711698640714,False
3352,1.114696123966521,98.58581619806967,0.08256046273221457,False
3353,1.1461683299371317,99.37413944173238,0.08445320195997871,False
3354,1.1751172867945407,99.38189662324733,0.08690498174970526,False
3355,1.201681991620676,99.3896152101291,0.08535164243948255,False
3356,1.2259790140555222,99.39729397293974,0.09082987104671349,False
3357,1.2481068205144499,99.40493173018137,0.09550579641943595,False
3358,1.2681489963097885,99.41252734786484,0.09949461414014804,False
3359,1.2861766890619075,99.42007973903588,0.10287838602675205,False
3360,1.3022504881911108,99.42758786326155,0.10571743737426471,False
3361,1.3164218868227548,99.43505072607917,0.10805703244476783,False
3362,1.3287344279695676,99.44246737841044,0.11025698498781397,False
3363,1.3392246071829446,99.44983691594294,0.1107517516215858,False
3364,1.347922583568817,99.4571584784816,0.11082970211492922,False
3365,1.3548527368476762,99.46443124927232,0.11050970803317968,False
3366,1.360034097940745,99.47165445430004,0.10980508744837604,False
3367,1.3634806730596907,99.47882736156352,0.10872409153885271,False
3368,1.3652016755898781,99.485949280329,0.10726354207367039,False
3369,1.3652016755898781,99.49301956036473,0.10542099751118837,False
3370,1.3652016755898781,99.50003759115856,0.10318434735363742,False
3371,1.3652016755898781,99.50700280112045,0.10053432758288071,False
3372,1.3271059259290725,99.5139146567718,0.09744300060814896,False
3373,1.2834031297544843,99.52077266192354,0.18804225161504823,False
3374,1.2329087607099036,99.52757635684465,0.18777873475245233,False
3375,1.1735894123234427,99.40699239640557,0.18931016771469103,False
3376,1.1011317995692318,99.56270328876039,0.1879915293848762,False
3377,0.995148095654003,99.56270328876039,0.1868783771123383,False
3378,0.995148095654003,99.56270328876039,0.18596781791621722,False
3379,0.995148095654003,99.56270328876039,0.185256217416188,False
3380,0.995148095654003,99.56270328876039,0.18473922153651504,False
3381,0.995148095654003,99.56270328876039,0.18268056156398554,False
3382,0.995148095654003,99.56270328876039,0.18311028261816276,False
3383,0.995148095654003,99.56270328876039,0.18425716313510304,False
3384,0.995148095654003,99.56270328876039,0.18363814502524267,False
3385,0.995148095654003,99.56270328876039,0.18398361532758647,False
3386,0.995148095654003,99.56270328876039,0.1841991711552296,False
3387,0.995148095654003,99.56270328876039,0.1844031298405115,False
3388,0.995148095654003,99.56270328876039,0.1845922594145637,False
3389,0.995148095654003,99.56270328876039,0.1847574714104738,False
3390,0.995148095654003,99.56270328876039,0.1848440555274091,False
3391,0.995148095654003,99.56270328876039,0.1849127912631584,False
3392,0.995148095654003,99.56270328876039,0.18496405352746714,False
3393,0.995148095654003,98.80014456089627,0.0882503564165116,False
3394,0.995148095654003,99.61329960245753,0.08527628220850858,False
3395,0.995148095654003,99.61945790701849,0.08204008349603698,False
3396,0.995148095654003,99.62556165751373,0.07852678881090061,False
3397,0.995148095654003,99.63161064078496,0.07471487726387133,False
3398,0.995148095654003,99.63760467243685,0.07057376138373213,False
3399,0.995148095654003,99.64354359601607,0.06605969810149798,False
3400,0.995148095654003,99.64942728219368,0.06110877323350281,False
3401,0.995148095654003,99.55183231633744,0.06106999771174932,False
3402,0.995148095654003,99.67472437170444,0.05357777326400077,False
3403,0.9904799742690308,99.67472437170444,0.04564129311440656,False
3404,0.9842399889605549,99.5964682348072,0.04544626918441549,False
3405,0.976414308115487,99.64563646470262,0.041814427082064363,False
3406,0.9669852958320848,99.64305711086226,0.03909833206140604,False
3407,0.9559312637896478,99.64046528022558,0.036834867702202324,False
3408,0.9432261548473415,99.63786125115388,0.03505011488733838,False
3409,0.9288391461883214,99.6348535834467,0.03379225346872777,False
3410,0.9127341558073343,99.62821253248629,0.033351366882944364,False
3411,0.8948692308065574,99.62512738389867,0.03335556687562288,False
3412,0.875195788740725,99.62201834862385,0.03399508340048374,False
3413,0.8536576732793313,99.61888551764967,0.21424450433022796,False
3414,0.8301899714180443,99.61572899567228,0.214846442568874,False
3415,0.804717519321077,99.61254890159495,0.21541831698102376,False
3416,0.7771529943226336,99.60934536903588,0.2934023168824391,False
3417,0.7473944462440387,99.60611854684512,0.29343448849289117,False
3418,0.7153220528038851,99.60286859962986,0.29351165053626127,False
3419,0.6807937753703206,99.59959570828798,0.29363514276894764,False
3420,0.6436394131461666,99.5963000705495,0.2938057081947405,False
3421,0.603652249754401,99.59298190152533,0.29402253990530125,False
3422,0.560576942614533,99.58964143426294,0.2942851507189478,False
3423,0.5140912790181235,99.58627892030849,0.2942799794490011,False
3424,0.4637773498877516,99.58289463027457,0.29494116290074446,False
3425,0.40907313904382653,99.57948885441333,0.3478706770370071,False
3426,0.3491843735073079,99.57606190319395,0.3496372940059238,False
3427,0.2829047929798921,99.57261410788382,0.3513596337214067,False
3428,0.208180945557171,99.56914582113276,0.3530381524140738,False
3429,0.12068101401352381,99.56565741755925,0.3546734620688753,False
3430,0.12068101401352381,99.5621492943377,0.3562662940735239,False
3431,0.12068101401352381,99.55862187178609,0.39056968138505915,False
3432,0.12068101401352381,99.55507559395248,0.3915858524562255,False
3433,-0.0,98.65658747300216,0.33090095341212183,False
3434,-0.0,99.49028077753779,0.3319576806670538,False
3435,-0.0,99.49028077753779,0.33310788279154346,False
3436,-0.0,98.6695464362851,0.26895861059934306,False
3437,-0.0,99.55507559395248,0.2704535884592789,False
3438,-0.0,99.55850835833691,0.27305357341766046,False
3439,-0.0,99.56192582511058,0.2755218964521813,False
3440,-0.0,99.56532748143147,0.2778546832345161,False
3441,-0.0,99.56871283812076,0.2800499304443587,False
3442,-0.0,99.57208142916494,0.28210548225066295,False
3443,-0.0,99.51772464962902,0.28226813763826025,False
3444,-0.0,99.60739407819402,0.33734615211993035,False
3445,-0.0,98.68513251720869,0.282314905344241,False
3446,-0.0,99.64273845131272,0.2799698396997685,False
3447,-0.0,99.64279780694467,0.2777408225432582,False
3448,-0.0,99.64288680342165,0.27746848448691763,False
3449,-0.0,99.64300539643006,0.2785343140647389,False
3450,-0.0,99.64315352697095,0.3616295341775851,False
3451,-0.0,98.76934474810669,0.3274916124642147,False
3452,-0.0,99.59581938433902,0.32909543442442873,False
3453,-0.0,99.59909289706002,0.33029942391751593,False
3454,-0.0,99.60234575835476,0.3311792810338672,False
3455,-0.0,99.60557768924303,0.3316793742279403,False
3456,-0.0,99.60878842962143,0.33261198866249597,False
3457,-0.0,99.59238065375872,0.3335441020646775,False
3458,-0.0,99.63458249105894,0.33320320619890653,False
3459,-0.0,99.63458249105894,0.33261065714807436,False
3460,-0.0,99.63458249105894,0.33179493777554836,False
3461,-0.0,99.63458249105894,0.33078422143321345,False
3462,0.12068101401352381,99.63458249105894,0.33012686341264846,False
3463,0.208180945557171,99.51827047350487,0.33108363122998824,False
3464,0.2829047929798921,98.67230642697686,0.27498024536866184,False
3465,0.3491843735073079,99.46735597070457,0.2758105983182796,False
3466,0.40907313904382653,99.46735597070457,0.276439447001306,False
3467,0.4637773498877516,99.46735597070457,0.27678750420649184,False
3468,0.5140912790181235,99.34895833333333,0.27504998530276886,False
3469,0.560576942614533,99.29980903882877,0.27184386948963085,False
3470,0.603652249754401,98.44048376830044,0.23191954198877926,False
3471,0.6436394131461666,99.23615531508594,0.22771215374253592,False
3472,0.6436394131461666,99.23615531508594,0.22432448588350745,False
3473,0.6436394131461666,99.23615531508594,0.22185650469164733,False
3474,0.6436394131461666,99.23615531508594,0.2202003777224543,False
3475,0.6436394131461666,99.23615531508594,0.2186576883928522,False
3476,0.6436394131461666,99.23615531508594,0.21652346820660479,False
3477,0.6436394131461666,99.23615531508594,0.21584704019996095,False
3478,0.6436394131461666,99.23615531508594,0.21580438878383487,False
3479,0.6436394131461666,99.23615531508594,0.2162122033430875,False
3480,0.6436394131461666,99.23615531508594,0.2169675720218219,False
3481,0.6436394131461666,99.23615531508594,0.21712506566412554,False
3482,0.6436394131461666,99.23615531508594,0.21671400158401147,False
3483,0.6436394131461666,99.23615531508594,0.21653473186328975,False
3484,0.6436394131461666,99.23615531508594,0.21656182188669873,False
3485,0.6436394131461666,99.23615531508594,0.21676828025581893,False
3486,0.6436394131461666,99.23615531508594,0.21712579795023462,False
3487,0.6436394131461666,99.23615531508594,0.21760496837302976,False
3488,0.6436394131461666,99.23615531508594,0.21816662177666066,False
3489,0.6436394131461666,99.23615531508594,0.21879738217908004,False
3490,0.6436394131461666,98.44048376830044,0.11784806977703051,False
3491,0.6436394131461666,99.3037873965627,0.11798365313176234,False
3492,0.6436394131461666,99.31344696969697,0.11723075057716817,False
3493,0.6436394131461666,99.32300226970338,0.11541642107710161,False
3494,0.6436394131461666,99.332453621051,0.11257064203651428,False
3495,0.6436394131461666,99.3418013856813,0.11024466870124058,False
3496,0.6436394131461666,99.343411207818,0.10742100871881402,False
3497,0.6436394131461666,99.36775952146589,0.10249615930718751,False
3498,0.6436394131461666,99.36775952146589,0.09694478519778746,False
3499,0.6436394131461666,99.36775952146589,0.09099899446712065,False
3500,0.6436394131461666,99.36775952146589,0.08473605924452936,False
3501,0.6436394131461666,99.36775952146589,0.19102499726030836,False
3502,0.6436394131461666,99.36775952146589,0.19014757056832107,False
3503,0.6436394131461666,99.36775952146589,0.1894990657461577,False
3504,0.6436394131461666,99.36775952146589,0.18908130088854874,False
3505,0.6436394131461666,99.36775952146589,0.18889519193436238,False
3506,0.6436394131461666,99.36775952146589,0.1889407265744492,False
3507,0.6436394131461666,99.36775952146589,0.18920979968887902,False
3508,0.6436394131461666,99.36775952146589,0.18971480186379575,False
3509,0.6436394131461666,99.36775952146589,0.19044436884021734,False
3510,0.6436394131461666,99.36775952146589,0.1913855237998031,False
3511,0.6436394131461666,99.36775952146589,0.19063836997394962,False
3512,0.6436394131461666,99.36775952146589,0.1912223097648507,False
3513,0.6436394131461666,99.36775952146589,0.1918018997527486,False
3514,0.6436394131461666,99.36775952146589,0.19237504255176865,False
3515,0.6436394131461666,99.36775952146589,0.19293966516891253,False
3516,0.6436394131461666,99.36775952146589,0.1934937178423354,False
3517,0.6436394131461666,99.36775952146589,0.25172668900337747,False
3518,0.6436394131461666,99.36775952146589,0.252016167524354,False
3519,0.6436394131461666,99.36775952146589,0.2524261411620902,False
3520,0.6436394131461666,99.36775952146589,0.2529527594831988,False
3521,0.6436394131461666,98.5840841977739,0.18522363078083756,False
3522,0.6436394131461666,99.42076171727115,0.18538716824559098,False
3523,0.603652249754401,99.4286143898955,0.1855556264304145,False
3524,0.677903479475398,99.43639892505226,0.18572049667458052,False
3525,0.7164037343212466,99.44411503112956,0.1858724655315815,False
3526,0.7391385203526044,99.45176245492678,0.18600150891377829,False
3527,0.7498765864518436,99.45934098049244,0.18610425285025556,False
3528,0.7498765864518436,99.4668504279704,0.18538044380931787,False
3529,0.8030751519901475,99.47429065245571,0.18583453637107117,False
3530,0.8154503569436469,99.48166154286123,0.1859894035528041,False
3531,0.8030751519901475,99.38871809537427,0.2322584915982984,False
3532,0.7498765864518436,99.46736255094015,0.23372310440463825,False
3533,0.8075738393756748,99.46736255094015,0.2368622686864797,False
3534,0.8600451249809193,99.46736255094015,0.23977305273838112,False
3535,0.908083119686079,99.46736255094015,0.24247936499418482,False
3536,0.9522481488898977,99.46736255094015,0.24500246738845372,False
3537,0.9929563290994998,98.6620767975016,0.18833734118103637,False
3538,1.0305279703180825,99.43277903043969,0.19138678046811125,False
3539,1.0652163930664527,99.44040290990486,0.19407028957361527,False
3540,1.0972261621017099,99.44795500312479,0.1964185038383821,False
3541,1.1267251857192597,99.45543530709313,0.1984590351062534,False
3542,1.1538530565800798,99.46284384836459,0.20009323755978875,False
3543,1.1787269834988532,99.47018068197256,0.2014393012389064,False
3544,1.2014461200230289,99.47744589036478,0.20116440432407498,False
3545,1.2220947914756688,99.48463958235727,0.20136733995792666,False
3546,1.2407449439357603,99.49176189210736,0.20129201085845103,False
3547,1.2574580300524587,99.49881297810605,0.20095903444850863,False
3548,1.2722864781512913,99.4763369771552,0.2005948942787477,False
3549,1.2852748466470731,99.52569683581314,0.19889694156956064,False
3550,1.296460736137167,99.52569683581314,0.1974523485185724,False
3551,1.305875511291131,98.78500422324736,0.14006910241170414,False
3552,1.3135448704851067,99.56792930933662,0.13578634559729852,False
3553,1.3135448704851067,99.61627756997291,0.1284635270357851,False
3554,1.3135448704851067,99.61627756997291,0.1212946292230823,False
3555,1.3135448704851067,99.61627756997291,0.2183846272656722,False
3556,1.3135448704851067,99.61627756997291,0.21496258509124908,False
3557,1.3135448704851067,99.61627756997291,0.2117037872386605,False
3558,1.3135448704851067,99.61627756997291,0.20859598295604945,False
3559,1.3135448704851067,99.61627756997291,0.20563822994849687,False
3560,1.3135448704851067,99.61627756997291,0.20280267666920515,False
3561,1.3135448704851067,99.61627756997291,0.20008045300095523,False
3562,1.3135448704851067,99.61627756997291,0.19792215260661672,False
3563,1.3135448704851067,99.61627756997291,0.19586709750384193,False
3564,1.3135448704851067,99.56792930933662,0.19528943037295698,False
3565,1.3194892909924263,99.59416115729528,0.19405171305280583,False
3566,1.3237243701143493,99.59113690319177,0.19294355309240283,False
3567,1.3262610770456722,99.58809460536806,0.19195796457930286,False
3568,1.3271059259290725,99.58503446891105,0.19162349956097896,False
3569,1.3262610770456722,99.58195671229183,0.19136819116176845,False
3570,1.3237243701143493,99.47036056223263,0.19097034798555027,False
3571,1.3237243701143493,99.5452680525164,0.19101451578450981,False
3572,1.3237243701143493,99.5351879906349,0.1910535199620723,False
3573,1.3237243701143493,99.52499826641703,0.19105085934598562,False
3574,1.3237243701143493,99.51469869422526,0.19097470400225247,False
3575,1.3237243701143493,98.70819076880106,0.0422265037413135,False
3576,1.3237243701143493,99.46581942601773,0.04075475002723003,False
3577,1.3237243701143493,99.46581942601773,0.039295234477320466,False
3578,1.3237243701143493,99.46581942601773,0.037885019891809826,False
3579,1.3237243701143493,99.46581942601773,0.036501187389835585,False
3580,1.3237243701143493,99.46581942601773,0.03527401148175429,False
3581,1.3237243701143493,99.46581942601773,0.03413548934707049,False
3582,1.3237243701143493,99.46581942601773,0.031102705849388342,False
3583,1.3194892909924263,99.46581942601773,0.02821497724078161,False
3584,1.3194892909924263,99.46581942601773,0.025676813032397574,False
3585,1.278417365535648,99.46581942601773,0.023537641802218588,False
3586,1.2304597034223903,99.46581942601773,0.021020568075921973,False
3587,1.173589412323443,99.46581942601773,0.01876708526002821,False
3588,1.1011317995692318,99.46581942601773,0.016808417759881757,False
3589,1.1011317995692318,99.46581942601773,0.015175877000956404,False
3590,1.1034990673875955,99.46581942601773,0.013893926725106209,False
3591,1.1042875713905729,99.46581942601773,0.012969559903369359,False
3592,1.1034990673875955,99.46581942601773,0.012381308521100842,False
3593,1.1011317995692318,99.46581942601773,0.012074264154740425,False
3594,1.0971804769523517,99.46581942601773,0.011965256029498415,False
3595,1.0916362019205923,99.46581942601773,0.011934474325730825,False
3596,1.0844863484244938,99.46581942601773,0.011934064628959799,False
3597,1.0757143856082798,99.46581942601773,0.011889277268980309,False
3598,1.065299640553338,99.46581942601773,0.01970932238458459,False
3599,1.0532169913190044,99.46581942601773,0.020660585048313706,False
3600,1.0394364783172854,99.46581942601773,0.021671593011164714,False
3601,1.0239228180015463,99.46581942601773,0.02286486692965932,False
3602,1.0066347974846968,99.46581942601773,0.024128996446506595,False
3603,0.9875245214535493,99.46581942601773,0.025460463683984018,False
3604,0.9665364727522964,99.46581942601773,0.026858446083778294,False
3605,0.9436063339556555,99.46581942601773,0.028323703282764828,False
3606,0.9186594970880807,99.46581942601773,0.030441610759346125,False
3607,0.8916091590804429,99.46581942601773,0.03260041048176322,False
3608,0.8623538561746379,99.46581942601773,0.034790025102618395,False
3609,0.830774222099454,99.46581942601773,0.037001463844973236,False
3610,0.7967286463062392,99.46581942601773,0.039226630401747065,False
3611,0.7600473303889541,99.46581942601773,0.04145816873737004,False
3612,0.720523936685393,99.46581942601773,0.043689340198093216,False
3613,0.677903479475398,99.46581942601773,0.045913925837202815,False
3614,0.677903479475398,99.46581942601773,0.04812614879961401,False
3615,0.677903479475398,99.46581942601773,0.05032061259342426,False
3616,0.677903479475398,99.46581942601773,0.052492251951807255,False
3617,0.677903479475398,99.46581942601773,0.05463629371495341,False
3618,0.677903479475398,99.39498399521615,0.2131775312872483,False
3619,0.677903479475398,99.43298603728117,0.21424557934812258,False
3620,0.677903479475398,99.42875504302188,0.2151489133270866,False
3621,0.677903479475398,99.4245018344004,0.29080707503143854,False
3622,0.677903479475398,99.42022683625032,0.29068656066736226,False
3623,0.677903479475398,99.41593049572899,0.29057035616688653,False
3624,0.677903479475398,99.41161328283015,0.29046903144569114,False
3625,0.677903479475398,99.40727569089427,0.29039265970385375,False
3626,0.6318640827062832,99.4029182371161,0.2903508161794073,False
3627,0.5819881552488825,99.39854146304789,0.29035257443547446,False
3628,0.5277139815252946,99.39414593509788,0.29040650072236435,False
3629,0.46824757305098735,99.3897322450225,0.2904938608660884,False
3630,0.4023829390456117,99.38530101041147,0.2906326870048391,False
3631,0.32806688317929317,99.38085287516446,0.2903324846058491,False
3632,0.32806688317929317,99.37638850995829,0.2910670637720313,False
3633,0.32806688317929317,99.37190861270315,0.2917808345703373,False
3634,0.32806688317929317,99.36741390898668,0.2924723438078594,False
3635,0.32806688317929317,99.36290515250458,0.2931402637684167,False
3636,0.32806688317929317,99.3583831254762,0.2937833924854955,False
3637,0.32806688317929317,99.35384863904369,0.2944006539902427,False
3638,0.32806688317929317,98.49365963977061,0.21105583760207974,False
3639,0.32806688317929317,99.28519505694209,0.2112199486962852,False
3640,0.32806688317929317,99.28519505694209,0.21149298490947815,False
3641,0.32806688317929317,98.49769808577659,0.08323715479456162,False
3642,0.32806688317929317,99.35384863904369,0.08631970619305374,False
3643,0.32806688317929317,99.3583831254762,0.08912548676943288,False
3644,0.24096783080307266,99.36290515250458,0.09163853132771711,False
3645,0.24096783080307266,99.36741390898668,0.09384446467049738,False
3646,0.24096783080307266,99.37190861270315,0.09572984522243982,False
3647,0.24096783080307266,99.37638850995829,0.0972816265681678,False
3648,0.24096783080307266,99.38085287516446,0.09848668595630398,False
3649,0.12068101401352381,99.38530101041147,0.09833801783283354,False
3650,-0.0,99.3897322450225,0.09784401231315444,False
3651,0.12068101401352381,99.3070544132682,0.09847074149855911,False
3652,0.208180945557171,99.42485527403954,0.09538908069967168,False
3653,0.2829047929798921,99.42485527403954,0.09218984153021664,False
3654,0.3491843735073079,99.42485527403954,0.08887367451028391,False
3655,0.40907313904382653,99.42485527403954,0.08544022821443664,False
3656,0.4637773498877516,99.42485527403954,0.08188794529024401,False
3657,0.4637773498877516,99.42485527403954,0.07821377736797239,False
3658,0.4637773498877516,99.42485527403954,0.07441278198450103,False
3659,0.4637773498877516,99.42485527403954,0.07047754250832133,False
3660,0.4637773498877516,99.42485527403954,0.0663973132534477,False
3661,0.4637773498877516,99.42485527403954,0.06215672071086285,False
3662,0.4637773498877516,99.42485527403954,0.057730063992529335,False
3663,0.4637773498877516,99.42485527403954,0.05309026545040714,False
3664,0.4637773498877516,99.42485527403954,0.0481885257023837,False
3665,0.4637773498877516,99.42485527403954,0.04294865896526151,False
3666,0.4637773498877516,99.42485527403954,0.03724256228767165,False
3667,0.4637773498877516,99.42485527403954,0.030828245507962756,False
3668,0.4637773498877516,99.42485527403954,0.02314283938132471,False
3669,0.4637773498877516,99.42485527403954,0.0351754108660183,False
3670,0.4637773498877516,99.42485527403954,0.034006854688477126,False
3671,0.4637773498877516,99.42485527403954,0.03385913884629167,False
3672,0.4637773498877516,99.42485527403954,0.03607211212486137,False
3673,0.4637773498877516,99.42485527403954,0.0390494023995919,False
3674,0.4637773498877516,99.42485527403954,0.04271384811135591,False
3675,0.4637773498877516,99.42485527403954,0.04697148587845077,False
3676,0.4637773498877516,99.42485527403954,0.051728990148654876,False
3677,0.4637773498877516,99.42485527403954,0.05690242255950015,False
3678,0.4637773498877516,99.42485527403954,0.062419901335878596,False
3679,0.4637773498877516,99.42485527403954,0.06822112981383313,False
3680,0.4637773498877516,99.42485527403954,0.0742557268374773,False
3681,0.4637773498877516,99.42485527403954,0.08048134650388379,False
3682,0.4637773498877516,99.42485527403954,0.08686441507062011,False
3683,0.4637773498877516,99.42485527403954,0.2327964716583226,False
3684,0.5140912790181235,99.42485527403954,0.23331827932396879,False
3685,0.560576942614533,99.42485527403954,0.2338009851437587,False
3686,0.603652249754401,99.42485527403954,0.23424402027009353,False
3687,0.6436394131461666,99.42485527403954,0.23464711646423894,False
3688,0.6807937753703206,99.42485527403954,0.2349604536408865,False
3689,0.7153220528038851,99.29204209888695,0.23335669521881064,False
3690,0.830774222099454,99.38233948452036,0.23342377277376913,False
3691,0.9129467467841514,99.37029642144064,0.23334079459250287,False
3692,0.9822408213425595,99.35813162168432,0.23309364223028314,False
3693,1.0429842335712594,99.34584533914804,0.23266973846053426,False
3694,1.0972261621017096,99.33343789209536,0.2320579502385157,False
3695,1.0972261621017096,99.32090966519267,0.23124849909574877,False
3696,1.0972261621017096,99.30826111155284,0.23225917474183871,False
3697,1.0972261621017096,99.29549275478344,0.2310648057994503,False
3698,1.0972261621017096,99.2826051910366,0.22962967467739767,False
3699,1.0972261621017096,99.26959909105665,0.22798237788396467,False
3700,1.0972261621017096,99.2564752022224,0.2261301594817436,False
3701,1.0972261621017096,99.24323435057991,0.22410066208281562,False
3702,1.0972261621017096,99.22987744286188,0.22191196125132204,False
3703,1.0972261621017096,98.40363454484829,0.0523352053881905,False
3704,1.0972261621017096,99.26575480406143,0.05192935213891166,False
3705,1.0972261621017096,99.26304329620635,0.052302265998431935,False
3706,1.0972261621017096,99.26040447935819,0.053474553559960385,False
3707,1.0972261621017096,99.25783855903936,0.055414337715827905,False
3708,1.0972261621017096,99.25950578251103,0.05824897776125991,False
3709,1.0972261621017096,99.2570764505686,0.06163784162768317,False
3710,1.0972261621017096,99.2570764505686,0.0655569518808593,False
3711,1.0972261621017096,99.2570764505686,0.06986635794392189,False
3712,1.0652163930664527,99.2570764505686,0.06944240990130701,False
3713,1.0305279703180825,99.2570764505686,0.0771574646189367,False
3714,0.9929563290994997,99.2570764505686,0.081231206642189,False
3715,0.9522481488898977,99.2570764505686,0.08462950081389145,False
3716,0.9080831196860789,99.1316631351531,0.08192235458500072,False
3717,0.8600451249809193,99.2431173583964,0.08433999335508117,False
3718,0.8600451249809193,99.25078043704474,0.08635279242131245,False
3719,0.8600451249809193,99.25851870365742,0.08792886273249093,False
3720,0.8600451249809193,99.26633040143399,0.08908411999676917,False
3721,0.8600451249809193,99.2742137315425,0.08978237830952192,False
3722,0.8600451249809193,99.28216685447185,0.09000958890066553,False
3723,0.8600451249809193,99.2901878914405,0.08975415141352198,False
3724,0.8600451249809193,99.2982749258594,0.19545956391910124,False
3725,0.8600451249809193,99.30642600484666,0.19622456248215303,False
3726,0.8600451249809193,99.31463914079151,0.2593808223702544,False
3727,0.8600451249809193,99.32291231296497,0.25938689522265845,False
3728,0.8600451249809193,99.33124346917451,0.259426848756074,False
3729,0.8600451249809193,99.33963052745966,0.259512531342157,False
3730,0.8600451249809193,99.34807137782607,0.25835045387499106,False
3731,0.8600451249809193,99.35656388401438,0.2591179434693095,False
3732,0.8600451249809193,99.2439747713128,0.26100648367156787,False
3733,0.8600451249809193,99.39874739039666,0.2605043100710399,False
3734,0.8600451249809193,99.39472909923921,0.2608359329266016,False
3735,0.8600451249809193,99.39070830159939,0.2612308266235767,False
3736,0.8600451249809193,99.3866859747008,0.26168513241576974,False
3737,0.8600451249809193,99.3826631226957,0.2621944761439554,False
3738,0.9080831196860789,99.37864077669903,0.2627540374531536,False
3739,0.9522481488898977,99.3746199947885,0.26335664874516995,False
3740,0.9929563290994997,99.37060186196949,0.2639972466332669,False
3741,1.0305279703180825,99.36658749010293,0.2646696448400967,False
3742,1.0652163930664527,99.3625780177947,0.30859426580261595,False
3743,1.0972261621017096,99.35857461024499,0.31072627727267843,False
3744,1.1267251857192595,98.53883734480749,0.2662608973713397,False
3745,1.1267251857192595,99.40019843059439,0.27347791929043963,False
3746,1.1267251857192595,98.53579904177674,0.22340900663589278,False
3747,1.1267251857192595,99.36872054770161,0.2531843945444851,False
3748,1.1267251857192595,99.38208942048814,0.2637424358524507,False
3749,1.1267251857192595,99.39532030496889,0.2831990937631012,False
3750,1.1267251857192595,99.29531515072426,0.30137393039207594,False
3751,1.1006987578744163,99.43863891527766,0.31579408202367626,False
3752,1.0670056836533541,99.43863891527766,0.32871696790409416,False
3753,1.0236982481827188,99.43863891527766,0.3403274775792441,False
3754,0.9665364727522963,99.43863891527766,0.35077122577293596,False
3755,0.875195788740725,99.43863891527766,0.35875600862366197,False
3756,0.8948692308065574,99.43863891527766,0.36598362723646244,False
3757,0.9127341558073343,99.43863891527766,0.3712866148984583,False
3758,0.9127341558073343,99.43863891527766,0.37599557894319674,False
3759,0.9127341558073343,99.43863891527766,0.3801711816306794,False
3760,0.9127341558073343,99.43863891527766,0.3838667663536651,False
3761,0.9127341558073343,99.43863891527766,0.38701025274802664,False
3762,0.9127341558073343,98.62682442352535,0.35654495185408186,False
3763,0.9127341558073343,99.48613869936955,0.35789604571568556,False
3764,0.9127341558073343,99.62707359938274,0.354282217263251,False
3765,0.9127341558073343,99.62707359938274,0.35061252344683425,False
3766,0.9127341558073343,99.62707359938274,0.3469042728833535,False
3767,0.9127341558073343,98.80406361181362,0.3273718214648084,False
3768,0.9127341558073343,99.66993870290197,0.3200734958573724,False
3769,0.9127341558073343,99.80852693387797,0.3037437887990039,False
3770,0.9127341558073343,99.81019065294416,0.2872300812436433,False
3771,0.9127341558073343,99.81019065294416,0.27064990310085907,False
3772,0.9127341558073343,99.81019065294416,0.2539895354702673,False
3773,0.9127341558073343,99.81019065294416,0.2367681433763821,False
3774,0.9127341558073343,99.81019065294416,0.2194459257599006,False
3775,0.9127341558073343,99.81019065294416,0.20453159505191393,False
3776,0.9127341558073343,99.81019065294416,0.1896376151867635,False
3777,0.9127341558073343,99.81019065294416,0.1773245245620505,False
3778,0.9127341558073343,99.81019065294416,0.165192498390945,False
3779,0.9127341558073343,99.81019065294416,0.15340559155771935,False
3780,0.9127341558073343,99.81019065294416,0.14194159786280597,False
3781,0.9127341558073343,99.81019065294416,0.131123770770087,False
3782,0.9127341558073343,99.81019065294416,0.12055220613438879,False
3783,0.9127341558073343,99.81019065294416,0.11022818000211239,False
3784,0.9127341558073343,99.81019065294416,0.1001516654036419,False
3785,0.9127341558073343,99.81019065294416,0.09032058839228765,False
3786,0.9127341558073343,99.81019065294416,0.0807296136112529,False
3787,0.9127341558073343,99.81019065294416,0.07136807827053403,False
3788,0.9127341558073343,99.81019065294416,0.06221628378628888,False
3789,0.9127341558073343,99.81019065294416,0.05323834768556589,False
3790,0.9127341558073343,99.81019065294416,0.04436700033127242,False
3791,0.9127341558073343,99.81019065294416,0.03546623978546335,False
3792,0.9127341558073343,99.81019065294416,0.026215511375718786,False
3793,0.9127341558073343,99.81019065294416,0.021453193803987698,False
3794,0.9127341558073343,99.81019065294416,0.017325583982456264,False
3795,0.9127341558073343,99.81019065294416,0.013144773372788595,False
3796,0.9127341558073343,99.81019065294416,0.008622144904688357,False
3797,0.9127341558073343,99.81019065294416,0.001057849629614907,False
3798,0.9127341558073343,99.81019065294416,1.2400629762212102e-05,False
3799,0.8948692308065574,99.81019065294416,1.4210854715202004e-14,False
3800,0.875195788740725,99.81019065294416,1.4210854715202004e-14,False
3801,0.8536576732793313,99.81019065294416,1.4210854715202004e-14,False
3802,0.8301899714180443,99.81019065294416,1.4210854715202004e-14,False
3803,0.804717519321077,99.81019065294416,1.4210854715202004e-14,False
3804,0.7771529943226336,99.81019065294416,1.4210854715202004e-14,False
3805,0.7473944462440387,99.81019065294416,1.4210854715202004e-14,False
3806,0.7153220528038851,99.81019065294416,1.4210854715202004e-14,False
3807,0.6807937753703206,99.81019065294416,1.4210854715202004e-14,False
3808,0.6436394131461666,99.81019065294416,1.4210854715202004e-14,False
3809,0.720523936685393,99.81019065294416,1.4210854715202004e-14,False
3810,0.7619882811604883,99.81019065294416,0.18391819453874322,False
3811,0.7881133310528374,99.81019065294416,0.18449829672398146,False
3812,0.8028116417452926,99.81019065294416,0.18507066111090228,False
3813,0.8075738393756748,99.81019065294416,0.18563487063409714,False
3814,0.8028116417452926,99.81019065294416,0.18619051597164124,False
3815,0.7881133310528374,99.81019065294416,0.18673719633369354,False
3816,0.7619882811604883,99.81019065294416,0.18894401878836947,False
3817,0.720523936685393,99.81019065294416,0.19020421526670725,False
3818,0.6436394131461666,99.81019065294416,0.19139559739236295,False
3819,0.6807937753703206,99.81019065294416,0.19252093825683686,False
3820,0.7153220528038851,99.81019065294416,0.19358287694703327,False
3821,0.7473944462440387,99.81019065294416,0.19458393120732756,False
3822,0.7771529943226336,99.81019065294416,0.19552650874457528,False
3823,0.804717519321077,99.81019065294416,0.19641291735486685,False
3824,0.8301899714180443,99.81019065294416,0.19724537402343886,False
3825,0.8536576732793313,99.81019065294416,0.19802601312645352,False
3826,0.875195788740725,99.81019065294416,0.1987568938444962,False
3827,0.8948692308065574,99.81019065294416,0.199440006881855,False
3828,0.9127341558073343,99.81019065294416,0.20007728057240995,False
3829,0.9288391461883214,99.81019065294416,0.2006705864417802,False
3830,0.9432261548473415,98.98768348236882,0.08163509105207871,False
3831,0.9559312637896478,99.84815252235532,0.08158670775610098,False
3832,0.9669852958320848,99.84908191498282,0.08145904806441417,False
3833,0.976414308115487,99.85001249895842,0.08125639814089838,False
3834,0.9842399889605549,99.85094402119907,0.08098286200190506,False
3835,0.9904799742690308,99.85187623436471,0.08064239387227477,False
3836,1.0971804769523517,99.6606427344836,0.0762244912507693,False
3837,1.170377295621679,99.88218087267408,0.07507600941799374,False
3838,1.2304597034223903,99.88218087267408,0.07228142947413953,False
3839,1.2817425764699486,99.88218087267408,0.06948319919635804,False
3840,1.3262610770456722,99.88218087267408,0.06668247863297849,False
3841,1.3652016755898781,99.88218087267408,0.2049049781624098,False
3842,1.3993371806574677,99.88218087267408,0.20403033483718408,False
3843,1.429206268217279,99.88218087267408,0.2769162514712594,False
3844,1.4552013979602214,99.88218087267408,0.2765784065588972,False
3845,1.4776169519137876,99.88218087267408,0.27628138392433205,False
3846,1.4966777416164074,99.88218087267408,0.2760243640123182,False
3847,1.5125568756434098,99.88218087267408,0.2757462349213848,False
3848,1.5253874232579383,99.88218087267408,0.27602306897739,False
3849,1.5352702332191592,99.88218087267408,0.2778754238495842,False
3850,1.542279235137156,99.88218087267408,0.27774093626700647,False
3851,1.5464650001141114,99.88218087267408,0.277644522967182,False
3852,1.5478570234493585,99.88218087267408,0.27758536812705104,False
3853,1.5464650001141114,99.88218087267408,0.2775626400025491,False
3854,1.542279235137156,99.88218087267408,0.2776520511924097,False
3855,1.5352702332191592,99.88218087267408,0.2781470424190298,False
3856,1.5253874232579383,99.88218087267408,0.2786509212875097,False
3857,1.5125568756434098,99.75444053368257,0.27884016579082765,False
3858,1.4966777416164074,99.85982849604221,0.27948485422846764,False
3859,1.4776169519137876,99.85880398671097,0.28012986727877226,False
3860,1.4552013979602212,99.85777629047101,0.2807743091322553,False
3861,1.4292062682172793,98.99188488245629,0.20320032907361568,False
3862,1.3993371806574677,99.82012883794863,0.20410527147478583,False
3863,1.3652016755898781,98.99188488245629,0.08142853361348926,False
3864,1.3262610770456722,99.85777629047101,0.08281389369874237,False
3865,1.2817425764699486,99.85868661679136,0.08412641129932709,False
3866,1.2817425764699486,99.85959696068714,0.08537073847275915,False
3867,1.2817425764699486,99.86050709772708,0.08674290643129999,False
3868,1.2817425764699486,99.7208309385007,0.0862146840127711,False
3869,1.2817425764699486,99.64673020046007,0.1966282049066937,False
3870,1.3237243701143493,99.85204668748973,0.1968405294741746,False
3871,1.360034097940745,99.85204668748973,0.1970551903896592,False
3872,1.3914372992027793,99.85204668748973,0.19686687397720193,False
3873,1.4184645038322823,99.85204668748973,0.19666075627619112,False
3874,1.441499001640642,99.72875226039783,0.1961419030226826,False
3875,1.4608248015713592,99.8808153871445,0.1950820343112803,False
3876,1.4766549183659508,99.87996688741723,0.19403892470187098,False
3877,1.489148966540959,99.87911629845769,0.1930124374679615,False
3878,1.4984244813325356,99.87826378977415,0.1920024628922908,False
3879,1.5045643034921028,99.8774095366926,0.19099000915175493,False
3880,1.5076213244090613,99.87655372041546,0.19599875132929648,False
3881,1.5076213244090613,99.87569652807544,0.1950621361150269,False
3882,1.5045643034921028,99.87483815278377,0.19413273359097968,False
3883,1.4984244813325356,99.87397879367286,0.1932097934624577,False
3884,1.489148966540959,99.8731186559328,0.19229257869462393,False
3885,1.4766549183659508,99.87225795084133,0.19140019898804547,False
3886,1.4608248015713592,99.87139689578714,0.19050663900953405,False
3887,1.441499001640642,99.87053571428571,0.1896118580975158,False
3888,1.4184645038322823,99.86967463598778,0.18880791085283746,False
3889,1.3914372992027793,98.98436095631854,0.05625095485797997,False
3890,1.360034097940745,99.82922883336329,0.054228976407420665,False
3891,1.3237243701143493,99.82922883336329,0.0520473136768253,False
3892,1.2817425764699486,99.82922883336329,0.051269380913543855,False
3893,1.2329087607099036,99.82922883336329,0.05047848333763803,False
3894,1.175193620727556,99.82922883336329,0.05040827018867289,False
3895,1.1042875713905729,99.82922883336329,0.050318975996893424,False
3896,0.999806132804711,99.82922883336329,0.050212708624946624,False
3897,0.9982545693874831,99.82922883336329,0.19800037378173532,False
3898,0.995148095654003,99.82922883336329,0.1987181646364149,False
3899,0.9904799742690308,99.82922883336329,0.19948434510503593,False
3900,0.9842399889605549,99.6064416900389,0.19390396128784243,False
3901,0.976414308115487,99.79510062835807,0.19420869622840936,False
3902,0.9669852958320848,99.79376718606783,0.1945236873391737,False
3903,0.9559312637896478,99.79243542435424,0.19484922637364843,False
3904,0.9432261548473415,99.791105746913,0.19518557522973068,False
3905,0.9288391461883214,99.78977856675698,0.19551355146616345,False
3906,0.9127341558073343,99.78845430613012,0.19585834376944938,False
3907,0.8948692308065574,99.78713339640493,0.19621938587411358,False
3908,0.875195788740725,99.78581627796288,0.1965960792571225,False
3909,0.8536576732793313,99.78450340005746,0.19698779268169334,False
3910,0.8301899714180443,99.78319522065908,0.19738330844944746,False
3911,0.804717519321077,99.7818922062815,0.1976228248328822,False
3912,0.7771529943226336,99.78059483178937,0.19785502754019535,False
3913,0.7473944462440387,99.77930358018637,0.19807920637304582,False
3914,0.7153220528038851,99.77801894238358,0.198294633857842,False
3915,0.6807937753703206,99.7767414169478,0.19850056479068126,False
3916,0.6436394131461666,99.77547150982936,0.19869623575869771,False
3917,0.603652249754401,98.91620672353237,0.05665490251983766,False
3918,0.560576942614533,99.81836528758829,0.05542172057795426,False
3919,0.5140912790181235,99.8185666767463,0.05387299721037724,False
3920,0.4637773498877516,99.8187858652975,0.05383507042634897,False
3921,0.40907313904382653,99.8190227227026,0.05363465795351313,False
3922,0.3491843735073079,99.81927710843374,0.05327708734036993,False
3923,0.2829047929798921,99.81954887218045,0.052766452917356224,False
3924,0.208180945557171,99.81983785406867,0.05210569033132246,False
3925,0.12068101401352381,99.82014388489209,0.051296600108749854,False
3926,-0.0,99.82046678635548,0.050339820512347755,False
3927,-0.0,99.82080637132901,0.049234744674905906,False
3928,-0.0,99.82116244411327,0.047585646554075677,False
3929,-0.0,99.82153480071386,0.04584037050164629,False
3930,-0.0,99.82119797357703,0.04403606873641261,False
3931,-0.0,99.81590207980894,0.042906067900938843,False
3932,-0.0,99.81559011164275,0.04180711570023602,False
3933,-0.0,99.81529552715655,0.04074268899224365,False
3934,-0.0,99.81501849815018,0.039716242628715724,False
3935,-0.0,99.81475918694302,0.03873117746527595,False
3936,-0.0,99.81451774613997,0.03779080159560113,False
3937,-0.0,99.6837984340494,0.03178561099180327,False
3938,-0.0,99.82916289820119,0.029287304467308033,False
3939,-0.0,99.82769106020677,0.026875959627562226,False
3940,-0.0,99.82621140870988,0.024559608286423736,False
3941,-0.0,99.82472419837097,0.022348785797454872,False
3942,-0.0,99.82322969741084,0.020263078198594697,False
3943,-0.0,99.82172818791946,0.018321883835839707,False
3944,-0.0,99.82021996615906,0.016549766467413504,False
3945,-0.0,99.81870534286018,0.014977223229462726,False
3946,-0.0,99.81718464351006,0.01364039222529181,False
3947,-0.0,99.81565820863153,0.012578292594582447,False
3948,-0.0,99.81412639405204,0.01367410258559829,False
3949,-0.0,99.81258957116084,0.014679347369871388,False
3950,-0.0,99.8110481271535,0.01560529177943353,False
3951,-0.0,99.80950246526221,0.016460056401574392,False
3952,-0.0,99.80795300497063,0.017249815655580293,False
3953,-0.0,99.80640018221159,0.017979488741860995,False
3954,-0.0,99.80484444954655,0.018653161747931205,False
3955,-0.0,99.80328627632493,0.019274357716527264,False
3956,-0.0,99.80172614882203,0.01984621610475275,False
3957,-0.0,99.80016457035383,0.020371615815662946,False
3958,-0.0,99.79860206136713,0.020853261716565073,False
3959,-0.0,99.79703915950334,0.02129374668982235,False
3960,-0.0,99.79547641963427,0.021695596725980624,False
3961,-0.0,99.79391441386835,0.022060492271432315,False
3962,-0.0,99.7923537315256,0.02238428207862909,False
3963,-0.0,99.7907949790795,0.022668242938692042,False
3964,-0.0,99.78923878006447,0.022913644153197757,False
3965,-0.0,99.78768577494692,0.023121765771949084,False
3966,-0.0,99.78613662095862,0.023293914080297698,False
3967,-0.0,99.78459199189052,0.02343143498552017,False
3968,-0.0,99.78305257784584,0.1983348661289047,False
3969,-0.0,99.78151908495052,0.19868059856635217,False
3970,-0.0,99.77999223502006,0.19901810691633096,False
3971,-0.0,99.77847276518114,0.19934735345831023,False
3972,-0.0,99.77696142744686,0.19966829770860384,False
3973,-0.0,99.77545898824462,0.1999808967296593,False
3974,-0.0,99.77396622789523,0.20028510547199643,False
3975,-0.0,99.77248394004283,0.20058087715036507,False
3976,-0.0,99.77101293103448,0.20086816365564814,False
3977,0.12068101401352381,99.76955401924901,0.20114691600399207,False
3978,0.208180945557171,99.76810803437458,0.20141708482459209,False
3979,0.2829047929798921,99.76667581663465,0.20167862088749192,False
3980,0.3491843735073079,99.76525821596245,0.20193147567267974,False
3981,0.3491843735073079,99.76385609112377,0.2021756019816674,False
3982,0.3491843735073079,99.7624703087886,0.20241095459264757,False
3983,0.3491843735073079,99.761101742552,0.2026374909601983,False
3984,0.3491843735073079,99.75975127190503,0.20285517196038544,False
3985,0.3491843735073079,99.75841978115675,0.20306396268197274,False
3986,0.3491843735073079,99.75710815830833,0.20326383326429617,False
3987,0.3491843735073079,99.75581729388107,0.20345475978219632,False
3988,0.40907313904382653,98.89546635864858,0.05172646814374557,False
3989,0.4637773498877516,99.80409229429691,0.051027187737819564,False
3990,0.5140912790181235,99.80379332897319,0.05030780862371615,False
3991,0.560576942614533,99.80352204919225,0.0495677183162317,False
3992,0.603652249754401,99.80327868852459,0.048806314283876974,False
3993,0.6436394131461666,99.80306345733041,0.048023006548513734,False
3994,0.6807937753703206,99.80287654230854,0.047217220530740074,False
3995,0.7153220528038851,99.80271810609382,0.08270093419858701,False
3996,0.7473944462440387,99.80258828690502,0.08470709616815374,False
3997,0.7771529943226336,99.80248719824434,0.08653574059663739,False
3998,0.804717519321077,99.80241492864984,0.08819991319925367,False
3999,0.8301899714180443,99.80237154150197,0.08850063821742914,False
4000,0.8536576732793313,99.80235707488471,0.08878133808593917,False
4001,0.875195788740725,99.80237154150197,0.08904270821846548,False
4002,0.8948692308065574,99.80241492864984,0.08928545075821182,False
4003,0.9127341558073343,99.80248719824434,0.08951027511928845,False
4004,0.9288391461883214,99.80258828690502,0.08971789828725368,False
4005,0.9432261548473415,99.80271810609382,0.0899090448778627,False
4006,0.9559312637896478,99.80287654230854,0.09008444695258105,False
4007,0.9669852958320848,99.80306345733041,0.09024484358914392,False
4008,0.976414308115487,99.80327868852459,0.09039098020538808,False
4009,0.976414308115487,99.80352204919225,0.090523607634751,False
4010,0.976414308115487,99.80379332897319,0.09064348095219732,False
4011,0.976414308115487,99.80409229429691,0.09075135804987745,False
4012,0.976414308115487,99.80441868888084,0.09084799796262598,False
4013,0.976414308115487,99.80477223427332,0.09093415894433438,False
4014,0.976414308115487,99.8051526304395,0.09101059629740067,False
4015,0.976414308115487,99.45988765663257,0.06006373414854241,False
4016,0.976414308115487,99.85629086728461,0.056606025848489866,False
4017,0.976414308115487,99.85688729874776,0.05311759192600063,False
4018,0.976414308115487,99.85749910936943,0.04959053618507689,False
4019,0.976414308115487,99.85812584237782,0.04830104576869686,False
4020,0.9842399889605549,99.85876703622625,0.04699722105940265,False
4021,0.9904799742690308,99.85942222534618,0.04567941381687494,False
4022,0.995148095654003,99.86009094088843,0.04434801815351508,False
4023,0.9982545693874831,99.86077271145145,0.04300347438169112,False
4024,0.999806132804711,99.86146706379442,0.04164627373166185,False
4025,0.999806132804711,99.86217352353387,0.04049216086181492,False
4026,0.9982545693874831,99.8628916158223,0.038965777008846875,False
4027,0.995148095654003,99.8636208660075,0.037441417119055166,False
4028,0.9904799742690308,99.86436080027129,0.03592054466079136,False
4029,0.9842399889605549,99.86511094624672,0.034404619760811425,False
4030,0.976414308115487,99.86587083361277,0.03289509975814806,False
4031,0.9669852958320848,99.8666399946656,0.031393439769065105,False
4032,0.9559312637896478,99.86741796486577,0.029901093251270928,False
4033,0.9432261548473415,99.8682042833608,0.0284195125472646,False
4034,0.9288391461883214,99.86899849348268,0.026950149374411918,False
4035,0.9127341558073343,99.86980014321985,0.025494455211402416,False
4036,0.8948692308065574,99.87060878566345,0.024053881504065025,False
4037,0.875195788740725,99.87142397942783,0.02262987957350656,False
4038,0.875195788740725,99.87224528904504,0.021223900048824636,False
4039,0.875195788740725,99.8730722853335,0.01983739155321387,False
4040,0.875195788740725,99.87390454574113,0.01847179822601428,False
4041,0.875195788740725,99.87474165466274,0.017128555430249538,False
4042,0.8536576732793313,99.8755832037325,0.01580908261560925,False
4043,0.8301899714180443,99.87642879209145,0.014514771672992146,False
4044,0.804717519321077,99.87727802663066,0.013246968027334239,False
4045,0.7771529943226336,99.88422399610018,0.011259900291923496,False
4046,0.7473944462440387,99.88503660676469,0.010541782280767232,False
4047,0.7153220528038851,99.88496003875031,0.009857503173692038,False
4048,0.6807937753703206,99.88489731629006,0.009206850305736876,False
4049,0.6807937753703206,99.88484848484849,0.008589598804565383,False
4050,0.7967286463062392,99.88481357987268,0.00800551866184566,False
4051,0.8793939303559065,99.88479262672811,0.0074543839524216105,False
4052,0.9491912500871044,99.88478564065248,0.006935984660829362,False
4053,1.01044884930661,99.88479262672811,0.006450141569402327,False
4054,1.0652163930664527,99.88481357987268,0.005996724567279764,False
4055,1.114696123966521,99.88484848484849,0.005575674484427524,False
4056,1.1596780472087271,99.88489731629006,0.005192465160436511,False
4057,1.200719639829801,99.88496003875031,0.004848798184662578,False
4058,1.2382339767869435,99.88503660676469,0.004545790675120919,False
4059,1.272538115441929,99.88512696493349,0.004284535570245862,False
4060,1.3038818925522597,99.88523104802175,0.004065930712133362,False
4061,1.3324661355215683,99.88534878107652,0.003890462670880966,False
4062,1.3584547364298434,99.8854800795612,0.0037579766286476796,False
4063,1.3819829643540342,99.88562484950639,0.003667484746226034,False
4064,1.4031633649036752,99.88578298767659,0.0036170720037509616,False
4065,1.4220900521936763,99.8859543817527,0.003603939384697212,False
4066,1.438841894200673,99.88613891052916,0.003624582858922937,False
4067,1.4534849141043307,99.88633644412539,0.0036750631008313985,False
4068,1.4660741214574513,99.8865468442109,0.0037512983087471252,False
4069,1.4766549183659508,99.88676996424314,0.0038493191598788132,False
4070,1.4608248015713592,99.88700564971751,0.003965450815736255,False
4071,1.441499001640642,99.88725373842867,0.004096415082851472,False
4072,1.418464503832282,99.8875140607424,0.004239364939558766,False
4073,1.3914372992027793,99.88778643987716,0.004391871323114991,False
4074,1.360034097940745,99.8880706921944,0.00455188158389136,False
4075,1.3237243701143493,99.88836662749706,0.004717664712382139,False
4076,1.2817425764699486,99.88867404933498,0.0048819769673100555,False
4077,1.2329087607099036,99.88899275531666,0.005043786290879255,False
4078,1.175193620727556,99.88932253742645,0.005202964369956158,False
4079,1.1042875713905729,99.88966318234611,0.005359394003983609,False
4080,0.999806132804711,99.89001447178003,0.005512968045541514,False
4081,0.9982545693874831,99.89037618278329,0.0056635885398400075,False
4082,0.995148095654003,99.89074808809154,0.005811166018948925,False
4083,0.9904799742690308,99.89112995645198,0.005955618916885745,False
4084,0.9842399889605549,99.89152155295461,0.006096873079396457,False
4085,0.976414308115487,99.89192263936292,0.006234861348132472,False
4086,0.9669852958320848,99.89233297444325,0.0063695232033612395,False
4087,0.9559312637896478,99.89275231429217,0.0065008044527842335,False
4088,0.9432261548473415,99.89318041266093,0.006628656956657625,False
4089,0.9288391461883214,99.8936170212766,0.006753038381471703,False
4090,0.9127341558073343,99.89406189015891,0.006873911976065827,False
4091,0.8948692308065574,99.89451476793249,0.006991246365291073,False
4092,0.875195788740725,99.89497540213365,0.007105015357360604,False
4093,0.8536576732793313,99.89544353951133,0.007215197761826305,False
4094,0.8301899714180443,99.89591892632156,0.007321777215729781,False
4095,0.804717519321077,99.89640130861505,0.007424742016026422,False
4096,0.7771529943226336,99.8968904325175,0.007524084956778181,False
4097,0.7473944462440387,99.89738604450206,0.007619803169926857,False
4098,0.7153220528038851,99.89788789165368,0.007711897968770387,False
4099,0.6807937753703206,99.89839572192513,0.007800374693454676,False
4100,0.6436394131461666,99.89890928438415,0.00788524255798617,False
4101,0.603652249754401,99.89942832945162,0.007966514498411988,False
4102,0.560576942614533,99.89995260913064,0.008044207021943379,False
4103,0.5140912790181235,99.90048187722606,0.00811834005687909,False
4104,0.4637773498877516,99.90101588955457,0.008188936803273353,False
4105,0.40907313904382653,99.90155440414507,0.008256023584360405,False
4106,0.3491843735073079,99.90209718142938,0.008319629698779274,False
4107,0.2829047929798921,99.90264398442304,0.008379787273703879,False
4108,0.208180945557171,99.90319457889642,0.00843653111899708,False
4109,0.12068101401352381,99.90374873353596,0.00848989858254181,False
4110,-0.0,99.90430622009569,0.00853992940689619,False
4111,-0.0,99.90486681353896,0.008586665587466166,False
4112,-0.0,99.90543029217062,0.008630151232367047,False
4113,-0.0,99.90599643775974,0.008670432424154627,False
4114,-0.0,99.90656503565282,0.008707557083606982,False
4115,-0.0,99.90713587487781,0.00874157483575327,False
4116,-0.0,99.90770874823917,0.00877253687828527,False
4117,-0.0,99.90828345240394,0.008800495852565397,False
4118,-0.0,99.90885978797908,0.008825505717353094,False
4119,-0.0,99.90943755958055,0.00884762162541306,False
4120,-0.0,99.91001657589392,0.00886689980313885,False
4121,-0.0,99.91059664972708,0.008883397433317824,False
4122,-0.0,99.91117759805526,0.00889717254115182,False
4123,-0.0,99.91175924205834,0.008908283883637158,False
4124,-0.0,99.91234140715109,0.008916790842389532,False
4125,-0.0,99.91292392300642,0.008922753319989886,False
4126,-0.0,99.91350662357172,0.008926231639926913,False
4127,-0.0,99.91408934707904,0.008927286450170203,False
4128,-0.0,99.91467193604886,0.008925978630430686,False
4129,-0.0,99.91525423728814,0.008922369203125316,False
4130,-0.0,99.91583610188262,0.008916519248073228,False
4131,-0.0,99.91641738518388,0.008908489820922813,False
4132,-0.0,99.91699794679131,0.008898341875309766,False
4133,-0.0,99.91757765052924,0.008886136188726516,False
4134,-0.0,99.91815636441956,0.00887193329209839,False
4135,-0.0,99.91873396065013,0.008855793402998772,False
4136,-0.0,99.91931031553914,0.011161800617616522,False
4137,-0.0,99.9198853094957,0.012648891766474026,False
4138,-0.0,99.92045882697701,0.013894562457270318,False
4139,-0.0,99.92103075644222,0.014962457041839917,False
4140,-0.0,99.92160099030328,0.03361183020629605,False
4141,-0.0,99.92216942487302,0.03521380754093774,False
4142,-0.0,99.92273596031069,0.036651102961034174,False
4143,-0.0,99.92330050056515,0.03794593951066336,False
4144,-0.0,99.92386295331598,0.039115810375091674,False
4145,-0.0,99.92442322991249,0.040174833846661394,False
4146,-0.0,99.92498124531133,0.041134643950699365,False
4147,-0.0,99.92553691801223,0.041230362005501814,False
4148,-0.0,99.9260901699926,0.042587206636989075,False
4149,-0.0,99.92664092664093,0.0438018831132205,False
4150,-0.0,99.92718911668902,0.0448904990128112,False
4151,-0.0,99.92773467214361,0.04586640784890594,False
4152,-0.0,99.92827752821714,0.046740875905730145,False
4153,-0.0,99.9288176232579,0.04752355396888495,False
4154,-0.0,99.92935489868005,0.04822281988025601,False
4155,-0.0,99.92988929889299,0.048846032966878915,False
4156,-0.0,99.89013805983814,0.04892702221547469,False
4157,-0.0,99.94912051170228,0.04905863371492257,False
4158,-0.0,99.94944023113037,0.049158541997371887,False
4159,-0.0,99.94975956362592,0.04922941167465548,False
4160,-0.0,99.7896163172158,0.03937877426498349,False
4161,-0.0,99.96811224489795,0.03832795751715342,False
4162,-0.0,99.9683533176272,0.037285775389372396,False
4163,-0.0,99.96859296482413,0.03625358791466278,False
4164,-0.0,99.96883116883117,0.03523287065270569,False
4165,-0.0,99.96906791311521,0.03422522882002278,False
4166,-0.0,99.96930318223677,0.03323241260744105,False
4167,-0.0,99.9458434876794,0.03321034590093039,False
4168,-0.0,99.9798461590138,0.03470246694038169,False
4169,-0.0,99.97997329773031,0.03352455364677767,False
4170,-0.0,99.98010016251534,0.03238638313180851,False
4171,-0.0,99.98022673345636,0.03112997840647914,False
4172,-0.0,99.98035299125708,0.029929620636060843,False
4173,-0.0,99.98047891723061,0.02878667363153889,False
4174,-0.0,99.98060449329239,0.02770249736927597,False
4175,-0.0,99.98072970195273,0.026678415896958824,False
4176,-0.0,99.98085452630907,0.02571567742666906,False
4177,-0.0,99.98097895003804,0.02481540634292311,False
4178,-0.0,99.98110295738717,0.02396105675125359,False
4179,-0.0,99.98122653316646,0.02324374508802228,False
4180,-0.0,99.98134966273973,0.02259689422544653,False
4181,-0.0,99.98147233201581,0.022019792026741588,False
4182,-0.0,99.9815945274395,0.021511257673160932,False
4183,-0.0,99.98171623598245,0.02106947631689393,False
4184,-0.0,99.98183744513395,0.02069197764072093,False
4185,-0.0,99.98195814289151,0.020375641204956323,False
4186,-0.0,99.98207831775143,0.020116729581171396,False
4187,-0.0,99.98219795869926,0.019961636476879756,False
4188,-0.0,99.90274380360142,0.013536868208577474,False
4189,-0.0,99.99121779859485,0.012576992096214514,False
4190,-0.0,99.99128160418483,0.0116547572632927,False
4191,-0.0,99.99134498874848,0.011223038392037542,False
4192,-0.0,99.9914079505098,0.010811330403366575,False
4193,-0.0,99.9914704878881,0.010420115524718792,False
4194,-0.0,99.99153259949196,0.010049870581886318,False
4195,-0.0,99.99159428411319,0.009701054982343428,False
4196,-0.0,99.99165554072096,0.00937409612915801,False
4197,-0.0,99.99171636845593,0.009069372292229805,False
4198,-0.0,99.99177676662464,0.008834775663446284,False
4199,-0.0,99.99455782312926,0.008379586559225514,False
4200,-0.0,99.99459751485684,0.007932207876039106,False
4201,-0.0,99.99463260157802,0.007492646977909502,False
4202,-0.0,99.99466751986348,0.007062131980680482,False
4203,-0.0,99.99470226742955,0.15350177254959857,False
4204,-0.0,99.99473684210527,0.15351866604137948,False
4205,-0.0,99.99477124183007,0.1535383365979264,False
4206,-0.0,99.9948054646512,0.15356072931622441,False
4207,-0.0,99.99483950872123,0.15358578998496877,False
4208,-0.0,99.9948733722957,0.15361346508735374,False
4209,-0.0,99.99490705373059,0.15365624076410747,False
4210,-0.0,99.99494055147989,0.1537017200135922,False
4211,-0.0,99.99497386409328,0.15374939301062387,False
4212,-0.0,99.9950069902137,0.153799213521029,False
4213,-0.0,99.99503992857497,0.15385113662515718,False
4214,-0.0,99.9950726779995,0.15390511870858523,False
4215,-0.0,99.99510523739599,0.15396111745229601,False
4216,-0.0,99.99513760575708,0.15401909182236545,False
4217,-0.0,99.99516978215718,0.15407900205918504,False
4218,-0.0,99.99520176575021,0.1541408096662519,False
4219,-0.0,99.9952335557674,0.15420688707816887,False
4220,-0.0,99.99526515151516,0.15427433054990822,False
4221,-0.0,99.9952641424546,0.15434316872034942,False
4222,-0.0,99.99289503599849,0.15441335594751807,False
4223,-0.0,99.30836548414416,0.01862505325911515,False
4224,-0.0,99.98597934289853,0.018945778191109836,False
4225,-0.0,99.98607306995962,0.019262180244143376,False
4226,-0.0,99.98616619016877,0.019574507682192398,False
4227,-0.0,99.98625870282154,0.019882995235383817,False
4228,-0.0,99.98635060739797,0.020187865559387425,False
4229,-0.0,99.98870158629728,0.02039508378240809,False
4230,-0.0,99.98877715927456,0.0205999011638992,False
4231,-0.0,99.98877715927456,0.02068430084471263,False
4232,-0.0,99.98877715927456,0.020567555058444435,False
4233,-0.0,99.98877715927456,0.1477452848664439,False
4234,-0.0,99.98877715927456,0.14768689408455504,False
4235,-0.0,99.98877715927456,0.14762810262427478,False
4236,-0.0,99.98877715927456,0.14756898643520472,False
4237,-0.0,99.98877715927456,0.14750962300453757,False
4238,-0.0,99.98877715927456,0.14745009135772935,False
4239,-0.0,99.98877715927456,0.14739047205860065,False
4240,-0.0,99.98877715927456,0.14733105667817525,False
4241,-0.0,99.98877715927456,0.14726148665995237,False
4242,-0.0,99.98877715927456,0.14718852429782678,False
4243,-0.0,99.98877715927456,0.14711356334724113,False
4244,-0.0,99.98877715927456,0.14703675807125935,False
4245,-0.0,99.98877715927456,0.1469582684333876,False
4246,-0.0,99.98877715927456,0.1468782602540274,False
4247,-0.0,99.98877715927456,0.14679690536887338,False
4248,-0.0,99.98877715927456,0.1467143817890899,False
4249,-0.0,99.98877715927456,0.1466308738630865,False
4250,-0.0,99.98877715927456,0.14654657243968808,False
4251,-0.0,99.98644251626898,0.14647888743608237,False
4252,-0.0,99.9818024657659,0.14643962020017343,False
4253,-0.0,99.31076839088304,0.0047637721149267264,False
4254,-0.0,99.97042900686957,0.004886644096754818,False
4255,-0.0,99.97042900686957,0.005040121851542735,False
4256,-0.0,99.97042900686957,0.005225962990809289,False
4257,-0.0,99.97042900686957,0.005445280515271385,False
4258,-0.0,99.97042900686957,0.005698588246409383,False
4259,-0.0,99.97042900686957,0.005985885760068001,False
4260,-0.0,99.97042900686957,0.006301870148568968,False
4261,-0.0,99.9656514769865,0.006874086584158274,False
4262,-0.0,99.95850622406638,0.1566018235057615,False
4263,-0.0,99.95822890559732,0.15666852969361414,False
4264,-0.0,99.95794982011867,0.15666843136397626,False
4265,-0.0,99.957668971356,0.15719372830743109,False
4266,-0.0,99.95738636363636,0.1572312033093808,False
4267,-0.0,99.95710200190658,0.15726240662068744,False
4268,-0.0,99.95681589175183,0.15728761169036096,False
4269,-0.0,99.95652803941458,0.1573071044653105,False
4270,-0.0,99.95623845181368,0.15732118381666763,False
4271,-0.0,99.95594713656388,0.15733016197303212,False
4272,-0.0,99.95565410199556,0.15733474467407338,False
4273,-0.0,99.95535935717474,0.15733563101046125,False
4274,-0.0,99.9550629119233,0.15733288892801395,False
4275,-0.0,99.95476477683957,0.15732658644104414,False
4276,-0.0,99.954464963319,0.15731679165512702,False
4277,-0.0,99.95416348357524,0.1573035727899551,False
4278,-0.0,99.95386035066133,0.1572869982022871,False
4279,-0.0,99.95355557849108,0.1572671364089959,False
4280,-0.0,99.95324918186068,0.22815988203308815,False
4281,-0.0,99.95294117647059,0.22814177627016816,False
4282,-0.0,99.2392156862745,0.1660490644898539,False
4283,-0.0,99.93464052287581,0.1659918724521008,False
4284,-0.0,99.93464052287581,0.16600133440882556,False
4285,-0.0,99.87631578947368,0.16723130912453826,False
4286,-0.0,99.91523627887264,0.16721478058760986,False
4287,-0.0,99.91468031781582,0.16719659911130696,False
4288,-0.0,99.91412162524824,0.16717808862197975,False
4289,-0.0,99.91356023770935,0.16716059529109423,False
4290,-0.0,99.91299619358347,0.16714548785623945,False
4291,-0.0,99.91242953313994,0.16713415783379415,False
4292,-0.0,99.91186029857325,0.16712766215286995,False
4293,-0.0,99.91128853404302,0.16716680771481796,False
4294,-0.0,99.91071428571429,0.1671979599887905,False
4295,-0.0,99.91013760179725,0.16722190187397523,False
4296,-0.0,99.9095585325872,0.16724666482372952,False
4297,-0.0,99.90897713050404,0.16726695611431547,False
4298,-0.0,99.90839345013168,0.16728304862434726,False
4299,-0.0,99.90780754825698,0.16729522257556095,False
4300,-0.0,99.16738692019591,0.025677060933668852,False
4301,-0.0,99.88187842120426,0.025711233945984232,False
4302,-0.0,99.88187842120426,0.025717006600111166,False
4303,-0.0,99.88187842120426,0.025686896908653244,False
4304,-0.0,99.8809869375907,0.02562807949134717,False
4305,-0.0,99.76337238175923,0.00905868261730211,False
4306,-0.0,99.85300170518022,0.008711514442712055,False
4307,-0.0,99.85206662919022,0.008515399680353374,False
4308,-0.0,99.85112844637646,0.00846070901409225,False
4309,-0.0,99.8501872659176,0.008529786837536022,False
4310,-0.0,99.84924320086836,0.008699301637147812,False
4311,-0.0,99.84829636821506,0.009344192320415303,False
4312,-0.0,99.8473468889296,0.009855909344926037,False
4313,-0.0,99.84639488802188,0.009551954712770837,False
4314,-0.0,99.84544049459042,0.009352893235793107,False
4315,-0.0,99.84448384187117,0.17767631219625268,False
4316,-0.0,99.84352506728422,0.1777409496567892,False
4317,-0.0,99.84256431247836,0.18665150227967967,False
4318,-0.0,99.84160172337324,0.1870306592953004,False
4319,-0.0,99.8406374501992,0.18738315896505284,False
4320,-0.0,99.83967164753415,0.1877095396131006,False
4321,-0.0,99.83870447433789,0.18801033907618606,False
4322,-0.0,99.83773609398325,0.18828609575761573,False
4323,-0.0,99.83676667428422,0.18853734965653982,False
4324,-0.0,99.83579638752053,0.18876464337512647,False
4325,-0.0,99.83482541045886,0.18896852310591858,False
4326,-0.0,99.8338539243703,0.1891495396013805,False
4327,-0.0,99.83288211504396,0.18930824912737404,False
4328,-0.0,99.83191017279634,0.18944521440203604,False
4329,-0.0,99.83093829247676,0.18956100552128882,False
4330,-0.0,99.829966673468,0.18965620087197024,False
4331,-0.0,99.82899551968262,0.18971206722644407,False
4332,-0.0,99.82802503955423,0.18975597715463055,False
4333,-0.0,99.827055446024,0.18978921908957033,False
4334,-0.0,99.82608695652173,0.18981309343046998,False
4335,-0.0,99.04347826086956,0.06746608090582208,False
4336,-0.0,99.78782608695653,0.06729989310679334,False
4337,-0.0,99.55580427407226,0.03580034330730068,False
4338,-0.0,99.74678202152353,0.033740763947133705,False
4339,-0.0,99.74539410870257,0.03169290364434822,False
4340,-0.0,99.7440091018986,0.029663496716159376,False
4341,0.12068101401352381,99.74262734584451,0.0276613088498449,False
4342,0.208180945557171,99.74124919140372,0.025697857478676863,False
4343,0.208180945557171,99.73987499548394,0.023788402942820433,False
4344,0.208180945557171,99.73850512094138,0.02195328622700388,False
4345,0.208180945557171,99.73713993647549,0.020219655895725653,False
4346,0.208180945557171,99.73577981651376,0.018733605219477215,False
4347,0.208180945557171,99.73442514108665,0.017294851380640117,False
4348,0.208180945557171,99.73307629569214,0.016280927567172244,False
4349,0.208180945557171,99.7317336711502,0.015422378901579046,False
4350,0.208180945557171,99.73039766344641,0.014730296001236407,False
4351,0.208180945557171,99.72906867356538,0.014211887717676187,False
4352,0.208180945557171,99.72774710731302,0.013868631031426961,False
4353,0.208180945557171,99.72643337512824,0.01369499342574348,False
4354,0.208180945557171,99.72512789188363,0.013678228677954084,False
4355,0.208180945557171,99.72383107667524,0.013799389955813226,False
4356,0.208180945557171,99.72254335260115,0.014035233427682954,False
4357,0.208180945557171,99.72126514652936,0.01436040208830468,False
4358,0.208180945557171,99.71999688885433,0.014749323385135786,False
4359,0.208180945557171,99.71873901324271,0.015177513516956134,False
4360,0.208180945557171,99.7174919563682,0.015622251413578737,False
4361,0.208180945557171,99.71625615763547,0.0160627449739178,False
4362,0.208180945557171,99.71503205889337,0.016479954795507745,False
4363,0.208180945557171,99.71382010413768,0.01685621408939228,False
4364,0.208180945557171,99.71262073920332,0.017174733392579987,False
4365,0.208180945557171,99.71143441144643,0.017419029399057744,False
4366,0.208180945557171,99.7102615694165,0.01745483458854462,False
4367,0.208180945557171,99.70910266251869,0.17142170798718345,False
4368,0.208180945557171,99.70795814066683,0.3201686342541829,False
4369,0.208180945557171,99.70682845392727,0.3589799032548487,False
4370,0.208180945557171,99.70571405215401,0.39138743178435376,False
4371,0.2829047929798921,99.70461538461538,0.4189780587130846,False
4372,0.3491843735073079,99.70353289961295,0.4427462711222312,False
4373,0.3491843735073079,99.70246704409273,0.46336967293147,False
4374,0.3491843735073079,99.70141826324956,0.4813384793782028,False
4375,0.3491843735073079,99.70038700012483,0.49702389181462164,False
4376,0.3491843735073079,99.69937369519833,0.5107173826153731,False
4377,0.3491843735073079,99.69837878597461,0.5226547721731655,False
4378,0.3491843735073079,99.69740270656467,0.5330317607566453,False
4379,0.3491843735073079,99.69644588726338,0.54201437557919,False
4380,0.3491843735073079,99.69550875412332,0.5497462471405925,False
4381,0.40907313904382653,99.69459172852598,0.5563538296151543,False
4382,0.4637773498877516,99.69369522675062,0.5619502430193224,False
4383,0.5140912790181235,99.69281965954178,0.5666381643521496,False
4384,0.560576942614533,99.69196543167622,0.5705120453374962,False
4385,0.603652249754401,99.69113294152974,0.5736598419030736,False
4386,0.6436394131461666,99.69032258064516,0.5761643815140832,False
4387,0.6807937753703206,98.94193548387096,0.5523828599255822,False
4388,0.7153220528038851,98.46923375447372,0.4834009444801337,False
4389,0.7473944462440387,98.910694216305,0.45663041692816964,False
4390,0.7771529943226336,98.91243121452402,0.4301033256957239,False
4391,0.804717519321077,98.9142708242856,0.40386500687140486,False
4392,0.8301899714180443,98.91621327529924,0.3779718754690876,False
4393,0.8536576732793313,98.91825874552909,0.3524950217755898,False
4394,0.875195788740725,98.92040736046155,0.3275251594826431,False
4395,0.8948692308065574,98.92265919243233,0.30317945013452297,False
4396,0.9127341558073343,98.92501426001492,0.2796108779054908,False
4397,0.9288391461883214,98.92747252747253,0.2570209304432757,False
4398,0.9432261548473415,98.93003390427546,0.23523802860535611,False
4399,0.9559312637896478,98.93269824468554,0.21407645451784393,False
4400,0.9669852958320848,98.93546534740933,0.19376513212600088,False
4401,0.976414308115487,98.9383349553216,0.17436458321933493,False
4402,0.9669852958320848,98.94130675526024,0.155950512742739,False
4403,0.9559312637896478,98.94438037789408,0.13861933756142863,False
4404,0.9559312637896478,98.94755539766419,0.12249567297759167,False
4405,0.9669852958320848,98.95083133279985,0.10774177016356719,False
4406,0.976414308115487,98.95420764540964,0.09456735957092298,False
4407,0.9842399889605549,98.95768374164811,0.08323419454140855,False
4408,0.9904799742690308,98.96125897195844,0.07404119790302986,False
4409,0.995148095654003,98.9649326313911,0.06726678234615523,False
4410,0.9982545693874831,98.96870395999821,0.06305410454947209,False
4411,0.999806132804711,98.97257214330385,0.061280153118893496,False
4412,0.999806132804711,98.97653631284916,0.06151226088089968,False
4413,0.9982545693874831,98.98059554681213,0.06310670828607291,False
4414,0.995148095654003,98.98474887070084,0.06536841008436584,False
4415,0.9904799742690308,98.98899525811935,0.06765894282908472,False
4416,0.9842399889605549,98.99333363160486,0.0694221974699018,False
4417,0.976414308115487,98.99776286353467,0.07015471606995391,False
4418,0.9669852958320848,99.0022817771017,0.07081658251612398,False
4419,0.9559312637896478,99.00688914735618,0.0721215338038091,False
4420,0.9559312637896478,99.01158370231227,0.07340749720743615,False
4421,0.9559312637896478,99.01636412411696,0.07467380204644403,False
4422,0.9559312637896478,99.02122905027933,0.07591979736868715,False
4423,0.9559312637896478,99.02617707495756,0.07714485253955923,False
4424,1.0532169913190044,99.03120675030135,0.07834835781503255,False
4425,1.0394364783172854,99.03631658784688,0.07952972489476734,False
4426,1.0239228180015463,99.04150505996166,0.08068838745181893,False
4427,1.0066347974846968,99.0467706013363,0.08182380163592155,False
4428,0.9875245214535493,99.05211161052023,0.08293544654763627,False
4429,0.9665364727522964,99.05752645149818,0.0840228246810082,False
4430,0.9436063339556555,99.06301345530441,0.08508546233265651,False
4431,0.9186594970880807,99.06857092167125,0.08612290997550395,False
4432,0.9186594970880807,99.07419712070875,0.08713474259560881,False
4433,0.9186594970880807,99.07989029461206,0.0881205599907937,False
4434,0.8916091590804429,99.08564865939309,0.08907998703001094,False
4435,0.8623538561746379,99.09147040663315,0.09001267387256631,False
4436,0.830774222099454,99.09735370525296,0.09091829614656571,False
4437,0.7967286463062392,99.1032967032967,0.091796555086101,False
4438,0.7600473303889541,99.10929752972665,0.09264717762689682,False
4439,0.720523936685393,99.11535429622492,0.09346991646031623,False
4440,0.677903479475398,99.12146509899908,0.0942645500457629,False
4441,0.6318640827062832,99.12762802058798,0.095030882581714,False
4442,0.6318640827062832,99.13384113166485,0.09576874393573069,False
4443,0.6318640827062832,99.14010249283419,0.09647798953394268,False
4444,0.6318640827062832,99.14641015641925,0.09715850021066301,False
4445,0.6318640827062832,99.15276216823723,0.09781018201887466,False
4446,0.6318640827062832,99.1591565693588,0.09843296600247774,False
4447,0.6318640827062832,99.16559139784947,0.09902680793128464,False
4448,0.6318640827062832,99.17206469048946,0.09959168799985399,False
4449,0.6318640827062832,99.17857448446992,0.10012761049135564,False
4450,0.6318640827062832,99.18511881906225,0.10063460340772816,False
4451,0.6318640827062832,99.19169573725857,0.1011127180675075,False
4452,0.6318640827062832,99.1983032873807,0.10156202867272242,False
4453,0.6318640827062832,99.20493952465533,0.10198263184636722,False
4454,0.6318640827062832,99.21160251275349,0.10237464614198699,False
4455,0.677903479475398,99.21829032529209,0.10273821152698288,False
4456,0.720523936685393,99.22500104729588,0.10307348884124921,False
4457,0.720523936685393,99.23173277661796,0.10338065923284852,False
4458,0.720523936685393,99.2384836253173,0.10365992357238749,False
4459,0.720523936685393,99.24525172099196,0.10391150184783264,False
4460,0.720523936685393,99.25203520806645,0.10413563254148639,False
4461,0.720523936685393,99.25883224903237,0.10433257199086657,False
4462,0.720523936685393,99.26564102564103,0.10450259373522003,False
4463,0.677903479475398,99.27245974004741,0.10464598784940368,False
4464,0.6318640827062832,99.27928661590455,0.10476306026684984,False
4465,0.5819881552488825,99.28611989940781,0.10485413209331716,False
4466,0.5819881552488825,99.29295786028847,0.10491953891311098,False
4467,0.5819881552488825,99.29979879275653,0.10495963008940318,False
4468,0.5819881552488825,99.30664101639213,0.10497476806029735,False
4469,0.5819881552488825,99.31348287698572,0.10496532763218609,False
4470,0.5819881552488825,99.320322747327,0.10493169527196843,False
4471,0.5819881552488825,99.32715902794268,0.10487426839958744,False
4472,0.5819881552488825,99.33399014778325,0.10479345468236881,False
4473,0.5819881552488825,99.34081456485914,0.10468967133252265,False
4474,0.5819881552488825,99.34763076682682,0.10456334440915875,False
4475,0.5819881552488825,99.35443727152524,0.10441490812610074,False
4476,0.5819881552488825,99.36123262746312,0.10424480416671403,False
4477,0.5819881552488825,99.3680154142582,0.10405348100691032,False
4478,0.5819881552488825,99.37478424302866,0.10384139324743417,False
4479,0.5819881552488825,99.38153775673818,0.10360900095646423,False
4480,0.5819881552488825,99.38827463049508,0.10335676902349977,False
4481,0.5277139815252946,99.3949935718067,0.10308516652544707,False
4482,0.46824757305098735,99.40169332079022,0.10279466610574203,False
4483,0.4023829390456117,99.40837265034075,0.10248574336729466,False
4484,0.32806688317929317,99.41503036625805,0.10215887627996599,False
4485,0.208180945557171,99.42166530733299,0.10181454460322574,False
4486,0.208180945557171,99.42827634539486,0.1014532293245793,False
4487,0.208180945557171,99.4348623853211,0.10107541211429216,False
4488,0.208180945557171,99.44142236501041,0.10068157479686173,False
4489,0.208180945557171,99.4479552553207,0.10027219883965996,False
4490,0.208180945557171,99.45446005997327,0.09984776485906849,False
4491,0.208180945557171,99.46093581542442,0.09940875214441834,False
4492,0.208180945557171,99.46738159070598,0.09895563819993433,False
4493,0.208180945557171,99.47379648723602,0.09848889830489299,False
4494,0.208180945557171,99.48017963860109,0.09800900509210413,False
4495,0.208180945557171,99.4865302103116,0.09751642814479766,False
4496,0.208180945557171,99.49284739953131,0.09701163361194252,False
4497,0.208180945557171,99.49913043478261,0.09649508384199273,False
4498,0.208180945557171,99.50537857562865,0.09596723703498972,False
4499,0.208180945557171,99.51159111233405,0.0954285469129264,False
4500,0.208180945557171,99.51776736550498,0.09275768283254933,False
4501,0.208180945557171,99.5239066857104,0.09406028319518048,False
4502,0.208180945557171,99.53000845308537,0.16117085249178886,False
4503,0.208180945557171,99.5360720769179,0.16400555989373106,False
4504,0.208180945557171,99.54209699522043,0.16666434798348026,False
4505,0.208180945557171,99.54808267428723,0.1691585861281816,False
4506,0.208180945557171,99.55402860823891,0.17149846191536425,False
4507,0.2829047929798921,99.55993431855501,0.17369315875938213,False
4508,0.2829047929798921,99.56579935359603,0.1757510002308733,False
4509,0.2829047929798921,99.57162328811579,0.17767956846177263,False
4510,0.2829047929798921,99.57740572276525,0.1794858021282874,False
4511,0.2829047929798921,99.58314628358879,0.1811760781820873,False
4512,0.2829047929798921,99.58884462151394,0.18275628052716045,False
4513,0.2829047929798921,99.59450041183553,0.18423185812017245,False
4514,0.2829047929798921,99.60011335369502,0.18560787443349114,False
4515,0.2829047929798921,99.60568316955624,0.18688904981230367,False
4516,0.208180945557171,99.61120960467792,0.188079797945566,False
4517,0.12068101401352381,99.61669242658424,0.18918425742985845,False
4518,0.12068101401352381,99.6221314245338,0.1884732055428868,False
4519,0.12068101401352381,99.62752640898822,0.18847637977101167,False
4520,0.12068101401352381,99.54185503200947,0.18941795872947673,False
4521,0.12068101401352381,99.6683350419104,0.18827890734831823,False
4522,0.12068101401352381,98.95977808599167,0.13452809350145498,False
4523,0.12068101401352381,99.70451667370199,0.13008540122136003,False
4524,0.12068101401352381,99.70936329588015,0.12554563484434317,False
4525,0.12068101401352381,99.71416661704282,0.12090838669019147,False
4526,0.12068101401352381,99.7189265954614,0.11617177947578851,False
4527,0.12068101401352381,99.72364320573881,0.11133220381151293,False
4528,0.12068101401352381,99.72831643831614,0.10638395984414618,False
4529,0.12068101401352381,99.73294629898403,0.10131876153117228,False
4530,0.12068101401352381,99.73753280839895,0.09575085114640025,False
4531,0.12068101401352381,99.74207600160486,0.09107468481187503,False
4532,0.12068101401352381,99.74657592756058,0.16671371298086335,False
4533,0.12068101401352381,99.75103264867312,0.16456310104598376,False
4534,0.12068101401352381,99.75544624033732,0.16244020356068545,False
4535,0.12068101401352381,99.75981679048205,0.1603491162061434,False
4536,0.12068101401352381,99.76414439912317,0.15829372202344785,False
4537,0.12068101401352381,99.76842917792358,0.15627769911687517,False
4538,0.12068101401352381,99.69950929040084,0.1564166935400297,False
4539,0.12068101401352381,99.74086122291449,0.15567191543393097,False
4540,0.12068101401352381,99.74086122291449,0.15452480551724074,False
4541,0.12068101401352381,99.74086122291449,0.15454132462416817,False
4542,0.12068101401352381,99.74086122291449,0.15453158381310247,False
4543,0.12068101401352381,99.74086122291449,0.15450059064488716,False
4544,0.12068101401352381,99.74086122291449,0.15445287416253606,False
4545,0.12068101401352381,99.74086122291449,0.15439250555078274,False
4546,0.12068101401352381,99.74086122291449,0.1543231173679696,False
4547,0.12068101401352381,99.74086122291449,0.1542479218270786,False
4548,0.12068101401352381,99.74086122291449,0.15416972853118557,False
4549,0.12068101401352381,99.74086122291449,0.1540635290728093,False
4550,0.12068101401352381,99.69675249489993,0.22147136721322103,False
4551,0.12068101401352381,99.76842917792358,0.22113372209700746,False
4552,0.12068101401352381,99.0704514553678,0.1685751475862841,False
4553,0.12068101401352381,99.78774507065854,0.16788339593627116,False
4554,0.12068101401352381,99.78774507065854,0.16724658134113746,False
4555,0.12068101401352381,99.78774507065854,0.16665976331399276,False
4556,0.12068101401352381,99.78774507065854,0.16611829275643383,False
4557,0.12068101401352381,99.78774507065854,0.16561780293712647,False
4558,0.12068101401352381,99.78774507065854,0.16515419856846011,False
4559,0.12068101401352381,99.78774507065854,0.16472364325128028,False
4560,0.12068101401352381,99.72909568228789,0.16481478454433876,False
4561,0.12068101401352381,99.81008769479975,0.24229981795135305,False
4562,0.12068101401352381,99.80604356992269,0.24198104244810664,False
4563,0.12068101401352381,99.80195778871725,0.24158036481628523,False
4564,0.12068101401352381,99.79783023434608,0.24163519071709696,False
4565,0.12068101401352381,99.79366080128389,0.24162746787390038,False
4566,0.12068101401352381,99.7894493957486,0.24163660801576656,False
4567,0.12068101401352381,99.78519593613933,0.24165847407906796,False
4568,-0.0,99.78090035348076,0.24168946497973715,False
4569,-0.0,99.77656259187394,0.24174396829958694,False
4570,-0.0,99.03275122008584,0.18219132534026292,False
4571,-0.0,99.74716293290997,0.18223572982058223,False
4572,-0.0,99.74716293290997,0.18226142792935632,False
4573,-0.0,99.74716293290997,0.1822698405214624,False
4574,-0.0,99.74716293290997,0.18226242250839972,False
4575,-0.0,99.74716293290997,0.18224066420646506,False
4576,-0.0,99.74716293290997,0.18220609256925716,False
4577,-0.0,99.74716293290997,0.18216027229447865,False
4578,-0.0,99.74716293290997,0.18210480679392624,False
4579,-0.0,99.74716293290997,0.2441351910887075,False
4580,-0.0,99.74716293290997,0.24444867732985948,False
4581,-0.0,98.92600372792094,0.16722387643244385,False
4582,-0.0,99.74394092776753,0.1671032883041348,False
4583,-0.0,99.74394092776753,0.169294536722984,False
4584,-0.0,99.65164056452093,0.16934946810833584,False
4585,-0.0,99.76776037634728,0.16953651373289308,False
4586,-0.0,99.76329588014981,0.1696963105655132,False
4587,-0.0,99.75878912138937,0.1698315457875561,False
4588,-0.0,99.75424011650838,0.1699447581388646,False
4589,-0.0,99.74964889784454,0.17003834269417284,False
4590,-0.0,99.7450155141163,0.17011455508786463,False
4591,-0.0,99.7403400309119,0.1701944537633591,False
4592,-0.0,99.735622531181,0.1700758656519228,False
4593,-0.0,99.73086311572887,0.16997006675649695,False
4594,-0.0,99.72606190371233,0.16987995105031833,False
4595,-0.0,99.72121903313692,0.16981195652181658,False
4596,-0.0,99.71633466135458,0.16976503821936964,False
4597,-0.0,99.71140896556147,0.1697396679066994,False
4598,-0.0,99.70644214329495,0.16973629447691962,False
4599,-0.0,98.96151100149282,0.048517357243298684,False
4600,-0.0,99.72250334628318,0.046792981408686776,False
4601,-0.0,99.72250334628318,0.04630047097944309,False
4602,-0.0,99.72250334628318,0.04583932731575343,False
4603,-0.0,99.5592700205674,0.037021079745263065,False
4604,-0.0,99.74535601188339,0.034404330537065216,False
4605,-0.0,99.742587161942,0.03199600530702315,False
4606,-0.0,99.73779088823336,0.030047873498093645,False
4607,-0.0,99.73295529473823,0.02861855965430313,False
4608,-0.0,99.7280806473007,0.027754642050756156,False
4609,-0.0,99.72316723367354,0.027478395887362818,False
4610,-0.0,99.71821536397182,0.030310369197813228,False
4611,-0.0,99.7132253711201,0.03336714412861776,False
4612,-0.0,99.70819761129208,0.03736733885609805,False
4613,-0.0,99.70313246434178,0.04116044615535454,False
4614,-0.0,99.69803033422552,0.19425168902110732,False
4615,-0.0,99.69289164941338,0.19441673056954617,False
4616,-0.0,99.68771686328938,0.20917250122756426,False
4617,-0.0,99.68250645453911,0.20915743423117067,False
4618,-0.0,99.67726092752403,0.2091353153192307,False
4619,-0.0,99.67198081264108,0.20910518445141205,False
4620,-0.0,99.66666666666667,0.2090660559984622,False
4621,-0.0,99.66131907308377,0.20901691828884197,False
4622,-0.0,99.65593864239122,0.20895673312331375,False
4623,-0.0,99.65052601239371,0.20888443525398837,False
4624,-0.0,99.64508184847168,0.20879893182399883,False
4625,-0.0,99.63960684382963,0.2747612826231333,False
4626,-0.0,99.63410171972191,0.27464481447985845,False
4627,-0.0,99.6285672256546,0.2745074037888566,False
4628,-0.0,99.62300413956238,0.27435079282790736,False
4629,-0.0,99.6174132679593,0.2741763192077142,False
4630,-0.0,99.61179544606196,0.273716497460233,False
4631,-0.0,99.60615153788447,0.273238752933135,False
4632,-0.0,99.60048243630334,0.2727463274707249,False
4633,-0.0,99.59478906309172,0.2722423280073667,False
4634,-0.0,98.8242903888593,0.19521201061367593,False
4635,-0.0,99.60626911314985,0.19514318042790868,False
4636,-0.0,99.2928134556575,0.17935674435278895,False
4637,-0.0,99.62155963302752,0.17950977533893886,False
4638,-0.0,99.61597542242704,0.17968369233114145,False
4639,-0.0,99.6103695702492,0.17987703878685823,False
4640,-0.0,99.60474308300395,0.18008801897524088,False
4641,-0.0,99.5990969951736,0.18031452962917596,False
4642,-0.0,99.59343236903831,0.1805541921834909,False
4643,-0.0,99.58775029446407,0.18080438539641566,False
4644,-0.0,99.58205188865232,0.18106227815870987,False
4645,-0.0,98.79347054648687,0.02922021883447709,False
4646,-0.0,99.55839444838735,0.029642909499378513,False
4647,-0.0,99.55839444838735,0.02980546092632149,False
4648,-0.0,99.55839444838735,0.03000665025868134,False
4649,-0.0,99.55839444838735,0.030221498801854485,False
4650,-0.0,99.55839444838735,0.030427325049759063,False
4651,-0.0,99.55839444838735,0.030603730335617176,False
4652,-0.0,99.55839444838735,0.030732441544897675,False
4653,-0.0,99.55839444838735,0.030797065494841753,False
4654,-0.0,99.55839444838735,0.03078279327596791,False
4655,-0.0,99.55839444838735,0.030676077092775412,False
4656,-0.0,99.55839444838735,0.02990023199860439,False
4657,-0.0,99.55839444838735,0.028964990271555333,False
4658,0.12068101401352381,99.55839444838735,0.02785466275540916,False
4659,0.208180945557171,99.55839444838735,0.026550175450128936,False
4660,0.2829047929798921,99.55839444838735,0.02502670765380399,False
4661,0.3491843735073079,99.55839444838735,0.023249634037333183,False
4662,0.40907313904382653,99.55839444838735,0.02116681656434862,False
4663,0.4637773498877516,99.55839444838735,0.01869196992895387,False
4664,0.5140912790181235,99.55839444838735,0.015661522258293505,False
4665,0.560576942614533,99.55839444838735,0.014929686422706761,False
4666,0.603652249754401,99.55839444838735,0.17161711002065583,False
4667,0.6436394131461666,99.55839444838735,0.1718865135505704,False
4668,0.6807937753703206,99.55839444838735,0.19534646836336303,False
4669,0.7153220528038851,99.55839444838735,0.2150346947229142,False
4670,0.7473944462440387,99.55839444838735,0.23195032869769408,False
4671,0.7771529943226336,99.55839444838735,0.24669899913100415,False
4672,0.804717519321077,99.55839444838735,0.25968323054872966,False
4673,0.8301899714180443,99.55839444838735,0.27118835142123565,False
4674,0.8536576732793313,99.55839444838735,0.2814265511975327,False
4675,0.875195788740725,99.55839444838735,0.2905616370509703,False
4676,0.8948692308065574,99.55839444838735,0.2987809234207682,False
4677,0.9127341558073343,99.55839444838735,0.30613276943522943,False
4678,0.9288391461883214,99.55839444838735,0.31270546989673,False
4679,0.9432261548473415,99.55839444838735,0.3185738601262949,False
4680,0.9559312637896478,99.55839444838735,0.32380241180576474,False
4681,0.9669852958320848,99.55839444838735,0.3284474882253876,False
4682,0.976414308115487,99.55839444838735,0.332559025225032,False
4683,0.9842399889605549,99.55839444838735,0.336181809612371,False
4684,0.9904799742690308,99.55839444838735,0.33935646907092765,False
4685,0.995148095654003,99.55839444838735,0.3421202511231779,False
4686,0.9982545693874831,98.79347054648687,0.29904863939843873,False
4687,0.999806132804711,99.57810898194148,0.30123061089637326,False
4688,0.999806132804711,99.94895956026699,0.2886407667779682,False
4689,0.9982545693874831,99.94895956026699,0.276090716591978,False
4690,0.9982545693874831,99.94895956026699,0.2635861444903719,False
4691,0.9982545693874831,99.94895956026699,0.251133843962247,False
4692,0.9982545693874831,99.94895956026699,0.23874199428700846,False
4693,0.9982545693874831,99.94895956026699,0.22642052099125023,False
4694,0.9982545693874831,99.94895956026699,0.21418157029186483,False
4695,0.9982545693874831,99.94895956026699,0.2129016397189488,False
4696,0.9982545693874831,99.94895956026699,0.20143392359928827,False
4697,0.9982545693874831,99.94895956026699,0.19007782796415412,False
4698,0.9982545693874831,99.94895956026699,0.17906607646910916,False
4699,0.9982545693874831,99.94895956026699,0.16841111596192854,False
4700,0.9982545693874831,99.94895956026699,0.15813150421700292,False
4701,0.995148095654003,99.94895956026699,0.14824819244359896,False
4702,0.9904799742690308,99.94895956026699,0.2251370853104272,False
4703,0.9842399889605549,99.94895956026699,0.21969538051122042,False
4704,0.976414308115487,99.94895956026699,0.21476169095144326,False
4705,0.9669852958320848,99.94895956026699,0.21033213350862084,False
4706,0.9559312637896478,99.94895956026699,0.20639877866164283,False
4707,0.9432261548473415,99.94895956026699,0.2029494035410429,False
4708,0.9288391461883214,99.94895956026699,0.21942155073525446,False
4709,0.9127341558073343,99.94895956026699,0.21712866873122602,False
4710,0.8948692308065574,99.94895956026699,0.2152159707349515,False
4711,0.875195788740725,99.94895956026699,0.21365505535713084,False
4712,0.8536576732793313,99.94895956026699,0.21241487658361072,False
4713,0.8301899714180443,99.94895956026699,0.21146213820044046,False
4714,0.804717519321077,99.94895956026699,0.2107617064821449,False
4715,0.7771529943226336,99.57810898194148,0.1992725124036463,False
4716,0.7473944462440387,99.92872980677859,0.19904180732998156,False
4717,0.7153220528038851,99.92843511450381,0.1990430278098106,False
4718,0.6807937753703206,99.92814371257485,0.19904500554689492,False
4719,0.6807937753703206,99.92785571142285,0.19905322489261162,False
4720,0.6807937753703206,99.92757122163206,0.19906914498922162,False
4721,0.6807937753703206,99.9272903538536,0.19909425962725844,False
4722,0.6807937753703206,99.13960252060107,0.09070455630471363,False
4723,0.6807937753703206,99.89901438035224,0.18856218242095196,False
4724,0.6807937753703206,99.89901438035224,0.18857384013717257,False
4725,0.6807937753703206,99.89901438035224,0.188600881444172,False
4726,0.6807937753703206,99.89901438035224,0.18860595982618858,False
4727,0.6807937753703206,99.89901438035224,0.18861862048743747,False
4728,0.6807937753703206,99.49314735220177,0.1964262005103878,False
4729,0.6807937753703206,99.86975986975987,0.33061551462482597,False
4730,0.6807937753703206,99.86928104575163,0.34484902508501175,False
4731,0.6807937753703206,99.8688094457199,0.3572895925803827,False
4732,0.6807937753703206,99.86834526454373,0.3681763936521848,False
4733,0.6807937753703206,99.86788869622657,0.37905247914253487,False
4734,0.6807937753703206,99.86743993371996,0.3886340392594997,False
4735,0.6807937753703206,99.86699916874481,0.3970626471557818,False
4736,0.6807937753703206,99.86656659161038,0.4044573395553797,False
4737,0.6807937753703206,99.86614239103154,0.4109201281132628,False
4738,0.6807937753703206,99.86572675394427,0.41653993856694177,False
4739,0.6807937753703206,99.86531986531986,0.4218643211530315,False
4740,0.6807937753703206,99.86492190797804,0.42648636669730183,False
4741,0.6807937753703206,99.86453306239946,0.43046886486275293,False
4742,0.6807937753703206,99.86415350653762,0.4338691496205984,False
4743,0.6807937753703206,99.10426218373239,0.4042671280924342,False
4744,0.6807937753703206,99.82594668025132,0.40687391837291753,False
4745,0.6807937753703206,99.82594668025132,0.40901175010055635,False
4746,0.6807937753703206,99.82594668025132,0.41074703107583865,False
4747,0.6807937753703206,99.82594668025132,0.4121130165928948,False
4748,0.6807937753703206,99.34020091946195,0.39942387685768255,False
4749,0.6807937753703206,98.60378001021624,0.2990812488273014,False
4750,0.6807937753703206,99.31040354163119,0.2833354325724531,False
4751,0.6436394131461666,99.31040354163119,0.26801402234130917,False
4752,0.603652249754401,99.31040354163119,0.2531773813957849,False
4753,0.560576942614533,99.31040354163119,0.23674574108291635,False
4754,0.5140912790181235,99.31040354163119,0.22090602254041275,False
4755,0.4637773498877516,99.31040354163119,0.2054728809893996,False
4756,0.40907313904382653,99.31040354163119,0.22090941941910933,False
4757,0.3491843735073079,99.31040354163119,0.208710985958774,False
4758,0.2829047929798921,99.31040354163119,0.19726670225052056,False
4759,0.208180945557171,99.31040354163119,0.1856249417847943,False
4760,0.12068101401352381,99.31040354163119,0.17498618255005785,False
4761,-0.0,99.31040354163119,0.2390044620226027,False
4762,-0.0,99.31040354163119,0.3602798238557374,False
4763,-0.0,99.31040354163119,0.39217606432812646,False
4764,-0.0,99.31040354163119,0.4200801280999454,False
4765,0.12068101401352381,99.31040354163119,0.4447538482748463,False
4766,0.208180945557171,99.31040354163119,0.5380776234677154,False
4767,0.2829047929798921,99.31040354163119,0.5562612179887584,False
4768,0.3491843735073079,99.31040354163119,0.5724835057266032,False
4769,0.40907313904382653,99.31040354163119,0.6235840961751907,False
4770,0.4637773498877516,99.31040354163119,0.6373830324074864,False
4771,0.5140912790181235,99.31040354163119,0.6497487788636238,False
4772,0.560576942614533,99.31040354163119,0.6607865320138775,False
4773,0.603652249754401,99.31040354163119,0.6705878482298815,False
4774,0.6436394131461666,99.31040354163119,0.6791710049805489,False
4775,0.6807937753703206,99.31040354163119,0.6867033594126609,False
4776,0.7153220528038851,98.82202304737515,0.6841753822244373,False
4777,0.7473944462440387,99.2640136927685,0.689855113418371,False
4778,0.7771529943226336,99.25789293067947,0.694692312313103,False
4779,0.804717519321077,99.25180598555211,0.698742601264323,False
4780,0.8301899714180443,99.24575467632101,0.7020243529685074,False
4781,0.8536576732793313,98.51305921903284,0.6831689079670955,False
4782,0.875195788740725,98.03023758099351,0.627775153691211,False
4783,0.8948692308065574,98.4891774891775,0.6369958381171255,False
4784,0.9127341558073343,98.4860315807739,0.6191484757478007,False
4785,0.9288391461883214,98.48300443362601,0.6016152479456957,False
4786,0.9432261548473415,97.77014691819525,0.5195396507496833,False
4787,0.9559312637896478,98.43519081978614,0.4997736033432593,False
4788,0.9669852958320848,98.43519081978614,0.4807287647128661,False
4789,0.976414308115487,97.91394477832941,0.4117939200131794,False
4790,0.9842399889605549,98.38132635253054,0.38960643350454965,False
4791,0.9904799742690308,98.3784965034965,0.3682221819960421,False
4792,0.995148095654003,98.37579896681551,0.34778665946059495,False
4793,0.9982545693874831,98.37323511356661,0.32837712317669093,False
4794,0.999806132804711,98.37080625329352,0.31006409486431996,False
4795,0.999806132804711,98.36851363236588,0.29293519064625523,False
4796,0.9982545693874831,98.36635843240863,0.2770812149938619,False
4797,0.995148095654003,98.36434176880346,0.2625662192804838,False
4798,0.9904799742690308,98.36246468926554,0.2494722999300096,False
4799,0.9842399889605549,98.36072817249912,0.23786796019751663,False
4800,0.976414308115487,98.35913312693498,0.22780662968551768,False
4801,0.9669852958320848,98.3576803895529,0.219292406724834,False
4802,0.9559312637896478,98.35637072479177,0.2123087853259269,False
4803,0.9432261548473415,97.6962608541556,0.08302215722909663,False
4804,0.9288391461883214,98.29877724614566,0.06727799779830101,False
4805,0.9127341558073343,98.29877724614566,0.053265457909095475,False
4806,0.8948692308065574,98.29877724614566,0.041378044385723046,False
4807,0.875195788740725,98.29877724614566,0.0288995339465737,False
4808,0.8536576732793313,98.29877724614566,0.018310030913080658,False
4809,0.8301899714180443,98.29877724614566,0.010385112992663936,False
4810,0.804717519321077,98.29877724614566,0.007097631168037244,False
4811,0.7771529943226336,98.29877724614566,0.007883779586575776,False
4812,0.7473944462440387,98.29877724614566,0.008857738721008963,False
4813,0.7153220528038851,98.29877724614566,0.0098071633943068,False
4814,0.6807937753703206,98.29877724614566,0.009806088590000402,False
4815,0.6436394131461666,98.29877724614566,0.009726025498187811,False
4816,0.603652249754401,98.29877724614566,0.13146083401514347,False
4817,0.560576942614533,98.29877724614566,0.19274392174246133,False
4818,0.5140912790181235,98.29877724614566,0.19293129358021016,False
4819,0.4637773498877516,98.29877724614566,0.19311842774603638,False
4820,0.40907313904382653,98.29877724614566,0.19329578337716874,False
4821,0.3491843735073079,98.29877724614566,0.23636693553172355,False
4822,0.2829047929798921,98.29877724614566,0.23636706299832425,False
4823,0.208180945557171,98.29877724614566,0.2363728247684077,False
4824,0.12068101401352381,98.29877724614566,0.23638527730569353,False
4825,-0.0,98.29877724614566,0.23640582663195653,False
4826,-0.0,98.29877724614566,0.23643620451622482,False
4827,-0.0,98.29877724614566,0.23647844358035663,False
4828,-0.0,98.29877724614566,0.23653485130965765,False
4829,-0.0,98.29877724614566,0.2366079829586199,False
4830,-0.0,98.29877724614566,0.23670061334788164,False
4831,-0.0,98.29877724614566,0.23681570755899248,False
4832,-0.0,98.29877724614566,0.23695639054830733,False
4833,-0.0,98.29877724614566,0.23712591572002,False
4834,-0.0,98.29877724614566,0.23737844842679812,False
4835,0.12068101401352381,98.29877724614566,0.23767536548064705,False
4836,0.208180945557171,97.71236034757936,0.19864432864168233,False
4837,0.2829047929798921,97.6488332889717,0.14063761284644405,False
4838,0.3491843735073079,98.29560585885486,0.17222551698972166,False
4839,0.40907313904382653,98.29560585885486,0.29869081849578366,False
4840,0.4637773498877516,98.29560585885486,0.3120289152195497,False
4841,0.5140912790181235,97.6488332889717,0.2932491882833899,False
4842,0.5140912790181235,98.23993615889341,0.3035442794658186,False
4843,0.5140912790181235,98.24118376749956,0.3120334114508036,False
4844,0.5140912790181235,98.24258521469677,0.31898290870417795,False
4845,0.5140912790181235,98.24413976116763,0.32460970410203066,False
4846,0.5140912790181235,98.24584658890068,0.32909603233925644,False
4847,0.5140912790181235,98.24770480225989,0.33326299476907684,False
4848,0.560576942614533,98.24971342915087,0.3372064699839989,False
4849,0.603652249754401,98.25187142228093,0.36243441929377057,False
4850,0.6436394131461666,98.25417766051011,0.36328757827656216,False
4851,0.6807937753703206,98.25663095028983,0.38369024151603104,False
4852,0.7153220528038851,98.25923002718582,0.38540474399348734,False
4853,0.7473944462440387,98.26197355748184,0.3870120683668505,False
4854,0.7771529943226336,98.26486013986013,0.38850221675357677,False
4855,0.804717519321077,98.26788830715532,0.3898659300426208,False
4856,0.8301899714180443,98.27105652817698,0.3910947732192642,False
4857,0.8536576732793313,98.2743632095975,0.3921812235051274,False
4858,0.875195788740725,97.76580022602799,0.38053093581494185,False
4859,0.8948692308065574,97.10220371334374,0.34571917086987647,False
4860,0.9127341558073343,97.74891774891775,0.3774066634196024,False
4861,0.9288391461883214,97.75809935205183,0.3679463164158319,False
4862,0.9432261548473415,97.76743384191018,0.3595182979417143,False
4863,0.9432261548473415,97.77691778465773,0.3521773767082726,False
4864,0.9432261548473415,97.78654770075498,0.3459736532714165,False
4865,0.9432261548473415,97.79632006846384,0.3409505012599357,False
4866,0.9432261548473415,97.80623132735809,0.3371425349358741,False
4867,0.9432261548473415,97.81627788183211,0.3420856083172595,False
4868,0.9559312637896478,97.8264561046018,0.3385298180141607,False
4869,0.9559312637896478,97.44729489458979,0.31171733259212947,False
4870,0.9559312637896478,97.8978471929084,0.31083680089105487,False
4871,0.9559312637896478,97.44729489458979,0.2853684530299762,False
4872,0.9559312637896478,97.8264561046018,0.28312050668658295,False
4873,0.9559312637896478,97.81627788183211,0.28096402034183815,False
4874,0.9559312637896478,97.80623132735809,0.31496325117398327,False
4875,0.9559312637896478,97.79632006846384,0.3898768020464004,False
4876,0.9559312637896478,97.78654770075498,0.4129773860280359,False
4877,0.9559312637896478,97.77691778465773,0.43308433209015085,False
4878,0.9559312637896478,97.76743384191018,0.45065882754278735,False
4879,0.9559312637896478,97.06059822429101,0.42862198500221016,False
4880,0.9559312637896478,97.06059822429101,0.40838159409391944,False
4881,0.9559312637896478,97.76743384191018,0.4235016402217807,False
4882,0.9559312637896478,97.77691778465773,0.4373717990385263,False
4883,0.9559312637896478,97.78654770075498,0.44939885340644947,False
4884,0.9559312637896478,97.79632006846384,0.45975143753509057,False
4885,0.9559312637896478,97.80623132735809,0.4685617126309783,False
4886,0.9559312637896478,97.81627788183211,0.47619201464294914,False
4887,0.9559312637896478,97.36506044610931,0.47707869344240905,False
4888,0.9559312637896478,97.75668312617061,0.4833309087287665,False
4889,0.9559312637896478,97.75668312617061,0.4887971267471915,False
4890,0.9559312637896478,97.75668312617061,0.4944435096650681,False
4891,0.9559312637896478,97.75668312617061,0.5001199541249643,False
4892,0.9559312637896478,97.75668312617061,0.5050415955033373,False
4893,0.9559312637896478,97.75668312617061,0.5092523700148573,False
4894,0.9559312637896478,97.04958397011377,0.4914797654781531,False
4895,0.9559312637896478,96.64204448972662,0.4366765464928554,False
4896,0.9559312637896478,97.01562234674817,0.44133808792889617,False
4897,0.9559312637896478,97.01562234674817,0.4247483837411911,False
4898,0.9559312637896478,97.01562234674817,0.4088656213965522,False
4899,0.9559312637896478,97.01562234674817,0.39336012477511634,False
4900,0.9559312637896478,97.01562234674817,0.377418515072017,False
4901,0.9432261548473415,97.01562234674817,0.36329983730566845,False
4902,0.9432261548473415,97.01562234674817,0.34822298852145855,False
4903,0.9559312637896478,97.01562234674817,0.33382532617743504,False
4904,0.9669852958320848,97.01562234674817,0.3201630357469021,False
4905,0.976414308115487,97.01562234674817,0.30764576209208977,False
4906,0.976414308115487,97.00925807414993,0.2960974344329534,False
4907,0.976414308115487,96.99879951980792,0.2850559975593594,False
4908,0.976414308115487,96.9928051354961,0.2748722850655181,False
4909,0.976414308115487,96.98701298701299,0.2675989884180499,False
4910,0.976414308115487,96.9814275151146,0.258130443121423,False
4911,0.976414308115487,96.97605313756337,0.3231486538590533,False
4912,0.976414308115487,96.97089424469907,0.31669640943015376,False
4913,0.976414308115487,96.96595519491974,0.3107277653620751,False
4914,0.976414308115487,96.96124031007751,0.3053157324518174,False
4915,0.976414308115487,96.95675387079551,0.3005249098697377,False
4916,0.976414308115487,96.48958889482114,0.25818561256335865,False
4917,0.976414308115487,96.86332087560064,0.2510104265090233,False
4918,0.976414308115487,96.86332087560064,0.24446448452243397,False
4919,0.976414308115487,96.86332087560064,0.2392648012685349,False
4920,0.976414308115487,96.86332087560064,0.23539815905911726,False
4921,0.976414308115487,96.81844586442647,0.23100342524774223,False
4922,0.976414308115487,96.84078262430444,0.22895877365837178,False
4923,0.9669852958320848,96.8365553602812,0.22806987487568967,False
4924,0.9669852958320848,96.83257918552036,0.2283263676139592,False
4925,0.9669852958320848,96.82885829812366,0.23205723016270793,False
4926,0.9669852958320848,96.82539682539682,0.23546624344951275,False
4927,0.9669852958320848,96.82219881862723,0.2381963609093553,False
4928,0.9669852958320848,96.8167809006854,0.24075305647872647,False
4929,0.9559312637896478,96.73546659278755,0.24091657216899143,False
4930,0.9559312637896478,96.78824674421838,0.24283893539410176,False
4931,0.9559312637896478,95.96547107972118,0.13023899356704435,False
4932,0.9559312637896478,96.72658728334329,0.13219630306260147,False
4933,0.9559312637896478,96.74007600384597,0.1348982111193825,False
4934,0.9559312637896478,96.75375005699175,0.13809947925334268,False
4935,0.9559312637896478,96.76760339583238,0.14157693194190293,False
4936,0.9559312637896478,96.78162997785111,0.14513342920431582,False
4937,0.9559312637896478,96.79582377030736,0.14859583989462882,False
4938,0.9559312637896478,96.8101787554321,0.1518185536440157,False
4939,0.9559312637896478,96.82468893546805,0.15467744987500212,False
4940,0.9559312637896478,96.83934833755049,0.15696496421301856,False
4941,0.9559312637896478,96.85415101842442,0.15867594415743627,False
4942,0.9559312637896478,96.86909106899432,0.1588925957798808,False
4943,0.9559312637896478,96.88416261870378,0.15839550727380577,False
4944,0.9559312637896478,96.67290859208292,0.15703918342669418,False
4945,0.9559312637896478,96.98834337218877,0.15039661611859026,False
4946,0.9559312637896478,96.98834337218877,0.14338082636383123,False
4947,0.9559312637896478,96.98834337218877,0.13710621056810068,False
4948,0.9559312637896478,96.98834337218877,0.13073165445034304,False
4949,0.9559312637896478,96.98834337218877,0.12425763995228883,False
4950,0.9559312637896478,96.98834337218877,0.11768094020691729,False
4951,0.9559312637896478,96.98834337218877,0.11099376903360976,False
4952,0.9559312637896478,96.98834337218877,0.10430552670878765,False
4953,0.9559312637896478,96.98834337218877,0.09755023201298517,False
4954,0.9559312637896478,96.98834337218877,0.09072360644626891,False
4955,0.9559312637896478,96.98834337218877,0.08379765019525787,False
4956,0.9669852958320848,96.98834337218877,0.0767760585209607,False
4957,0.9669852958320848,96.98834337218877,0.07296532738296911,False
4958,0.9669852958320848,96.98834337218877,0.06720753485873626,False
4959,0.9669852958320848,96.98834337218877,0.06220066080776484,False
4960,0.9669852958320848,96.98834337218877,0.0585076831468717,False
4961,0.9559312637896478,96.98834337218877,0.056229345838577464,False
4962,0.9559312637896478,96.98834337218877,0.05793990572028469,False
4963,0.9432261548473415,96.98834337218877,0.06115076582930863,False
4964,0.9288391461883214,96.98834337218877,0.06559425394561495,False
4965,0.9127341558073343,96.98834337218877,0.07099066062480748,False
4966,0.8948692308065574,96.98834337218877,0.23183211667382922,False
4967,0.8948692308065574,96.98834337218877,0.2356053161441534,False
4968,0.8948692308065574,96.98834337218877,0.23903289939210526,False
4969,0.8948692308065574,96.98834337218877,0.2421333589739536,False
4970,0.875195788740725,96.98834337218877,0.24492460097765273,False
4971,0.8536576732793313,96.98834337218877,0.2474240951352921,False
4972,0.8301899714180443,96.98834337218877,0.24964898764415236,False
4973,0.804717519321077,96.98834337218877,0.2516161836329146,False
4974,0.7771529943226336,96.98834337218877,0.25334240425577625,False
4975,0.7473944462440387,96.98834337218877,0.25484981141725827,False
4976,0.7153220528038851,96.98834337218877,0.25673992992777533,False
4977,0.6807937753703206,96.89069391676493,0.2582497649609923,False
4978,0.6807937753703206,96.9282225058311,0.2607938300871389,False
4979,0.6436394131461666,96.91338862033793,0.2636028640758876,False
4980,0.603652249754401,96.89860124234706,0.3521904822110061,False
4981,0.560576942614533,96.88386544783177,0.3557240111574003,False
4982,0.5140912790181235,96.86918644221608,0.35855342366977067,False
4983,0.4637773498877516,96.85456956064554,0.36072109215795023,False
4984,0.4637773498877516,96.84002026809158,0.3622670781022866,False
4985,0.4637773498877516,96.82554415927972,0.36322980132441496,False
4986,0.4637773498877516,95.96695595674572,0.29057839764657684,False
4987,0.4637773498877516,96.72808279574883,0.2892516915257559,False
4988,0.4637773498877516,96.72808279574883,0.2878959029566912,False
4989,0.4637773498877516,96.72808279574883,0.30373178522945393,False
4990,0.4637773498877516,96.72808279574883,0.30517771515907105,False
4991,0.5140912790181235,96.72808279574883,0.37825241281044625,False
4992,0.560576942614533,96.72808279574883,0.4734175345038668,False
4993,0.603652249754401,96.72808279574883,0.5227066089426409,False
4994,0.6436394131461666,96.72808279574883,0.6429977717355222,False
4995,0.6807937753703206,96.72808279574883,0.6686134033764326,False
4996,0.7153220528038851,96.70411985018727,0.6906700744914546,False
4997,0.7473944462440387,96.67532467532467,0.7110934010271149,False
4998,0.7771529943226336,96.65110518292683,0.7287753550257837,False
4999,0.7771529943226336,96.62678391235404,0.7440098460690143,False
5000,0.7771529943226336,95.75224640814953,0.7763818632441419,False
5001,0.7771529943226336,96.51626543654798,0.8003916776323283,False
5002,0.7771529943226336,96.51626543654798,0.8064308683424493,False
5003,0.7771529943226336,96.51626543654798,0.8115363491833166,False
5004,0.7771529943226336,96.51626543654798,0.8203709981446212,False
5005,0.7771529943226336,96.51626543654798,0.8257888466356508,False
5006,0.7771529943226336,96.51626543654798,0.8307437062579304,False
5007,0.804717519321077,96.51626543654798,0.8678994973503991,False
5008,0.8301899714180443,96.51626543654798,0.8811869946492955,False
5009,0.8536576732793313,96.17093191694833,0.8783104121058608,False
5010,0.875195788740725,96.39998059288729,0.879621827551631,False
5011,0.8948692308065574,95.5848818592014,0.852534488951016,False
5012,0.9127341558073343,95.27152188749147,0.80494749026196,False
5013,0.9288391461883214,95.49928987707527,0.7747837784952138,False
5014,0.9288391461883214,94.7751648135393,0.6789008059192455,False
5015,0.9432261548473415,95.55720286632074,0.6539585695021212,False
5016,0.9559312637896478,95.55720286632074,0.6303667545123058,False
5017,0.9559312637896478,95.55720286632074,0.6064526923036878,False
5018,0.9559312637896478,95.55720286632074,0.5838948183967975,False
5019,0.9559312637896478,95.55720286632074,0.5628342351364944,False
5020,0.9559312637896478,94.77024500639575,0.4611851495432511,False
5021,0.9559312637896478,95.24462510406974,0.4147464004039738,False
5022,0.9669852958320848,95.60300282733743,0.45740647802117657,False
5023,0.976414308115487,95.60300282733743,0.44653693120191185,False
5024,0.9842399889605549,95.45208977948037,0.42865067579791183,False
5025,0.9904799742690308,95.52201880257299,0.41669862048893375,False
5026,1.0971804769523517,95.50371367329645,0.40563559129152177,False
5027,1.170377295621679,94.76750025107964,0.34638285815910547,False
5028,1.2304597034223903,95.14200675982444,0.312144319076972,False
5029,1.2817425764699486,95.44468546637744,0.32581400493700136,False
5030,1.3262610770456722,95.44468546637744,0.33992877550224365,False
5031,1.3652016755898781,95.44468546637744,0.3512092941347327,False
5032,1.3993371806574677,95.44468546637744,0.3620633238092716,False
5033,1.429206268217279,95.44468546637744,0.37314707934415353,False
5034,1.4552013979602214,95.44468546637744,0.3842867046273142,False
5035,1.4776169519137876,95.44468546637744,0.3950486682604089,False
5036,1.4738989153366922,95.44468546637744,0.39448931414699273,False
5037,1.4683074126842999,95.44468546637744,0.40010109457992066,False
5038,1.4608248015713592,95.44468546637744,0.40437854091661574,False
5039,1.4608248015713592,95.44468546637744,0.4078030694824931,False
5040,1.4514270347987221,95.44468546637744,0.4106580452643237,False
5041,1.4660741214574515,95.44468546637744,0.41205764644517134,False
5042,1.477322818602089,94.39590238023501,0.34806089133030405,False
5043,1.485283726758245,95.47658319588145,0.3477535548079143,False
5044,1.4900315255825651,95.47658319588145,0.34705511140178186,False
5045,1.4916094114932357,95.47658319588145,0.3464956736221082,False
5046,1.4900315255825651,95.47658319588145,0.34584322437124787,False
5047,1.485283726758245,94.75183685710002,0.31625431897609213,False
5048,1.5686635026136604,95.53156395261658,0.3140306716483502,False
5049,1.5587294121044433,95.89095612376877,0.2906648364126067,False
5050,1.5453276764760848,95.89095612376877,0.26694162079010814,False
5051,1.5453276764760848,95.89095612376877,0.24557550901006095,False
5052,1.5705555600433132,95.89095612376877,0.26546571505971406,False
5053,1.5928419011238437,95.89095612376877,0.255183415750006,False
5054,1.6123393554501773,95.89095612376877,0.24542560226766355,False
5055,1.6291708748965217,95.89095612376877,0.32560787014822606,False
5056,1.6434354627887175,95.53156395261658,0.32845203305544923,False
5057,1.6552122965826201,95.77684041377925,0.3242004658075631,False
5058,1.664563713399089,95.7675427533673,0.32247553671710155,False
5059,1.671537374108771,95.75858923685011,0.3217134032802529,False
5060,1.671537374108771,95.749987275411,0.3396114921893758,False
5061,1.671537374108771,95.702844234521,0.338102230567001,False
5062,1.671537374108771,95.6812179586764,0.37809393568716904,False
5063,1.671537374108771,95.65444479264599,0.3778192355061341,False
5064,1.671537374108771,95.62766685982194,0.4073002510992699,False
5065,1.671537374108771,95.60089257252152,0.41462923485354186,False
5066,1.671537374108771,95.57413063280288,0.45197481366115055,False
5067,1.671537374108771,95.54739003566411,0.48423764740510333,False
5068,1.6761678109911355,95.52068007193068,0.4844223027851494,False
5069,1.678477492783717,95.49401033080558,0.5155491610354416,False
5070,1.678477492783717,95.46739070205574,0.5421238520354437,False
5071,1.6761678109911355,95.44083137780757,0.5648721155298186,False
5072,1.671537374108771,94.93940754039497,0.5671817505857725,False
5073,1.664563713399089,95.28503830554304,0.5813047213063003,False
5074,1.6552122965826201,95.2776835199638,0.5931793573973586,False
5075,1.6552122965826201,94.54411263767457,0.5488136851089187,False
5076,1.6434354627887175,95.36129473444267,0.5584733812716348,False
5077,1.629170874896522,95.36129473444267,0.5676595160245977,False
5078,1.6123393554501775,95.36129473444267,0.5708133454250441,False
5079,1.5928419011238437,95.36129473444267,0.5754790127787981,False
5080,1.5705555600433132,95.02507408251653,0.5686627701683622,False
5081,1.5453276764760848,95.45817187143834,0.5730394290900985,False
5082,1.5169677020151988,96.28231525966598,0.5467176927872591,False
5083,1.4852352278209668,95.45817187143834,0.5522582615114873,False
5084,1.4498218652293962,96.19620756216646,0.534985544186917,False
5085,1.4103225285001177,95.87150774799231,0.532192515625532,False
5086,1.3661871198286537,96.32717440288418,0.5008639013743709,False
5087,1.3501133206994504,96.32717440288418,0.47002210163401265,False
5088,1.3320856279473317,95.47907082410406,0.5087285960169523,False
5089,1.3120434521519928,96.35249656436098,0.5170287861756658,False
5090,1.2899156456930654,96.33739650413983,0.5294638332635965,False
5091,1.265618623258219,96.32259554323981,0.5465444269204329,False
5092,1.239053918432084,96.3081024689927,0.5665815977620711,False
5093,1.2101049615746748,96.29392599488015,0.5868788381463655,False
5094,1.1786327556040639,96.28007474889044,0.6094102268141918,False
5095,1.1444699480850862,95.37763823478109,0.6417201661795656,False
5096,1.1074124938573089,96.17967122018986,0.6662867101477957,False
5097,1.0897024043252435,96.19129933736676,0.6890932107255244,False
5098,1.0636474148449135,96.06267345050878,0.7144231802092548,False
5099,1.0274029115419607,96.12506525900574,0.7383471921317099,False
5100,0.9768100209324471,96.11266294227188,0.7611024332036023,False
5101,0.8916091590804429,96.10063627342245,0.7827332448068798,False
5102,0.8916091590804429,95.80796252927401,0.805889987497991,False
5103,0.8916091590804429,96.1834302154894,0.8234622913000104,False
5104,0.8916091590804429,96.15930879394011,0.8406474381552093,False
5105,0.8916091590804429,96.13526570048309,0.8573008892880151,False
5106,0.8623538561746378,95.93725584470221,0.8757154685257974,False
5107,0.830774222099454,96.03948404287532,0.8926611939931985,False
5108,0.7967286463062391,95.106885484164,0.8872333044344208,False
5109,0.6807937753703206,95.07795781106695,0.8799649524167547,True
5110,0.6436394131461666,95.04877145326583,0.8707215605320889,True
5111,0.603652249754401,95.01932427378132,0.8588507933420296,True
5112,0.603652249754401,94.98961414993391,0.8450654552690436,True
5113,0.603652249754401,94.95963897540202,0.8312688018004879,True
5114,0.603652249754401,94.92939666238767,0.8153840341847608,True
5115,0.603652249754401,94.89888514389422,0.8485151362547615,True
5116,0.720523936685393,94.86810237612097,0.8266704193497245,True
5117,0.804144968682279,94.83704634097971,0.804604825442167,True
5118,0.8749177494187964,94.80571504873815,0.7822700197168755,True
5119,0.9371713531760616,94.77410654079569,0.7587012463472615,True
5120,0.9371713531760616,94.74221889259688,0.749292185144236,True
5121,0.9371713531760616,94.71005021668844,0.7244496626025674,True
5122,0.9371713531760616,94.67759866592552,0.7002509657840088,True
5123,0.9371713531760616,94.64486243683324,0.6767664848511745,True
5124,0.9371713531760616,94.6118397731301,0.654074385132334,True
5125,0.9371713531760616,94.57852896941918,0.6322609850002467,True
5126,0.9371713531760616,94.54492837505425,0.609518032899306,True
5127,0.9371713531760616,94.5110363981874,0.5876128656895315,True
5128,0.9371713531760616,94.47685151000518,0.5667070131347599,True
5129,1.0521307631066605,94.44237224916075,0.5466607713375561,True
5130,1.1338000426185681,94.40759722640941,0.5277618786339999,True
5131,1.1338000426185681,94.37252512945477,0.5101471061969802,True
5132,1.2025799301861708,94.33715472801416,0.4939621858844385,True
5133,1.2627977271854782,94.30148487911063,0.4787188754170351,True
5134,1.3165020926512825,94.26551453260015,0.46543870142837607,True
5135,1.3648941937265637,93.41959041117637,0.35286575278930193,True
5136,1.4087628841739441,94.33704981150237,0.3533846541736511,True
5137,1.4486644062764058,94.31038657089823,0.4495116848557855,True
5138,1.4850105086843732,94.28385839558298,0.4479738297854629,True
5139,1.5181168216168093,94.25747426891031,0.4463462117623501,True
5140,1.5181168216168093,93.85323362642781,0.4202491832314267,True
5141,1.5181168216168093,94.33743903447136,0.4212645509485625,True
5142,1.5181168216168093,94.30099440127016,0.4210811167292189,True
5143,1.5181168216168093,94.26423382328096,0.41979176221525766,True
5144,1.550600674841273,94.22715627668659,0.4174834547628615,True
5145,1.5800762095988348,94.18976085642753,0.41423940499611794,True
5146,1.6067416564054875,94.15204678362574,0.40993355074638343,True
5147,1.6307580935101098,94.11401341334275,0.4049717667565583,True
5148,1.658205041174797,94.0756602426838,0.3994034866437854,True
5149,1.6827821515876717,94.03698691926026,0.3932761950944756,True
5150,1.7046468737323692,93.9979932500228,0.44259622496302137,True
5151,1.723927450466227,93.95867921047777,0.4364696316140754,True
5152,1.7407287452897457,93.91904495429957,0.4292914310733812,True
5153,1.755136449801458,93.87909082335189,0.42117680510547256,True
5154,1.7672201704234825,93.83881735813067,0.41223835160861394,True
5155,1.777035714063473,93.79822530864197,0.4025881952598626,True
5156,1.7846267828804199,93.75731564572766,0.39234003638519926,True
5157,1.7900262186958502,92.8479826378613,0.2655177585484265,True
5158,1.7783223227380405,93.78429611892646,0.29821912457607735,True
5159,1.7635185927704509,94.37299035369774,0.2903922700870276,True
5160,1.7454864202597276,94.33885557475354,0.2841869665185754,True
5161,1.7240565990777008,94.30451321065077,0.2797660871720204,True
5162,1.699007751305905,94.26996672212978,0.2772705432442964,True
5163,1.6700485319337162,94.23521986114034,0.27680805408827824,True
5164,1.6367891805129138,94.2002766840481,0.27844397110773744,True
5165,1.5986934308521081,94.16514156529229,0.2821960934093492,True
5166,1.55499063467752,94.12981921150076,0.3991246633840522,True
5167,1.55499063467752,94.09431467606875,0.39967259977915615,True
5168,1.55499063467752,94.05863337420577,0.40168866978908746,True
5169,1.55499063467752,94.02278109845494,0.4049169048063148,True
5170,1.55499063467752,93.08534915563669,0.34748706875703783,True
5171,1.55499063467752,94.12375894712538,0.35279146506912623,True
5172,1.55499063467752,94.07588454376165,0.35966535711822234,True
5173,1.55499063467752,94.02792443975126,0.4094328727187962,True
5174,1.55499063467752,93.97989355410999,0.41142906887949277,True
5175,1.55499063467752,93.93180734382452,0.4752718032343784,True
5176,1.558567787366476,93.88368180725787,0.5249650450069105,True
5177,1.5115199934408408,93.83553348673853,0.5645103863314274,True
5178,1.4555258559886803,93.28695227633345,0.5778166980107586,True
5179,1.3862803599362334,93.92373923739237,0.6057529671243003,True
5180,1.2834031297544843,93.88466807821646,0.6284948372398056,True
5181,1.3854355110528331,93.84537772733006,0.6452442891406095,True
5182,1.453804853458493,93.8058748403576,0.6586162976443689,True
5183,1.5088891227230308,93.7661665804449,0.6689481280870808,True
5184,1.55499063467752,93.72626064178127,0.6765110694381664,True
5185,1.5941305453916126,93.68616527390901,0.6746117775153294,True
5186,1.627479641283426,92.6518001074691,0.6273137837564592,True
5187,1.655793088522611,93.78231292517007,0.6389864041951169,True
5188,1.6795896202440854,93.72941822173436,0.6474696165531808,True
5189,1.6992390322004514,93.6764909367649,0.6526085527877117,True
5190,1.7252317388429736,93.62355239291196,0.6557332587667734,True
5191,1.748010565122689,93.57062464828363,0.656982721925083,True
5192,1.738633474471332,93.51773049645391,0.6564799849731607,True
5193,1.738633474471332,92.93579293579293,0.6291665498540627,True
5194,1.738633474471332,93.58512325212628,0.6295538912603479,True
5195,1.738633474471332,94.81297486849796,0.582748744129401,True
5196,1.738633474471332,94.77095301222566,0.5423401550635251,True
5197,1.738633474471332,94.72902746844841,0.5021810453852124,True
5198,1.738633474471332,94.6872193953906,0.4635244674754266,True
5199,1.738633474471332,94.64555052790347,0.42674002384406573,True
5200,1.738633474471332,94.60404316765465,0.406587278857962,True
5201,1.7270969283011546,94.56272017154235,0.3806653928045536,True
5202,1.713352654394594,94.52160493827161,0.3567987314693664,True
5203,1.713352654394594,94.48072139303483,0.33536890468549296,True
5204,1.713352654394594,94.44009397024276,0.3168266624872772,True
5205,1.6766025592565734,93.91071146868592,0.31689410747009494,True
5206,1.6304239654444035,94.56625357483317,0.2870964293715005,True
5207,1.5705555600433132,94.5376137997125,0.26345469582205866,True
5208,1.489148966540959,94.50955209503933,0.23931785245035175,True
5209,1.5094621252684286,94.48209099709584,0.2545657224420467,True
5210,1.527138493598173,94.45525291828794,0.2595537965056083,True
5211,1.542279235137156,94.42906010750937,0.2863875369693415,True
5212,1.554965937118681,94.40353460972018,0.3070369129796004,True
5213,1.565263635906296,94.37869822485207,0.32294548740413204,True
5214,1.5732230293875173,94.35457246616045,0.33505439818131816,True
5215,1.577636732431408,94.13227250124316,0.34587741566346597,True
5216,1.57983878814754,94.4915959394242,0.3456952967974121,True
5217,1.5798387881475398,94.45096395641241,0.3469923039126794,True
5218,1.582267169313773,94.41067207024653,0.3480458370670924,True
5219,1.582267169313773,94.37074829931973,0.34878352588415157,True
5220,1.5798387881475398,93.83456071245077,0.33240682733156723,True
5221,1.5749691486891675,94.48180720813933,0.33043269539054215,True
5222,1.567632081836135,94.45983379501385,0.329658588933605,True
5223,1.5655280605848254,94.43865137295795,0.3301808092968027,True
5224,1.5613116549052575,94.41828013256584,0.33205696358937853,True
5225,1.5549659371186813,94.3987397164362,0.3352500742569575,True
5226,1.647621227765673,94.38004917456972,0.34066215289783397,True
5227,1.7061750265313427,94.22128259337562,0.345273184030256,True
5228,1.7061750265313427,94.50432938681746,0.3549338924601162,True
5229,1.7033667177473788,94.99022917036774,0.34393256553192747,True
5230,1.6993414967212284,94.8690539818279,0.3460020373292776,True
5231,1.693939588567661,95.06966773847803,0.3378495133633409,True
5232,1.686975119296275,95.02361060661097,0.338978350230543,True
5233,1.6782302313375634,94.9769159741459,0.3489899736804731,True
5234,1.6674473412214112,94.92957746478874,0.3668350581095265,True
5235,1.6543187314126904,94.88158899923606,0.3911116904097491,True
5236,1.6384721963622708,94.83294483294483,0.42097756489825744,True
5237,1.6361297831646118,94.78363959691761,0.4541362406190932,True
5238,1.6323522715115808,94.73366834170854,0.4900658912044181,True
5239,1.6269267093650566,94.68302658486708,,True
5240,1.6196015238437167,94.63171036204744,,True
5241,1.6100769696865838,94.57971628202414,,True
5242,1.625238265244463,94.52704158586512,,True
5243,1.640471242246169,94.47368421052632,,True
5244,1.6557420339451774,94.41964285714286,,True
5245,1.6710096089097604,94.36491706430357,,True
5246,1.6862243199033757,94.30950728660652,,True
5247,1.701326120023086,94.25341497880358,,True
5248,1.716242356485908,94.19664268585132,,True
5249,1.7308850237885447,94.13919413919415,,True
5250,1.7451473183687396,94.08107435961203,,True
5251,1.7588992813911886,94.02228976697062,,True
5252,1.771982237193305,93.96284829721363,,True
5253,1.771259309887251,93.90275952693824,,True
5254,1.7675113323709835,93.84203480589022,,True
5255,1.7600309604530278,93.78068739770868,,True
5256,1.7479041677974891,93.71873262923846,,True
5257,1.7299231577676397,93.65618804871141,,True
5258,1.7044439096918622,93.5930735930736,,True
