second,entropy,pct_det,rmse,edge_window
0,-0.0,99.99116997792494,,True
1,-0.0,99.99128616242594,,True
2,-0.0,99.99140006879945,,True
3,-0.0,99.99151175621763,0.0001877815982664804,True
4,-0.0,99.99162128194386,0.0002318659803691313,True
5,-0.0,99.99172870140612,0.0002748684667551668,True
6,-0.0,99.9918340682672,0.0003168185498753958,True
7,-0.0,99.99193743449166,0.0003577447752935769,True
8,-0.0,99.99203885041,0.00039767477713939774,True
9,-0.0,99.99213836477988,0.0004366353120106637,True
10,-0.0,99.99223602484471,0.0004746522914839839,True
11,-0.0,99.99233187638984,0.0005117508131869515,True
12,-0.0,99.99242596379611,0.0005479551906055538,True
13,-0.0,99.99251833009127,0.0005832889816162913,True
14,-0.0,99.99260901699927,0.0006177750158240517,True
15,-0.0,99.99269806498722,0.0006514354207928329,True
16,-0.0,99.99278551331072,0.0006842916471663494,True
17,-0.0,99.99287140005703,0.0007163644927727063,True
18,-0.0,99.99295576218653,0.0007476741257433524,True
19,-0.0,99.99303863557257,0.0007782401066883962,True
20,-0.0,99.99312005503955,0.0008080814099963159,True
21,-0.0,99.99320005439957,0.0008372164442488988,True
22,-0.0,99.99327866648743,0.0008656630718390193,True
23,-0.0,99.99335592319447,0.000893438627820206,True
24,-0.0,99.99343185550082,0.0009205599379827979,True
25,-0.0,99.99350649350649,0.0009470433362502349,True
26,-0.0,99.99357986646122,0.0009729046813723669,True
27,-0.0,99.99365200279311,0.0009981593729859108,True
28,-0.0,99.99372293013622,0.0010228223670377653,True
29,-0.0,99.99379267535691,0.0010469081906434902,True
30,-0.0,99.9938612645795,0.0010704309563300744,True
31,-0.0,99.99392872321049,0.0010526233903086432,True
32,-0.0,99.99399507596229,0.001035210006677565,True
33,-0.0,99.99406034687574,0.0010181799209814078,True
34,-0.0,99.99412455934196,0.0010015226086792803,True
35,-0.0,99.99418773612322,0.000985227891287147,True
36,-0.0,99.99424989937324,0.0009692859231347892,True
37,-0.0,99.99431107065651,0.0009536871786934207,True
38,-0.0,99.99437127096702,0.0009384224404557664,True
39,-0.0,99.9944305207463,0.000923482787345317,True
40,-0.0,99.9944888399008,0.0009088595836112297,True
41,-0.0,99.9945462478185,0.0008945444682079401,True
42,-0.0,99.99460276338515,0.0008805293446237841,True
43,-0.0,99.99465840499974,0.0008668063711308104,True
44,-0.0,99.99471319058948,0.000853367951459179,True
45,-0.0,99.99476713762428,0.0008402067258476405,True
46,-0.0,99.99482026313063,0.000827315562471005,True
47,-0.0,99.99487258370507,0.0008146875492225691,True
48,-0.0,99.99492411552713,0.0008023159858374822,True
49,-0.0,99.99497487437186,0.0007901943763261101,True
50,-0.0,99.9950248756219,0.0007783164217317122,True
51,-0.0,99.9950741342791,0.0007666760131711214,True
52,-0.0,99.99512266497585,0.0007552672251560256,True
53,-0.0,99.9951704819859,0.0007440843091835404,True
54,-0.0,99.99521759923482,0.0007331216875851634,True
55,-0.0,99.99526403031021,0.0007223739476132997,True
56,-0.0,99.99530978847146,0.0007118358357695817,True
57,-0.0,99.99535488665923,0.0007015022523439296,True
58,-0.0,99.9953993375046,0.0006913682461760352,True
59,-0.0,99.99544315333789,0.0006814290096224673,True
60,-0.0,99.99548634619725,0.0006716798737086174,True
61,-0.0,99.9955289278369,0.0006621163034736091,True
62,-0.0,99.99557090973514,0.0006527338934975139,True
63,-0.0,99.9956123031021,0.0006435283635854472,True
64,-0.0,99.9956531188872,0.0006344955546317449,True
65,-0.0,99.99569336778639,0.0006256314246232973,True
66,-0.0,99.9957330602492,0.0006169320448108108,True
67,-0.0,99.99577220648544,0.0006083935960105827,True
68,-0.0,99.99581081647187,0.000600012365046492,True
69,-0.0,99.99584889995849,0.0005917847413261296,True
70,-0.0,99.9958864664747,0.0005837072135421034,True
71,-0.0,99.99592352533529,0.000575776366490321,True
72,-0.0,99.99596008564619,0.0005679888780119441,True
73,-0.0,99.99599615631006,0.0005603415160413149,True
74,-0.0,99.99603174603175,0.0005528311357625452,True
75,-0.0,99.9960668633235,0.0005454546768679803,True
76,-0.0,99.99610151651008,0.0005382091609084782,True
77,-0.0,99.99613571373368,0.0005310916887553267,True
78,-0.0,99.9961694629587,0.0005240994381348466,True
79,-0.0,99.99620277197646,0.0005172296612534237,True
80,-0.0,99.99623564840957,0.0005104796825157103,True
81,-0.0,99.99626809971637,0.0005038468963161228,True
82,-0.0,99.9963001331952,0.0004973287649006364,True
83,-0.0,99.99633175598841,0.000490922816319393,True
84,-0.0,99.99636297508638,0.0004846266424303274,True
85,-0.0,99.99639379733141,0.00047843789699396035,True
86,-0.0,99.99642422942144,0.0004723542938090026,True
87,-0.0,99.9964542779137,0.0004663736049303919,True
88,-0.0,99.99648394922822,0.0004604936589413753,True
89,-0.0,99.99651324965133,0.000454712339282374,True
90,-0.0,99.99654218533887,0.00044902758263571204,True
91,-0.0,99.99657076231954,0.00044343737737147725,True
92,-0.0,99.99659898649797,0.00043793976203641713,True
93,-0.0,99.99662686365782,0.00043253282389967766,True
94,-0.0,99.9966543994647,0.0004272146975361712,True
95,-0.0,99.99668159946906,0.00042198356347827106,True
96,-0.0,99.99670846910898,0.0004168376468883853,True
97,-0.0,99.99673501371294,0.00041177521628312733,True
98,-0.0,99.9967612385024,0.00040679458230571394,True
99,-0.0,99.99678714859438,0.0004018940965330595,True
100,-0.0,99.99681274900398,0.0003970721503174194,True
101,-0.0,99.99683804464681,0.00039232717366924504,True
102,-0.0,99.9968630403413,0.00038765763417880687,True
103,-0.0,99.99688774081106,0.0003830620359664853,True
104,-0.0,99.99691215068705,0.0003785389186715427,True
105,-0.0,99.9969362745098,0.00037408685646673335,True
106,-0.0,99.99696011673151,0.0003697044571126791,True
107,-0.0,99.99698368171809,0.00036539036103179517,True
108,-0.0,99.99700697375116,0.000361143240417059,True
109,-0.0,99.99702999703,0.0003569617983699906,True
110,-0.0,99.99705275567345,0.00035284476806350694,True
111,-0.0,99.99707525372175,0.0003487909119278981,True
112,-0.0,99.9970974951383,0.0003447990208655361,True
113,-0.0,99.9971194838115,0.00034086791348672573,True
114,-0.0,99.99714122355631,0.000336996435373418,True
115,-0.0,99.99716271811604,0.0003331834583576972,True
116,-0.0,99.99718397116386,0.00032942787983120743,True
117,-0.0,99.99720498630444,0.00032572862207159206,True
118,-0.0,99.9972257670754,0.0003220846315852336,True
119,-0.0,99.99724631694892,0.00031849487847233877,True
120,-0.0,99.99726663933306,0.00031495835581622273,True
121,-0.0,99.99728673757326,0.00031147407908574127,True
122,-0.0,99.99730661495367,0.00030804108555148896,True
123,-0.0,99.99732627469854,0.00030465843372834737,True
124,-0.0,99.99734571997345,0.0003013252028253956,True
125,-0.0,99.99736495388669,0.0002980404922217383,True
126,-0.0,99.9973839794904,0.0002948034209464045,True
127,-0.0,99.99740279978184,0.0002916131271833658,True
128,-0.0,99.99742141770454,0.0002884687677866891,True
129,-0.0,99.99743983614951,0.00028536951780894166,True
130,-0.0,99.99745805795628,0.00028231457003917096,True
131,-0.0,99.99747608591403,0.00027866079475801506,True
132,-0.0,99.9974939227627,0.00027446048048579945,True
133,-0.0,99.99751157119395,0.0002697593109687726,True
134,-0.0,99.99752903385223,0.00026459708915764794,True
135,-0.0,99.99754631333579,0.00025900828198964287,True
136,-0.0,99.99756341219756,0.0002530224163688466,True
137,-0.0,99.99758033294619,0.00024666434548710383,True
138,-0.0,99.99759707804691,0.0002399543953683984,True
139,-0.0,99.99761364992244,0.00023290839292429714,True
140,-0.0,99.9976300509539,0.0002255375678316741,True
141,-0.0,99.99764628348161,0.0002178483097366831,True
142,-0.0,99.99766234980598,0.00020984174789388083,True
143,-0.0,99.99767825218825,0.0002015130993791033,True
144,-0.0,99.99769399285138,0.00019285069972541335,True
145,-0.0,99.99770957398076,0.0001838345771883524,True
146,-0.0,99.997724997725,0.00017443434223141942,True
147,-0.0,99.99774026619664,0.00016460600342677574,True
148,-0.0,99.99775538147291,0.00015428701825564195,True
149,-0.0,99.99777034559644,0.00014338827865837764,True
150,-0.0,99.99778516057586,0.0001317804100147673,False
151,-0.0,99.99778516057586,0.00012076175831317182,False
152,-0.0,99.99778516057586,0.00011032317391776592,False
153,-0.0,99.99778516057586,0.00010045513915382822,False
154,-0.0,99.99778516057586,9.114768689212613e-05,False
155,-0.0,99.99778516057586,8.239030980510926e-05,False
156,-0.0,99.99778516057586,7.417186323834736e-05,False
157,-0.0,99.99778516057586,6.648046854894206e-05,False
158,-0.0,99.99778516057586,5.930343084919003e-05,False
159,-0.0,99.99778516057586,5.26271975969713e-05,False
160,-0.0,99.99778516057586,4.643740644681205e-05,False
161,-0.0,99.99778516057586,4.0719109869062905e-05,False
162,-0.0,99.99778516057586,3.545716556742047e-05,False
163,-0.0,99.99778516057586,3.063631889546857e-05,False
164,-0.0,99.99778516057586,2.6241179794477878e-05,False
165,-0.0,99.99778516057586,2.225619650082911e-05,False
166,-0.0,99.99778516057586,1.8665625247770728e-05,False
167,-0.0,99.99778516057586,1.5453495028452995e-05,False
168,-0.0,99.99778516057586,1.260356610964449e-05,False
169,-0.0,99.99778516057586,1.0099280566018248e-05,False
170,-0.0,99.99778516057586,7.92370242009735e-06,False
171,-0.0,99.99778516057586,6.059443959647436e-06,False
172,-0.0,99.99778516057586,4.488573231656074e-06,False
173,-0.0,99.99778516057586,3.1924951460998325e-06,False
174,-0.0,99.99778516057586,2.1517942219039527e-06,False
175,-0.0,99.99778516057586,1.3460191462903156e-06,False
176,-0.0,99.99778516057586,7.533739123768922e-07,False
177,-0.0,99.99778516057586,3.502471985937443e-07,False
178,-0.0,99.99778516057586,1.10424336173982e-07,False
179,-0.0,99.99778516057586,0.0,False
180,-0.0,99.99778516057586,0.0,False
181,-0.0,99.99778516057586,0.0,False
182,-0.0,99.99778516057586,0.0,False
183,-0.0,99.99778516057586,0.0,False
184,-0.0,99.99778516057586,0.0,False
185,-0.0,99.99778516057586,0.0,False
186,-0.0,99.99778516057586,0.0,False
187,-0.0,99.99778516057586,0.0,False
188,-0.0,99.99778516057586,0.0,False
189,-0.0,99.99778516057586,0.0,False
190,-0.0,99.99778516057586,0.0,False
191,-0.0,99.99778516057586,0.0,False
192,-0.0,99.99778516057586,0.0,False
193,-0.0,99.99778516057586,0.0,False
194,-0.0,99.99778516057586,0.0,False
195,-0.0,99.99778516057586,0.0,False
196,-0.0,99.99778516057586,0.0,False
197,-0.0,99.99778516057586,0.0,False
198,-0.0,99.99778516057586,0.0,False
199,-0.0,99.99778516057586,0.0,False
200,-0.0,99.99778516057586,0.0,False
201,-0.0,99.99778516057586,0.0,False
202,-0.0,99.99778516057586,0.0,False
203,-0.0,99.99778516057586,0.0,False
204,-0.0,99.99778516057586,0.0,False
205,-0.0,99.99778516057586,0.0,False
206,-0.0,99.99778516057586,0.0,False
207,-0.0,99.99778516057586,0.0,False
208,-0.0,99.99778516057586,0.0,False
209,-0.0,99.99778516057586,0.0,False
210,-0.0,99.99778516057586,0.0,False
211,-0.0,99.99778516057586,0.0,False
212,-0.0,99.99778516057586,0.0,False
213,-0.0,99.99778516057586,0.0,False
214,-0.0,99.99778516057586,0.0,False
215,-0.0,99.99778516057586,0.0,False
216,-0.0,99.99778516057586,0.0,False
217,-0.0,99.99778516057586,0.0,False
218,-0.0,99.99778516057586,0.0,False
219,-0.0,99.99778516057586,0.0,False
220,-0.0,99.99778516057586,0.0,False
221,-0.0,99.99778516057586,0.0,False
222,-0.0,99.99778516057586,0.0,False
223,-0.0,99.99778516057586,0.0,False
224,-0.0,99.99778516057586,0.0,False
225,-0.0,99.99778516057586,0.0,False
226,-0.0,99.99778516057586,0.0,False
227,-0.0,99.99778516057586,0.0,False
228,-0.0,99.99778516057586,0.0,False
229,-0.0,99.99778516057586,0.0,False
230,-0.0,99.99778516057586,0.0,False
231,-0.0,99.99778516057586,0.0,False
232,-0.0,99.99778516057586,0.0,False
233,-0.0,99.99778516057586,0.0,False
234,-0.0,99.99778516057586,0.0,False
235,-0.0,99.99778516057586,0.0,False
236,-0.0,99.99778516057586,0.0,False
237,-0.0,99.99778516057586,0.0,False
238,-0.0,99.99778516057586,0.0,False
239,-0.0,99.99778516057586,0.0,False
240,-0.0,99.99778516057586,0.0,False
241,-0.0,99.99778516057586,0.0,False
242,-0.0,99.99778516057586,0.0,False
243,-0.0,99.99778516057586,0.0,False
244,-0.0,99.99778516057586,0.0,False
245,-0.0,99.99778516057586,0.0,False
246,-0.0,99.99778516057586,0.0,False
247,-0.0,99.99778516057586,0.0,False
248,-0.0,99.99778516057586,0.0,False
249,-0.0,99.99778516057586,0.0,False
250,-0.0,99.99778516057586,0.0,False
251,-0.0,99.99778516057586,0.0,False
252,-0.0,99.99778516057586,0.0,False
253,-0.0,99.99778516057586,0.0,False
254,-0.0,99.99778516057586,0.0,False
255,-0.0,99.99778516057586,0.0,False
256,-0.0,99.99778516057586,0.0,False
257,-0.0,99.99778516057586,0.0,False
258,-0.0,99.99778516057586,0.0,False
259,-0.0,99.99778516057586,0.0,False
260,-0.0,99.99778516057586,0.0,False
261,-0.0,99.99778516057586,0.0,False
262,-0.0,99.99778516057586,0.0,False
263,-0.0,99.99778516057586,0.0,False
264,-0.0,99.99778516057586,0.0,False
265,-0.0,99.99778516057586,0.0,False
266,-0.0,99.99778516057586,0.0,False
267,-0.0,99.99778516057586,0.0,False
268,-0.0,99.99778516057586,0.0,False
269,-0.0,99.99778516057586,0.0,False
270,-0.0,99.99778516057586,0.0,False
271,-0.0,99.99778516057586,0.0,False
272,-0.0,99.99778516057586,0.0,False
273,-0.0,99.99778516057586,0.0,False
274,-0.0,99.99778516057586,0.0,False
275,-0.0,99.99778516057586,0.0,False
276,-0.0,99.99778516057586,0.0,False
277,-0.0,99.99778516057586,0.0,False
278,-0.0,99.99778516057586,0.0,False
279,-0.0,99.99778516057586,0.0,False
280,-0.0,99.99778516057586,0.0,False
281,-0.0,99.99778516057586,0.0,False
282,-0.0,99.99778516057586,0.0,False
283,-0.0,99.99778516057586,0.0,False
284,-0.0,99.99778516057586,0.0,False
285,-0.0,99.99778516057586,0.0,False
286,-0.0,99.99778516057586,0.0,False
287,-0.0,99.99778516057586,0.0,False
288,-0.0,99.99778516057586,0.0,False
289,-0.0,99.99778516057586,0.0,False
290,-0.0,99.99778516057586,0.0,False
291,-0.0,99.99778516057586,0.0,False
292,-0.0,99.99778516057586,0.0,False
293,-0.0,99.99778516057586,0.0,False
294,-0.0,99.99778516057586,0.0,False
295,-0.0,99.99778516057586,0.0,False
296,-0.0,99.99778516057586,0.0,False
297,-0.0,99.99778516057586,0.0,False
298,-0.0,99.99778516057586,0.0,False
299,-0.0,99.99778516057586,0.0,False
300,-0.0,99.99778516057586,0.0,False
301,-0.0,99.99778516057586,0.0,False
302,-0.0,99.99778516057586,0.0,False
303,-0.0,99.99778516057586,0.0,False
304,-0.0,99.99778516057586,0.0,False
305,-0.0,99.99778516057586,0.0,False
306,-0.0,99.99778516057586,0.0,False
307,-0.0,99.99778516057586,0.0,False
308,-0.0,99.99778516057586,0.0,False
309,-0.0,99.99778516057586,0.0,False
310,-0.0,99.99778516057586,0.0,False
311,-0.0,99.99778516057586,0.0,False
312,-0.0,99.99778516057586,0.0,False
313,-0.0,99.99778516057586,0.0,False
314,-0.0,99.99778516057586,0.0,False
315,-0.0,99.99778516057586,0.0,False
316,-0.0,99.99778516057586,0.0,False
317,-0.0,99.99778516057586,3.312730107462966e-06,False
318,-0.0,99.99778516057586,0.0005084486069539253,False
319,-0.0,99.99778516057586,0.15005875479135786,False
320,-0.0,99.99778516057586,0.1500888462846577,False
321,-0.0,99.99778516057586,0.15012029089943357,False
322,-0.0,99.99778516057586,0.15014310945142603,False
323,-0.0,99.99778516057586,0.15015233609583659,False
324,-0.0,99.99778516057586,0.2110165131974597,False
325,-0.0,99.99778516057586,0.21106157638670578,False
326,-0.0,99.99778516057586,0.2111109407313947,False
327,-0.0,99.99778516057586,0.21116480010169655,False
328,-0.0,99.99778516057586,0.21120089706162995,False
329,-0.0,99.99778516057586,0.21121624731132913,False
330,-0.0,99.99778516057586,0.21123450426815496,False
331,-0.0,99.99778516057586,0.21125594304977965,False
332,-0.0,99.99778516057586,0.21128084425911778,False
333,-0.0,99.99778516057586,0.21130949404133825,False
334,-0.0,99.99778516057586,0.21134218413739073,False
335,-0.0,99.99778516057586,0.21137921193378365,False
336,-0.0,99.99778516057586,0.2114208805083453,False
337,-0.0,99.99777034559644,0.2114674986457441,False
338,-0.0,99.99551086370982,0.2115187699008758,False
339,-0.0,99.32662955647334,0.14915472728858448,False
340,-0.0,99.98877715927456,0.21158930653772665,False
341,-0.0,99.98877715927456,0.2597539565123657,False
342,-0.0,99.98644251626898,0.2961368047169884,False
343,-0.0,99.9818024657659,0.32639981515493943,False
344,-0.0,99.31076839088304,0.3196906316146916,False
345,-0.0,99.97042900686957,0.3481796412409133,False
346,-0.0,99.97042900686957,0.3725811212729191,False
347,-0.0,99.97042900686957,0.3940955268180262,False
348,-0.0,99.9656514769865,0.4128653550578067,False
349,-0.0,99.95850622406638,0.42931803334035723,False
350,-0.0,99.95822890559732,0.4450477706412865,False
351,-0.0,99.95794982011867,0.45889440450138147,False
352,-0.0,99.957668971356,0.4710802006287027,False
353,-0.0,99.95738636363636,0.4817905555515625,False
354,-0.0,99.95710200190658,0.49118375476013115,False
355,-0.0,99.95681589175183,0.5003162049196016,False
356,-0.0,99.95652803941458,0.5083053891498156,False
357,-0.0,99.95623845181368,0.5152564139415599,False
358,-0.0,99.95594713656388,0.5212628763418686,False
359,-0.0,99.95565410199556,0.5264143847257904,False
360,-0.0,99.2609016999261,0.5091539493917254,False
361,-0.0,99.2336689648331,0.4903825396876036,False
362,-0.0,99.24605552226882,0.47279930087772243,False
363,-0.0,99.24322421682506,0.45540761723546924,False
364,-0.0,99.23785891527827,0.43807426829971113,False
365,-0.0,99.18943719412724,0.4653670739375463,False
366,-0.0,99.18624053394943,0.44726474928145604,False
367,-0.0,99.17786970010341,0.42922803578315116,False
368,-0.0,99.17462962480798,0.4116855169850804,False
369,-0.0,99.17138661632053,0.39551233456699336,False
370,-0.0,99.16814112551826,0.3779009523564521,False
371,-0.0,99.16489361702128,0.36112423138361843,False
372,-0.0,99.16164456943886,0.3452334879564178,False
373,-0.0,99.15839447561503,0.3302665530955293,False
374,-0.0,99.15514384287306,0.36366823829054995,False
375,-0.0,99.15189319325891,0.3510721154243706,False
376,-0.0,99.14864306378288,0.33945067069497664,False
377,-0.0,99.14539400665927,0.32882974118159064,False
378,-0.0,99.14214658954369,0.3192285137219353,False
379,-0.0,99.13890139576768,0.31064782421296366,False
380,-0.0,99.13565902456996,0.3030747034815639,False
381,-0.0,99.1324200913242,0.2964966910903476,False
382,-0.0,99.1291852277626,0.29088841441887814,False
383,-0.0,99.12595508219495,0.28621096252571154,False
384,-0.0,99.12273031972254,0.28294382492542886,False
385,-0.0,98.36787036227449,0.19072048944589906,False
386,-0.0,99.10232869925098,0.1878975423700808,False
387,-0.0,99.10232869925098,0.1867529117230148,False
388,-0.0,99.10232869925098,0.18595832646503982,False
389,-0.0,99.03733270720826,0.18410614828889738,False
390,-0.0,99.08083345647998,0.18407924956824298,False
391,-0.0,99.07738095238095,0.1841097430209616,False
392,-0.0,99.07393532532143,0.2600251006274686,False
393,-0.0,99.07049734427812,0.2600269322405648,False
394,-0.0,98.30697730564944,0.18804455380363647,False
395,-0.0,99.04333655239014,0.18915017445109408,False
396,-0.0,99.04333655239014,0.19025295619120325,False
397,-0.0,99.04333655239014,0.1913940110165793,False
398,-0.0,99.04333655239014,0.19255938754416882,False
399,-0.0,99.04333655239014,0.1937371672959614,False
400,-0.0,99.04333655239014,0.19497041249081906,False
401,-0.0,99.04333655239014,0.19621111577492328,False
402,-0.0,99.04333655239014,0.19745154553745076,False
403,-0.0,99.04333655239014,0.19868443682261006,False
404,-0.0,98.96374631537363,0.2021776757003146,False
405,-0.0,99.01468788249694,0.20459549257155002,False
406,-0.0,99.01093822215375,0.29286295175939664,False
407,-0.0,98.95102724846379,0.2941004132541652,False
408,-0.0,98.97158575849457,0.29867805458846053,False
409,-0.0,98.96417102197594,0.30080088023890217,False
410,-0.0,98.95671476137625,0.3027250426614282,False
411,-0.0,98.9492175023954,0.3044560155233684,False
412,-0.0,98.17310763334397,0.3227060888763436,False
413,-0.0,98.91727882465666,0.3955250856533726,False
414,-0.0,98.91727882465666,0.44581517907075335,False
415,-0.0,98.85160999774826,0.4877457752609722,False
416,-0.0,98.8693060325277,0.5236560294101711,False
417,-0.0,98.86122622116358,0.5547806102726791,False
418,-0.0,98.85310548800526,0.5820959937674635,False
419,-0.0,98.8449445639583,0.6061353037308238,False
420,-0.0,98.8367442170522,0.6273375783601541,False
421,-0.0,98.82850525326441,0.64607070765918,False
422,-0.0,98.82022851734163,0.6626194520021979,False
423,-0.0,98.81191489361701,0.6784390741769066,False
424,-0.0,98.71768497565658,0.6915457175468398,False
425,-0.0,98.77412894091647,0.7596448271204095,False
426,-0.0,97.96954314720813,0.8046869085264267,False
427,-0.0,98.72923788804862,0.8582388994912764,False
428,-0.0,98.62280030604438,0.9034144072043726,False
429,-0.0,98.67955588245596,0.94331591162004,False
430,-0.0,98.67372134038801,0.978073891416785,False
431,-0.0,98.66789812084828,1.008381226587148,False
432,-0.0,97.85798017832404,1.0132085868133207,False
433,-0.0,97.74629748873149,1.0115331352738623,False
434,-0.0,97.8061169350481,1.0119969591860196,False
435,-0.0,97.7980120438221,1.0113034258575773,False
436,-0.0,97.78995433789954,1.0095543015387272,False
437,-0.0,97.78194659015669,1.0078796452911305,False
438,-0.0,97.77399162931961,1.0052682085053068,False
439,-0.0,97.76609233982248,1.0019758887840522,False
440,-0.0,97.75825166159738,0.9980279365439935,False
441,-0.0,97.75047258979205,0.9935266281699691,False
442,-0.0,97.74275817441286,0.9885767887669314,False
443,-0.0,97.73511151988963,0.9830607593178989,False
444,-0.0,97.72753578455959,0.9779125104056268,False
445,-0.0,96.90188664686137,0.9299242429814247,False
446,-0.0,96.7373572593801,0.8703134500517471,False
447,-0.0,96.83675464320626,0.8205796790978108,False
448,-0.0,96.8275210580178,0.7719346234591895,False
449,-0.0,96.81841594357938,0.724440495319588,False
450,-0.0,96.80944404562496,0.678170156277015,False
451,-0.0,96.80061017221308,0.6332097456108623,False
452,-0.0,96.79191919191919,0.5896620371683396,False
453,-0.0,96.78337603188159,0.5476507062028434,False
454,-0.0,96.77498567569779,0.5073256901251922,False
455,-0.0,96.76675316116808,0.4686032096540804,False
456,-0.0,96.75868357788278,0.43211772243456825,False
457,0.12068101401352381,96.75078206465068,0.3955482820131273,False
458,0.208180945557171,96.74305380676572,0.3613169001733629,False
459,0.208180945557171,96.7355040331095,0.32932324656605777,False
460,0.208180945557171,96.72813801308745,0.30001648191263747,False
461,0.208180945557171,96.7209610533966,0.2736829756482576,False
462,0.2829047929798921,96.71397849462366,0.2506219483708235,False
463,0.3491843735073079,96.70719570767167,0.22847641233781663,False
464,0.3491843735073079,96.7006180900148,0.2069591322886402,False
465,0.3491843735073079,96.69425106178029,0.18634518540835632,False
466,0.3491843735073079,96.6881000616577,0.1667126397096738,False
467,0.3491843735073079,96.68217054263566,0.14815786405400042,False
468,0.40907313904382653,96.67646796756661,0.13080158424881522,False
469,0.4637773498877516,96.67099780456114,0.11479644551166604,False
470,0.5140912790181235,96.6657655222132,0.10033495960766325,False
471,0.560576942614533,96.6607765846586,0.08765365462807458,False
472,0.603652249754401,96.65603644646924,0.07702266939581334,False
473,0.6436394131461666,96.65155054738675,0.06870080836701065,False
474,0.6807937753703206,96.64732430689878,0.06283648804180392,False
475,0.7153220528038851,96.6433631186629,0.05933225031308865,False
476,0.7473944462440387,96.63967234478265,0.055965164452004584,False
477,0.7771529943226336,96.63625730994153,0.0523453627400025,False
478,0.804717519321077,96.6331232954011,0.0487738715310998,False
479,0.8301899714180443,96.63027553287017,0.045284904332564976,False
480,0.8301899714180443,96.62771919825211,0.041923759586393244,False
481,0.8536576732793313,96.62545940527899,0.038750445233325256,False
482,0.875195788740725,96.62350119904077,0.0358437293318761,False
483,0.9875245214535493,96.62184954941931,0.04608074830051499,False
484,1.066503202885787,96.62050934443691,0.045833452631185816,False
485,1.0850365744330073,96.61948538353033,0.046513771947811956,False
486,1.15047181636257,96.61878237076127,0.04812720616173202,False
487,1.2072640872959293,96.61840490797546,0.050612190947705436,False
488,1.2574580300524587,96.61835748792271,0.05386040407834351,False
489,1.3022504881911108,96.61864448735086,0.057742080146091536,False
490,1.3424256522693587,96.6192701600875,0.062126355139085924,False
491,1.3785347251376459,96.62023863012331,0.15721592495324596,False
492,1.41098399809997,96.62155388471177,0.16093965772554977,False
493,1.4400831784759722,96.62321976750037,0.16397865947597928,False
494,1.4660741214574515,96.6252399717086,0.1664177438658263,False
495,1.489148966540959,96.62761803336883,0.16833123842931733,False
496,1.5094621252684286,96.63035732464624,0.16978619120982222,False
497,1.527138493598173,96.63346104725414,0.18348398266754481,False
498,1.542279235137156,96.63693222598175,0.18785407385590777,False
499,1.5549659371186813,96.64077370235094,0.1921809162578834,False
500,1.565263635906296,96.64498812841953,0.1964308911747743,False
501,1.5732230293875173,96.64957796074776,0.20057213571148544,False
502,1.578882083461779,96.65454545454546,0.20457454338722844,False
503,1.582267169313773,96.48535564853556,0.20596206140319578,False
504,1.583393820970492,96.56697556866048,0.20938440590999538,False
505,1.583393820970492,96.55464857415457,0.21249753176254066,False
506,1.583393820970492,96.54252481058585,0.21527539209851523,False
507,1.583393820970492,96.53061224489795,0.217696334200423,False
508,1.583393820970492,96.51891891891891,0.21974278376801673,False
509,1.5822671693137729,96.50745294309651,0.22140103324651395,False
510,1.578882083461779,96.4962224898719,0.22266112929527326,False
511,1.5732230293875173,95.95388416140544,0.17238799800903384,False
512,1.565263635906296,96.42188704172631,0.17156371070368454,False
513,1.554965937118681,96.42916275732657,0.26026172200889675,False
514,1.554965937118681,96.43687064291247,0.2616059549302913,False
515,1.554965937118681,96.44501136930842,0.2808458000349209,False
516,1.554965937118681,96.45358532518065,0.2853133116989943,False
517,1.554965937118681,96.2364388770831,0.33685480647091715,False
518,1.557672567089349,96.35463546354636,0.34007189503773544,False
519,1.557672567089349,96.34449977365324,0.3419882273211457,False
520,1.557672567089349,96.33466135458167,0.3428081056632419,False
521,1.557672567089349,96.32512879221522,0.34271802170719184,False
522,1.557672567089349,96.31591066083352,0.3422961416216283,False
523,1.554965937118681,96.3070155128502,0.3412601391005033,False
524,1.542279235137156,96.2984518682342,0.33974667862690144,False
525,1.532902144485799,96.29022820362785,0.33789482100274754,False
526,1.5213655983156218,96.28235294117647,0.335847406621622,False
527,1.5228447333219095,96.2748344370861,0.33375192231469475,False
528,1.5213655983156218,96.2676809699275,0.33174840530896016,False
529,1.5213655983156218,96.26090072870625,0.32994997321021297,False
530,1.5213655983156218,96.25450180072029,0.3284757505254212,False
531,1.5213655983156218,96.24849215922798,0.33239485253536455,False
532,1.5228447333219095,96.2428796509514,0.33106035120732935,False
533,1.5213655983156218,95.47933583808023,0.26517299285065,False
534,1.5169165540634162,96.15804144952126,0.2623121908011919,False
535,1.5169165540634162,95.84804578107878,0.24026237918168253,False
536,1.5169165540634162,96.04941291585128,0.28352240591824096,False
537,1.5169165540634162,95.41975384238565,0.2088107772542357,False
538,1.5169165540634162,95.96615988229524,0.19953805299933827,False
539,1.5169165540634162,95.98036207425591,0.19202230793646205,False
540,1.5169165540634162,95.995085995086,0.18644344755624442,False
541,1.5213655983156218,96.01032765722015,0.1829388396670719,False
542,1.5213655983156218,96.02608267716535,0.18081900480930943,False
543,1.5213655983156218,96.04234627931311,0.18093327564725376,False
544,1.5213655983156218,96.05911330049261,0.18218962255539162,False
545,1.5213655983156218,96.07637819525716,0.18528053700422448,False
546,1.5169165540634162,96.09413504189256,0.1895249084291524,False
547,1.527138493598173,96.11237754913438,0.19500005813286553,False
548,1.527138493598173,96.13109906357812,0.20035459504385372,False
549,1.527138493598173,96.15029257776409,0.20636260088269612,False
550,1.527138493598173,96.16995073891626,0.21287734220079654,False
551,1.527138493598173,95.83487825979483,0.21220148223574087,False
552,1.5352702332191592,96.05605853900533,0.2132812197948026,False
553,1.5352702332191592,96.05525136884022,0.21542810328786757,False
554,1.5352702332191592,96.05493133583022,0.21758879731504094,False
555,1.5352702332191592,96.0551033187226,0.21977515893895042,False
556,1.5352702332191592,95.33850581904643,0.15362330341503472,False
557,1.5352702332191592,95.9739934983746,0.15650293906226423,False
558,1.5352702332191592,95.99675243567324,0.1598231426622138,False
559,1.5352702332191592,96.01996257018091,0.1632729770359046,False
560,1.5352702332191592,96.04361370716511,0.16658502962166324,False
561,1.5352702332191592,96.06769537083126,0.1695320597838579,False
562,1.5352702332191592,96.09219681908549,0.17136301498613757,False
563,1.5352702332191592,96.11710705867759,0.17221203214201436,False
564,1.5352702332191592,96.14241486068111,0.22152307061794713,False
565,1.541342789057496,96.16810877626699,0.21933561632138152,False
566,1.5352702332191592,96.19417715272638,0.21716931811881252,False
567,1.527138493598173,96.22060814969839,0.21405252338318148,False
568,1.5169165540634162,96.24738975555829,0.21159587720049783,False
569,1.5045643034921028,96.27450980392157,0.2090283956866995,False
570,1.5045643034921028,96.30195599022005,0.20638634491173483,False
571,1.5045643034921028,96.32971588830631,0.20370684496046237,False
572,1.5045643034921028,95.9804520464264,0.20908380417309563,False
573,1.5045643034921028,96.21787025703794,0.21452182148483748,False
574,1.5045643034921028,96.22363903874448,0.22110697862668235,False
575,1.4900315255825651,96.22989070367187,0.22092702803542122,False
576,1.473256553252489,96.23662526134547,0.22160546900850708,False
577,1.4541644890966259,96.24384236453201,0.22242004246035615,False
578,1.4326648482653093,96.25154130702836,0.22338071505519944,False
579,1.408648411160687,96.25972102209603,0.22449868623868122,False
580,1.3819829643540342,96.26838008155195,0.22578623109364632,False
581,1.3525074295964727,96.27751669552313,0.22725651777201353,False
582,1.320023576372009,96.2871287128713,0.22934124461506672,False
583,1.2842839696213428,96.29721362229103,0.23124963501663728,False
584,1.2449737775841294,95.50783660372701,0.18788672877138274,False
585,1.2449737775841294,96.22479094933595,0.22981071843065864,False
586,1.2449737775841294,96.2570448419505,0.23061617124415035,False
587,1.2449737775841294,96.28951544000977,0.23238034529831517,False
588,1.2189859772419214,96.32218844984803,0.2346233907454315,False
589,1.1906001864191973,96.35504964882539,0.2373475591665985,False
590,1.1596780472087271,96.38808490110951,0.24053870050455992,False
591,1.1260528027543955,96.42128017293143,0.24416818257556597,False
592,1.0895209637560108,96.45462154729164,0.24819505967692798,False
593,1.043475862219766,96.48809523809524,0.2525683348773132,False
594,0.9929563290994997,96.52168760369756,0.25722916813335867,False
595,0.9371713531760616,96.12536287694769,0.26699368361172005,False
596,0.8959704136014895,96.41672589433783,0.2767792358980405,False
597,0.8513226827573213,96.43005150671955,0.27468213617177584,False
598,0.8028116417452926,96.44378698224853,0.2787638933451446,False
599,0.7498765864518437,96.45792679321151,0.27730142564817956,False
600,0.6917244835981394,96.47246513826518,0.27554946588827317,False
601,0.6271502454482835,96.48739595017416,0.27343416330734804,False
602,0.5541015302865538,96.50271290398679,0.2708747480075134,False
603,0.46824757305098735,96.51840942562592,0.29253250530171215,False
604,0.3491843735073079,96.53447870087079,0.292367872212074,False
605,0.3491843735073079,95.73284944977758,0.2630938365867278,False
606,0.3491843735073079,96.46558751601258,0.3414037307028984,False
607,0.2829047929798921,96.50179543611722,0.34257384391329154,False
608,0.208180945557171,96.53801843317973,0.3416025645222578,False
609,0.208180945557171,96.57424381301558,0.33874968942240213,False
610,0.208180945557171,96.61045915460863,0.33423882142547257,False
611,0.208180945557171,96.64665231675541,0.3282681404365548,False
612,0.208180945557171,96.68281144401892,0.3210184890209518,False
613,0.12068101401352381,96.71892497200447,0.31265986166300874,False
614,0.12068101401352381,96.7549816319715,0.303357008835478,False
615,0.12068101401352381,96.79097045479695,0.2949053233353933,False
616,0.12068101401352381,96.82688077430709,0.2842727791916143,False
617,0.12068101401352381,96.4158296284099,0.29015326150335347,False
618,0.12068101401352381,96.21274493660465,0.28361417236110115,False
619,0.12068101401352381,96.35545309841375,0.29809615072414447,False
620,0.12068101401352381,96.35545309841375,0.3138945447518345,False
621,0.12068101401352381,96.35545309841375,0.32717059350005545,False
622,0.12068101401352381,96.35545309841375,0.35112262725535975,False
623,0.24096783080307263,95.94106047326906,0.3374265809690655,False
624,0.3280668831792932,96.25034162339438,0.37083222274836386,False
625,0.4023829390456117,96.2641797556719,0.4039170643912895,False
626,0.3491843735073079,95.46932581833947,0.378925741640242,False
627,0.40907313904382653,96.20355411954766,0.40997904349909875,False
628,0.4637773498877516,96.24398073836277,0.44972556492513616,False
629,0.5140912790181235,96.28428662555815,0.4855126636422005,False
630,0.560576942614533,96.32446134347275,0.5182867199672941,False
631,0.560576942614533,96.36449480642115,0.5483558779644202,False
632,0.560576942614533,96.40437727983324,0.5759363294557581,False
633,0.560576942614533,96.44409937888199,0.5934955774274449,False
634,0.560576942614533,96.48365206662554,0.6097015291296173,False
635,0.560576942614533,96.52302665168999,0.6227569731079344,False
636,0.560576942614533,96.50643950917757,0.6242881519681573,False
637,0.603652249754401,96.68177240684794,0.6275551261986733,False
638,0.6436394131461666,96.42033490424146,0.6326018878642377,False
639,0.6807937753703206,96.84536288309873,0.625550584064678,False
640,0.7153220528038851,96.88243457573354,0.6231149958449004,False
641,0.7473944462440387,96.86515748031496,0.6246208019344204,False
642,0.7771529943226336,97.02433304016418,0.612627956781124,False
643,0.804717519321077,96.76540687776642,0.6188116803051602,False
644,0.8301899714180443,97.17246054033117,0.6007662494056585,False
645,0.8536576732793313,97.20726783310901,0.5883441549902192,False
646,0.875195788740725,97.24184004581026,0.5914184430967729,False
647,0.8948692308065574,97.22880151586925,0.5920315952575401,False
648,0.9127341558073343,97.36668861092824,0.5817373269466225,False
649,0.9288391461883214,97.38849627930921,0.5687446303802838,False
650,0.9432261548473415,97.41034000931532,0.5536719416337912,False
651,0.9559312637896478,97.43221320973349,0.5367049465870597,False
652,0.9669852958320848,97.45410939950189,0.5179213738871065,False
653,1.0757143856082798,97.3462783171521,0.5052557828447034,False
654,1.150999540671385,97.38183503243744,0.48989758211935436,False
655,1.1590956761386297,97.37135426342188,0.47652752227987727,False
656,1.1655498193580116,97.04161248374513,0.47784559461637666,False
657,1.1655498193580116,97.26918075422627,0.47309785657588743,False
658,1.1655498193580116,97.26918075422627,0.469272874798256,False
659,1.1655498193580116,97.03232398290916,0.4715048907436607,False
660,1.1655498193580116,97.35742151216793,0.4659231182025605,False
661,1.1655498193580116,97.47914735866543,0.4559323102543088,False
662,1.1655498193580116,97.25208526413346,0.4554890544336886,False
663,1.1655498193580116,97.57182576459685,0.44334147332267176,False
664,1.1655498193580116,96.83293745051465,0.4560495658043109,False
665,1.1655498193580116,97.62216813330836,0.44703270422779107,False
666,1.1655498193580116,97.96386444486052,0.41473330978335327,False
667,1.1655498193580116,97.94910390893268,0.38596979958216515,False
668,1.1655498193580116,97.93439213461902,0.35885658259764824,False
669,1.1655498193580116,97.91973402992163,0.3406036642937167,False
670,1.1655498193580116,97.90513456766558,0.32421594066558895,False
671,1.170377295621679,97.8905987823002,0.31012901041175334,False
672,1.173589412323443,97.87613176651898,0.2923816184245747,False
673,1.175193620727556,97.03814293970333,0.30685628402145354,False
674,1.175193620727556,97.74609901753034,0.304840211158785,False
675,1.1735894123234427,97.74609901753034,0.3026095587390214,False
676,1.1735894123234427,97.74609901753034,0.32319793766436183,False
677,1.1735894123234427,97.74609901753034,0.32076362994642516,False
678,1.1735894123234427,97.74609901753034,0.31972764104877865,False
679,1.1735894123234427,97.74609901753034,0.31994526704838927,False
680,1.1735894123234427,97.74609901753034,0.3213947895477562,False
681,1.1735894123234427,97.74609901753034,0.3240295145956659,False
682,1.1735894123234427,97.74609901753034,0.3277809036629539,False
683,1.1735894123234427,97.74609901753034,0.33195678226387965,False
684,1.175193620727556,97.0285108842227,0.3172499011999855,False
685,1.175193620727556,97.86649971103833,0.31855290131639746,False
686,1.173589412323443,97.89156626506023,0.3231385619612709,False
687,1.170377295621679,97.91646891314666,0.3300912441052235,False
688,1.1655498193580116,97.8940921511354,0.33844130324198785,False
689,1.1590956761386297,98.01720912832025,0.3416835838906543,False
690,1.150999540671385,98.01720912832025,0.3462153196405261,False
691,1.1412418450836315,98.01720912832025,0.3406054840549363,False
692,1.150999540671385,97.6276600742237,0.35751111154634596,False
693,1.1590956761386297,97.1687429218573,0.3517105738539384,False
694,1.1655498193580116,97.99042608654439,0.3639521303200159,False
695,1.170377295621679,98.001323001323,0.37747732421577707,False
696,1.173589412323443,97.20476503142294,0.37188225115018975,False
697,1.175193620727556,97.93315333767805,0.38541565295114216,False
698,1.175193620727556,97.95786361116245,0.39735617870030254,False
699,1.175193620727556,97.98239178283198,0.4077525861233512,False
700,1.175193620727556,98.00673523254756,0.4169152834948597,False
701,1.175193620727556,98.03089151838135,0.42489737857072896,False
702,1.175193620727556,98.05485837217641,0.43174927043652034,False
703,1.175193620727556,98.06529087351005,0.42967784401739145,False
704,1.173589412323443,98.14193662282638,0.43621290734600493,False
705,1.170377295621679,98.14193662282638,0.43465393099943656,False
706,1.1655498193580116,97.44019772265867,0.4425909130355516,False
707,1.1590956761386297,98.24785947568188,0.44606058477874067,False
708,1.150999540671385,98.26002899951668,0.45092968961592605,False
709,1.1412418450836315,98.27224214854344,0.45440035212587554,False
710,1.129798482836793,98.28449514520834,0.45664883180203225,False
711,1.1166404295430468,98.01941579266708,0.46093396250528784,False
712,1.1017332648846088,98.39537592201182,0.4617039065472343,False
713,1.0850365744330075,98.41636706043485,0.4636350219024092,False
714,1.006634797484697,98.43716821675797,0.46401859772322285,False
715,0.9127341558073343,98.49570200573066,0.462373493766443,False
716,0.9127341558073343,98.5070871424977,0.4599081703368327,False
717,0.9127341558073343,98.51848760537517,0.4556019331589215,False
718,0.9288391461883214,98.5299003322259,0.45072689364819846,False
719,0.9432261548473415,98.54132231404958,0.44539091324205987,False
720,0.9559312637896478,98.55275059616808,0.43944495148935914,False
721,0.9669852958320848,98.56418227930949,0.43295161454991016,False
722,0.976414308115487,98.57561452059254,0.4256655211728883,False
723,0.9842399889605549,98.38461538461539,0.426579574707128,False
724,0.9904799742690308,98.67498993153444,0.4285124438203221,False
725,0.9904799742690308,97.94200563834072,0.4299429110645631,False
726,0.9904799742690308,98.75956504228756,0.4199722223094559,False
727,0.9904799742690308,98.76528410453129,0.410281471468468,False
728,0.9904799742690308,98.81462099587694,0.3984127380907926,False
729,0.9904799742690308,98.81462099587694,0.3872237585662816,False
730,0.9904799742690308,98.81462099587694,0.37671130602953196,False
731,0.9904799742690308,98.0732635585157,0.3730666605595445,False
732,0.9842399889605549,98.89391056137012,0.3839994967616029,False
733,0.976414308115487,98.9419446192574,0.36628079246080003,False
734,0.9669852958320848,98.9419446192574,0.34952840634419097,False
735,0.9559312637896478,98.9419446192574,0.33376195340928533,False
736,0.9432261548473415,98.9419446192574,0.3187256812877579,False
737,0.9559312637896478,98.9419446192574,0.3063635616865125,False
738,1.0652996405533381,98.9419446192574,0.2949498935315634,False
739,1.1412418450836315,98.9419446192574,0.2844990927593801,False
740,1.2041517951932372,98.9419446192574,0.2750046940069826,False
741,1.2583494426149708,98.9419446192574,0.26645400463044017,False
742,1.305875511291131,98.9419446192574,0.25918640148816663,False
743,1.3135448704851065,98.9419446192574,0.2526740674843013,False
744,1.3194892909924263,98.19068596601636,0.22550882330833144,False
745,1.3237243701143493,99.01274386406546,0.21387735145735237,False
746,1.3237243701143493,99.05954889565285,0.19910732367530395,False
747,1.3237243701143493,99.01667715544367,0.18841928886222303,False
748,1.3237243701143493,99.01680938788455,0.17839140011693422,False
749,1.3237243701143493,99.0090306081675,0.16962134081158978,False
750,1.3237243701143493,99.0012082158679,0.16209441986513523,False
751,1.3237243701143493,98.99334307517454,0.15577639244753652,False
752,1.3237243701143493,98.15310927098555,0.05472992371144085,False
753,1.3194892909924263,98.9162201656113,0.04746815483741478,False
754,1.3135448704851065,98.9162201656113,0.041451249274870886,False
755,1.305875511291131,98.9162201656113,0.035087524972722134,False
756,1.296460736137167,98.9162201656113,0.034202308704105684,False
757,1.2852748466470731,98.9162201656113,0.0327304085207181,False
758,1.272286478151291,98.9162201656113,0.03191459383487757,False
759,1.2574580300524587,98.9162201656113,0.03163324186369366,False
760,1.2407449439357603,98.9162201656113,0.03190176048088444,False
761,1.2220947914756686,98.9162201656113,0.08836019582831166,False
762,1.201446120023029,98.9162201656113,0.09312742286300968,False
763,1.1787269834988532,98.9162201656113,0.23618878870896753,False
764,1.1538530565800795,98.9162201656113,0.2407022836265793,False
765,1.1538530565800795,98.9162201656113,0.24475205387677543,False
766,1.1538530565800795,98.9162201656113,0.24837722195794157,False
767,1.1538530565800795,98.9162201656113,0.2516123680369654,False
768,1.1538530565800795,98.9162201656113,0.2544884100228535,False
769,1.1538530565800795,98.9162201656113,0.25703328679784304,False
770,1.1538530565800795,98.9162201656113,0.2592724969636797,False
771,1.1538530565800795,98.9162201656113,0.26122952970363683,False
772,1.1538530565800795,98.9162201656113,0.26292621382907777,False
773,1.201681991620676,98.9162201656113,0.264383003886216,False
774,1.2449737775841294,98.9162201656113,0.26561921718803383,False
775,1.2842839696213428,98.9162201656113,0.2667225489851522,False
776,1.2842839696213428,98.85452462772051,0.26735018861951687,False
777,1.2842839696213428,98.86204337428877,0.2679472025786916,False
778,1.2842839696213428,98.85315382697581,0.26836755095826137,False
779,1.2842839696213428,98.84422110552764,0.2686271608441368,False
780,1.2842839696213428,98.8352464550979,0.26873954238304176,False
781,1.2842839696213428,98.51094518920753,0.25587419223829083,False
782,1.2842839696213428,98.73347547974414,0.30856871095376126,False
783,1.2842839696213428,97.91471215351812,0.21991409557153402,False
784,1.2842839696213428,98.64392324093816,0.2158914892748448,False
785,1.2842839696213428,98.64392324093816,0.21261928237466,False
786,1.30738316633364,98.64392324093816,0.21016826301478217,False
787,1.3282820174272938,98.64392324093816,0.20853041583483886,False
788,1.3470624465271646,98.64392324093816,0.20774709089461252,False
789,1.3637938028246004,98.64392324093816,0.20782702169879594,False
790,1.378534725137646,98.64392324093816,0.20496363693391237,False
791,1.391334586143604,98.64392324093816,0.21137858078381844,False
792,1.402234618245608,98.64392324093816,0.2171168564136768,False
793,1.402234618245608,98.64392324093816,0.21532417391991657,False
794,1.402234618245608,98.64392324093816,0.2158783105530271,False
795,1.402234618245608,98.64392324093816,0.21619675525478568,False
796,1.402234618245608,98.64392324093816,0.2586268966388168,False
797,1.402234618245608,98.64392324093816,0.2613213565211818,False
798,1.391334586143604,98.64392324093816,0.26390265557668713,False
799,1.3559212235520337,98.64392324093816,0.26636675340951593,False
800,1.3164218868227548,98.64392324093816,0.2687096079346511,False
801,1.272286478151291,98.64392324093816,0.2709271576672615,False
802,1.222731822382257,97.90618336886993,0.20979526355374345,False
803,1.1665620111568704,98.72921108742004,0.21183666291561856,False
804,1.1504718163625702,98.74003054471407,0.21330164823531284,False
805,1.132529774880598,98.7508440243079,0.2141535176794906,False
806,1.1126817966979572,98.76164889597851,0.21435544685838967,False
807,1.1126817966979572,98.77244258872652,0.21393618881403925,False
808,1.1126817966979572,98.78322259136213,0.2128613211053601,False
809,1.1126817966979572,98.79398645299851,0.21111249631949225,False
810,1.1126817966979572,98.62400394315289,0.21240271519643325,False
811,1.1126817966979572,98.89306429213299,0.20463951918973036,False
812,1.132529774880598,98.89306429213299,0.19882245379098756,False
813,1.1504718163625702,98.61578904132095,0.20133683927491836,False
814,1.1665620111568704,98.79811663637865,0.20055000543748622,False
815,1.1808467161073357,98.7873754152824,0.2022101488220638,False
816,1.1808467161073357,98.02922755741128,0.14295289518354148,False
817,1.1808467161073357,98.84140710267819,0.14603495449913395,False
818,1.1808467161073357,98.84140710267819,0.14814164388287576,False
819,1.1808467161073357,98.84140710267819,0.1977131773368441,False
820,1.1808467161073357,98.84140710267819,0.19677995142055021,False
821,1.1808467161073357,98.84140710267819,0.19574891523476073,False
822,1.1808467161073357,98.84140710267819,0.19493653293491378,False
823,1.1808467161073357,98.84140710267819,0.19433486489987928,False
824,1.1808467161073357,98.84140710267819,0.19362928636712906,False
825,1.1808467161073357,98.84140710267819,0.1930193569416918,False
826,1.1808467161073357,98.84140710267819,0.19248937645400915,False
827,1.1808467161073357,98.84140710267819,0.1913972018074015,False
828,1.1808467161073357,98.84140710267819,0.19044147499161726,False
829,1.1808467161073357,98.84140710267819,0.18961531710763496,False
830,1.1808467161073357,98.84140710267819,0.24087101434431443,False
831,1.1808467161073357,98.84140710267819,0.24294745657992492,False
832,1.1808467161073357,98.60633028293175,0.2440112846264135,False
833,1.1808467161073357,98.91696750902527,0.24519345642473167,False
834,1.1166404295430468,98.89028475711893,0.24733103847921256,False
835,1.0394364783172854,98.9515455304929,0.24458022101334462,False
836,0.9288391461883214,98.73015873015873,0.25082436449063433,False
837,0.9127341558073343,99.02255639097744,0.2515216665010641,False
838,0.8948692308065574,99.01326839099765,0.25255678106098295,False
839,0.875195788740725,98.19449109842122,0.21837247279615524,False
840,0.8536576732793313,98.93349009069533,0.22138109420929236,False
841,0.8301899714180443,98.93349009069533,0.22423655185826183,False
842,0.804717519321077,98.93349009069533,0.2266805469802599,False
843,0.7771529943226336,98.93349009069533,0.22842212838365766,False
844,0.7473944462440387,98.93349009069533,0.23018569214590995,False
845,0.7153220528038851,98.93349009069533,0.23177131658909947,False
846,0.6807937753703206,98.93349009069533,0.23327075983944992,False
847,0.6436394131461666,98.93349009069533,0.23496396834096403,False
848,0.603652249754401,98.93349009069533,0.23659916404692305,False
849,0.560576942614533,98.93349009069533,0.23816821078164568,False
850,0.5140912790181235,98.18609338259994,0.1864487869312054,False
851,0.4637773498877516,99.009069533087,0.23360197243304076,False
852,0.40907313904382653,99.01837928153718,0.23425612840157103,False
853,0.3491843735073079,99.02767389678384,0.2347895111362853,False
854,0.3491843735073079,99.0369513102422,0.2352004157617499,False
855,0.3491843735073079,98.83242887682947,0.23901840345143122,False
856,0.3491843735073079,99.11678115799803,0.23598174096561722,False
857,0.3491843735073079,99.11678115799803,0.23335894536955804,False
858,0.3491843735073079,99.11678115799803,0.23113323775838684,False
859,0.3491843735073079,99.11678115799803,0.2292853273012492,False
860,0.3491843735073079,99.11678115799803,0.22779368476907905,False
861,0.3491843735073079,99.11678115799803,0.22569288688033848,False
862,0.3491843735073079,99.11678115799803,0.2239916478059129,False
863,0.3491843735073079,99.11678115799803,0.22018394652504447,False
864,0.3491843735073079,99.11678115799803,0.22178027951531806,False
865,0.3491843735073079,99.11678115799803,0.22319944168155714,False
866,0.3491843735073079,99.11678115799803,0.2240898976613847,False
867,0.46824757305098735,99.11678115799803,0.22513659260081342,False
868,0.5541015302865538,99.11678115799803,0.22600298752714512,False
869,0.6271502454482835,99.11678115799803,0.22671022172323055,False
870,0.6917244835981394,99.11678115799803,0.22803424050460375,False
871,0.7498765864518437,98.35623159960745,0.17846567094636906,False
872,0.7498765864518437,99.1822047759241,0.1761545028709163,False
873,0.6857486151292823,99.19072793818626,0.17350980423423795,False
874,0.6131379016405237,99.19922348944431,0.22040534043403154,False
875,0.5277139815252946,99.20768983268984,0.2208090316664164,False
876,0.40907313904382653,99.21612541993281,0.2211756497527765,False
877,0.40907313904382653,99.2245287520878,0.22150613195231234,False
878,0.40907313904382653,99.23289837880586,0.22180156852575494,False
879,0.40907313904382653,99.24123289825444,0.21981424146495895,False
880,0.40907313904382653,99.24953095684803,0.2184597690935862,False
881,0.40907313904382653,99.25779124893137,0.21594742737792233,False
882,0.40907313904382653,99.26601251641814,0.2871199525968339,False
883,0.40907313904382653,99.10906298003073,0.28751295994228376,False
884,0.40907313904382653,99.33195907772179,0.28915089312520703,False
885,0.40907313904382653,99.33195907772179,0.28576765560074263,False
886,0.40907313904382653,99.33195907772179,0.28296936201936107,False
887,0.40907313904382653,99.33195907772179,0.280428459374479,False
888,0.40907313904382653,99.33195907772179,0.3422457759682948,False
889,0.40907313904382653,99.33195907772179,0.41385100815658726,False
890,0.40907313904382653,99.33195907772179,0.45721059173631157,False
891,0.40907313904382653,99.33195907772179,0.4953547152287893,False
892,0.40907313904382653,99.33195907772179,0.5293792791030915,False
893,0.40907313904382653,99.33195907772179,0.5600080957054017,False
894,0.40907313904382653,98.56466636127654,0.5713179136594398,False
895,0.40907313904382653,99.38540235150404,0.5964221565381579,False
896,0.4637773498877516,99.39288153600971,0.6881110143292984,False
897,0.5140912790181235,99.40031681375876,0.7031260464867393,False
898,0.560576942614533,99.40770730244414,0.7072965152760203,False
899,0.603652249754401,99.35423315186785,0.7114363747904151,False
900,0.6436394131461666,99.37960595578282,0.7146948660951645,False
901,0.7600473303889541,99.18032786885246,0.7179789768175144,False
902,0.843195316078971,98.40445407667589,0.6969530661982039,False
903,0.843195316078971,99.17192721871518,0.699108564807762,False
904,0.843195316078971,98.98494143892917,0.7046051978759521,False
905,0.843195316078971,99.18099918099918,0.7115997052421236,False
906,0.843195316078971,99.17479369842461,0.712557966121109,False
907,0.843195316078971,99.16855631141345,0.7132405301225069,False
908,0.843195316078971,98.33333333333333,0.6852495871155688,False
909,0.843195316078971,98.14392210558344,0.6439096389369096,False
910,0.843195316078971,98.27757789175534,0.6131489331592211,False
911,0.843195316078971,98.26284569755796,0.5819459597941125,False
912,0.843195316078971,98.24806201550388,0.5509553641195432,False
913,0.843195316078971,98.23322932917317,0.5194007956922397,False
914,0.843195316078971,98.21835020798996,0.4868251351123493,False
915,0.843195316078971,98.20342730790492,0.4537621217312754,False
916,0.843195316078971,97.40982043540441,0.2936797933099917,False
917,0.843195316078971,98.21742605915267,0.2613269115615763,False
918,0.843195316078971,98.46123101518785,0.2462297760952659,False
919,0.843195316078971,98.45969672785316,0.23249247428839337,False
920,0.843195316078971,98.45829017608159,0.22031604565721014,False
921,0.843195316078971,98.45701105543625,0.20974515832851778,False
922,0.843195316078971,98.35759166467828,0.1963659018919439,False
923,0.843195316078971,98.45303427980593,0.19126320188459697,False
924,0.843195316078971,98.21045096635648,0.16431704133663508,False
925,0.843195316078971,98.21840451761712,0.13574851002991167,False
926,0.843195316078971,98.45303427980593,0.13593622110357542,False
927,0.843195316078971,98.4439377575103,0.1397186467858813,False
928,0.804144968682279,98.43485957994689,0.18200618927613982,False
929,0.7619882811604882,98.4258022742908,0.19007880371682553,False
930,0.7164037343212466,98.41676841676842,0.19802736263826798,False
931,0.6669740736911405,98.40776063198396,0.20574906164175194,False
932,0.6131379016405237,98.31710938788979,0.3099653080904702,False
933,0.6857486151292823,98.33742050791804,0.31621335629366976,False
934,0.7498765864518437,98.32886580666778,0.31955636418460515,False
935,0.8075738393756747,98.32032074277274,0.32445554353739076,False
936,0.8600451249809193,98.31178771899982,0.32550831190632146,False
937,0.9080831196860789,98.02001368457064,0.31888848494098476,False
938,0.9522481488898976,98.24116281069924,0.31941302458188875,False
939,0.9929563290994997,98.23142783014788,0.3196719685928936,False
940,1.0305279703180825,98.22173913043478,0.3196284956345525,False
941,1.0652163930664527,98.21210001748557,0.33078264148671704,False
942,1.0972261621017099,98.09725158562368,0.34636683038570376,False
943,1.1267251857192595,98.12727434099583,0.35548797904447516,False
944,1.1538530565800795,98.11767861933292,0.3627445537546548,False
945,1.1787269834988532,98.10810810810811,0.3683625033397258,False
946,1.201446120023029,98.09856598293702,0.37252774954166684,False
947,1.2220947914756686,98.08905549967999,0.3747157465076818,False
948,1.2407449439357603,97.75714679658057,0.35959533099434765,False
949,1.2574580300524587,98.00406579190538,0.35839240901981523,False
950,1.272286478151291,97.99368381943154,0.356574569425781,False
951,1.2852748466470731,97.98338157034824,0.35424382945910354,False
952,1.296460736137167,97.18025710800413,0.27920352179532804,False
953,1.305875511291131,97.88742379129448,0.27147101146475683,False
954,1.3135448704851065,97.94413724656175,0.26719625975558436,False
955,1.3194892909924263,97.89687603383904,0.2610605833830027,False
956,1.3237243701143493,98.01975518691809,0.2597922761103411,False
957,1.2817425764699486,98.02008336491095,0.2588377440466199,False
958,1.2329087607099036,98.02060093985855,0.2581556936775236,False
959,1.173589412323443,98.02130898021309,0.2578153091543241,False
960,1.101131799569232,98.02220845446314,0.25768384316155385,False
961,0.995148095654003,97.68860506124005,0.2428763258756593,False
962,0.9904799742690308,97.5553857906799,0.2161574714691287,False
963,0.9842399889605549,97.63715501984981,0.19852024527215428,False
964,0.9842399889605549,97.64277500958221,0.1822203024712356,False
965,0.9842399889605549,97.64863957003695,0.1673164773381607,False
966,0.9842399889605549,97.65474817377931,0.15395428977863043,False
967,0.9842399889605549,97.66110014918908,0.1421253638241445,False
968,0.9842399889605549,97.66769468003083,0.13099700048389581,False
969,0.9842399889605549,97.67453080522989,0.12133588664637032,False
970,0.9842399889605549,97.68160741885626,0.11318783782048797,False
971,0.9842399889605549,97.68892327031863,0.22736472142400785,False
972,0.9842399889605549,97.47870692992645,0.21142785951795043,False
973,0.9842399889605549,97.77207342471061,0.2110622937661897,False
974,0.9842399889605549,97.76206728425159,0.2107943997731778,False
975,0.9842399889605549,97.7521472392638,0.21485621841838415,False
976,0.9842399889605549,97.74231795277147,0.21642818269878164,False
977,0.9842399889605549,97.73258415792353,0.2177344352517301,False
978,0.9842399889605549,97.72295065559003,0.2188171904943682,False
979,0.9842399889605549,97.71342231176027,0.21958329115933423,False
980,0.9842399889605549,97.70400405473897,0.22017308378731387,False
981,0.9842399889605549,97.6947008721375,0.22061572139568178,False
982,0.9842399889605549,97.68551780765678,0.2209367965540371,False
983,0.9842399889605549,97.67645995765994,0.22062667155683344,False
984,0.9842399889605549,97.66753246753247,0.22023235723723136,False
985,0.9842399889605549,97.65874052782858,0.21980104603996686,False
986,0.9842399889605549,97.65008937020292,0.2193133067790403,False
987,0.9842399889605549,97.64158426312729,0.21885842978844516,False
988,0.9842399889605549,97.63323050739282,0.22640603266545462,False
989,0.9842399889605549,97.62503343139878,0.2737435242401295,False
990,0.9842399889605549,97.61699838622916,0.2831747847550315,False
991,0.9842399889605549,96.77070373776166,0.2117755278644518,False
992,0.9842399889605549,97.65582508430327,0.22303197113150888,False
993,0.9842399889605549,97.66721044045677,0.23311104985493705,False
994,0.976414308115487,97.67884322678843,0.2421381028441558,False
995,0.9669852958320848,97.45164094762008,0.24661328322099652,False
996,0.9559312637896478,97.76800260671229,0.2525881742437828,False
997,0.9432261548473415,97.76188656586058,0.2581559735832388,False
998,0.9288391461883214,97.75595303412707,0.2633229307796461,False
999,0.9127341558073343,97.75020678246484,0.2680967304973711,False
1000,0.8948692308065574,97.74465255458273,0.2724863212038367,False
1001,0.875195788740725,97.73929506097221,0.2765017766034261,False
1002,0.8536576732793313,97.73413897280967,0.28130055355184885,False
1003,0.8301899714180443,97.72918891574392,0.2856795072329966,False
1004,0.804717519321077,97.7244494635799,0.2895246434282413,False
1005,0.7771529943226336,97.71992513187,0.29285699298771334,False
1006,0.7473944462440387,97.71562037142532,0.29596182078640876,False
1007,0.7153220528038851,97.71153956175982,0.2985101098467001,False
1008,0.6807937753703206,97.38840312931431,0.2946094425909878,False
1009,0.6436394131461666,96.95586876155268,0.2528393880516136,False
1010,0.603652249754401,97.29149750608978,0.24346710891771173,False
1011,0.560576942614533,97.28659601723535,0.23387958992799937,False
1012,0.5140912790181235,97.28197334580314,0.2241097376188243,False
1013,0.4637773498877516,97.27763435813189,0.21419662427819974,False
1014,0.40907313904382653,97.27358379460605,0.2041871963808063,False
1015,0.3491843735073079,97.2698262616712,0.19413848634867667,False
1016,0.2829047929798921,97.26636622390892,0.18412046275798385,False
1017,0.208180945557171,97.26320799619229,0.17421965912409335,False
1018,0.12068101401352381,97.26035573594366,0.16454368296262045,False
1019,0.12068101401352381,97.25781343551671,0.1551215996166287,False
1020,0.208180945557171,97.25558491472496,0.14587371736968097,False
1021,0.3280668831792932,97.25367381353891,0.13690043167652455,False
1022,0.3280668831792932,97.25208358497403,0.12570593768974453,False
1023,0.3280668831792932,97.25081748819184,0.11475861271622868,False
1024,0.4023829390456117,97.24987858183584,0.10415741237664498,False
1025,0.46824757305098735,97.24926971762414,0.09402727174907323,False
1026,0.5277139815252946,97.24899353421984,0.15713927227553645,False
1027,0.5819881552488824,97.24905245139993,0.15470938706411905,False
1028,0.5819881552488824,97.24944866454301,0.15306580259366542,False
1029,0.6669740736911405,97.25018413945494,0.15214055826722497,False
1030,0.7391385203526044,97.25126060755134,0.1518515794431473,False
1031,0.8028116417452926,97.25267956141431,0.18845525404250194,False
1032,0.8600451249809193,97.25444225074037,0.19525270812717943,False
1033,0.9120433642792949,97.25654967869501,0.20214957526070743,False
1034,0.9595986573441049,97.25900259868828,0.2090607631716992,False
1035,1.0032709271829536,97.2618015115847,0.21591044264855233,False
1036,1.043475862219766,97.26494666335897,0.22263060375833185,False
1037,1.0805333164475432,97.26843804320835,0.22915967581995375,False
1038,1.114696123966521,97.27227538212999,0.23544125980445577,False
1039,1.1461683299371317,97.27645815197114,0.24149044560837127,False
1040,1.1751172867945407,97.28098556495769,0.24738707892938827,False
1041,1.201681991620676,97.28585657370517,0.2530927756971845,False
1042,1.2449737775841294,97.29106987171504,0.25861507819323465,False
1043,1.2842839696213428,97.29662389435654,0.26396036580713267,False
1044,1.30738316633364,97.30251682033392,0.2691340341026044,False
1045,1.3282820174272938,97.30874657363569,0.28343910166293046,False
1046,1.3470624465271646,96.66749719696026,0.2535085776416426,False
1047,1.3637938028246004,97.37825382986674,0.25487950344357496,False
1048,1.378534725137646,97.37825382986674,0.25602758381770513,False
1049,1.391334586143604,97.37825382986674,0.2569759559153148,False
1050,1.402234618245608,97.37825382986674,0.2577461093908,False
1051,1.411268792775777,96.74928384605803,0.23317308388888439,False
1052,1.441499001640642,97.49034749034749,0.228513181848551,False
1053,1.4683074126842999,97.49750996015936,0.22355359076826256,False
1054,1.4919310878474152,97.50497760079642,0.2182939156951883,False
1055,1.5125568756434098,97.5127471707499,0.23479477303754112,False
1056,1.530333327439556,97.52081521063751,0.26776038223817,False
1057,1.5332939593741384,97.52917804817481,0.26258514539126704,False
1058,1.5342796921456783,97.53783180352269,0.25729081904867074,False
1059,1.5332939593741386,97.54677239499442,0.25187228788900806,False
1060,1.5303333274395563,97.5559955451058,0.2820566196538015,False
1061,1.5253874232579383,97.56549678695008,0.27945887710810036,False
1062,1.5352702332191592,97.57527147087858,0.2752795997050015,False
1063,1.542279235137156,97.5853147714673,0.27645928553658256,False
1064,1.5464650001141114,97.59562169474849,0.2778347062784774,False
1065,1.5478570234493585,96.9683925716394,0.2699740062060065,False
1066,1.5464650001141114,97.54642725372032,0.2737374122481343,False
1067,1.542279235137156,97.54642725372032,0.27795635643717653,False
1068,1.527138493598173,97.54642725372032,0.2825996582392877,False
1069,1.5094621252684286,97.54642725372032,0.2876364901714015,False
1070,1.489148966540959,97.54642725372032,0.2930368399348562,False
1071,1.4660741214574515,97.54642725372032,0.2987718779566318,False
1072,1.4400831784759722,97.54642725372032,0.30481423471650976,False
1073,1.4230670603378361,97.54642725372032,0.31113819617712685,False
1074,1.4022346182456082,97.54642725372032,0.31771982785773906,False
1075,1.3773114348674147,96.98069118189645,0.3089506882393842,False
1076,1.347922583568817,96.80211146575006,0.2835089504591733,False
1077,1.3135448704851067,97.4957034127179,0.2910484078376548,False
1078,1.2734192269994746,97.4957034127179,0.2985523361528345,False
1079,1.2263714330738393,97.4957034127179,0.3060065214292054,False
1080,1.2263714330738393,96.82666339307636,0.2816689178210647,False
1081,1.2206340886225493,97.59391112202307,0.2875166831914552,False
1082,1.2263714330738393,97.34816082121472,0.2947876760619097,False
1083,1.170377295621679,97.71317357985646,0.29698384940735373,False
1084,1.1011317995692318,97.72396212672979,0.29901746375114335,False
1085,1.1011317995692318,97.73498062015504,0.30086533599912085,False
1086,1.1011317995692318,97.74622356495469,0.3015666431679062,False
1087,1.1011317995692318,97.75768535262206,0.30090123874087416,False
1088,1.1011317995692318,97.76936026936026,0.2999141964835585,False
1089,0.9982545693874831,97.78124250419765,0.29857830484021175,False
1090,0.999806132804711,97.79332615715823,0.29686493766357375,False
1091,0.999806132804711,97.8056052474657,0.29383542271309565,False
1092,0.9982545693874831,97.81807372175982,0.2875926271314281,False
1093,0.995148095654003,97.83072546230441,0.28542796776069523,False
1094,0.9904799742690308,97.8435542951672,0.28359677180388027,False
1095,0.9842399889605549,97.85655399835119,0.2820916347393454,False
1096,0.976414308115487,97.86971830985915,0.2820678909308375,False
1097,0.9669852958320848,97.88304093567251,0.2824866069794938,False
1098,0.9559312637896478,97.89651555762731,0.2833440467358133,False
1099,0.9432261548473415,97.91013584117033,0.28463232398616267,False
1100,0.9288391461883214,97.92389544297941,0.2863398133738848,False
1101,0.9127341558073343,97.93778801843318,0.2884516199133199,False
1102,0.8948692308065574,97.95180722891567,0.29095008572233366,False
1103,0.8948692308065574,97.96594674894298,0.2938153119867646,False
1104,0.8948692308065574,97.98020027309968,0.2970256754186935,False
1105,0.875195788740725,97.99456152277362,0.30055832117845627,False
1106,0.8536576732793313,98.00902425267907,0.3053182779945926,False
1107,0.8301899714180443,98.02358225715889,0.3114304764469268,False
1108,0.804717519321077,98.03822937625755,0.31778623381926063,False
1109,0.7771529943226336,98.05295950155764,0.32435406191884214,False
1110,0.7473944462440387,98.0677665817739,0.3311038329045979,False
1111,0.7153220528038851,98.08264462809917,0.3387968421749421,False
1112,0.6807937753703206,97.73574561403508,0.3488710506420832,False
1113,0.6807937753703206,98.1453196596116,0.35518624308142677,False
1114,0.6807937753703206,98.17245119305856,0.36095299263414066,False
1115,0.6807937753703206,98.19946091644205,0.3661727660300166,False
1116,0.6807937753703206,98.22634229986068,0.37084799112509376,False
1117,0.6807937753703206,98.25308904985087,0.3749819150820614,False
1118,0.6436394131461666,98.27969510904086,0.3739275280381658,False
1119,0.603652249754401,98.3061546554445,0.3792199381407765,False
1120,0.560576942614533,98.3324621014114,0.3832203320380204,False
1121,0.5140912790181235,98.35861209225016,0.3860225565332131,False
1122,0.4637773498877516,98.3845995045417,0.387707083021872,False
1123,0.4637773498877516,98.41041944415957,0.3877726883825699,False
1124,0.4637773498877516,98.43606724401427,0.38692147327444987,False
1125,0.4637773498877516,98.46153846153847,0.38521761396810117,False
1126,0.4637773498877516,98.48682887593002,0.3827185512856685,False
1127,0.4637773498877516,98.51193448516928,0.37947606059482497,False
1128,0.5140912790181235,98.5368515028271,0.37553709941491886,False
1129,0.4637773498877516,98.5615763546798,0.3709444854904766,False
1130,0.40907313904382653,98.58610567514677,0.365737443539831,False
1131,0.3491843735073079,98.61043630356622,0.3599520486525548,False
1132,0.2829047929798921,98.63456528032422,0.3536215870075644,False
1133,0.208180945557171,98.65848984285167,0.34677684925846025,False
1134,0.208180945557171,98.68220742150334,0.339446367950238,False
1135,0.208180945557171,98.70571563533302,0.3316566072591238,False
1136,0.208180945557171,98.72901228777788,0.32343211087680335,False
1137,0.208180945557171,98.75209536226485,0.314795611759231,False
1138,0.208180945557171,98.67326183431953,0.31143861327982575,False
1139,0.208180945557171,98.8343276732446,0.2994621453551019,False
1140,0.208180945557171,98.84527612962118,0.28789520077871467,False
1141,0.208180945557171,98.85620915032679,0.27676077295125356,False
1142,0.12068101401352381,98.86712402960823,0.26608307413196197,False
1143,0.12068101401352381,98.878018131227,0.25675202048721296,False
1144,0.12068101401352381,98.88888888888889,0.24788207842064627,False
1145,0.12068101401352381,98.8997338065661,0.23946838527371322,False
1146,0.12068101401352381,98.91055045871559,0.23150616893295042,False
1147,0.12068101401352381,98.92133649039727,0.22399075068426424,False
1148,0.12068101401352381,98.93208961729579,0.21691754474177585,False
1149,0.12068101401352381,98.94280762564992,0.21015317637724018,False
1150,0.12068101401352381,98.95348837209302,0.20386292914241907,False
1151,0.12068101401352381,98.96412978340895,0.1980307967045031,False
1152,0.12068101401352381,98.97472985620692,0.19263971063733865,False
1153,0.12068101401352381,98.98528665651953,0.18767154199177294,False
1154,0.12068101401352381,98.99579831932773,0.18310713139353704,False
1155,0.12068101401352381,99.0062630480167,0.17892634854656844,False
1156,0.12068101401352381,99.01667911376649,0.17510818028772077,False
1157,0.12068101401352381,99.02704485488127,0.17163084453842065,False
1158,0.12068101401352381,99.03735867606095,0.16847192580847004,False
1159,0.12068101401352381,99.04761904761905,0.1656085265000983,False
1160,0.12068101401352381,99.05782450465023,0.16301742727773139,False
1161,0.12068101401352381,99.06797364615137,0.1606752492973098,False
1162,0.12068101401352381,99.07806513409962,0.1585586111492357,False
1163,0.12068101401352381,99.08809769249068,0.15664427391577748,False
1164,0.12068101401352381,99.09807010634108,0.15490926867821975,False
1165,0.12068101401352381,99.10798122065728,0.15026431724242992,False
1166,0.12068101401352381,99.1178299393751,0.21875638065175512,False
1167,0.12068101401352381,99.12761522427238,0.2156168422879333,False
1168,0.12068101401352381,99.13733609385784,0.2125699481107752,False
1169,0.12068101401352381,99.14699162223914,0.20973836899371592,False
1170,0.12068101401352381,99.15658093797276,0.20694207841748793,False
1171,0.12068101401352381,99.16610322289836,0.20418862539639962,False
1172,0.12068101401352381,99.17555771096023,0.20148572799430642,False
1173,0.12068101401352381,99.18494368701838,0.1988412731458153,False
1174,0.12068101401352381,99.19426048565121,0.19626331261148464,False
1175,0.12068101401352381,99.2035074899525,0.19376005447411565,False
1176,0.12068101401352381,99.21268413032436,0.1913398495658372,False
1177,0.12068101401352381,99.22178988326849,0.18901117222131972,False
1178,0.12068101401352381,99.23082427017745,0.1864500022003404,False
1179,0.12068101401352381,99.23978685612789,0.18471141051119325,False
1180,0.12068101401352381,99.24867724867725,0.22689909731325222,False
1181,0.12068101401352381,99.25749509666574,0.22703956239124692,False
1182,0.12068101401352381,99.2662400890249,0.23180898573975006,False
1183,0.12068101401352381,99.27491195359437,0.2353435067619023,False
1184,0.12068101401352381,99.28351045594789,0.24039813608108612,False
1185,0.24096783080307266,99.1911159857417,0.2468163948208446,False
1186,0.3280668831792932,98.42447340660837,0.19288648130460492,False
1187,0.40238293904561173,99.15878378378379,0.22043707646848618,False
1188,0.46824757305098735,99.16820392419923,0.23043966044249953,False
1189,0.40907313904382653,99.17754395311668,0.24180396326070058,False
1190,0.4637773498877516,99.18680374202506,0.2527550304497748,False
1191,0.5140912790181235,99.19598319768969,0.26332593770374957,False
1192,0.560576942614533,99.20508226095455,0.2735430161529982,False
1193,0.603652249754401,99.21410090556274,0.28342748302599496,False
1194,0.6436394131461666,99.22303913699554,0.2929966105755065,False
1195,0.6807937753703206,99.23189699133096,0.3022645824884106,False
1196,0.6807937753703206,99.24067453412219,0.3110610480417044,False
1197,0.6807937753703206,99.24937185929649,0.3181177460268979,False
1198,0.6807937753703206,99.23928293063133,0.3249357056233632,False
1199,0.6807937753703206,99.28200049517207,0.32875243722038183,False
1200,0.6807937753703206,98.5825699430552,0.30473039555860926,False
1201,0.6807937753703206,99.32223322604605,0.3066237038542734,False
1202,0.6807937753703206,99.43129418997849,0.3061518294553268,False
1203,0.6807937753703206,99.41714983216356,0.31961358392418143,False
1204,0.6807937753703206,99.45474372955289,0.31913166272720844,False
1205,0.6807937753703206,99.45474372955289,0.31845031475472446,False
1206,0.6807937753703206,99.45474372955289,0.31758754937003386,False
1207,0.6807937753703206,98.73985217496669,0.3026676328159951,False
1208,0.6807937753703206,99.50321095359263,0.29823767297927395,False
1209,0.6807937753703206,99.53993264373347,0.29180754346907894,False
1210,0.6807937753703206,99.55195794378565,0.28473469568323656,False
1211,0.6807937753703206,99.56384998813198,0.27559001059039256,False
1212,0.6807937753703206,99.57560932480622,0.2669212135466802,False
1213,0.6807937753703206,99.58723653395785,0.2574219688598504,False
1214,0.6807937753703206,99.5987322264546,0.2470786743326525,False
1215,0.6807937753703206,99.61009704251386,0.23589765608931904,False
1216,0.6807937753703206,99.62133165036289,0.2662747071342018,False
1217,0.6807937753703206,99.6324367449282,0.2578354037715698,False
1218,0.6807937753703206,99.64341304655441,0.24945239264104177,False
1219,0.6807937753703206,99.60096221876327,0.2441152652524096,False
1220,0.6807937753703206,99.62643271543796,0.2381500106420295,False
1221,0.6807937753703206,99.60096221876327,0.23344008858998713,False
1222,0.6807937753703206,99.64341304655441,0.2281721445065045,False
1223,0.6807937753703206,98.94289947572373,0.20349341487497502,False
1224,0.6807937753703206,99.65575604578444,0.1956721966710436,False
1225,0.6807937753703206,99.65575604578444,0.18884472366781785,False
1226,0.6807937753703206,99.65575604578444,0.18247354415872663,False
1227,0.6807937753703206,99.65575604578444,0.23582016727991628,False
1228,0.6807937753703206,99.65575604578444,0.23227935772506145,False
1229,0.6807937753703206,99.65575604578444,0.22881448371976096,False
1230,0.6807937753703206,99.65575604578444,0.22626806547227932,False
1231,0.6807937753703206,99.61559425112597,0.22603232790443045,False
1232,0.6807937753703206,99.6672308442583,0.2241503054540039,False
1233,0.6807937753703206,99.6563077634011,0.22274586839750238,False
1234,0.6807937753703206,99.64525602628595,0.2219397764691204,False
1235,0.6807937753703206,99.63407494145198,0.22137403459876254,False
1236,0.6807937753703206,98.91544605228258,0.16781299689413864,False
1237,0.6807937753703206,99.61702885643035,0.16702753628920117,False
1238,0.6807937753703206,99.64949800986159,0.16614468463259124,False
1239,0.6807937753703206,99.65824665676077,0.16517782698479785,False
1240,0.6807937753703206,99.6670234272803,0.2387346854791306,False
1241,0.6807937753703206,99.62526766595289,0.23862009476429474,False
1242,0.6807937753703206,99.69060510501576,0.2390604394644124,False
1243,0.6807937753703206,99.68838017618505,0.23940161472975463,False
1244,0.6807937753703206,99.60777214578808,0.2404948161075116,False
1245,0.6807937753703206,99.65062583545996,0.24108572642349937,False
1246,0.6436394131461666,99.63903334353013,0.24162838535047504,False
1247,0.603652249754401,98.89730795293538,0.18449365926452863,False
1248,0.560576942614533,99.64024314601166,0.18409481003794134,False
1249,0.5140912790181235,99.59667411268305,0.18415464514931487,False
1250,0.4637773498877516,99.64310098690336,0.25081386054575977,False
1251,0.40907313904382653,99.65232507605388,0.2503250814167262,False
1252,0.3491843735073079,99.60568802781917,0.2503798141715049,False
1253,0.2829047929798921,99.599478390462,0.2504900843632383,False
1254,0.208180945557171,99.6404452226113,0.250492561734968,False
1255,0.12068101401352381,99.62848687110383,0.2505908815000176,False
1256,-0.0,99.61638450320208,0.2507712492112914,False
1257,-0.0,99.60413740263057,0.2510048808727969,False
1258,-0.0,99.59174488877458,0.25107590721170925,False
1259,-0.0,99.57920631837898,0.2511475461795287,False
1260,-0.0,98.81037741998566,0.18177092258440597,False
1261,-0.0,99.57994224205828,0.18182995808893462,False
1262,-0.0,99.67839327907588,0.17992417493988544,False
1263,-0.0,99.66957441184245,0.17830500956709608,False
1264,-0.0,99.66065606494111,0.17695953896667208,False
1265,-0.0,99.65163797146111,0.17588699506630404,False
1266,-0.0,99.6425198974774,0.1750672367185994,False
1267,-0.0,99.6333016433519,0.17489754464444796,False
1268,-0.0,99.62398304505366,0.17486129067878228,False
1269,-0.0,99.61456397549728,0.17491473492067308,False
1270,-0.0,98.8161607818845,0.03765666279836888,False
1271,-0.0,99.59047422396586,0.03677637228225768,False
1272,-0.0,99.59047422396586,0.03580690428215927,False
1273,-0.0,99.59047422396586,0.03466657557012592,False
1274,-0.0,99.59047422396586,0.035701846134428894,False
1275,-0.0,99.59047422396586,0.034237328389085,False
1276,-0.0,99.59047422396586,0.03256507757641553,False
1277,-0.0,99.59047422396586,0.030679538509371683,False
1278,-0.0,99.59047422396586,0.030183990671177916,False
1279,-0.0,99.59047422396586,0.02961858550184408,False
1280,-0.0,99.59047422396586,0.04549417726588808,False
1281,-0.0,99.59047422396586,0.04799657866859758,False
1282,-0.0,99.59047422396586,0.05091042254943203,False
1283,-0.0,99.59047422396586,0.05424788062921795,False
1284,-0.0,99.59047422396586,0.05796829818864581,False
1285,-0.0,99.59047422396586,0.07204860894608033,False
1286,-0.0,99.59047422396586,0.07706423681465101,False
1287,-0.0,99.59047422396586,0.22132233887975714,False
1288,-0.0,99.59047422396586,0.221678084260482,False
1289,-0.0,99.59047422396586,0.22277338415330175,False
1290,-0.0,99.59047422396586,0.22307525092586544,False
1291,-0.0,99.59047422396586,0.22348513656059835,False
1292,-0.0,99.59047422396586,0.22381580754745958,False
1293,-0.0,99.59047422396586,0.2240688510921909,False
1294,-0.0,99.51463042573846,0.2238880579586433,False
1295,-0.0,99.55993294216262,0.22404175276959326,False
1296,-0.0,99.55668144395187,0.22415226449259695,False
1297,-0.0,99.55341319912101,0.22422673881582192,False
1298,-0.0,99.55012853470437,0.22427161637549842,False
1299,-0.0,99.54682779456193,0.22429262251130455,False
1300,-0.0,99.39889918887602,0.2215457894260291,False
1301,-0.0,99.5005468465184,0.22092158587672686,False
1302,-0.0,99.48983337003597,0.28968582504593204,False
1303,-0.0,99.47901271061188,0.2889946525593852,False
1304,-0.0,99.46808510638297,0.29244279370845266,False
1305,0.12068101401352381,99.36673286618954,0.2892860423262917,False
1306,0.12068101401352381,99.42624188434245,0.2879898578206805,False
1307,0.12068101401352381,98.61971938096505,0.19975028719952537,False
1308,0.12068101401352381,99.44844492109698,0.19939432596748696,False
1309,0.12068101401352381,99.61677013872921,0.20159201443468877,False
1310,0.12068101401352381,99.44828118368764,0.20193723691409596,False
1311,0.12068101401352381,99.56886506641808,0.20236978708360648,False
1312,0.12068101401352381,99.56207233626589,0.20286783806362355,False
1313,0.12068101401352381,99.5552231756278,0.20342421607706787,False
1314,0.12068101401352381,99.5483180791632,0.20403240559190028,False
1315,0.12068101401352381,99.54135758155859,0.20468657907173948,False
1316,0.12068101401352381,99.53434225844005,0.20544307265222825,False
1317,0.12068101401352381,99.52727272727273,0.20624924869971825,False
1318,0.12068101401352381,99.5201496482453,0.20774195427336523,False
1319,0.12068101401352381,99.5129737251371,0.20923726404355789,False
1320,0.12068101401352381,99.50574570616583,0.21057852396379212,False
1321,0.12068101401352381,99.49846638481307,0.21190530717170053,False
1322,0.12068101401352381,98.64461576722208,0.09982631989575337,False
1323,0.12068101401352381,99.46530713752797,0.10210822835921773,False
1324,0.12068101401352381,99.22836287799791,0.09148590899256424,False
1325,0.12068101401352381,99.40820951901284,0.09323942253832798,False
1326,0.12068101401352381,99.40031251319735,0.09470126467001265,False
1327,0.12068101401352381,99.39236848814481,0.09589646680323183,False
1328,0.12068101401352381,99.3843786071566,0.09684656525618204,False
1329,0.12068101401352381,99.25064599483204,0.09043224062244774,False
1330,0.12068101401352381,99.32757797926337,0.08968262146392432,False
1331,0.12068101401352381,99.32267086173746,0.08865487872002412,False
1332,0.12068101401352381,99.31775166160483,0.0875225759611478,False
1333,0.12068101401352381,99.31282142223799,0.12035707323065585,False
1334,0.12068101401352381,99.30788122348739,0.12310974534974854,False
1335,0.12068101401352381,99.30293218204713,0.1262188601128582,False
1336,0.12068101401352381,99.29797545178677,0.1292000505823304,False
1337,0.12068101401352381,99.2930122240467,0.13212679693893156,False
1338,0.12068101401352381,99.2880437278949,0.1605275746310253,False
1339,0.208180945557171,99.28307123034227,0.16480270238604847,False
1340,0.2829047929798921,99.27809603651437,0.2946009089949294,False
1341,0.3491843735073079,99.27311948977678,0.2974231943874658,False
1342,0.40907313904382653,99.2681429718117,0.2998955495304857,False
1343,0.4637773498877516,99.26316790264309,0.30205026019945497,False
1344,0.5140912790181235,99.2581957406078,0.42975165819851163,False
1345,0.560576942614533,99.25322798227019,0.43085392117724847,False
1346,0.603652249754401,99.24826616227752,0.43185358380915195,False
1347,0.6436394131461666,99.24331185315368,0.43275366008326704,False
1348,0.6807937753703206,99.23836666502875,0.43355751433223694,False
1349,0.7153220528038851,99.23343224530169,0.43426885854529357,False
1350,0.7473944462440387,99.22851027823404,0.434891749737321,False
1351,0.7771529943226336,99.22360248447205,0.43543058727260014,False
1352,0.804717519321077,99.21871062049499,0.43589011003779665,False
1353,0.8301899714180443,98.91491735118142,0.4281299499245704,False
1354,0.8536576732793313,99.13296271739685,0.4273995722789734,False
1355,0.875195788740725,99.12280701754386,0.42998024764517756,False
1356,0.8948692308065574,99.11262446473714,0.42866986256125056,False
1357,1.0066347974846968,99.10241776486458,0.42734446931083797,False
1358,1.0850365744330073,98.82021298809772,0.41673549972459173,False
1359,1.15047181636257,99.02310924369748,0.41429300345376296,False
1360,1.2072640872959293,98.11974789915966,0.3338228340386713,False
1361,1.2574580300524587,98.96533613445378,0.3304590090813224,False
1362,1.3022504881911108,98.96533613445378,0.3274349389961256,False
1363,1.3424256522693587,98.96533613445378,0.32473376069927146,False
1364,1.3559212235520337,97.77132294692369,0.10760780253819999,False
1365,1.3675380544221296,98.92735768903994,0.10125696025608068,False
1366,1.3675380544221296,98.92273402674591,0.09514577797045363,False
1367,1.3773114348674147,98.91823098950047,0.08929823407793064,False
1368,1.3852702053381707,98.9138497403836,0.0837407389452324,False
1369,1.418464503832282,98.90959136142283,0.07858329891625997,False
1370,1.44790620869417,98.90545685279187,0.07382024334808389,False
1371,1.4738989153366922,98.90144713214323,0.07033608105167083,False
1372,1.4966777416164074,98.89756303407532,0.21110972201261174,False
1373,1.4995196245467155,98.89380530973452,0.2105921581068688,False
1374,1.5004659065178618,98.89017462655166,0.21014726998838526,False
1375,1.4995196245467155,98.70811889507405,0.20321049095200547,False
1376,1.4966777416164074,98.95145223864947,0.204202094427285,False
1377,1.4919310878474152,98.94121365360303,0.20506383057700092,False
1378,1.4852641811356104,98.93099068585944,0.2058085077964189,False
1379,1.4766549183659508,98.92078681552366,0.2064478544071338,False
1380,1.4660741214574515,98.91060557513617,0.20699261119780044,False
1381,1.4534849141043304,98.9004505470929,0.20745260575625082,False
1382,1.438841894200673,98.8903253609136,0.2078368114633797,False
1383,1.4220900521936763,98.88023369036027,0.20815339343320685,False
1384,1.4031633649036754,98.87017925040739,0.20841286959021493,False
1385,1.3819829643540342,98.86016579406632,0.20861958364493377,False
1386,1.3584547364298434,98.85019710906701,0.20883711028416782,False
1387,1.3324661355215683,98.84027701440036,0.2089874236807221,False
1388,1.3038818925522597,98.83040935672514,0.2090841155224847,False
1389,1.2725381154419293,98.82059800664452,0.20910865876924636,False
1390,1.2725381154419293,98.81084685485663,0.2090900514725141,False
1391,1.2725381154419293,98.80115980818557,0.20875455346801658,False
1392,1.2725381154419293,97.95360767257723,0.05834615283125318,False
1393,1.2725381154419293,98.74539979926396,0.05615405449262896,False
1394,1.2725381154419293,98.74539979926396,0.054328783827748674,False
1395,1.2725381154419293,98.74539979926396,0.04992741198517031,False
1396,1.2725381154419293,98.74539979926396,0.12255715466408362,False
1397,1.2725381154419293,98.74539979926396,0.12236339923823539,False
1398,1.2725381154419293,98.74539979926396,0.12246232935642028,False
1399,1.2725381154419293,98.74539979926396,0.1228361020387723,False
1400,1.3038818925522597,98.74539979926396,0.12346582414651888,False
1401,1.3324661355215683,98.74539979926396,0.12433190913310133,False
1402,1.3584547364298434,98.74539979926396,0.1254144206976221,False
1403,1.3819829643540342,98.74539979926396,0.12789375615522583,False
1404,1.4031633649036754,98.74539979926396,0.13059790554130404,False
1405,1.4220900521936763,98.74539979926396,0.13348638446642655,False
1406,1.438841894200673,98.74539979926396,0.13643301276215747,False
1407,1.4534849141043304,98.74539979926396,0.13953262883739653,False
1408,1.4660741214574515,98.74539979926396,0.14273661366724769,False
1409,1.4766549183659508,98.74539979926396,0.14600173630844335,False
1410,1.4852641811356104,98.74539979926396,0.14928989677953944,False
1411,1.4919310878474152,98.74539979926396,0.1525677598240315,False
1412,1.4966777416164074,98.74539979926396,0.15580633970942778,False
1413,1.4995196245467155,98.74539979926396,0.1589805769059546,False
1414,1.5183593905083004,98.74539979926396,0.1816239444201819,False
1415,1.534279692145678,98.74539979926396,0.1874849428511703,False
1416,1.547393175014927,98.22647420834733,0.15592766697226876,False
1417,1.557787262784918,98.63605747642569,0.16132463919190926,False
1418,1.557787262784918,98.62612612612612,0.16622222471313902,False
1419,1.557787262784918,98.61628826386536,0.17064649190319742,False
1420,1.547393175014927,98.60654809108418,0.17461866257658926,False
1421,1.534279692145678,98.59690979322882,0.17815640350197293,False
1422,1.5183593905083004,98.58737753474595,0.18127478163135255,False
1423,1.4995196245467155,98.57795545402627,0.18315462070666197,False
1424,1.4776169519137876,98.56864765830757,0.18459659293955988,False
1425,1.4995196245467155,98.55945821854912,0.1856173398226516,False
1426,1.5183593905083004,98.550391164289,0.18623348176857069,False
1427,1.534279692145678,98.54145047849649,0.18715870179533864,False
1428,1.547393175014927,98.53264009243212,0.1878238343172088,False
1429,1.557787262784918,98.5239638805279,0.18824949083604722,False
1430,1.547393175014927,98.51542565530039,0.1884557441542688,False
1431,1.534279692145678,98.50702916230975,0.1884622393645148,False
1432,1.5183593905083004,98.49877807517747,0.18828827582188687,False
1433,1.4995196245467155,98.490675990676,0.18795286399780423,False
1434,1.4995196245467155,98.23081429408319,0.16859972498322243,False
1435,1.4995196245467155,98.39830408668001,0.16435698082016023,False
1436,1.4995196245467155,98.39015151515152,0.16004111016433797,False
1437,1.4995196245467155,98.38210801808232,0.15567202980395856,False
1438,1.4995196245467155,98.3741781231321,0.15127076881429036,False
1439,1.4995196245467155,98.36636636636636,0.14685954783004684,False
1440,1.4995196245467155,98.3586772869901,0.14246184320521463,False
1441,1.4995196245467155,98.35111542192047,0.13810242629786304,False
1442,1.5004659065178618,98.34368530020704,0.1338073646492186,False
1443,1.4995196245467155,98.33639143730886,0.12960396776422412,False
1444,1.4995196245467155,98.32923832923834,0.1255206557994336,False
1445,1.4995196245467155,98.32223044658278,0.12184803451333436,False
1446,1.4995196245467155,98.31537222841571,0.2113066967543223,False
1447,1.4995196245467155,98.30866807610994,0.2121321235370238,False
1448,1.4995196245467155,98.30212234706617,0.212910710299862,False
1449,1.5164273757656148,98.29573934837093,0.21363943871318747,False
1450,1.530333327439556,98.2895233303987,0.21431592501480476,False
1451,1.545378825051491,98.2834784803736,0.25586551167901844,False
1452,1.557787262784918,98.27760891590678,0.38777546981220573,False
1453,1.567632081836135,98.27191867852605,0.4147560813806012,False
1454,1.5749691486891675,98.26641172721479,0.4382178274789363,False
1455,1.5798387881475398,98.261091931978,0.5019314608092903,False
1456,1.582267169313773,98.2559630674532,0.5239105023492255,False
1457,1.582267169313773,98.25102880658436,0.5436378230288215,False
1458,1.5798387881475398,98.24629271437782,0.5613742333112359,False
1459,1.5749691486891673,98.24175824175825,0.5773284161764843,False
1460,1.567632081836135,98.2374287195438,0.6477804185146123,False
1461,1.557787262784918,98.23330735255911,0.7529292849759874,False
1462,1.545378825051491,98.22939721390443,0.8034515361968164,False
1463,1.530333327439556,98.22570123939987,0.8472893288880344,False
1464,1.5125568756434098,98.22222222222223,0.9216319202665495,False
1465,1.4919310878474152,98.21896280775275,1.002713706599031,False
1466,1.4683074126842999,97.5065445026178,0.9897871555572436,False
1467,1.441499001640642,98.08371484630477,1.0052522380727373,False
1468,1.411268792775777,98.0786825251601,1.0076359496937304,False
1469,1.3773114348674147,98.07390963698093,1.0094892806372346,False
1470,1.3392246071829446,98.06939733889904,1.010866189095537,False
1471,1.296460736137167,97.58343674482398,1.0022545667361653,False
1472,1.2482389571842902,96.88845401174169,0.981421775122327,False
1473,1.2041517951932372,97.47899159663865,0.9721281716500686,False
1474,1.150999540671385,97.47625861844674,0.9774695182947258,False
1475,1.1590956761386297,96.99179580674567,0.9486276827379848,False
1476,1.1655498193580116,97.36704900938477,0.938302900554509,False
1477,1.170377295621679,97.35846595356118,0.928383667523603,False
1478,1.170377295621679,97.3502153765827,0.9186574992226632,False
1479,1.170377295621679,97.34230116233512,0.9092063110923133,False
1480,1.2304597034223903,96.60453597497393,0.8808256250225845,False
1481,1.278417365535648,96.14707608057891,0.7939231602620213,False
1482,1.3194892909924263,96.53755868544602,0.7434808546069405,False
1483,1.3548527368476762,96.5308118682752,0.6937508278323602,False
1484,1.3548527368476762,96.05503390714658,0.6105751664112808,False
1485,1.3548527368476762,95.83658600052043,0.4676956971691555,False
1486,1.360034097940745,97.20270621909967,0.46422537744456155,False
1487,1.3634806730596907,96.68314255983351,0.42943942943704444,False
1488,1.3652016755898781,97.081003770641,0.46369425265072733,False
1489,1.3652016755898781,97.07602339181287,0.4611616778552304,False
1490,1.3634806730596907,97.07142857142857,0.45876624798857824,False
1491,1.3634806730596907,97.06722034778095,0.45703150312519825,False
1492,1.3634806730596907,96.33775477191847,0.4380589731253621,False
1493,1.3634806730596907,96.92258064516129,0.4381111053179977,False
1494,1.3634806730596907,96.38437741686002,0.4058497310499406,False
1495,1.3634806730596907,96.79412900733874,0.40456128597299007,False
1496,1.3634806730596907,96.7918220393468,0.40523738800390985,False
1497,1.3634806730596907,96.7899332306112,0.40536676627710766,False
1498,1.3634806730596907,96.78846153846153,0.4172197288502371,False
1499,1.3634806730596907,96.78740560604122,0.4166986528434056,False
1500,1.3634806730596907,96.06480005102367,0.37199007535328676,False
1501,1.3634806730596907,96.63785432820643,0.36973718037744174,False
1502,1.3634806730596907,96.64365777974795,0.3681798633856144,False
1503,1.3237243701143493,96.64984227129338,0.36696974566857415,False
1504,1.278417365535648,96.0962095453973,0.3340163949804013,False
1505,1.278417365535648,96.51922593616487,0.33090425292712433,False
1506,1.278417365535648,96.52081243731193,0.32818081874457766,False
1507,1.278417365535648,96.52282676672921,0.3261777289232936,False
1508,1.278417365535648,95.8019308626596,0.2636243407180542,False
1509,1.278417365535648,96.37141793822106,0.258193172391691,False
1510,1.2734192269994744,96.38070533012167,0.25442977698735875,False
1511,1.2667356005770385,96.39035788955847,0.2512456249962514,False
1512,1.3058755112911309,95.83588862995217,0.18867811240868437,False
1513,1.3392246071829446,96.2573385518591,0.17666018746036688,False
1514,1.3675380544221296,96.26219512195122,0.1651064128353908,False
1515,1.391334586143604,96.26747720364742,0.15247144960939893,False
1516,1.4109839980999699,96.27317900860501,0.16573972325891947,False
1517,1.4267547652077353,96.27929451558347,0.16348982381350352,False
1518,1.438841894200673,96.03298820130027,0.13162935636802617,False
1519,1.447383961374643,96.34673065386923,0.13566746411069233,False
1520,1.4524737111892643,96.34234234234235,0.14021681881185138,False
1521,1.4541644890966259,96.33838383838383,0.1451342164359918,False
1522,1.4524737111892643,96.3348579682234,0.1502826778666162,False
1523,1.447383961374643,96.331767256957,0.17345942299585673,False
1524,1.438841894200673,96.32911392405063,0.18697377806843918,False
1525,1.4267547652077353,96.32689987937273,0.1988418902680944,False
1526,1.41098399809997,96.32512671976828,0.20959768460712191,False
1527,1.3913345861436042,96.32379572618616,0.21941341917917515,False
1528,1.3675380544221296,96.3229078613694,0.22198675267279255,False
1529,1.3392246071829446,96.32246376811594,0.24219212926969627,False
1530,1.305875511291131,96.32246376811594,0.25958779969159834,False
1531,1.2667356005770385,96.3229078613694,0.274743767377423,False
1532,1.2206340886225493,96.32379572618616,0.2792344938266898,False
1533,1.1655498193580116,96.32512671976828,0.3021906946642004,False
1534,1.170377295621679,96.32689987937273,0.3222654205984336,False
1535,1.173589412323443,96.32911392405063,0.34009059125639834,False
1536,1.173589412323443,95.88001445608963,0.34389496594605745,False
1537,1.173589412323443,96.49735194992778,0.3551853783659322,False
1538,1.173589412323443,96.49735194992778,0.3651915595000543,False
1539,1.1011317995692318,96.49735194992778,0.37474262831735033,False
1540,0.995148095654003,96.49735194992778,0.3833668033588465,False
1541,0.9904799742690308,96.49735194992778,0.3911477080226091,False
1542,0.9842399889605549,96.49735194992778,0.3981562805809144,False
1543,0.976414308115487,95.93163216177179,0.3968809807867713,False
1544,0.9669852958320848,96.63577274915744,0.3922321744505269,False
1545,0.9669852958320848,96.63900913900913,0.38854384007494724,False
1546,0.9669852958320848,96.64264264264264,0.3847471786304693,False
1547,0.9669852958320848,96.64667066586682,0.38054809363634745,False
1548,0.9669852958320848,96.21375509225976,0.38020958723342657,False
1549,0.9669852958320848,96.80545585068198,0.37323443831501174,False
1550,0.9669852958320848,96.80545585068198,0.36685067292564694,False
1551,0.9669852958320848,96.80545585068198,0.36068132481450726,False
1552,0.9669852958320848,96.19526202440775,0.36171472459979936,False
1553,0.9669852958320848,96.93108399138549,0.3469296736797335,False
1554,1.0757143856082798,96.93584995818898,0.3315534325499792,False
1555,1.150999540671385,96.94096601073345,0.3163248613737754,False
1556,1.2132336634320215,96.94642857142857,0.30124290123894376,False
1557,1.2667356005770385,96.95223384030419,0.28630550619242356,False
1558,1.3135448704851067,96.95837780149412,0.2980945107284123,False
1559,1.3548527368476762,96.96485623003196,0.36871815642741024,False
1560,1.3914372992027793,96.97166469893743,0.3830440302326558,False
1561,1.4238430936939135,96.97879858657244,0.3954069404798502,False
1562,1.4524690941546656,96.98625308424391,0.4834179257265388,False
1563,1.4776169519137876,96.99402320403141,0.49723514192483903,False
1564,1.4995196245467155,96.47837806164303,0.5136036528102217,False
1565,1.5183593905083004,96.84753310676199,0.5670558008708173,False
1566,1.534279692145678,96.84753310676199,0.5841204674604447,False
1567,1.547393175014927,96.84753310676199,0.5989268260794331,False
1568,1.557787262784918,96.84753310676199,0.6114816986781917,False
1569,1.5655280605848254,96.4373608344076,0.6193309080510957,False
1570,1.570663071721726,97.00574241181296,0.6254676362514128,False
1571,1.5732230293875173,97.00829730045577,0.6303004036577303,False
1572,1.5732230293875173,97.01118620368213,0.6339770223806711,False
1573,1.577636732431408,97.01440520446097,0.6406220061356473,False
1574,1.5798387881475398,97.01795020266358,0.6417779613910962,False
1575,1.57983878814754,97.02181692254415,0.6428571360208016,False
1576,1.577636732431408,97.02600092038656,0.6436178525212641,False
1577,1.5732230293875173,97.03049759229535,0.6737520299346843,False
1578,1.5665782425417163,96.28362973096215,0.6643090713217187,False
1579,1.557672567089349,95.80280570227751,0.6484399075236594,False
1580,1.5464650001141114,96.20869171570847,0.6338418999396643,False
1581,1.532902144485799,96.21737414735892,0.6200863006168275,False
1582,1.5169165540634162,95.48867966823582,0.5476443855896423,False
1583,1.4984244813325356,96.12834939557685,0.5287293644602836,False
1584,1.477322818602089,96.140642303433,0.5189032531600857,False
1585,1.4534849141043307,95.62100154423119,0.45978115205387843,False
1586,1.4400831784759722,96.01779633087993,0.43871604368269174,False
1587,1.4230670603378361,96.028880866426,0.4204176392705486,False
1588,1.402234618245608,96.04030501089325,0.40513273782501663,False
1589,1.3773114348674147,96.05206073752711,0.39594522466866205,False
1590,1.347922583568817,96.06413994169097,0.3900002000313724,False
1591,1.305875511291131,96.07653445125229,0.38628696154509795,False
1592,1.2667356005770385,96.0892360368072,0.38467239676722353,False
1593,1.2206340886225493,95.97976570820022,0.377179618479439,False
1594,1.1655498193580116,96.15262321144674,0.3795467857941936,False
1595,1.0916362019205925,96.15221314085554,0.38201091097131123,False
1596,0.9842399889605549,96.15221088435374,0.3842753376771888,False
1597,0.976414308115487,95.45599489795919,0.3325025374576015,False
1598,0.9669852958320848,96.03528911564626,0.3324556153021229,False
1599,0.9559312637896478,95.45068027210884,0.2808885308193963,False
1600,0.9559312637896478,96.15221088435374,0.28615641056860325,False
1601,0.9432261548473415,96.15221314085554,0.28722570723581936,False
1602,0.9288391461883214,96.15262321144674,0.30093475159362415,False
1603,0.9127341558073343,96.15343915343915,0.3080454394802746,False
1604,0.8948692308065574,95.7532220578914,0.3101642270192033,False
1605,0.8948692308065574,96.29336707792892,0.3208165973146352,False
1606,0.8948692308065574,96.29336707792892,0.3297394351266789,False
1607,0.875195788740725,96.29336707792892,0.33699986837758744,False
1608,0.8536576732793313,96.29336707792892,0.33191319850284823,False
1609,0.8301899714180443,95.67120109669936,0.33845551459353773,False
1610,0.804717519321077,96.39881893915428,0.34123516045918295,False
1611,0.7771529943226336,96.40037890748343,0.3430160962115394,False
1612,0.7771529943226336,96.40231092436974,0.34384024236691135,False
1613,0.7771529943226336,96.40461215932915,0.3449877517175041,False
1614,0.7473944462440387,96.4072795732664,0.3396894745716326,False
1615,0.7473944462440387,96.41030992382343,0.33686206969569066,False
1616,0.7473944462440387,96.41369977097648,0.3340862679003835,False
1617,0.7473944462440387,96.41744548286604,0.3308345450335682,False
1618,0.7473944462440387,96.42154324184361,0.3271776886060346,False
1619,0.7473944462440387,96.4259890507179,0.3305720819587585,False
1620,0.7771529943226336,96.43077873918418,0.4050811054693237,False
1621,0.804717519321077,96.04046836483155,0.4126880229655942,False
1622,0.8301899714180443,96.57962109575013,0.4110025350233366,False
1623,0.8536576732793313,96.48632157022271,0.4135601422555969,False
1624,0.8536576732793313,96.63199353665927,0.4100981674195606,False
1625,0.8536576732793313,96.63747105607571,0.40674568650213216,False
1626,0.8536576732793313,96.64325137982941,0.4126117381899885,False
1627,0.8536576732793313,96.6493298659732,0.41222263585710395,False
1628,0.875195788740725,96.33672248803828,0.42117127207554916,False
1629,0.8948692308065574,96.77163007847422,0.4174100031907112,False
1630,0.9127341558073343,96.77163007847422,0.416070395408083,False
1631,0.9288391461883214,96.77163007847422,0.48976616151575764,False
1632,0.9288391461883214,96.77163007847422,0.5467137458537329,False
1633,0.9288391461883214,96.77163007847422,0.5455136144785849,False
1634,0.9288391461883214,96.62348056625481,0.5477353563527411,False
1635,0.9288391461883214,96.72040302267003,0.5477093620715505,False
1636,0.9288391461883214,96.70742225153468,0.547542747592067,False
1637,0.9288391461883214,96.69459487074691,0.5576669220982899,False
1638,0.9288391461883214,96.6819280827203,0.5563255115812478,False
1639,0.9288391461883214,96.17012490967275,0.5766684311531936,False
1640,0.9288391461883214,95.45266852482709,0.5243906328909108,False
1641,0.9288391461883214,96.12367089914318,0.5187462197331347,False
1642,0.9288391461883214,96.12367089914318,0.5138946875832938,False
1643,0.9288391461883214,96.12367089914318,0.5079781577536018,False
1644,0.9288391461883214,96.12367089914318,0.5059262890461165,False
1645,0.9288391461883214,96.12367089914318,0.504838694367674,False
1646,0.9288391461883214,95.94636732148426,0.4974396058792935,False
1647,0.9127341558073343,96.05483465885308,0.49639839009886433,False
1648,0.8948692308065574,96.03876949009693,0.4960875680508258,False
1649,0.875195788740725,96.02290804963411,0.4965720142247919,False
1650,0.8536576732793313,96.00725952813067,0.49721040042997394,False
1651,0.8301899714180443,95.16387317177325,0.4243775828826818,False
1652,0.8301899714180443,95.20657627842425,0.3487991028023266,False
1653,0.804717519321077,95.99124586313654,0.3527924763095594,False
1654,0.7771529943226336,96.00404384377993,0.3581734225758236,False
1655,0.7473944462440387,96.01718285956724,0.36491570978433846,False
1656,0.7473944462440387,96.0306553911205,0.3727745620691438,False
1657,0.7473944462440387,95.7178973980828,0.36580662152981247,False
1658,0.7473944462440387,96.15828697386375,0.3766032476161587,False
1659,0.7473944462440387,95.43402960008397,0.3476162555979945,False
1660,0.7473944462440387,96.27899653616039,0.3577531096680068,False
1661,0.7153220528038851,96.29359328572173,0.3668301601480291,False
1662,0.7153220528038851,96.3083773428601,0.3733626193906864,False
1663,0.7153220528038851,96.1947858281483,0.38017774006978705,False
1664,0.7153220528038851,96.36911449290164,0.3819274295192405,False
1665,0.7153220528038851,96.38278388278388,0.38259687797284636,False
1666,0.6807937753703206,96.39671599432394,0.3819985347154831,False
1667,0.6436394131461666,96.41090358404846,0.3800754306404976,False
1668,0.6436394131461666,96.42533936651584,0.3763263749798146,False
1669,0.6436394131461666,96.44001602243141,0.3712394862844138,False
1670,0.6436394131461666,96.45492620662147,0.3647305892375188,False
1671,0.6436394131461666,96.47006255585345,0.35436571362304636,False
1672,0.6436394131461666,96.48541769649036,0.3530528502193721,False
1673,0.603652249754401,96.5009842519685,0.35118300024414023,False
1674,0.560576942614533,96.51675485008818,0.34855780254154595,False
1675,0.560576942614533,96.53272213010825,0.345465663956922,False
1676,0.560576942614533,96.54887874963596,0.34192043113790416,False
1677,0.560576942614533,96.56521739130434,0.33829088405933944,False
1678,0.560576942614533,96.58173076923077,0.3343849073887601,False
1679,0.560576942614533,96.59841163525022,0.3302559416673673,False
1680,0.560576942614533,96.6152527849186,0.32595930774477777,False
1681,0.5140912790181235,96.63224706328154,0.3170401578401924,False
1682,0.4637773498877516,96.64938737040528,0.31173929687561536,False
1683,0.40907313904382653,96.66666666666667,0.3074005662234115,False
1684,0.40907313904382653,96.68407797780058,0.30264092707870094,False
1685,0.4637773498877516,96.7016143997031,0.2975025268301415,False
1686,0.5140912790181235,96.71926910299004,0.29202463713893645,False
1687,0.560576942614533,96.73703533731069,0.2862439563584354,False
1688,0.603652249754401,96.75490643541762,0.28078065828733123,False
1689,0.603652249754401,96.77287581699346,0.27491935254003336,False
1690,0.603652249754401,96.79093699223687,0.2699663372155441,False
1691,0.603652249754401,96.60263890135535,0.2709490030756734,False
1692,0.603652249754401,96.92101740294511,0.2590933601250392,False
1693,0.6436394131461666,96.93466223698782,0.24692866303213606,False
1694,0.6807937753703206,96.94837745141149,0.23475260682705731,False
1695,0.7153220528038851,96.96215791541181,0.22152635051388395,False
1696,0.7473944462440387,96.97599861363834,0.26580416616399843,False
1697,0.7771529943226336,96.98989464631262,0.2551320132969095,False
1698,0.7771529943226336,97.00384122919334,0.24446411825397596,False
1699,0.804717519321077,97.01783369339603,0.23351809656603087,False
1700,0.8301899714180443,97.03186748507525,0.2937340194546953,False
1701,0.8536576732793313,96.93517194988648,0.35401763690705085,False
1702,0.8536576732793313,97.00243840914824,0.395293656575043,False
1703,0.8536576732793313,97.00243840914824,0.4305894210571609,False
1704,0.8536576732793313,97.00243840914824,0.4612458065773016,False
1705,0.875195788740725,97.00243840914824,0.5759041533328394,False
1706,0.8948692308065574,97.00243840914824,0.5976335951450688,False
1707,0.9127341558073343,97.00243840914824,0.6157616218736438,False
1708,0.9288391461883214,97.00243840914824,0.6308056382510541,False
1709,0.9432261548473415,97.00243840914824,0.6431848527666151,False
1710,0.9559312637896478,97.00243840914824,0.6532502010522666,False
1711,0.9669852958320848,97.00243840914824,0.6613039849063715,False
1712,0.976414308115487,97.00243840914824,0.6677309297781534,False
1713,0.9842399889605549,97.00243840914824,0.6752346092326618,False
1714,0.9904799742690308,97.00243840914824,0.677601737115928,False
1715,0.995148095654003,96.93096779618263,0.6797503997663865,False
1716,0.9982545693874831,96.19476780573288,0.6610361429017627,False
1717,0.9982545693874831,96.96341159877208,0.6623285548613089,False
1718,0.9982545693874831,96.9810698230709,0.6632379360369678,False
1719,0.9982545693874831,96.8933322316781,0.6639108807968321,False
1720,0.9982545693874831,96.07802874743327,0.6374855501961352,False
1721,0.9982545693874831,96.00608752879236,0.6053100296413749,False
1722,0.9982545693874831,96.06607348821882,0.5772572755351886,False
1723,0.9982545693874831,96.06468113191981,0.5496732742712335,False
1724,0.9982545693874831,96.06361007847997,0.5620224954899935,False
1725,0.9982545693874831,95.2504105090312,0.4426621627335523,False
1726,0.9982545693874831,96.01011749347259,0.4115244037516022,False
1727,0.9982545693874831,96.03097381010298,0.38271498092344625,False
1728,0.9982545693874831,96.05188945290467,0.35604649975351804,False
1729,0.9982545693874831,96.0728582866293,0.3317398793041458,False
1730,0.9982545693874831,96.09387430389818,0.3100595943754078,False
1731,0.9982545693874831,96.11493162595842,0.2943913256679947,False
1732,0.9982545693874831,96.13602450325925,0.2798625896172682,False
1733,0.9982545693874831,96.07521847690387,0.2622998748163189,False
1734,0.9982545693874831,96.23643410852713,0.25789820430535865,False
1735,0.9982545693874831,96.23643410852713,0.2552285794757487,False
1736,0.9982545693874831,96.23643410852713,0.2553275145137262,False
1737,0.9982545693874831,96.23643410852713,0.25715862331687794,False
1738,0.9982545693874831,96.23643410852713,0.2605388907076953,False
1739,0.9982545693874831,96.23643410852713,0.34829151404611775,False
1740,0.9982545693874831,96.12666432392331,0.35155102106524483,False
1741,0.9982545693874831,96.16897419760856,0.35608460863266067,False
1742,0.9982545693874831,96.14881730654939,0.37114550208170627,False
1743,0.9982545693874831,96.1286717752235,0.37957582847575994,False
1744,0.9982545693874831,95.30252234993614,0.3286548933138194,False
1745,0.995148095654003,96.02889527458493,0.5285572191178983,False
1746,0.9904799742690308,96.02889527458493,0.5317346924033791,False
1747,0.9842399889605549,96.02889527458493,0.5338153278133022,False
1748,0.976414308115487,96.02889527458493,0.5352520524871269,False
1749,0.9669852958320848,96.02889527458493,0.5361659995511883,False
1750,0.9559312637896478,96.02889527458493,0.5414676819940625,False
1751,0.9432261548473415,95.8581070223365,0.5403053528482674,False
1752,0.9288391461883214,95.91993530125353,0.5621661504394296,False
1753,0.9127341558073343,95.8974358974359,0.5825820253068311,False
1754,1.006634797484697,95.8749795182697,0.5962188052593668,False
1755,1.066503202885787,95.85257255936675,0.6167706015351359,False
1756,1.1126817966979572,95.83022155837689,0.6340135588255279,False
1757,1.1494318918359776,95.80793319415449,0.6487052751653813,False
1758,1.1787269834988532,95.78571428571429,0.6611496778327578,False
1759,1.201446120023029,94.98319327731092,0.6192533899144774,False
1760,1.1787269834988532,95.68067226890756,0.6330512497572663,False
1761,1.1538530565800795,95.68067226890756,0.6563392806714231,False
1762,1.1267251857192595,95.47184170471841,0.6705109893674219,False
1763,1.1267251857192595,95.55858078788394,0.6855199957095328,False
1764,1.1267251857192595,95.5354849756014,0.6800671747441349,False
1765,1.1267251857192595,94.04160602688125,0.5675387634770771,False
1766,1.1461683299371317,95.53976543104186,0.565281264597274,False
1767,1.1596780472087271,95.56283502084574,0.5883089555413852,False
1768,1.1676444621356104,95.58599695585997,0.6095159640238479,False
1769,1.17027775595384,95.60924369747899,0.6289360351672665,False
1770,1.1676444621356104,95.39872139973082,0.6324575608137032,False
1771,1.1260528027543955,95.60495074513766,0.6334351360252647,False
1772,1.0805333164475432,96.39994911588856,0.629782192545318,False
1773,1.0305279703180825,96.40129010354778,0.619421055873441,False
1774,0.9752462395674341,96.30101499129401,0.6210967580731159,False
1775,0.9134853951751389,96.47288798232195,0.6126537508582364,False
1776,0.843195316078971,96.45210990327827,0.6016786600455315,False
1777,0.7600473303889541,96.43134212567882,0.5904657689930571,False
1778,0.7600473303889541,96.41059027777777,0.5791643422496048,False
1779,0.7600473303889541,95.67744755244755,0.587106492572951,False
1780,0.7600473303889541,96.45277704427427,0.5745598427263192,False
1781,0.7600473303889541,96.63203310733468,0.5492098656943434,False
1782,0.7600473303889541,96.61332505873487,0.5249368795490156,False
1783,0.7600473303889541,96.59466214406855,0.5192237921837146,False
1784,0.7600473303889541,95.84812401707481,0.5233380366620287,False
1785,0.7600473303889541,96.67511082963901,0.49567405299308276,False
1786,0.7600473303889541,95.72622685601294,0.49781564692496877,False
1787,0.7600473303889541,96.66517857142857,0.4799282699197659,False
1788,0.7600473303889541,96.66517857142857,0.4588595980722953,False
1789,0.7600473303889541,96.66517857142857,0.4393040398124932,False
1790,0.7600473303889541,96.46308031099726,0.43537489835618365,False
1791,0.7600473303889541,95.84690553745928,0.43717451888165737,False
1792,0.7600473303889541,96.68017669292773,0.4240053396935487,False
1793,0.7600473303889541,96.56224387578544,0.4204506534258585,False
1794,0.7600473303889541,96.74056539354487,0.40657252409122113,False
1795,0.7600473303889541,96.72409053422524,0.3946945888138126,False
1796,0.7600473303889541,96.7077050767741,0.38905378864611123,False
1797,0.7600473303889541,96.69141531322506,0.38466860530264424,False
1798,0.7600473303889541,96.67522764417464,0.38250953258291986,False
1799,0.7600473303889541,95.91203834226107,0.3748872492296857,False
1800,0.7600473303889541,96.75665453170063,0.37015637368788806,False
1801,0.7600473303889541,96.75864675864676,0.36690387288171883,False
1802,0.7600473303889541,96.76094244298598,0.36398333369857033,False
1803,0.7600473303889541,95.80754079909961,0.33648886808362366,False
1804,0.7600473303889541,96.73978855200038,0.33317111651190734,False
1805,0.7600473303889541,96.73978855200038,0.33023134916841507,False
1806,0.7600473303889541,96.73978855200038,0.3274052440864105,False
1807,0.7600473303889541,95.98993991896046,0.31127310235752026,False
1808,0.7600473303889541,96.8515672302175,0.301446917865041,False
1809,0.7600473303889541,96.8686401480111,0.29085668999944947,False
1810,0.7600473303889541,96.88576546782417,0.2804841963728958,False
1811,0.7600473303889541,96.79346834519248,0.2760033655417133,False
1812,0.7600473303889541,96.96091308483174,0.2594445308309303,False
1813,0.7600473303889541,96.96091308483174,0.24265282908972785,False
1814,0.7600473303889541,96.96091308483174,0.225777548336761,False
1815,0.720523936685393,96.96091308483174,0.21106759176674653,False
1816,0.677903479475398,96.96091308483174,0.19636172464331067,False
1817,0.6318640827062832,96.96091308483174,0.2744499631286398,False
1818,0.5819881552488824,96.96091308483174,0.2689182444506503,False
1819,0.5277139815252946,96.96091308483174,0.2723504772549206,False
1820,0.40907313904382653,96.96091308483174,0.27050941674534196,False
1821,0.4637773498877516,96.96091308483174,0.26995839594423815,False
1822,0.5140912790181235,96.96091308483174,0.27169066053560226,False
1823,0.560576942614533,96.96091308483174,0.27409310434870376,False
1824,0.603652249754401,96.96091308483174,0.27725105567668346,False
1825,0.6436394131461666,96.96091308483174,0.2808715033217411,False
1826,0.6807937753703206,96.96091308483174,0.2849140052283286,False
1827,0.6807937753703206,96.96091308483174,0.2893343917183881,False
1828,0.6807937753703206,96.96091308483174,0.294085731346281,False
1829,0.6807937753703206,96.96091308483174,0.29911920855751956,False
1830,0.6807937753703206,96.96091308483174,0.3049586959037328,False
1831,0.6807937753703206,96.70554998633008,0.31057499368267094,False
1832,0.7153220528038851,96.8737107494843,0.3173974391288938,False
1833,0.7473944462440387,96.85972516831136,0.40664801547025475,False
1834,0.7771529943226336,96.84586483603135,0.41440322555475195,False
1835,0.804717519321077,96.83213585891575,0.43526430507060787,False
1836,0.804717519321077,96.81854441368307,0.4442491954371854,False
1837,0.804717519321077,95.97391018722725,0.40442203168781515,False
1838,0.804717519321077,96.7106189291915,0.41169656746758143,False
1839,0.8301899714180443,96.53151876004158,0.41291840779364175,False
1840,0.8301899714180443,96.62621936711872,0.417457080556368,False
1841,0.8536576732793313,96.60757067561093,0.42118233015367346,False
1842,0.875195788740725,96.58899020601149,0.4946655117121912,False
1843,0.8948692308065574,96.57048479549208,0.5532601126107355,False
1844,0.9127341558073343,96.55206142710422,0.5519968585902886,False
1845,0.9127341558073343,96.53372722796652,0.5498412114078762,False
1846,0.9127341558073343,96.51548946716233,0.5469734377560698,False
1847,0.9127341558073343,96.497355553338,0.5435657897784466,False
1848,0.9127341558073343,96.47933303199237,0.5399657281306226,False
1849,0.9127341558073343,96.46142958244869,0.5360662011126256,False
1850,0.9127341558073343,96.44365301450013,0.5320131763913359,False
1851,0.9127341558073343,96.42601126472094,0.5279110842972052,False
1852,0.9127341558073343,96.40851239243572,0.523875839612065,False
1853,0.9127341558073343,95.54799814499923,0.45836317972064305,False
1854,0.9127341558073343,96.27969289431648,0.4519239710209969,False
1855,0.9127341558073343,96.01783677278856,0.4327631813066102,False
1856,0.9127341558073343,96.18093598372202,0.42480395723078285,False
1857,0.9127341558073343,96.16272965879266,0.41565553945854017,False
1858,0.9127341558073343,96.14470557169263,0.410112148447896,False
1859,0.9127341558073343,96.12687280841568,0.47250510567385795,False
1860,0.9288391461883214,96.109240553685,0.5270897164513768,False
1861,0.9432261548473415,96.09181808407698,0.5637051295622489,False
1862,0.9559312637896478,95.23707128265778,0.5585396781393686,False
1863,0.9669852958320848,95.23169551661111,0.555292388828895,False
1864,0.9669852958320848,96.09719385012365,0.5572897691939518,False
1865,0.9669852958320848,96.11458500347389,0.6141297443003718,False
1866,0.9669852958320848,96.13218574009139,0.6638830810774928,False
1867,0.9669852958320848,96.14998679693689,0.708368987167792,False
1868,0.9669852958320848,96.16797900262468,0.7482450840636485,False
1869,0.9669852958320848,96.18615328429071,0.7842692731101375,False
1870,0.9669852958320848,96.20450067406409,0.801331742837476,False
1871,1.0757143856082798,96.22301231514402,0.8263029526251215,False
1872,1.150999540671385,96.24167946748592,0.8482680235581147,False
1873,1.2132336634320215,96.260493513101,0.8661950681743259,False
1874,1.2667356005770385,96.27944596097463,0.8662129655064648,False
1875,1.3135448704851065,96.29852845160967,0.8765047285103026,False
1876,1.3548527368476762,96.31773276120148,0.88293633715336,False
1877,1.3914372992027793,96.19826517967782,0.89310973769459,False
1878,1.4238430936939133,96.38109305760709,0.9001863127071877,False
1879,1.4238430936939133,97.25258493353029,0.8725632412960264,False
1880,1.4238430936939133,97.27099329975057,0.8432889726287931,False
1881,1.4238430936939133,97.1534052268532,0.8209718654738565,False
1882,1.4479062086941699,97.3561055627925,0.7850935681607435,False
1883,1.4683074126842999,97.3561055627925,0.7488530945959233,False
1884,1.4852641811356104,96.61311333043855,0.7487817306732801,False
1885,1.4766549183659508,97.4863704346987,0.7042100742640766,False
1886,1.4660741214574513,97.50359367513177,0.6586660062187201,False
1887,1.4534849141043307,97.52081846300261,0.6115495887475022,False
1888,1.438841894200673,97.5380398828088,0.5626022904457364,False
1889,1.4220900521936763,97.55525315564732,0.5115849536919851,False
1890,1.4220900521936763,97.28678537956888,0.48486176671108183,False
1891,1.4220900521936763,97.49192831407046,0.441376004435142,False
1892,1.4220900521936763,97.49579517847131,0.39775689926259117,False
1893,1.4220900521936763,97.4998833900835,0.3569828977589623,False
1894,1.4220900521936763,96.67963323145318,0.3564693413523824,False
1895,1.4220900521936763,97.42080823870167,0.3291081407420952,False
1896,1.4220900521936763,97.35280693747147,0.30947564231198416,False
1897,1.438841894200673,97.49444973041548,0.2786773777116655,False
1898,1.4534849141043307,97.49444973041548,0.24930362332200628,False
1899,1.4660741214574513,97.49444973041548,0.22140342117397707,False
1900,1.4660741214574513,97.49444973041548,0.19504150645168541,False
1901,1.4766549183659508,97.49444973041548,0.17019678130460258,False
1902,1.4766549183659508,97.49444973041548,0.14701665293754435,False
1903,1.4766549183659508,97.49444973041548,0.12562455812074289,False
1904,1.4766549183659508,97.49444973041548,0.10619323684898328,False
1905,1.4766549183659508,97.49444973041548,0.08864328532088636,False
1906,1.4766549183659508,97.49444973041548,0.07348618775699152,False
1907,1.4766549183659508,97.49444973041548,0.061110840810233685,False
1908,1.4766549183659508,97.49444973041548,0.05257482091983428,False
1909,1.4766549183659508,97.49444973041548,0.04734813221343562,False
1910,1.4852641811356104,97.49444973041548,0.042411398387521906,False
1911,1.4919310878474152,97.49444973041548,0.037722069665594736,False
1912,1.4966777416164074,97.49444973041548,0.033753118407524894,False
1913,1.4995196245467155,97.49444973041548,0.16282771273151242,False
1914,1.5004659065178618,97.49444973041548,0.16502931685616648,False
1915,1.4995196245467155,97.49444973041548,0.16805372472389885,False
1916,1.4966777416164074,97.49444973041548,0.1714295135689469,False
1917,1.4919310878474152,97.49444973041548,0.17513604320224754,False
1918,1.4852641811356104,97.49444973041548,0.175272398154857,False
1919,1.4766549183659508,97.49444973041548,0.18466637928293764,False
1920,1.4660741214574513,97.49444973041548,0.20392295566909233,False
1921,1.4660741214574513,97.49444973041548,0.22044665962338195,False
1922,1.4660741214574513,97.49444973041548,0.2347961514090808,False
1923,1.4766549183659508,97.49444973041548,0.24738331984893336,False
1924,1.4852641811356104,97.49444973041548,0.2584974883833448,False
1925,1.4852641811356104,97.49444973041548,0.27397010199453775,False
1926,1.4852641811356104,97.49444973041548,0.29079772884035093,False
1927,1.4852641811356104,97.49444973041548,0.3063798162679206,False
1928,1.4852641811356104,97.49444973041548,0.32087581751187993,False
1929,1.4852641811356104,97.49444973041548,0.33440799467252086,False
1930,1.4852641811356104,97.49444973041548,0.33885367234382746,False
1931,1.4852641811356104,97.49444973041548,0.35479427700740196,False
1932,1.4683074126843,97.49444973041548,0.3687941279879705,False
1933,1.4479062086941699,96.7785782248199,0.34587451712270895,False
1934,1.4238430936939133,97.60772053826288,0.3564922220003792,False
1935,1.3958301562928708,97.62097864287645,0.365519359786562,False
1936,1.3634806730596907,97.6343026121242,0.3731216006293044,False
1937,1.3262610770456722,97.64768778401496,0.3794354715980861,False
1938,1.2834031297544843,97.43964562569214,0.386358359745292,False
1939,1.2337244651110395,97.74949352594028,0.3880621946708621,False
1940,1.2337244651110395,97.88406050537728,0.3836659941712354,False
1941,1.2337244651110395,97.88406050537728,0.37913312504848096,False
1942,1.2337244651110395,97.88406050537728,0.3744902887421625,False
1943,1.175193620727556,97.88406050537728,0.369765411843016,False
1944,1.1034990673875957,97.88406050537728,0.3643450670835347,False
1945,0.9982545693874831,97.15397394421615,0.3548516808760914,False
1946,0.9982545693874831,97.98461134913002,0.3428897823956096,False
1947,0.9982545693874831,97.99634909596662,0.3304586838657646,False
1948,0.9982545693874831,98.00812305565157,0.31757007810950477,False
1949,0.9982545693874831,98.01992955931621,0.30410622799572495,False
1950,0.9982545693874831,97.86098539834344,0.2997922909305232,False
1951,0.9982545693874831,98.09879477168562,0.2813284348222584,False
1952,0.9982545693874831,98.09879477168562,0.26322544370653234,False
1953,0.9982545693874831,98.09879477168562,0.24549093183353102,False
1954,0.9982545693874831,98.09879477168562,0.22813311995361835,False
1955,0.9982545693874831,98.09879477168562,0.2111609448325561,False
1956,0.9982545693874831,98.09879477168562,0.19437793673865564,False
1957,0.995148095654003,98.09879477168562,0.17802684795103182,False
1958,0.9904799742690308,98.09879477168562,0.16211929047085777,False
1959,1.0916362019205925,98.09879477168562,0.14666659745943836,False
1960,1.1590956761386297,98.09879477168562,0.13167943751484804,False
1961,1.2132336634320215,98.09879477168562,0.11716023572198099,False
1962,1.2583494426149708,98.09879477168562,0.10312512271161008,False
1963,1.296460736137167,98.09879477168562,0.08957512560552525,False
1964,1.3287344279695676,98.09879477168562,0.07950748411300056,False
1965,1.3559212235520337,98.09879477168562,0.07005578048817265,False
1966,1.378534725137646,98.09879477168562,0.061231593347712734,False
1967,1.4109839980999699,98.09879477168562,0.053051827822011274,False
1968,1.4400831784759722,98.09879477168562,0.04554102787070383,False
1969,1.4660741214574513,98.09879477168562,0.03970799903331631,False
1970,1.489148966540959,98.09879477168562,0.034478994063704686,False
1971,1.4984244813325356,98.09879477168562,0.029348982216896146,False
1972,1.5045643034921028,98.09879477168562,0.02427523307830596,False
1973,1.4900315255825651,98.09879477168562,0.019168989550009608,False
1974,1.473256553252489,98.09879477168562,0.013810466772075276,False
1975,1.473256553252489,98.09879477168562,0.0073484702147404,False
1976,1.4699878894344567,98.09879477168562,0.005689439345136058,False
1977,1.4634190046135478,98.09879477168562,0.004234560851095222,False
1978,1.4534849141043307,98.09879477168562,0.002951798804535492,False
1979,1.4400831784759722,98.09879477168562,0.0017725264149254306,False
1980,1.4230670603378361,98.09879477168562,0.16606344256597938,False
1981,1.402234618245608,98.09879477168562,0.16800426911898836,False
1982,1.3675380544221296,98.09879477168562,0.1702014620010475,False
1983,1.3287344279695676,98.09879477168562,0.17265079261723365,False
1984,1.3287344279695676,98.09879477168562,0.1753447272811611,False
1985,1.3287344279695676,98.09879477168562,0.17615471371032548,False
1986,1.3287344279695676,98.09879477168562,0.1770963715023462,False
1987,1.3287344279695676,98.09879477168562,0.17798182143991237,False
1988,1.3287344279695676,98.09879477168562,0.17881333620333764,False
1989,1.3287344279695676,98.09879477168562,0.17959309639593599,False
1990,1.3287344279695676,98.09879477168562,0.24421040258589213,False
1991,1.3287344279695676,98.09879477168562,0.24432654222788175,False
1992,1.3287344279695676,98.09879477168562,0.24453812470210712,False
1993,1.3287344279695676,98.09879477168562,0.24486871086346823,False
1994,1.3287344279695676,98.09879477168562,0.24533878396252917,False
1995,1.3287344279695676,98.09879477168562,0.2455170911108958,False
1996,1.3287344279695676,98.09879477168562,0.2455709589401489,False
1997,1.3287344279695676,98.09879477168562,0.24639611286485083,False
1998,1.3287344279695676,98.09879477168562,0.41420138949403207,False
1999,1.3287344279695676,98.09879477168562,0.4148820095100855,False
2000,1.3287344279695676,97.35613647937532,0.38482509048683766,False
2001,1.3287344279695676,98.18791376676286,0.45544992943371193,False
2002,1.3287344279695676,98.19892019571452,0.5134281619883413,False
2003,1.3287344279695676,98.20994382493502,0.5627347642620835,False
2004,1.3287344279695676,98.22098158486793,0.5964931560179487,False
2005,1.3287344279695676,98.01266561119907,0.6395994311479312,False
2006,1.3287344279695676,98.16681943171402,0.6771983374987428,False
2007,1.3287344279695676,98.16681943171402,0.7103062469777267,False
2008,1.3287344279695676,98.16681943171402,0.7396169877411071,False
2009,1.3287344279695676,98.16681943171402,0.7656541570231976,False
2010,1.3675380544221296,97.35425637628354,0.7714437286002377,False
2011,1.402234618245608,98.10319289005925,0.791398337896723,False
2012,1.402234618245608,98.11513615177039,0.8092254361996952,False
2013,1.402234618245608,98.12708214837085,0.8251406502356174,False
2014,1.3675380544221296,98.13902793476505,0.8393278077517271,False
2015,1.3287344279695676,98.03064334991176,0.8520752641730083,False
2016,1.2852748466470731,98.0932118341295,0.8632106819861429,False
2017,1.2363772403452271,98.16012939749292,0.8728039962760308,False
2018,1.2363772403452271,96.58309745248685,0.8161167171356418,False
2019,1.2363772403452271,98.12778002426202,0.8173620135367285,False
2020,1.222731822382257,98.2886067812952,0.8260070115500978,False
2021,1.2072640872959293,99.12421661578017,0.797912145658781,False
2022,1.1899285414712581,99.12994891443168,0.769614001601329,False
2023,1.1706718933538656,99.13567520418682,0.7381419406711596,False
2024,1.1494318918359776,99.02717605356439,0.7184596259269902,False
2025,1.1261358508278745,99.197965571205,0.6831011912069398,False
2026,1.100698757874416,99.197965571205,0.6502355482169465,False
2027,1.0730208202534555,99.197965571205,0.6173484790322172,False
2028,1.0429842335712594,99.197965571205,0.5845465464550151,False
2029,1.01044884930661,99.197965571205,0.5509796708140964,False
2030,0.9752462395674341,99.197965571205,0.5361997312993658,False
2031,0.9371713531760616,99.197965571205,0.5080591996406157,False
2032,0.8959704136014895,99.197965571205,0.48083743043639227,False
2033,0.8513226827573213,99.197965571205,0.45455592486983554,False
2034,0.8513226827573213,99.197965571205,0.42923898496887275,False
2035,0.8513226827573213,99.197965571205,0.4048374541688435,False
2036,0.8028116417452926,99.197965571205,0.38208296319265217,False
2037,0.7498765864518437,99.197965571205,0.36066036488869246,False
2038,0.6917244835981394,99.197965571205,0.33973384368045517,False
2039,0.6271502454482835,98.4546165884194,0.3657123904763253,False
2040,0.5541015302865538,99.28794992175274,0.34166855755901887,False
2041,0.46824757305098735,99.29270946681176,0.35031071596680685,False
2042,0.3491843735073079,99.29746004786536,0.3355705996128999,False
2043,0.3491843735073079,99.19484702093398,0.32947849979487326,False
2044,0.3491843735073079,99.34881949733435,0.31390140777062187,False
2045,0.3491843735073079,99.19484702093398,0.31218983022071256,False
2046,0.3491843735073079,99.29746004786536,0.30689741123795805,False
2047,0.3491843735073079,99.29270946681176,0.30361036793352864,False
2048,0.3491843735073079,99.28794992175274,0.30196983691996887,False
2049,0.3491843735073079,99.28318235525798,0.3231426383741466,False
2050,0.3491843735073079,98.52113234477837,0.29662869119122265,False
2051,0.3491843735073079,99.3574393358876,0.2996510266608012,False
2052,0.3491843735073079,99.35790061418201,0.30267206574204575,False
2053,0.3491843735073079,99.35841236949072,0.30568221854327005,False
2054,0.3491843735073079,99.35897435897436,0.30576705913586283,False
2055,0.3491843735073079,99.35958631662689,0.3075891392603814,False
2056,0.3491843735073079,99.36024795358817,0.30915494809773275,False
2057,0.3491843735073079,99.36095895848217,0.3105941772974876,False
2058,0.3491843735073079,99.31018078020932,0.31290833548090663,False
2059,0.3491843735073079,98.57165341937515,0.2806142284944232,False
2060,0.3491843735073079,99.31927284174077,0.28218157158123236,False
2061,0.3491843735073079,98.56378374124499,0.24568702166885908,False
2062,0.3491843735073079,99.4019044621075,0.24275027334368798,False
2063,0.3491843735073079,99.40638912754824,0.23974396645972965,False
2064,0.3491843735073079,99.36046511627907,0.23870659878993458,False
2065,0.3491843735073079,99.44222188028928,0.2325598857338892,False
2066,0.3491843735073079,99.44222188028928,0.22970635813766413,False
2067,0.3491843735073079,99.44222188028928,0.22689882044526447,False
2068,0.3491843735073079,99.44222188028928,0.26907118444752176,False
2069,0.3491843735073079,98.69210647791968,0.28190308236814643,False
2070,0.3491843735073079,99.51531004769964,0.2752525170169276,False
2071,0.2829047929798921,99.51833021139952,0.2699005305963062,False
2072,0.208180945557171,99.52134933900624,0.26334133822577716,False
2073,0.12068101401352381,99.5243667660715,0.2568351172173396,False
2074,-0.0,99.44822373393802,0.25391943164390196,False
2075,-0.0,99.4968029964814,0.24918598772947764,False
2076,-0.0,99.49628844114528,0.24481094497142727,False
2077,-0.0,99.49581106182949,0.3058386552359925,False
2078,-0.0,99.49537107300046,0.30295263203816714,False
2079,-0.0,99.49496867286881,0.3001931322841427,False
2080,-0.0,99.49460404316766,0.29776855538399916,False
2081,-0.0,99.49427734894863,0.296125285824458,False
2082,-0.0,99.49398873839598,0.29534637273889464,False
2083,-0.0,99.4937383426592,0.293771206787207,False
2084,-0.0,99.4935262757045,0.29231797753769134,False
2085,-0.0,99.39430878823664,0.2923128075445082,False
2086,-0.0,99.53513183965859,0.28995537519909276,False
2087,-0.0,99.53181364648093,0.28786753598563847,False
2088,-0.0,98.69521835904521,0.24469485035448632,False
2089,-0.0,98.69905595210683,0.19548334899787081,False
2090,-0.0,99.40094303161474,0.19528465580444107,False
2091,-0.0,99.24248280126768,0.1933788234290102,False
2092,-0.0,99.35842931127773,0.19327690859861685,False
2093,-0.0,99.35842931127773,0.19318768738953748,False
2094,-0.0,99.35842931127773,0.19311266975273345,False
2095,-0.0,99.35842931127773,0.19304274090898943,False
2096,-0.0,99.35842931127773,0.1929872614403724,False
2097,-0.0,98.53381438550703,0.04008164507720404,False
2098,-0.0,99.29486202164964,0.03846182944711854,False
2099,-0.0,99.2997728993187,0.037269416374182324,False
2100,-0.0,99.30466811997294,0.035593674268241796,False
2101,-0.0,99.30954691348809,0.03475455858909851,False
2102,-0.0,99.2439964423362,0.026868380676874047,False
2103,-0.0,99.35972917279953,0.02783690750792392,False
2104,-0.0,99.35972917279953,0.02863069633589759,False
2105,-0.0,99.35972917279953,0.029330825923767165,False
2106,-0.0,99.35972917279953,0.029832846454136468,False
2107,-0.0,99.35972917279953,0.03010248269798823,False
2108,-0.0,99.24029054254373,0.029072284732057717,False
2109,-0.0,99.30954691348809,0.20768204705527787,False
2110,-0.0,99.30466811997294,0.4507657243960018,False
2111,-0.0,99.2997728993187,0.4834606157364975,False
2112,-0.0,99.29486202164964,0.5122254483133551,False
2113,-0.0,99.28993628617486,0.537875776728077,False
2114,-0.0,99.2849965216047,0.6401261715505028,False
2115,-0.0,99.28004358655043,0.6595113350545934,False
2116,-0.0,99.27507836990596,0.6840700773694388,False
2117,-0.0,99.27010179120965,0.6962901162982695,False
2118,-0.0,99.26511480098515,0.7563307415738543,False
2119,-0.0,99.26011838105903,0.7622140495945464,False
2120,-0.0,99.25511354485424,0.7669901240998834,False
2121,-0.0,99.25010133765707,0.7708217124034983,False
2122,-0.0,99.24508283685628,0.7738194010763099,False
2123,-0.0,99.24005915215248,0.7761050138156578,False
2124,-0.0,99.23503142573603,0.777784488762762,False
2125,0.12068101401352381,99.23000083243153,0.7789573626129589,False
2126,0.208180945557171,99.2249685798073,0.779717593335749,False
2127,0.2829047929798921,99.21993590824759,0.7801542006611749,False
2128,0.3491843735073079,99.21490409098625,0.7802538929984659,False
2129,0.40907313904382653,98.36190799524698,0.7527674501443752,False
2130,0.40907313904382653,97.46110446230125,0.6376697050820691,False
2131,0.40907313904382653,98.40723202755058,0.6132579976942257,False
2132,0.40907313904382653,98.40189532629765,0.5894466125249994,False
2133,0.40907313904382653,98.39668994052236,0.5666990433628876,False
2134,0.40907313904382653,97.54645885073221,0.46958940659988213,False
2135,0.40907313904382653,98.32822868810618,0.44506496128479023,False
2136,0.5277139815252946,98.19134550371872,0.4105285016578269,False
2137,0.6131379016405237,98.38384686424314,0.39478254594454343,False
2138,0.6131379016405237,97.61145159936193,0.27132837135999294,False
2139,0.6131379016405237,98.45520947023759,0.2655724861101181,False
2140,0.6131379016405237,98.46602751146311,0.26253187734966305,False
2141,0.6131379016405237,98.47682119205298,0.25189094353069136,False
2142,0.6131379016405237,98.48758836100609,0.2507467453034486,False
2143,0.6131379016405237,98.49832694034114,0.25088877693360756,False
2144,0.6131379016405237,98.50903492423629,0.252057514425905,False
2145,0.6131379016405237,98.51971037811745,0.2527380117752261,False
2146,0.6131379016405237,98.53035143769968,0.25397099441919513,False
2147,0.6131379016405237,98.5409563079851,0.2553921182149392,False
2148,0.6131379016405237,98.55152326222152,0.2570357639684202,False
2149,0.6131379016405237,98.56205064082526,0.2580628463952776,False
2150,0.6131379016405237,98.57253685027153,0.259064810877024,False
2151,0.6131379016405237,98.5829803619561,0.2598641373628307,False
2152,0.6131379016405237,98.53986698264659,0.26047889106396366,False
2153,0.6131379016405237,98.6378813173471,0.259717337249648,False
2154,0.6131379016405237,97.87524662315981,0.21864869519037203,False
2155,0.6131379016405237,98.69479435422674,0.21251252390455946,False
2156,0.6131379016405237,98.70442904489305,0.2044267476399695,False
2157,0.6131379016405237,98.71401869158879,0.19401988719879196,False
2158,0.6131379016405237,98.72356215213358,0.18076231314806968,False
2159,0.6131379016405237,98.73305833824396,0.16382991347106987,False
2160,0.6131379016405237,98.74250621435883,0.14524656082578372,False
2161,0.6131379016405237,98.54294478527608,0.1436266540032798,False
2162,0.6131379016405237,98.7378711607208,0.12847768053301636,False
2163,0.6131379016405237,98.7334336796505,0.11325648153264187,False
2164,0.6131379016405237,98.72903273479642,0.09779992091167003,False
2165,0.6669740736911405,98.72467001301357,0.08610702114880395,False
2166,0.7164037343212466,98.720347227419,0.07501858524434288,False
2167,0.7619882811604882,98.71606611694718,0.06518093957016499,False
2168,0.804144968682279,98.71182844585891,0.055898762612947135,False
2169,0.843195316078971,98.70763600320232,0.18934185686627983,False
2170,0.8793939303559065,98.70349060222478,0.18815305268848154,False
2171,0.9129467467841513,98.69939407973447,0.18728822723242686,False
2172,0.9440231356865454,98.69534829541043,0.18662661932343833,False
2173,0.9727642516015449,98.69135513105981,0.1932388572097678,False
2174,0.9992889743797903,98.68741648982159,0.19392060969077843,False
2175,1.0236982481827188,98.68353429531528,0.194676439275945,False
2176,1.046078320219219,98.67971049073411,0.19547722373289023,False
2177,1.066503202885787,98.67594703788151,0.19629811338390576,False
2178,1.0850365744330075,98.67224591615032,0.1971182534488046,False
2179,1.0850365744330075,98.6686091214439,0.19792048042091906,False
2180,1.0850365744330075,98.66503866503867,0.2597677844366831,False
2181,1.0850365744330075,98.66153657238755,0.25996641332609305,False
2182,1.0850365744330075,98.65810488186384,0.26017224194240657,False
2183,1.0850365744330075,98.65474564344551,0.26037454892137374,False
2184,1.0850365744330075,98.65146091733955,0.2605734266455999,False
2185,1.0850365744330075,98.64825277254656,0.26061035691672746,False
2186,1.066503202885787,98.64512328536564,0.26063800505835816,False
2187,1.046078320219219,98.64207453784002,0.26065933557901816,False
2188,1.0236982481827188,98.63910861614357,0.2606775980653135,False
2189,0.9992889743797903,97.86670086785516,0.18620651507067928,False
2190,0.9727642516015449,98.69789428448647,0.18629451949791648,False
2191,0.9727642516015449,98.69789428448647,0.1863632471480634,False
2192,0.9727642516015449,98.69789428448647,0.1864861447770266,False
2193,0.9727642516015449,98.42286205414698,0.1792868993459336,False
2194,1.041018523939755,98.740868070477,0.1783891424649362,False
2195,1.100698757874416,98.73871539026392,0.1775450654166746,False
2196,1.1538530565800795,98.73665016931493,0.18984239634763314,False
2197,1.1538530565800795,98.73467428770888,0.18886804917618238,False
2198,1.1538530565800795,98.73278961676752,0.18794362340740678,False
2199,1.201681991620676,98.7309980171844,0.1870682967386121,False
2200,1.2449737775841294,97.89821546596167,0.08192356083427822,False
2201,1.2842839696213428,98.66931042079753,0.20586537865244792,False
2202,1.320023576372009,98.66931042079753,0.20607208839737187,False
2203,1.3525074295964727,98.66931042079753,0.22849472985449812,False
2204,1.3819829643540342,98.66931042079753,0.22958457407660837,False
2205,1.408648411160687,98.66931042079753,0.2305045022281532,False
2206,1.4326648482653093,98.66931042079753,0.23126532881478237,False
2207,1.4541644890966259,98.66931042079753,0.23187791665184218,False
2208,1.4541644890966259,98.66931042079753,0.23235325169731758,False
2209,1.4541644890966259,98.66931042079753,0.23270251304846495,False
2210,1.473256553252489,98.66931042079753,0.23293713881894584,False
2211,1.4916094114932357,98.66931042079753,0.23351197291472642,False
2212,1.5076213244090613,98.66931042079753,0.23398381886136926,False
2213,1.5213655983156218,98.66931042079753,0.23435855036277403,False
2214,1.532902144485799,98.66931042079753,0.23464252333992858,False
2215,1.542279235137156,98.66931042079753,0.23484259620123926,False
2216,1.5495348211113549,98.30868679713096,0.22452215783873264,False
2217,1.5495348211113549,98.61648649850972,0.22481602951164817,False
2218,1.5495348211113549,98.61446321623313,0.22503879254699904,False
2219,1.5495348211113549,98.61254546270935,0.2251989599744168,False
2220,1.5495348211113549,98.6107352277853,0.22524607726534449,False
2221,1.5495348211113549,97.78529544429409,0.12244176864707478,False
2222,1.5495348211113549,98.53856562922869,0.12170729721017591,False
2223,1.5495348211113549,98.1514204159304,0.0704320387964091,False
2224,1.5495348211113549,98.47547101119505,0.06592412958190946,False
2225,1.5495348211113549,98.47342200283377,0.06169394054411887,False
2226,1.542279235137156,98.4714954557973,0.05782574858987721,False
2227,1.532902144485799,98.46969347775985,0.054245308540342624,False
2228,1.532902144485799,98.4680181431084,0.05110366047879617,False
2229,1.532902144485799,98.4664714903109,0.04848554453727466,False
2230,1.532902144485799,98.46505551926845,0.17169317926850908,False
2231,1.532902144485799,98.46377218865626,0.1706909003076181,False
2232,1.532902144485799,98.46262341325811,0.17006358563030294,False
2233,1.532902144485799,98.4616110612996,0.1694956365707894,False
2234,1.532902144485799,98.46073695178555,0.16916672445792988,False
2235,1.532902144485799,98.46000285184657,0.16891172181480718,False
2236,1.532902144485799,98.45941047410092,0.16872656137062852,False
2237,1.532902144485799,98.45896147403685,0.1686058275307675,False
2238,1.532902144485799,98.45865744742149,0.16854278704329764,False
2239,1.532902144485799,98.45849992774218,0.16852942734347715,False
2240,1.542279235137156,98.4584903836861,0.16855650060708915,False
2241,1.5495348211113549,98.45863021666425,0.16861357123950985,False
2242,1.554697508762069,98.458920758386,0.168689064305464,False
2243,1.557787262784918,98.45936326849008,0.16877031225689737,False
2244,1.5588158799768146,98.4599589322382,0.1688435972266746,False
2245,1.557787262784918,98.46070885827737,0.16889418609959045,False
2246,1.554697508762069,98.46161407647695,0.1689063555184847,False
2247,1.5495348211113549,98.46267553584627,0.16892028138467283,False
2248,1.542279235137156,98.46389410253877,0.1688992771730687,False
2249,1.542279235137156,98.46527055794841,0.20990375445720394,False
2250,1.5464650001141114,97.69790583692262,0.12989697813374607,False
2251,1.5478570234493585,98.37615723550671,0.13023996336835775,False
2252,1.5464650001141114,98.37615723550671,0.1301453991634267,False
2253,1.542279235137156,98.37615723550671,0.13003863549028855,False
2254,1.542279235137156,98.37615723550671,0.1296946240921755,False
2255,1.5464650001141114,98.37615723550671,0.12933728308376216,False
2256,1.5478570234493585,98.37615723550671,0.12898010093573364,False
2257,1.5464650001141114,98.37615723550671,0.12863812910659997,False
2258,1.542279235137156,98.37615723550671,0.1283279816284198,False
2259,1.5352702332191592,98.37615723550671,0.12806781126912084,False
2260,1.5253874232579383,98.37615723550671,0.1278772548322859,False
2261,1.5125568756434098,98.37615723550671,0.12769375810506373,False
2262,1.4966777416164074,98.37615723550671,0.12753987235492376,False
2263,1.4776169519137876,98.37615723550671,0.12742179835732625,False
2264,1.4552013979602212,98.37615723550671,0.12734623038966028,False
2265,1.4292062682172793,98.37615723550671,0.19967801792475126,False
2266,1.3993371806574677,98.37615723550671,0.20017483399603886,False
2267,1.3652016755898781,98.37615723550671,0.20060995925647374,False
2268,1.3262610770456722,98.37615723550671,0.20098694069700312,False
2269,1.3262610770456722,97.82673414706758,0.15802070628055825,False
2270,1.3262610770456722,98.30441052160509,0.15781895028964754,False
2271,1.2817425764699486,98.30592924763329,0.15767024217793346,False
2272,1.278417365535648,98.3076231840647,0.15756906441483648,False
2273,1.2734192269994746,98.30949284785436,0.15750900004810908,False
2274,1.2667356005770385,98.31153865424119,0.21641121263130295,False
2275,1.2583494426149708,98.31376091538694,0.21710908510160273,False
2276,1.2482389571842902,98.31615983915556,0.27566659961380363,False
2277,1.2363772403452271,98.31873552803785,0.27786007706307814,False
2278,1.2363772403452271,98.32148797822471,0.27975205234066475,False
2279,1.2363772403452271,98.32441707883315,0.2813593282077058,False
2280,1.2363772403452271,98.32752261128796,0.2831264531676365,False
2281,1.2482389571842902,98.33080424886191,0.28469150021304096,False
2282,1.2583494426149708,98.33426155637689,0.28605744054276205,False
2283,1.2667356005770385,98.3378939900679,0.28723425852620077,False
2284,1.2734192269994746,98.34170089761145,0.32513565239025066,False
2285,1.278417365535648,97.641868248897,0.2865454364464985,False
2286,1.2817425764699486,98.24027587605862,0.2862990880885433,False
2287,1.2834031297544843,98.24027587605862,0.28611071480393757,False
2288,1.2834031297544843,98.24027587605862,0.28597999419167386,False
2289,1.2834031297544843,98.24027587605862,0.3059420053227089,False
2290,1.2834031297544843,98.24027587605862,0.3237212991368731,False
2291,1.2834031297544843,98.24027587605862,0.32418657455794486,False
2292,1.2834031297544843,98.24027587605862,0.3511556623045214,False
2293,1.2834031297544843,98.24027587605862,0.35108691773126105,False
2294,1.2834031297544843,97.60479041916167,0.31813885520837826,False
2295,1.2834031297544843,98.16197004315816,0.3431231318942787,False
2296,1.2834031297544843,97.47651688245747,0.299885851512024,False
2297,1.2834031297544843,98.05026656511805,0.2987868682367155,False
2298,1.2834031297544843,98.05026656511805,0.3111340801379542,False
2299,1.2834031297544843,98.05026656511805,0.3111896035317065,False
2300,1.2834031297544843,98.05026656511805,0.31126669914248173,False
2301,1.2834031297544843,98.05026656511805,0.31173025052787257,False
2302,1.2834031297544843,98.05026656511805,0.31258070766911517,False
2303,1.2834031297544843,98.05026656511805,0.313817029546248,False
2304,1.2834031297544843,97.47651688245747,0.2772443261655181,False
2305,1.2834031297544843,98.16704747397817,0.27960003291136204,False
2306,1.2834031297544843,98.16299604181468,0.28210842806966624,False
2307,1.2834031297544843,98.15913585881637,0.28410031566940996,False
2308,1.2834031297544843,98.15546772068511,0.30482309885501835,False
2309,1.2834031297544843,97.62037365196699,0.2848667783325752,False
2310,1.2817425764699486,97.61024758240089,0.264628411394734,False
2311,1.2304597034223903,98.15040032431337,0.2642441724511488,False
2312,1.170377295621679,97.45109962501267,0.22744671382744516,False
2313,1.0971804769523517,98.038917604135,0.22786137697698566,False
2314,0.9904799742690308,98.038917604135,0.2282458010705215,False
2315,0.9842399889605549,97.42576264315394,0.1879971747815557,False
2316,0.976414308115487,98.14533292794162,0.1854621528974572,False
2317,0.9669852958320848,98.1019031316081,0.1843358097043556,False
2318,0.9559312637896478,97.57697121401752,0.15988101301038962,False
2319,0.9432261548473415,98.1062124248497,0.15753485486399504,False
2320,0.9432261548473415,98.10999147741515,0.15453282826325757,False
2321,0.9432261548473415,98.1139646869984,0.150868090530542,False
2322,0.9432261548473415,98.11813117880263,0.14671163189413527,False
2323,0.9432261548473415,98.12248995983936,0.14174567941073055,False
2324,0.9432261548473415,98.12703991965854,0.17864121881046022,False
2325,0.9432261548473415,98.13177983125753,0.17805244768724604,False
2326,0.9432261548473415,98.13670835216715,0.1760364909361486,False
2327,0.9432261548473415,98.14182402571313,0.17462247479202095,False
2328,0.9432261548473415,97.49397348332664,0.13727983573275837,False
2329,0.9432261548473415,98.0313378867015,0.13809468965000288,False
2330,0.9432261548473415,98.0313378867015,0.13873117313576383,False
2331,0.9432261548473415,98.0313378867015,0.13921415662335368,False
2332,0.9432261548473415,98.0313378867015,0.13956533678376845,False
2333,0.9432261548473415,98.0313378867015,0.18628376602047064,False
2334,0.9432261548473415,98.0313378867015,0.18575238511843534,False
2335,0.9432261548473415,98.0313378867015,0.18548336163007556,False
2336,0.9288391461883214,98.0313378867015,0.18515455327839736,False
2337,0.9127341558073343,98.0313378867015,0.18476674953871663,False
2338,0.8948692308065574,98.0313378867015,0.21702107030832965,False
2339,0.875195788740725,98.0313378867015,0.21795358721459065,False
2340,0.8536576732793313,98.0313378867015,0.21908909845616745,False
2341,0.8536576732793313,98.0313378867015,0.25325190357066507,False
2342,0.875195788740725,98.0313378867015,0.2531366049147092,False
2343,0.875195788740725,98.0313378867015,0.25313427872074934,False
2344,0.875195788740725,97.49397348332664,0.22511386339487388,False
2345,0.875195788740725,98.14684612294094,0.22254600177077755,False
2346,0.875195788740725,98.14173070162222,0.22086775686254556,False
2347,0.875195788740725,98.13680192848534,0.25835246857896715,False
2348,0.875195788740725,98.13206126035651,0.2573827410615432,False
2349,0.875195788740725,98.12751004016064,0.2567839015201716,False
2350,0.875195788740725,98.12314949565915,0.2562025363714237,False
2351,0.875195788740725,98.11898073836277,0.29789780401023497,False
2352,0.875195788740725,98.11500476262094,0.2987525322750083,False
2353,0.875195788740725,97.48333082669073,0.31260242225868234,False
2354,0.875195788740725,98.00972577329924,0.3126430293946345,False
2355,0.875195788740725,98.00972577329924,0.3126835860616471,False
2356,0.875195788740725,98.00972577329924,0.3128330261311629,False
2357,0.875195788740725,98.00972577329924,0.31283847927730124,False
2358,0.875195788740725,97.48834411189652,0.29126678206787165,False
2359,0.875195788740725,98.10999147741515,0.29045972877854687,False
2360,0.875195788740725,98.1139646869984,0.2896889800729364,False
2361,0.875195788740725,97.43679775280899,0.2606366731803934,False
2362,0.875195788740725,98.00361155698235,0.26109035010122983,False
2363,0.875195788740725,98.00361155698235,0.2616314061309434,False
2364,0.875195788740725,98.00361155698235,0.2619724619971875,False
2365,0.875195788740725,98.00361155698235,0.26234548024136134,False
2366,0.875195788740725,98.00361155698235,0.26275179557512635,False
2367,0.875195788740725,97.37040196718021,0.22450658148967262,False
2368,0.875195788740725,97.9066265060241,0.22532614828756753,False
2369,0.875195788740725,97.911122269646,0.2524806748048868,False
2370,0.8948692308065574,97.91582965046203,0.25574398104513146,False
2371,0.9127341558073343,97.26295701084773,0.22473884626745785,False
2372,0.9288391461883214,97.79529931699477,0.22605317578835793,False
2373,0.9432261548473415,97.22278023302532,0.16892691140046137,False
2374,0.9559312637896478,97.91080755323424,0.17253630557779465,False
2375,0.9669852958320848,97.92373727290877,0.17592006316947761,False
2376,0.976414308115487,97.93671262771551,0.19331476240388037,False
2377,0.9842399889605549,97.87719472274576,0.2022357809308903,False
2378,0.9904799742690308,97.92183315147307,0.20913310426534343,False
2379,0.995148095654003,97.92183315147307,0.21541488812383727,False
2380,0.9982545693874831,97.92183315147307,0.22113973016868757,False
2381,0.9982545693874831,97.92183315147307,0.22635628127317903,False
2382,0.9982545693874831,97.92183315147307,0.2272744262470658,False
2383,0.9982545693874831,97.92183315147307,0.22930044219692275,False
2384,0.9982545693874831,97.92183315147307,0.23048248222134915,False
2385,0.9982545693874831,97.92183315147307,0.23132960665234173,False
2386,0.9982545693874831,97.92183315147307,0.2684898843174659,False
2387,0.9982545693874831,97.87719472274576,0.29587831597909275,False
2388,0.9982545693874831,97.94663227854379,0.2968042480560773,False
2389,0.995148095654003,97.34977041325614,0.2756299287534993,False
2390,0.9904799742690308,98.02129369224588,0.27405480772396973,False
2391,0.9842399889605549,97.41964463964864,0.25808171254653245,False
2392,0.976414308115487,97.99900199600799,0.25591354160484314,False
2393,0.9669852958320848,97.99461239149954,0.2536946001755009,False
2394,0.9559312637896478,97.99042585020445,0.29398155734837733,False
2395,0.9432261548473415,97.98644338118022,0.29214725111182327,False
2396,0.9288391461883214,97.46961546124726,0.28099816613357775,False
2397,0.9288391461883214,98.07864609258337,0.2748592574401197,False
2398,0.9288391461883214,98.07864609258337,0.2696951117845415,False
2399,0.9288391461883214,98.07864609258337,0.2646667151343878,False
2400,0.9288391461883214,98.07864609258337,0.2599739547738857,False
2401,0.9288391461883214,98.07864609258337,0.25537074201937815,False
2402,0.9127341558073343,97.99599198396794,0.254574429454262,False
2403,0.8948692308065574,98.04356595401372,0.252602844722743,False
2404,0.8948692308065574,98.03613112757536,0.25150933714930934,False
2405,0.9127341558073343,98.02880196098458,0.25061160918805525,False
2406,0.9288391461883214,97.30875293637014,0.2100550915895935,False
2407,0.9432261548473415,97.3445000510673,0.16976113879676785,False
2408,0.9559312637896478,98.02880196098458,0.19843322262045432,False
2409,0.9669852958320848,98.02490558334183,0.19608288213372885,False
2410,0.976414308115487,98.02121583027336,0.26857048681774537,False
2411,0.9842399889605549,97.91784194061233,0.3252879792884113,False
2412,0.9904799742690308,97.96823432343234,0.3720267996516983,False
2413,0.995148095654003,97.95717322548867,0.40721372365606995,False
2414,0.995148095654003,97.21330156428053,0.41980659049834423,False
2415,0.995148095654003,97.82170021213845,0.4560406054453693,False
2416,0.9982545693874831,97.81912144702842,0.4877221260252709,False
2417,0.999806132804711,97.81677419354838,0.5140216384810213,False
2418,0.999806132804711,97.81465828265128,0.536012089498119,False
2419,0.9982545693874831,97.81277340332458,0.5557389615608677,False
2420,0.995148095654003,97.81111910389477,0.5733835048760676,False
2421,0.9904799742690308,97.8096947935368,0.5892824727988338,False
2422,0.9842399889605549,97.80849974398362,0.6033478704582106,False
2423,0.976414308115487,97.80753309142945,0.6118829780399259,False
2424,0.9669852958320848,97.80679383862083,0.6211825223544147,False
2425,0.9559312637896478,97.80628085712831,0.6282749692959123,False
2426,0.9432261548473415,97.80599288979177,0.6293800560865044,False
2427,0.9288391461883214,97.80592855333164,0.6324492771420174,False
2428,0.9127341558073343,97.37640279041553,0.6333412105663767,False
2429,0.8948692308065574,97.8568907266401,0.6339352275492707,False
2430,0.8948692308065574,98.65866572537945,0.6065296985610492,False
2431,0.9127341558073343,98.6680020030045,0.5869508304754469,False
2432,0.9127341558073343,98.67734075878872,0.5582956797594709,False
2433,0.9127341558073343,98.63236891478226,0.5331261890799138,False
2434,0.9127341558073343,98.73032991813324,0.5007526637529508,False
2435,0.9127341558073343,98.73032991813324,0.4683204351060932,False
2436,0.9127341558073343,98.73032991813324,0.43581943500440634,False
2437,0.9127341558073343,98.73032991813324,0.405404664095602,False
2438,0.9288391461883214,98.73032991813324,0.37722090119708573,False
2439,0.9432261548473415,98.73032991813324,0.349808646379249,False
2440,0.9559312637896478,98.73032991813324,0.3655191596414313,False
2441,0.9669852958320848,98.73032991813324,0.33912774648304245,False
2442,0.976414308115487,98.73032991813324,0.31305681954296743,False
2443,0.9842399889605549,98.63236891478226,0.2956747066728002,False
2444,0.9904799742690308,98.67734075878872,0.2752693288766752,False
2445,0.995148095654003,98.6680020030045,0.2583698489981005,False
2446,0.9982545693874831,98.09738955823293,0.25542713266234157,False
2447,0.999806132804711,98.56582125603865,0.2473846087668279,False
2448,0.999806132804711,97.80092592592592,0.220223983027639,False
2449,0.999806132804711,98.42995169082126,0.21862856594734467,False
2450,0.9982545693874831,98.42995169082126,0.21766483887790009,False
2451,0.995148095654003,97.89165741955009,0.19289725053739631,False
2452,0.9904799742690308,98.31665150136487,0.19338176200404122,False
2453,0.9842399889605549,98.31306990881458,0.1938310043189946,False
2454,0.976414308115487,98.30964467005076,0.1940935970519842,False
2455,0.9669852958320848,98.30637778455905,0.1941184081338492,False
2456,0.9559312637896478,98.30327117089575,0.19381889718979536,False
2457,0.9432261548473415,98.30032666394446,0.19262019240731,False
2458,0.9288391461883214,98.29754601226993,0.190808600452185,False
2459,0.9127341558073343,98.29493087557604,0.18700954864701225,False
2460,0.8948692308065574,97.70279971284997,0.0623644347164669,False
2461,0.875195788740725,98.42883548983365,0.06413173204320412,False
2462,0.8536576732793313,98.42883548983365,0.06513119420009626,False
2463,0.8301899714180443,98.42883548983365,0.06609704164006094,False
2464,0.804717519321077,98.42883548983365,0.06697397916319454,False
2465,0.7771529943226336,98.42883548983365,0.06774505384744904,False
2466,0.7771529943226336,98.42883548983365,0.0683482276064147,False
2467,0.7771529943226336,98.42883548983365,0.16738464333231612,False
2468,0.7771529943226336,98.42883548983365,0.1681380212288356,False
2469,0.7771529943226336,98.42883548983365,0.1687259878306735,False
2470,0.7771529943226336,98.42883548983365,0.16912275604135613,False
2471,0.7771529943226336,98.42883548983365,0.1697577602380183,False
2472,0.7771529943226336,98.42883548983365,0.17001901077229237,False
2473,0.804717519321077,98.42883548983365,0.1698929257327564,False
2474,0.8301899714180443,98.42883548983365,0.169448401380074,False
2475,0.8301899714180443,98.42883548983365,0.16864313045996834,False
2476,0.8301899714180443,98.42883548983365,0.16747694724217393,False
2477,0.8536576732793313,98.42883548983365,0.16651665537588667,False
2478,0.875195788740725,98.42883548983365,0.16533018382775322,False
2479,0.8948692308065574,98.42883548983365,0.1910299556200692,False
2480,0.9127341558073343,98.42883548983365,0.1915252545994554,False
2481,0.9127341558073343,98.42883548983365,0.19200772364861166,False
2482,0.9127341558073343,98.42883548983365,0.19278552195540094,False
2483,0.9127341558073343,98.42883548983365,0.19360295855765727,False
2484,0.9127341558073343,98.42883548983365,0.19445750877948673,False
2485,0.9127341558073343,98.42883548983365,0.19534625540903386,False
2486,0.9127341558073343,98.42883548983365,0.19626591263724286,False
2487,0.9288391461883214,97.70792739206236,0.12489294177692205,False
2488,0.9432261548473415,98.29493087557604,0.12546436681061465,False
2489,0.9559312637896478,98.29754601226993,0.12609819840575145,False
2490,0.9669852958320848,98.30032666394446,0.1267904449722434,False
2491,0.9559312637896478,98.30327117089575,0.12693009778218806,False
2492,0.9432261548473415,98.30637778455905,0.1272970508257022,False
2493,0.9432261548473415,98.30964467005076,0.1278702653159863,False
2494,0.9432261548473415,98.31306990881458,0.12862734094180198,False
2495,0.9432261548473415,98.31665150136487,0.17804286164697236,False
2496,0.9432261548473415,98.32038737012005,0.18602502531506293,False
2497,1.0532169913190046,98.32427536231884,0.1937013247251179,False
2498,1.129798482836793,98.32831325301204,0.19970002494689046,False
2499,1.1808467161073357,97.92689033550326,0.180956895124872,False
2500,1.222731822382257,98.44171411447408,0.18415010377797517,False
2501,1.2574580300524587,98.44171411447408,0.19559760159769812,False
2502,1.2861766890619075,98.44171411447408,0.21190975549215924,False
2503,1.3096204968427199,98.44171411447408,0.23172920193795607,False
2504,1.3282820174272938,98.44171411447408,0.2488806868578945,False
2505,1.3425003133763334,98.44171411447408,0.2639235440649719,False
2506,1.3525074295964727,98.44171411447408,0.27723745135068417,False
2507,1.3584547364298434,98.44171411447408,0.2890955611562957,False
2508,1.3604279187829045,98.44171411447408,0.2892036550204148,False
2509,1.3857772327036844,98.44171411447408,0.2946073191722566,False
2510,1.408648411160687,98.44171411447408,0.29877326401026777,False
2511,1.408648411160687,98.44171411447408,0.30250522656049667,False
2512,1.408648411160687,98.44171411447408,0.30262364792215474,False
2513,1.408648411160687,98.44171411447408,0.31422705606643453,False
2514,1.408648411160687,98.44171411447408,0.3135701600878509,False
2515,1.408648411160687,97.79742283488163,0.2880956247624539,False
2516,1.408648411160687,98.57656577764459,0.28277331703774916,False
2517,1.408648411160687,98.58039450089659,0.27739742151358243,False
2518,1.408648411160687,98.58434333399563,0.27299038260568104,False
2519,1.408648411160687,98.58841010401188,0.2687392344044862,False
2520,1.408648411160687,98.20246913580247,0.26568350894625714,False
2521,1.408648411160687,98.69042930287515,0.25647620316568154,False
2522,1.4291529843613586,98.01595116187475,0.24223846763958826,False
2523,1.4473839613746429,98.81350925561244,0.22235432314112918,False
2524,1.4634190046135478,98.81723596387907,0.2018945971654578,False
2525,1.477322818602089,98.82105469132179,0.1806091563995251,False
2526,1.477322818602089,98.82496343247196,0.1583379080035529,False
2527,1.477322818602089,98.82896015549076,0.13418916713650123,False
2528,1.477322818602089,98.36734693877551,0.1326304352517033,False
2529,1.477322818602089,98.73663751214772,0.14701137733554745,False
2530,1.477322818602089,98.73663751214772,0.13787986235097263,False
2531,1.489148966540959,98.73663751214772,0.12850612838798503,False
2532,1.498941259446481,98.6147692908009,0.1272024999108287,False
2533,1.506734817815005,98.1318895717491,0.09304109679587086,False
2534,1.4852641811356104,98.5172178324066,0.09335370097400594,False
2535,1.4608248015713592,98.5172178324066,0.09372685702708393,False
2536,1.4332278865247239,98.5172178324066,0.09416906058338012,False
2537,1.402234618245608,98.5172178324066,0.09469051261280487,False
2538,1.3675380544221296,98.5172178324066,0.09530324186374475,False
2539,1.3287344279695676,98.5172178324066,0.09565662570535202,False
2540,1.2852748466470731,98.5172178324066,0.09602711159980265,False
2541,1.2363772403452271,98.5172178324066,0.09641748141083659,False
2542,1.2363772403452271,98.5172178324066,0.0968310639410522,False
2543,1.2363772403452271,98.5172178324066,0.09718320401784726,False
2544,1.2363772403452271,98.5172178324066,0.09722435463816895,False
2545,1.2363772403452271,98.5172178324066,0.10025506020249482,False
2546,1.2363772403452271,98.5172178324066,0.1839105163363337,False
2547,1.2363772403452271,98.5172178324066,0.2558687895086155,False
2548,1.1808467161073357,98.5172178324066,0.3985420904126893,False
2549,1.1166404295430468,98.1660325821871,0.4096813688403908,False
2550,1.0394364783172854,98.61964686372062,0.42868266347314554,False
2551,0.9288391461883214,98.61484998286917,0.44655891958622157,False
2552,0.9288391461883214,98.61015617326392,0.4632864201771972,False
2553,0.9288391461883214,98.60556787386055,0.4790581248160035,False
2554,0.9288391461883214,98.60108749382105,0.49382209328221466,False
2555,0.9288391461883214,98.59671740962959,0.5076410728816528,False
2556,0.9288391461883214,98.59245996220034,0.5205670062352573,False
2557,0.9288391461883214,98.58831745398314,0.532643411082865,False
2558,0.9127341558073343,98.58429214607304,0.5439071573538198,False
2559,0.8948692308065574,98.58038625532983,0.5544528399240465,False
2560,0.875195788740725,98.57660195151394,0.564754589700765,False
2561,0.8536576732793313,98.57294135444506,0.5741770351369035,False
2562,0.8301899714180443,98.56940653118997,0.5827682550402545,False
2563,0.8301899714180443,98.56599949328604,0.590586175630758,False
2564,0.8301899714180443,98.56272219400711,0.6185407641358324,False
2565,0.8301899714180443,98.4301493147883,0.6210720037743341,False
2566,0.9186594970880806,97.84769908783437,0.6045845987010462,False
2567,0.9727642516015449,97.719651240778,0.6039682953979515,False
2568,0.9440231356865454,97.12267580762439,0.525455835307148,False
2569,0.9129467467841513,97.86688973702097,0.5134759516393523,False
2570,0.8793939303559065,97.85189075630252,0.5010110922463665,False
2571,0.9134853951751389,97.83698232656292,0.4880861424022643,False
2572,0.9752462395674341,97.82217041119118,0.4747293401299336,False
2573,1.0305279703180825,97.80746101857272,0.5232877234595784,False
2574,1.0805333164475432,97.79286019666525,0.5618797414544989,False
2575,1.1260528027543955,97.77837402736786,0.5735865010504237,False
2576,1.1676444621356104,97.76400862068965,0.5823762756538854,False
2577,1.2057219651274376,97.74977010872504,0.5732872198672686,False
2578,1.2406030082663506,97.73566463944397,0.5645322357371009,False
2579,1.2725381154419293,97.72169837030577,0.5565255654525118,False
2580,1.301728854068539,97.70787746170679,0.5482857719404518,False
2581,1.3283399146847867,97.69420807027176,0.5404934443914949,False
2582,1.3525074295964727,97.68069634200089,0.5331640420363205,False
2583,1.3425003133763334,97.6673484052844,0.5263109830778672,False
2584,1.3282820174272938,97.24378881987577,0.4949842459634272,False
2585,1.3096204968427199,97.74687065368568,0.4928747641629315,False
2586,1.2861766890619075,97.7219299227583,0.49069467035777276,False
2587,1.3022504881911108,97.17637812956102,0.45952285255930175,False
2588,1.3164218868227548,97.6075208286422,0.4556486685358526,False
2589,1.3287344279695676,97.5953939941296,0.48296240879454855,False
2590,1.3392246071829446,97.58347481607244,0.48241481289017835,False
2591,1.347922583568817,97.57176897764666,0.4978517641958984,False
2592,1.3135448704851065,97.56028207461328,0.49550617123496526,False
2593,1.2734192269994746,96.62529314190928,0.42689692511853206,False
2594,1.2263714330738393,96.62529314190928,0.3549197866869745,False
2595,1.2304597034223903,96.88427299703264,0.31427390390825083,False
2596,1.2329087607099036,96.88427299703264,0.2743258678436975,False
2597,1.2337244651110395,97.32311388205686,0.30809210815185467,False
2598,1.2329087607099036,97.31139646869984,0.3047966605045616,False
2599,1.2304597034223903,97.29993680703166,0.32700663616018255,False
2600,1.2263714330738393,97.28874050195718,0.3231932283037772,False
2601,1.2206340886225493,97.27781302266567,0.3253914692703184,False
2602,1.2132336634320215,97.26715969493875,0.38935420471045906,False
2603,1.2041517951932372,97.25678569361654,0.39186311008358565,False
2604,1.193365482413587,97.2466960352423,0.413046013045583,False
2605,1.180846716107336,97.23689557090614,0.42148661677508986,False
2606,1.1665620111568704,97.22738897930714,0.4309586186828747,False
2607,1.1665620111568704,97.21818076005354,0.4822287788985482,False
2608,1.1665620111568704,97.20927522721976,0.4864363329983288,False
2609,1.1665620111568704,96.57666064034525,0.46117968333954257,False
2610,1.1665620111568704,97.063305978898,0.46481716626611047,False
2611,1.1665620111568704,96.68628605061801,0.5065195925169227,False
2612,1.1665620111568704,97.31710199739983,0.5143605499751741,False
2613,1.1665620111568704,97.28606211770295,0.5211649454702386,False
2614,1.1665620111568704,97.25504236782432,0.5270183450265395,False
2615,1.1665620111568704,97.22405419989208,0.5319972157346706,False
2616,1.1665620111568704,97.19310926394411,0.5361569042256299,False
2617,1.1665620111568704,96.53294608821928,0.5188583689593587,False
2618,1.1665620111568704,97.246870061991,0.5215560352864197,False
2619,1.1665620111568704,96.58441716299988,0.5077306057495063,False
2620,1.1665620111568704,97.14962926947855,0.5100576581348555,False
2621,1.1665620111568704,96.8403074295474,0.508303765851345,False
2622,1.1665620111568704,96.11141585908453,0.46077703929819636,False
2623,1.1665620111568704,96.76044330775788,0.45790272736659493,False
2624,1.1166404295430468,96.4316265428327,0.4378307860889884,False
2625,1.0532169913190046,96.62211868563021,0.42843675577565166,False
2626,0.9559312637896478,96.5928659286593,0.4174919494988104,False
2627,0.9669852958320848,96.03948180135718,0.35534774545957387,False
2628,0.976414308115487,96.6526419997525,0.3480172105765724,False
2629,0.976414308115487,96.61385523454489,0.33953924745462405,False
2630,0.976414308115487,96.5751715533375,0.3299879901634486,False
2631,0.976414308115487,95.82657517155334,0.22409276834393052,False
2632,0.9842399889605549,96.45664379288833,0.24809692931129057,False
2633,0.9904799742690308,96.45664379288833,0.23573438177648995,False
2634,0.995148095654003,96.45664379288833,0.22543644855957626,False
2635,0.9982545693874831,96.45664379288833,0.2169185317140813,False
2636,0.999806132804711,96.45664379288833,0.2104916977889401,False
2637,0.999806132804711,96.45664379288833,0.22387413243612728,False
2638,0.9982545693874831,96.45664379288833,0.21744076005921537,False
2639,0.995148095654003,96.45664379288833,0.26367459608423466,False
2640,0.9904799742690308,96.45664379288833,0.4247191911922912,False
2641,0.9842399889605549,96.45664379288833,0.4449770835382766,False
2642,0.976414308115487,96.45664379288833,0.4667586447710107,False
2643,0.9669852958320848,96.45664379288833,0.48877375197683676,False
2644,0.9559312637896478,96.45664379288833,0.5108108814823612,False
2645,0.9432261548473415,96.45664379288833,0.5326974042423511,False
2646,0.9288391461883214,96.45664379288833,0.6107064211437668,False
2647,0.9127341558073343,96.45664379288833,0.6229015797946919,False
2648,0.9127341558073343,96.45664379288833,0.634867850886768,False
2649,0.9127341558073343,96.45664379288833,0.6466336219017554,False
2650,0.9127341558073343,96.45664379288833,0.6876886796256778,False
2651,0.9127341558073343,96.45664379288833,0.6941734352941984,False
2652,1.006634797484697,95.8203368683718,0.6866837508656007,False
2653,1.006634797484697,96.58764815970056,0.6926257883946416,False
2654,1.006634797484697,96.59813084112149,0.6984042355938843,False
2655,1.006634797484697,96.60900945744152,0.7040978193038695,False
2656,1.006634797484697,96.62027833001989,0.7427368787503249,False
2657,1.006634797484697,95.99900596421472,0.7394838508496682,False
2658,1.006634797484697,96.5022365805169,0.7419090492051892,False
2659,1.006634797484697,95.7263366827937,0.727134708972976,False
2660,1.006634797484697,94.89491356796418,0.6463602906369748,False
2661,1.006634797484697,95.71802543006731,0.6323682948817088,False
2662,1.006634797484697,95.6818324050316,0.6159434761661343,False
2663,1.006634797484697,95.64589092736868,0.5983892256539475,False
2664,1.006634797484697,95.61021759697256,0.5794199681023946,False
2665,1.006634797484697,95.5748290706508,0.5590835531748904,False
2666,1.006634797484697,94.8916703729589,0.47234482014747753,False
2667,1.006634797484697,95.62611578678909,0.48158212700225295,False
2668,1.0239228180015463,95.59856905583237,0.4655306271593676,False
2669,1.0394364783172854,95.57148342506079,0.4492546362641961,False
2670,1.0532169913190046,95.0448717948718,0.3872312267845244,False
2671,1.0652996405533381,95.62146892655367,0.3784816126937784,False
2672,1.0757143856082798,95.58833000579635,0.3692573368831489,False
2673,1.0844863484244938,95.55555555555556,0.359570685231691,False
2674,1.0916362019205925,95.52316164561063,0.35074186791477574,False
2675,1.0971804769523517,95.49116424116424,0.3373112067759271,False
2676,1.101131799569232,94.82118428766856,0.23714936633097528,False
2677,1.1034990673875957,95.53291536050156,0.22699147236262257,False
2678,1.1042875713905729,95.53291536050156,0.27246233029398886,False
2679,1.1034990673875957,95.53291536050156,0.2675807402175246,False
2680,1.1011317995692318,95.53291536050156,0.26383739317794086,False
2681,1.0971804769523517,95.53291536050156,0.30579358975845,False
2682,1.0916362019205925,95.53291536050156,0.30413396362815465,False
2683,1.0844863484244938,95.53291536050156,0.3031411010064438,False
2684,1.0757143856082798,95.53291536050156,0.30349145942697286,False
2685,1.1412418450836315,95.53291536050156,0.30601591446048343,False
2686,1.129798482836793,95.53291536050156,0.3124500355100949,False
2687,1.180846716107336,94.84072698846981,0.2753072516564125,False
2688,1.222731822382257,95.49766112266113,0.27642929898441804,False
2689,1.2574580300524587,95.52964042759962,0.27658609010161483,False
2690,1.2861766890619075,95.21317829457364,0.30152048246104357,False
2691,1.30962049684272,95.67849552392606,0.299543252809196,False
2692,1.3282820174272938,95.67849552392606,0.2975056462464672,False
2693,1.3425003133763334,95.67849552392606,0.29844522723332695,False
2694,1.3525074295964727,95.21317829457364,0.31019898607776075,False
2695,1.3584547364298434,95.52316164561063,0.31293064631358314,False
2696,1.3604279187829045,95.49116424116424,0.3158874478657951,False
2697,1.3584547364298434,95.45957918050941,0.31891857364749415,False
2698,1.3525074295964727,94.73649925086313,0.2917927081148036,False
2699,1.3425003133763334,95.34883720930233,0.2915465741154656,False
2700,1.3282820174272938,95.34883720930233,0.2913869386006229,False
2701,1.30962049684272,94.72347078366231,0.2438605847707454,False
2702,1.2861766890619075,95.46609341410984,0.24390289984423416,False
2703,1.2574580300524587,95.49766112266113,0.24346871729353536,False
2704,1.222731822382257,95.52964042759962,0.24235578534071953,False
2705,1.180846716107336,95.21317829457364,0.23902585289577716,False
2706,1.129798482836793,95.67849552392606,0.23087436920063265,False
2707,1.0532169913190044,95.21317829457364,0.22658996097150896,False
2708,0.9432261548473415,95.52316164561063,0.2257555165268484,False
2709,0.9432261548473415,95.49116424116424,0.22530401222736696,False
2710,0.9432261548473415,94.82118428766856,0.18310379364908771,False
2711,0.9432261548473415,95.53291536050156,0.18044730869931305,False
2712,0.9432261548473415,95.53291536050156,0.2055356827544034,False
2713,0.9432261548473415,95.14759665621735,0.19924290281750506,False
2714,1.0532169913190044,94.91889779167481,0.17272721809076064,False
2715,1.129798482836793,95.55077845091525,0.16891427301906645,False
2716,1.129798482836793,95.55077845091525,0.16604235371053555,False
2717,1.129798482836793,95.55077845091525,0.16355205110511614,False
2718,1.129798482836793,94.93150684931507,0.1351377790594064,False
2719,1.129798482836793,95.42812357128862,0.14037316508187347,False
2720,1.129798482836793,95.42304171570551,0.14617204598328648,False
2721,1.129798482836793,95.41854833431508,0.22850255699411656,False
2722,1.129798482836793,95.41464692781344,0.2863196678401267,False
2723,1.129798482836793,95.41134054408391,0.2874130645124828,False
2724,1.129798482836793,95.40863177226814,0.28794270659475774,False
2725,1.129798482836793,95.40652273771245,0.39796906690070477,False
2726,1.129798482836793,95.40501509780754,0.3978719632430745,False
2727,1.129798482836793,95.40411003873679,0.42310278976826626,False
2728,1.129798482836793,95.4038082731451,0.4235639090835808,False
2729,1.129798482836793,95.40411003873679,0.4394687652183293,False
2730,1.1412418450836315,95.40501509780754,0.45192924721356675,False
2731,1.150999540671385,95.40652273771245,0.45320344502895316,False
2732,1.1590956761386297,94.91915341133166,0.4426019369003505,False
2733,1.1655498193580116,95.28668290435127,0.44369025241738197,False
2734,1.170377295621679,95.26038233355307,0.4446082069513507,False
2735,1.173589412323443,95.23463797769124,0.44535948058542235,False
2736,1.175193620727556,95.2094621382318,0.44578721002763144,False
2737,1.175193620727556,95.18486672398969,0.4461288878528106,False
2738,1.173589412323443,95.16086323315238,0.4461287588483109,False
2739,1.173589412323443,95.1374627360053,0.4459906719854113,False
2740,1.173589412323443,95.11467585841177,0.4512041966503112,False
2741,1.170377295621679,94.531353572849,0.4156468543524475,False
2742,1.2263714330738393,94.51146758584117,0.3780395897240789,False
2743,1.2734192269994746,95.12130452074771,0.3769342258111474,False
2744,1.2667356005770385,95.14408744617423,0.3761827932094428,False
2745,1.2583494426149708,94.02777777777777,0.29360239037710684,False
2746,1.2583494426149708,95.15415593846966,0.29383785330726536,False
2747,1.2482389571842902,94.5467749389318,0.25610307645252517,False
2748,1.2482389571842902,95.27299135142272,0.2551095394664974,False
2749,1.2482389571842902,94.64580444972601,0.22652329833301876,False
2750,1.2482389571842902,94.67221231927114,0.20032660841775596,False
2751,1.296460736137167,95.279593318809,0.23668968284619335,False
2752,1.3392246071829446,95.27491408934708,0.23684119576180043,False
2753,1.3773114348674147,95.27085124677558,0.3004551921232051,False
2754,1.411268792775777,95.26740799576383,0.3035514544554315,False
2755,1.4414990016406422,95.26458705874562,0.3056487537077693,False
2756,1.4683074126842999,95.26239067055394,0.35282908981096406,False
2757,1.4919310878474152,95.26082057400411,0.35907223179205733,False
2758,1.5125568756434098,95.25987801644126,0.3651648633074191,False
2759,1.530333327439556,95.25956374726513,0.3700122434704429,False
2760,1.545378825051491,94.71587891662242,0.4303058802743042,False
2761,1.557787262784918,95.115305376487,0.4400278237359722,False
2762,1.567632081836135,95.0904736562001,0.4479236805638297,False
2763,1.5749691486891675,95.06624941740462,0.45425787548668917,False
2764,1.5798387881475398,95.04264392324095,0.4591681484571664,False
2765,1.582267169313773,94.39856134274677,0.4403042894684271,False
2766,1.582267169313773,94.9340966582346,0.4607735285310923,False
2767,1.5798387881475398,94.9374667376264,0.4607112973203942,False
2768,1.57983878814754,94.94150491890454,0.46063022891116157,False
2769,1.577636732431408,94.94620799574977,0.46055892678104443,False
2770,1.5732230293875173,94.95157224359825,0.4605268617841248,False
2771,1.5665782425417163,94.38657023422466,0.4415205583008282,False
2772,1.557672567089349,94.80424684804247,0.4400538774620247,False
2773,1.5464650001141114,94.13518886679921,0.3978563942285873,False
2774,1.535773302827334,94.6929592376919,0.394070800693614,False
2775,1.535773302827334,94.70137420718817,0.39107605454346367,False
2776,1.535773302827334,94.14640591966173,0.34742530051953346,False
2777,1.535773302827334,94.57584566596195,0.33926796830223127,False
2778,1.535773302827334,94.57584566596195,0.3309730848292386,False
2779,1.5213655983156218,94.57584566596195,0.32379070493878287,False
2780,1.5169165540634162,93.84645825089038,0.22480315914979268,False
2781,1.5094621252684286,94.45029624753127,0.20620570668038485,False
2782,1.498941259446481,94.46123521681997,0.189585708609342,False
2783,1.4852641811356104,94.47285601888277,0.1755216833949889,False
2784,1.4683074126842999,94.48514981028391,0.16353552290978102,False
2785,1.4479062086941699,94.49810729669755,0.15423432485978367,False
2786,1.4238430936939133,94.12109375,0.07429586488931679,False
2787,1.3958301562928708,94.64285714285714,0.07546481501351528,False
2788,1.3634806730596907,94.64285714285714,0.1334032390632923,False
2789,1.3262610770456722,94.64285714285714,0.1346529475887849,False
2790,1.2834031297544843,94.64285714285714,0.1367674488533559,False
2791,1.2834031297544843,94.64285714285714,0.1410798581773132,False
2792,1.2834031297544843,94.64285714285714,0.14665512838220168,False
2793,1.2834031297544843,94.64285714285714,0.1533761284902425,False
2794,1.2834031297544843,94.64285714285714,0.1610858161569814,False
2795,1.2834031297544843,94.64285714285714,0.16960700687969188,False
2796,1.2834031297544843,94.64285714285714,0.17917617082916107,False
2797,1.2834031297544843,94.64285714285714,0.1902495235275287,False
2798,1.2834031297544843,94.64285714285714,0.2012926041347335,False
2799,1.2834031297544843,94.64285714285714,0.269080951627578,False
2800,1.2337244651110395,94.64285714285714,0.28179698660579533,False
2801,1.175193620727556,94.64285714285714,0.2932449992608975,False
2802,1.175193620727556,94.64285714285714,0.3038457548929331,False
2803,1.1735894123234427,94.64285714285714,0.31340024076821127,False
2804,1.170377295621679,94.64285714285714,0.3223133924860735,False
2805,1.170377295621679,94.64285714285714,0.33032432248600146,False
2806,1.170377295621679,94.64285714285714,0.3374674660985478,False
2807,1.1735894123234427,94.64285714285714,0.46541768641833964,False
2808,1.175193620727556,94.07325483052502,0.4553067287856527,False
2809,1.175193620727556,94.46689259645464,0.4578922572760973,False
2810,1.173589412323443,94.43827926104836,0.4600263088075327,False
2811,1.170377295621679,94.41030334728033,0.47930070326787755,False
2812,1.170377295621679,94.38297872340425,0.47826649681694566,False
2813,1.170377295621679,94.35631882538017,0.49337484707224855,False
2814,1.173589412323443,94.33033663626222,0.5070548024691507,False
2815,1.175193620727556,94.30504466631635,0.5194734788776361,False
2816,1.175193620727556,94.28045493392939,0.5307806607427943,False
2817,1.1735894123234427,94.25657894736842,0.5407662354795425,False
2818,1.1735894123234427,94.23342768744651,0.5365404570978739,False
2819,1.1735894123234427,93.72114496768236,0.5141452371068285,False
2820,1.1735894123234427,94.10637594978526,0.5154876812380121,False
2821,1.1735894123234427,94.09662475181999,0.5172307039375041,False
2822,1.1735894123234427,94.08762510770862,0.5193789395827878,False
2823,1.1735894123234427,94.07938404354175,0.5219318862704492,False
2824,1.1735894123234427,94.07190802153254,0.5248838407373259,False
2825,1.1735894123234427,94.06520292747838,0.5282239221710161,False
2826,1.1735894123234427,94.05927405927406,0.5319361802535245,False
2827,1.170377295621679,92.92754395311668,0.43477414087565813,False
2828,1.1655498193580116,94.06751448165657,0.4418424176712454,False
2829,1.1590956761386297,94.05426975259377,0.44884210268187213,False
2830,1.150999540671385,94.04184656260378,0.4550370038279553,False
2831,1.1412418450836315,93.62563014062086,0.4422976774779467,False
2832,1.129798482836793,94.09894695012915,0.45009892466100887,False
2833,1.1166404295430468,94.77448837671369,0.4394822352346546,False
2834,1.1166404295430468,94.7699021422904,0.42888117584211166,False
2835,1.1166404295430468,94.76602204474952,0.41822297727856844,False
2836,1.1166404295430468,94.76284584980237,0.3994138858735955,False
2837,1.1166404295430468,94.76037078430083,0.3829501837322108,False
2838,1.1166404295430468,94.1701680672269,0.38424209387661,False
2839,1.1166404295430468,94.63782366437233,0.3737094465375974,False
2840,1.1665620111568704,94.64659685863874,0.3623353343871695,False
2841,1.222731822382257,94.65603972038936,0.3501399826142663,False
2842,1.2722864781512913,94.6661450182577,0.3370464702241536,False
2843,1.3164218868227548,94.67690505628946,0.3232297501713744,False
2844,1.3559212235520337,94.68831168831169,0.31267732684993615,False
2845,1.391334586143604,94.7003563330094,0.32710252694003633,False
2846,1.4230670603378361,94.71302998965874,0.3353289799822712,False
2847,1.4514270347987224,94.72632325446457,0.342297908784448,False
2848,1.4766549183659508,94.74022633744856,0.33343146769599297,False
2849,1.498941259446481,94.75472907983328,0.3246868868619784,False
2850,1.5184387137728148,94.769820971867,0.3165421341659722,False
2851,1.5352702332191592,94.78549117103334,0.3081510292541259,False
2852,1.5352702332191592,94.80172852058973,0.2994934406707504,False
2853,1.5352702332191592,94.81852156837904,0.29055156250541514,False
2854,1.5352702332191592,94.83585858585859,0.28131052235591125,False
2855,1.5352702332191592,94.8537275872916,0.27175913322617273,False
2856,1.5352702332191592,94.48883296634162,0.2739641561448496,False
2857,1.5352702332191592,94.73419314249765,0.32022078112527513,False
2858,1.5352702332191592,94.73419314249765,0.32342757540071443,False
2859,1.5352702332191592,94.73419314249765,0.3265103730381537,False
2860,1.5352702332191592,94.73419314249765,0.32942231060669813,False
2861,1.541342789057496,94.73419314249765,0.383887149607564,False
2862,1.545378825051491,94.73419314249765,0.3891052724135481,False
2863,1.5473931750149272,94.73419314249765,0.4184045885370649,False
2864,1.547393175014927,94.48883296634162,0.42270131766140207,False
2865,1.557787262784918,94.09478435305918,0.40641328086751316,False
2866,1.5655280605848252,94.13866599799398,0.42136811769191773,False
2867,1.570663071721726,94.13239719157473,0.4051692537477876,False
2868,1.577636732431408,94.39064268645454,0.40176561443566505,False
2869,1.577636732431408,94.39258231361171,0.3980162811571135,False
2870,1.577636732431408,94.39524291497976,0.3944584392315603,False
2871,1.577636732431408,94.39862978939355,0.391146521811584,False
2872,1.577636732431408,94.40274774201755,0.3954601169634801,False
2873,1.577636732431408,94.40760107129192,0.3938828678050274,False
2874,1.577636732431408,94.41319355663514,0.42202183166376833,False
2875,1.5732230293875173,94.41952844695028,0.42097126547096486,False
2876,1.5665782425417163,94.42660844998073,0.459865912581807,False
2877,1.557672567089349,93.80377552330808,0.46344661127310455,False
2878,1.5464650001141114,94.29176833183512,0.4920656001895847,False
2879,1.5464650001141114,94.29176833183512,0.5178123966391969,False
2880,1.557672567089349,94.29176833183512,0.5411363212903735,False
2881,1.5665782425417163,93.61169905714836,0.5283923884730557,False
2882,1.5732230293875173,94.17040358744394,0.5468721530832432,False
2883,1.577636732431408,93.74839537869063,0.5457989409890414,False
2884,1.57983878814754,94.05221193415638,0.559372719734813,False
2885,1.57983878814754,94.06157413371119,0.5724544551499671,False
2886,1.57983878814754,93.61372726099859,0.564904070996365,False
2887,1.57983878814754,94.2248062015504,0.5795004445041807,False
2888,1.577636732431408,94.2248062015504,0.5918718753233788,False
2889,1.5732230293875173,94.2248062015504,0.5926376921381964,False
2890,1.5665782425417163,94.2248062015504,0.608679861555852,False
2891,1.5665782425417163,94.2248062015504,0.6233083568336554,False
2892,1.5665782425417163,93.8953488372093,0.631105128055767,False
2893,1.557672567089349,94.33462532299741,0.6416009924951241,False
2894,1.5464650001141114,94.89650711513583,0.6317578995695825,False
2895,1.5464650001141114,94.31759211209133,0.6398156750792071,False
2896,1.554965937118681,95.05658904644204,0.6192700710816896,False
2897,1.5613116549052575,95.05658904644204,0.598665035099426,False
2898,1.5655280605848252,95.05658904644204,0.572729279703117,False
2899,1.5655280605848252,95.05658904644204,0.5582608689721676,False
2900,1.5613116549052575,95.05658904644204,0.5334029159394608,False
2901,1.554965937118681,95.05658904644204,0.5223573510430541,False
2902,1.5464650001141114,95.05658904644204,0.5468139621869981,False
2903,1.535773302827334,95.05658904644204,0.5315235250438466,False
2904,1.5228447333219095,95.05658904644204,0.5614271213174462,False
2905,1.5076213244090613,95.05658904644204,0.5880602121390598,False
2906,1.4900315255825651,95.05658904644204,0.6103969886763658,False
2907,1.4699878894344567,95.05658904644204,0.6308643183975228,False
2908,1.4473839613746429,95.05658904644204,0.6505628550276016,False
2909,1.4220900521936763,94.6858332249252,0.6780453268367711,False
2910,1.3939473942522724,95.1736698321842,0.672728196178464,False
2911,1.362759877482492,95.18166427920302,0.6924122767054486,False
2912,1.3282820174272938,95.1903023983316,0.7110880799708549,False
2913,1.30738316633364,95.1995825723976,0.7017358302935923,False
2914,1.2842839696213428,95.20950267589087,0.7111738152344849,False
2915,1.2588874993443833,95.22006007574768,0.7195624699419337,False
2916,1.2310786130055862,95.231251633133,0.7269682066428353,False
2917,1.200719639829801,95.2430737062206,0.733874439700089,False
2918,1.1676444621356104,94.83074107959744,0.7444235281017446,False
2919,1.1316501862018717,95.3992942099072,0.7452301202386002,False
2920,1.0924850533852573,94.9483727617305,0.7526425065340594,False
2921,1.049830215710004,95.49078551823291,0.7497514243173046,False
2922,1.049830215710004,96.00757971772086,0.7211633971761611,False
2923,1.049830215710004,95.42359565274323,0.7216901235512878,False
2924,1.049830215710004,96.14980978617342,0.6875081793193539,False
2925,1.049830215710004,96.15788093364804,0.6533564900193575,False
2926,1.006661191043945,96.16644823066841,0.6207225568248476,False
2927,0.9595986573441049,96.17550753110675,0.5878024010963143,False
2928,0.9522481488898976,96.18505431226279,0.5602224878730905,False
2929,0.9371713531760616,96.19508368200837,0.5259300247568701,False
2930,0.9752462395674341,95.85945663531871,0.514456144575051,False
2931,1.01044884930661,96.34050880626224,0.49256508704558033,False
2932,1.0429842335712594,96.3490301090719,0.4489667367579423,False
2933,1.0730208202534555,95.61752988047809,0.44864434656349234,False
2934,1.100698757874416,96.21187381621057,0.4202979215165347,False
2935,1.1261358508278745,96.21187381621057,0.39321943039253904,False
2936,1.1494318918359776,96.21187381621057,0.395081613198024,False
2937,1.1706718933538656,96.21187381621057,0.37195108788653347,False
2938,1.1899285414712581,96.21187381621057,0.36545510818543336,False
2939,1.2407449439357603,96.21187381621057,0.3534670140508356,False
2940,1.2861766890619075,96.21187381621057,0.37707863517829915,False
2941,1.3096204968427199,96.21187381621057,0.39838439845976265,False
2942,1.3282820174272938,96.21187381621057,0.419036451755779,False
2943,1.3425003133763334,96.21187381621057,0.4390291349494709,False
2944,1.3525074295964727,96.21187381621057,0.45656301947984934,False
2945,1.3584547364298434,96.21187381621057,0.4732507283320806,False
2946,1.3857772327036844,96.21187381621057,0.4890936712767497,False
2947,1.408648411160687,96.21187381621057,0.5040917975529532,False
2948,1.4291529843613586,95.59958153524258,0.5121211526512895,False
2949,1.4473839613746429,96.11885594606977,0.526635077031871,False
2950,1.4634190046135478,96.12865190619678,0.5398801153204533,False
2951,1.477322818602089,95.42119743220228,0.5309773249300455,False
2952,1.477322818602089,95.9779903052535,0.5418610860036719,False
2953,1.477322818602089,95.9779903052535,0.5516833077873667,False
2954,1.489148966540959,95.9779903052535,0.5603159754299688,False
2955,1.498941259446481,95.9779903052535,0.5681175635037133,False
2956,1.506734817815005,95.4408489453688,0.5565612436214643,False
2957,1.4919310878474152,96.14175291497445,0.5635233665029172,False
2958,1.4683074126842999,95.60835133189345,0.5602499138008117,False
2959,1.441499001640642,95.73993970376196,0.5609610710057958,False
2960,1.411268792775777,96.79453494482397,0.5398065335878459,False
2961,1.411268792775777,96.79453494482397,0.5193471088823572,False
2962,1.411268792775777,96.79453494482397,0.49787705051668896,False
2963,1.411268792775777,96.79453494482397,0.4758524987298723,False
2964,1.411268792775777,96.79453494482397,0.455034909748185,False
2965,1.411268792775777,96.79453494482397,0.4340855424462723,False
2966,1.411268792775777,96.79453494482397,0.41473315541693584,False
2967,1.411268792775777,96.79453494482397,0.39630583363983907,False
2968,1.411268792775777,96.79453494482397,0.3775514422734598,False
2969,1.411268792775777,96.79453494482397,0.35812916003837025,False
2970,1.411268792775777,96.79453494482397,0.3581674740387443,False
2971,1.411268792775777,96.79453494482397,0.3391023531225918,False
2972,1.411268792775777,96.79453494482397,0.32046564594099397,False
2973,1.411268792775777,96.79453494482397,0.32103898972486805,False
2974,1.411268792775777,96.79453494482397,0.3227575905281484,False
2975,1.411268792775777,96.79453494482397,0.3079342615415755,False
2976,1.441499001640642,96.79453494482397,0.29385006650920203,False
2977,1.4683074126842999,96.79453494482397,0.28722520660559553,False
2978,1.4919310878474152,96.79453494482397,0.27852178157084045,False
2979,1.5125568756434098,96.79453494482397,0.2719878372650852,False
2980,1.530333327439556,96.79453494482397,0.2664867175895289,False
2981,1.545378825051491,96.79453494482397,0.2619733493936334,False
2982,1.557787262784918,96.79453494482397,0.2596031670380969,False
2983,1.567632081836135,96.79453494482397,0.25826830144302876,False
2984,1.5749691486891673,96.79453494482397,0.25784641309763195,False
2985,1.5749691486891673,96.79453494482397,0.2582037555109857,False
2986,1.5738937446297547,96.43326326852339,0.3178495359523113,False
2987,1.577636732431408,96.91933788754598,0.31774654472344344,False
2988,1.578882083461779,96.91284886782518,0.3292487499474183,False
2989,1.582267169313773,96.9067405355494,0.3291109340604621,False
2990,1.5833938209704919,96.25767276087387,0.3083952754895548,False
2991,1.582267169313773,96.81019680359266,0.3104720600312281,False
2992,1.578882083461779,96.81532870829204,0.3127574000083137,False
2993,1.5732230293875173,96.29213483146067,0.2955618782874373,False
2994,1.565263635906296,96.27891606080634,0.28398272001491964,False
2995,1.554965937118681,96.81974135655845,0.2918968189787525,False
2996,1.542279235137156,96.82560590094836,0.29944631386667814,False
2997,1.542279235137156,96.45721046404627,0.29690106754156387,False
2998,1.542279235137156,96.9500196772924,0.2930334466158197,False
2999,1.542279235137156,96.9500196772924,0.29795489771736994,False
3000,1.554965937118681,96.9500196772924,0.30198148244656414,False
3001,1.5613116549052575,96.9500196772924,0.304277754960003,False
3002,1.5655280605848256,96.9500196772924,0.3174093070470567,False
3003,1.5655280605848256,96.9500196772924,0.31603809532441923,False
3004,1.5655280605848256,96.9500196772924,0.3143909869824986,False
3005,1.5655280605848256,96.9500196772924,0.31252453959981374,False
3006,1.5655280605848256,95.9182332062574,0.24759818595308564,False
3007,1.5655280605848256,96.97708113804005,0.2429497577812051,False
3008,1.554697508762069,96.31772751183587,0.22319694568016593,False
3009,1.541342789057496,96.88197453065511,0.22140534968775288,False
3010,1.5253874232579383,96.89424714978378,0.21929177795156643,False
3011,1.5067348178150048,96.90687941407272,0.2437393204458418,False
3012,1.4852641811356104,96.91986426520491,0.2487083100132432,False
3013,1.4608248015713592,96.58809740851673,0.24717723948036383,False
3014,1.4332278865247239,97.05729505001949,0.23825649615235198,False
3015,1.402234618245608,97.06417251234087,0.22913401773371123,False
3016,1.3675380544221296,97.07142857142857,0.2197734871981182,False
3017,1.3287344279695676,96.5532909256134,0.21433944381075093,False
3018,1.2852748466470731,96.74125146350983,0.21492191604318467,False
3019,1.2722864781512913,97.08528951486699,0.20304299316985944,False
3020,1.2574580300524587,97.0718954248366,0.2880055012520365,False
3021,1.2407449439357603,97.05882352941177,0.2827077916999408,False
3022,1.2220947914756688,96.3579195598061,0.26500076420641655,False
3023,1.2014461200230289,96.92781344163501,0.2639265452046875,False
3024,1.1787269834988532,96.92781344163501,0.2828076887643455,False
3025,1.1538530565800795,96.92781344163501,0.28683375840260406,False
3026,1.1267251857192595,96.92781344163501,0.2905947107332992,False
3027,1.0972261621017096,96.92781344163501,0.29413525249280303,False
3028,1.0652163930664527,96.92781344163501,0.3039874922826803,False
3029,1.0305279703180825,96.92781344163501,0.31182679618719616,False
3030,0.9929563290994997,96.92781344163501,0.31934678925031207,False
3031,0.9522481488898977,96.35136905541727,0.3069852619355662,False
3032,0.9080831196860789,96.55376132335566,0.3084037923924565,False
3033,0.8600451249809193,96.92792437967704,0.31396262741946596,False
3034,0.8075738393756748,96.92792437967704,0.31907764276415157,False
3035,0.7498765864518436,96.92792437967704,0.3237787922205359,False
3036,0.6857486151292824,96.92792437967704,0.32809266830893796,False
3037,0.6857486151292824,96.92792437967704,0.3325204026283975,False
3038,0.6857486151292824,96.92792437967704,0.3365887298214861,False
3039,0.6857486151292824,96.92792437967704,0.345022788104269,False
3040,0.6857486151292824,95.9114139693356,0.2816151668940255,False
3041,0.6857486151292824,96.92649751504054,0.2920098748095833,False
3042,0.6857486151292824,96.92649751504054,0.30068529571067193,False
3043,0.6857486151292824,96.92649751504054,0.3082201984308262,False
3044,0.6857486151292824,96.38373005493068,0.2899079917729298,False
3045,0.6857486151292824,97.06382422181532,0.3006723007045673,False
3046,0.6131379016405238,97.05709240729841,0.3102251761759895,False
3047,0.5541015302865538,97.05074548783678,0.31868001941469076,False
3048,0.5541015302865538,96.49558679306963,0.32023647010786427,False
3049,0.5541015302865538,97.15686274509804,0.3225027974827239,False
3050,0.5541015302865538,97.15686274509804,0.32082169974687796,False
3051,0.5541015302865538,97.15686274509804,0.3264051051820993,False
3052,0.5541015302865538,97.15686274509804,0.3192229014024082,False
3053,0.6271502454482835,97.15686274509804,0.3319721301352532,False
3054,0.6917244835981394,97.15686274509804,0.3429269833058273,False
3055,0.7498765864518436,97.15686274509804,0.3410514838295568,False
3056,0.8028116417452926,97.15686274509804,0.3564157268311166,False
3057,0.8513226827573213,97.15686274509804,0.3695653634089697,False
3058,0.8332341082038748,97.15686274509804,0.3808282711081641,False
3059,0.804144968682279,96.57516339869281,0.373607562092045,False
3060,0.7600473303889541,97.26797385620915,0.383755706827507,False
3061,0.6807937753703206,97.27438706311946,0.39243512978396994,False
3062,0.6807937753703206,97.28112397554312,0.4006115704961741,False
3063,0.6807937753703206,97.28817957700791,0.40804061417407606,False
3064,0.7153220528038851,96.95910973084887,0.4200420862532479,False
3065,0.7473944462440387,97.41290322580645,0.41997542146369005,False
3066,0.7771529943226336,97.41290322580645,0.41965040758702005,False
3067,0.804717519321077,97.41290322580645,0.41909071184150326,False
3068,0.804717519321077,97.41290322580645,0.4183197052375073,False
3069,0.804717519321077,97.41290322580645,0.4109339425880614,False
3070,0.804717519321077,96.78709677419354,0.4494524208834584,False
3071,0.8301899714180443,97.50967741935484,0.44156500712610547,False
3072,0.8536576732793313,97.17612247523479,0.4430772495759921,False
3073,0.875195788740725,97.62087982557394,0.43071590939379023,False
3074,0.8948692308065574,97.62087982557394,0.4193356867976497,False
3075,0.9127341558073343,96.97319481851994,0.41863595809723164,False
3076,0.9288391461883214,97.71707066820572,0.40348664282755925,False
3077,0.9432261548473415,97.71271143003588,0.3894134480386788,False
3078,0.9559312637896478,97.70865335381464,0.3764318420429574,False
3079,1.065299640553338,97.17427438946426,0.3777564228319657,False
3080,1.1412418450836315,97.80360107265994,0.36041267839751856,False
3081,1.2041517951932372,97.80360107265994,0.3442645553349032,False
3082,1.2583494426149708,97.80360107265994,0.3287700546648429,False
3083,1.3058755112911309,97.80360107265994,0.3142701746960321,False
3084,1.347922583568817,97.80360107265994,0.3003966511914335,False
3085,1.3852702053381705,97.80360107265994,0.33692424810078714,False
3086,1.418464503832282,97.80360107265994,0.32943798360638543,False
3087,1.4479062086941699,97.80360107265994,0.3739954243839782,False
3088,1.4738989153366922,97.80360107265994,0.36603565516742276,False
3089,1.4966777416164074,97.37347853939782,0.4087012478709204,False
3090,1.5164273757656148,96.63036515054452,0.47987229806191284,False
3091,1.5332939593741386,97.29660474055093,0.5097927250385327,False
3092,1.5473931750149272,97.29660474055093,0.6039971774556718,False
3093,1.5588158799768146,97.29660474055093,0.6248718857221343,False
3094,1.567632081836135,97.29660474055093,0.6418808267630609,False
3095,1.5738937446297545,97.29660474055093,0.6554325074573263,False
3096,1.577636732431408,97.29660474055093,0.6661990692274002,False
3097,1.578882083461779,97.29660474055093,0.6745640039288356,False
3098,1.577636732431408,97.29660474055093,0.7390477236934363,False
3099,1.5738937446297545,97.29660474055093,0.74327315357777,False
3100,1.567632081836135,97.29660474055093,0.7467749642740905,False
3101,1.5588158799768146,97.29660474055093,0.7499510879212237,False
3102,1.5473931750149272,97.29660474055093,0.75258357740939,False
3103,1.5332939593741386,97.29660474055093,0.7545932674113789,False
3104,1.5164273757656148,97.29660474055093,0.7562055329034411,False
3105,1.4966777416164074,96.65191456609583,0.7677301612639361,False
3106,1.4738989153366922,97.19404135096957,0.7882169052946726,False
3107,1.4479062086941699,96.54862137669517,0.7639592894150999,False
3108,1.418464503832282,97.27904284060209,0.7803751823145736,False
3109,1.3852702053381705,96.55636783378222,0.8170144350518589,False
3110,1.3852702053381705,95.93755997696884,0.7661905964336856,False
3111,1.3852702053381705,96.50287172941927,0.7719639130384428,False
3112,1.3852702053381705,95.78933977865411,0.7117883703799516,False
3113,1.3852702053381705,96.44396551724138,0.7387072050037995,False
3114,1.3852702053381705,96.45654370894391,0.8221149553885623,False
3115,1.3852702053381705,96.46947765890498,0.8412184080066636,False
3116,1.3852702053381705,96.48275862068965,0.8577938839309724,False
3117,1.3852702053381705,96.49637771671246,0.9292608088520369,False
3118,1.3852702053381705,95.59748427672956,0.8964092804353245,False
3119,1.3852702053381705,96.49242612366525,0.9075168351601112,False
3120,1.3852702053381705,96.49242612366525,0.9175029936091758,False
3121,1.3852702053381705,96.49242612366525,0.9267052967075092,False
3122,1.3852702053381705,96.49242612366525,0.9348910681015515,False
3123,1.3852702053381705,96.49242612366525,0.9428872740345107,False
3124,1.3852702053381705,96.49242612366525,0.9499660657480898,False
3125,1.3852702053381705,95.74547258744728,0.9637642937452457,False
3126,1.3773114348674147,95.85553215214968,0.9546433167304208,False
3127,1.3675380544221296,96.50414552654374,0.9618571705978496,False
3128,1.391334586143604,95.89759407772979,0.9547309527541068,False
3129,1.391334586143604,95.21498771498771,0.9115456507719671,False
3130,1.391334586143604,95.87206457925636,0.9056977311105787,False
3131,1.391334586143604,95.56017612524462,0.88744318417745,False
3132,1.4109839980999699,95.81090998043052,0.8888426642021744,False
3133,1.4267547652077353,95.19629358693001,0.8550055511999755,False
3134,1.438841894200673,94.52636689119485,0.7641338059143982,False
3135,1.447383961374643,95.17395506160908,0.7564233839548036,False
3136,1.4524737111892643,95.19687406071536,0.7276445771940608,False
3137,1.4541644890966259,94.39252336448598,0.6524673982357528,False
3138,1.4326648482653093,95.18834696436033,0.6283776903496093,False
3139,1.408648411160687,95.18230723251644,0.606879036504099,False
3140,1.408648411160687,95.17682963317576,0.5868970000010456,False
3141,1.408648411160687,95.1719180543908,0.5670627980459114,False
3142,1.4291529843613586,95.16757599376461,0.5487137509286304,False
3143,1.447383961374643,95.16380655226209,0.5511038143714052,False
3144,1.4634190046135478,95.16061242870009,0.5534778760815203,False
3145,1.477322818602089,94.47012909036326,0.47983115617196753,False
3146,1.489148966540959,95.04653257280096,0.4843343138236063,False
3147,1.498941259446481,95.04653257280096,0.5165340756268142,False
3148,1.5067348178150048,95.04653257280096,0.5448856842144582,False
3149,1.5125568756434098,95.04653257280096,0.5708135266440111,False
3150,1.5164273757656148,95.04653257280096,0.5957480297614993,False
3151,1.5183593905083004,95.04653257280096,0.6196512230160293,False
3152,1.5183593905083004,94.75271411338963,0.6137228176898117,False
3153,1.5183593905083004,94.94153995274732,0.6281274521802477,False
3154,1.5183593905083004,94.91968848868338,0.6415673645342805,False
3155,1.5183593905083004,94.33005437771125,0.6274058634637729,False
3156,1.5183593905083004,95.00613496932516,0.6428727577796365,False
3157,1.5183593905083004,94.28431252299767,0.6298080429485642,False
3158,1.5183593905083004,94.87556699767072,0.6439284858000882,False
3159,1.5183593905083004,94.87870619946092,0.6579911534301627,False
3160,1.534279692145678,94.8824681684623,0.6629529577690306,False
3161,1.547393175014927,94.8868501529052,0.6810967266202538,False
3162,1.557787262784918,94.89184895515092,0.681020293015607,False
3163,1.5655280605848254,94.26860564585115,0.6880003487739829,False
3164,1.570663071721726,94.2747158743737,0.6952591291342484,False
3165,1.5732230293875173,94.836856898448,0.7150053476565382,False
3166,1.5732230293875173,95.5474006116208,0.7170330964201289,False
3167,1.570663071721726,95.86761748034375,0.7002359854222174,False
3168,1.5655280605848256,95.86761748034375,0.6841913052987182,False
3169,1.557787262784918,95.86761748034375,0.6680571506111388,False
3170,1.5473931750149272,95.86761748034375,0.6518566273693764,False
3171,1.547393175014927,95.86761748034375,0.6356127146558432,False
3172,1.545378825051491,95.53516819571865,0.6368894607289892,False
3173,1.541342789057496,95.75943540963486,0.6269781429820604,False
3174,1.5352702332191592,95.75175471001108,0.616613001176955,False
3175,1.5352702332191592,95.7445494410475,0.6058621047396892,False
3176,1.5352702332191592,94.48488587291796,0.5942973795680728,False
3177,1.5352702332191592,95.74887560840367,0.5830487057202957,False
3178,1.5352702332191592,95.76739050423261,0.5720044860887515,False
3179,1.5352702332191592,95.78625954198473,0.5611818772926765,False
3180,1.5352702332191592,95.57446808510639,0.5610666744010743,False
3181,1.5352702332191592,95.90972348278575,0.5386498886461373,False
3182,1.5352702332191592,95.29255158225934,0.5421379842376244,False
3183,1.5352702332191592,96.04888969564955,0.5151263463707015,False
3184,1.5352702332191592,96.06137489428536,0.48817823025647633,False
3185,1.5352702332191592,96.07429295061208,0.4613304162755355,False
3186,1.5352702332191592,96.08763693270735,0.43617383916459834,False
3187,1.5184387137728148,96.10139965158888,0.4100952695526073,False
3188,1.498941259446481,96.11557367222156,0.38594177013468767,False
3189,1.489148966540959,96.13015132484,0.36222828951463076,False
3190,1.477322818602089,96.14512471655328,0.33898430917088124,False
3191,1.4634190046135478,96.160485743199,0.3161230209251981,False
3192,1.4473839613746429,96.17622610141314,0.2938289696561665,False
3193,1.4291529843613586,96.19233730088233,0.2718725207265115,False
3194,1.408648411160687,96.20881067674502,0.2525012734178355,False
3195,1.3857772327036844,96.22563740210799,0.23587947975997267,False
3196,1.3604279187829045,96.24280850064576,0.2205831107646448,False
3197,1.3324661355215683,96.26031485924972,0.20465957970707194,False
3198,1.301728854068539,96.27814724069536,0.1869197295357439,False
3199,1.2725381154419293,96.29629629629629,0.16682118980082458,False
3200,1.2406030082663506,96.31475257851432,0.14342229956494698,False
3201,1.2057219651274376,96.01718532280539,0.14307218737915967,False
3202,1.1676444621356104,96.2308050255933,0.12923244341170587,False
3203,1.1316501862018717,96.23004311851766,0.11662493051033915,False
3204,1.0924850533852573,96.2297186879888,0.10455331528079051,False
3205,1.049830215710004,96.22983399579144,0.0931036275620316,False
3206,1.0032709271829536,96.23039100913135,0.10221153927799008,False
3207,0.9522481488898976,96.23139139608487,0.24861720849985117,False
3208,0.8959704136014895,96.23283652153503,0.2538420926986714,False
3209,0.8749177494187964,96.23472744360902,0.25722098772316493,False
3210,0.804144968682279,96.2370649106303,0.25915295584894427,False
3211,0.720523936685393,96.23984935859716,0.26013677400299107,False
3212,0.603652249754401,96.24308090919797,0.2672662954938854,False
3213,0.560576942614533,96.24675936837143,0.26702444696505473,False
3214,0.5140912790181235,96.25088422541853,0.2668138265295576,False
3215,0.4637773498877516,96.2554546526713,0.26662653892334154,False
3216,0.40907313904382653,96.26046950572136,0.266455456724131,False
3217,0.3491843735073079,96.26592732420953,0.26629395138295553,False
3218,0.2829047929798921,96.27182633317602,0.2661356234950852,False
3219,0.208180945557171,96.27816444496874,0.26597403431662076,False
3220,0.12068101401352381,96.28493926170539,0.26580244014263815,False
3221,0.12068101401352381,96.29214807828342,0.26561353077874594,False
3222,0.12068101401352381,96.29978788592976,0.26539917293121784,False
3223,0.12068101401352381,96.30785537628077,0.2651501588825253,False
3224,0.12068101401352381,96.31634694598094,0.2648559602803028,False
3225,0.24096783080307263,96.32525870178739,0.2645044862193755,False
3226,0.3280668831792932,95.97248353715898,0.25706645940477585,False
3227,0.4023829390456117,95.22054522054522,0.1902928876357172,False
3228,0.46824757305098735,95.94342917006169,0.18627359551535166,False
3229,0.46824757305098735,95.97614636405743,0.18687302646293824,False
3230,0.5277139815252946,96.00898410504492,0.18343972084091245,False
3231,0.5819881552488824,96.0419292015122,0.1988724607742848,False
3232,0.5819881552488824,95.89267403440812,0.2050023397212138,False
3233,0.5819881552488824,96.19306594153637,0.21990482486786836,False
3234,0.5819881552488824,96.19306594153637,0.2333887766724536,False
3235,0.5819881552488824,96.19306594153637,0.23357602727047327,False
3236,0.5819881552488824,96.19306594153637,0.2377881861030161,False
3237,0.5819881552488824,96.19306594153637,0.24026966896231894,False
3238,0.6318640827062832,96.19306594153637,0.27965314672562197,False
3239,0.677903479475398,96.19306594153637,0.2829637416764497,False
3240,0.720523936685393,96.19306594153637,0.31588558688806645,False
3241,0.7600473303889541,96.19306594153637,0.3169471409204401,False
3242,0.7967286463062392,96.19306594153637,0.318157846632106,False
3243,0.830774222099454,96.19306594153637,0.319414245843469,False
3244,0.8623538561746378,96.19306594153637,0.32092761137620895,False
3245,0.8623538561746378,96.19306594153637,0.32270957861439736,False
3246,0.8623538561746378,96.19306594153637,0.3247683185618848,False
3247,0.8623538561746378,95.4736007251303,0.2906087152670261,False
3248,0.8916091590804429,96.32336279175165,0.2902298844220352,False
3249,0.8916091590804429,96.35534024335286,0.28907834260573756,False
3250,0.8916091590804429,96.20813263134312,0.29238358434949274,False
3251,0.9727642516015449,96.49181423321083,0.28484940484772775,False
3252,1.041018523939755,96.49181423321083,0.27794024997391165,False
3253,1.0670056836533544,96.49181423321083,0.27167505666222447,False
3254,1.0670056836533544,96.49181423321083,0.266066902889063,False
3255,1.0670056836533544,96.19693065979612,0.2720347241669396,False
3256,1.0670056836533544,96.3440739071654,0.2747934094882745,False
3257,1.090864890696142,96.31203263086336,0.27929515082986456,False
3258,1.1126817966979572,95.55087159621739,0.24646538138322868,False
3259,1.132529774880598,96.37415511513346,0.24972688161765483,False
3260,1.1504718163625702,95.5629063533706,0.21545020769944984,False
3261,1.1665620111568704,96.29797865091983,0.22285086494542414,False
3262,1.1808467161073357,96.31471851684377,0.2306848790976965,False
3263,1.193365482413587,96.33172049060425,0.23904854054342325,False
3264,1.2041517951932372,96.34897524918804,0.2476109525009164,False
3265,1.2041517951932372,96.3664734730272,0.25632459326910867,False
3266,1.2041517951932372,96.38420585625555,0.2645104231708236,False
3267,1.2041517951932372,96.4021631166538,0.27247088970401123,False
3268,1.2041517951932372,96.42033600527067,0.2801151079814747,False
3269,1.2041517951932372,96.43871531570898,0.2792239302109287,False
3270,1.1412418450836315,96.45729189306672,0.28929294939660233,False
3271,1.1412418450836315,96.47605664252514,0.2975505014642249,False
3272,1.2041517951932372,96.4950005375766,0.3056480937224971,False
3273,1.2583494426149708,96.51411462788708,0.30556764337502984,False
3274,1.305875511291131,96.5333900467886,0.3180944396233201,False
3275,1.347922583568817,96.55281801839907,0.32811669080322975,False
3276,1.3852702053381705,96.57238986436758,0.3359969551569892,False
3277,1.3852702053381705,96.59209701024461,0.342015674186142,False
3278,1.3852702053381705,96.61193099147786,0.3473216665620943,False
3279,1.3852702053381705,96.63188345903502,0.3510138793797259,False
3280,1.3852702053381705,96.65194618465647,0.35320753933892873,False
3281,1.3852702053381705,96.67211106574112,0.3477606538624513,False
3282,1.3852702053381705,96.69237012987013,0.34343542846929853,False
3283,1.3914372992027793,96.71271553897348,0.33749707696751197,False
3284,1.3958301562928708,96.73313959314561,0.3301721151755867,False
3285,1.3984610270106808,96.75363473411672,0.36025096951146074,False
3286,1.3984610270106808,96.7741935483871,0.3535166095716911,False
3287,1.3984610270106808,96.79480877003245,0.34519676964847534,False
3288,1.3984610270106808,96.81547328318844,0.33800885145290016,False
3289,1.3984610270106808,96.68575310559007,0.33713617837188176,False
3290,1.3993371806574677,96.91959120709603,0.32629752469162476,False
3291,1.3993371806574677,96.94791816395956,0.3159124615014324,False
3292,1.429206268217279,96.97619047619048,0.30455934346622554,False
3293,1.4561112661478437,96.84823245468742,0.3005490227523746,False
3294,1.4794731020725562,97.09367945823928,0.2823920028000215,False
3295,1.4995196245467155,97.09367945823928,0.2649909230331643,False
3296,1.4995196245467155,97.09367945823928,0.24835653534711058,False
3297,1.4995196245467155,97.09367945823928,0.23450272955822107,False
3298,1.4995196245467155,97.09367945823928,0.22157231616688638,False
3299,1.5004659065178618,97.09367945823928,0.20926078411884722,False
3300,1.4995196245467155,97.09367945823928,0.19746620733487133,False
3301,1.4966777416164074,96.84350007098575,0.1974453154111867,False
3302,1.4919310878474152,96.96666666666667,0.19618171851386254,False
3303,1.4852641811356104,96.9383354894351,0.1964075747455539,False
3304,1.4766549183659508,96.9099498650212,0.19746679917558074,False
3305,1.4660741214574513,96.11523352247927,0.11550185357575317,False
3306,1.4660741214574513,96.9603825136612,0.11485996452784444,False
3307,1.4660741214574513,96.79668454412482,0.11762478276171123,False
3308,1.4660741214574513,96.9989281886388,0.11582687123418214,False
3309,1.4534849141043307,96.9989281886388,0.11481257543112446,False
3310,1.4534849141043307,96.9989281886388,0.11449335017938388,False
3311,1.4534849141043307,96.9989281886388,0.11483155469098467,False
3312,1.4267547652077353,96.9989281886388,0.12044377494284812,False
3313,1.3969387860636409,96.9989281886388,0.12524721232352415,False
3314,1.3808832571151748,96.9989281886388,0.1293053185209174,False
3315,1.3808832571151748,96.9989281886388,0.13267389714691535,False
3316,1.3808832571151748,96.9989281886388,0.1342130523964673,False
3317,1.3808832571151748,96.78943778622235,0.13196882800087043,False
3318,1.362759877482492,97.08174997564065,0.1294535630246581,False
3319,1.3425003133763334,97.07457165109034,0.12667101062716069,False
3320,1.320023576372009,97.06769111067885,0.12680238158199658,False
3321,1.3283399146847867,96.91052171378607,0.1274804659785261,False
3322,1.3324661355215683,97.09849587578846,0.12442263124575614,False
3323,1.3324661355215683,97.09849587578846,0.1210768505534749,False
3324,1.3283399146847867,97.09849587578846,0.11797240587740891,False
3325,1.320023576372009,97.09849587578846,0.11499387035447715,False
3326,1.3425003133763334,97.09849587578846,0.11244215617801753,False
3327,1.362759877482492,97.09849587578846,0.22527304575668958,False
3328,1.3808832571151748,97.09849587578846,0.3513438229896331,False
3329,1.3969387860636409,97.09849587578846,0.4041123184959632,False
3330,1.4109839980999699,97.09849587578846,0.5512744837992961,False
3331,1.4230670603378361,96.85589519650655,0.7064178410550063,False
3332,1.4332278865247239,97.17127607957302,0.7952678700862722,False
3333,1.4332278865247239,97.16514828455126,0.8714104692910131,False
3334,1.4332278865247239,97.15931087882308,0.9379494622283902,False
3335,1.4332278865247239,97.15376437614768,1.0683663925287545,False
3336,1.4332278865247239,97.148509118981,1.1189793288022436,False
3337,1.4332278865247239,97.14354527938343,1.1632648461306345,False
3338,1.441499001640642,97.13887286016542,1.2021217498366248,False
3339,1.4479062086941699,97.01449553614285,1.2362915573292508,False
3340,1.4524690941546654,97.16872664558781,1.2660202634075313,False
3341,1.4552013979602212,97.14450811383445,1.2920967575124938,False
3342,1.4561112661478437,97.12031749104636,1.3152096346441233,False
3343,1.4552013979602212,97.09616226470159,1.335202550524314,False
3344,1.4274202463828694,97.07205005376869,1.352369547912885,False
3345,1.3958301562928708,97.04798860454835,1.3669717823838403,False
3346,1.3958301562928708,97.02398578620077,1.3792447491393895,False
3347,1.3634806730596907,96.19978284473399,1.375474531915347,False
3348,1.3262610770456722,95.84965537759706,1.357214344012975,False
3349,1.2834031297544843,96.11935837401614,1.3492647229838457,False
3350,1.2337244651110395,95.30736275779616,1.3017354922573485,False
3351,1.175193620727556,94.9507081018866,1.2289772839560897,False
3352,1.1034990673875957,95.21966422036795,1.1763285702285857,False
3353,1.101131799569232,95.19866713788055,1.1230714503585628,False
3354,1.0971804769523517,95.17797383632491,1.0693316318236743,False
3355,1.0916362019205925,94.3819085285468,0.9396631689440547,False
3356,1.0844863484244938,95.09177568197951,0.8790621886244664,False
3357,1.0844863484244938,95.09177568197951,0.8194699595476185,False
3358,1.0844863484244938,95.09177568197951,0.7611657446874728,False
3359,1.0844863484244938,95.09177568197951,0.7042634937569775,False
3360,1.0844863484244938,95.09177568197951,0.6488405901628663,False
3361,1.0844863484244938,95.09177568197951,0.5949620700394241,False
3362,1.0844863484244938,95.09177568197951,0.5418432347544586,False
3363,1.0844863484244938,95.09177568197951,0.49050247219442245,False
3364,1.0844863484244938,95.09177568197951,0.440994167290017,False
3365,1.0844863484244938,95.09177568197951,0.393380533820903,False
3366,1.0844863484244938,95.09177568197951,0.3476856054970585,False
3367,1.0844863484244938,95.09177568197951,0.3040219115266563,False
3368,1.0844863484244938,95.09177568197951,0.30911953784898677,False
3369,1.0844863484244938,95.09177568197951,0.2779630673560266,False
3370,1.0844863484244938,95.09177568197951,0.25845355182132285,False
3371,1.0844863484244938,95.09177568197951,0.24419025045083942,False
3372,1.0844863484244938,95.09177568197951,0.23505729989776192,False
3373,1.0844863484244938,95.09177568197951,0.23060910049790723,False
3374,1.0844863484244938,95.09177568197951,0.2300962606932446,False
3375,1.1590956761386297,95.09177568197951,0.23257007887176986,False
3376,1.2206340886225493,95.09177568197951,0.2322496520640038,False
3377,1.2734192269994746,95.09177568197951,0.23362133134244778,False
3378,1.3194892909924263,95.09177568197951,0.23482237388082933,False
3379,1.360034097940745,95.09177568197951,0.2356750136740485,False
3380,1.360034097940745,95.09177568197951,0.23617459603011637,False
3381,1.360034097940745,95.09177568197951,0.2363774234004837,False
3382,1.3548527368476762,95.09177568197951,0.23643078797392098,False
3383,1.347922583568817,95.09177568197951,0.23640275689307788,False
3384,1.3392246071829446,95.09177568197951,0.2850406704482772,False
3385,1.3287344279695676,95.09177568197951,0.2855544824719536,False
3386,1.3164218868227548,95.09177568197951,0.2865682098176134,False
3387,1.3022504881911108,95.09177568197951,0.2866530742983107,False
3388,1.2861766890619075,94.36162660987729,0.2465314380685014,False
3389,1.2681489963097885,95.19318527532704,0.24561748159960642,False
3390,1.2481068205144499,95.38267875125881,0.3052482431921565,False
3391,1.2259790140555222,95.38267875125881,0.31635327546300296,False
3392,1.201681991620676,95.38267875125881,0.3684334050494859,False
3393,1.1751172867945407,95.38267875125881,0.4093480108111806,False
3394,1.1461683299371317,95.38267875125881,0.4425157710073267,False
3395,1.114696123966521,95.38267875125881,0.46986093772012083,False
3396,1.0805333164475432,94.98887540453075,0.49487571814612064,False
3397,1.043475862219766,95.2675941911242,0.494044437487107,False
3398,1.0032709271829536,95.2482920363006,0.5199300807585451,False
3399,0.9595986573441049,95.22932022932022,0.5211868618691741,False
3400,0.9120433642792949,95.21068859198355,0.5368543801723505,False
3401,0.8600451249809193,95.19240689157124,0.551141919585863,False
3402,0.8028116417452926,95.17448482965725,0.5641451450660578,False
3403,0.7391385203526044,95.15693203076283,0.5759474188546547,False
3404,0.6669740736911405,94.4409678765123,0.5541179968027101,False
3405,0.5819881552488824,95.21193092621664,0.5676841318423811,False
3406,0.4637773498877516,95.02808841287342,0.5787637175939411,False
3407,0.40907313904382653,95.16485831665437,0.5819494528685584,False
3408,0.40907313904382653,94.81164474031806,0.5875746367890274,False
3409,0.40907313904382653,95.20932697403286,0.6236448687950598,False
3410,0.40907313904382653,95.99914648458338,0.5933229169000642,False
3411,0.40907313904382653,95.63984592338969,0.6202603092272457,False
3412,0.40907313904382653,96.07296137339056,0.6070222570753001,False
3413,0.40907313904382653,96.05831533477321,0.6105197960073152,False
3414,0.40907313904382653,96.04390827084012,0.6580518782103925,False
3415,0.40907313904382653,96.02974953516352,0.6962254894525406,False
3416,0.40907313904382653,96.01584855822144,0.6856200872261512,False
3417,0.40907313904382653,95.27685492801771,0.7372797806926716,False
3418,0.40907313904382653,96.07799442896936,0.7631092573097226,False
3419,0.40907313904382653,95.58774373259052,0.7984182456119302,False
3420,0.40907313904382653,95.99442896935933,0.8189432220458706,False
3421,0.4637773498877516,95.99442896935933,0.8373173753681248,False
3422,0.5140912790181235,95.99442896935933,0.8531078357829813,False
3423,0.560576942614533,95.99442896935933,0.8673068673589409,False
3424,0.603652249754401,95.61559888579387,0.8706471766468725,False
3425,0.6436394131461666,96.06128133704735,0.8837429821094632,False
3426,0.6807937753703206,96.04181808016996,0.895871367740766,False
3427,0.7153220528038851,95.28778189161898,0.9111688899479876,False
3428,0.7473944462440387,96.04885461811223,0.9190705200718379,False
3429,0.7771529943226336,96.5272696572297,0.907824551507682,False
3430,0.804717519321077,95.75945793337098,0.9182258495594021,False
3431,0.8301899714180443,96.59020107618238,0.8945314601564339,False
3432,0.8536576732793313,96.38540607703604,0.892505218926872,False
3433,0.875195788740725,96.6326932822794,0.8798228392556833,False
3434,0.8948692308065574,97.14510952193254,0.8349296582272572,False
3435,0.9127341558073343,97.14253444770725,0.7934217822203107,False
3436,0.9127341558073343,96.39843705759102,0.7891116092662549,False
3437,0.9127341558073343,97.2007722007722,0.748382447848643,False
3438,0.9127341558073343,97.2007722007722,0.7088589867734811,False
3439,0.9127341558073343,97.2007722007722,0.6723604397819684,False
3440,0.9127341558073343,97.2007722007722,0.6384322585744995,False
3441,0.9288391461883214,97.2007722007722,0.6045282820492607,False
3442,0.9432261548473415,97.2007722007722,0.5779590289399903,False
3443,0.9559312637896478,97.2007722007722,0.5480335587327319,False
3444,0.9669852958320848,96.72950261185555,0.545215642534617,False
3445,0.976414308115487,97.26890756302521,0.5117857307417261,False
3446,0.9842399889605549,97.26760403028406,0.4795686389327828,False
3447,0.9904799742690308,97.26660579776306,0.4480382291343279,False
3448,0.995148095654003,97.26591546073328,0.42000983419363425,False
3449,0.9982545693874831,97.26553542765421,0.3933666725548381,False
3450,0.999806132804711,97.26546791520653,0.3695853167358994,False
3451,0.999806132804711,96.52314068616164,0.3802916864566815,False
3452,0.9982545693874831,97.32971913028433,0.35766612478293774,False
3453,0.995148095654003,97.33394621925994,0.3370021463014676,False
3454,0.9904799742690308,97.3384465685994,0.3184207273143002,False
3455,0.9842399889605549,97.34321550741163,0.29826541537410833,False
3456,0.976414308115487,97.15518709897223,0.29785957795040163,False
3457,0.9669852958320848,97.39312372766342,0.2844117120511252,False
3458,0.9559312637896478,97.39494846528486,0.2754890993107894,False
3459,0.9432261548473415,97.39707383463764,0.26904255722340076,False
3460,0.9288391461883214,97.39950034067681,0.26392524316162974,False
3461,0.9127341558073343,97.40222828558436,0.2615191215834701,False
3462,0.8948692308065574,96.70536019119153,0.24619015627311627,False
3463,0.875195788740725,97.44845654402552,0.24162472278642194,False
3464,0.8536576732793313,97.44845654402552,0.23842235735699965,False
3465,0.8301899714180443,97.44845654402552,0.23561117024878786,False
3466,0.804717519321077,97.44845654402552,0.2331979909630685,False
3467,0.804717519321077,97.44845654402552,0.23210163213596124,False
3468,0.7771529943226336,97.44845654402552,0.23132606986283202,False
3469,0.7473944462440387,97.44845654402552,0.2308628465608307,False
3470,0.7473944462440387,97.44845654402552,0.2307020466118341,False
3471,0.7153220528038851,96.84474313703156,0.21345093081172245,False
3472,0.6807937753703206,97.52249686752478,0.2091573763696459,False
3473,0.6436394131461666,97.52820454674301,0.20412633163389277,False
3474,0.603652249754401,97.53413835910168,0.19931535774865636,False
3475,0.603652249754401,97.35497276351997,0.20204609640413806,False
3476,0.603652249754401,97.57460601318878,0.19654323195441073,False
3477,0.603652249754401,97.57884142250056,0.21345495735190076,False
3478,0.603652249754401,97.58335198030879,0.20795144325495618,False
3479,0.603652249754401,97.58813654168998,0.20242404922020693,False
3480,0.603652249754401,97.59319377588716,0.22200397082892193,False
3481,0.603652249754401,97.59852216748769,0.21922996636899025,False
3482,0.6436394131461666,97.60412001791312,0.21684104067987198,False
3483,0.6807937753703206,97.60998544721818,0.21433961187910316,False
3484,0.7153220528038851,97.61611639619474,0.2117366347449181,False
3485,0.7473944462440387,97.62251062877601,0.20904151639631013,False
3486,0.7771529943226336,97.62916573473495,0.20609711429335778,False
3487,0.804717519321077,97.63607913267018,0.20339339485415525,False
3488,0.8301899714180443,97.64324807327152,0.2005868008111085,False
3489,0.8536576732793313,97.65066964285714,0.1976829217632357,False
3490,0.875195788740725,97.65834076717216,0.19468645421198774,False
3491,0.8948692308065574,97.66625821543946,0.19160127019444292,False
3492,0.9127341558073343,97.67441860465117,0.18843048290318865,False
3493,0.9288391461883214,97.6828184040898,0.18620981710839415,False
3494,0.9432261548473415,97.6914539400666,0.18388094357502963,False
3495,0.9559312637896478,97.70032140086445,0.1814507866872162,False
3496,0.9669852958320848,97.7094168418723,0.17892642307735487,False
3497,0.976414308115487,97.11187340931725,0.14874166099390504,False
3498,0.9842399889605549,97.67621998450814,0.14706939207918363,False
3499,0.9904799742690308,97.67621998450814,0.14568265426454233,False
3500,0.995148095654003,97.09527498063517,0.10185933816549167,False
3501,0.9982545693874831,97.72601527055438,0.09588990091656747,False
3502,0.999806132804711,97.72501927949763,0.09215146920697267,False
3503,0.999806132804711,97.72428164071069,0.08887439081037113,False
3504,0.9982545693874831,97.72379912663756,0.08606004330442209,False
3505,0.995148095654003,97.72356840160818,0.08219635046298683,False
3506,0.9904799742690308,97.72358602790094,0.0812924280621043,False
3507,0.9842399889605549,97.7238484718037,0.18446238322409472,False
3508,0.976414308115487,97.72435210965945,0.24141707797836276,False
3509,0.9669852958320848,97.72509323388385,0.2842948632281512,False
3510,0.9559312637896478,97.72606805894202,0.31891996887891616,False
3511,0.9432261548473415,97.72727272727273,0.34612905123892257,False
3512,0.9288391461883214,97.72870331514898,0.36947510365434527,False
3513,0.9127341558073343,97.73035583846395,0.3897180345625586,False
3514,0.8948692308065574,97.7322262584328,0.407384088852254,False
3515,0.875195788740725,97.73431048720066,0.4228584333455941,False
3516,0.875195788740725,97.73660439334839,0.43643523238802173,False
3517,0.875195788740725,97.73910380728795,0.4483469280127756,False
3518,0.875195788740725,97.74180452654014,0.4587824212125353,False
3519,0.875195788740725,97.744702320888,0.4678989149745724,False
3520,0.875195788740725,97.74779293739968,0.47582993607008606,False
3521,0.875195788740725,97.75107210531564,0.4826909480968122,False
3522,0.875195788740725,97.75453554079509,0.48858338833481,False
3523,0.875195788740725,97.75817895151754,0.4935976397514924,False
3524,0.875195788740725,97.76199804113614,0.49781526336386867,False
3525,0.875195788740725,97.72218436678672,0.5015609792844837,False
3526,0.9665364727522964,97.7798200638483,0.5043057380228705,False
3527,1.0236982481827188,98.4374244110106,0.4785459677189255,False
3528,1.090864890696142,98.4374244110106,0.4542989104187542,False
3529,1.1261358508278745,98.4374244110106,0.43019868441993286,False
3530,1.1538530565800795,98.4374244110106,0.4062602514890378,False
3531,1.201681991620676,98.4374244110106,0.3840614740784855,False
3532,1.2189859772419214,98.4374244110106,0.36205828402308426,False
3533,1.2310786130055862,98.4374244110106,0.3402871809801059,False
3534,1.2382339767869435,98.4374244110106,0.342611425585051,False
3535,1.2406030082663506,98.4374244110106,0.3234894770150681,False
3536,1.2725381154419293,98.4374244110106,0.3047068364361064,False
3537,1.301728854068539,98.4374244110106,0.2864477793773043,False
3538,1.3283399146847867,98.4374244110106,0.26891957158945234,False
3539,1.3584547364298434,98.4374244110106,0.28549279057057725,False
3540,1.3857772327036844,98.4374244110106,0.2719016885155503,False
3541,1.410469497157276,98.4374244110106,0.25933932290301026,False
3542,1.4326648482653093,98.4374244110106,0.24784598353890944,False
3543,1.4524737111892643,98.4374244110106,0.23745576672865312,False
3544,1.4699878894344567,98.4374244110106,0.2281935606877618,False
3545,1.4852837267582453,98.4374244110106,0.2200717804628831,False
3546,1.4984244813325356,98.4374244110106,0.21308716570573866,False
3547,1.5094621252684286,98.4374244110106,0.2072180522618247,False
3548,1.5184387137728148,98.4374244110106,0.20242255695909123,False
3549,1.5253874232579385,98.4374244110106,0.19863803917986797,False
3550,1.530333327439556,98.4374244110106,0.19578201910324108,False
3551,1.5332939593741384,98.4374244110106,0.19375448070652207,False
3552,1.5342796921456783,98.4374244110106,0.19244124047925823,False
3553,1.5332939593741386,98.4374244110106,0.19171789476398776,False
3554,1.5303333274395563,97.80368632383532,0.14456920333278553,False
3555,1.5253874232579383,98.46161288762033,0.14357553436158696,False
3556,1.5184387137728148,98.451862602806,0.14345137022782076,False
3557,1.5094621252684286,98.44226210633255,0.14376870035156122,False
3558,1.4984244813325358,98.43281416271645,0.14413998389386737,False
3559,1.485283726758245,97.8190434740558,0.05457188993459549,False
3560,1.469987889434457,98.45789422798028,0.05389136084574637,False
3561,1.4524737111892643,98.45789422798028,0.14234446387113464,False
3562,1.4326648482653093,98.45789422798028,0.14203287991087654,False
3563,1.410469497157276,98.45789422798028,0.14146966862713153,False
3564,1.3857772327036844,98.45789422798028,0.14102104539028856,False
3565,1.3584547364298434,98.45789422798028,0.14044677896049848,False
3566,1.3283399146847865,98.45789422798028,0.13988910022470458,False
3567,1.2952336017523502,98.45789422798028,0.13934815848167967,False
3568,1.2588874993443833,98.45789422798028,0.13882386962144005,False
3569,1.2189859772419214,98.45789422798028,0.13831594578558615,False
3570,1.175117286794541,98.45789422798028,0.13779207654961997,False
3571,1.1267251857192597,98.45789422798028,0.13727594407347615,False
3572,1.0730208202534555,98.45789422798028,0.13676906632476268,False
3573,1.0128030232541478,98.45789422798028,0.13627334337807345,False
3574,0.9440231356865455,98.45789422798028,0.20394098930922222,False
3575,0.8623538561746379,98.45789422798028,0.2036380785744804,False
3576,0.7473944462440387,98.45789422798028,0.2033380118375065,False
3577,0.7473944462440387,98.45789422798028,0.2030420975650576,False
3578,0.7473944462440387,98.45789422798028,0.20275165165269207,False
3579,0.7473944462440387,98.45789422798028,0.20246799716617325,False
3580,0.7473944462440387,98.45789422798028,0.2636010899182388,False
3581,0.7473944462440387,97.8190434740558,0.28764582354846585,False
3582,0.7473944462440387,98.43281416271645,0.2881895414147739,False
3583,0.7473944462440387,98.37406289553111,0.28875279256575925,False
3584,0.7473944462440387,98.41759749167157,0.28916495280667304,False
3585,0.7473944462440387,98.41747189903371,0.2895531137273051,False
3586,0.7473944462440387,98.41750173628336,0.28985727663103794,False
3587,0.7153220528038851,98.41768992712389,0.29008697565317915,False
3588,0.6807937753703206,98.41803937324227,0.2902517621039335,False
3589,0.6436394131461666,98.41855295068714,0.2903612110661735,False
3590,0.603652249754401,98.41923350615025,0.2904400372550745,False
3591,0.560576942614533,98.42008385315472,0.2904862218546904,False
3592,0.5140912790181235,98.4211067681547,0.33096555851334475,False
3593,0.4637773498877516,98.4223049865508,0.331208792922954,False
3594,0.40907313904382653,97.73949927581212,0.29450781385961566,False
3595,0.3491843735073079,98.3860955927995,0.29484898656053987,False
3596,0.2829047929798921,98.3860955927995,0.2952173144465237,False
3597,0.208180945557171,98.3860955927995,0.2956062525098712,False
3598,0.12068101401352381,98.3860955927995,0.2960088125299311,False
3599,-0.0,98.3860955927995,0.2964177200962277,False
3600,-0.0,97.62771823951722,0.24392965659136942,False
3601,-0.0,97.57162914045031,0.17013609082831282,False
3602,-0.0,98.23722115334616,0.16963227658599933,False
3603,-0.0,98.23722115334616,0.1692807045026999,False
3604,-0.0,98.23722115334616,0.16905659627353078,False
3605,-0.0,98.23722115334616,0.16942537345543263,False
3606,-0.0,98.23722115334616,0.16988200601143227,False
3607,-0.0,98.23722115334616,0.17039943011401976,False
3608,-0.0,98.23722115334616,0.17095205412033965,False
3609,-0.0,98.23722115334616,0.1715160098352958,False
3610,-0.0,98.23722115334616,0.17206934939266427,False
3611,-0.0,98.23722115334616,0.17315581853975495,False
3612,-0.0,97.5652897721361,0.0738463449726679,False
3613,-0.0,98.18891491022639,0.07689932319280245,False
3614,-0.0,98.17803227485685,0.07959766649210366,False
3615,-0.0,98.16733482584475,0.08201273577345357,False
3616,-0.0,98.15682599187754,0.08415866271455322,False
3617,0.12068101401352381,98.14650908522934,0.08604951905368192,False
3618,0.208180945557171,98.13638729828214,0.08769954759024068,False
3619,0.2829047929798921,98.1264637002342,0.08912332038122892,False
3620,0.3491843735073079,98.1167412340027,0.09033584305530354,False
3621,0.40907313904382653,98.10722271332745,0.09135261605804149,False
3622,0.4637773498877516,98.09791082008107,0.09218965845529586,False
3623,0.5140912790181235,98.08880810179174,0.09399210372401985,False
3624,0.560576942614533,98.07991696938247,0.09564805891227793,False
3625,0.603652249754401,98.07123969513144,0.09632964036770142,False
3626,0.6436394131461666,98.06277841085672,0.1538153203597395,False
3627,0.6807937753703206,98.05453510632793,0.15290343679015622,False
3628,0.7153220528038851,98.04651162790698,0.23328904620834168,False
3629,0.7473944462440387,98.03870967741935,0.24337266089474707,False
3630,0.7771529943226336,98.03113081125657,0.2520494638294345,False
3631,0.804717519321077,98.02377643970974,0.4304289944030721,False
3632,0.8301899714180443,98.01664782653376,0.5468915474114752,False
3633,0.8536576732793313,98.0097460887407,0.636731095257293,False
3634,0.875195788740725,98.00307219662058,0.6370512536987176,False
3635,0.8948692308065574,97.99662697398682,0.7109409314366522,False
3636,0.9127341558073343,97.99041109864328,0.7732280478274302,False
3637,0.9288391461883214,97.98442510306917,0.8266813846765233,False
3638,0.9432261548473415,97.97866937531742,0.8730621033120006,False
3639,0.9559312637896478,97.9731441601216,0.9135815736843751,False
3640,0.9669852958320848,97.96784956020625,0.9491216890711581,False
3641,0.976414308115487,97.96278553779436,0.9803531153473185,False
3642,0.9842399889605549,97.9579519163062,1.0078040597961293,False
3643,0.9904799742690308,97.95334838224228,1.031800625959613,False
3644,0.995148095654003,97.94897448724362,1.0528027997688594,False
3645,0.9982545693874831,97.94482965032175,1.0711116258016384,False
3646,0.999806132804711,97.49328558639212,1.0804061775122347,False
3647,0.999806132804711,97.98681013536967,1.094337575078968,False
3648,0.9982545693874831,98.80001983438291,1.0920037974442809,False
3649,0.995148095654003,98.34898665348493,1.0999178705602153,False
3650,0.9904799742690308,98.33910034602076,1.106424913710358,False
3651,0.9842399889605549,99.60827093767045,1.0572093455143403,False
3652,0.976414308115487,99.60827093767045,1.007949635299437,False
3653,0.9669852958320848,99.60827093767045,0.9586875822738448,False
3654,0.9559312637896478,98.33910034602076,0.9621845965952402,False
3655,0.9432261548473415,99.62059620596206,0.9117565469869607,False
3656,0.9288391461883214,99.62059620596206,0.861538431753329,False
3657,0.9127341558073343,99.62059620596206,0.8114174027978887,False
3658,0.8948692308065574,99.62059620596206,0.7617484955378128,False
3659,0.875195788740725,99.62059620596206,0.712885427604798,False
3660,0.8536576732793313,99.62059620596206,0.6647711888248817,False
3661,0.8301899714180443,99.62059620596206,0.617522532402703,False
3662,0.804717519321077,99.62059620596206,0.5713736372750081,False
3663,0.7771529943226336,99.62059620596206,0.5363348820470873,False
3664,0.7473944462440387,99.62059620596206,0.4933105591230559,False
3665,0.7153220528038851,99.62059620596206,0.4517334129250201,False
3666,0.6807937753703206,99.62059620596206,0.41161298219737685,False
3667,0.6436394131461666,99.62059620596206,0.37304781122656105,False
3668,0.603652249754401,99.62059620596206,0.3361551420881883,False
3669,0.560576942614533,99.62059620596206,0.3010768276507873,False
3670,0.5140912790181235,99.62059620596206,0.2679872731814562,False
3671,0.4637773498877516,99.62059620596206,0.23710374655404223,False
3672,0.40907313904382653,99.62059620596206,0.20869868699438562,False
3673,0.3491843735073079,99.62059620596206,0.18311141709897547,False
3674,0.2829047929798921,99.62059620596206,0.16075114142817412,False
3675,0.208180945557171,99.62059620596206,0.3756594455963555,False
3676,0.12068101401352381,99.62059620596206,0.3703788609830914,False
3677,-0.0,99.62059620596206,0.3674183051257215,False
3678,-0.0,99.62059620596206,0.36581640756429123,False
3679,-0.0,99.62059620596206,0.3833858823998905,False
3680,-0.0,99.62059620596206,0.3829044678039714,False
3681,-0.0,99.62059620596206,0.3827816424082417,False
3682,-0.0,99.62059620596206,0.38265829637159193,False
3683,-0.0,99.1151754819575,0.3684314875417223,False
3684,-0.0,99.56364357613924,0.36843356963497964,False
3685,-0.0,99.56231970556053,0.38467487863127864,False
3686,-0.0,99.56103157579687,0.38519680641237125,False
3687,-0.0,99.55977988994498,0.3858451749245239,False
3688,-0.0,99.55856533734638,0.38662698867475287,False
3689,-0.0,99.55738859269691,0.3875481142886449,False
3690,-0.0,99.55625031516313,0.38861329182056276,False
3691,-0.0,99.55515114750783,0.38982615221408323,False
3692,-0.0,99.55409171522676,0.3911892410975326,False
3693,-0.0,99.55307262569832,0.3927040489091849,False
3694,-0.0,99.55209446734871,0.39403667759996874,False
3695,-0.0,98.02514378785565,0.1883139671873112,False
3696,-0.0,99.55209446734871,0.19153625370496297,False
3697,-0.0,99.55307262569832,0.1948774431738617,False
3698,-0.0,99.55409171522676,0.1968880737212834,False
3699,-0.0,98.9916392196605,0.16257846213271998,False
3700,-0.0,99.48821890043071,0.16742104607805183,False
3701,0.12068101401352381,99.48821890043071,0.17197197994241198,False
3702,0.208180945557171,99.48821890043071,0.17624952598830176,False
3703,0.3280668831792932,99.48821890043071,0.18026907432547695,False
3704,0.4147581439991112,99.48821890043071,0.1840436972442413,False
3705,0.48865925334338955,98.98150494046111,0.1512743241753701,False
3706,0.5541015302865538,99.55409171522676,0.15163391317223787,False
3707,0.6131379016405237,99.56118228588721,0.15155996374507874,False
3708,0.6669740736911405,99.56825141824389,0.15103796466538955,False
3709,0.7164037343212466,99.57529729189568,0.1500515880028484,False
3710,0.7619882811604882,99.58231813435434,0.20946272653586895,False
3711,0.804144968682279,99.58931222167244,0.20729326948634347,False
3712,0.843195316078971,99.59627787898184,0.20478369412352293,False
3713,0.8793939303559065,99.60321348094445,0.20191815914484756,False
3714,0.8793939303559065,99.61011745211755,0.19934189445573205,False
3715,0.8793939303559065,99.61698826723553,0.19650154624849814,False
3716,0.8793939303559065,99.62382445141066,0.19330292434700652,False
3717,0.8793939303559065,99.6306245802552,0.18984861455580773,False
3718,0.8793939303559065,99.59921751991985,0.2216291882723438,False
3719,0.8793939303559065,99.6536015943817,0.21798098894092513,False
3720,0.9129467467841513,99.6536015943817,0.21439840715643893,False
3721,0.9822408213425595,99.6536015943817,0.2116373196553898,False
3722,1.0429842335712594,99.6536015943817,0.20847887911707844,False
3723,1.0972261621017099,99.6536015943817,0.2054750064270782,False
3724,1.1461683299371317,99.6536015943817,0.20262902313592868,False
3725,1.1906001864191973,99.6536015943817,0.19994254951314902,False
3726,1.2310786130055862,99.6536015943817,0.27731577167478705,False
3727,1.2680160454788014,99.6536015943817,0.2771133494550894,False
3728,1.301728854068539,99.6536015943817,0.2768439173536427,False
3729,1.3324661355215683,99.6536015943817,0.2765311074364061,False
3730,1.3604279187829045,98.91036573810878,0.23337763870120015,False
3731,1.3857772327036844,99.60272417707151,0.23356611614671752,False
3732,1.3857772327036844,99.60343688037013,0.23367705968151226,False
3733,1.3857772327036844,99.60418433700876,0.23372482799853167,False
3734,1.3857772327036844,99.60496613995485,0.23372366098254238,False
3735,1.3857772327036844,99.60578186596584,0.23368769328307906,False
3736,1.3857772327036844,99.60663107614498,0.2337057123465573,False
3737,1.3857772327036844,99.60751331651248,0.23370101232767204,False
3738,1.3857772327036844,99.07018035697598,0.2025190956567186,False
3739,1.3857772327036844,99.54677132978226,0.20245491315973366,False
3740,1.3857772327036844,99.54677132978226,0.2023935279225257,False
3741,1.3857772327036844,99.49283869452923,0.2017676699687133,False
3742,1.3857772327036844,99.51864086833412,0.2016606320735126,False
3743,1.3857772327036844,99.51154739887134,0.2811099583555822,False
3744,1.3857772327036844,99.5044315257791,0.2811994603781256,False
3745,1.3857772327036844,99.49729496816201,0.28110700880412065,False
3746,1.3857772327036844,98.6963995797918,0.20403787302928203,False
3747,1.3857772327036844,99.4380684794514,0.20314098961180216,False
3748,1.3857772327036844,99.43964289106277,0.20232478786777475,False
3749,1.3857772327036844,99.44126142336285,0.20169424412452516,False
3750,1.3857772327036844,99.44292323671041,0.22143067106603817,False
3751,1.3857772327036844,99.44462747682026,0.22165308263857786,False
3752,1.3857772327036844,99.44637327578117,0.29872723206109164,False
3753,1.3857772327036844,99.44815975307488,0.2994648925003919,False
3754,1.3857772327036844,99.44998601659364,0.3000386729359661,False
3755,1.3857772327036844,99.45185116365495,0.3024673777381158,False
3756,1.3857772327036844,99.45375428201092,0.3034179767731962,False
3757,1.3857772327036844,99.45569445085106,0.3234123024764582,False
3758,1.3857772327036844,99.37945725664537,0.32531930348857896,False
3759,1.3857772327036844,99.42355074148111,0.32734823340599695,False
3760,1.3857772327036844,99.41670555296314,0.32909543721664886,False
3761,1.3857772327036844,99.40986370661795,0.330448640422563,False
3762,1.3604279187829045,99.40302716931465,0.33155914506538664,False
3763,1.3324661355215683,98.56728158067234,0.268510389721185,False
3764,1.3038818925522595,99.3378101100541,0.26909700261639646,False
3765,1.2725381154419293,99.34051644064648,0.2696080702374577,False
3766,1.2382339767869435,99.34326149292387,0.27004261467385565,False
3767,1.200719639829801,99.34604402689509,0.27040012994936047,False
3768,1.1596780472087271,99.34886280264124,0.2706806021419468,False
3769,1.114696123966521,99.35171658144631,0.2708291221434145,False
3770,1.0972261621017099,98.9636596055515,0.2546335190226763,False
3771,1.0730208202534555,99.28323593864134,0.25416526355164265,False
3772,1.041018523939755,98.45468593764203,0.1561269331639458,False
3773,0.9992889743797903,99.21274092842276,0.15441536021080512,False
3774,0.9186594970880806,99.21635741307873,0.1532286192811558,False
3775,0.9186594970880806,99.1237183251276,0.14833074976266125,False
3776,0.9186594970880806,99.17557528537779,0.16079159242472407,False
3777,0.9186594970880806,98.79960137706107,0.1168376533729134,False
3778,0.9186594970880806,99.10309838738902,0.11158349728357869,False
3779,0.9186594970880806,99.10309838738902,0.1070418895935318,False
3780,0.9186594970880806,99.10309838738902,0.10326285728716224,False
3781,0.804717519321077,99.10309838738902,0.09974378877543313,False
3782,0.7771529943226336,99.10309838738902,0.09691004177311978,False
3783,0.7473944462440387,99.10309838738902,0.09383171216963553,False
3784,0.7153220528038851,99.10309838738902,0.0913187853891771,False
3785,0.6807937753703206,99.10309838738902,0.0893575360406705,False
3786,0.6436394131461666,99.10309838738902,0.08784049924701345,False
3787,0.603652249754401,99.10309838738902,0.0867694056075408,False
3788,0.560576942614533,99.10309838738902,0.08586421421880527,False
3789,0.5140912790181235,99.10309838738902,0.08519482491987151,False
3790,0.4637773498877516,99.10309838738902,0.08476720216120785,False
3791,0.40907313904382653,99.10309838738902,0.0845260997874202,False
3792,0.3491843735073079,99.10309838738902,0.08441708892981321,False
3793,0.3491843735073079,99.10309838738902,0.08438755856247271,False
3794,0.3491843735073079,99.10309838738902,0.08414692240142012,False
3795,0.3491843735073079,99.10309838738902,0.0840241599164708,False
3796,0.3491843735073079,98.81772060155825,0.05117432637091108,False
3797,0.3491843735073079,99.18010509150209,0.04785167892186694,False
3798,0.3491843735073079,99.17622428545421,0.0441678534580093,False
3799,0.3491843735073079,99.17238225880202,0.040000453938204776,False
3800,0.3491843735073079,99.16858061552595,0.03514776438369794,False
3801,0.3491843735073079,99.16482096714655,0.031033586828470128,False
3802,0.3491843735073079,99.16110493140526,0.026355519316309417,False
3803,0.40907313904382653,99.15743413090028,0.024594394438958212,False
3804,0.4637773498877516,99.15381019167836,0.023015502814010217,False
3805,0.5140912790181235,99.15023474178403,0.021619474076674833,False
3806,0.560576942614533,99.14670940976805,0.020745276975164824,False
3807,0.603652249754401,99.1432358231563,0.021117529384241746,False
3808,0.6436394131461666,99.13981560688147,0.022472213118406182,False
3809,0.6807937753703206,99.1364503816794,0.023871245967236995,False
3810,0.7153220528038851,99.13314176245211,0.02526098698236519,False
3811,0.7473944462440387,99.12989135660033,0.026603307209285776,False
3812,0.7771529943226336,99.12670076232752,0.027871281227697584,False
3813,0.804717519321077,99.12357156691846,0.029045931209652393,False
3814,0.8301899714180443,99.12050534499514,0.04492118771354004,False
3815,0.8301899714180443,99.1175036567528,0.04984712534632635,False
3816,0.8301899714180443,99.11456804617943,0.0549477977896199,False
3817,0.8301899714180443,99.11170003926188,0.06018994722945413,False
3818,0.8301899714180443,99.10890114218196,0.0655470988121188,False
3819,0.8536576732793313,99.10617283950617,0.17818485611263213,False
3820,0.875195788740725,99.10351659237246,0.1822469414407658,False
3821,0.8948692308065574,99.10093383667792,0.18589152540697207,False
3822,0.9127341558073343,99.09842598127116,0.1891525399265534,False
3823,0.9288391461883214,99.09599440615324,0.19205979844579155,False
3824,0.9432261548473415,99.09364046069103,0.20252387577904568,False
3825,0.9559312637896478,99.09136546184739,0.20797708424621783,False
3826,0.9669852958320848,99.08917069243157,0.21337489578967797,False
3827,0.976414308115487,99.08705739937456,0.21862334406931264,False
3828,0.9842399889605549,99.08502679203316,0.22382318023801936,False
3829,0.9904799742690308,99.08308004052685,0.22896280801479033,False
3830,0.995148095654003,99.08121827411168,0.2340310696394722,False
3831,0.995148095654003,99.07944257959515,0.23901722860126787,False
3832,0.995148095654003,99.07775399979619,0.24391095629282,False
3833,0.995148095654003,99.0761535320539,0.24870232268595108,False
3834,0.995148095654003,98.95694173260713,0.25117974819318156,False
3835,0.9982545693874831,99.00693079548981,0.2549774596341155,False
3836,0.999806132804711,98.99521032902958,0.25852554380073317,False
3837,0.999806132804711,98.9834416264934,0.26181477950962223,False
3838,0.9982545693874831,98.97162746545723,0.26483675992767974,False
3839,0.995148095654003,98.3416952733034,0.21187712749057327,False
3840,0.9904799742690308,98.8841882601798,0.2134673725165192,False
3841,0.9842399889605549,98.88282945941653,0.21515833524409153,False
3842,0.976414308115487,98.88158592176401,0.2937578875005247,False
3843,0.9669852958320848,98.88045842839709,0.29751639504541394,False
3844,0.9559312637896478,98.73478539397821,0.2953287875353778,False
3845,0.9432261548473415,98.79692786938074,0.2957046553359875,False
3846,0.9288391461883214,98.78430948778906,0.2953754539126321,False
3847,0.9127341558073343,98.77167237349856,0.2944136058518988,False
3848,0.8948692308065574,98.75902033675924,0.29288519501292054,False
3849,0.875195788740725,98.74635728817287,0.29085124738582924,False
3850,0.875195788740725,98.73368723733687,0.28890758885840595,False
3851,0.875195788740725,98.7210142912751,0.29931883130855474,False
3852,0.875195788740725,98.70834265265042,0.2993842982042728,False
3853,0.875195788740725,98.69567661775454,0.2993379739032291,False
3854,0.875195788740725,98.68302057427086,0.29917738371113195,False
3855,0.875195788740725,98.67037899880675,0.29907274628445224,False
3856,0.875195788740725,98.65775645419237,0.36179983441792074,False
3857,0.875195788740725,98.64515758654343,0.49950674666837075,False
3858,0.8536576732793313,98.63258712208632,0.5391502742716333,False
3859,0.8301899714180443,98.62004986374441,0.5728345712909153,False
3860,0.804717519321077,98.60755068748543,0.6524572238298784,False
3861,0.8916091590804429,98.59509453843002,0.6676180124683345,False
3862,0.9440231356865454,97.8750804893754,0.6948859958370963,False
3863,0.9822408213425595,98.48387285605573,0.7000679328514932,False
3864,1.0429842335712594,98.48387285605573,0.7041061241485178,False
3865,1.0972261621017096,98.48387285605573,0.7071071897900754,False
3866,1.1267251857192595,98.48387285605573,0.7092598757109677,False
3867,1.1538530565800795,98.48387285605573,0.7107060377058376,False
3868,1.1787269834988532,98.48387285605573,0.7115776957226769,False
3869,1.2014461200230289,98.48387285605573,0.7119983242749388,False
3870,1.2220947914756688,98.48387285605573,0.7118653593701634,False
3871,1.2407449439357603,98.21806633733239,0.7062412000200382,False
3872,1.2574580300524587,98.38719206002244,0.7046506281224463,False
3873,1.2722864781512913,98.37408022786613,0.7042176097483197,False
3874,1.2852748466470731,98.36104654627809,0.702706500883275,False
3875,1.2964607361371667,98.34809672013407,0.7012636715857172,False
3876,1.2964607361371667,97.61277970563599,0.6696229013502123,False
3877,1.2964607361371667,96.95464879741535,0.5727702867658153,False
3878,1.3287344279695676,97.51705157353118,0.5342301328179071,False
3879,1.3559212235520337,97.51705157353118,0.5076303361721705,False
3880,1.391334586143604,96.95464879741535,0.4083550666233757,False
3881,1.4230670603378361,97.64269474691875,0.3912064424767031,False
3882,1.4514270347987224,97.01939190806799,0.28818577809866225,False
3883,1.4608248015713592,97.75502873563218,0.2848266486688645,False
3884,1.4683074126843,97.77062470195517,0.2854696102495511,False
3885,1.4738989153366922,97.78635014836796,0.28963003487917405,False
3886,1.4776169519137876,97.8021978021978,0.29673050013489427,False
3887,1.4794731020725562,97.81816043283933,0.304492376047031,False
3888,1.4794731020725562,97.83423085928354,0.31123667813395917,False
3889,1.4776169519137876,97.85040195735756,0.31797555548187695,False
3890,1.4776169519137876,97.86666666666666,0.3244879209851339,False
3891,1.4776169519137876,97.88301799723119,0.33092114519960686,False
3892,1.4738989153366922,97.89944903581267,0.34106783419587433,False
3893,1.4683074126842999,97.77891972136577,0.34624181614909794,False
3894,1.4608248015713592,98.00636146768147,0.35255678733313917,False
3895,1.4766549183659508,98.00636146768147,0.3576821875586265,False
3896,1.489148966540959,98.00636146768147,0.361736984284552,False
3897,1.489148966540959,98.00636146768147,0.3648165498027306,False
3898,1.489148966540959,98.00636146768147,0.3669969852766494,False
3899,1.489148966540959,97.3758945813927,0.3531404155979034,False
3900,1.489148966540959,97.40894368998238,0.3428748594252825,False
3901,1.489148966540959,98.2019676580346,0.3324365994551919,False
3902,1.489148966540959,98.2019676580346,0.3212301569728724,False
3903,1.489148966540959,98.2019676580346,0.3088568874410762,False
3904,1.489148966540959,98.2019676580346,0.29516367978169084,False
3905,1.489148966540959,98.2019676580346,0.2801877188931397,False
3906,1.489148966540959,98.2019676580346,0.26377000865483174,False
3907,1.489148966540959,98.2019676580346,0.2477569266196007,False
3908,1.489148966540959,98.2019676580346,0.233975817703475,False
3909,1.489148966540959,98.2019676580346,0.22104822785861888,False
3910,1.489148966540959,98.2019676580346,0.20883285180637776,False
3911,1.498941259446481,97.60827773380075,0.19700560053068258,False
3912,1.506734817815005,98.29243469410834,0.1782208065302905,False
3913,1.5125568756434098,98.2863929419749,0.16253444422682273,False
3914,1.5164273757656148,98.28054298642535,0.14770228651520995,False
3915,1.5183593905083006,98.27488687782805,0.13370637693118487,False
3916,1.5183593905083006,98.26942653545979,0.12052787567888994,False
3917,1.5164273757656148,98.2641637453353,0.10814693646935726,False
3918,1.5125568756434098,98.25910015826362,0.09654253618554356,False
3919,1.5125568756434098,98.2542372881356,0.08569223504385606,False
3920,1.5125568756434098,98.24957651044608,0.0755718313324775,False
3921,1.5125568756434098,98.24511906105406,0.06615485052959356,False
3922,1.4919310878474152,98.24086603518268,0.05780575489449958,False
3923,1.4683074126843,98.23681838666066,0.050124456937320615,False
3924,1.441499001640642,98.23297692740574,0.0436896166812612,False
3925,1.4112687927757768,98.22934232715008,0.0376495904293208,False
3926,1.3773114348674147,98.22591511340669,0.03200148206842044,False
3927,1.3675380544221296,98.22269567167527,0.02674346149065435,False
3928,1.3559212235520337,98.21968424588512,0.02187508996346055,False
3929,1.3424256522693587,98.21688093907211,0.09061759792870738,False
3930,1.3270089026073437,98.21428571428571,0.0928214735976767,False
3931,1.30962049684272,98.21189839572193,0.09513177889703964,False
3932,1.2902007807553537,98.20971867007673,0.09730798827823577,False
3933,1.2686794699537274,98.20774608811453,0.18072934585947295,False
3934,1.2449737775841292,98.20598006644518,0.18552029187090072,False
3935,1.2189859772419214,98.20441988950276,0.19001166571643735,False
3936,1.190600186419197,98.20306471171867,0.19422803684382617,False
3937,1.1596780472087271,98.20191355988123,0.198190858900972,False
3938,1.1260528027543955,98.20096533567354,0.20191902473911755,False
3939,1.0805333164475432,98.20021881838075,0.21097885577665185,False
3940,1.0305279703180825,98.19967266775778,0.3204424458578178,False
3941,0.9752462395674342,98.1993254270482,0.3257398264364049,False
3942,0.9134853951751389,98.1991755261445,0.3301375508914648,False
3943,0.8431953160789711,98.19922128487995,0.3338194004352617,False
3944,0.804144968682279,98.19946091644205,0.33687005303241996,False
3945,0.7619882811604883,98.19989253089737,0.3393653069857097,False
3946,0.7164037343212466,98.20051413881748,0.341373808626082,False
3947,0.6669740736911405,98.20132365499573,0.3429583687641018,False
3948,0.6131379016405238,98.20231890224444,0.34417697773733197,False
3949,0.5541015302865538,97.81664016958135,0.33342738723489096,False
3950,0.48865925334338955,98.29461457233369,0.33342815854364416,False
3951,0.48865925334338955,98.29461457233369,0.33322626568393715,False
3952,0.48865925334338955,98.29461457233369,0.33287048212884585,False
3953,0.41475814399911126,97.52375923970433,0.29614565185894726,False
3954,0.4023829390456117,98.36853220696938,0.2932267240928733,False
3955,0.3491843735073079,98.36945087313276,0.2903407626456928,False
3956,0.3491843735073079,98.37053337524887,0.2875321454376189,False
3957,0.3491843735073079,98.37177747625509,0.2848448225045772,False
3958,0.40907313904382653,98.37318087318087,0.28232216848166825,False
3959,0.40907313904382653,97.93139293139293,0.275849423224551,False
3960,0.40907313904382653,97.11697722567288,0.13438813229702834,False
3961,0.40907313904382653,97.89712400783425,0.1220130643323581,False
3962,0.40907313904382653,97.90618905881145,0.11301801819349296,False
3963,0.40907313904382653,97.91538933169835,0.1089606107666641,False
3964,0.4637773498877516,97.92472024415056,0.10493073794333956,False
3965,0.5140912790181235,97.93417721518988,0.10301561050816639,False
3966,0.560576942614533,97.94375566979136,0.10316186897447163,False
3967,0.603652249754401,97.95345104333869,0.1052003269440387,False
3968,0.6436394131461666,97.96325878594249,0.10887661277076005,False
3969,0.6807937753703206,97.97317436661699,0.11389730145177013,False
3970,0.7153220528038851,97.98319327731092,0.11882095696420845,False
3971,0.7473944462440387,97.9933110367893,0.12182314730632234,False
3972,0.7771529943226336,98.00352319436288,0.12469253581319878,False
3973,0.804717519321077,98.01382533346315,0.12737018114842244,False
3974,0.8301899714180443,98.02421307506053,0.19934794765453068,False
3975,0.8536576732793313,98.03468208092485,0.20395038560043385,False
3976,0.875195788740725,98.04522805672671,0.20845741155504754,False
3977,0.8948692308065574,98.05584675497951,0.21281650184645445,False
3978,0.9127341558073343,98.066533977822,0.2126855320137924,False
3979,0.9288391461883214,98.07728557964185,0.2198089449147418,False
3980,0.9432261548473415,98.08809746954077,0.22601430921896784,False
3981,0.9559312637896478,98.09896561364272,0.23120696383179395,False
3982,1.065299640553338,97.89215232094877,0.23453428809796728,False
3983,1.1412418450836315,98.18533529845247,0.23569837879379962,False
3984,1.2041517951932372,98.18533529845247,0.23717226473274702,False
3985,1.2583494426149708,98.18533529845247,0.23801168146533752,False
3986,1.305875511291131,98.18533529845247,0.23825056623449206,False
3987,1.347922583568817,98.18533529845247,0.2379155236352721,False
3988,1.3852702053381707,98.18533529845247,0.23702655132086917,False
3989,1.418464503832282,98.18533529845247,0.23559750364078108,False
3990,1.44790620869417,98.18533529845247,0.2342237784692641,False
3991,1.4524690941546656,98.18533529845247,0.23382803234028987,False
3992,1.4552013979602214,98.18533529845247,0.23349974445005237,False
3993,1.4561112661478437,98.18533529845247,0.23306292052488267,False
3994,1.4552013979602214,97.38393515106853,0.17685498039814368,False
3995,1.4524690941546656,98.24521002210759,0.17284952421547342,False
3996,1.4524690941546656,98.25549450549451,0.16861049635725692,False
3997,1.4738989153366922,98.26581702321347,0.16412709807858436,False
3998,1.4919310878474152,98.06804814043979,0.16507571380883415,False
3999,1.5067348178150048,98.3405288720993,0.15594096323541623,False
4000,1.5184387137728148,98.3405288720993,0.14714145608528303,False
4001,1.527138493598173,98.3405288720993,0.13866898559358645,False
4002,1.532902144485799,98.3405288720993,0.1305150106920269,False
4003,1.535773302827334,98.3405288720993,0.12267070166495546,False
4004,1.5357733028273342,98.3405288720993,0.11512700257917392,False
4005,1.532902144485799,98.3405288720993,0.10749092528326602,False
4006,1.527138493598173,98.3405288720993,0.10016449236246379,False
4007,1.5184387137728148,98.3405288720993,0.09314135729752,False
4008,1.5067348178150048,98.3405288720993,0.08641397978527295,False
4009,1.4919310878474152,98.3405288720993,0.1988033269243001,False
4010,1.4738989153366922,98.3405288720993,0.19714685726655815,False
4011,1.4524690941546654,98.3405288720993,0.19593125471264408,False
4012,1.4274202463828694,98.3405288720993,0.19514513943320805,False
4013,1.3984610270106808,98.3405288720993,0.19497916955555278,False
4014,1.3652016755898781,98.3405288720993,0.19514269997473194,False
4015,1.3652016755898781,98.3405288720993,0.19563219696956408,False
4016,1.3634806730596907,98.3405288720993,0.19644077048858774,False
4017,1.360034097940745,98.3405288720993,0.19581626804284527,False
4018,1.3548527368476762,98.3405288720993,0.19917372940731393,False
4019,1.347922583568817,98.3405288720993,0.20232327662538835,False
4020,1.347922583568817,98.3405288720993,0.24818820664263064,False
4021,1.347922583568817,98.3405288720993,0.2534535302715057,False
4022,1.347922583568817,98.3405288720993,0.25861453829796094,False
4023,1.347922583568817,98.3405288720993,0.2636653066739954,False
4024,1.347922583568817,98.3405288720993,0.26860020573156945,False
4025,1.3773114348674147,98.3405288720993,0.27042224519145763,False
4026,1.402234618245608,98.3405288720993,0.2775145721356666,False
4027,1.4230670603378361,98.3405288720993,0.28438767306476137,False
4028,1.4400831784759722,98.3405288720993,0.2910412741025679,False
4029,1.4534849141043307,97.5265335491995,0.23529654677325595,False
4030,1.4634190046135478,98.3899982011153,0.24250371348219332,False
4031,1.4699878894344567,98.39978544609333,0.24925145953739464,False
4032,1.473256553252489,98.40959573522879,0.255553728293798,False
4033,1.473256553252489,98.41942604856513,0.2614225854811235,False
4034,1.4699878894344567,98.42927342927342,0.26686866638241524,False
4035,1.4634190046135478,98.43913498430415,0.27190152102730314,False
4036,1.4534849141043307,98.44900788493199,0.27652988560849373,False
4037,1.4400831784759722,98.28239345673698,0.2778983766370612,False
4038,1.4230670603378361,98.51154833190762,0.2822301243507627,False
4039,1.402234618245608,98.51154833190762,0.2862113954966272,False
4040,1.3773114348674147,97.69461077844312,0.25273136398825413,False
4041,1.347922583568817,98.55859709153123,0.2523793661160978,False
4042,1.3135448704851065,98.56457298169619,0.2489758954788202,False
4043,1.3194892909924263,98.57058525889694,0.2497124147999623,False
4044,1.3237243701143493,98.57663164064135,0.2502350466332307,False
4045,1.3262610770456722,98.49127182044887,0.25394980134257594,False
4046,1.3271059259290725,98.63420672580978,0.2516523829020807,False
4047,1.3262610770456722,98.6429977041653,0.2491260828530509,False
4048,1.3237243701143493,98.65178607796017,0.2421647631474394,False
4049,1.3194892909924263,98.66056976367757,0.23488485492958963,False
4050,1.3135448704851065,98.66934673366835,0.23102692186647447,False
4051,1.3058755112911309,98.67811501597444,0.2642679234986566,False
4052,1.2583494426149708,98.68687269409291,0.26060525228529174,False
4053,1.2041517951932372,98.69561790668348,0.256674769752166,False
4054,1.1412418450836315,98.70434884722276,0.2501155194981619,False
4055,1.065299640553338,98.71306376360809,0.2466871759240012,False
4056,0.9559312637896478,98.72176095771384,0.240941637163039,False
4057,0.9559312637896478,98.61153728137465,0.24238080271245713,False
4058,0.9432261548473415,98.77338006171193,0.23657802870631942,False
4059,0.9288391461883214,98.77836611195158,0.23067419673790593,False
4060,0.9127341558073343,98.78337276106792,0.2262437011175421,False
4061,0.8948692308065574,98.78839844915001,0.2699661163099705,False
4062,0.875195788740725,98.71941966764129,0.26907473064074683,False
4063,0.8536576732793313,98.831569664903,0.26422751664238636,False
4064,0.8301899714180443,98.83950076636742,0.25945412317223177,False
4065,0.804717519321077,98.84740848133382,0.25476193901069333,False
4066,0.7771529943226336,98.85529157667386,0.2501580239454699,False
4067,0.7473944462440387,98.86314886314887,0.24564910537951978,False
4068,0.7153220528038851,98.74517374517374,0.24541733514446246,False
4069,0.6807937753703206,98.74159874159874,0.24533513243869126,False
4070,0.6436394131461666,98.86672386672387,0.24187654531301647,False
4071,0.603652249754401,98.07415406767458,0.19646412065316354,False
4072,0.560576942614533,98.87640449438203,0.19268782202123777,False
4073,0.5140912790181235,98.87640449438203,0.18924482530376435,False
4074,0.4637773498877516,98.76404494382022,0.18938009930366212,False
4075,0.40907313904382653,98.9017760057992,0.1854157131394207,False
4076,0.3491843735073079,98.82979494239548,0.1846181664796831,False
4077,0.2829047929798921,98.9172943221321,0.18076703287993726,False
4078,0.208180945557171,98.90995260663507,0.177618161206344,False
4079,0.208180945557171,98.9025912060486,0.1750474793752534,False
4080,0.12068101401352381,98.895211350872,0.17299058894570749,False
4081,0.12068101401352381,98.07493349098434,0.07536902055070448,False
4082,0.12068101401352381,98.86565178835353,0.07122845430893147,False
4083,0.12068101401352381,98.86565178835353,0.06732550104111337,False
4084,0.12068101401352381,98.86565178835353,0.06365296840218633,False
4085,0.12068101401352381,98.86565178835353,0.06013237973190981,False
4086,0.12068101401352381,98.86565178835353,0.056833701007196445,False
4087,0.12068101401352381,98.86565178835353,0.0537025327749718,False
4088,0.12068101401352381,98.86565178835353,0.059409351073966825,False
4089,0.12068101401352381,98.86565178835353,0.057051023596806374,False
4090,0.12068101401352381,98.86565178835353,0.05481967733706751,False
4091,0.12068101401352381,98.86565178835353,0.05274011205651231,False
4092,0.12068101401352381,98.86565178835353,0.051743700889435834,False
4093,0.12068101401352381,98.86565178835353,0.05132326190917401,False
4094,0.12068101401352381,98.86565178835353,0.05127746135237292,False
4095,0.12068101401352381,98.86565178835353,0.05160579799697144,False
4096,0.12068101401352381,98.86565178835353,0.05229642927450361,False
4097,0.12068101401352381,98.86565178835353,0.2070077127876501,False
4098,0.12068101401352381,98.86565178835353,0.20728501407345534,False
4099,0.12068101401352381,98.86565178835353,0.20754121044454268,False
4100,0.12068101401352381,98.86565178835353,0.20777828686127625,False
4101,0.12068101401352381,98.86565178835353,0.20794851482051208,False
4102,0.12068101401352381,98.86565178835353,0.2158361894875231,False
4103,0.12068101401352381,98.86565178835353,0.2167324395627371,False
4104,0.12068101401352381,98.86565178835353,0.21767665492873772,False
4105,0.12068101401352381,98.86565178835353,0.2992522362822655,False
4106,0.12068101401352381,98.86565178835353,0.30007991658691996,False
4107,0.12068101401352381,98.86565178835353,0.3007856794553068,False
4108,0.12068101401352381,98.70554976937956,0.2998412262007456,False
4109,0.12068101401352381,98.8317232082678,0.3003629915566772,False
4110,0.12068101401352381,98.82397286091218,0.3007822504723223,False
4111,0.12068101401352381,98.81620883290333,0.3011041723312491,False
4112,0.12068101401352381,98.80843263061412,0.30323139707380226,False
4113,0.12068101401352381,98.8006458061044,0.3613481901933841,False
4114,0.12068101401352381,98.79284995744023,0.3611064169034734,False
4115,0.12068101401352381,98.78504672897196,0.4065429195814031,False
4116,0.12068101401352381,98.77723781156921,0.40624434136641374,False
4117,0.12068101401352381,97.9463865809688,0.35321881505144764,False
4118,0.12068101401352381,98.73804671578617,0.3529036491032758,False
4119,0.12068101401352381,98.73804671578617,0.3528686539084168,False
4120,0.12068101401352381,98.73804671578617,0.35293562081133995,False
4121,0.12068101401352381,98.73804671578617,0.353104198556344,False
4122,0.12068101401352381,98.53672004417449,0.3488153656250065,False
4123,0.12068101401352381,98.69413352385489,0.3818500441458408,False
4124,0.12068101401352381,98.6858923150663,0.3832235867167617,False
4125,0.12068101401352381,97.85508867231187,0.32606354794064657,False
4126,0.12068101401352381,98.63796133567662,0.32802646030449295,False
4127,0.12068101401352381,98.63796133567662,0.330325348379006,False
4128,0.12068101401352381,98.63796133567662,0.3321492878648432,False
4129,0.12068101401352381,98.63796133567662,0.3342287960025992,False
4130,0.12068101401352381,98.63796133567662,0.3365511410870322,False
4131,0.12068101401352381,98.63796133567662,0.3391028386900841,False
4132,0.12068101401352381,98.5271629778672,0.3400516954712802,False
4133,0.12068101401352381,97.80264331468418,0.2808711817933885,False
4134,0.12068101401352381,98.64401241627185,0.284582347922573,False
4135,0.12068101401352381,97.80264331468418,0.21924621099186223,False
4136,0.12068101401352381,98.6076458752515,0.2230657883145049,False
4137,0.12068101401352381,98.61399584598179,0.22684521083347534,False
4138,0.12068101401352381,98.55296542974945,0.23051316454450596,False
4139,0.12068101401352381,98.6503502006768,0.2338080945610029,False
4140,-0.0,98.6503502006768,0.23699965514810126,False
4141,-0.0,98.6503502006768,0.2396838967789324,False
4142,-0.0,98.6503502006768,0.24336591640078817,False
4143,-0.0,97.85944754859526,0.1917157165160974,False
4144,-0.0,98.70150310852286,0.1919072954800333,False
4145,-0.0,98.70733421854253,0.19171801939062,False
4146,-0.0,98.71317829457364,0.18993082635769967,False
4147,-0.0,98.71903369749192,0.18767126472994045,False
4148,-0.0,98.72489883179354,0.18634559934055395,False
4149,-0.0,98.73077214518452,0.18456660702409916,False
4150,-0.0,98.73665212813957,0.1796216956330382,False
4151,-0.0,98.74253731343283,0.17858749923067901,False
4152,-0.0,98.74842627564244,0.17290039779580998,False
4153,-0.0,98.75431763063129,0.16975451358870908,False
4154,-0.0,98.76021003500584,0.16501694592364027,False
4155,-0.0,98.76610218555507,0.15977774324380906,False
4156,-0.0,98.77199281867145,0.21338976628698778,False
4157,-0.0,98.77788070975558,0.2813824862065416,False
4158,-0.0,98.78376467260642,0.3327967503258553,False
4159,-0.0,98.78964355879876,0.3746060652674932,False
4160,-0.0,98.79551625704936,0.4098370454536038,False
4161,-0.0,98.79101899827289,0.4403598563748338,False
4162,-0.0,98.82437619961613,0.46638693365084666,False
4163,-0.0,98.8315050759692,0.4893130924852647,False
4164,-0.0,98.83862666756959,0.5024079243932686,False
4165,-0.0,98.84573966886526,0.5188546073836755,False
4166,-0.0,98.85284280936455,0.5336351562989017,False
4167,-0.0,98.8599348534202,0.534332832913163,False
4168,-0.0,98.86701459998679,0.5455501995559524,False
4169,-0.0,98.87408088235294,0.5556199973980925,False
4170,-0.0,98.75391440501043,0.5655066150931287,False
4171,-0.0,98.91734197730956,0.5730184701181443,False
4172,-0.0,98.77961931891753,0.58091291112174,False
4173,-0.0,98.89125937419188,0.5840622601102153,False
4174,-0.0,98.88967787747724,0.5914598036259918,False
4175,-0.0,98.89139542378344,0.5940849822359093,False
4176,-0.0,98.14204854337885,0.5766574100850357,False
4177,-0.0,99.6226535767964,0.5468747392598389,False
4178,-0.0,99.62814645308924,0.5169870297410999,False
4179,-0.0,99.63359550206893,0.486268853383341,False
4180,-0.0,99.63900050226017,0.4565792308453385,False
4181,-0.0,99.64436125409452,0.4264055300004196,False
4182,-0.0,99.64967757936508,0.3957825179974427,False
4183,-0.0,99.65494932068148,0.36458079364244084,False
4184,-0.0,99.53171693521057,0.3441901968327701,False
4185,-0.0,99.62414122431375,0.3163978814952301,False
4186,-0.0,99.62414122431375,0.28885441464499667,False
4187,-0.0,98.882561841783,0.28601026486396036,False
4188,0.12068101401352381,99.5923458367558,0.2623716273534904,False
4189,0.208180945557171,99.59794437726723,0.2985250106866583,False
4190,0.2829047929798921,99.6034964404794,0.2799401114987808,False
4191,0.3491843735073079,99.60900191021967,0.2617875502899213,False
4192,0.40907313904382653,99.6144606898188,0.2441165768710152,False
4193,0.4637773498877516,99.5165930187728,0.23482000807019818,False
4194,0.5140912790181235,98.80657708628006,0.2145734899799091,False
4195,0.560576942614533,99.50226906748645,0.20627335273540498,False
4196,0.603652249754401,99.41736202605767,0.20617652694203187,False
4197,0.6436394131461666,99.47006294832381,0.2022369547972262,False
4198,0.6807937753703206,99.47006294832381,0.19971860340132236,False
4199,0.7153220528038851,99.41736202605767,0.19972866580086693,False
4200,0.7473944462440387,99.50226906748645,0.197488288531317,False
4201,0.7473944462440387,99.49316360207449,0.19654463127347563,False
4202,0.7473944462440387,99.48397046175747,0.1964612708686423,False
4203,0.7473944462440387,99.47468958930277,0.19710658728864558,False
4204,0.7473944462440387,99.46532095761617,0.1982383817614739,False
4205,0.7473944462440387,99.4558645707376,0.20033406846624438,False
4206,0.7473944462440387,99.44632046484743,0.2024916288751952,False
4207,0.7473944462440387,99.4366887092824,0.2042749766636629,False
4208,0.7473944462440387,99.4269694075603,0.28394021780596623,False
4209,0.7473944462440387,98.68449428509813,0.2223949490964741,False
4210,0.7473944462440387,99.37459564373518,0.2240958198337623,False
4211,0.7473944462440387,99.37459564373518,0.2255639377877932,False
4212,0.7473944462440387,99.37459564373518,0.22682845362671905,False
4213,0.7473944462440387,99.37459564373518,0.2279139670263492,False
4214,0.7473944462440387,99.37459564373518,0.22884088419160004,False
4215,0.7473944462440387,99.37459564373518,0.22958873819558617,False
4216,0.7473944462440387,99.24975198412699,0.22759207129097922,False
4217,0.7473944462440387,99.31991888940883,0.22754110404562522,False
4218,0.7473944462440387,99.30939226519337,0.2268592077997141,False
4219,0.7473944462440387,99.29877759878707,0.22602887447467085,False
4220,0.7473944462440387,99.2880752606153,0.22538898907598953,False
4221,0.7473944462440387,99.27728566403377,0.22463118815052938,False
4222,0.7473944462440387,99.26640926640927,0.223777536999552,False
4223,0.7473944462440387,99.25544657019844,0.22789484076641614,False
4224,0.7473944462440387,99.24439812402292,0.30947814787415007,False
4225,0.7473944462440387,99.23326452373931,0.3120239613864098,False
4226,0.7473944462440387,99.22204641350211,0.31399162876066383,False
4227,0.7473944462440387,99.2107444868181,0.32317854007092844,False
4228,0.7771529943226336,98.45465096998839,0.2615528720630407,False
4229,0.804717519321077,99.14773669374897,0.26515071204961566,False
4230,0.8301899714180443,99.14773669374897,0.2690269731904337,False
4231,0.8536576732793313,99.14773669374897,0.2732227346897373,False
4232,0.875195788740725,99.14773669374897,0.2776874431995291,False
4233,0.8948692308065574,99.14773669374897,0.2823744821146113,False
4234,0.9127341558073343,99.14773669374897,0.2872412422108637,False
4235,0.9288391461883214,99.14773669374897,0.2922490703821806,False
4236,0.9432261548473415,99.14773669374897,0.2973631303981588,False
4237,0.9432261548473415,99.14773669374897,0.3025522044124336,False
4238,0.9432261548473415,99.14773669374897,0.3689791497294867,False
4239,0.9432261548473415,99.14773669374897,0.3717380048246019,False
4240,0.9432261548473415,99.14773669374897,0.3714582617009618,False
4241,0.9432261548473415,99.14773669374897,0.37122783317423613,False
4242,0.9559312637896478,99.14773669374897,0.37104427681230895,False
4243,0.9669852958320848,98.9758473445423,0.36782632030484885,False
4244,0.976414308115487,98.23859087269815,0.3015137193759126,False
4245,0.976414308115487,98.92247131038164,0.2974570936518693,False
4246,0.976414308115487,98.92247131038164,0.29389242612039024,False
4247,0.976414308115487,98.74828014362897,0.28210016386792325,False
4248,0.976414308115487,98.84890629219552,0.2765630392615616,False
4249,0.9669852958320848,98.83195816780415,0.2708452179094801,False
4250,0.9559312637896478,98.81489071038251,0.26493902446437,False
4251,0.9432261548473415,98.79770533475319,0.258835333590703,False
4252,1.0394364783172854,98.78040353786622,0.25252342263799954,False
4253,1.1017332648846088,98.76298690017026,0.2459907822675137,False
4254,1.1504718163625702,98.74545708694437,0.2392515238615773,False
4255,1.132529774880598,98.72781584958707,0.23253698815032434,False
4256,1.1126817966979572,98.71006502685891,0.2256695878792741,False
4257,1.090864890696142,98.69220654607484,0.21864639130003735,False
4258,1.0670056836533541,97.98813607775872,0.05788903310711412,False
4259,1.041018523939755,98.71007150300025,0.0398592873551461,False
4260,1.0128030232541478,98.9292515540225,0.04545110075305562,False
4261,0.9822408213425595,98.91618497109826,0.05144648353558225,False
4262,0.9822408213425595,98.90305473829501,0.057764593464232086,False
4263,0.9822408213425595,98.88986269354368,0.06435779244225007,False
4264,0.9822408213425595,98.87661074195088,0.07119882388998401,False
4265,0.9822408213425595,98.86330085621493,0.07827298158838526,False
4266,0.9822408213425595,98.84993507698015,0.08557333151586989,False
4267,0.9822408213425595,98.83651551312649,0.09309775401401683,False
4268,0.9822408213425595,98.82304434199183,0.1008470762464742,False
4269,0.9822408213425595,98.80952380952381,0.23549633293761565,False
4270,0.9822408213425595,98.79595623035856,0.2419004395016105,False
4271,0.9822408213425595,98.78234398782344,0.24737618075308146,False
4272,0.9822408213425595,98.76868953386104,0.25205214027010053,False
4273,0.9822408213425595,98.7549953888718,0.2560357258236875,False
4274,0.9822408213425595,98.74126414147264,0.2593917739294416,False
4275,0.9822408213425595,98.72749844816884,0.2619819169050571,False
4276,0.9822408213425595,98.71370103293705,0.2640375001168353,False
4277,0.9822408213425595,98.6998746867168,0.26561302476490645,False
4278,0.9822408213425595,98.6860222668083,0.2666694517704362,False
4279,0.9822408213425595,98.67214669617452,0.26729136198622927,False
4280,0.9822408213425595,98.65825096264538,0.2675028046455491,False
4281,0.9822408213425595,98.64433811802233,0.267322279062093,False
4282,0.9822408213425595,98.63041127708142,0.2667631271072023,False
4283,0.9822408213425595,98.61647361647361,0.26583380307829835,False
4284,0.9822408213425595,98.60252837352074,0.26453803764865524,False
4285,0.9822408213425595,98.58857884490591,0.262874904685393,False
4286,0.9822408213425595,98.57462838525758,0.26083879280851613,False
4287,0.9822408213425595,98.56068040562643,0.2584192768008406,False
4288,0.9822408213425595,98.54673837185435,0.25560087654888103,False
4289,0.9491912500871044,97.78726548708896,0.14167228015179464,False
4290,0.9134853951751389,98.46052793628638,0.13046547497967106,False
4291,0.8749177494187964,98.46052793628638,0.1197300533902394,False
4292,0.8749177494187964,98.46052793628638,0.10947144343447425,False
4293,0.8749177494187964,98.46052793628638,0.09969598109838024,False
4294,0.8749177494187964,98.46052793628638,0.09041119918937024,False
4295,0.8749177494187964,98.46052793628638,0.08162621125938727,False
4296,0.8332341082038748,98.46052793628638,0.07335222002680633,False
4297,0.7881133310528374,98.46052793628638,0.06560318309003575,False
4298,0.7881133310528374,98.46052793628638,0.09962502597931028,False
4299,0.7881133310528374,98.46052793628638,0.09655058919757784,False
4300,0.7881133310528374,98.46052793628638,0.09539667848077378,False
4301,0.7881133310528374,98.46052793628638,0.20896740616887347,False
4302,0.7881133310528374,98.46052793628638,0.21079395494543895,False
4303,0.7391385203526044,98.46052793628638,0.21257362436354102,False
4304,0.7391385203526044,98.46052793628638,0.2142860245779022,False
4305,0.7391385203526044,98.46052793628638,0.2159144560400616,False
4306,0.7881133310528374,98.46052793628638,0.2174455749637869,False
4307,0.7881133310528374,98.46052793628638,0.21886908041459,False
4308,0.7881133310528374,98.46052793628638,0.22017742624186884,False
4309,0.7881133310528374,98.46052793628638,0.22136555881034578,False
4310,0.7881133310528374,98.46052793628638,0.22243067995291402,False
4311,0.7881133310528374,98.46052793628638,0.22337203357332075,False
4312,0.7881133310528374,98.46052793628638,0.22419071372245636,False
4313,0.7619882811604883,98.46052793628638,0.22488949163847627,False
4314,0.677903479475398,98.46052793628638,0.22547265909055772,False
4315,0.560576942614533,98.46052793628638,0.22594588533548857,False
4316,0.603652249754401,98.46052793628638,0.22631608504170125,False
4317,0.6436394131461666,98.46052793628638,0.22659129462804262,False
4318,0.6807937753703206,98.07945928123969,0.21193028181485304,False
4319,0.7153220528038851,98.36994745769724,0.21174830128210467,False
4320,0.7473944462440387,98.35548172757476,0.2109289715002957,False
4321,0.7771529943226336,97.60382059800665,0.09723796274377412,False
4322,0.804717519321077,98.25996677740864,0.09113895329061729,False
4323,0.8301899714180443,98.25996677740864,0.08512804832612832,False
4324,0.8536576732793313,98.25996677740864,0.07922530412234575,False
4325,0.875195788740725,98.25996677740864,0.07345679962602178,False
4326,0.8948692308065574,98.25996677740864,0.06785677862876541,False
4327,0.9127341558073343,98.25996677740864,0.062470567445842846,False
4328,0.9288391461883214,98.25996677740864,0.0573584308074613,False
4329,0.9288391461883214,98.25996677740864,0.05234164101994062,False
4330,0.9288391461883214,98.25996677740864,0.04758259486055322,False
4331,0.9288391461883214,98.25996677740864,0.04311804416649516,False
4332,0.9288391461883214,98.25996677740864,0.03860039196333935,False
4333,0.9288391461883214,98.25996677740864,0.03429323120342347,False
4334,0.9288391461883214,98.25996677740864,0.03021262406445696,False
4335,0.9288391461883214,98.25996677740864,0.026379000727130435,False
4336,0.9432261548473415,98.25996677740864,0.02281892561118444,False
4337,0.9559312637896478,98.25996677740864,0.019567531604491515,False
4338,0.9669852958320848,98.25996677740864,0.016671443868670456,False
4339,0.976414308115487,98.25996677740864,0.014190848774522721,False
4340,0.9842399889605549,98.25996677740864,0.012196241965881172,False
4341,0.9904799742690308,98.25996677740864,0.010750442236727718,False
4342,0.995148095654003,98.25996677740864,0.009868223735723446,False
4343,0.9982545693874831,98.25996677740864,0.009471451446412522,False
4344,0.999806132804711,98.25996677740864,0.009385214268610855,False
4345,0.999806132804711,98.25996677740864,0.009382642643117122,False
4346,0.9982545693874831,98.25996677740864,0.009224650723795849,False
4347,0.995148095654003,98.25996677740864,0.14697341207935952,False
4348,0.995148095654003,98.25996677740864,0.1492247704511694,False
4349,0.995148095654003,98.25996677740864,0.15193593145753298,False
4350,0.995148095654003,98.25996677740864,0.15504830609176712,False
4351,0.995148095654003,98.25996677740864,0.15855246433158737,False
4352,0.995148095654003,98.25996677740864,0.16252659281921825,False
4353,0.9982545693874831,98.25996677740864,0.16687090761077572,False
4354,0.999806132804711,98.25996677740864,0.171558474834198,False
4355,0.999806132804711,98.25996677740864,0.1765592881548507,False
4356,0.9982545693874831,98.25996677740864,0.18184136486943592,False
4357,0.9982545693874831,98.25996677740864,0.1873716784126381,False
4358,0.9982545693874831,98.25996677740864,0.19311691755358382,False
4359,0.9982545693874831,98.25996677740864,0.19904407877751662,False
4360,0.9982545693874831,98.25996677740864,0.1991670290686916,False
4361,0.9982545693874831,98.25996677740864,0.2097781028233968,False
4362,0.9982545693874831,98.25996677740864,0.2191243900952532,False
4363,0.999806132804711,98.25996677740864,0.2273907405307672,False
4364,0.999806132804711,98.25996677740864,0.23471921467470042,False
4365,0.9982545693874831,98.25996677740864,0.24122248359042517,False
4366,0.995148095654003,98.25996677740864,0.24699227743997787,False
4367,0.995148095654003,97.60382059800665,0.20501346432970444,False
4368,0.9982545693874831,98.35548172757476,0.20890476316377157,False
4369,0.999806132804711,98.36994745769724,0.21183512455286524,False
4370,0.999806132804711,98.38443785031322,0.21385988529040845,False
4371,0.9982545693874831,98.39894905373784,0.21502399329024138,False
4372,0.995148095654003,98.41347726529277,0.2153642405418058,False
4373,0.9904799742690308,98.4280187334555,0.21491081625667463,False
4374,0.9904799742690308,98.44256975989617,0.2136883825775092,False
4375,0.9842399889605549,98.4571267014015,0.21393353806967713,False
4376,0.976414308115487,98.47168597168597,0.2097113622601616,False
4377,0.976414308115487,98.48624404308998,0.20484777519727085,False
4378,0.976414308115487,98.50079744816587,0.19950040424287757,False
4379,0.976414308115487,98.515342781152,0.2616276443982481,False
4380,0.976414308115487,98.27695226051218,0.26242815696512317,False
4381,0.976414308115487,98.60340690035014,0.2549525422360233,False
4382,0.976414308115487,98.60340690035014,0.24791572076457322,False
4383,0.976414308115487,98.60340690035014,0.24131924066917287,False
4384,0.976414308115487,98.60340690035014,0.23516254614704957,False
4385,0.976414308115487,98.60340690035014,0.2294428421255977,False
4386,0.976414308115487,98.60340690035014,0.22415500156331022,False
4387,0.976414308115487,98.60340690035014,0.2763987990977916,False
4388,0.976414308115487,98.60340690035014,0.2722820022748684,False
4389,0.976414308115487,98.60340690035014,0.2686483505334675,False
4390,0.9669852958320848,98.60340690035014,0.2724430626311142,False
4391,0.9559312637896478,98.60340690035014,0.269488183566789,False
4392,0.9432261548473415,98.60340690035014,0.26685619022197893,False
4393,0.9288391461883214,98.60340690035014,0.26453804676602144,False
4394,0.9127341558073343,98.60340690035014,0.26252325066759663,False
4395,0.8948692308065574,98.27695226051218,0.25898460720375754,False
4396,0.875195788740725,98.515342781152,0.2646184978233292,False
4397,0.875195788740725,98.50079744816587,0.26533430225897897,False
4398,0.875195788740725,98.48624404308998,0.2658748951430571,False
4399,0.875195788740725,97.72536141924633,0.19987264922336656,False
4400,0.875195788740725,98.39413719915102,0.1991206747336351,False
4401,0.875195788740725,98.39413719915102,0.24228631604182913,False
4402,0.875195788740725,98.39413719915102,0.24354680315073993,False
4403,0.875195788740725,98.39413719915102,0.24490444054739344,False
4404,0.875195788740725,98.39413719915102,0.24598065016923357,False
4405,0.875195788740725,98.39413719915102,0.2502893827880014,False
4406,0.875195788740725,98.39413719915102,0.2535530827827158,False
4407,0.875195788740725,97.72536141924633,0.19325477762354307,False
4408,0.875195788740725,98.48624404308998,0.19694953593112408,False
4409,0.875195788740725,98.50079744816587,0.19980513409968126,False
4410,0.875195788740725,98.17783094098884,0.19160131271860442,False
4411,0.875195788740725,98.43301435406698,0.23566619665116056,False
4412,0.875195788740725,98.43301435406698,0.23957513527630386,False
4413,0.875195788740725,98.43301435406698,0.24313099153699033,False
4414,0.875195788740725,98.43301435406698,0.2465138279070234,False
4415,0.875195788740725,98.43301435406698,0.24958160126509304,False
4416,0.875195788740725,98.17783094098884,0.2458626243048326,False
4417,0.875195788740725,98.50079744816587,0.24695473901134374,False
4418,0.875195788740725,98.48624404308998,0.24728120279907012,False
4419,0.875195788740725,98.47168597168597,0.247505160476684,False
4420,0.875195788740725,98.4571267014015,0.24765312401148512,False
4421,0.875195788740725,97.76930564568463,0.2047245703556068,False
4422,0.875195788740725,98.51354103034005,0.20218438005007722,False
4423,0.875195788740725,98.51354103034005,0.1994145230755867,False
4424,0.8948692308065574,98.2203217267359,0.19694016539480302,False
4425,0.8948692308065574,98.57462838525758,0.19030014853734165,False
4426,0.8948692308065574,98.56068040562643,0.18486935136795685,False
4427,0.8948692308065574,98.54673837185435,0.1803029486290504,False
4428,0.9127341558073343,98.53280580283548,0.1765365912495218,False
4429,0.9288391461883214,98.51888626866906,0.17357939638673014,False
4430,0.9432261548473415,98.50498338870432,0.17236149949609317,False
4431,0.9559312637896478,97.77833354174481,0.20313554136157813,False
4432,0.9669852958320848,98.565093708166,0.20118221893967178,False
4433,0.976414308115487,98.56297900699767,0.24281312843954575,False
4434,0.9842399889605549,98.56514887617152,0.24373358136911238,False
4435,0.9904799742690308,98.56328957146395,0.24543020201728782,False
4436,0.995148095654003,98.55012427506213,0.24771570866438514,False
4437,0.9982545693874831,98.53699085619286,0.2504881875268293,False
4438,0.9982545693874831,98.52389291968977,0.25412762219526636,False
4439,0.9982545693874831,98.51083410022588,0.2579330678091553,False
4440,0.9982545693874831,98.4978180597516,0.26184325266243175,False
4441,0.999806132804711,98.48484848484848,0.2659165800973646,False
4442,0.999806132804711,98.47192908400169,0.27097630331409517,False
4443,0.9982545693874831,98.45906358479384,0.27583873884589893,False
4444,0.995148095654003,98.44625573102394,0.28046273272460176,False
4445,0.9904799742690308,98.43350927975482,0.2848082868056402,False
4446,0.9842399889605549,98.4208279982928,0.28884702870318035,False
4447,0.976414308115487,98.40821566110398,0.2925127228034571,False
4448,0.9669852958320848,98.39567604667124,0.29586011340469653,False
4449,0.9559312637896478,98.38321293429652,0.29888774149788355,False
4450,0.9432261548473415,98.37083010085337,0.30159348128786356,False
4451,0.9288391461883214,97.65968450995604,0.2973807503267825,False
4452,0.9127341558073343,98.28894060856823,0.29609333128428367,False
4453,0.8948692308065574,97.792656587473,0.2601657341139946,False
4454,0.875195788740725,98.19913419913419,0.2563687387246858,False
4455,0.8536576732793313,98.18670831164324,0.28119997852225387,False
4456,0.8301899714180443,98.1743892897505,0.27727620551368676,False
4457,0.804717519321077,98.16218099468688,0.2733156521542015,False
4458,0.7771529943226336,98.15008726003491,0.2693195998206419,False
4459,0.7473944462440387,98.1381118881119,0.2652893586427687,False
4460,0.7153220528038851,98.12625864635321,0.26122626956407347,False
4461,0.6807937753703206,98.11453126370253,0.2571317065824021,False
4462,0.6436394131461666,98.10293342701563,0.25177390124819166,False
4463,0.603652249754401,98.09146877748461,0.27172135657401303,False
4464,0.560576942614533,98.08014090708939,0.2678945583994088,False
4465,0.5140912790181235,98.06895335508332,0.2642573206842732,False
4466,0.4637773498877516,98.05790960451978,0.2798214067400066,False
4467,0.40907313904382653,98.04701307882644,0.278788471424929,False
4468,0.3491843735073079,98.03626713843433,0.27764380164884356,False
4469,0.2829047929798921,98.02567507746791,0.276402473298296,False
4470,0.2829047929798921,98.01524012050328,0.2750792308823459,False
4471,0.2829047929798921,97.44635573683277,0.22089461866430546,False
4472,0.2829047929798921,98.07914115872593,0.23693689412773744,False
4473,0.2829047929798921,98.07914115872593,0.24003054001468396,False
4474,0.2829047929798921,98.07914115872593,0.3046991287569417,False
4475,0.2829047929798921,97.56011001685742,0.2849218125700996,False
4476,0.2829047929798921,98.14568361281164,0.343680479899877,False
4477,0.2829047929798921,98.1358189081225,0.3906852790616111,False
4478,0.2829047929798921,98.12611012433392,0.4298705695133183,False
4479,0.2829047929798921,98.11656005685856,0.46328512525824167,False
4480,0.2829047929798921,98.10717142095442,0.4921660380412853,False
4481,0.2829047929798921,98.09794684916896,0.5173338931128502,False
4482,0.2829047929798921,98.08888888888889,0.538289163320791,False
4483,0.2829047929798921,97.54222222222222,0.5449605372308697,False
4484,0.2829047929798921,98.1468313927651,0.5613175620478487,False
4485,0.2829047929798921,98.1468313927651,0.5757547562067042,False
4486,0.2829047929798921,97.5779930672829,0.5788759552216518,False
4487,0.2829047929798921,98.20460403519687,0.588658897577958,False
4488,0.2829047929798921,98.1960366124589,0.5881770778299548,False
4489,0.2829047929798921,98.18763326226012,0.5990301589123624,False
4490,0.2829047929798921,98.17939609236234,0.6084634642435076,False
4491,0.2829047929798921,98.17132711939637,0.6166125415828103,False
4492,0.2829047929798921,97.63996096176027,0.6181324409652372,False
4493,0.2829047929798921,98.20003546728144,0.6233574906413942,False
4494,0.2829047929798921,98.86061358396879,0.5995672159917589,False
4495,0.2829047929798921,98.3297891192628,0.5975652081821471,False
4496,0.2829047929798921,98.91544931385569,0.5715229744642694,False
4497,0.2829047929798921,98.91544931385569,0.5449773333081261,False
4498,0.2829047929798921,98.91544931385569,0.5185810537450822,False
4499,0.208180945557171,98.91544931385569,0.49236474679251463,False
4500,0.12068101401352381,98.91544931385569,0.4663645305770754,False
4501,-0.0,98.91544931385569,0.4406234831644903,False
4502,-0.0,98.91544931385569,0.41670448120374626,False
4503,-0.0,98.91544931385569,0.4025870913914502,False
4504,-0.0,98.91544931385569,0.3792182606648566,False
4505,-0.0,98.91544931385569,0.35664931617651957,False
4506,-0.0,98.91544931385569,0.33614009903380765,False
4507,-0.0,98.91544931385569,0.340854510118339,False
4508,-0.0,98.29570606463037,0.36115957164627127,False
4509,-0.0,98.96857016378928,0.34171044224236063,False
4510,-0.0,98.96505970809376,0.32357165409569716,False
4511,-0.0,98.96164722516791,0.30682379859458075,False
4512,-0.0,98.95833333333333,0.29154448369621705,False
4513,-0.0,98.95511859624372,0.2778035345447018,False
4514,-0.0,98.95200352267723,0.26687972723358616,False
4515,0.12068101401352381,98.44327176781003,0.2643480503718485,False
4516,0.208180945557171,98.99877041981381,0.252020041789007,False
4517,0.2829047929798921,98.99877041981381,0.24235968534743324,False
4518,0.3491843735073079,98.99877041981381,0.23397704275751804,False
4519,0.3491843735073079,98.99877041981381,0.22663373702681847,False
4520,0.3491843735073079,98.99877041981381,0.22057417874801097,False
4521,0.3491843735073079,98.99877041981381,0.2157512257387397,False
4522,0.3491843735073079,98.99877041981381,0.2310785621935061,False
4523,0.3491843735073079,98.44327176781003,0.2121047362030167,False
4524,0.3491843735073079,98.95200352267723,0.2801895232296136,False
4525,0.3491843735073079,98.95511859624372,0.3317949500389383,False
4526,0.3491843735073079,98.95833333333333,0.33855073672662267,False
4527,0.3491843735073079,98.32537999293037,0.360814360642765,False
4528,0.3491843735073079,98.32537999293037,0.3806855581802654,False
4529,0.3491843735073079,98.95833333333333,0.41523110282437276,False
4530,0.40907313904382653,98.95511859624372,0.44513150008523916,False
4531,0.4637773498877516,98.95200352267723,0.4713319928685237,False
4532,0.5140912790181235,98.94898856640282,0.49447887454007333,False
4533,0.560576942614533,98.9460741261198,0.5150397742726681,False
4534,0.603652249754401,98.9432605454705,0.5322977285938025,False
4535,0.6436394131461666,98.94054811312495,0.5476198691013596,False
4536,0.6807937753703206,98.93793706293707,0.561228785299805,False
4537,0.7153220528038851,98.93542757417103,0.5733087932958598,False
4538,0.7473944462440387,98.93301977179688,0.5831219232661407,False
4539,0.7771529943226336,98.93071372685387,0.5910619444045783,False
4540,0.804717519321077,98.9285094568801,0.5913283766053923,False
4541,0.8301899714180443,98.92640692640693,0.5964082640861688,False
4542,0.8536576732793313,98.47084233261339,0.5936905640997637,False
4543,0.875195788740725,98.95267649340575,0.5971405084852613,False
4544,0.8948692308065574,99.68968192397207,0.5713778520157564,False
4545,0.9127341558073343,99.69040247678019,0.5455628435148192,False
4546,0.9288391461883214,99.2407343857241,0.5434936383903929,False
4547,0.9432261548473415,99.73898160034231,0.5267825596088402,False
4548,0.9559312637896478,99.73898160034231,0.49859052699859013,False
4549,0.9669852958320848,99.73898160034231,0.470386124578416,False
4550,0.976414308115487,99.73898160034231,0.44215845592622804,False
4551,0.9842399889605549,99.73898160034231,0.4262790462285556,False
4552,0.9904799742690308,99.73898160034231,0.39870681651153506,False
4553,0.995148095654003,99.73898160034231,0.3713486041239368,False
4554,0.9982545693874831,99.73898160034231,0.3458823239825179,False
4555,0.999806132804711,99.73898160034231,0.3207955668223638,False
4556,0.999806132804711,99.73898160034231,0.2960600569290719,False
4557,0.9982545693874831,99.73898160034231,0.27177427477835997,False
4558,0.995148095654003,99.73898160034231,0.2498426361897303,False
4559,0.9904799742690308,99.73898160034231,0.23046067367836712,False
4560,0.9842399889605549,99.2407343857241,0.22976497890274805,False
4561,0.976414308115487,99.69040247678019,0.2161861106661683,False
4562,0.9669852958320848,99.68968192397207,0.2037580616399686,False
4563,0.9559312637896478,99.6889848812095,0.1925481192940792,False
4564,0.9432261548473415,99.68831168831169,0.1826155014075427,False
4565,0.9288391461883214,99.68766267568975,0.17400460349444946,False
4566,0.9127341558073343,99.68703816395723,0.1667372262366101,False
4567,0.8948692308065574,98.96114057202469,0.1177123042206301,False
4568,0.875195788740725,99.63053116578284,0.17530396526616182,False
4569,0.8536576732793313,99.63053116578284,0.17437851318368186,False
4570,0.8301899714180443,99.63053116578284,0.17425321763776522,False
4571,0.8301899714180443,99.09851058270185,0.14142903655295913,False
4572,0.8301899714180443,99.57242582897034,0.1425091900471191,False
4573,0.804717519321077,99.57167832167832,0.14348494608442508,False
4574,0.7771529943226336,99.57096576481919,0.14420982522168488,False
4575,0.7473944462440387,99.57028852056476,0.14505203277325812,False
4576,0.7473944462440387,99.56964693483225,0.1460081435091719,False
4577,0.7473944462440387,99.56904133685137,0.1930197550701801,False
4578,0.7473944462440387,99.56847203874945,0.19280160558269274,False
4579,0.7473944462440387,99.56793933515563,0.19267021131227238,False
4580,0.7153220528038851,99.56744350282486,0.2309629463996144,False
4581,0.6807937753703206,99.56698480028278,0.35016110150384294,False
4582,0.6436394131461666,99.56656346749226,0.37093343837768095,False
4583,0.603652249754401,99.56617972554227,0.3887956159782931,False
4584,0.560576942614533,99.5658337763601,0.40422497836757754,False
4585,0.5140912790181235,99.56552580244724,0.41757869219148785,False
4586,0.4637773498877516,99.56525596664005,0.42913457966748997,False
4587,0.40907313904382653,99.56502441189525,0.4391156543733558,False
4588,0.3491843735073079,98.96536412078153,0.4272932759411188,False
4589,0.2829047929798921,99.62242359630419,0.4345785144089996,False
4590,0.208180945557171,99.62242359630419,0.44067983314613246,False
4591,0.208180945557171,99.62242359630419,0.44588098257628883,False
4592,0.208180945557171,99.62242359630419,0.4501541070003744,False
4593,0.208180945557171,99.62242359630419,0.45360069918018187,False
4594,0.208180945557171,99.62242359630419,0.45631319074384974,False
4595,0.208180945557171,99.62242359630419,0.4583768476447001,False
4596,0.208180945557171,99.62242359630419,0.4598712435604491,False
4597,0.208180945557171,98.96536412078153,0.4634131344451895,False
4598,0.208180945557171,99.56502441189525,0.4636280445072787,False
4599,0.208180945557171,99.56525596664005,0.4638635877121788,False
4600,0.208180945557171,98.95750155265726,0.4740137479930573,False
4601,0.208180945557171,98.32860436247562,0.39427461609991915,False
4602,0.208180945557171,98.93230551125288,0.37503065533864477,False
4603,0.208180945557171,98.93758300132802,0.35698678761075026,False
4604,0.208180945557171,98.94294559929234,0.34018862681387124,False
4605,0.208180945557171,98.94839165782962,0.35374374009041865,False
4606,0.208180945557171,98.95391949152543,0.34050264506329986,False
4607,0.208180945557171,98.95952737853804,0.3288815271651109,False
4608,0.208180945557171,98.96521356230735,0.31852665706895067,False
4609,0.208180945557171,98.97097625329815,0.30991914580090146,False
4610,0.208180945557171,98.97681363077463,0.30316290391687245,False
4611,0.208180945557171,98.9827238446023,0.29769201942132145,False
4612,0.208180945557171,98.98870501707381,0.29284557750606777,False
4613,0.208180945557171,98.99475524475524,0.2891219304008676,False
4614,0.208180945557171,99.00087260034904,0.2864463674835774,False
4615,0.208180945557171,99.00705513457017,0.28473106658895897,False
4616,0.208180945557171,99.01330087803181,0.28387760479053903,False
4617,0.208180945557171,98.55977789345827,0.24996277278480117,False
4618,0.208180945557171,99.07792207792208,0.2519814347467176,False
4619,0.208180945557171,99.07792207792208,0.2539241662698722,False
4620,0.208180945557171,98.41558441558442,0.19976494482548532,False
4621,0.208180945557171,99.13852813852814,0.20263423406913927,False
4622,0.208180945557171,99.14470842332614,0.20515125496791198,False
4623,0.208180945557171,99.15093526420137,0.20721138721849372,False
4624,0.208180945557171,99.15074309978769,0.212881066203158,False
4625,0.208180945557171,98.39197717645024,0.15969543857258828,False
4626,0.208180945557171,99.09878832305635,0.15945723181941937,False
4627,0.208180945557171,99.10537634408603,0.15814052455955593,False
4628,0.208180945557171,99.11200720689803,0.21753472696195983,False
4629,0.208180945557171,99.11867887396252,0.21495865805715636,False
4630,0.208180945557171,99.1253893084176,0.21157276723892676,False
4631,0.208180945557171,99.13213647579342,0.20790138077503315,False
4632,0.12068101401352381,99.13891834570519,0.2050747690178801,False
4633,-0.0,99.14573289351264,0.20230810706805802,False
4634,-0.0,99.15257810194359,0.19961915280029927,False
4635,-0.0,99.15945196267967,0.197022523115272,False
4636,-0.0,99.16635247790205,0.20509404059859832,False
4637,-0.0,99.17327766179541,0.2019830750301868,False
4638,-0.0,99.18022554200824,0.1988305268071172,False
4639,-0.0,99.18719416106826,0.19563512650506285,False
4640,-0.0,99.19418157775115,0.19239552912772365,False
4641,-0.0,99.20118586840155,0.18911034305423863,False
4642,-0.0,99.20820512820512,0.18577816247996573,False
4643,0.12068101401352381,99.21523747241069,0.18239760389023255,False
4644,0.208180945557171,98.82285620861605,0.17419000904671375,False
4645,0.2829047929798921,99.16618981443636,0.17253159998629675,False
4646,0.3491843735073079,99.16618981443636,0.17102209537432245,False
4647,0.40907313904382653,99.16618981443636,0.16965271677392096,False
4648,0.40907313904382653,98.40791563174396,0.07456602566715219,False
4649,0.40907313904382653,99.11576214813012,0.07382373996634346,False
4650,0.40907313904382653,99.1232677467577,0.07287871409710533,False
4651,0.40907313904382653,99.1307847082495,0.07247681415176298,False
4652,0.40907313904382653,99.13831108973588,0.07188603412037396,False
4653,0.40907313904382653,99.14584497485431,0.07107170669386192,False
4654,0.40907313904382653,99.15338447474065,0.17792647786891405,False
4655,0.40907313904382653,99.16092772896383,0.17726265772604075,False
4656,0.40907313904382653,98.81659146679331,0.1640345693300406,False
4657,0.40907313904382653,99.10551729597087,0.1640600197687606,False
4658,0.40907313904382653,99.10551729597087,0.16415089000554917,False
4659,0.40907313904382653,99.10551729597087,0.16416674372301984,False
4660,0.40907313904382653,99.10551729597087,0.16422474947251417,False
4661,0.40907313904382653,99.10551729597087,0.16435033827574436,False
4662,0.40907313904382653,99.10551729597087,0.1645684353217208,False
4663,0.40907313904382653,99.10551729597087,0.16490328211304706,False
4664,0.40907313904382653,99.10551729597087,0.16537822892365742,False
4665,0.40907313904382653,99.10551729597087,0.1728690631420825,False
4666,0.40907313904382653,99.10551729597087,0.17287229542382843,False
4667,0.40907313904382653,99.10551729597087,0.1728633664234681,False
4668,0.40907313904382653,99.10551729597087,0.1728485550081802,False
4669,0.40907313904382653,99.10551729597087,0.1728261251205925,False
4670,0.40907313904382653,99.10551729597087,0.17279383520011887,False
4671,0.40907313904382653,99.10551729597087,0.1727488880929637,False
4672,0.40907313904382653,99.10551729597087,0.1726878798813131,False
4673,0.40907313904382653,99.10551729597087,0.17260674728616135,False
4674,0.40907313904382653,98.34482758620689,0.0725120322080872,False
4675,0.40907313904382653,99.0504590755709,0.07455607518174573,False
4676,0.40907313904382653,99.05855697488182,0.0761625838070586,False
4677,0.40907313904382653,99.06665629618107,0.1744692263382511,False
4678,0.40907313904382653,99.07475513917386,0.2308816851820873,False
4679,0.40907313904382653,99.08285163776493,0.23242571056027686,False
4680,0.4637773498877516,99.09094396072264,0.23413494930156825,False
4681,0.5140912790181235,99.09903031228525,0.2359926840661139,False
4682,0.560576942614533,99.1071089327102,0.23798121874524006,False
4683,0.603652249754401,99.1151780987673,0.23953853334524075,False
4684,0.6436394131461666,99.12323612417686,0.24004823649711707,False
4685,0.6807937753703206,98.84101599247413,0.23516092812062175,False
4686,0.7153220528038851,99.06302916274694,0.23559204866309466,False
4687,0.7153220528038851,99.06302916274694,0.23601881167210467,False
4688,0.7153220528038851,99.06302916274694,0.2827208560767861,False
4689,0.7153220528038851,99.06302916274694,0.28521084606177904,False
4690,0.7153220528038851,99.06302916274694,0.28621178431396815,False
4691,0.7473944462440387,99.06302916274694,0.2872088244106382,False
4692,0.7771529943226336,99.06302916274694,0.28820667281162293,False
4693,0.804717519321077,99.06302916274694,0.28921000866630386,False
4694,0.8301899714180443,98.84101599247413,0.2863041726354332,False
4695,0.8536576732793313,99.12323612417686,0.28682324948161037,False
4696,0.875195788740725,99.1151780987673,0.2873000048385381,False
4697,0.8948692308065574,98.34379490282085,0.2416626230685831,False
4698,0.9127341558073343,98.34379490282085,0.18974147579369172,False
4699,0.9288391461883214,99.1151780987673,0.18912979249087639,False
4700,0.9432261548473415,99.12323612417686,0.18823824229229547,False
4701,0.9559312637896478,99.131281359994,0.18705722537682354,False
4702,0.9669852958320848,99.1393121949402,0.18557731343750944,False
4703,0.976414308115487,98.86731994485636,0.18449689883411977,False
4704,0.976414308115487,99.0796974551958,0.18461632199409708,False
4705,0.976414308115487,99.0796974551958,0.18504571514583018,False
4706,0.976414308115487,99.0796974551958,0.18551705004339558,False
4707,0.976414308115487,99.0796974551958,0.18601912271558438,False
4708,0.976414308115487,98.3206050270631,0.10284260671233743,False
4709,0.9842399889605549,98.82335583342555,0.09610248733572718,False
4710,0.9904799742690308,99.08990825688073,0.10605739228471085,False
4711,0.995148095654003,99.08990825688073,0.10349550119368761,False
4712,0.9982545693874831,99.08990825688073,0.10092161032979133,False
4713,0.999806132804711,99.08990825688073,0.09832154186438956,False
4714,0.999806132804711,99.08990825688073,0.09589115568402166,False
4715,0.9982545693874831,99.08990825688073,0.09348903920853754,False
4716,0.995148095654003,99.08990825688073,0.09167193916595168,False
4717,0.995148095654003,99.08990825688073,0.09004506411097364,False
4718,0.995148095654003,99.08990825688073,0.08862167950067676,False
4719,0.995148095654003,99.08990825688073,0.08866175386275565,False
4720,0.9904799742690308,99.08990825688073,0.08951026924386574,False
4721,0.9904799742690308,99.08990825688073,0.09062508748079702,False
4722,0.9904799742690308,99.08990825688073,0.09198387089915498,False
4723,0.9904799742690308,99.08990825688073,0.09356186247655342,False
4724,0.9904799742690308,99.08990825688073,0.0953327854790034,False
4725,0.9904799742690308,99.08990825688073,0.09761072937295354,False
4726,0.9904799742690308,99.08990825688073,0.09992240731823245,False
4727,0.9904799742690308,99.08990825688073,0.10225903690625004,False
4728,0.9904799742690308,99.08990825688073,0.10553130747202717,False
4729,0.9904799742690308,99.08990825688073,0.10935517081414892,False
4730,0.9904799742690308,98.82335583342555,0.20604789857253566,False
4731,0.9904799742690308,99.01386520352932,0.20608025975311933,False
4732,0.9904799742690308,99.0051790305153,0.2190882895706622,False
4733,0.9904799742690308,98.99648019171721,0.21928629890419252,False
4734,0.9904799742690308,98.98777046095955,0.21930399922675953,False
4735,0.9904799742690308,98.9790516524238,0.21920827109387445,False
4736,0.9904799742690308,98.97032562027432,0.2190024472067757,False
4737,0.9904799742690308,98.96159425822708,0.2186900054362268,False
4738,0.9904799742690308,98.95285949906025,0.21827459355347772,False
4739,0.9904799742690308,98.94412331406551,0.21725425037776877,False
4740,0.9904799742690308,98.93538771243854,0.21589631336988688,False
4741,0.995148095654003,98.92665474060823,0.21437162126339102,False
4742,0.9982545693874831,98.91792648150319,0.21272783124483596,False
4743,0.999806132804711,98.909205053755,0.21097352899059987,False
4744,1.1042875713905729,98.90049261083743,0.20911806867116012,False
4745,1.1034990673875957,98.8917913401409,0.20717158963588314,False
4746,1.101131799569232,98.88310346198179,0.2051450336277161,False
4747,1.0971804769523517,98.87443122854634,0.20305016137598156,False
4748,1.0971804769523517,98.86577692276863,0.2008995671637033,False
4749,1.0971804769523517,98.85714285714286,0.19870668966882896,False
4750,1.0971804769523517,98.16977091834673,0.08019363835623652,False
4751,1.0971804769523517,98.92106757524134,0.08014152531349283,False
4752,1.0916362019205925,98.61280116816744,0.029955316103978006,False
4753,1.0844863484244938,98.98596576620427,0.02859743474038834,False
4754,1.0757143856082798,98.97797141577426,0.027937949507620113,False
4755,1.0652996405533381,98.96999918253903,0.028001851728297843,False
4756,1.0532169913190046,98.96205128205128,0.028766485559795843,False
4757,1.0394364783172854,98.95412995141234,0.030166837957289777,False
4758,1.0239228180015463,98.94623744782842,0.03211331793184323,False
4759,1.006634797484697,98.93837604710956,0.0345114212391617,False
4760,0.9875245214535493,98.93054804211228,0.0372752730477897,False
4761,0.9665364727522964,98.92275574112735,0.042891690896552224,False
4762,0.9436063339556555,98.91500146621424,0.04810643590814252,False
4763,0.9186594970880806,98.90728755148356,0.053998715801084264,False
4764,0.9186594970880806,98.89961634132973,0.059237533995573,False
4765,0.9186594970880806,98.89199018861541,0.06396422952814056,False
4766,0.9186594970880806,98.88441145281018,0.06826728991456026,False
4767,0.9186594970880806,98.87688249808559,0.07220572236212759,False
4768,0.8916091590804429,98.86940569136908,0.07582061231904033,False
4769,0.8623538561746378,98.86198340035938,0.07914142514670099,False
4770,0.830774222099454,98.85461799150616,0.08218969802575625,False
4771,0.7967286463062392,98.84731182795699,0.08498132486762568,False
4772,0.7600473303889541,98.84006726747445,0.08752803169432807,False
4773,0.720523936685393,98.83288666032679,0.08983836072276934,False
4774,0.677903479475398,98.82577234715542,0.09191834239300553,False
4775,0.6318640827062832,98.81872665682272,0.0937719609300899,False
4776,0.6318640827062832,98.81175190424375,0.09540147788186709,False
4777,0.6318640827062832,98.80485038820554,0.09680765398168538,False
4778,0.677903479475398,98.79802438917785,0.09798989493454473,False
4779,0.720523936685393,98.79127616711921,0.0989463372603607,False
4780,0.7600473303889541,98.78460795928217,0.09967388390278926,False
4781,0.7600473303889541,98.77802197802198,0.09920041860396177,False
4782,0.7967286463062392,98.77152040861256,0.09856942200205315,False
4783,0.830774222099454,98.76510540707419,0.09723937200745211,False
4784,0.8623538561746378,98.7587790980167,0.09587890614587098,False
4785,0.8916091590804429,98.75254357250287,0.0944885723693193,False
4786,0.9186594970880806,98.74640088593577,0.09306894948910323,False
4787,0.9436063339556555,98.74035305597445,0.09162064687621749,False
4788,0.9665364727522964,98.73440206048225,0.09014430412837787,False
4789,0.9875245214535493,98.72854983551169,0.08864059070739677,False
4790,1.006634797484697,98.72279827333007,0.08711020555119499,False
4791,1.0239228180015463,98.71714922048997,0.08555387666551945,False
4792,1.0394364783172854,98.71160447594846,0.08397236070131682,False
4793,1.0532169913190046,98.70616578923887,0.08236644252466332,False
4794,1.0532169913190046,98.70083485869905,0.08073693478732981,False
4795,1.0532169913190046,98.69561332975967,0.07908467750743836,False
4796,1.0532169913190046,98.69050279329609,0.07741053767125188,False
4797,1.0532169913190046,98.68550478404721,0.07571540886908741,False
4798,1.0532169913190046,98.68062077910461,0.07400021098064138,False
4799,1.0532169913190046,98.6758521964749,0.07226588992781934,False
4800,1.0532169913190046,98.67120039371841,0.07051341751660013,False
4801,1.0532169913190046,98.66666666666667,0.06874379139360554,False
4802,1.0532169913190046,98.66225224822156,0.12821737952366594,False
4803,1.0532169913190046,98.65795830723808,0.12730631017406055,False
4804,1.0532169913190046,98.65378594749318,0.1264607389819614,False
4805,0.9559312637896478,98.64973620674238,0.1256785613526889,False
4806,0.9669852958320848,98.64581005586592,0.12495735181568732,False
4807,0.976414308115487,98.64200839810596,0.18294281397186685,False
4808,0.9842399889605549,98.63833206839591,0.18461042990101326,False
4809,0.9904799742690308,98.63478183278308,0.18616299762827784,False
4810,0.995148095654003,98.63135838794526,0.18760755271836813,False
4811,0.9982545693874831,98.62806236080178,0.18895060083676457,False
4812,0.999806132804711,98.62489430821948,0.19019817627770355,False
4813,0.999806132804711,98.62185471681337,0.2081190126438499,False
4814,0.9982545693874831,98.61894400284204,0.20795755208807826,False
4815,0.995148095654003,98.61616251219729,0.2078243431081776,False
4816,0.9904799742690308,98.61351052048727,0.2077171095394941,False
4817,0.9904799742690308,98.61098823321242,0.20763359038378731,False
4818,0.9904799742690308,98.60859578603295,0.20757155612954037,False
4819,0.9904799742690308,98.60633324512658,0.20752882356795713,False
4820,0.9904799742690308,98.60420060763506,0.20750326910486663,False
4821,0.9904799742690308,98.60219780219781,0.20749284058333434,False
4822,0.9904799742690308,98.15716730288271,0.17634651301097953,False
4823,0.9842399889605549,98.6774108785145,0.1763484784077162,False
4824,0.976414308115487,98.6774108785145,0.17632331183832323,False
4825,0.976414308115487,98.6774108785145,0.17627229197652325,False
4826,0.976414308115487,98.6774108785145,0.1761969033962881,False
4827,0.976414308115487,98.02487518612595,0.1139816568389141,False
4828,0.9842399889605549,98.73872295699395,0.11039164843700536,False
4829,0.9842399889605549,98.736832903536,0.10688809862342669,False
4830,0.9842399889605549,98.73506062985257,0.10347108555651581,False
4831,0.9842399889605549,98.73340587595212,0.10014087345872849,False
4832,0.9842399889605549,98.73186832276556,0.09689793384520434,False
4833,0.9842399889605549,98.23243290193695,0.04531460390130596,False
4834,0.9842399889605549,98.65369582211413,0.04400545489970941,False
4835,0.9842399889605549,98.65369582211413,0.04267397803412017,False
4836,0.9842399889605549,98.65369582211413,0.04132725069276702,False
4837,0.9904799742690308,98.65369582211413,0.03997294726603629,False
4838,0.995148095654003,98.65369582211413,0.038298800808685536,False
4839,0.9982545693874831,98.65369582211413,0.10036521953678233,False
4840,0.999806132804711,98.65369582211413,0.1021316698667593,False
4841,0.999806132804711,98.65369582211413,0.10396427323577018,False
4842,0.9982545693874831,98.65369582211413,0.10586364358087438,False
4843,0.995148095654003,98.65369582211413,0.10783004390069548,False
4844,0.9904799742690308,98.65369582211413,0.10913096722463411,False
4845,0.9842399889605549,98.65369582211413,0.11040772663350058,False
4846,0.976414308115487,98.65369582211413,0.16803822479139022,False
4847,0.9669852958320848,98.65369582211413,0.17157036200260178,False
4848,0.9559312637896478,98.65369582211413,0.17483081903951866,False
4849,0.9432261548473415,98.65369582211413,0.1778413619050797,False
4850,0.9432261548473415,98.65369582211413,0.19191824922138512,False
4851,0.9432261548473415,98.65369582211413,0.19838263639301282,False
4852,0.9432261548473415,98.65369582211413,0.2044049420529256,False
4853,0.9432261548473415,98.65369582211413,0.21011934668111087,False
4854,0.9432261548473415,98.65369582211413,0.21545078814372787,False
4855,0.9559312637896478,98.65369582211413,0.22043231552515546,False
4856,0.9669852958320848,98.65369582211413,0.2250920904720537,False
4857,0.976414308115487,98.65369582211413,0.2294543463268144,False
4858,0.9842399889605549,98.65369582211413,0.2335929068622071,False
4859,0.9904799742690308,98.23243290193695,0.21831117795353097,False
4860,0.995148095654003,98.73186832276556,0.22117928462098294,False
4861,0.9982545693874831,98.73340587595212,0.2237876037518246,False
4862,0.999806132804711,98.73506062985257,0.22614829514200926,False
4863,0.999806132804711,98.736832903536,0.22827204487111855,False
4864,0.9982545693874831,98.73872295699395,0.230516446865585,False
4865,0.995148095654003,98.74073099030319,0.23259011719821768,False
4866,0.995148095654003,98.08791208791209,0.1980464600538054,False
4867,0.995148095654003,98.79793932455638,0.19780419283385145,False
4868,0.995148095654003,98.79793932455638,0.19757254121768228,False
4869,0.995148095654003,98.79793932455638,0.1973497200477949,False
4870,0.995148095654003,98.32680199022501,0.1856501913316117,False
4871,0.995148095654003,98.86838976707323,0.18067940946490912,False
4872,0.995148095654003,98.87095351503925,0.17578344209500982,False
4873,0.995148095654003,98.87362516012192,0.17096240002146862,False
4874,0.995148095654003,98.87640449438203,0.16621663742405474,False
4875,0.995148095654003,98.87929125138427,0.16154676969107093,False
4876,0.995148095654003,98.8822851060055,0.18475496798721494,False
4877,0.995148095654003,98.88538567431947,0.18243538652590155,False
4878,0.9904799742690308,98.88859251355917,0.1800385153638624,False
4879,0.9842399889605549,98.89190512215745,0.2970089181821279,False
4880,0.976414308115487,98.89532293986638,0.2961286115464769,False
4881,0.9669852958320848,98.89884534795596,0.3384410087856603,False
4882,0.9559312637896478,98.90247166949229,0.37363400746621905,False
4883,0.9432261548473415,98.90620116969508,0.4036618460276208,False
4884,0.9432261548473415,98.91003305637452,0.4296902469453774,False
4885,0.9432261548473415,98.91396648044693,0.45248639796191364,False
4886,0.9432261548473415,98.91800053652867,0.4511016851120304,False
4887,0.9432261548473415,98.92213426360749,0.4668982053442495,False
4888,0.9432261548473415,98.92636664579047,0.48098395435492236,False
4889,0.9288391461883214,98.93069661312693,0.493559525788619,False
4890,0.9127341558073343,98.9351230425056,0.5049754985503754,False
4891,0.8948692308065574,98.93964475862377,0.5151404089952218,False
4892,0.875195788740725,98.94426053502728,0.524177460060462,False
4893,0.8536576732793313,98.94896909521893,0.5321931857129534,False
4894,0.8301899714180443,98.9537691138335,0.5392809616668947,False
4895,0.804717519321077,98.9586592178771,0.5455236272116509,False
4896,0.7771529943226336,98.40078620566426,0.5423062625607163,False
4897,0.7473944462440387,99.01334881021474,0.5466518815333689,False
4898,0.7153220528038851,99.01334881021474,0.5504252996294376,False
4899,0.6807937753703206,97.8021978021978,0.49987534531286193,False
4900,0.6436394131461666,98.99888268156424,0.5025811527708048,False
4901,0.603652249754401,99.62011173184358,0.47692287275059253,False
4902,0.560576942614533,99.6199588661361,0.4513144849390972,False
4903,0.5140912790181235,99.61983988550472,0.4315665930595463,False
4904,0.4637773498877516,99.61975485371745,0.4089476893096334,False
4905,0.40907313904382653,99.61970381638406,0.38644627153358563,False
4906,0.3491843735073079,98.97096326786273,0.3902745761749092,False
4907,0.2829047929798921,99.55259272515771,0.37241897170895116,False
4908,0.208180945557171,99.55259272515771,0.3548320055916534,False
4909,0.12068101401352381,99.55259272515771,0.3375352563601885,False
4910,-0.0,99.55259272515771,0.3197810348353048,False
4911,-0.0,99.55259272515771,0.302417371482988,False
4912,-0.0,99.55259272515771,0.28575656048641773,False
4913,-0.0,99.55259272515771,0.2698311298597596,False
4914,-0.0,99.55259272515771,0.2546768436065917,False
4915,-0.0,99.55259272515771,0.24033270481725114,False
4916,-0.0,99.55259272515771,0.22684073146879535,False
4917,-0.0,99.55259272515771,0.21388927952918357,False
4918,-0.0,99.55259272515771,0.20180662529756585,False
4919,-0.0,99.55259272515771,0.1906324059245097,False
4920,-0.0,99.55259272515771,0.18040494185078124,False
4921,-0.0,99.55259272515771,0.17115879536148215,False
4922,-0.0,99.55259272515771,0.16292161425815338,False
4923,-0.0,98.94859290412062,0.1844108352010541,False
4924,-0.0,99.61970381638406,0.17504085572913186,False
4925,-0.0,99.62225579948449,0.16662730462517492,False
4926,-0.0,99.62225579948449,0.1593979239734408,False
4927,-0.0,99.62225579948449,0.18469892752771738,False
4928,-0.0,99.62225579948449,0.18415288447854725,False
4929,-0.0,99.62225579948449,0.18429090351175978,False
4930,-0.0,99.62225579948449,0.18634416616085292,False
4931,-0.0,99.62225579948449,0.18863715679792115,False
4932,-0.0,99.62225579948449,0.1906701642632833,False
4933,-0.0,99.62225579948449,0.1924605433158369,False
4934,-0.0,99.62225579948449,0.19336489610535465,False
4935,-0.0,99.62225579948449,0.22355255168594126,False
4936,-0.0,99.62225579948449,0.22637986920780812,False
4937,-0.0,99.62225579948449,0.22931092328509067,False
4938,-0.0,99.62225579948449,0.2320473616533931,False
4939,-0.0,99.62225579948449,0.23460082214423816,False
4940,-0.0,99.62225579948449,0.23698192661088566,False
4941,-0.0,99.62225579948449,0.23920041725003216,False
4942,-0.0,99.62225579948449,0.24126527079645538,False
4943,-0.0,99.03119722691316,0.21065637087029893,False
4944,-0.0,99.68002844191628,0.21120911551456778,False
4945,-0.0,99.68008531058385,0.21171789378358097,False
4946,-0.0,99.68017057569297,0.21218429682588447,False
4947,-0.0,99.10746003552399,0.18710194483243603,False
4948,-0.0,99.72924988903684,0.1850204189275465,False
4949,-0.0,99.72924988903684,0.18303031201366618,False
4950,-0.0,99.72924988903684,0.1811319921197744,False
4951,-0.0,99.72924988903684,0.17932565265934605,False
4952,-0.0,99.72924988903684,0.17761130643219664,False
4953,0.12068101401352381,99.72924988903684,0.1963959821678779,False
4954,0.208180945557171,99.72924988903684,0.19666046360835523,False
4955,0.2829047929798921,99.10785619174435,0.1627417592359456,False
4956,0.3491843735073079,99.7780736795384,0.15985238253817682,False
4957,0.40907313904382653,99.77819181971431,0.1570241383664976,False
4958,0.4637773498877516,99.77832949104452,0.15365790261016338,False
4959,0.5140912790181235,99.77848662059188,0.15040720676429745,False
4960,0.560576942614533,99.77866312527667,0.14727355195359734,False
4961,0.603652249754401,99.77885891198585,0.14425840064214787,False
4962,0.6436394131461666,99.7790738776953,0.14136315508109848,False
4963,0.6807937753703206,99.77930790960453,0.1385891334628172,False
4964,0.7153220528038851,99.77956088528349,0.19510929785686462,False
4965,0.7473944462440387,99.77983267283135,0.19491029805045948,False
4966,0.7771529943226336,99.78012313104661,0.19414113906871605,False
4967,0.804717519321077,99.78043210960828,0.19346549228115303,False
4968,0.8301899714180443,99.78075944926773,0.19287944302921967,False
4969,0.8536576732793313,99.7811049820506,0.1923789490922824,False
4970,0.875195788740725,99.78146853146853,0.19195985279911787,False
4971,0.8948692308065574,99.78184991273997,0.19161789323024836,False
4972,0.9127341558073343,99.78224893301977,0.19134871832051806,False
4973,0.9288391461883214,99.28714248456924,0.17011227915169158,False
4974,0.9432261548473415,99.82214124587888,0.16882141903741454,False
4975,0.9559312637896478,99.82214124587888,0.18949259861669948,False
4976,0.9669852958320848,99.82214124587888,0.20698258411629006,False
4977,0.976414308115487,99.82214124587888,0.20688033957673888,False
4978,0.9842399889605549,99.82214124587888,0.20726829723731988,False
4979,0.9904799742690308,99.82214124587888,0.20764224700072323,False
4980,0.995148095654003,99.82214124587888,0.20800309592846927,False
4981,0.9982545693874831,99.82214124587888,0.20835167793613465,False
4982,0.999806132804711,99.82214124587888,0.25048386142514395,False
4983,0.999806132804711,99.82214124587888,0.25200258551105065,False
4984,0.9982545693874831,99.123720284574,0.21079295917290233,False
4985,0.995148095654003,99.86118341141767,0.21057003048367218,False
4986,0.9904799742690308,99.86147186147186,0.25227983539815163,False
4987,0.9842399889605549,99.86177105831534,0.43415710468377533,False
4988,0.976414308115487,99.8620808550987,0.45031414655816615,False
4989,0.9669852958320848,99.86240110079119,0.46452981370719165,False
4990,0.9559312637896478,99.8627316403569,0.477040404313832,False
4991,0.9432261548473415,99.86307231493367,0.4880385353725963,False
4992,0.9288391461883214,99.86342296201451,0.4976849176590669,False
4993,0.9127341558073343,99.86378341563085,0.5061163942253759,False
4994,0.8948692308065574,99.86415350653762,0.5134516080369215,False
4995,0.875195788740725,99.38020037357786,0.5131000839333794,False
4996,0.8536576732793313,99.38020037357786,0.5122993349314893,False
4997,0.8301899714180443,99.86415350653762,0.5174346866157737,False
4998,0.804717519321077,99.86378341563085,0.5217339500584043,False
4999,0.7771529943226336,99.86342296201451,0.5252806150795497,False
5000,0.7473944462440387,99.86307231493367,0.5281524755223107,False
5001,0.7153220528038851,99.8627316403569,0.5688932997198254,False
5002,0.6807937753703206,99.14430684554523,0.553625166368148,False
5003,0.6436394131461666,99.89225066804586,0.5787749684316057,False
5004,0.603652249754401,99.89225066804586,0.5796044725123011,False
5005,0.560576942614533,99.89225066804586,0.5800464784017352,False
5006,0.5140912790181235,99.14430684554523,0.5636285279433901,False
5007,0.4637773498877516,98.16821465428276,0.43956897773070475,False
5008,0.40907313904382653,99.15290677674578,0.42309915300606915,False
5009,0.3491843735073079,99.15524523747953,0.5153905267438896,False
5010,0.2829047929798921,99.15766738660908,0.5763511050062246,False
5011,0.208180945557171,99.16017316017316,0.5840395845609961,False
5012,0.12068101401352381,99.1627624501128,0.5901800492929473,False
5013,-0.0,99.16543510388594,0.59605871490193,False
5014,-0.0,99.16819092413553,0.6005824900451088,False
5015,-0.0,99.17102966841186,0.6031812804571447,False
5016,-0.0,99.17395104895105,0.6048414045641355,False
5017,-0.0,99.17695473251028,0.6064923846276961,False
5018,-0.0,99.18004034026133,0.6091640033077779,False
5019,0.12068101401352381,99.18320744774284,0.6117241045043983,False
5020,0.208180945557171,99.18645558487248,0.614159971021285,False
5021,0.2829047929798921,98.47845206684256,0.5811462903758156,False
5022,0.3491843735073079,99.16007036059807,0.5832522376612008,False
5023,0.40907313904382653,98.59092910612065,0.598186917626538,False
5024,0.4637773498877516,99.13146988801692,0.6000665833827724,False
5025,0.5140912790181235,99.13488700564972,0.6019407446095096,False
5026,0.5140912790181235,99.13838812301167,0.6282698291034541,False
5027,0.5140912790181235,99.14197257850509,0.6299072861080616,False
5028,0.5140912790181235,99.14563966356795,0.6313146943725141,False
5029,0.5140912790181235,97.81319167773351,0.5479709795093621,False
5030,0.5140912790181235,97.90448343079922,0.4720377635825186,False
5031,0.5140912790181235,98.46269714690767,0.45142256277596665,False
5032,0.5140912790181235,98.46269714690767,0.43305366293857395,False
5033,0.5140912790181235,98.46269714690767,0.41506693528729016,False
5034,0.5140912790181235,98.46269714690767,0.3993952498739404,False
5035,0.5140912790181235,98.46269714690767,0.3858439597397535,False
5036,0.5140912790181235,98.46269714690767,0.3744254878801651,False
5037,0.5140912790181235,98.46269714690767,0.3638040203109737,False
5038,0.5140912790181235,98.46269714690767,0.3522742375000859,False
5039,0.5140912790181235,98.46269714690767,0.34175285882355355,False
5040,0.5140912790181235,98.46269714690767,0.3321321740533134,False
5041,0.5140912790181235,98.46269714690767,0.3234651978773057,False
5042,0.5140912790181235,98.46269714690767,0.31575916381049135,False
5043,0.5140912790181235,97.78220451527224,0.2292575012520502,False
5044,0.5140912790181235,98.42547545333923,0.22044103947510918,False
5045,0.5140912790181235,98.41816896429835,0.21238661180352364,False
5046,0.5140912790181235,97.83934252386003,0.1080022432705846,False
5047,0.5140912790181235,98.3695652173913,0.09337042006854221,False
5048,0.5140912790181235,98.3695652173913,0.07996964313862902,False
5049,0.5140912790181235,98.3695652173913,0.06801683876448238,False
5050,0.5140912790181235,98.3695652173913,0.05780281790903679,False
5051,0.5140912790181235,98.3695652173913,0.0496853935840306,False
5052,0.5140912790181235,98.3695652173913,0.04066286922436973,False
5053,0.5140912790181235,98.3695652173913,0.03405293464854898,False
5054,0.5140912790181235,98.3695652173913,0.026334693597728727,False
5055,0.5140912790181235,98.3695652173913,0.02111483840666811,False
5056,0.5140912790181235,98.3695652173913,0.018775241426484107,False
5057,0.5140912790181235,98.3695652173913,0.018175580960677173,False
5058,0.5140912790181235,98.3695652173913,0.01814522867785406,False
5059,0.5140912790181235,98.3695652173913,0.01680890299458913,False
5060,0.5140912790181235,98.3695652173913,0.016592663443447186,False
5061,0.5140912790181235,98.3695652173913,0.016574366957096992,False
5062,0.5140912790181235,98.3695652173913,0.016574149843910778,False
5063,0.5140912790181235,98.3695652173913,0.016562945412272975,False
5064,0.5140912790181235,98.3695652173913,0.01651157365594864,False
5065,0.5140912790181235,98.3695652173913,0.15445246089375142,False
5066,0.5140912790181235,98.3695652173913,0.1545073932027647,False
5067,0.5140912790181235,98.3695652173913,0.15459044092369523,False
5068,0.5140912790181235,98.3695652173913,0.15470326318780045,False
5069,0.5140912790181235,98.3695652173913,0.2024303840572734,False
5070,0.5140912790181235,98.3695652173913,0.2029090858304394,False
5071,0.5140912790181235,98.3695652173913,0.20330533429783174,False
5072,0.5140912790181235,98.3695652173913,0.20362087700107834,False
5073,0.5140912790181235,98.3695652173913,0.20385735341075534,False
5074,0.5140912790181235,98.3695652173913,0.20415818778880754,False
5075,0.5140912790181235,98.3695652173913,0.20440501208000264,False
5076,0.5140912790181235,98.3695652173913,0.20460184740369938,False
5077,0.5140912790181235,98.3695652173913,0.2047972579280713,False
5078,0.5140912790181235,98.3695652173913,0.2049567572388294,False
5079,0.5140912790181235,98.3695652173913,0.20508403588619434,False
5080,0.4637773498877516,98.3695652173913,0.20518275885844295,False
5081,0.40907313904382653,98.3695652173913,0.20525657108944775,False
5082,0.3491843735073079,98.3695652173913,0.20530910225472548,False
5083,0.2829047929798921,98.3695652173913,0.2053439708826586,False
5084,0.208180945557171,98.3695652173913,0.20536478780066647,False
5085,0.12068101401352381,97.68273305084746,0.136352611473719,False
5086,-0.0,98.32466272815448,0.1362690948735346,False
5087,-0.0,98.31792162043153,0.13613320559399025,False
5088,-0.0,98.311345646438,0.13594474349053903,False
5089,-0.0,97.75725593667546,0.03761798133115286,False
5090,-0.0,98.25417766051011,0.03458572784621721,False
5091,-0.0,98.25417766051011,0.03173042592165859,False
5092,-0.0,98.25417766051011,0.029104202359499065,False
5093,-0.0,98.25417766051011,0.026774550754233167,False
5094,-0.0,98.25417766051011,0.024825105206118945,False
5095,-0.0,98.25417766051011,0.023351283395015163,False
5096,-0.0,98.25417766051011,0.021315314185579345,False
5097,-0.0,98.25417766051011,0.01954984285639274,False
5098,-0.0,98.25417766051011,0.018099292587134306,False
5099,-0.0,98.25417766051011,0.01700333363255553,False
5100,-0.0,98.25417766051011,0.015767390311268826,False
5101,-0.0,98.25417766051011,0.014775491686990319,False
5102,-0.0,98.25417766051011,0.014026676774935881,False
5103,-0.0,98.25417766051011,0.01350661882677156,False
5104,-0.0,98.25417766051011,0.01318632100235191,False
5105,-0.0,98.25417766051011,0.013023794543828272,False
5106,-0.0,98.25417766051011,0.1561190108104921,False
5107,-0.0,98.25417766051011,0.15625100875680173,False
5108,-0.0,98.25417766051011,0.15642375619661839,False
5109,-0.0,98.25417766051011,0.15663358782430942,False
5110,-0.0,98.25417766051011,0.15687553168649104,False
5111,-0.0,98.25417766051011,0.15714348458267577,False
5112,-0.0,98.25417766051011,0.19313201145837858,False
5113,-0.0,98.25417766051011,0.19314169649147703,False
5114,-0.0,98.25417766051011,0.19313382908756146,False
5115,0.12068101401352381,98.25417766051011,0.19310480915105166,False
5116,0.208180945557171,98.25417766051011,0.19317925146800657,False
5117,0.2829047929798921,98.25417766051011,0.1932532639936345,False
5118,0.3491843735073079,98.25417766051011,0.19332651017218763,False
5119,0.40907313904382653,98.25417766051011,0.1933990006924219,False
5120,0.4637773498877516,98.25417766051011,0.19351410520821077,False
5121,0.5140912790181235,98.25417766051011,0.1936365597244392,False
5122,0.560576942614533,98.25417766051011,0.193766582001102,False
5123,0.603652249754401,98.25417766051011,0.193904388344802,False
5124,0.6436394131461666,98.25417766051011,0.19405019352806438,False
5125,0.6807937753703206,98.25417766051011,0.19420421070751526,False
5126,0.6807937753703206,97.5584050588442,0.1165050191712216,False
5127,0.7153220528038851,98.20222748399544,0.11661303700463124,False
5128,0.7473944462440387,98.19630505209702,0.1568605657384126,False
5129,0.7771529943226336,98.19055944055944,0.15665835073095782,False
5130,0.804717519321077,98.18499127399652,0.22030515667749753,False
5131,0.8301899714180443,98.17960108004529,0.2201043010004936,False
5132,0.8536576732793313,97.71798661218813,0.1892782703277193,False
5133,0.875195788740725,98.22575047718202,0.1892076776594844,False
5134,0.8948692308065574,98.22575047718202,0.1891310599835382,False
5135,0.9127341558073343,98.22575047718202,0.18905258102061884,False
5136,0.9288391461883214,98.22575047718202,0.1889764111792223,False
5137,0.9432261548473415,98.22575047718202,0.18889056531676773,False
5138,0.9559312637896478,98.22575047718202,0.18879293640261421,False
5139,0.9669852958320848,98.22575047718202,0.18868496103671029,False
5140,0.976414308115487,98.22575047718202,0.1885677351298971,False
5141,0.976414308115487,98.22575047718202,0.18844205558329985,False
5142,0.976414308115487,98.22575047718202,0.18830845893634698,False
5143,0.9842399889605549,98.22575047718202,0.18818870903771875,False
5144,0.9904799742690308,98.22575047718202,0.18805107097832008,False
5145,0.995148095654003,98.22575047718202,0.1878978820990368,False
5146,0.9982545693874831,98.22575047718202,0.1877314830890275,False
5147,0.999806132804711,98.22575047718202,0.1875542197938818,False
5148,0.999806132804711,97.71798661218813,0.15529343170271212,False
5149,0.999806132804711,98.17960108004529,0.15528555530950075,False
5150,0.9982545693874831,97.47408762302935,0.00665636028042532,False
5151,0.995148095654003,98.13169584530964,0.006814600087983181,False
5152,0.9904799742690308,98.13169584530964,0.0074990055178229195,False
5153,0.9842399889605549,98.13169584530964,0.008544712608724105,False
5154,0.976414308115487,98.13169584530964,0.009802342423040282,False
5155,0.9669852958320848,98.13169584530964,0.01117016325691761,False
5156,0.9559312637896478,98.13169584530964,0.012585231717373092,False
5157,0.9432261548473415,98.13169584530964,0.014225137508036398,False
5158,0.9288391461883214,98.13169584530964,0.016073447728182148,False
5159,0.9127341558073343,98.13169584530964,0.01667374579382758,False
5160,0.8948692308065574,98.13169584530964,0.01737029255005492,False
5161,0.875195788740725,98.13169584530964,0.017369546207435266,False
5162,0.8536576732793313,98.13169584530964,0.01736843983944276,False
5163,0.8536576732793313,98.13169584530964,0.017126724181028806,False
5164,0.8536576732793313,98.13169584530964,0.016986577214247157,False
5165,0.8536576732793313,98.13169584530964,0.01692149981518995,False
5166,0.8301899714180443,98.13169584530964,0.016903307767540388,False
5167,0.804717519321077,98.13169584530964,0.01690310204114098,False
5168,0.7771529943226336,98.13169584530964,0.016891813759157364,False
5169,0.7473944462440387,98.13169584530964,0.01684026230669147,False
5170,0.7153220528038851,98.13169584530964,0.01671870589361067,False
5171,0.6807937753703206,98.13169584530964,0.01649583369709378,False
5172,0.6436394131461666,98.13169584530964,0.01613702956138528,False
5173,0.603652249754401,98.13169584530964,0.015601467512932954,False
5174,0.560576942614533,98.13169584530964,0.0148832105164186,False
5175,0.5140912790181235,98.13169584530964,0.01420235670738543,False
5176,0.5140912790181235,98.13169584530964,0.013471022381066679,False
5177,0.5140912790181235,98.13169584530964,0.01270065589184774,False
5178,0.5140912790181235,98.13169584530964,0.1540632281734005,False
5179,0.5140912790181235,98.13169584530964,0.15426345558792984,False
5180,0.5140912790181235,98.13169584530964,0.15432880759816295,False
5181,0.5140912790181235,98.13169584530964,0.15438893394837142,False
5182,0.5140912790181235,98.13169584530964,0.15440266555089016,False
5183,0.5140912790181235,98.13169584530964,0.15440269759017183,False
5184,0.5140912790181235,98.13169584530964,0.15441790577004688,False
5185,0.5140912790181235,98.13169584530964,0.1891866665124118,False
5186,0.5140912790181235,98.13169584530964,0.22135488653225344,False
5187,0.4637773498877516,98.13169584530964,0.22137544723454847,False
5188,0.4637773498877516,98.13169584530964,0.2214250723300248,False
5189,0.4637773498877516,98.13169584530964,0.22151639439021875,False
5190,0.4637773498877516,98.13169584530964,0.22166198807650858,False
5191,0.4637773498877516,98.13169584530964,0.26919821380537756,False
5192,0.4637773498877516,98.13169584530964,0.2692073349454832,False
5193,0.4637773498877516,98.13169584530964,0.26922230305974154,False
5194,0.4637773498877516,98.12645342459743,0.2692420061017603,False
5195,0.4637773498877516,98.11687737600566,0.26925307716804564,False
5196,0.4637773498877516,98.11177911378311,0.2692598277316006,False
5197,0.4637773498877516,98.10677433826828,0.26926092252610956,False
5198,0.4637773498877516,97.44203913770507,0.22114367392344672,False
5199,0.4637773498877516,98.14713648365657,0.2501209212706871,False
5200,0.4637773498877516,98.13678813404138,0.25003857247691447,False
5201,0.4637773498877516,98.1264960412447,0.25000276785629694,False
5202,0.40907313904382653,98.11626400074053,0.25001677615486584,False
5203,0.3491843735073079,98.10609585853885,0.25008614284189457,False
5204,0.3491843735073079,98.09599550898204,0.2502185196746574,False
5205,0.40907313904382653,97.61568848758465,0.22534757756046148,False
5206,0.4637773498877516,97.57336343115124,0.1942993394554345,False
5207,0.5140912790181235,98.08217887098294,0.19490603558073452,False
5208,0.560576942614533,98.08799924464168,0.19567571182392457,False
5209,0.560576942614533,98.09402194475975,0.19616922656666047,False
5210,0.5140912790181235,98.10024635209399,0.196816712365722,False
5211,0.5140912790181235,97.38014023119196,0.12576385249264108,False
5212,0.5140912790181235,98.04813340913398,0.12777770205839126,False
5213,0.5140912790181235,98.04813340913398,0.13016524250053227,False
5214,0.5140912790181235,98.04813340913398,0.1329215673602034,False
5215,0.5140912790181235,98.04813340913398,0.1360339734475315,False
5216,0.5140912790181235,98.04813340913398,0.13874159597548308,False
5217,0.5140912790181235,98.04813340913398,0.14101794280052368,False
5218,0.5140912790181235,98.04813340913398,0.1435824813485749,False
5219,0.5140912790181235,97.4945430388156,0.08803660180170016,False
5220,0.5140912790181235,97.98973481608212,0.09346322235530478,False
5221,0.5140912790181235,97.99638301922711,0.09922360639601412,False
5222,0.5140912790181235,98.00324056423942,0.10355095440075796,False
5223,0.5140912790181235,98.0103063269396,0.10799804013688288,False
5224,0.4637773498877516,98.01757905799178,0.11249874053288973,False
5225,0.40907313904382653,98.02505738332059,0.11699900470427582,False
5226,0.3491843735073079,98.03273980470993,0.12145730319639232,False
5227,0.3491843735073079,98.04062470058446,0.12583665164787383,False
5228,0.3491843735073079,98.04871032697287,0.13010580627945698,False
5229,0.3491843735073079,98.05699481865285,0.13488689270859372,False
5230,0.3491843735073079,98.06547619047619,0.1383775293358157,False
5231,0.3491843735073079,98.07415233887235,0.14159359756350307,False
5232,0.3491843735073079,98.08302104352839,0.14452605004218633,False
5233,0.3491843735073079,98.0920799692426,0.1471697682643341,False
5234,0.3491843735073079,98.10132666794847,0.14952297132754733,False
5235,0.3491843735073079,98.11075858090568,0.15158677259631056,False
5236,0.3491843735073079,98.12037304105374,0.15403606811129392,False
5237,0.3491843735073079,98.13016727552393,0.15689363917029983,False
5238,0.3491843735073079,98.1401384083045,0.15950727950430577,False
5239,0.3491843735073079,98.15028346305371,0.17552374420695194,False
5240,0.3491843735073079,98.16059936605514,0.17454364504971878,False
5241,0.3491843735073079,98.17108294930875,0.1729459309152419,False
5242,0.3491843735073079,98.18173095375168,0.1717470965457468,False
5243,0.3491843735073079,98.1925400326014,0.17007648666927844,False
5244,0.3491843735073079,98.2035067548146,0.1679413346455032,False
5245,0.3491843735073079,98.21462760865403,0.16534497356133096,False
5246,0.40907313904382653,98.22589900535577,0.21778868379538036,False
5247,0.4637773498877516,98.23731728288908,0.21484786591011973,False
5248,0.5140912790181235,98.24887870980055,0.21174290358539513,False
5249,0.560576942614533,98.26057948913459,0.20848995203484622,False
5250,0.603652249754401,98.27241576242147,0.20586481010037883,False
5251,0.6436394131461666,98.28438361372493,0.20325140647533943,False
5252,0.6807937753703206,98.29647907374016,0.20067081049902022,False
5253,0.7153220528038851,98.30869812393405,0.1981451348759852,False
5254,0.7473944462440387,98.32103670071888,0.195697538294972,False
5255,0.7771529943226336,98.33349069965065,0.19335219748970436,False
5256,0.804717519321077,98.34605597964376,0.19113424182046157,False
5257,0.8301899714180443,98.35872836719338,0.18906964332320067,False
5258,0.8536576732793313,98.37150366059696,0.18718505563795426,False
5259,0.875195788740725,97.85057255490895,0.17263956995173835,False
5260,0.8948692308065574,98.31049371128215,0.1740512335294831,False
5261,0.9127341558073343,98.31049371128215,0.17609397986207886,False
5262,0.9288391461883214,98.31049371128215,0.1787395215894041,False
5263,0.9432261548473415,98.31049371128215,0.18195641483832517,False
5264,0.9559312637896478,98.31049371128215,0.18571125109939643,False
5265,0.9669852958320848,98.31049371128215,0.1899697685216751,False
5266,0.9669852958320848,97.58827385969842,0.12966229714857316,False
5267,0.9669852958320848,98.25717222689468,0.13780610475738111,False
5268,0.9559312637896478,98.270557523774,0.14600493034259063,False
5269,0.9432261548473415,98.28404017857143,0.15424317970739546,False
5270,0.9559312637896478,98.29761573429818,0.1612557645418735,False
5271,0.9669852958320848,98.31127972610345,0.16815986861055837,False
5272,0.976414308115487,98.3250276854928,0.17492194955335116,False
5273,0.9842399889605549,98.3388551444874,0.1815111491495437,False
5274,0.9904799742690308,98.35275763971735,0.18064639066607038,False
5275,0.995148095654003,98.36673071644249,0.19174468267651573,False
5276,0.9982545693874831,98.38076993249408,0.20099985611257756,False
5277,0.999806132804711,98.39487086213168,0.2071308216290808,False
5278,0.999806132804711,98.40902909980963,0.21193554386633112,False
5279,0.9982545693874831,98.42324026384748,0.21556158183438337,False
5280,0.995148095654003,98.4375,0.21812180625364386,False
5281,0.9904799742690308,98.45180398492192,0.21970321476909055,False
5282,0.9842399889605549,98.4661479295233,0.22037262446084957,False
5283,0.976414308115487,98.48052758221192,0.22018040362518188,False
5284,0.9669852958320848,98.49493873201918,0.21916289247649492,False
5285,0.9559312637896478,98.5093772116065,0.24973416532794587,False
5286,0.9432261548473415,98.52383890014983,0.24793512223599598,False
5287,0.9288391461883214,98.53831972609956,0.2673851637432178,False
5288,0.9127341558073343,98.55281566981462,0.28264511085106814,False
5289,0.8948692308065574,98.56732276606863,0.2945672988759204,False
5290,0.875195788740725,98.58183710642727,0.30265193643055627,False
5291,0.8536576732793313,98.59635484149607,0.3379584577111984,False
5292,0.8301899714180443,98.61087218303801,0.3458114593258566,False
5293,0.804717519321077,98.62538540596094,0.35323642149317963,False
5294,0.7771529943226336,98.34569796196811,0.36391937409006414,False
5295,0.7473944462440387,98.70956787503184,0.36799751441911227,False
5296,0.7153220528038851,98.70956787503184,0.3723385747889904,False
5297,0.6807937753703206,98.70956787503184,0.4495595693668733,False
5298,0.6436394131461666,98.70956787503184,0.4557178072758257,False
5299,0.603652249754401,98.70956787503184,0.48670111842256775,False
5300,0.560576942614533,98.70956787503184,0.5483097162340671,False
5301,0.5140912790181235,98.70956787503184,0.5519433505110164,False
5302,0.4637773498877516,98.70956787503184,0.5701909844339194,False
5303,0.40907313904382653,98.70956787503184,0.571055521337349,False
5304,0.3491843735073079,98.70956787503184,0.5719155196865053,False
5305,0.2829047929798921,97.99218948976993,0.598987845525981,False
5306,0.208180945557171,98.39686194252579,0.6003468855491378,False
5307,0.208180945557171,99.04493902958984,0.5919956816651009,False
5308,0.208180945557171,99.03648509763617,0.651603134863401,False
5309,0.208180945557171,99.02804059865818,0.6456477619122315,False
5310,0.208180945557171,98.2324101152589,0.6429238525318216,False
5311,0.208180945557171,97.8966917163341,0.6327382346863972,False
5312,0.208180945557171,98.18718015439327,0.6285931118720488,False
5313,0.208180945557171,98.17975962375893,0.6247079640330553,False
5314,0.3280668831792932,98.17243791535502,0.6211248465473097,False
5315,0.4147581439991112,98.16521815468352,0.617885871744505,False
5316,0.48865925334338955,98.15810346347052,0.6130426343602232,False
5317,0.5541015302865538,97.37816162862431,0.5574403424543867,False
5318,0.6131379016405237,98.08319379571692,0.5517362691388739,False
5319,0.6669740736911405,97.6822363765039,0.5247392444691105,False
5320,0.7164037343212466,97.30065707689576,0.4611308396393237,False
5321,0.7619882811604882,98.06167008288031,0.4581954879988384,False
5322,0.804144968682279,97.72301933873986,0.44357506709058847,False
5323,0.843195316078971,98.13742090722752,0.4475080929962694,False
5324,0.8793939303559065,98.1307575351042,0.45143072482866864,False
5325,0.9129467467841513,97.35712369197746,0.39501464745160875,False
5326,0.9822408213425595,98.0547357123692,0.4033061578042667,False
5327,1.0429842335712594,98.0547357123692,0.4115677940228809,False
5328,1.0972261621017099,96.94399569197631,0.30342511226397334,False
5329,1.0972261621017099,98.0007204610951,0.31224254357445624,False
5330,1.0972261621017099,98.4375,0.31635312072097765,False
5331,1.0972261621017099,97.66300432276657,0.30494944455982576,False
5332,1.0972261621017099,98.35644812680115,0.3080945998261375,False
5333,1.0972261621017099,98.35644812680115,0.3096756511219953,False
5334,1.0972261621017099,98.35644812680115,0.3103791305905547,False
5335,1.0972261621017099,98.35644812680115,0.31019569216479986,False
5336,1.0972261621017099,97.92174934489925,0.312035550076131,False
5337,1.0972261621017099,98.26398331973529,0.31328994748425243,False
5338,1.0972261621017099,98.26300472899236,0.31338410575678793,False
5339,1.1461683299371317,98.26217843459223,0.3111725590368622,False
5340,1.1906001864191973,98.26150608472871,0.30763954979087993,False
5341,1.2310786130055862,98.26098926309993,0.30417640449505967,False
5342,1.2680160454788014,97.59341063868949,0.29040409630368685,False
5343,1.301728854068539,98.34348468069398,0.2813671288617702,False
5344,1.3324661355215683,98.34348468069398,0.2723608985334013,False
5345,1.3604279187829045,97.95127353266888,0.27350391930926876,False
5346,1.3857772327036844,98.43576965669989,0.2572522538701886,False
5347,1.408648411160687,98.43619876006292,0.24032564445260224,False
5348,1.4291529843613586,98.43677521105855,0.2251904911631153,False
5349,1.4473839613746429,98.4375,0.20989113704861911,False
5350,1.4634190046135478,98.43837404437815,0.1955880382107245,False
5351,1.477322818602089,98.43939818708532,0.18347391447100436,False
5352,1.489148966540959,98.44057319471762,0.17144767883537815,False
5353,1.498941259446481,98.44189975596021,0.15995894467267124,False
5354,1.506734817815005,98.44337848006019,0.14838174339098215,False
5355,1.5125568756434098,98.44500989539158,0.13667773141995296,False
5356,1.5164273757656148,98.44679444811632,0.126975215604638,False
5357,1.5183593905083006,98.4487325009459,0.11759737792500544,False
5358,1.5183593905083006,98.45082433200682,0.10782943716823139,False
5359,1.5164273757656148,98.45307013381418,0.10174997121679724,False
5360,1.5125568756434098,98.45547001235624,0.17982586987823013,False
5361,1.5067348178150048,98.45802398629354,0.17689632094516541,False
5362,1.498941259446481,98.46073198627526,0.17478826468368389,False
5363,1.4891489665409592,98.46359385437542,0.17260976524164484,False
5364,1.477322818602089,98.46660934365147,0.2104786475663437,False
5365,1.4634190046135478,98.46977811782709,0.2093198455559186,False
5366,1.447383961374643,98.4730997511009,0.20813090150810296,False
5367,1.4291529843613586,98.47657372808278,0.20732359915243379,False
5368,1.408648411160687,98.48019944385847,0.2370047449147134,False
5369,1.3857772327036844,98.48397620418346,0.23955925150142005,False
5370,1.3604279187829045,98.48790322580645,0.24220138799359106,False
5371,1.3324661355215683,98.49197963692248,0.2449262323261411,False
5372,1.301728854068539,98.49620447775536,0.2477289558490876,False
5373,1.2680160454788014,98.50057670126874,0.25095280995993363,False
5374,1.2310786130055862,98.50509517400499,0.2541858755576982,False
5375,1.200719639829801,98.50975867705029,0.2574278834797704,False
5376,1.1676444621356104,98.51456590712432,0.26082561523676506,False
5377,1.1316501862018717,98.51951547779274,0.26419551659614127,False
5378,1.0924850533852573,98.46183612266616,0.2678349834923248,False
5379,1.0895209637560108,98.49605762678867,0.27139822091313376,False
5380,1.0805333164475432,97.79096924873491,0.22921157215177018,False
5381,1.0652163930664527,98.40466926070039,0.23332254540919461,False
5382,1.0429842335712594,98.41030627126884,0.23746410673319795,False
5383,1.0128030232541478,98.41609173063843,0.24162486504861544,False
5384,0.9727642516015449,97.89279471742086,0.21245996287192095,False
5385,0.9186594970880806,98.50572482049292,0.21660066053370394,False
5386,0.804717519321077,98.50572482049292,0.22074388632721556,False
5387,0.804717519321077,98.50572482049292,0.22488712880624617,False
5388,0.804717519321077,97.9089850572482,0.19736762694068585,False
5389,0.804717519321077,98.60275567630507,0.19828467087838061,False
5390,0.804717519321077,98.60882210373242,0.1991352652934805,False
5391,0.804717519321077,98.61501210653753,0.19877019710561256,False
5392,0.7771529943226336,98.62132352941177,0.19818658096982567,False
5393,0.7473944462440387,98.62775415539235,0.19738476429145874,False
5394,0.7153220528038851,98.63430170832932,0.19636447760832532,False
5395,0.6807937753703206,98.64096385542169,0.19440952304088815,False
5396,0.6436394131461666,98.64773820981713,0.19233599531727086,False
5397,0.603652249754401,98.65462233326927,0.18818633201285773,False
5398,0.560576942614533,98.66161373884678,0.1844919728078514,False
5399,0.5140912790181235,98.66870989368834,0.17992090077276016,False
5400,0.5140912790181235,98.67590822179733,0.19625769238327861,False
5401,0.5140912790181235,98.68320610687023,0.19109476190453809,False
5402,0.5140912790181235,98.69060089515284,0.1857329685423189,False
5403,0.5140912790181235,98.69808989831797,0.2502401818106084,False
5404,0.5140912790181235,98.70567039635881,0.2463841757632831,False
5405,0.5140912790181235,98.71333964049195,0.2572641775606134,False
5406,0.5140912790181235,98.72109485606418,0.26748445412995164,False
5407,0.5140912790181235,98.72893324545711,0.2635753715394538,False
5408,0.5140912790181235,98.73685199098422,0.25962635020979397,False
5409,0.5140912790181235,98.74484825777445,0.2557293720512256,False
5410,0.5140912790181235,98.75291919663708,0.2518538816505657,False
5411,0.5140912790181235,98.76106194690266,0.31013045793209393,False
5412,0.5140912790181235,98.76927363923463,0.3088314454498884,False
5413,0.5140912790181235,98.77755139840711,0.3075033553795975,False
5414,0.5140912790181235,98.78589234604377,0.30614657557095076,False
5415,0.5140912790181235,98.79429360331339,0.30521903094333835,False
5416,0.5140912790181235,98.80275229357798,0.3282779519375256,False
5417,0.5140912790181235,98.74694798912793,0.33016520640228597,False
5418,0.5140912790181235,98.77868245743893,0.39019474483659217,False
5419,0.5140912790181235,98.77827844102755,0.393555786673445,False
5420,0.5140912790181235,98.30445487062758,0.38642475144070104,False
5421,0.5140912790181235,98.69930784596089,0.38928277956651325,False
5422,0.5140912790181235,98.69930784596089,0.39170420227916875,False
5423,0.5140912790181235,97.92611795204148,0.3533469477832075,False
5424,0.5140912790181235,98.62539785045436,0.35498100143320366,False
5425,0.5140912790181235,98.29028403345896,0.34568092588387367,False
5426,0.560576942614533,98.28109201213347,0.3359196505780991,False
5427,0.603652249754401,98.62539785045436,0.3780368920037682,False
5428,0.6436394131461666,98.61586890102768,0.3780483829436307,False
5429,0.6807937753703206,98.60640126352952,0.38368593237342785,False
5430,0.6807937753703206,98.59699822876853,0.38564781903284207,False
5431,0.7153220528038851,97.81858860818495,0.3403905272497368,False
5432,0.7473944462440387,98.49445324881141,0.3416867656173905,False
5433,0.7771529943226336,98.49445324881141,0.3432786805761972,False
5434,0.804717519321077,98.49445324881141,0.34448248148850874,False
5435,0.8301899714180443,98.49445324881141,0.34590075709888146,False
5436,0.8536576732793313,98.03114623766544,0.32458033795532665,False
5437,0.8536576732793313,98.39072909824529,0.3241328786569806,False
5438,0.8536576732793313,97.62128178661912,0.2502393461188475,False
5439,0.875195788740725,98.27812705264145,0.2472283309406512,False
5440,0.875195788740725,98.27812705264145,0.2450552669765448,False
5441,0.875195788740725,98.27812705264145,0.24150913665078005,False
5442,0.875195788740725,98.27812705264145,0.28924354305087824,False
5443,0.875195788740725,98.27812705264145,0.2864897201779483,False
5444,0.875195788740725,98.27812705264145,0.2842062792570666,False
5445,0.8536576732793313,98.27812705264145,0.28236976686619364,False
5446,0.8301899714180443,98.27812705264145,0.28095144005543055,False
5447,0.8301899714180443,97.6118982828188,0.22095523511431803,False
5448,0.8536576732793313,98.39072909824529,0.22077795798542776,False
5449,0.875195788740725,98.04049946218959,0.21059601612627307,False
5450,0.8948692308065574,98.49445324881141,0.20665926620922304,False
5451,0.8948692308065574,98.49445324881141,0.2029283547551583,False
5452,0.8948692308065574,98.49445324881141,0.19882408618686295,False
5453,0.8948692308065574,98.49445324881141,0.22245120951729822,False
5454,0.8948692308065574,98.49445324881141,0.22050168169731557,False
5455,0.8948692308065574,98.49445324881141,0.2185611067606395,False
5456,0.9127341558073343,98.49445324881141,0.2170727543683022,False
5457,0.9288391461883214,98.49445324881141,0.2160452516031704,False
5458,0.9432261548473415,98.49445324881141,0.29476066437459325,False
5459,0.9559312637896478,98.49445324881141,0.2972016701065206,False
5460,0.9669852958320848,98.49445324881141,0.2995213467987111,False
5461,0.976414308115487,98.41739457124072,0.30290256687597716,False
5462,0.9842399889605549,97.60026298487837,0.25831401014815425,False
5463,0.9904799742690308,98.30468676622523,0.26196226021006913,False
5464,0.995148095654003,98.30468676622523,0.26503110256134277,False
5465,0.9982545693874831,98.30468676622523,0.2675750809127008,False
5466,0.999806132804711,98.30468676622523,0.26964339230012174,False
5467,0.999806132804711,98.30468676622523,0.2713205848228059,False
5468,0.9982545693874831,98.30468676622523,0.27263323873434764,False
5469,0.995148095654003,98.30468676622523,0.27362194079969715,False
5470,0.9904799742690308,98.30468676622523,0.2743387220963927,False
5471,0.9842399889605549,98.30468676622523,0.27482653991026634,False
5472,0.976414308115487,98.30468676622523,0.27515591808068407,False
5473,0.9669852958320848,97.83735393893706,0.3034396664712273,False
5474,0.9559312637896478,98.19909245604084,0.31640592562758224,False
5475,0.9432261548473415,98.18871503082029,0.3153425450093647,False
5476,0.9288391461883214,98.17844573385332,0.31416414790269204,False
5477,0.9127341558073343,98.1682884945621,0.31291358111527845,False
5478,0.8948692308065574,97.40507536729632,0.2376477758662682,False
5479,0.875195788740725,98.04426636138142,0.27507092351444107,False
5480,0.8536576732793313,98.04426636138142,0.26979337814907284,False
5481,0.8301899714180443,98.04426636138142,0.2651818594022806,False
5482,0.804717519321077,98.04426636138142,0.26138036272359555,False
5483,0.7771529943226336,98.04426636138142,0.2585222188899133,False
5484,0.7473944462440387,98.04426636138142,0.2563917113980978,False
5485,0.7153220528038851,98.04426636138142,0.25536140405237306,False
5486,0.6807937753703206,98.04426636138142,0.255920865265047,False
5487,0.6807937753703206,98.04426636138142,0.25724924270668775,False
5488,0.6807937753703206,98.04426636138142,0.2592925160109855,False
5489,0.6807937753703206,98.04426636138142,0.261100097426223,False
5490,0.6807937753703206,98.04426636138142,0.2629974313875362,False
5491,0.6436394131461666,98.04426636138142,0.2699221847244848,False
5492,0.6436394131461666,98.04426636138142,0.2764199440791722,False
5493,0.6436394131461666,97.37168479297844,0.22765315556485413,False
5494,0.6436394131461666,97.67508610792193,0.2156773960335149,False
5495,0.6436394131461666,98.0713367303205,0.22276391700915993,False
5496,0.6436394131461666,98.080204778157,0.22916019276323435,False
5497,0.6436394131461666,98.08917197452229,0.23487915134684353,False
5498,0.720523936685393,98.09823441021788,0.2523217163840129,False
5499,0.7619882811604882,97.3757807401883,0.2051779126168514,False
5500,0.7619882811604882,98.01517534931064,0.213112781981194,False
5501,0.7619882811604882,98.03453343130052,0.2201285580729096,False
5502,0.7619882811604882,98.05378304466727,0.22615200184965817,False
5503,0.7619882811604882,98.07292137881119,0.2311191392321241,False
5504,0.7619882811604882,98.09194576636438,0.23432358703282233,False
5505,0.7619882811604882,98.11530921404385,0.26364903861536326,False
5506,0.7164037343212466,98.15175097276264,0.2619758027935768,False
5507,0.6669740736911405,98.16137566137566,0.26006099449725956,False
5508,0.6131379016405237,98.17110700782555,0.25790562955044927,False
5509,0.6131379016405237,98.18094152713246,0.25642169669269815,False
5510,0.6131379016405237,97.8456563537843,0.26337725224937936,False
5511,0.6131379016405237,98.28802927339258,0.3398753694241794,False
5512,0.5541015302865538,98.28802927339258,0.3421418487015712,False
5513,0.48865925334338955,98.28802927339258,0.3719895767499285,False
5514,0.4147581439991112,98.28802927339258,0.37739080563149946,False
5515,0.3280668831792932,98.28802927339258,0.38234007210222815,False
5516,0.208180945557171,98.28802927339258,0.3868323561073465,False
5517,0.208180945557171,98.28802927339258,0.39084635297897874,False
5518,0.208180945557171,97.64767381076842,0.3865927404077471,False
5519,0.208180945557171,97.95053312357979,0.392151139883996,False
5520,0.208180945557171,98.30449222163958,0.39344420104786504,False
5521,0.208180945557171,98.30449222163958,0.3948312112833535,False
5522,0.208180945557171,98.30449222163958,0.3957882823589435,False
5523,0.208180945557171,98.30449222163958,0.3963575828942185,False
5524,0.208180945557171,98.30449222163958,0.39717807000080224,False
5525,0.208180945557171,97.56926293779404,0.38019090046050524,False
5526,0.208180945557171,98.21102909248806,0.38190366792189995,False
5527,0.208180945557171,98.22124123604259,0.38306299530171356,False
5528,0.208180945557171,98.23153899240856,0.38371892438905714,False
5529,0.208180945557171,98.24191884456671,0.38431735456404253,False
5530,0.208180945557171,97.83356258596974,0.3791406882676869,False
5531,0.208180945557171,97.14297952540049,0.30727421514794945,False
5532,0.208180945557171,97.7891591976099,0.29946956861050383,False
5533,0.208180945557171,97.40076824583866,0.2553509872472445,False
5534,0.208180945557171,97.69953051643192,0.24094577423377675,False
5535,0.208180945557171,97.69953051643192,0.22646885359457009,False
5536,0.208180945557171,97.69953051643192,0.21224010706392057,False
5537,0.2829047929798921,97.69953051643192,0.1981429560770129,False
5538,0.3491843735073079,97.69953051643192,0.19677326897438824,False
5539,0.40907313904382653,97.69953051643192,0.1855316118637243,False
5540,0.5277139815252946,97.69953051643192,0.22336516027775924,False
5541,0.6131379016405237,97.69953051643192,0.2138170438060614,False
5542,0.6857486151292823,97.69953051643192,0.205115879083414,False
5543,0.6857486151292823,97.69953051643192,0.1973315369650261,False
5544,0.6857486151292823,97.69953051643192,0.19046464836069538,False
5545,0.6857486151292823,97.69953051643192,0.23630201180492183,False
5546,0.7498765864518437,97.69953051643192,0.24429709735394536,False
5547,0.8075738393756747,97.69953051643192,0.24128350289654205,False
5548,0.8600451249809193,97.69953051643192,0.23890496225052596,False
5549,0.9080831196860789,97.69953051643192,0.23645382189677436,False
5550,0.9522481488898976,97.69953051643192,0.23425282977605758,False
5551,0.9522481488898976,97.69953051643192,0.23262818878824565,False
5552,0.9522481488898976,97.69953051643192,0.27955172738161754,False
5553,0.9522481488898976,97.69953051643192,0.2790334993358324,False
5554,0.9522481488898976,97.69953051643192,0.2786772439690818,False
5555,0.9522481488898976,97.69953051643192,0.27849982316785515,False
5556,0.9929563290994997,97.69953051643192,0.28999478552171126,False
5557,1.0305279703180825,97.69953051643192,0.37008735245206237,False
5558,1.0305279703180825,97.40503627827572,0.37198191199333214,False
5559,0.9752462395674341,97.7891591976099,0.37771048183918354,False
5560,0.9134853951751389,97.04225352112677,0.3556686063687069,False
5561,0.9134853951751389,97.66538625693555,0.3593415824145539,False
5562,0.9134853951751389,97.66538625693555,0.3618706586016249,False
5563,0.9134853951751389,97.66538625693555,0.36347575083374833,False
5564,0.9134853951751389,97.66538625693555,0.3643880843016832,False
5565,0.9134853951751389,97.00606529874823,0.33361021891345866,False
5566,0.9134853951751389,97.30616473838715,0.32513029770608365,False
5567,0.9134853951751389,97.64721118977724,0.3251119590211866,False
5568,0.9134853951751389,97.64721118977724,0.32513925116981157,False
5569,0.9134853951751389,97.64721118977724,0.32530140995786544,False
5570,0.9134853951751389,97.64721118977724,0.3258308967912801,False
5571,0.9134853951751389,97.64721118977724,0.32649153728965236,False
5572,0.9134853951751389,96.92003269239042,0.2877494028348853,False
5573,0.9134853951751389,97.55700325732899,0.28969797066699904,False
5574,0.9134853951751389,97.57461889918443,0.29255256877080676,False
5575,0.9134853951751389,97.59230900119108,0.296307341249532,False
5576,0.9134853951751389,97.21796835119959,0.28887938501826743,False
5577,0.9134853951751389,96.53798889783465,0.18205640177334803,False
5578,0.9134853951751389,97.176262029377,0.173643114393164,False
5579,0.9134853951751389,97.20015134317065,0.17072044124552205,False
5580,0.9134853951751389,97.22408306816278,0.17309810629700126,False
5581,0.9752462395674341,97.248050702581,0.18012593893136372,False
5582,0.9752462395674341,97.27204783258595,0.19088468753009247,False
5583,0.9752462395674341,97.29606813577541,0.20233628061134654,False
5584,0.9752462395674341,97.32010538448873,0.21563553756189108,False
5585,0.9752462395674341,97.34415344891184,0.2214493704975133,False
5586,0.9752462395674341,97.36820629998368,0.24419039890984828,False
5587,0.9752462395674341,97.39225801210448,0.2631697326717132,False
5588,0.9752462395674341,97.41630276564774,0.27738886695492543,False
5589,0.9752462395674341,97.44033484927758,0.2843725155077203,False
5590,0.9752462395674341,97.46434866207339,0.3013955183182019,False
5591,0.9752462395674341,97.48833871546466,0.3341764311221672,False
5592,0.9752462395674341,97.51229963497858,0.3606921536640589,False
5593,1.01044884930661,97.53622616180361,0.3823500674374288,False
5594,1.0429842335712594,97.56011315417256,0.3870709209794886,False
5595,1.0730208202534555,97.58395558856874,0.39561967964188316,False
5596,1.100698757874416,97.60774856075929,0.4541987109418156,False
5597,1.1261358508278745,97.6314872866597,0.46091736852888193,False
5598,1.0670056836533544,97.65516710303403,0.4617975313147515,False
5599,0.9992889743797903,97.67878346803539,0.4704452962193446,False
5600,0.9186594970880806,97.70233196159123,0.4769579354213276,False
5601,0.8916091590804429,97.72580828563848,0.48150588588399684,False
5602,0.8623538561746378,97.74920826421354,0.4842272865067861,False
5603,0.830774222099454,97.77252784340196,0.48610546361703405,False
5604,0.830774222099454,97.79576309115322,0.4843291008178375,False
5605,0.830774222099454,97.68908342297563,0.4927304118014145,False
5606,0.830774222099454,97.91574442968866,0.4927156867113691,False
5607,0.7967286463062392,97.91574442968866,0.4883352383920724,False
5608,0.7600473303889541,97.91574442968866,0.4941463902781149,False
5609,0.720523936685393,97.26280064925483,0.5022146924058384,False
5610,0.677903479475398,98.00427917957798,0.49401783389245624,False
5611,0.6318640827062832,98.22810814776771,0.4883466982716392,False
5612,0.6318640827062832,98.22810814776771,0.48406872041417837,False
5613,0.6318640827062832,98.22810814776771,0.48108702325095254,False
5614,0.677903479475398,97.99690128375387,0.48982890063029716,False
5615,0.720523936685393,98.11565710894321,0.48880272213389414,False
5616,0.7600473303889541,96.6986906042509,0.43982559224649653,False
5617,0.7600473303889541,98.11565710894321,0.44150862507661054,False
5618,0.7600473303889541,98.00427917957798,0.4466768870879609,False
5619,0.7600473303889541,98.22810814776771,0.44131316887033994,False
5620,0.7600473303889541,98.22810814776771,0.434963118421973,False
5621,0.7600473303889541,98.22810814776771,0.4286654072102922,False
5622,0.7600473303889541,98.22810814776771,0.42267970792505954,False
5623,0.7600473303889541,98.22810814776771,0.42957052788757305,False
5624,0.7600473303889541,97.56410726732456,0.4259303179526614,False
5625,0.7600473303889541,98.33449502916469,0.4141476012106594,False
5626,0.7600473303889541,98.35108711513206,0.40232198736156644,False
5627,0.7600473303889541,98.24065005259912,0.396090195684931,False
5628,0.7600473303889541,98.45260424181215,0.3791232343914216,False
5629,0.7600473303889541,98.45260424181215,0.3630838788175764,False
5630,0.7600473303889541,97.7780983984995,0.36028042635338436,False
5631,0.7600473303889541,98.54999278603376,0.33792469676183734,False
5632,0.7600473303889541,98.56543413549474,0.31499685679653633,False
5633,0.7600473303889541,98.58080159748965,0.2913264512247785,False
5634,0.7600473303889541,98.59609316836246,0.26667864481062004,False
5635,0.7600473303889541,98.49499506555759,0.25143176843201054,False
5636,0.7600473303889541,98.48794586211758,0.23792689758781388,False
5637,0.7600473303889541,98.59609316836246,0.2215918355717927,False
5638,0.7600473303889541,98.58080159748965,0.2026488458853405,False
5639,0.7967286463062392,98.56543413549474,0.18615374490798012,False
5640,0.830774222099454,98.54999278603376,0.17444764298815438,False
5641,0.8623538561746378,98.53447963144339,0.2605983037233922,False
5642,0.7771529943226336,98.51889683350358,0.25883645303942604,False
5643,0.804717519321077,97.75280898876404,0.2361923505652035,False
5644,0.8301899714180443,98.4203998248942,0.23724722889437394,False
5645,0.8301899714180443,98.4203998248942,0.23821989858427473,False
5646,0.8301899714180443,98.4203998248942,0.23911288881495432,False
5647,0.8301899714180443,98.4203998248942,0.2410012841521923,False
5648,0.8301899714180443,98.4203998248942,0.24260316042844185,False
5649,0.8301899714180443,98.4203998248942,0.24400451508203808,False
5650,0.8536576732793313,98.4203998248942,0.24514203225053025,False
5651,0.8536576732793313,98.4203998248942,0.2460563150607553,False
5652,0.8536576732793313,98.4203998248942,0.24678282657653866,False
5653,0.875195788740725,98.4203998248942,0.24735242044694156,False
5654,0.875195788740725,98.4203998248942,0.24821758915645376,False
5655,0.875195788740725,98.4203998248942,0.24901057222963605,False
5656,0.875195788740725,98.4203998248942,0.24966220089308036,False
5657,0.875195788740725,98.19142301625152,0.2977657060363371,False
5658,0.875195788740725,98.3178397521027,0.29950219458376875,False
5659,0.8948692308065574,98.30112392892912,0.2983451258197736,False
5660,0.9127341558073343,98.28435029091452,0.2969337832861598,False
5661,0.9288391461883214,97.51976726838728,0.21596588996509705,False
5662,0.9432261548473415,98.17618976577651,0.21027116598349527,False
5663,0.9559312637896478,98.17618976577651,0.26636591274798477,False
5664,0.9669852958320848,98.17618976577651,0.2633862889186492,False
5665,0.976414308115487,98.17618976577651,0.26070974897280325,False
5666,0.9842399889605549,98.17618976577651,0.2675785989970331,False
5667,0.9904799742690308,98.17618976577651,0.26750215207363826,False
5668,0.995148095654003,98.17618976577651,0.26869047354350795,False
5669,0.9982545693874831,98.17618976577651,0.27059451653552596,False
5670,0.999806132804711,98.17618976577651,0.2731748013534155,False
5671,0.999806132804711,98.17618976577651,0.2763913006943226,False
5672,0.9982545693874831,98.17618976577651,0.28126531138667343,False
5673,0.995148095654003,98.17618976577651,0.36728462480842794,False
5674,0.9904799742690308,98.17618976577651,0.4360720447506591,False
5675,0.9904799742690308,98.17618976577651,0.4932797669253395,False
5676,0.9904799742690308,98.17618976577651,0.6379258576792379,False
5677,0.9904799742690308,97.4862002088617,0.7306884102531391,False
5678,0.9904799742690308,98.03877451531856,0.8249309730668112,False
5679,0.9904799742690308,98.19344703770197,0.9060855706440919,False
5680,0.9904799742690308,98.20569254299251,0.9766622783266555,False
5681,0.9904799742690308,98.18870471761794,1.0388772096783367,False
5682,0.9904799742690308,98.17167414332567,1.0942116156857389,False
5683,0.9904799742690308,97.41395559241528,1.1310272958840757,False
5684,0.9904799742690308,98.06235156632864,1.1758621328936767,False
5685,1.0916362019205925,98.06235156632864,1.216238571576269,False
5686,1.0844863484244938,97.79840848806366,1.2506808390801376,False
5687,1.0757143856082798,97.93944010664636,1.2831224755628758,False
5688,1.065299640553338,97.90370882285188,1.313235874298717,False
5689,1.0532169913190046,97.87917489066915,1.3404333820809848,False
5690,1.0394364783172854,97.85441210891784,1.3647182784627447,False
5691,1.0239228180015463,97.8294207856553,1.3862978392501113,False
5692,1.0239228180015463,97.80420134760206,1.4051806586062487,False
5693,1.0239228180015463,96.98374950455806,1.403114989500613,False
5694,1.0239228180015463,96.94778474691383,1.4001583495270595,False
5695,1.0239228180015463,96.9275992590803,1.3962247986815801,False
5696,1.006634797484697,96.11017153901909,1.3831927217024056,False
5697,1.006634797484697,96.08559710886425,1.3339539450436417,True
5698,1.006634797484697,96.06076737234348,1.2838525903607212,True
5699,1.006634797484697,96.0356788899901,1.23324351945342,True
5700,1.0239228180015463,96.01032816924871,1.1815544229436064,True
5701,1.0394364783172854,95.9847116636566,1.129759735639176,True
5702,1.0532169913190046,95.95882577201678,1.0813316449070958,True
5703,1.065299640553338,95.93266683756302,1.0290151102768497,True
5704,1.0757143856082798,95.90623114711713,0.9774745180328082,True
5705,1.0844863484244938,95.87951493023863,0.9426085636131338,True
5706,1.0844863484244938,95.85251435836732,0.8938534062763888,True
5707,1.0844863484244938,95.82522554395896,0.846208129152953,True
5708,1.0844863484244938,95.79764453961457,0.7979561923950943,True
5709,1.0844863484244938,95.76976733720355,0.7504835994008018,True
5710,1.0844863484244938,95.74158986698143,0.7041350480293223,True
5711,1.0916362019205925,95.71310799670239,0.6607290327937132,True
5712,1.0916362019205925,95.68431753072728,0.6185405869454516,True
5713,1.0916362019205925,95.65521420912778,0.5776504786047415,True
5714,1.0971804769523517,95.62579370678708,0.5359454629412841,True
5715,1.1011317995692318,95.5960516324981,0.5140835940753258,True
5716,1.1034990673875957,94.83815361041945,0.3017314221984739,True
5717,1.1042875713905729,95.67087017442141,0.34260283505629724,True
5718,1.1034990673875957,95.67823648844629,0.32576655414350897,True
5719,1.101131799569232,95.67614625652931,0.3125469975409179,True
5720,1.0971804769523517,95.71297237141336,0.305389400720325,True
5721,1.0916362019205925,95.70602807597027,0.3005288741983409,True
5722,1.0844863484244938,95.50419348546909,0.2851577739483586,True
5723,1.0757143856082798,95.80518844836025,0.28671811322939766,True
5724,1.0652996405533381,95.77652637818613,0.28751288120717733,True
5725,1.0532169913190046,95.04461837579142,0.23062252385527254,True
5726,1.0394364783172854,95.85408805031446,0.22981804237691905,True
5727,1.0239228180015463,95.84806546115769,0.22870043349818192,True
5728,1.006634797484697,95.84220667275125,0.2277467088064061,True
5729,0.9875245214535493,95.83651448058228,0.22720354241689608,True
5730,0.9665364727522964,95.63684667654422,0.22771985181240834,True
5731,0.9436063339556555,95.93333333333334,0.22450378152322956,True
5732,0.9186594970880806,95.90516125692395,0.2235303178806908,True
5733,0.8916091590804429,95.8766657956624,0.2251546964573102,True
5734,0.8916091590804429,95.84784214413844,0.22889874439087587,True
5735,0.8916091590804429,95.07829977628636,0.19003441660430107,True
5736,0.8623538561746378,95.92363538585641,0.19442627025878356,True
5737,0.830774222099454,95.70803865464558,0.20773643105932194,True
5738,0.7967286463062392,96.01669195751138,0.20846871710721102,True
5739,0.7600473303889541,95.98883659844589,0.21361531460358613,True
5740,0.720523936685393,95.96065646239708,0.3477130473115847,True
5741,0.720523936685393,95.93214664360248,0.347772291362626,True
5742,0.720523936685393,95.90330215259777,0.347670699383607,True
5743,0.720523936685393,95.87411791486456,0.3490967154935698,True
5744,0.720523936685393,95.84458876946951,0.35191306182588106,True
5745,0.720523936685393,95.81470946769606,0.3559661327291615,True
5746,0.603652249754401,95.7844746716698,0.3620750182365562,True
5747,0.560576942614533,95.7538789529788,0.3689293577455208,True
5748,0.5140912790181235,95.7229167912903,0.37652590440877615,True
5749,0.4637773498877516,95.69158257296513,0.3842368335578299,True
5750,0.40907313904382653,95.65987058967158,0.3919512757558481,True
5751,0.3491843735073079,95.62777503700049,0.39959807961930466,True
5752,0.2829047929798921,95.5952900130833,0.4832903150737438,True
5753,0.2829047929798921,95.56240951721533,0.4833543340164137,True
5754,0.2829047929798921,95.52912744848639,0.48260113478702604,True
5755,0.2829047929798921,95.49543760442103,0.48097524752056015,True
5756,0.3491843735073079,95.4613336796312,0.4776891660381358,True
5757,0.3491843735073079,95.42680926448396,0.4829998675289392,True
5758,0.40907313904382653,95.39185784378729,0.4766504181607625,True
5759,0.4637773498877516,95.35647279549718,0.46949715325363184,True
5760,0.5140912790181235,94.45384980023024,0.3764261680579268,True
5761,0.560576942614533,95.43494627335569,0.37320067123664624,True
5762,0.603652249754401,95.45983701979046,0.37147855981700556,True
5763,0.603652249754401,95.4249723145072,0.3696136087564408,True
5764,0.603652249754401,95.38967398908633,0.36763505744920555,True
5765,0.603652249754401,95.35393536524998,0.3655738671716078,True
5766,0.603652249754401,95.31774966044749,0.3624837398318391,True
5767,0.603652249754401,95.28110998699233,0.35949152726408123,True
5768,0.603652249754401,95.24400935125658,0.3563679839685158,True
5769,0.603652249754401,95.20644065292858,0.3537082291042111,True
5770,0.603652249754401,95.16839668434022,0.3516136469969452,True
5771,0.603652249754401,95.12987012987013,0.35168037584390743,True
5772,0.603652249754401,94.25103069170866,0.2373055252325326,True
5773,0.603652249754401,95.21346406237937,0.37929088610929695,True
5774,0.603652249754401,95.20298067220368,0.38017083006395364,True
5775,0.603652249754401,95.19275792102388,0.38114529110815715,True
5776,0.603652249754401,95.18280244782677,0.3822050417652297,True
5777,0.6436394131461666,94.88129978704946,0.3712680410937666,True
5778,0.6807937753703206,95.29850154602394,0.3911875053287627,True
5779,0.7153220528038851,95.26024540861336,0.39122302276838133,True
5780,0.7473944462440387,95.22148304397209,0.39137794015275634,True
5781,0.7473944462440387,95.18220617202888,0.39173440594979064,True
5782,0.7473944462440387,95.14240637714855,0.39237690990965246,True
5783,0.7473944462440387,95.10207510711585,0.3940992006052722,True
5784,0.7473944462440387,95.06120367222033,0.3962357708745808,True
5785,0.7473944462440387,95.01978324445209,0.3987937384085215,True
5786,0.7473944462440387,94.97780485681956,0.4017686538867075,True
5787,0.7473944462440387,94.93525940280102,0.40514462863908746,True
5788,0.7473944462440387,94.89213763594223,0.4093318604370445,True
5789,0.7473944462440387,94.84843016961386,0.41366299841809023,True
5790,0.7473944462440387,94.80412747694274,0.41811647468749186,True
5791,0.7473944462440387,94.75921989093261,0.4214307572218131,True
5792,0.7473944462440387,94.71369760479043,0.42499124754248824,True
5793,0.7473944462440387,93.74881606364842,0.32104292143830593,True
5794,0.7473944462440387,94.8029533032889,0.337512625410603,True
5795,0.7153220528038851,94.78965650328058,0.35533769000677223,True
5796,0.6807937753703206,94.77669902912622,0.3744206522468315,True
5797,0.6807937753703206,94.76409104229755,0.39467436686254903,True
5798,0.7153220528038851,94.40786240786241,0.5248458509293268,True
5799,0.7473944462440387,94.88827368004746,0.532223511086221,True
5800,0.7771529943226336,94.8427798918486,0.5390880791027923,True
5801,0.804717519321077,94.796632518511,0.5453581825442395,True
5802,0.8301899714180443,94.74982019932189,0.5509504961238143,True
5803,0.8301899714180443,94.70233139050791,0.5552774368163865,True
5804,0.8301899714180443,94.65415436524673,0.5829977266059037,True
5805,0.8301899714180443,94.60527721397287,0.5815025803863154,True
5806,0.8536576732793313,94.55568784500487,0.5799636404107694,True
5807,0.875195788740725,94.50537398552314,0.5784263702614992,True
5808,0.9875245214535493,94.45432318292954,0.5766253899108416,True
5809,1.066503202885787,94.40252280662237,0.6586215114532833,True
5810,1.132529774880598,94.34996005022258,0.6532837945621605,True
5811,1.1899285414712581,94.29662193428967,0.6545229374449082,True
5812,1.2407449439357603,94.24249530956848,0.6671444873613885,True
5813,1.2407449439357603,94.18756686081065,0.6731499314024929,True
5814,1.2861766890619075,94.13182311121822,0.6768720290658026,True
5815,1.3270089026073437,94.07525042755925,0.6783321995873018,True
5816,1.3270089026073437,94.01783502600941,0.6775282255648692,True
5817,1.3192963821488144,93.95956297877684,0.6744344889929267,True
5818,1.310290769593596,92.88170126066471,0.5763049319448413,True
5819,1.2998405909818092,94.0599173553719,0.5787647712381476,True
5820,1.2877715331974973,94.03956272774596,0.5802516020935683,True
5821,1.2738816927333063,94.01967213114754,0.5808226456217247,True
5822,1.257935449615926,94.0002643055372,0.5805329705607176,True
5823,1.2396554223238994,93.98135818908122,0.5794365509229997,True
5824,1.2518801177238157,93.53367319559968,0.5531374547674495,True
5825,1.2643057015656105,94.12082713880254,0.5547334742727269,True
5826,1.2769304753392905,94.06117130709093,0.5548150611584307,True
5827,1.289751544586455,94.00055679287306,,True
5828,1.3027645812293587,93.93896580955072,,True
5829,1.3159635397280507,92.75778000860461,,True
5830,1.3293403172496994,93.97292182268161,,True
5831,1.3428843456868735,94.61482024944975,,True
5832,1.3565821003779601,93.3849821215733,,True
5833,1.3704165065672542,94.72012102874433,,True
5834,1.3843662197304325,94.69269482995273,,True
5835,1.3984047495234924,94.66564181398924,,True
5836,1.4124993887955277,94.63898357607685,,True
5837,1.4266098981515114,94.61274203622736,,True
5838,1.414164756982828,94.58693941778128,,True
5839,1.3982352745645177,94.56159822419534,,True
5840,1.378129580103983,94.53674121405751,,True
5841,1.352967653697118,94.51239137431607,,True
5842,1.3709505944546687,94.48857189171665,,True
5843,1.3891825234105246,94.46530612244898,,True
5844,1.4076186143816478,94.44261756001315,,True
5845,1.4261994082884974,94.4205298013245,,True
5846,1.444846722965513,94.39906651108518,,True
