second,entropy,pct_det,rmse,edge_window
0,0.9629004147713269,97.565749235474,,True
1,0.9744894033980523,97.59065172870739,,True
2,0.9833761901392235,97.61509254864737,,True
3,0.9899927915575186,97.63908368396447,0.32769519084170967,True
4,0.9946937953613058,97.66263672999425,0.31755609852002503,True
5,0.997772472089982,97.68576290414067,0.31973570328258694,True
6,0.9994730201859836,97.70847306058573,0.3206832891305728,True
7,1.0,97.73077770434017,0.32112870089601925,True
8,0.999525689293649,97.75268700466833,0.32129290684668455,True
9,0.99819587904281,97.77421080791868,0.3211841642241198,True
10,0.9961344835095796,97.79535864978902,0.3198065732097052,True
11,0.9934472383802027,97.8161397670549,0.31777751237804086,True
12,0.9902246902198684,97.83656310878705,0.41116418110992514,True
13,0.9865446300055644,97.65800777255062,0.40755042980313855,True
14,0.9824740868386409,97.70501835985313,0.40422750856923234,True
15,0.978070970973496,97.7113213304852,0.38924673749118294,True
16,0.9733854352299556,97.71782128004868,0.38767909951487634,True
17,0.9684610087601622,96.43893167950385,0.263460633865352,True
18,0.9755259511264973,97.6420678768745,0.2644268185728204,True
19,0.9814538950336537,97.66446087971974,0.2653583091203971,True
20,0.9774178175281716,97.68647403283094,0.2686819389924936,True
21,0.9731560354421095,97.70811629889194,0.27194151399924105,True
22,0.9687003436508602,97.72939637450943,0.27507793216608245,True
23,0.964078764808229,97.75032269961277,0.2780467586674327,True
24,0.9593160320543777,97.77090346647257,0.28081428232387123,True
25,0.954434002924965,97.79114662835593,0.283354647083306,True
26,0.9494520153879484,97.8110599078341,0.2856477488777538,True
27,0.944387195013346,97.83065080475858,0.2876776800268729,True
28,0.9392547207311598,97.84992660392021,0.2894315672718968,True
29,0.934068055375491,97.67441860465117,0.2940390986397822,True
30,0.9288391461883214,97.7233676975945,0.298669766822085,True
31,0.9127341558073343,97.72941478879274,0.302980660011965,True
32,0.8948692308065574,96.55697487522207,0.17554213865422982,True
33,0.875195788740725,97.65285666555296,0.17649067258142512,True
34,0.875195788740725,97.67403497195644,0.1783204080797093,True
35,0.8536576732793313,97.69487659851755,0.17997014652111407,True
36,0.8301899714180443,97.71538894698737,0.18135444090483585,True
37,0.804717519321077,97.7355792150008,0.27329772036599975,True
38,0.804717519321077,97.75545440276252,0.2728873002530724,True
39,0.804717519321077,97.77502131948214,0.2723623341703829,True
40,0.804717519321077,97.79428658956881,0.2715833049023635,True
41,0.804717519321077,97.81325665859565,0.2705282827339615,True
42,0.804717519321077,97.83193779904306,0.269147505707776,True
43,0.7771529943226336,97.85033611583069,0.2661989431894657,True
44,0.7473944462440387,97.8684575516461,0.2625507948222698,True
45,0.7153220528038851,97.88630789207906,0.25824164052533277,True
46,0.6807937753703206,97.90389277056894,0.2532566587962105,True
47,0.6436394131461666,97.92121767317313,0.2475746916949052,True
48,0.603652249754401,97.93828794316362,0.24323119397318446,True
49,0.560576942614533,97.95510878545855,0.23845730366772638,True
50,0.5140912790181235,97.97168527089572,0.23322894120566048,True
51,0.4637773498877516,97.98802234035395,0.22751570676944322,True
52,0.40907313904382653,98.00412480872863,0.2212798895762062,True
53,0.40907313904382653,97.85567284073558,0.22066412519930448,True
54,0.40907313904382653,97.89348171701113,0.2192720301337953,True
55,0.3491843735073079,97.89821546596167,0.2178565305325926,True
56,0.2829047929798921,97.90306627101879,0.21640541390637688,True
57,0.208180945557171,96.87010954616588,0.0689969196494679,True
58,0.208180945557171,97.83337632189837,0.06740322813777415,True
59,0.208180945557171,97.85090236592055,0.06466954485135079,True
60,0.208180945557171,97.86818038473668,0.06100828773883769,True
61,0.208180945557171,97.88521522145976,0.05607567403759866,True
62,0.208180945557171,97.90201160064174,0.049472859826431854,True
63,0.208180945557171,97.90201160064174,0.04760562126827825,True
64,0.208180945557171,97.89597087678163,0.04690614021327585,True
65,0.208180945557171,97.89623048923437,0.04683021016437942,True
66,0.208180945557171,97.8966197878115,0.0472931601126398,True
67,0.2829047929798921,97.89713862851505,0.04821135188547577,True
68,0.3491843735073079,97.8977868195549,0.04765721623547129,True
69,0.3491843735073079,97.89856412152585,0.04728018275547023,True
70,0.3491843735073079,97.89947024762843,0.04705736972301272,True
71,0.3491843735073079,97.90050486393301,0.04697231022822395,True
72,0.3491843735073079,97.9016675896868,0.04701472431167858,True
73,0.40907313904382653,97.90295799766312,0.047180008211088684,True
74,0.4637773498877516,97.9043756145526,0.04744427328494692,True
75,0.4637773498877516,97.90591992139524,0.047775243818476414,True
76,0.4637773498877516,97.9075903540529,0.0481492416243976,True
77,0.4637773498877516,97.90938630372142,0.048541467669741066,True
78,0.4637773498877516,97.91130711748131,0.048924943569407055,True
79,0.40907313904382653,97.9133520988863,0.049269461305149996,True
80,0.3491843735073079,97.91552050858854,0.04954048642221451,True
81,0.3491843735073079,97.9178115649997,0.04969791985094295,True
82,0.3491843735073079,97.92022444498659,0.04969456755708453,True
83,0.3491843735073079,97.92275828460039,0.04947407702039906,True
84,0.3491843735073079,97.92541217983818,0.049325103936342485,True
85,0.3491843735073079,97.92818518743545,0.049167869745708526,True
86,0.3491843735073079,97.93107632568864,0.05753756415856352,True
87,0.3491843735073079,97.93408457530595,0.056801694740189784,True
88,0.3491843735073079,97.93720888028552,0.22906589738351282,True
89,0.3491843735073079,97.94044814881923,0.22985680021971464,True
90,0.3491843735073079,97.94380125422093,0.2305823889478447,True
91,0.3491843735073079,97.94726703587767,0.23134623037177046,True
92,0.3491843735073079,97.95084430022234,0.2320255557611058,True
93,0.3491843735073079,97.95453182172635,0.23261528715000698,True
94,0.3491843735073079,97.9583283439109,0.23311510619673007,True
95,0.3491843735073079,97.96223258037529,0.23352703847790085,True
96,0.3491843735073079,97.96624321584063,0.23385181922897644,True
97,0.3491843735073079,97.97035890720791,0.23409066538960627,True
98,0.3491843735073079,97.97457828462818,0.2342453008786111,True
99,0.3491843735073079,97.97889995258416,0.2343179837752119,True
100,0.3491843735073079,97.98332249098114,0.23431153542452884,True
101,0.3491843735073079,97.98784445624594,0.23422937144950248,True
102,0.3491843735073079,97.99246438243259,0.23407553460543382,True
103,0.3491843735073079,97.9971807823329,0.23385472935523494,True
104,0.3491843735073079,98.00199214859084,0.23357235797099035,True
105,0.3491843735073079,98.0068969548191,0.23323455787824,True
106,0.3491843735073079,97.80110819480898,0.23088443364398117,True
107,0.3491843735073079,97.8931439878943,0.23059033240438875,True
108,0.3491843735073079,96.95258943487528,0.062188880618720806,True
109,0.3491843735073079,97.8217483035867,0.05870117331889789,True
110,0.3491843735073079,97.8217483035867,0.055290271421280415,True
111,0.3491843735073079,97.81617060098073,0.05154296083452492,True
112,0.3491843735073079,97.8164196123147,0.04801239835822176,True
113,0.3491843735073079,97.81679302285812,0.04482209304337775,True
114,0.3491843735073079,97.81729070496381,0.042128456365287545,True
115,0.3491843735073079,97.81791248860529,0.04011684003116224,True
116,0.3491843735073079,97.81865816152181,0.03898273494511838,True
117,0.3491843735073079,97.81952746939938,0.03833083486383944,True
118,0.3491843735073079,97.82052011608718,0.038421622795457605,True
119,0.3491843735073079,97.82163576384939,0.03714355536723638,True
120,0.3491843735073079,97.82287403365166,0.0363111640496101,True
121,0.3491843735073079,97.82423450548202,0.035934976588342896,True
122,0.3491843735073079,97.82571671870565,0.035993383292458374,True
123,0.3491843735073079,97.82732017245291,0.036454159853002016,True
124,0.3491843735073079,97.82904432604013,0.0372683212508378,True
125,0.3491843735073079,97.83088859942232,0.03837572615447226,True
126,0.3491843735073079,97.83285237367735,0.03971092325220096,True
127,0.3491843735073079,97.83493499152063,0.041207859834299414,True
128,0.2829047929798921,97.83713575784957,0.042802884442781755,True
129,0.208180945557171,97.83945394031703,0.0444361365891374,True
130,0.208180945557171,97.84188876993295,0.04605172463399301,True
131,0.208180945557171,97.84443944169293,0.04735550168477888,True
132,0.208180945557171,97.84710511523328,0.047437773958599175,True
133,0.2829047929798921,97.84988491551114,0.05279261613529591,True
134,0.2829047929798921,97.852777933509,0.23413932219664202,True
135,0.2829047929798921,97.85578322696226,0.32144760529100264,True
136,0.3491843735073079,97.85889982110912,0.3825937653370331,True
137,0.3491843735073079,97.86212670946135,0.4454283186143325,True
138,0.3491843735073079,97.86546285459511,0.49580479682230927,True
139,0.3491843735073079,97.8689071889606,0.5376117706798924,True
140,0.3491843735073079,97.87245861570936,0.5728130625517495,True
141,0.3491843735073079,97.87611600953807,0.5727513691534935,True
142,0.3491843735073079,97.87987821754774,0.6093134075744923,True
143,0.3491843735073079,97.88374406011714,0.6409861867675892,True
144,0.3491843735073079,97.8877123317891,0.6685923367249019,True
145,0.3491843735073079,97.89178180216877,0.6927397850908912,True
146,0.3491843735073079,97.89595121683239,0.7138962357380496,True
147,0.3491843735073079,97.90021929824562,0.7255085184833139,True
148,0.3491843735073079,97.90458474669,0.7373152351804677,True
149,0.40907313904382653,97.9090462411967,0.7475245309260837,True
150,0.4637773498877516,97.91360244048592,0.7562944186418954,False
151,0.5140912790181235,97.9140569685747,0.7571226752080853,False
152,0.5140912790181235,97.89296020035934,0.7669252458725774,False
153,0.5140912790181235,97.97551020408163,0.7701693049486427,False
154,0.5140912790181235,98.89260457211776,0.7469560961583918,False
155,0.5140912790181235,98.89327197019504,0.7238493872834376,False
156,0.5140912790181235,98.87215986860114,0.702555068327257,False
157,0.5140912790181235,98.99890590809628,0.6759400604767722,False
158,0.5140912790181235,98.99179108589058,0.6497374573490762,False
159,0.5140912790181235,98.98468708388815,0.6240145716415573,False
160,0.5140912790181235,98.97759651377172,0.5988485458778275,False
161,0.5140912790181235,98.14356435643565,0.6042586471404382,False
162,0.5140912790181235,99.07108467856132,0.571589305950524,False
163,0.5140912790181235,99.07224076483566,0.5389840934848118,False
164,0.5140912790181235,99.0734986723914,0.5065850557964501,False
165,0.5140912790181235,99.07485756191122,0.4750861833647387,False
166,0.5140912790181235,99.07631653055478,0.4445214721880779,False
167,0.5140912790181235,98.92424669107294,0.42690775664631064,False
168,0.5140912790181235,98.96930442128978,0.40761807398592315,False
169,0.5140912790181235,98.96930442128978,0.3898533745168908,False
170,0.5140912790181235,98.96930442128978,0.37365751046066964,False
171,0.5140912790181235,98.65617093055945,0.3728991692997181,False
172,0.5140912790181235,99.06269293371498,0.352812336492001,False
173,0.560576942614533,98.22074107546317,0.3453050767734165,False
174,0.603652249754401,99.14738816574774,0.3203342364833092,False
175,0.6436394131461666,99.14912927562538,0.29698575011579387,False
176,0.6807937753703206,99.15661968642101,0.2748565750016469,False
177,0.6807937753703206,99.24888462190094,0.29820705830083044,False
178,0.6807937753703206,99.24436111584569,0.278197784078755,False
179,0.6807937753703206,99.23986969194719,0.2610108371811969,False
180,0.6807937753703206,99.2354124748491,0.25044119878246623,False
181,0.6807937753703206,99.23099161607401,0.2425242439456782,False
182,0.6807937753703206,99.22660929231843,0.2366148708150212,False
183,0.7967286463062392,99.22226770364306,0.23307806724803762,False
184,0.8793939303559065,99.21796907155877,0.23040516890335652,False
185,0.9491912500871044,99.21371563700858,0.2281116986011837,False
186,1.01044884930661,99.20950965824666,0.22617351350496123,False
187,1.0652163930664527,99.20535340861564,0.22459806218829373,False
188,1.114696123966521,99.20124917422378,0.2232829352137827,False
189,1.1596780472087271,99.19719925152411,0.22221276428355904,False
190,1.200719639829801,99.19320594479831,0.2213707019468421,False
191,1.2382339767869435,99.18927156354769,0.22073857186766543,False
192,1.272538115441929,99.18539841979543,0.22094396239870823,False
193,1.3038818925522597,99.18158882530305,0.2211843306508341,False
194,1.301728854068539,99.17784508870619,0.2214483580697344,False
195,1.2952336017523502,99.17416951257374,0.2217259081386101,False
196,1.2842839696213428,99.17056439039601,0.22200801526630573,False
197,1.2686794699537274,98.35285275881506,0.14375435164769845,False
198,1.2902007807553537,99.25790830765361,0.1398367234868862,False
199,1.30962049684272,99.26083688298672,0.13607529125805146,False
200,1.3270089026073437,99.35741468588184,0.1253152716133256,False
201,1.3424256522693587,99.35491952151312,0.11500966816928446,False
202,1.3559212235520337,99.35248632677438,0.10620489316395662,False
203,1.3675380544221296,99.35011672660735,0.09769913259729246,False
204,1.3773114348674147,99.34781232191477,0.09204849249960889,False
205,1.3852702053381705,99.34557468708304,0.08667964657102104,False
206,1.3914372992027793,99.34340536750176,0.08160003852617119,False
207,1.3958301562928708,99.3413058770864,0.07680388785692172,False
208,1.3984610270106808,99.33927769581115,0.07201909248932645,False
209,1.3993371806574677,99.33732226725857,0.06736119175320407,False
210,1.3652016755898781,99.3354409961933,0.0628397861306474,False
211,1.3262610770456722,99.33363524616678,0.05842250368852412,False
212,1.2817425764699486,99.33190633716028,0.05411285391537897,False
213,1.278417365535648,99.3302555432733,0.049914772651636866,False
214,1.2734192269994746,99.3286840904647,0.045832724388131504,False
215,1.2667356005770385,99.32719315435365,0.04187184062050181,False
216,1.2583494426149708,99.32578385808732,0.038038110867451305,False
217,1.2482389571842902,99.32445727028268,0.04716023869948979,False
218,1.2363772403452271,99.32321440304882,0.0510207074729901,False
219,1.222731822382257,99.32205621009676,0.05495245279661781,False
220,1.2072640872959293,99.32098358494298,0.05890500143792997,False
221,1.1899285414712581,99.31999735921305,0.06283998650251474,False
222,1.1706718933538656,99.3190983010511,0.21899033677010304,False
223,1.1494318918359776,99.31828711364088,0.22007754313649358,False
224,1.1261358508278745,99.3175644338435,0.22104919104465037,False
225,1.100698757874416,99.31693083095696,0.22191039801405182,False
226,1.1267251857192595,99.31638680560165,0.38019126308034623,False
227,1.1461683299371317,99.31593278873613,0.38026170150135075,False
228,1.1461683299371317,99.3155691408067,0.3804585557235948,False
229,1.1461683299371317,99.3152961510337,0.38089665712141946,False
230,1.2275749234394857,99.31511403683756,0.38134838989086833,False
231,1.2740415932122178,99.31502294340626,0.4174981782616217,False
232,1.3057640265520432,99.31502294340626,0.43336428903964513,False
233,1.3268166907347363,99.31511403683756,0.4352666636104541,False
234,1.3315788883651185,99.3152961510337,0.4366175442473671,False
235,1.3268166907347363,99.3155691408067,0.4410433988093935,False
236,1.312118380042281,99.31593278873613,0.44536280274834317,False
237,1.285993330149932,99.17808219178082,0.44841597007819584,False
238,1.2830292405206856,99.20672268907563,0.45186922172802774,False
239,1.2740415932122178,99.20200175830121,0.4552330832177936,False
240,1.2587246698311274,99.19733351472689,0.45851217475523154,False
241,1.236492510335934,99.19272080454266,0.4651970823457582,False
242,1.2063113000188226,98.35975943138327,0.417433752901318,False
243,1.1662725283662194,99.16035224247389,0.4190889129441269,False
244,1.1917096213196778,99.16143986910281,0.4208059143384518,False
245,1.215005662327781,99.16263870923821,0.42257904345999964,False
246,1.236245663845669,97.86915378854926,0.29180887973650127,False
247,1.2555023119630615,99.16263870923821,0.2949246072422882,False
248,1.2728378577877326,99.14009073058433,0.29770405355781754,False
249,1.2883055928740603,99.27277624402397,0.30001498909599283,False
250,1.3019510108370302,99.27277624402397,0.3021525683320794,False
251,1.3138127276760934,98.42657342657343,0.2529236083889619,False
252,1.3239232131067742,98.63712655253441,0.22790970594886895,False
253,1.3323093710688418,99.31635388739946,0.22640343752410574,False
254,1.3389929974912778,99.28794835961935,0.2257686279438348,False
255,1.3439911360274515,99.41199788583509,0.21887001336945705,False
256,1.3473163469617517,99.4131223211342,0.21171249715410234,False
257,1.3489769002462877,99.41431955777836,0.20326729107135896,False
258,1.3489769002462877,99.41558867949307,0.19449356572921403,False
259,1.347316346961752,99.416928721174,0.18533856565995752,False
260,1.3439911360274515,99.41833867067511,0.17582423143615303,False
261,1.3389929974912778,98.78439317691654,0.15584403499088442,False
262,1.3323093710688418,99.33337690347037,0.14953994977568474,False
263,1.3239232131067742,99.33337690347037,0.14287339938820348,False
264,1.3138127276760936,99.33337690347037,0.135923546899941,False
265,1.3019510108370302,99.33337690347037,0.1286431060474154,False
266,1.28830559287406,99.33337690347037,0.1209767697880896,False
267,1.2728378577877326,99.33337690347037,0.11284787567089324,False
268,1.2555023119630615,99.33337690347037,0.10457477440393184,False
269,1.236245663845669,99.33337690347037,0.09601832174442126,False
270,1.215005662327781,99.33337690347037,0.08710590902356655,False
271,1.1917096213196778,99.33337690347037,0.07772607930768023,False
272,1.1662725283662194,99.33337690347037,0.06752996520703106,False
273,1.1385945907452588,99.33337690347037,0.059876054875247976,False
274,1.1085580040630627,99.33337690347037,0.05185430999486895,False
275,1.076022619798413,99.33337690347037,0.043216753833282676,False
276,1.0408200100592375,99.33337690347037,0.033433859822071026,False
277,1.0027451236678648,99.33337690347037,0.029095748336544942,False
278,0.9615441840932928,99.33337690347037,0.02481133368401569,False
279,0.9168964532491245,99.33337690347037,0.02064837212939386,False
280,0.8683854122370959,99.33337690347037,0.015790243569683827,False
281,0.8154503569436469,99.33337690347037,0.00917190228290192,False
282,0.7572982540899428,99.33337690347037,0.0068543365255188905,False
283,0.6927240159400867,99.33337690347037,0.0067943463186540785,False
284,0.6196753007783571,99.33337690347037,0.006749657676574913,False
285,0.5338213435427906,99.33337690347037,0.006735341269154931,False
286,0.4147581439991112,99.33337690347037,0.006656831121820289,False
287,0.4147581439991112,99.33337690347037,0.0064567582687305326,False
288,0.4147581439991112,99.33337690347037,0.0060619809719147325,False
289,0.4023829390456117,99.33337690347037,0.005357754042215861,False
290,0.3491843735073079,99.33337690347037,0.004091883103736714,False
291,0.3491843735073079,99.33337690347037,7.105427357601002e-14,False
292,0.3491843735073079,99.33337690347037,0.12129510628877994,False
293,0.3491843735073079,99.33337690347037,0.12346416345080859,False
294,0.3491843735073079,99.33337690347037,0.12560061119564905,False
295,0.3491843735073079,99.33337690347037,0.12770392402709552,False
296,0.3491843735073079,99.33337690347037,0.12887422343380064,False
297,0.3491843735073079,99.33337690347037,0.13464770644018698,False
298,0.3491843735073079,99.33337690347037,0.13984152235507002,False
299,0.3491843735073079,99.33337690347037,0.14452895744402805,False
300,0.3491843735073079,99.33337690347037,0.14876835632847235,False
301,0.3491843735073079,99.33337690347037,0.15260726977535066,False
302,0.3491843735073079,99.33337690347037,0.1560852295060037,False
303,0.3491843735073079,99.33337690347037,0.15923566996402244,False
304,0.3491843735073079,99.33337690347037,0.162087298837338,False
305,0.3491843735073079,99.33337690347037,0.1646650993248792,False
306,0.3491843735073079,99.33337690347037,0.16699107928869938,False
307,0.3491843735073079,99.33337690347037,0.169084842084179,False
308,0.3491843735073079,99.33337690347037,0.23508582513364734,False
309,0.3491843735073079,99.33337690347037,0.23863727377966926,False
310,0.3491843735073079,99.33337690347037,0.241899707834427,False
311,0.3491843735073079,99.33337690347037,0.24406418081459727,False
312,0.3491843735073079,98.79092869747075,0.21757948629481855,False
313,0.3491843735073079,99.41833867067511,0.22151177057571617,False
314,0.3491843735073079,99.42128877040119,0.22489361489064033,False
315,0.3491843735073079,99.42428358884791,0.2443318610522143,False
316,0.3491843735073079,99.40158290972266,0.2455509533095897,False
317,0.3491843735073079,99.5008,0.24409704152223496,False
318,0.3491843735073079,99.5008,0.24265992022427035,False
319,0.3491843735073079,99.5008,0.24124283269126903,False
320,0.3491843735073079,99.5008,0.239849094324989,False
321,0.3491843735073079,99.5008,0.23848209177570018,False
322,0.3491843735073079,99.5008,0.23714528145449193,False
323,0.3491843735073079,99.5008,0.23554376514775402,False
324,0.3491843735073079,99.5008,0.23404034914095823,False
325,0.3491843735073079,99.5008,0.2326348028920923,False
326,0.3491843735073079,99.5008,0.23132654178762635,False
327,0.3491843735073079,99.5008,0.23010468027057018,False
328,0.3491843735073079,98.65733007837595,0.16250024157375176,False
329,0.3491843735073079,99.54864917144883,0.15764470174225392,False
330,0.3491843735073079,99.54946257321234,0.15299115081670273,False
331,0.3491843735073079,99.52463544677845,0.14990318097841512,False
332,0.3491843735073079,99.60894929162126,0.1822332678625565,False
333,0.3491843735073079,99.60764134559722,0.17852639681923063,False
334,0.3491843735073079,99.6063754275021,0.17530432828567435,False
335,0.3491843735073079,98.97399496676776,0.1481914252798838,False
336,0.3491843735073079,99.5353939472156,0.14729084980944643,False
337,0.3491843735073079,99.5353939472156,0.14970315197326794,False
338,0.3491843735073079,99.5353939472156,0.15205260662821513,False
339,0.3491843735073079,99.5353939472156,0.15296336144252937,False
340,0.3491843735073079,99.5353939472156,0.15394950914470948,False
341,0.3491843735073079,99.5353939472156,0.1550004959738892,False
342,0.3491843735073079,99.5353939472156,0.18438481426943462,False
343,0.3491843735073079,99.5353939472156,0.189034971186301,False
344,0.3491843735073079,99.5353939472156,0.19350570079113227,False
345,0.3491843735073079,99.5353939472156,0.19780335578795377,False
346,0.3491843735073079,99.5353939472156,0.20099361122206025,False
347,0.3491843735073079,99.5353939472156,0.20398668949177495,False
348,0.2829047929798921,99.5353939472156,0.20675219822608965,False
349,0.208180945557171,99.5353939472156,0.20930464849371544,False
350,0.12068101401352381,99.5353939472156,0.21165715733941812,False
351,-0.0,99.5353939472156,0.21382166628601382,False
352,-0.0,98.97399496676776,0.18292236612396945,False
353,-0.0,99.6063754275021,0.18285264010743435,False
354,-0.0,99.60852265434475,0.18264819054896142,False
355,-0.0,99.61069627927755,0.18231636344621083,False
356,-0.0,99.593857088463,0.18250121758869753,False
357,0.12068101401352381,99.65928449744463,0.18005314366282243,False
358,0.208180945557171,99.65928449744463,0.17766412692324962,False
359,0.2829047929798921,99.65928449744463,0.17653490376258885,False
360,0.3491843735073079,99.65928449744463,0.23317684799645208,False
361,0.40907313904382653,99.65928449744463,0.23186997128295503,False
362,0.40907313904382653,99.07880623383178,0.20869510808881764,False
363,0.40907313904382653,99.7160704145372,0.20412480786967874,False
364,0.40907313904382653,99.71703452178834,0.19957286695615167,False
365,0.40907313904382653,99.71802744532866,0.19504133180120134,False
366,0.5277139815252946,99.71904851095711,0.1915237099333461,False
367,0.6131379016405237,99.72009703302855,0.18815149865876582,False
368,0.6857486151292823,99.72117231550901,0.1849480810072243,False
369,0.7498765864518437,99.72227365302722,0.18191518645094626,False
370,0.8075738393756747,99.7234003319196,0.17905415520079707,False
371,0.8075738393756747,99.72455163126645,0.17636588486126603,False
372,0.8075738393756747,99.72572682391662,0.17385077836949067,False
373,0.8075738393756747,99.72692517749863,0.1713294013843905,False
374,0.8075738393756747,99.72814595541594,0.16898650045598326,False
375,0.8075738393756747,99.72938841782428,0.16682357109722587,False
376,0.8075738393756747,99.73065182258934,0.16484149602551612,False
377,0.8075738393756747,99.73193542622268,0.2085322650596362,False
378,0.8075738393756747,99.7332384847946,0.20713956951011456,False
379,0.8075738393756747,99.73456025482216,0.20587828654617576,False
380,0.8075738393756747,98.94471477985577,0.13531928166894167,False
381,0.8600451249809193,99.68536969061353,0.13455129839336477,False
382,0.9080831196860789,99.6873371547681,0.13387498683209303,False
383,0.9522481488898976,99.68931591968241,0.1336503749124867,False
384,0.9929563290994997,99.69130509346596,0.13346861553458783,False
385,1.0305279703180825,99.69330379962516,0.13318639950194952,False
386,1.0652163930664527,99.69531117756587,0.13334055248162405,False
387,1.0972261621017099,99.69732638305028,0.13325824265490405,False
388,1.1267251857192595,99.69934858860866,0.134153518216419,False
389,1.1538530565800795,99.70137698390754,0.17517886939231758,False
390,1.1787269834988532,99.70341077607513,0.17785822714526872,False
391,1.201446120023029,99.70544918998527,0.1794899893510502,False
392,1.2220947914756686,99.70749146850116,0.18100184599538913,False
393,1.2407449439357603,99.70953687268033,0.1825714557389768,False
394,1.2574580300524587,99.711584681942,0.18402632122954024,False
395,1.272286478151291,99.71363419419843,0.18537302760261154,False
396,1.2852748466470731,99.71568472595166,0.18661760633809063,False
397,1.296460736137167,99.10452450775031,0.13547107780934714,False
398,1.305875511291131,99.6718920889537,0.13590605331831712,False
399,1.3135448704851065,99.67371037911747,0.136694540788159,False
400,1.3194892909924263,99.67554205078025,0.1373908064387921,False
401,1.3237243701143493,99.67738631708316,0.13799837934685572,False
402,1.3262610770456722,99.67924240109974,0.19903217707866008,False
403,1.3271059259290725,99.68110953634339,0.19912311304559424,False
404,1.3262610770456722,99.68298696724199,0.199131941104705,False
405,1.3237243701143493,99.66486594637855,0.19912064316803682,False
406,1.3194892909924263,99.70168547705464,0.2550274757615793,False
407,1.3135448704851065,99.68366943455912,0.2550194971524578,False
408,1.3058755112911309,99.72976956713998,0.2557323721608532,False
409,1.2964607361371667,99.14508917604284,0.2303718844453685,False
410,1.2852748466470731,99.77398909251707,0.22906765387823966,False
411,1.2722864781512913,99.7737445280606,0.29235691269804304,False
412,1.2574580300524587,99.7735217369898,0.29265266099801673,False
413,1.2407449439357603,99.77332084955404,0.292856932171673,False
414,1.2220947914756688,99.77314198352813,0.292973192683288,False
415,1.2014461200230289,99.77298524404087,0.29300538757092204,False
416,1.1787269834988532,99.77285072342107,0.2929690954534796,False
417,1.1538530565800795,99.77273850106221,0.2928495482160273,False
418,1.1006987578744163,99.72642260246717,0.29323110384827916,False
419,1.041018523939755,99.74460413641144,0.2933224901668952,False
420,0.9727642516015449,99.74289171203871,0.29358936117446577,False
421,0.8916091590804429,99.74118244100482,0.2937459299484295,False
422,0.7771529943226336,99.04065783462768,0.25670477604602293,False
423,0.7473944462440387,99.69541601096502,0.2568533042477234,False
424,0.7153220528038851,99.63212752912324,0.25695160418257795,False
425,0.6807937753703206,99.65547385200802,0.2570476096354687,False
426,0.6436394131461666,98.94081957941282,0.20146268192786965,False
427,0.6436394131461666,99.59903356808718,0.20136236876037045,False
428,0.6436394131461666,99.52927788123318,0.19967165019864197,False
429,0.6436394131461666,99.54718159579451,0.19857847306907409,False
430,0.6436394131461666,99.54440720569752,0.1975325986497312,False
431,0.6436394131461666,98.81182936404083,0.07318151245635247,False
432,0.603652249754401,99.47687800795146,0.06753912669248528,False
433,0.560576942614533,99.47723351978671,0.062030384207805385,False
434,0.5140912790181235,99.47764312578353,0.05671565001065571,False
435,0.4637773498877516,99.47810657063827,0.051629846310061886,False
436,0.40907313904382653,99.47862356621481,0.046747434586508985,False
437,0.3491843735073079,99.47919379199,0.04225242980829902,False
438,0.2829047929798921,99.47981689554723,0.03804102838265502,False
439,0.208180945557171,99.48049249311653,0.03434417945663907,False
440,0.12068101401352381,99.48122017015979,0.02878461634794271,False
441,-0.0,99.48199948199948,0.023668119241301293,False
442,-0.0,99.48282995448903,0.2003376827260699,False
443,-0.0,99.48371108472301,0.2007275579340355,False
444,-0.0,99.4846423417852,0.2011330401135772,False
445,-0.0,99.48562316753254,0.2015350364109619,False
446,-0.0,99.48665297741273,0.2329151287629142,False
447,-0.0,99.48773116131346,0.23291455736689312,False
448,0.12068101401352381,99.48885708444081,0.2329436059581303,False
449,0.208180945557171,99.4900300882248,0.23298975306858438,False
450,0.2829047929798921,99.45646600348682,0.23297104834147128,False
451,0.3491843735073079,99.46899005000773,0.23368760089447724,False
452,0.40907313904382653,99.46615528143464,0.23442179404277155,False
453,0.4637773498877516,99.46334601156671,0.23520216956111886,False
454,0.5140912790181235,99.46056352780978,0.23601562049937747,False
455,0.5140912790181235,99.45780912775702,0.23685924622539795,False
456,0.5140912790181235,99.45508411808274,0.2377301954028228,False
457,0.5140912790181235,99.45238981338721,0.23862332254531923,False
458,0.5140912790181235,99.44972753499306,0.23955417176596608,False
459,0.5140912790181235,99.44709860969456,0.2405177677655802,False
460,0.5140912790181235,99.4445043684608,0.2415157462597977,False
461,0.5140912790181235,99.44194614509401,0.2425243426846426,False
462,0.5140912790181235,98.5796068265284,0.13980468794832832,False
463,0.5140912790181235,99.36480594283253,0.1405750421318352,False
464,0.5140912790181235,99.36695278969957,0.14152132332806933,False
465,0.5140912790181235,99.36915263298583,0.1426226549407879,False
466,0.5140912790181235,98.907948007671,0.08494214724740255,False
467,0.5140912790181235,99.42147444403163,0.08798826739016177,False
468,0.5140912790181235,99.42604391553894,0.09089313828569569,False
469,0.5140912790181235,99.43060126416967,0.09364088902869926,False
470,0.5140912790181235,99.41441674871741,0.09641879097575176,False
471,0.5140912790181235,99.48594047190664,0.09740782272498634,False
472,0.5140912790181235,99.48791478902089,0.0982850263813201,False
473,0.5140912790181235,99.4899260392757,0.09777170478070808,False
474,0.5140912790181235,99.4919731761837,0.09705701788441747,False
475,0.5140912790181235,99.49405514798887,0.09614008954799538,False
476,0.5140912790181235,99.49617089883111,0.09501876281891457,False
477,0.5140912790181235,99.49831936988913,0.09325448446494462,False
478,0.5140912790181235,99.5004995004995,0.0913242627172045,False
479,0.5140912790181235,99.50271022925058,0.08921887882366403,False
480,0.5140912790181235,99.5049504950495,0.08692700617347968,False
481,0.5140912790181235,99.50721923816094,0.0844873533927348,False
482,0.5140912790181235,99.5095154012164,0.08191920334917424,False
483,0.5140912790181235,99.51183793019283,0.07921831755349475,False
484,0.5140912790181235,99.51418577535951,0.0759298115596188,False
485,0.5140912790181235,99.51655789219241,0.07240626392468336,False
486,0.5140912790181235,99.51895324225515,0.06867853760719306,False
487,0.5140912790181235,99.52137079404585,0.06472471053846243,False
488,0.5140912790181235,99.52380952380952,0.0605143168669337,False
489,0.5140912790181235,99.52626841631532,0.05600398095245306,False
490,0.5140912790181235,99.52874646559849,0.20543958490754372,False
491,0.5140912790181235,99.5312426756668,0.20448206515216036,False
492,0.5140912790181235,99.5337560611712,0.20499448761375036,False
493,0.5140912790181235,99.5362856480408,0.20546053399727202,False
494,0.5140912790181235,99.53883047408227,0.20591383163490212,False
495,0.5140912790181235,99.54138958954368,0.2063506528007261,False
496,0.5140912790181235,99.5439620576432,0.20676765460491806,False
497,0.5140912790181235,99.54654695506281,0.20735807342665385,False
498,0.5140912790181235,99.54914337240757,0.20789425635261866,False
499,0.5140912790181235,99.55175041463086,0.2083754491921908,False
500,0.6318640827062832,99.55436720142602,0.20880138345401833,False
501,0.7164037343212466,99.55699286758517,0.20917867609410162,False
502,0.7881133310528374,99.5596265633257,0.20948747009766155,False
503,0.8513226827573213,99.56226745458525,0.20973015163288472,False
504,0.908083119686079,99.51305110769906,0.21007259400712683,False
505,0.9595986573441049,99.52081593177122,0.2103721185357738,False
506,1.006661191043945,99.51984494075151,0.21061400090740104,False
507,1.0498302157100041,99.51891247738006,0.21080186274576931,False
508,1.0895209637560108,99.51801901392881,0.21093996555167357,False
509,1.0805333164475432,99.5171650055371,0.21103321362851207,False
510,1.0652163930664527,98.6399647887324,0.07047416684586952,False
511,1.0429842335712594,99.44898762408711,0.06964591137914135,False
512,1.0128030232541478,99.37803863168499,0.06424460481551597,False
513,0.9727642516015449,99.39904373382463,0.060604389493578735,False
514,0.9186594970880806,99.39819898967714,0.05694427363989466,False
515,0.8301899714180443,99.39740488234,0.05329416244631566,False
516,0.8536576732793313,99.39666182234554,0.05446446803766661,False
517,0.8536576732793313,99.39597019531767,0.0521960723767717,False
518,0.8536576732793313,99.39533036147769,0.05026052457577913,False
519,0.8536576732793313,99.39474265518002,0.048705358576900164,False
520,0.8536576732793313,99.39420738447933,0.04757383474939786,False
521,0.8536576732793313,99.39372483072974,0.05267214650231823,False
522,0.8536576732793313,99.39329524821753,0.054009705281054185,False
523,0.8536576732793313,99.39291886382772,0.055348466892151685,False
524,0.8536576732793313,99.39259587674573,0.056736677496622666,False
525,0.8536576732793313,99.39232645819472,0.05566606470992998,False
526,0.8536576732793313,99.39211075120912,0.059053371738685134,False
527,0.8536576732793313,99.39194887044516,0.1853437789470986,False
528,0.8536576732793313,99.39184090202868,0.18536752381465452,False
529,0.8536576732793313,99.39178690344062,0.1854317302688519,False
530,0.8536576732793313,99.39178690344062,0.2537590107053106,False
531,0.8536576732793313,99.39184090202868,0.2558491235858887,False
532,0.8536576732793313,99.39194887044516,0.2579552935874861,False
533,0.8536576732793313,99.39211075120912,0.2600666727205923,False
534,0.8536576732793313,99.39232645819472,0.2621723246948299,False
535,0.8536576732793313,99.39259587674573,0.2642620916184843,False
536,0.8536576732793313,99.28656888376834,0.2653911773645919,False
537,0.8536576732793313,99.42429476108232,0.26539575991565945,False
538,0.9665364727522963,99.42429476108232,0.266131521884875,False
539,1.046078320219219,99.42429476108232,0.26680021854531627,False
540,1.1126817966979572,99.42429476108232,0.2666857971729014,False
541,1.1706718933538656,99.27372569859617,0.26642253241928315,False
542,1.1706718933538656,99.47300828129843,0.26677187010510883,False
543,1.1706718933538656,99.4733814223127,0.26704404722018105,False
544,1.2220947914756688,99.47380057483971,0.2672367487065949,False
545,1.2681489963097885,99.38590678153302,0.2678897976756307,False
546,1.2681489963097885,99.49684424239749,0.26754316572477177,False
547,1.2681489963097885,98.61411484309485,0.20216076836508057,False
548,1.30962049684272,99.41298494946375,0.20249110686388005,False
549,1.3470624465271648,99.41298494946375,0.20275594864954208,False
550,1.3808832571151748,98.6008739021053,0.2095110819270332,False
551,1.3808832571151748,99.49684424239749,0.20690661083813025,False
552,1.3808832571151748,99.50078822911193,0.2042503122767479,False
553,1.3808832571151748,99.50471390711213,0.20154670639877592,False
554,1.3808832571151748,99.50862068965517,0.1988025905819562,False
555,1.3808832571151748,99.51250801796023,0.19602510156142283,False
556,1.3808832571151748,99.51637536059732,0.19321382918329988,False
557,1.3808832571151748,99.32629973306216,0.19296144899276113,False
558,1.3808832571151748,99.47105619498984,0.19165713917063493,False
559,1.3808832571151748,99.47179378829495,0.19038995088751923,False
560,1.3808832571151748,99.41772151898734,0.19016778974882773,False
561,1.362759877482492,99.48603446096811,0.18874669426328827,False
562,1.3425003133763334,99.4826782003986,0.18746294236742778,False
563,1.320023576372009,99.47932226537493,0.18630849506837532,False
564,1.2952336017523502,99.47596752716808,0.1852758138859125,False
565,1.2680160454788014,99.47261487917693,0.18435794619872378,False
566,1.2382339767869435,99.46926523687301,0.1835486037116223,False
567,1.2057219651274376,99.46591953771396,0.182910834258743,False
568,1.17027775595384,99.46257874102463,0.1823617775934259,False
569,1.1316501862018717,99.45924382784452,0.18188138072116927,False
570,1.202937326293622,98.59048801028324,0.016008671449995328,False
571,1.2380473172784794,99.37502770267275,0.016017197510995,False
572,1.256821858716621,99.37502770267275,0.0160150802519796,False
573,1.2627977271854782,99.37502770267275,0.01603604254543488,False
574,1.2568218587166213,99.37502770267275,0.016083984936126366,False
575,1.2380473172784794,99.37502770267275,0.016158611353266017,False
576,1.202937326293622,99.37502770267275,0.01634926622251836,False
577,1.1316501862018717,99.37502770267275,0.01655380327285313,False
578,1.17027775595384,99.37502770267275,0.01694695467631458,False
579,1.2057219651274376,99.37502770267275,0.017556936029424902,False
580,1.2382339767869435,99.37502770267275,0.01837304738742041,False
581,1.2680160454788014,99.37502770267275,0.023824816257053513,False
582,1.2680160454788014,99.37502770267275,0.023243513599379095,False
583,1.2680160454788014,99.37502770267275,0.023149189171709255,False
584,1.2680160454788014,99.37502770267275,0.023550411542839458,False
585,1.2680160454788014,99.37502770267275,0.024417758304721027,False
586,1.2680160454788014,99.37502770267275,0.025692070597470966,False
587,1.2680160454788014,99.37502770267275,0.027298323492858087,False
588,1.2680160454788014,99.37502770267275,0.029072427951881086,False
589,1.2680160454788014,99.37502770267275,0.03107044085842077,False
590,1.2680160454788014,99.37502770267275,0.033243318092246156,False
591,1.2680160454788014,99.37502770267275,0.035542393002196505,False
592,1.2680160454788014,99.37502770267275,0.0379449537341541,False
593,1.2680160454788014,99.37502770267275,0.0404152979447405,False
594,1.2680160454788014,99.37502770267275,0.042925045263161134,False
595,1.2680160454788014,99.37502770267275,0.045451532319144346,False
596,1.2680160454788014,99.37502770267275,0.047976492049223066,False
597,1.2680160454788014,99.37502770267275,0.05048501887563796,False
598,1.2680160454788014,99.37502770267275,0.05296477788855468,False
599,1.2310786130055862,99.37502770267275,0.05540540765451558,False
600,1.190600186419197,99.37502770267275,0.05779807123388467,False
601,1.1461683299371317,99.2983867363811,0.05800129130155941,False
602,1.0972261621017096,99.35120522640234,0.06057797351660048,False
603,1.0972261621017096,99.34590052237111,0.06304145024807735,False
604,1.0972261621017096,99.34056875944498,0.06538163777654105,False
605,1.0429842335712594,99.33521074742625,0.06759017880889215,False
606,0.9822408213425595,99.32982733745986,0.06966004419609709,False
607,0.9822408213425595,99.32441942294159,0.2184239856732385,False
608,0.9822408213425595,99.31898794041145,0.21843849792427258,False
609,0.9129467467841514,99.31353387042952,0.295125903481544,False
610,0.830774222099454,99.3080582384316,0.2948930352171825,False
611,0.7153220528038851,99.30256211556159,0.29462504848732696,False
612,0.7153220528038851,99.29704661947767,0.29433877910824624,False
613,0.7153220528038851,99.29151291512915,0.29405387322998455,False
614,0.7153220528038851,99.28596221550058,0.2936992870976341,False
615,0.7153220528038851,99.28039578231973,0.2936137496318207,False
616,0.7153220528038851,99.2748149267261,0.29352247006672816,False
617,0.7153220528038851,99.26922100989597,0.2934254350872068,False
618,0.7153220528038851,99.26361544362055,0.2933226597642019,False
619,0.7153220528038851,99.2579996908332,0.29321419066379756,False
620,0.7153220528038851,99.25237526608171,0.2931001087158279,False
621,0.7153220528038851,99.24674373594183,0.2929805318206093,False
622,0.7153220528038851,99.2411067193676,0.29285561717148517,False
623,0.7153220528038851,99.23546588797451,0.2927255632700508,False
624,0.830774222099454,99.22982296625128,0.2925906116100811,False
625,0.9129467467841514,99.22417973169549,0.29245104800539695,False
626,0.9822408213425595,99.21853801486948,0.2923072035361405,False
627,1.0429842335712594,98.37113965564362,0.2068152706373737,False
628,1.0972261621017096,99.31186347371319,0.20720811260862765,False
629,1.1461683299371317,98.37345123082801,0.06084145524945813,False
630,1.1461683299371317,99.22073705287083,0.06300070023939507,False
631,1.114696123966521,99.22742636407533,0.06507742029018806,False
632,1.1260528027543955,99.23408329344184,0.06699437506596256,False
633,1.1316501862018717,99.24070656472449,0.06867181710111796,False
634,1.1316501862018717,99.20547801996759,0.07041678620953708,False
635,1.1260528027543955,99.26939219648686,0.07082817757870254,False
636,1.114696123966521,99.26939219648686,0.0710710881227919,False
637,1.0972261621017099,99.26939219648686,0.07114485450958212,False
638,1.0730208202534555,99.26939219648686,0.07005958819702175,False
639,1.041018523939755,99.26939219648686,0.06891466185661682,False
640,0.9992889743797904,99.26939219648686,0.0671842179256912,False
641,0.9436063339556555,99.26939219648686,0.06533130481119423,False
642,0.8536576732793313,99.26939219648686,0.06335701089218462,False
643,0.875195788740725,99.26939219648686,0.06126160668352694,False
644,0.8948692308065574,99.26939219648686,0.05904445733979507,False
645,0.9127341558073343,99.26939219648686,0.05670302735599533,False
646,0.9288391461883214,99.26939219648686,0.05423570389366811,False
647,0.9432261548473415,99.26939219648686,0.05163768772011305,False
648,0.9559312637896478,99.26939219648686,0.04890227326847511,False
649,0.9669852958320848,99.26939219648686,0.04601999689370453,False
650,0.976414308115487,99.26939219648686,0.042977316944600205,False
651,0.9842399889605549,99.26939219648686,0.03975446789653929,False
652,0.9904799742690308,99.26939219648686,0.03632175896317162,False
653,0.995148095654003,99.26939219648686,0.03263268534002314,False
654,0.9982545693874831,99.26939219648686,0.028609725761978087,False
655,0.999806132804711,99.26939219648686,0.024110420687614577,False
656,0.999806132804711,99.26939219648686,0.018824855146025544,False
657,0.9982545693874831,99.26939219648686,0.01177771074685846,False
658,0.995148095654003,99.26939219648686,0.008652802391826404,False
659,0.9904799742690308,99.26939219648686,0.1853989437832657,False
660,0.9842399889605549,99.26939219648686,0.18752332923941825,False
661,0.976414308115487,99.26939219648686,0.18966590113003468,False
662,0.9669852958320848,99.26939219648686,0.19182055665317038,False
663,0.9559312637896478,99.26939219648686,0.1939815385473649,False
664,0.9432261548473415,99.26939219648686,0.19614339814984996,False
665,0.9288391461883214,99.26939219648686,0.19830120519159516,False
666,0.9127341558073343,99.26939219648686,0.2004496277992917,False
667,0.9127341558073343,99.26939219648686,0.20258403607751735,False
668,0.9127341558073343,99.26939219648686,0.20469992781809124,False
669,0.9127341558073343,99.26939219648686,0.20679293799261328,False
670,0.9127341558073343,99.26939219648686,0.20885884721720946,False
671,0.9127341558073343,99.26939219648686,0.21089358933966043,False
672,0.9127341558073343,99.26939219648686,0.21289325829104985,False
673,0.9127341558073343,99.26939219648686,0.2148541143354154,False
674,0.9127341558073343,99.26939219648686,0.21677258984201617,False
675,0.9127341558073343,99.26939219648686,0.2186452946960255,False
676,0.9127341558073343,99.26939219648686,0.21867498600539276,False
677,0.8948692308065574,99.26939219648686,0.22098845385896237,False
678,0.875195788740725,99.26939219648686,0.22308289367576598,False
679,0.8536576732793313,98.44033369604642,0.12745974556961623,False
680,0.8301899714180443,99.36784289341416,0.12735279958210752,False
681,0.804717519321077,99.37229882691912,0.12689061520412995,False
682,0.7771529943226336,99.37675606641123,0.12609167936534296,False
683,0.7473944462440387,99.38121322783526,0.1249723824084103,False
684,0.7153220528038851,99.3856689662118,0.12354735846075107,False
685,0.7153220528038851,99.39012197560488,0.12182975141897329,False
686,0.7153220528038851,99.3945709890328,0.11983142351883537,False
687,0.7153220528038851,99.39901477832512,0.11756311842573176,False
688,0.7153220528038851,99.40345215392891,0.11503458715129046,False
689,0.7153220528038851,99.40788196466706,0.11225468234954354,False
690,0.7473944462440387,99.41230309745171,0.1086266218544152,False
691,0.7473944462440387,99.41671447695543,0.10484941885907853,False
692,0.7473944462440387,99.42111506524319,0.10092285281129329,False
693,0.7771529943226336,99.42550386136749,0.09684524911042036,False
694,0.804717519321077,99.42987990092995,0.09261313215055468,False
695,0.8301899714180443,99.43424225561121,0.08822073666769754,False
696,0.8536576732793313,99.32814872762413,0.08824239090678071,False
697,0.875195788740725,99.45662100456622,0.193416797970029,False
698,0.8948692308065574,99.45662100456622,0.19282985934480884,False
699,0.9127341558073343,99.45662100456622,0.19241184114953017,False
700,0.9288391461883214,99.45662100456622,0.19215603291124883,False
701,0.9432261548473415,99.45662100456622,0.19115142021278142,False
702,0.9559312637896478,99.45662100456622,0.19322605247562696,False
703,0.9669852958320848,99.45662100456622,0.24035042944756443,False
704,0.976414308115487,99.45662100456622,0.2458126708369361,False
705,0.9842399889605549,99.45662100456622,0.24519772467388903,False
706,0.9904799742690308,99.45662100456622,0.2526504021565366,False
707,0.995148095654003,99.45662100456622,0.28031233300688413,False
708,0.9982545693874831,99.45662100456622,0.28443116176062005,False
709,0.999806132804711,99.45662100456622,0.293338756796133,False
710,0.999806132804711,99.45662100456622,0.294518529404146,False
711,0.9982545693874831,99.45662100456622,0.3044116754841746,False
712,0.995148095654003,99.45662100456622,0.3133357481342453,False
713,0.9904799742690308,99.45662100456622,0.3213961158793379,False
714,0.9842399889605549,99.45662100456622,0.32868033398943985,False
715,0.976414308115487,99.45662100456622,0.33526243806219996,False
716,0.9669852958320848,99.45662100456622,0.3412059934483824,False
717,0.9559312637896478,98.65753424657534,0.2991336726295297,False
718,0.9432261548473415,99.53424657534246,0.3035722019934597,False
719,0.9288391461883214,99.5371210746052,0.30747886249716255,False
720,0.9127341558073343,99.54000180391449,0.31089761289208107,False
721,1.0066347974846968,99.35018374114905,0.31441906188155777,False
722,1.066503202885787,99.59476309226933,0.3157397475683895,False
723,1.1126817966979572,98.78428927680798,0.2841008515061122,False
724,1.1494318918359776,99.6615603847524,0.28168535796991273,False
725,1.1787269834988532,99.46902654867256,0.3266130142421091,False
726,1.201681991620676,99.70544271520268,0.3813595903902734,False
727,1.2189859772419214,98.88332014420118,0.3948175069789239,False
728,1.2588874993443833,99.64113242656506,0.42356075088842604,False
729,1.2952336017523502,99.74716110716821,0.6934496246398014,False
730,1.3283399146847865,99.55148985301301,0.7062148116020122,False
731,1.3584547364298434,99.77773826458036,0.7138818919119962,False
732,1.3857772327036844,99.77604586580668,0.7208507875565441,False
733,1.410469497157276,99.77434786533081,0.7268745979474289,False
734,1.4326648482653093,99.77264459803565,0.7329755934498454,False
735,1.4524737111892643,99.77093641194796,0.7381486502268174,False
736,1.469987889434457,99.76922366842057,0.7426791188458919,False
737,1.485283726758245,99.76750674230448,0.7463903564255742,False
738,1.477322818602089,99.7657860221098,0.7501138335576276,False
739,1.4660741214574513,99.76406191015478,0.7531688931749697,False
740,1.4514270347987224,99.76233482270177,0.7555394501504487,False
741,1.4332278865247239,99.76060519007947,0.7573483037457021,False
742,1.4112687927757768,99.75887345679013,0.7586095838628263,False
743,1.3852702053381705,99.75714008160094,0.7594945666673821,False
744,1.3548527368476762,99.75540553761863,0.7600534642176485,False
745,1.3194892909924263,98.83573035906467,0.7431136064300081,False
746,1.278417365535648,98.63040693664401,0.7147186975502667,False
747,1.2304597034223903,98.81424885890057,0.6973542421080996,False
748,1.1735894123234427,98.81095123900879,0.6788227624161949,False
749,1.1011317995692318,97.03237410071942,0.39280033229607453,False
750,0.995148095654003,98.81594724220624,0.3685286798426639,False
751,0.995148095654003,98.82131537242472,0.3449348338550086,False
752,0.995148095654003,98.826705940108,0.32160665306084807,False
753,0.995148095654003,98.83211678832117,0.2993689836637543,False
754,0.995148095654003,98.8375458228825,0.27596553201673224,False
755,0.995148095654003,98.84299101166572,0.25413696811240016,False
756,0.995148095654003,98.84845038384987,0.23292497014719984,False
757,0.995148095654003,98.85392202912165,0.21299912608645952,False
758,0.995148095654003,98.85940409683427,0.1916749290616994,False
759,0.995148095654003,98.86489479512736,0.17139212388608063,False
760,0.995148095654003,98.87039239001189,0.1517500226115006,False
761,0.995148095654003,98.88042788505122,0.13338466350717287,False
762,0.995148095654003,98.8858939802336,0.11677103431263576,False
763,0.995148095654003,98.8858939802336,0.11310059692252371,False
764,0.995148095654003,98.8858939802336,0.26108113876305916,False
765,0.995148095654003,98.8858939802336,0.26225261663087523,False
766,0.995148095654003,98.8858939802336,0.2641189574988916,False
767,0.995148095654003,98.8858939802336,0.26650514635949824,False
768,0.995148095654003,98.8858939802336,0.26924030483385886,False
769,0.995148095654003,98.8858939802336,0.2721602747060468,False
770,0.995148095654003,98.8858939802336,0.2857133147818515,False
771,0.995148095654003,98.8858939802336,0.28945693899030117,False
772,0.995148095654003,98.8858939802336,0.29300768825008777,False
773,0.995148095654003,98.8858939802336,0.29622044604159237,False
774,0.995148095654003,98.8858939802336,0.29896331643653895,False
775,0.995148095654003,98.8858939802336,0.30110888664528657,False
776,0.995148095654003,98.8858939802336,0.30306926291408637,False
777,0.995148095654003,98.8858939802336,0.3049444000690603,False
778,0.995148095654003,98.8858939802336,0.30664810662649794,False
779,0.995148095654003,98.8858939802336,0.30818557253525514,False
780,0.995148095654003,98.8858939802336,0.30999664009135786,False
781,0.995148095654003,98.8858939802336,0.31162216261126297,False
782,0.9904799742690308,98.8858939802336,0.31306819798143337,False
783,0.9842399889605549,98.65255923313438,0.37475932945940715,False
784,0.976414308115487,97.79345270392476,0.2872180254532433,False
785,0.9669852958320848,98.60734310001808,0.28266397330678217,False
786,0.9559312637896478,98.60734310001808,0.34093694543558944,False
787,0.9432261548473415,98.60734310001808,0.33761407589084735,False
788,0.9288391461883214,98.60734310001808,0.33452874645975433,False
789,0.9127341558073343,98.60734310001808,0.3469174631154569,False
790,0.8948692308065574,98.4021486775618,0.33579580005267695,False
791,0.875195788740725,98.57011915673694,0.37436116886689086,False
792,0.8536576732793313,98.56516724336794,0.3730773398335296,False
793,0.8301899714180443,98.56028237042541,0.37228674524164185,False
794,0.804717519321077,98.55546725258286,0.37184157141456203,False
795,0.7771529943226336,98.55072463768116,0.37110584102183497,False
796,0.7473944462440387,98.54605730523325,0.37066772188632224,False
797,0.7153220528038851,98.54146806482365,0.3705315182893364,False
798,0.6807937753703206,98.53695975440111,0.370699753740783,False
799,0.6436394131461666,98.53253523846303,0.3711731061927526,False
800,0.603652249754401,98.52819740613008,0.371950367223818,False
801,0.560576942614533,98.52394916911047,0.3728564751294137,False
802,0.5140912790181235,98.5197934595525,0.374022782281195,False
803,0.4637773498877516,97.69443894716011,0.31115435612925,False
804,0.40907313904382653,98.57149967647206,0.3141814527194992,False
805,0.3491843735073079,98.57711442786069,0.31735455181901373,False
806,0.2829047929798921,97.7014335145823,0.2530379486611837,False
807,0.208180945557171,98.53648953933798,0.2572414799594143,False
808,0.12068101401352381,98.54605776736925,0.26146782512686423,False
809,-0.0,98.06435884934179,0.2454800278126174,False
810,-0.0,98.5384390529085,0.24990409978076333,False
811,-0.0,97.71156955946489,0.1876693407618225,False
812,-0.0,98.590438639724,0.19098702421431832,False
813,-0.0,98.59675036927622,0.19365315469708821,False
814,-0.0,98.6031870942357,0.19452324677253247,False
815,-0.0,98.60974651208488,0.19635744180584183,False
816,-0.0,98.61642625846335,0.1980293926434156,False
817,-0.0,98.62322390984811,0.1981752178423524,False
818,-0.0,98.63013698630137,0.1980709387819258,False
819,-0.0,98.63716295427902,0.19771497440114022,False
820,-0.0,98.64429922949381,0.19642624613995843,False
821,-0.0,98.6515431798267,0.19516348316001403,False
822,-0.0,98.65889212827989,0.19265061725692495,False
823,-0.0,98.66634335596508,0.1899247275240255,False
824,-0.0,98.67389410512051,0.18698670675075793,False
825,-0.0,98.6815415821501,0.1838379537980203,False
826,-0.0,98.68928296067848,0.17922515223842164,False
827,-0.0,98.69711538461539,0.17604074863144442,False
828,-0.0,98.70503597122303,0.17231104451465262,False
829,-0.0,98.71304181418046,0.1680494772842645,False
830,-0.0,98.72112998663867,0.163264304543676,False
831,-0.0,98.72929754426042,0.1579581549950167,False
832,-0.0,98.7375415282392,0.15212720427149,False
833,-0.0,98.74585896829153,0.14575983048590047,False
834,-0.0,98.75424688561722,0.14084738879137437,False
835,-0.0,98.76270229582235,0.13539744263909367,False
836,-0.0,98.77122221180002,0.34901625238584066,False
837,-0.0,98.77980364656382,0.3480799360864367,False
838,-0.0,98.78844361602982,0.34716688105508053,False
839,-0.0,98.79713914174252,0.3462750300572979,False
840,-0.0,98.80588725354069,0.3450253358033353,False
841,-0.0,98.8146849921594,0.3441543129448151,False
842,-0.0,98.82352941176471,0.3437699006463423,False
843,-0.0,98.83241758241758,0.34328833072979986,False
844,-0.0,98.84134659246419,0.34271751012529744,False
845,-0.0,98.85031355084976,0.3420647872246846,False
846,-0.0,98.81857686040196,0.3419977281189553,False
847,-0.0,98.87736699729486,0.3409938986242445,False
848,0.12068101401352381,98.87782805429865,0.3401067475881256,False
849,0.208180945557171,98.87839433293979,0.33905351924307225,False
850,0.2829047929798921,98.87906680032808,0.3384860140728425,False
851,0.3491843735073079,98.87984637893197,0.3379102255222457,False
852,0.40907313904382653,98.88073394495413,0.33733802184031025,False
853,0.4637773498877516,98.88173032673723,0.3367796708198727,False
854,0.5140912790181235,98.88283630320376,0.33624389073870076,False
855,0.560576942614533,98.88405260233377,0.3357379030095722,False
856,0.603652249754401,97.3513613632154,0.19250687799396027,False
857,0.6436394131461666,98.88405260233377,0.19045796199008413,False
858,0.6807937753703206,98.8924123351257,0.18831442950105048,False
859,0.7153220528038851,98.90074803867907,0.18607484374471475,False
860,0.7473944462440387,98.8596971355592,0.18516783293677164,False
861,0.7771529943226336,98.89162561576354,0.18354888766953553,False
862,0.804717519321077,98.89162561576354,0.18208058715979,False
863,0.8301899714180443,98.89162561576354,0.18075295607232902,False
864,0.8536576732793313,98.89162561576354,0.17955657252255827,False
865,0.8536576732793313,98.89162561576354,0.17848262397126466,False
866,0.875195788740725,98.89162561576354,0.17788518285273738,False
867,0.8948692308065574,98.89162561576354,0.17734267492203645,False
868,0.9127341558073343,98.89162561576354,0.17696472230633262,False
869,0.9127341558073343,98.8596971355592,0.17726431501044254,False
870,0.9127341558073343,98.90074803867907,0.17696220203251942,False
871,0.9127341558073343,98.8924123351257,0.17700728978281938,False
872,0.9127341558073343,98.88405260233377,0.1773315041561408,False
873,0.9127341558073343,98.8756706321437,0.17788976136617257,False
874,0.9127341558073343,98.86726828351193,0.17864029736406484,False
875,0.9127341558073343,98.85884748330886,0.17954497070455824,False
876,0.9127341558073343,98.05862019982007,0.053607180063313664,False
877,0.9127341558073343,98.80202661110847,0.057308624557016845,False
878,0.9127341558073343,98.80202661110847,0.060942791299335664,False
879,0.9127341558073343,98.80202661110847,0.06449630910074995,False
880,0.9127341558073343,98.80202661110847,0.1972434331329509,False
881,0.9127341558073343,98.80202661110847,0.19724803064386887,False
882,0.9127341558073343,98.80202661110847,0.19726075702764023,False
883,0.9127341558073343,98.80202661110847,0.1972845799374867,False
884,0.9127341558073343,98.80202661110847,0.19732194974644673,False
885,0.9127341558073343,98.80202661110847,0.19737479372247463,False
886,0.9127341558073343,98.72638809387522,0.19711822612593516,False
887,0.9127341558073343,98.7746864638893,0.19725312355788005,False
888,0.9127341558073343,98.76573088092933,0.19739779121629855,False
889,0.9127341558073343,98.75676466286383,0.1975531932596928,False
890,0.9127341558073343,98.74779021803182,0.19772083136276103,False
891,0.9127341558073343,98.73881003016965,0.1978731032995061,False
892,0.9127341558073343,98.72982665869695,0.19802427585209526,False
893,0.9127341558073343,98.72084273890142,0.19817033714025523,False
894,0.9127341558073343,98.71186098201657,0.2855845770986351,False
895,0.9127341558073343,98.70288417518694,0.2860341250144847,False
896,0.9127341558073343,98.6939151813153,0.2862750597112239,False
897,0.9127341558073343,98.68495693878603,0.286364395497736,False
898,0.9127341558073343,98.67601246105919,0.28628640411760664,False
899,0.9127341558073343,98.66708483612985,0.2860595631979472,False
900,0.9127341558073343,97.92149021258682,0.21757479244460734,False
901,0.9127341558073343,98.71285555378992,0.2180269006500378,False
902,0.9127341558073343,98.70226571641315,0.21835934050571043,False
903,1.0239228180015463,98.69172852031825,0.21858402745202743,False
904,1.0239228180015463,98.6812479897073,0.21871225427857258,False
905,1.0239228180015463,98.67082817629016,0.21875471193722626,False
906,1.0239228180015463,98.66047315544994,0.2187215037233603,False
907,1.0239228180015463,98.65018702228005,0.2183291657333432,False
908,1.0239228180015463,98.63997388749864,0.2336157864667292,False
909,1.006634797484697,98.62983787324636,0.2333075067149563,False
910,1.006634797484697,98.61978310877424,0.23296348328984404,False
911,1.006634797484697,98.6098137260289,0.23236846861295335,False
912,1.006634797484697,98.59993385514277,0.23174216503140088,False
913,1.006634797484697,98.59014761983745,0.23109143175055102,False
914,1.006634797484697,97.74605973768324,0.10422079493103169,False
915,1.006634797484697,98.52254627341132,0.10169270361944445,False
916,1.006634797484697,98.52216748768473,0.09948788783252749,False
917,1.006634797484697,98.5219525497682,0.09738949093730405,False
918,1.006634797484697,98.52189979350071,0.09558153581465254,False
919,1.006634797484697,98.52200747117102,0.09404713486035841,False
920,1.006634797484697,98.52227375687627,0.09276781218053365,False
921,1.006634797484697,98.52269674993285,0.09172396313442163,False
922,1.006634797484697,98.52327447833066,0.09089535429033466,False
923,1.006634797484697,98.52400490222199,0.09026163253040095,False
924,1.006634797484697,98.52488591743607,0.08980281408147878,False
925,1.006634797484697,98.52591535901094,0.08979765277958043,False
926,1.006634797484697,98.52709100473434,0.090038593700786,False
927,0.9875245214535493,98.52841057868552,0.09050932692366644,False
928,0.9665364727522963,98.16494630382651,0.03452221922030612,False
929,0.9665364727522963,98.5729853147216,0.035232851100999094,False
930,0.9875245214535493,98.5729853147216,0.036146408427682804,False
931,1.006634797484697,98.5729853147216,0.03859470401508381,False
932,1.0239228180015463,98.5729853147216,0.04110682259408369,False
933,1.0394364783172854,98.5729853147216,0.04365800175405472,False
934,1.0532169913190046,98.5729853147216,0.046228553558926674,False
935,1.065299640553338,98.5729853147216,0.04880248077194238,False
936,1.0757143856082798,98.56536991465522,0.05169751172027659,False
937,1.0844863484244938,98.55248560409953,0.05499212808076188,False
938,1.0916362019205925,98.54485368583764,0.05840665461332833,False
939,1.0971804769523517,98.53724119386932,0.06286210470612559,False
940,1.1011317995692318,98.52965113124627,0.24021723809463896,False
941,1.1034990673875957,98.52208659477805,0.24280894117003882,False
942,1.1042875713905729,98.5145507758573,0.2450963343279682,False
943,1.1034990673875957,98.50704696117208,0.24710050448690052,False
944,1.101131799569232,98.49957853329587,0.24884071347937517,False
945,1.0971804769523517,98.49214897114676,0.25022798807902324,False
946,1.0916362019205925,98.4847618503059,0.2513477974619484,False
947,1.0844863484244938,98.47742084318588,0.2522199811369977,False
948,1.0757143856082798,98.47012971903904,0.2528664111150806,False
949,1.0652996405533381,98.46289234379583,0.25330398593728426,False
950,1.0532169913190046,98.45571267972309,0.25354875205875,False
951,1.0394364783172854,98.4485947848917,0.25361605567313583,False
952,1.0239228180015463,98.44154281244359,0.2535206708145826,False
953,1.006634797484697,98.43456100964747,0.25327690714343787,False
954,0.9875245214535493,98.42765371673295,0.2528986999701454,False
955,0.9665364727522964,98.42082536549256,0.25239968440897653,False
956,0.9436063339556555,98.41408047764165,0.2517932550323109,False
957,0.9186594970880806,98.40742366292558,0.2510926119839953,False
958,0.8916091590804429,98.4008596169648,0.2503107941842184,False
959,0.8623538561746378,98.39439311882765,0.24921611116147097,False
960,0.830774222099454,97.45778910481044,0.09137556023066791,False
961,0.7967286463062392,98.29882128066264,0.084216345298522,False
962,0.7600473303889541,98.29882128066264,0.07728626482841834,False
963,0.720523936685393,98.29882128066264,0.07061109568707849,False
964,0.603652249754401,98.29882128066264,0.06422188902397263,False
965,0.560576942614533,98.29882128066264,0.058156717444980334,False
966,0.5140912790181235,98.29882128066264,0.0524629070334393,False
967,0.4637773498877516,98.29882128066264,0.04717166476512863,False
968,0.40907313904382653,98.29882128066264,0.04230403849041119,False
969,0.3491843735073079,98.29882128066264,0.03790968650693135,False
970,0.2829047929798921,98.29882128066264,0.03405159922745364,False
971,0.2829047929798921,98.29882128066264,0.030014672047704433,False
972,0.2829047929798921,98.29882128066264,0.026324991590255205,False
973,0.2829047929798921,98.29882128066264,0.022998062165814636,False
974,0.2829047929798921,98.29882128066264,0.02005418593012253,False
975,0.2829047929798921,98.29882128066264,0.017518061598597635,False
976,0.3491843735073079,98.29882128066264,0.015415919085514797,False
977,0.40907313904382653,98.29882128066264,0.013768120764967973,False
978,0.4637773498877516,98.29882128066264,0.012576267040231858,False
979,0.5140912790181235,98.29882128066264,0.011808602292574947,False
980,0.6318640827062832,98.29882128066264,0.011393430712964054,False
981,0.7164037343212466,98.29882128066264,0.01122803745836167,False
982,0.7881133310528374,98.29882128066264,0.011198205622428948,False
983,0.8513226827573213,98.29882128066264,0.011195506562158586,False
984,0.9080831196860789,98.29882128066264,0.011124649443788895,False
985,0.9595986573441049,98.29882128066264,0.010901327851266216,False
986,1.006661191043945,98.29882128066264,0.010443153346533188,False
987,1.0032709271829536,98.29882128066264,0.009652397824571045,False
988,0.9929563290994997,98.29882128066264,0.008376707905065707,False
989,0.9752462395674341,98.29882128066264,0.006268683721565058,False
990,1.01044884930661,98.29882128066264,0.0,False
991,1.0429842335712594,98.29882128066264,0.0,False
992,1.0730208202534555,98.29882128066264,0.0,False
993,1.100698757874416,98.29882128066264,0.0,False
994,1.1261358508278745,98.29882128066264,0.0,False
995,1.1494318918359776,98.29882128066264,0.0,False
996,1.201446120023029,98.29882128066264,0.0,False
997,1.2481068205144499,98.29882128066264,0.0,False
998,1.2902007807553537,98.29882128066264,0.0,False
999,1.3282820174272938,98.29882128066264,0.0,False
1000,1.362759877482492,98.29882128066264,0.0,False
1001,1.3939473942522724,98.29882128066264,0.0,False
1002,1.4220900521936763,98.29882128066264,0.0,False
1003,1.4473839613746429,98.29882128066264,0.0,False
1004,1.4699878894344567,98.29882128066264,0.0,False
1005,1.4900315255825651,98.29882128066264,0.0,False
1006,1.5045643034921028,98.29882128066264,0.0,False
1007,1.5169165540634162,98.29882128066264,0.18521110995538384,False
1008,1.527138493598173,98.29882128066264,0.18704380326864892,False
1009,1.5352702332191592,98.29882128066264,0.1887832522116948,False
1010,1.541342789057496,98.29882128066264,0.19043896740970995,False
1011,1.545378825051491,98.29882128066264,0.19201941597447247,False
1012,1.547393175014927,98.29882128066264,0.19353214583140393,False
1013,1.5473931750149272,98.29882128066264,0.19498389132996738,False
1014,1.545378825051491,98.29882128066264,0.19638066338889776,False
1015,1.541342789057496,98.29882128066264,0.19772782676028233,False
1016,1.5352702332191592,98.29882128066264,0.199030166490051,False
1017,1.527138493598173,98.29882128066264,0.20029194526421273,False
1018,1.5169165540634162,98.29882128066264,0.20151695302964748,False
1019,1.5045643034921028,98.29882128066264,0.20270855004337837,False
1020,1.4900315255825651,98.29882128066264,0.2038697043188686,False
1021,1.473256553252489,98.29882128066264,0.2050030242901095,False
1022,1.4541644890966259,98.29882128066264,0.206110787395277,False
1023,1.4326648482653093,98.29882128066264,0.20719496518487496,False
1024,1.408648411160687,98.29882128066264,0.2137725023102639,False
1025,1.3819829643540342,98.29882128066264,0.2156692212107772,False
1026,1.3525074295964727,98.29882128066264,0.32305379687378577,False
1027,1.3200235763720087,97.47053201656578,0.352711590704997,False
1028,1.2842839696213428,98.38802166294998,0.3837213557465194,False
1029,1.2449737775841294,98.38852937444487,0.445148056057626,False
1030,1.201681991620676,98.38923630850863,0.4952933249921706,False
1031,1.1538530565800798,98.39013960508112,0.5374567177183625,False
1032,1.1006987578744163,98.39123630672927,0.5735253502946552,False
1033,1.041018523939755,98.39252336448598,0.6047084295476954,False
1034,0.9992889743797904,98.3939976437031,0.6318423634552649,False
1035,0.9436063339556555,98.3956559299025,0.6555388131679418,False
1036,0.8536576732793313,98.39749493461042,0.6762646504322198,False
1037,0.8536576732793313,98.39951130116066,0.6943886858067834,False
1038,0.8536576732793313,98.40170161045275,0.7089262112522945,False
1039,0.8536576732793313,98.40406238665216,0.7216564020097801,False
1040,0.8536576732793313,98.40659010282003,0.7327569473522872,False
1041,0.875195788740725,98.40928118646094,0.7423835540283151,False
1042,0.8948692308065574,98.4121320249777,0.7506747441830802,False
1043,0.9127341558073343,98.41513897102307,0.7577554636873486,False
1044,0.9288391461883214,98.08902216734286,0.7622145058302728,False
1045,0.9432261548473415,98.44499006196656,0.7669705900277864,False
1046,0.9559312637896478,99.39787209166374,0.7329015596211758,False
1047,0.9669852958320848,99.40140640437032,0.6988116075698118,False
1048,0.976414308115487,99.08145580589255,0.6850293881393285,False
1049,0.9842399889605549,99.43726672408843,0.6489787766836536,False
1050,0.9904799742690308,99.43726672408843,0.6132003503663476,False
1051,0.995148095654003,99.43726672408843,0.5777241224021674,False
1052,0.9982545693874831,99.43726672408843,0.5425867627065069,False
1053,0.999806132804711,99.43726672408843,0.5078336164576014,False
1054,0.999806132804711,99.43726672408843,0.4735214971590741,False
1055,0.9982545693874831,99.43726672408843,0.43965653259886084,False
1056,1.1011317995692318,99.43726672408843,0.4064341697185597,False
1057,1.173589412323443,99.43726672408843,0.37396741993570637,False
1058,1.2329087607099036,99.43726672408843,0.3449140755903071,False
1059,1.2834031297544843,99.43726672408843,0.31665826386944657,False
1060,1.3271059259290725,99.43726672408843,0.2892327344321464,False
1061,1.3652016755898781,99.43726672408843,0.2626625090099437,False
1062,1.3984610270106805,99.43726672408843,0.30781441301122586,False
1063,1.4274202463828696,99.43726672408843,0.28991065171800695,False
1064,1.4524690941546656,99.43726672408843,0.28294517740775843,False
1065,1.4738989153366922,99.43726672408843,0.27783416775389846,False
1066,1.4919310878474152,99.43726672408843,0.27447621126980554,False
1067,1.5125568756434098,99.43726672408843,0.2645330169901056,False
1068,1.530333327439556,99.43726672408843,0.26291350879595915,False
1069,1.545378825051491,99.43726672408843,0.2934715507522091,False
1070,1.557787262784918,99.43726672408843,0.29880534811778914,False
1071,1.567632081836135,99.43726672408843,0.30462033485356527,False
1072,1.5749691486891675,99.43726672408843,0.3107196121527555,False
1073,1.5798387881475398,99.43726672408843,0.34180738142472133,False
1074,1.582267169313773,99.43726672408843,0.3945581404526821,False
1075,1.582267169313773,99.43726672408843,0.41835376012770864,False
1076,1.5798387881475398,99.43726672408843,0.5427739571016968,False
1077,1.5749691486891673,99.43726672408843,0.5592600071828324,False
1078,1.567632081836135,99.43726672408843,0.5739470827004945,False
1079,1.557787262784918,99.43726672408843,0.5870307140326143,False
1080,1.547393175014927,99.43726672408843,0.5986653080312406,False
1081,1.5342796921456783,99.43726672408843,0.608988527393005,False
1082,1.5183593905083006,98.5587137525122,0.5860715207458297,False
1083,1.4995196245467155,99.50043066322137,0.5941918805487625,False
1084,1.4776169519137876,99.74344355758267,0.5969862802349837,False
1085,1.4524690941546654,99.74344355758267,0.6091382177527015,False
1086,1.4238430936939133,99.74344355758267,0.6100210335433255,False
1087,1.3914372992027793,99.50043066322137,0.6141551950001233,False
1088,1.3548527368476762,99.71084894749016,0.6672386671452634,False
1089,1.3135448704851065,98.81195038145711,0.6531007804827332,False
1090,1.2667356005770385,99.77128782547501,0.6497365418979858,False
1091,1.2132336634320215,99.7710998943538,0.6463724984617875,False
1092,1.150999540671385,99.77093856454833,0.6430384252571658,False
1093,1.0757143856082798,98.81508288582769,0.6315773389495732,False
1094,0.9669852958320848,98.55749576592886,0.6002650273448438,False
1095,0.9669852958320848,98.79060528160785,0.6274489851821541,False
1096,0.9669852958320848,97.84627888076164,0.5859727372856791,False
1097,0.9669852958320848,98.73687853270273,0.6061133407992576,False
1098,0.9669852958320848,98.7393994957598,0.6229505398227575,False
1099,0.9669852958320848,98.74203096539162,0.6563004430477655,False
1100,0.9669852958320848,98.74476987447699,0.6704669393922449,False
1101,0.9669852958320848,98.74761316410199,0.6815470584669696,False
1102,0.9669852958320848,98.75055778670236,0.6899529139938844,False
1103,0.9669852958320848,98.75360070906271,0.6960449612484247,False
1104,0.9669852958320848,98.75673891517219,0.7014130164642782,False
1105,0.9669852958320848,98.52507374631269,0.6978540810838478,False
1106,0.9669852958320848,98.77956172705576,0.7029227814724419,False
1107,0.9669852958320848,98.77956172705576,0.7083589061519916,False
1108,0.9669852958320848,97.88457366022999,0.664416166530438,False
1109,0.9669852958320848,98.83922759817747,0.6703768602946749,False
1110,0.9669852958320848,98.84209392503232,0.6755371352913423,False
1111,0.9669852958320848,98.84504331087584,0.6799536731955697,False
1112,0.9669852958320848,98.84807304384755,0.6836806397934887,False
1113,0.9669852958320848,98.61981102027816,0.6823996940514658,False
1114,0.9669852958320848,98.83214778638921,0.6846226479192954,False
1115,0.9669852958320848,97.8920741989882,0.6470999421740135,False
1116,0.9669852958320848,97.68128161888701,0.5930712182148332,False
1117,0.9559312637896478,97.87099494097808,0.5577852096886415,False
1118,0.9432261548473415,97.87099494097808,0.5242091277865225,False
1119,0.9288391461883214,97.59823027493943,0.46678069928488714,False
1120,0.9127341558073343,97.82608695652173,0.43103932713898835,False
1121,0.8948692308065574,97.82768777614139,0.39817797455818443,False
1122,0.875195788740725,97.82951439983182,0.3685708422671793,False
1123,0.8536576732793313,97.83156568308306,0.34263131285038456,False
1124,0.8301899714180443,97.83384034406798,0.3179548857099062,False
1125,0.804717519321077,97.83633696563285,0.2941131020654976,False
1126,0.7771529943226336,97.83905399748849,0.2716213620203591,False
1127,0.7473944462440387,97.84198975859546,0.24738949835890273,False
1128,0.7153220528038851,97.84514243973703,0.2242426836934411,False
1129,0.6807937753703206,97.84851010627214,0.20230911714845387,False
1130,0.6436394131461666,97.85209070106096,0.18152288462981322,False
1131,0.603652249754401,97.85588204755477,0.16220709262973937,False
1132,0.560576942614533,97.85988185304177,0.14458407331087894,False
1133,0.5140912790181235,97.86408771203972,0.1289286611033408,False
1134,0.4637773498877516,97.86849710982659,0.11556437195444595,False
1135,0.40907313904382653,97.8731074260995,0.10506857794520122,False
1136,0.3491843735073079,97.87791593875244,0.09753372287959305,False
1137,0.2829047929798921,97.88291982776298,0.09277255824847866,False
1138,0.208180945557171,97.88811617917774,0.09057827594268048,False
1139,0.12068101401352381,97.89350198918699,0.17805894055467436,False
1140,-0.0,97.89907416827755,0.18056634451545622,False
1141,-0.0,97.90482954545455,0.18353574968141798,False
1142,-0.0,97.91076487252124,0.18659535657087872,False
1143,-0.0,97.91687682840714,0.1893931860610631,False
1144,-0.0,97.92316202353415,0.1916853705795622,False
1145,-0.0,97.92961700421095,0.19314334947278916,False
1146,-0.0,97.93623825704577,0.1942573361256066,False
1147,-0.0,97.94302221336787,0.2520134478483455,False
1148,-0.0,97.94996525364837,0.2522227914563401,False
1149,-0.0,97.95706371191136,0.25224070599005316,False
1150,-0.0,97.96431388012618,0.2522426256084647,False
1151,-0.0,97.97171201257244,0.25211038487682375,False
1152,-0.0,97.9792543301693,0.2518546824103054,False
1153,-0.0,97.98693702476116,0.2514849505681519,False
1154,-0.0,97.9947562633521,0.26065049167145815,False
1155,-0.0,98.00754424992746,0.4170049355390315,False
1156,-0.0,98.03005490800501,0.4196187960756151,False
1157,-0.0,98.0310580039669,0.4220339392068061,False
1158,-0.0,98.03226119910602,0.42425090211145977,False
1159,-0.0,97.22859233959502,0.3972724706846501,False
1160,-0.0,98.07447329740323,0.39811772378243954,False
1161,-0.0,98.07447329740323,0.39886149990032477,False
1162,-0.0,98.07447329740323,0.416873222433091,False
1163,-0.0,98.07447329740323,0.4181423264247247,False
1164,-0.0,98.07447329740323,0.41937807326584925,False
1165,-0.0,98.07447329740323,0.47318942671169656,False
1166,-0.0,98.07447329740323,0.47306934400959505,False
1167,-0.0,97.23347157843376,0.4452079627791257,False
1168,-0.0,98.03226119910602,0.4451198431507633,False
1169,-0.0,98.0310580039669,0.44677671383833684,False
1170,-0.0,98.03005490800501,0.4469847240283519,False
1171,-0.0,98.02924958043634,0.44709756217515756,False
1172,-0.0,98.02863961813843,0.447124908442842,False
1173,-0.0,98.028222549532,0.4470784069414541,False
1174,-0.0,97.63861833040339,0.4414189897186344,False
1175,-0.0,96.49106213941171,0.29736124832635363,False
1176,-0.0,97.66084623711583,0.29245600111302394,False
1177,-0.0,97.66084623711583,0.2878038651622887,False
1178,-0.0,97.66084623711583,0.2834898028569701,False
1179,-0.0,97.66084623711583,0.2794480261481865,False
1180,-0.0,97.66084623711583,0.27571678627001,False
1181,-0.0,97.66084623711583,0.27233594533573285,False
1182,-0.0,97.28080960938239,0.24159120080562965,False
1183,-0.0,97.61486197557846,0.237414226822855,False
1184,-0.0,97.60859188544153,0.23360575075562248,False
1185,-0.0,96.80652121793335,0.07673376497686614,False
1186,-0.0,97.63991908293998,0.07255429815246592,False
1187,-0.0,97.63991908293998,0.06922138467380755,False
1188,-0.0,97.63991908293998,0.06674998305164186,False
1189,-0.0,97.5213799101319,0.051317629044849385,False
1190,-0.0,97.62043229621014,0.04656459938641158,False
1191,-0.0,97.61823749574685,0.04299652453017862,False
1192,-0.0,97.61626206493126,0.0407764926703809,False
1193,-0.0,97.61450848120448,0.06146691563378018,False
1194,-0.0,97.61297911969415,0.06357110018781725,False
1195,-0.0,97.61167624944714,0.06561146151820413,False
1196,-0.0,97.61060202975662,0.06628043568383563,False
1197,-0.0,97.60975850659293,0.06693095090266783,False
1198,-0.0,97.60914760914761,0.06726658512567638,False
1199,-0.0,97.60877114649998,0.06762935471129142,False
1200,-0.0,97.60863080441483,0.06782892535451115,False
1201,-0.0,97.60872814228068,0.06782036330689525,False
1202,-0.0,97.60906459019667,0.06747072471355618,False
1203,-0.0,97.60964144621693,0.06663063800794544,False
1204,-0.0,97.61045987376015,0.06512415241403367,False
1205,-0.0,97.61152089919213,0.06346863112707947,False
1206,-0.0,97.61282540958891,0.1007075039352411,False
1207,0.12068101401352381,97.614374150687,0.18022962289330893,False
1208,0.208180945557171,97.61616772502772,0.196264376904874,False
1209,0.2829047929798921,97.61820659030126,0.210426194503125,False
1210,0.3491843735073079,97.62049105789633,0.22305044566574644,False
1211,0.40907313904382653,97.62302129166035,0.23436649484172448,False
1212,0.4637773498877516,97.62579730687456,0.2445390698676045,False
1213,0.4637773498877516,97.37042103663171,0.24935543729380655,False
1214,0.5140912790181235,97.6675793530068,0.2572877718276359,False
1215,0.560576942614533,97.66219182277577,0.3623748306476512,False
1216,0.560576942614533,97.65697256191552,0.3648535905509141,False
1217,0.560576942614533,97.65192655805534,0.3670406242552633,False
1218,0.560576942614533,97.6470588235294,0.36895333753904686,False
1219,0.560576942614533,97.64237439094671,0.3706089591836662,False
1220,0.560576942614533,97.63787830855215,0.3720384052278749,False
1221,0.560576942614533,97.63357563537964,0.3732445531433215,False
1222,0.560576942614533,97.62947143619861,0.37424446457881344,False
1223,0.560576942614533,97.62557077625571,0.3750554423570608,False
1224,0.560576942614533,97.6218787158145,0.37581263316617214,False
1225,0.560576942614533,97.61840030449676,0.3763872396896039,False
1226,0.560576942614533,97.26551818430407,0.36854567410699585,False
1227,0.560576942614533,96.93568795730869,0.3371202758862234,False
1228,0.560576942614533,97.23313596369874,0.3281582695344124,False
1229,0.560576942614533,97.22825179495742,0.3192638986648846,False
1230,0.560576942614533,97.22362160649314,0.310483661286776,False
1231,0.560576942614533,97.2192513368984,0.30186701384294884,False
1232,0.560576942614533,97.21514688402105,0.29346651797533224,False
1233,0.677903479475398,97.2113140970918,0.285337893096434,False
1234,0.7619882811604883,97.20775876866739,0.27753993330681354,False
1235,0.7619882811604883,96.34742594190394,0.10788530164660294,False
1236,0.8332341082038747,97.2535414859786,0.09918113011731078,False
1237,0.8959704136014894,97.2535414859786,0.09090617790532414,False
1238,0.9522481488898977,97.2535414859786,0.11102520784383701,False
1239,0.9929563290994998,97.2535414859786,0.1359214647254048,False
1240,1.0305279703180825,97.2535414859786,0.1318691766391511,False
1241,1.0652163930664527,97.2535414859786,0.12834854642060062,False
1242,1.0972261621017099,97.2535414859786,0.12542363827866154,False
1243,1.1267251857192597,97.2535414859786,0.12314693013500365,False
1244,1.1538530565800798,97.2535414859786,0.1211915120023356,False
1245,1.1787269834988532,97.2535414859786,0.12002354113118731,False
1246,1.2014461200230289,97.2535414859786,0.12058129890851334,False
1247,1.2220947914756688,97.2535414859786,0.12190639819226273,False
1248,1.2407449439357603,97.2535414859786,0.12389975115287209,False
1249,1.2574580300524587,97.2535414859786,0.12645283255378098,False
1250,1.2722864781512913,97.2535414859786,0.12945390148632088,False
1251,1.2852748466470731,97.2535414859786,0.13279291929214695,False
1252,1.296460736137167,97.2535414859786,0.13636491642109233,False
1253,1.305875511291131,97.2535414859786,0.1400719155093555,False
1254,1.3135448704851067,97.2535414859786,0.14382370130587002,False
1255,1.3194892909924263,97.2535414859786,0.14753777137270319,False
1256,1.3237243701143493,97.2535414859786,0.19171603206784651,False
1257,1.3262610770456722,97.2535414859786,0.29805799326404286,False
1258,1.3271059259290725,96.88259109311741,0.31501330140813066,False
1259,1.3262610770456722,96.8184184647423,0.3271987789568453,False
1260,1.3237243701143493,97.20004628022677,0.34870365539495635,False
1261,1.3194892909924263,97.18522826403024,0.36796720940827204,False
1262,1.3135448704851067,97.17058342102186,0.3852757588650485,False
1263,1.305875511291131,97.15611963100065,0.4008416561465551,False
1264,1.296460736137167,97.14184480925948,0.414828539309766,False
1265,1.2852748466470731,97.12776689810694,0.42736680224065265,False
1266,1.2722864781512913,97.1138938580799,0.438301281551769,False
1267,1.2574580300524587,97.10023365885807,0.44798235924735164,False
1268,1.2574580300524587,97.08679426989286,0.45649335056346635,False
1269,1.2574580300524587,97.07358365076486,0.4644342967070723,False
1270,1.2574580300524587,97.06060974128508,0.4719023393058961,False
1271,1.2574580300524587,97.04788045135712,0.478391682421408,False
1272,1.2574580300524587,97.03540365061865,0.48397861126292613,False
1273,1.2574580300524587,97.0231871578818,0.48873309180877317,False
1274,1.2407449439357603,97.01123873039397,0.4927202103208642,False
1275,1.2407449439357603,96.99956605294155,0.4960013027666866,False
1276,1.2407449439357603,96.59296169417627,0.4844838552172144,False
1277,1.2220947914756688,96.09878086902157,0.4310344240449375,False
1278,1.2014461200230289,96.51753780510761,0.41547337020654623,False
1279,1.1787269834988532,96.50525785529878,0.39957853218703154,False
1280,1.1538530565800798,96.49333417577557,0.3833949074491733,False
1281,1.1267251857192597,96.48177496038035,0.36697184920985765,False
1282,1.0972261621017099,96.47058823529412,0.3503641403331035,False
1283,1.0652163930664527,96.45978184601645,0.333633361508925,False
1284,1.0305279703180825,96.44936344443734,0.31684964227916573,False
1285,0.9929563290994998,96.43934047603773,0.30009390569020455,False
1286,0.9522481488898977,96.42972016725635,0.28346073870862876,False
1287,0.9522481488898977,96.42050951306031,0.2671834667404265,False
1288,0.9522481488898977,96.41171526475722,0.2515141097447076,False
1289,0.9522481488898977,96.40334391808697,0.2353405328899301,False
1290,0.9522481488898977,96.39540170163019,0.21842082129435458,False
1291,0.9522481488898977,96.3878945655711,0.20184507472816776,False
1292,0.9522481488898977,96.38082817085099,0.18563778518189686,False
1293,0.9522481488898977,96.37420787874828,0.16982699693599276,False
1294,0.8959704136014894,96.3680387409201,0.15444545211215902,False
1295,0.8749177494187964,96.36232548993904,0.13953226482518238,False
1296,0.8749177494187964,96.35707253035773,0.12513542117210757,False
1297,0.8431953160789711,96.35228393033191,0.11131558994090741,False
1298,0.7967286463062392,96.34796341383168,0.09815203169568704,False
1299,0.7153220528038851,96.34411435346816,0.08575184252228311,False
1300,0.7473944462440387,96.34073976396124,0.07426426413537525,False
1301,0.7771529943226336,96.33784229627186,0.06390162958810663,False
1302,0.7771529943226336,96.33542423241994,0.05496488610205269,False
1303,0.7771529943226336,96.3334874810068,0.047856765945190526,False
1304,0.7771529943226336,96.33203357345846,0.04303073344318783,False
1305,0.7771529943226336,96.3310636610035,0.04080470433657839,False
1306,0.7771529943226336,96.3305785123967,0.041099091836434384,False
1307,0.7771529943226336,96.3305785123967,0.04262422341065921,False
1308,0.7771529943226336,96.3310636610035,0.044237394140103595,False
1309,0.8916091590804429,96.33203357345846,0.046900946653012136,False
1310,0.9727642516015449,96.3334874810068,0.05044150664882942,False
1311,1.041018523939755,96.33542423241994,0.05467952754338896,False
1312,1.1006987578744163,96.33784229627186,0.05945485431459425,False
1313,1.1538530565800798,96.34073976396124,0.06463595200412821,False
1314,1.201681991620676,96.34411435346816,0.07011932700121265,False
1315,1.2449737775841294,96.34796341383168,0.0758250275293134,False
1316,1.2842839696213428,96.35228393033191,0.08169148555694444,False
1317,1.3200235763720087,96.35707253035773,0.08767100713690053,False
1318,1.3525074295964727,96.36232548993904,0.09372622674558136,False
1319,1.3819829643540342,96.3680387409201,0.09982745187268209,False
1320,1.408648411160687,96.37420787874828,0.10595071740806423,False
1321,1.4326648482653093,96.38082817085099,0.1120763712785336,False
1322,1.4541644890966259,96.3878945655711,0.11818804638377607,False
1323,1.473256553252489,96.39540170163019,0.12427191011372626,False
1324,1.4900315255825651,96.40334391808697,0.1303161127930903,False
1325,1.5045643034921028,96.41171526475722,0.13631037904398102,False
1326,1.5169165540634162,96.42050951306031,0.142245702388182,False
1327,1.527138493598173,96.42972016725635,0.14811411495468219,False
1328,1.5352702332191592,96.43934047603773,0.1539085122556804,False
1329,1.541342789057496,96.44936344443734,0.15962251866887564,False
1330,1.545378825051491,96.45978184601645,0.1652503832528924,False
1331,1.5473931750149272,96.47058823529412,0.17078689834224076,False
1332,1.547393175014927,96.48177496038035,0.1762273353748659,False
1333,1.545378825051491,96.49333417577557,0.18156739384466025,False
1334,1.541342789057496,96.50525785529878,0.18680316031200642,False
1335,1.5352702332191592,96.51753780510761,0.1919310751643304,False
1336,1.527138493598173,96.53016567677399,0.19694790537661483,False
1337,1.5169165540634162,96.54313298037994,0.2018507219354882,False
1338,1.5045643034921028,96.5564310975988,0.2066368808996992,False
1339,1.4900315255825651,96.57005129472839,0.21130400730270119,False
1340,1.473256553252489,96.5839847356435,0.20866570657738126,False
1341,1.4541644890966259,96.59822249463684,0.20976331395099568,False
1342,1.4326648482653093,96.6127555691181,0.21005449403484971,False
1343,1.408648411160687,96.62757489214316,0.20959405406172738,False
1344,1.3819829643540342,96.64267134474623,0.20842644541503913,False
1345,1.3525074295964727,96.65803576804961,0.20658717477804298,False
1346,1.3525074295964727,96.67365897512737,0.204103714092038,False
1347,1.320023576372009,96.68953176260065,0.20099600946556012,False
1348,1.2952336017523502,96.70564492194455,0.19727663789230102,False
1349,1.2680160454788014,96.72198925048727,0.19295061856947315,False
1350,1.2382339767869435,96.73855556208497,0.1880148434532973,False
1351,1.2057219651274376,96.75533469745689,0.1824570397944668,False
1352,1.17027775595384,96.7723175341669,0.1762541021196515,False
1353,1.1316501862018717,96.78949499623995,0.16936950875971474,False
1354,1.0895209637560108,96.80685806340257,0.1617493221060541,False
1355,1.049830215710004,96.82439777993935,0.1533158630787656,False
1356,1.0032709271829536,96.84210526315789,0.14395731897940797,False
1357,0.9522481488898976,96.85997171145686,0.13350970612606355,False
1358,0.8959704136014895,96.87798841199303,0.1217231018679213,False
1359,0.8332341082038747,96.89614674794474,0.10819138686011874,False
1360,0.7619882811604882,96.59974274369442,0.1074581955626389,False
1361,0.677903479475398,96.85699904927017,0.213526759978988,False
1362,0.560576942614533,96.85699904927017,0.2097777974250627,False
1363,0.5140912790181235,96.85699904927017,0.20660358334428966,False
1364,0.4637773498877516,96.85699904927017,0.2040502855696665,False
1365,0.40907313904382653,96.85699904927017,0.20216448144930357,False
1366,0.3491843735073079,96.85699904927017,0.20201682813383048,False
1367,0.2829047929798921,96.85699904927017,0.20301853672855047,False
1368,0.208180945557171,96.85699904927017,0.20418052492776861,False
1369,0.12068101401352381,96.85699904927017,0.20548679013863852,False
1370,0.12068101401352381,96.85699904927017,0.2069232541049568,False
1371,0.12068101401352381,96.85699904927017,0.20813897231362344,False
1372,0.12068101401352381,96.85699904927017,0.25982851948843483,False
1373,0.12068101401352381,96.85699904927017,0.26296706417009,False
1374,0.12068101401352381,96.85699904927017,0.28180033084776485,False
1375,0.12068101401352381,96.85699904927017,0.29534892879072316,False
1376,0.12068101401352381,96.85699904927017,0.3164249402585615,False
1377,0.12068101401352381,96.85699904927017,0.33592084893405066,False
1378,0.208180945557171,96.85699904927017,0.35407302474000324,False
1379,0.2829047929798921,96.85699904927017,0.3710560642001368,False
1380,0.3491843735073079,96.85699904927017,0.38700307003901613,False
1381,0.40907313904382653,95.99154945238227,0.3546018525512033,False
1382,0.4637773498877516,96.83337938657088,0.37057274996712886,False
1383,0.5140912790181235,96.85251304586652,0.38546418000339916,False
1384,0.560576942614533,96.87175847573293,0.3993446652233807,False
1385,0.603652249754401,96.89110737344691,0.41226572037196685,False
1386,0.6436394131461666,96.69488326953146,0.423778772552037,False
1387,0.6807937753703206,96.96758639164212,0.43423966905266365,False
1388,0.7153220528038851,96.96758639164212,0.44413994342847846,False
1389,0.7473944462440387,96.96758639164212,0.4534937771694446,False
1390,0.7771529943226336,96.96758639164212,0.4623133531149352,False
1391,0.804717519321077,96.96758639164212,0.4707592095303578,False
1392,0.8301899714180443,96.14251272435038,0.4474271471681011,False
1393,0.8536576732793313,97.01044736137155,0.4543528411343249,False
1394,0.875195788740725,97.2797444769763,0.4512462050478998,False
1395,0.8948692308065574,96.43864785733298,0.45095881961616413,False
1396,0.8948692308065574,97.33297844024487,0.4525807227013758,False
1397,0.9127341558073343,97.34489871476173,0.4529135105179312,False
1398,0.9288391461883214,97.35694393358204,0.4527718982674183,False
1399,0.9432261548473415,97.36910789789633,0.45191646373199573,False
1400,0.9559312637896478,97.38138449572206,0.4498499269678309,False
1401,0.9669852958320848,97.39376770538243,0.44665978081743374,False
1402,0.976414308115487,97.4062515987108,0.44242701255865247,False
1403,0.9842399889605549,97.41883034398658,0.4361137224921422,False
1404,0.9904799742690308,97.43149820860877,0.4290153938686078,False
1405,0.995148095654003,97.4442495615134,0.42150255750021465,False
1406,0.9982545693874831,97.45707887534212,0.4127136560936199,False
1407,0.9982545693874831,97.46998072836882,0.40364780322234395,False
1408,0.999806132804711,97.48294980619204,0.3943441834819789,False
1409,0.999806132804711,97.49598090320066,0.38484229896494865,False
1410,0.9982545693874831,97.50906892382103,0.37518216132284987,False
1411,0.995148095654003,97.52220888355342,0.3654044766421599,False
1412,0.9904799742690308,97.40191638461172,0.3629478817010634,False
1413,0.9842399889605549,97.57701954474469,0.35308592554060203,False
1414,0.976414308115487,97.5888920161366,0.34338214393210714,False
1415,0.9669852958320848,97.61473008787837,0.33304164037457196,False
1416,0.9559312637896478,97.7844449573044,0.311472094410069,False
1417,0.9432261548473415,97.794756828476,0.290444023768489,False
1418,0.9288391461883214,97.80962314634257,0.2687769142042264,False
1419,0.9127341558073343,97.81993077718344,0.24679893932363273,False
1420,0.8948692308065574,97.81993077718344,0.2254669597556207,False
1421,0.875195788740725,97.81993077718344,0.20481941172390183,False
1422,0.8536576732793313,97.81993077718344,0.18490092691858798,False
1423,0.8301899714180443,97.81993077718344,0.16863779999223044,False
1424,0.804717519321077,97.81993077718344,0.15347044519418712,False
1425,0.7771529943226336,97.81993077718344,0.1385823027604643,False
1426,0.7473944462440387,97.81993077718344,0.1269071012503631,False
1427,0.7153220528038851,97.81993077718344,0.11574346126124056,False
1428,0.6807937753703206,97.81993077718344,0.10508877832210986,False
1429,0.6436394131461666,97.81993077718344,0.09494010229901147,False
1430,0.603652249754401,97.81993077718344,0.08529419651827236,False
1431,0.560576942614533,97.81993077718344,0.0761477228328698,False
1432,0.5140912790181235,97.81993077718344,0.06749727681950016,False
1433,0.4637773498877516,97.81993077718344,0.05933938810313732,False
1434,0.40907313904382653,97.81993077718344,0.051670500782499934,False
1435,0.3491843735073079,97.81993077718344,0.04448691274432935,False
1436,0.2829047929798921,97.81993077718344,0.037784629655795786,False
1437,0.208180945557171,97.81993077718344,0.03155903692491854,False
1438,0.12068101401352381,97.81993077718344,0.025804163517664385,False
1439,0.12068101401352381,97.81993077718344,0.02051095823826152,False
1440,0.12068101401352381,97.81993077718344,0.015662887502664157,False
1441,0.12068101401352381,97.81993077718344,0.011222843220561307,False
1442,0.12068101401352381,97.81993077718344,0.007081298925479792,False
1443,0.12068101401352381,97.81993077718344,0.004345682168816109,False
1444,0.12068101401352381,97.81993077718344,0.0021430815657962005,False
1445,0.12068101401352381,97.81993077718344,0.0005963575327076312,False
1446,0.12068101401352381,97.81993077718344,0.1849404252410472,False
1447,0.12068101401352381,97.81993077718344,0.18548500933296416,False
1448,0.12068101401352381,97.81993077718344,0.18612560517040372,False
1449,0.12068101401352381,97.81993077718344,0.18686649518164353,False
1450,0.12068101401352381,97.81993077718344,0.18771117671205262,False
1451,0.12068101401352381,97.81993077718344,0.18866221651045875,False
1452,0.12068101401352381,97.81993077718344,0.18972122629072316,False
1453,0.12068101401352381,97.81993077718344,0.18972330801189802,False
1454,0.12068101401352381,97.81993077718344,0.1914486043140554,False
1455,0.12068101401352381,97.81993077718344,0.28919090167346834,False
1456,0.12068101401352381,97.81993077718344,0.35782656599986185,False
1457,-0.0,97.81993077718344,0.41223513617683555,False
1458,-0.0,97.81993077718344,0.4575870611481603,False
1459,-0.0,97.81993077718344,0.49643303346611506,False
1460,-0.0,97.81993077718344,0.5302639330388571,False
1461,-0.0,97.81993077718344,0.555252367827695,False
1462,-0.0,97.81993077718344,0.5828500946372543,False
1463,-0.0,97.81993077718344,0.6070672822697072,False
1464,-0.0,97.81993077718344,0.6283838052428864,False
1465,-0.0,97.81993077718344,0.647172662315482,False
1466,-0.0,96.99285296893963,0.6374466269351915,False
1467,-0.0,97.85589068188969,0.6524561890504093,False
1468,-0.0,97.86256135653726,0.6541483388566144,False
1469,-0.0,97.86932447397564,0.6678298331018521,False
1470,-0.0,97.8761762377979,0.6800136366404156,False
1471,-0.0,97.88311291519358,0.6908241398952699,False
1472,-0.0,97.89013083788234,0.7003707967247422,False
1473,-0.0,97.80692324231349,0.709064239420234,False
1474,-0.0,97.9172001707213,0.7162461245220546,False
1475,-0.0,98.77507469056765,0.6896627033667266,False
1476,-0.0,98.7800228745711,0.6630341196219566,False
1477,-0.0,98.78499957958464,0.6355706650632152,False
1478,-0.0,98.79000292068261,0.6081019979593739,False
1479,-0.0,98.79503105590062,0.5806415948533458,False
1480,0.12068101401352381,98.80008218615163,0.5532047940883392,False
1481,0.208180945557171,98.735829051464,0.5308689215855805,False
1482,0.2829047929798921,98.82238679130751,0.5013034101724118,False
1483,0.3491843735073079,98.82238679130751,0.47318249339036506,False
1484,0.40907313904382653,98.82238679130751,0.4454873485120478,False
1485,0.4637773498877516,98.82238679130751,0.4183556070497427,False
1486,0.5140912790181235,98.82238679130751,0.39219771846165813,False
1487,0.560576942614533,98.82238679130751,0.3670726270530394,False
1488,0.603652249754401,98.00898385334466,0.398807596744562,False
1489,0.6436394131461666,98.84262069523695,0.37580735688862227,False
1490,0.6807937753703206,98.84927979399694,0.35365647127199445,False
1491,0.7153220528038851,98.85595423816953,0.3324287747384567,False
1492,0.7473944462440387,98.86264216972879,0.3121660769718379,False
1493,0.7771529943226336,98.86934176714766,0.2930051416861694,False
1494,0.804717519321077,98.87605124577537,0.27504777780223494,False
1495,0.8301899714180443,98.88276885815853,0.2584043965107641,False
1496,0.8536576732793313,98.88949289430768,0.2431914082954764,False
1497,0.875195788740725,98.89622168191116,0.23003862040350803,False
1498,0.8948692308065574,98.90295358649789,0.2195612813953983,False
1499,0.9127341558073343,98.90968701155121,0.20994730216630245,False
1500,0.9288391461883214,98.91642039857544,0.2584460579437825,False
1501,0.9288391461883214,98.92315222711699,0.2534586655532217,False
1502,0.9288391461883214,98.85009802443071,0.25247731034787063,False
1503,0.9288391461883214,98.91661318938507,0.25053211897782085,False
1504,0.9288391461883214,98.91912320483749,0.24969622970037852,False
1505,0.9288391461883214,98.92172070674587,0.24864362304014326,False
1506,0.9288391461883214,98.92440539312226,0.2488915361609054,False
1507,0.9288391461883214,98.92717692103567,0.3205553774175409,False
1508,0.9288391461883214,98.10183790298282,0.33924456444668727,False
1509,0.9288391461883214,98.91495491450593,0.3892012967285377,False
1510,0.9288391461883214,98.92209336901576,0.423067134844606,False
1511,0.9288391461883214,98.92921759037034,0.4580964570593088,False
1512,0.9288391461883214,98.93632629107981,0.4886084295249866,False
1513,0.9288391461883214,98.94341822421394,0.5152567025656755,False
1514,0.9288391461883214,98.95049218297626,0.5388289267079933,False
1515,0.9288391461883214,98.95754700025162,0.5597737602448432,False
1516,0.9288391461883214,98.9645815481291,0.5784350594479607,False
1517,0.9288391461883214,98.8324764353042,0.5957364752393434,False
1518,0.9288391461883214,98.95387032276493,0.6107723895328155,False
1519,0.9288391461883214,98.95387032276493,0.6231774862724416,False
1520,0.9288391461883214,98.15596297741055,0.6133237639695125,False
1521,0.9288391461883214,98.94336432797971,0.6233809594385,False
1522,0.9288391461883214,98.95057193829363,0.632232833230149,False
1523,0.9288391461883214,98.95775430794886,0.6399860407606479,False
1524,0.9288391461883214,98.9649104647552,0.6467353570120942,False
1525,0.9288391461883214,98.8795230263158,0.6525577866613187,False
1526,0.9288391461883214,98.98254330145983,0.6572765327855745,False
1527,0.9288391461883214,99.78221662639943,0.6269454566267071,False
1528,0.9288391461883214,99.78710462287104,0.5986562060921964,False
1529,0.9288391461883214,99.79193932682304,0.5702435169374103,False
1530,0.9288391461883214,99.71135127878097,0.5578718256695243,False
1531,0.9288391461883214,99.78181329931859,0.5305102482684844,False
1532,0.9288391461883214,99.78516280631084,0.503243117394752,False
1533,0.9288391461883214,99.78852673626263,0.47626765787267394,False
1534,0.9288391461883214,99.79190441028395,0.44943600220570457,False
1535,0.9288391461883214,99.79529514413235,0.42275592574305565,False
1536,0.9288391461883214,99.79869824867477,0.39620826794143155,False
1537,0.9288391461883214,99.80211303035385,0.3698600876672498,False
1538,0.9288391461883214,99.80553879165828,0.3438936952405332,False
1539,0.9288391461883214,99.80897483159623,0.32070195625078973,False
1540,0.9288391461883214,99.81242044617137,0.29811608467307354,False
1541,0.9127341558073343,99.81587492886077,0.27611834174259664,False
1542,0.8948692308065574,99.81933757109401,0.25474104725740226,False
1543,0.875195788740725,99.82280766273277,0.23399765338911155,False
1544,0.8536576732793313,99.82628449255027,0.21390375565794562,False
1545,0.8301899714180443,99.03839777173553,0.19581683194027596,False
1546,0.804717519321077,99.7992364402317,0.1780240308114036,False
1547,0.7771529943226336,99.67445989937852,0.17178236553622822,False
1548,0.7473944462440387,99.78318002628122,0.1589216477113797,False
1549,0.7153220528038851,99.78668241934955,0.14728616296569438,False
1550,0.6807937753703206,99.00983649273662,0.08790608192622895,False
1551,0.6436394131461666,99.75432358170357,0.07871803024232069,False
1552,0.603652249754401,99.75938402309913,0.0710685084156577,False
1553,0.560576942614533,99.76438373610978,0.0651337428977807,False
1554,0.5140912790181235,99.76932313720533,0.061024068623102605,False
1555,0.4637773498877516,99.77420265311882,0.15923679195273602,False
1556,0.40907313904382653,99.7790227201992,0.15992293880430689,False
1557,0.3491843735073079,99.78687258687259,0.16116448487017762,False
1558,0.2829047929798921,99.79461712954448,0.16209345712556578,False
1559,0.208180945557171,99.79461712954448,0.16296642841901648,False
1560,0.12068101401352381,99.79461712954448,0.1637857421423187,False
1561,-0.0,99.79461712954448,0.16397033309622944,False
1562,-0.0,99.79461712954448,0.16410583649330887,False
1563,-0.0,99.79461712954448,0.1641959687542011,False
1564,-0.0,99.79461712954448,0.16424397821837344,False
1565,-0.0,99.79461712954448,0.1642526761059272,False
1566,-0.0,99.79461712954448,0.1642244639259034,False
1567,-0.0,99.79461712954448,0.16416135776961518,False
1568,-0.0,99.79461712954448,0.16406660692725047,False
1569,-0.0,99.79461712954448,0.1639429490779107,False
1570,-0.0,99.79461712954448,0.1637889284929119,False
1571,-0.0,99.79461712954448,0.1636030116536392,False
1572,-0.0,99.79461712954448,0.1633835720634476,False
1573,-0.0,99.79461712954448,0.1631288744557925,False
1574,-0.0,99.79461712954448,0.16283705830357978,False
1575,-0.0,99.06811354300778,0.06707986592038545,False
1576,-0.0,99.83140212126786,0.06404128583223362,False
1577,-0.0,99.83876365185118,0.06028198562593095,False
1578,-0.0,99.83876365185118,0.056713703994193135,False
1579,-0.0,99.83876365185118,0.0530262919241086,False
1580,-0.0,99.83876365185118,0.049180446204920486,False
1581,-0.0,99.83876365185118,0.04737477955549146,False
1582,-0.0,99.83876365185118,0.045650115821296716,False
1583,-0.0,99.83876365185118,0.043997643844669726,False
1584,-0.0,99.83876365185118,0.042408498456896974,False
1585,-0.0,99.83876365185118,0.04087376818412662,False
1586,-0.0,99.83876365185118,0.03900283581157084,False
1587,-0.0,99.83876365185118,0.037181490126920166,False
1588,-0.0,99.83876365185118,0.03539304529577076,False
1589,-0.0,99.83876365185118,0.03361936038760938,False
1590,-0.0,99.83876365185118,0.03185950210831314,False
1591,-0.0,99.83876365185118,0.03011229905374678,False
1592,-0.0,99.83876365185118,0.028376273290390868,False
1593,-0.0,99.83876365185118,0.026649546395322982,False
1594,-0.0,99.83876365185118,0.024929707575898734,False
1595,-0.0,99.83876365185118,0.02321362379987175,False
1596,-0.0,99.83876365185118,0.021497158119707784,False
1597,-0.0,99.83876365185118,0.019774736548587225,False
1598,-0.0,99.83876365185118,0.018038652355144857,False
1599,-0.0,99.83876365185118,0.01627788624901617,False
1600,-0.0,99.83876365185118,0.014475961634563498,False
1601,-0.0,99.83876365185118,0.030977009015957183,False
1602,-0.0,99.83876365185118,0.03076001916701741,False
1603,-0.0,99.83876365185118,0.030621529515527383,False
1604,-0.0,99.83876365185118,0.030557568568930122,False
1605,-0.0,99.83876365185118,0.03056352358523376,False
1606,-0.0,99.83876365185118,0.03111870931027887,False
1607,-0.0,99.83876365185118,0.03166670694041695,False
1608,-0.0,99.83876365185118,0.032206292319599546,False
1609,-0.0,99.83876365185118,0.03273634733399745,False
1610,-0.0,99.83876365185118,0.03325580967508003,False
1611,-0.0,99.83876365185118,0.0337636719912697,False
1612,-0.0,99.83876365185118,0.034273228589962186,False
1613,-0.0,99.83876365185118,0.03491670914972302,False
1614,-0.0,99.83876365185118,0.035551646653394595,False
1615,-0.0,99.83876365185118,0.03617672163565864,False
1616,-0.0,99.83876365185118,0.18795568272751673,False
1617,-0.0,99.83876365185118,0.18820974286036796,False
1618,-0.0,99.83876365185118,0.18842834157674984,False
1619,-0.0,99.83876365185118,0.18861421636858694,False
1620,-0.0,99.83876365185118,0.18877007593857384,False
1621,-0.0,99.71222140582904,0.18676733094917558,False
1622,0.12068101401352381,99.8089898025201,0.18678498574615454,False
1623,0.208180945557171,99.8077876984127,0.18677896724771556,False
1624,0.2829047929798921,99.80658243643737,0.18675215818234783,False
1625,0.3491843735073079,99.80537418382723,0.1867074423274656,False
1626,0.40907313904382653,99.80416311317477,0.18664770643178719,False
1627,0.4637773498877516,99.80294940249173,0.18657584166967153,False
1628,0.4637773498877516,99.8017332352659,0.18649474462721535,False
1629,0.4637773498877516,99.8005148005148,0.1864073178178189,False
1630,0.4637773498877516,99.7992942928361,0.18631646972343668,False
1631,0.4637773498877516,99.7980719124544,0.18622511435683783,False
1632,0.4637773498877516,99.79647441158126,0.18613210163583216,False
1633,0.4637773498877516,99.79155637903652,0.1860126966608816,False
1634,0.4637773498877516,99.78990896054957,0.18589396446340614,False
1635,0.4637773498877516,99.7882495294434,0.18577738698692176,False
1636,0.4637773498877516,98.99166442592094,0.022304252056367647,False
1637,0.5819881552488825,99.74455498789997,0.02016005256738028,False
1638,0.6669740736911406,99.74455498789997,0.018183818936209246,False
1639,0.7391385203526044,99.74455498789997,0.16315896654634995,False
1640,0.7391385203526044,99.74455498789997,0.16404628654909603,False
1641,0.7391385203526044,99.74455498789997,0.1650025138454142,False
1642,0.7391385203526044,99.74455498789997,0.16602207803508798,False
1643,0.7391385203526044,99.74455498789997,0.1670990122943646,False
1644,0.7391385203526044,99.74455498789997,0.16822435809799352,False
1645,0.7391385203526044,99.74455498789997,0.1693920268021061,False
1646,0.7391385203526044,99.74455498789997,0.1705959445685851,False
1647,0.7391385203526044,99.74455498789997,0.1712159539627552,False
1648,0.7391385203526044,99.74455498789997,0.17183432782035288,False
1649,0.7391385203526044,99.74455498789997,0.17244742371464403,False
1650,0.7881133310528374,99.74455498789997,0.17305167006331618,False
1651,0.8332341082038747,99.74455498789997,0.17364356551532784,False
1652,0.8749177494187964,99.74455498789997,0.17422122240437307,False
1653,0.9134853951751388,99.74455498789997,0.17478402431978743,False
1654,0.9491912500871044,99.74455498789997,0.17533016755711048,False
1655,0.9822408213425595,99.74455498789997,0.17585796806059528,False
1656,1.0128030232541478,99.74455498789997,0.17636585876839814,False
1657,1.041018523939755,99.74455498789997,0.17685238699406203,False
1658,1.0670056836533544,99.74455498789997,0.17731621187217086,False
1659,1.090864890696142,99.005108900242,0.07242839372649999,False
1660,1.1126817966979572,99.7882495294434,0.07002485744319313,False
1661,1.132529774880598,99.78954401202606,0.06995562565400502,False
1662,1.15047181636257,99.79083665338645,0.06959851761225212,False
1663,1.1665620111568704,99.7921272313327,0.06896109253651657,False
1664,1.180846716107336,99.79341552990556,0.06805528323860206,False
1665,1.180846716107336,99.79470133932936,0.06688355620593324,False
1666,1.180846716107336,99.79598445595855,0.06544559845146354,False
1667,1.1933654824135869,99.79726468222043,0.065369774989062,False
1668,1.2041517951932372,99.7985418265541,0.06516217017832898,False
1669,1.2132336634320215,99.79981570334594,0.06483166030021818,False
1670,1.2132336634320215,99.80108613286184,0.06356295224426665,False
1671,1.2132336634320215,99.80235294117647,0.062258412572651,False
1672,1.2132336634320215,99.80361596009975,0.06092133632325518,False
1673,1.2132336634320215,99.80487502710069,0.061179302453459046,False
1674,1.2132336634320215,99.80612998522895,0.05959320426160948,False
1675,1.2132336634320215,99.80738068303421,0.05801128724261474,False
1676,1.2132336634320215,99.8086269744836,0.056438458981092204,False
1677,1.2132336634320215,99.80986871887733,0.05487969200037348,False
1678,1.2132336634320215,99.81110578076277,0.05334003244767844,False
1679,1.2132336634320215,99.81233802984718,0.05182460546496657,False
1680,1.2132336634320215,99.74550189393939,0.05183095871769043,False
1681,1.2132336634320215,99.84124650889314,0.048395848025066086,False
1682,1.2132336634320215,99.84124650889314,0.04501449634379145,False
1683,1.2041517951932372,99.84124650889314,0.041688012186080974,False
1684,1.1933654824135869,99.84124650889314,0.03841726787899867,False
1685,1.180846716107336,99.84124650889314,0.03520280099929559,False
1686,1.1665620111568704,99.84124650889314,0.03204466374355606,False
1687,1.15047181636257,99.84124650889314,0.02894218537636657,False
1688,1.132529774880598,99.84124650889314,0.02589358294222996,False
1689,1.132529774880598,99.84124650889314,0.022895292252554666,False
1690,1.132529774880598,99.84124650889314,0.180560051778923,False
1691,1.132529774880598,99.84124650889314,0.1806604638722466,False
1692,1.132529774880598,99.84124650889314,0.1807425251305056,False
1693,1.132529774880598,99.74846117424242,0.18026452103340615,False
1694,1.132529774880598,99.81233802984718,0.18039099877909445,False
1695,1.132529774880598,99.81110578076277,0.18049173853119846,False
1696,1.132529774880598,99.80986871887733,0.18056846883542907,False
1697,1.132529774880598,99.8086269744836,0.18062302288460638,False
1698,1.066503202885787,99.80738068303421,0.18065733578339033,False
1699,0.9875245214535493,99.80612998522895,0.18067344175375305,False
1700,0.875195788740725,99.80487502710069,0.18067347123886326,False
1701,0.875195788740725,99.80361596009975,0.18065964786261565,False
1702,0.875195788740725,99.80235294117647,0.1806342852017535,False
1703,0.875195788740725,99.80108613286184,0.18409853010341637,False
1704,0.875195788740725,99.79981570334594,0.18425042679738923,False
1705,0.875195788740725,99.7985418265541,0.18438121264100904,False
1706,0.875195788740725,99.79726468222043,0.18449158461648016,False
1707,0.875195788740725,99.79598445595855,0.1845823150659304,False
1708,0.875195788740725,99.79470133932936,0.1846542476992499,False
1709,0.875195788740725,99.79341552990556,0.2591841589082151,False
1710,0.875195788740725,99.0129853095488,0.2593971496710245,False
1711,0.8536576732793313,99.7507869884575,0.31177703961734765,False
1712,0.8301899714180443,99.7507869884575,0.3538805423800971,False
1713,0.804717519321077,99.7507869884575,0.4906822890085645,False
1714,0.7771529943226336,99.7507869884575,0.5159914055912502,False
1715,0.7473944462440387,99.7507869884575,0.5380510641544239,False
1716,0.7153220528038851,99.7507869884575,0.5573408201107538,False
1717,0.6807937753703206,99.7507869884575,0.5742303429234787,False
1718,0.6436394131461666,99.7507869884575,0.5890139783959705,False
1719,0.603652249754401,99.7507869884575,0.6019325172670177,False
1720,0.560576942614533,99.7507869884575,0.6131875523889224,False
1721,0.5140912790181235,99.7507869884575,0.6240018389295503,False
1722,0.4637773498877516,99.7507869884575,0.6334312741914139,False
1723,0.40907313904382653,99.59415316593527,0.6406129224349336,False
1724,0.3491843735073079,99.71115537848605,0.6476109494687177,False
1725,0.2829047929798921,99.7093703023217,0.6535844436637144,False
1726,0.2829047929798921,99.70758268351707,0.6586311215427345,False
1727,0.2829047929798921,99.70579283757736,0.6628415431347464,False
1728,0.208180945557171,99.70400108873163,0.6663005858312148,False
1729,0.12068101401352381,98.91807294501905,0.6439101840757893,False
1730,-0.0,98.89921470457118,0.6207779996413898,False
1731,-0.0,98.89741462740218,0.5980420939138592,False
1732,-0.0,98.89217906288103,0.5755374937948114,False
1733,-0.0,98.09092492597108,0.4660506453664202,False
1734,-0.0,98.83992335829994,0.4391393238881162,False
1735,-0.0,98.83992335829994,0.41277057232222986,False
1736,-0.0,98.83992335829994,0.3869928579204526,False
1737,-0.0,98.83992335829994,0.41183431056403635,False
1738,-0.0,98.83992335829994,0.39076733369570493,False
1739,-0.0,98.83992335829994,0.37068625747934525,False
1740,-0.0,98.83992335829994,0.35185985523875457,False
1741,0.12068101401352381,98.83992335829994,0.33238957084306314,False
1742,0.208180945557171,98.83992335829994,0.3141150582559145,False
1743,0.2829047929798921,98.83992335829994,0.29710708914959744,False
1744,0.3491843735073079,98.83992335829994,0.28159284781635674,False
1745,0.40907313904382653,98.83992335829994,0.2674882814296696,False
1746,0.4637773498877516,98.83992335829994,0.25484868682356343,False
1747,0.5140912790181235,98.83992335829994,0.24371506689564026,False
1748,0.560576942614533,98.83992335829994,0.23410768278953203,False
1749,0.603652249754401,98.83992335829994,0.22601959555144538,False
1750,0.6436394131461666,98.83992335829994,0.2194111884078423,False
1751,0.6807937753703206,98.83992335829994,0.21420674052681657,False
1752,0.7967286463062392,98.83992335829994,0.2102938808170936,False
1753,0.8793939303559065,98.81671348314607,0.20660353192355252,False
1754,0.9491912500871044,98.81445305587997,0.20379007194775023,False
1755,1.01044884930661,98.80867456127835,0.20176878450703326,False
1756,1.01044884930661,98.80289031886976,0.20042461957452495,False
1757,1.01044884930661,97.99403242621419,0.03453271692547104,False
1758,1.01044884930661,98.74177661142467,0.029788162852479705,False
1759,1.01044884930661,98.74177661142467,0.02795785720615302,False
1760,1.01044884930661,98.74177661142467,0.026508262604041537,False
1761,1.01044884930661,98.74177661142467,0.025414844407685717,False
1762,1.01044884930661,98.74177661142467,0.024687217817338767,False
1763,1.01044884930661,98.74177661142467,0.02431604485992235,False
1764,1.01044884930661,98.74177661142467,0.02236391457361663,False
1765,1.01044884930661,98.74177661142467,0.020697402880515366,False
1766,1.01044884930661,98.74177661142467,0.019366396813258538,False
1767,1.01044884930661,98.74177661142467,0.0184150404477705,False
1768,1.01044884930661,98.74177661142467,0.016838914709957797,False
1769,1.01044884930661,98.74177661142467,0.015438760186374923,False
1770,1.01044884930661,98.74177661142467,0.014228921526869961,False
1771,1.01044884930661,98.74177661142467,0.013221172960855765,False
1772,1.01044884930661,98.74177661142467,0.012421619326673594,False
1773,1.01044884930661,98.74177661142467,0.011827237006203887,False
1774,1.01044884930661,98.74177661142467,0.011423214549703591,False
1775,1.01044884930661,98.74177661142467,0.0111823612763603,False
1776,1.01044884930661,98.74177661142467,0.011067038676884147,False
1777,1.01044884930661,98.74177661142467,0.011032766897098624,False
1778,1.01044884930661,98.74177661142467,0.011031894460179627,False
1779,1.01044884930661,98.74177661142467,0.01101595595831079,False
1780,1.01044884930661,98.74177661142467,0.010936059937917833,False
1781,1.01044884930661,98.74177661142467,0.1651388191586659,False
1782,1.01044884930661,98.74177661142467,0.16622305671086693,False
1783,1.01044884930661,98.74177661142467,0.16733165711686385,False
1784,1.01044884930661,98.74177661142467,0.168463819874063,False
1785,1.01044884930661,98.74177661142467,0.16961608087482913,False
1786,1.01044884930661,98.74177661142467,0.17078581149581248,False
1787,1.01044884930661,98.74177661142467,0.1708785720110751,False
1788,1.01044884930661,98.74177661142467,0.17347454540484128,False
1789,1.01044884930661,98.74177661142467,0.17588377687737275,False
1790,1.01044884930661,98.74177661142467,0.17811826036638628,False
1791,1.01044884930661,98.74177661142467,0.1801888624000254,False
1792,1.01044884930661,98.74177661142467,0.18210549263423187,False
1793,1.01044884930661,98.74177661142467,0.18387724363627675,False
1794,1.01044884930661,98.74177661142467,0.1855125065322406,False
1795,1.01044884930661,98.74177661142467,0.18701906751200587,False
1796,1.01044884930661,98.74177661142467,0.2621774387027776,False
1797,1.01044884930661,98.74177661142467,0.26391937982916375,False
1798,1.01044884930661,98.74177661142467,0.2655961974891443,False
1799,1.01044884930661,98.74177661142467,0.26729688406964014,False
1800,1.01044884930661,98.74177661142467,0.2689310949541649,False
1801,1.01044884930661,98.00481719811626,0.2143439288317339,False
1802,0.9752462395674342,98.80289031886976,0.2150759281642449,False
1803,0.9371713531760616,98.80667405051985,0.21557146941861086,False
1804,0.8959704136014894,98.81049604090474,0.2644115923832025,False
1805,0.8513226827573213,98.8143547761036,0.26420353892272674,False
1806,0.8028116417452926,98.81824876389523,0.2639333184862022,False
1807,0.7498765864518436,98.6932431961529,0.2643124659589537,False
1808,0.6917244835981394,98.86076387686555,0.2630821239740609,False
1809,0.6271502454482835,98.86076387686555,0.30148422743208386,False
1810,0.5541015302865538,98.86076387686555,0.3018642615154441,False
1811,0.46824757305098735,98.86076387686555,0.30230119752210793,False
1812,0.3491843735073079,98.86076387686555,0.30226913428717883,False
1813,0.40238293904561173,98.86076387686555,0.30233008568998976,False
1814,0.41475814399911126,98.86076387686555,0.30248250949269606,False
1815,0.4023829390456117,98.86076387686555,0.302724780230905,False
1816,0.3491843735073079,97.93706659232673,0.24207763268628535,False
1817,0.40907313904382653,98.86734228705684,0.24169875183875433,False
1818,0.4637773498877516,98.86940389933145,0.2412997358928749,False
1819,0.5140912790181235,98.87503056982148,0.24091923277217983,False
1820,0.560576942614533,98.8772272394435,0.2406566444032896,False
1821,0.603652249754401,98.8738422677519,0.24065957305243837,False
1822,0.6436394131461666,98.87049521725318,0.240909869965289,False
1823,0.6807937753703206,98.8671875,0.24138920979777265,False
1824,0.7153220528038851,98.07173295454545,0.1856970926400796,False
1825,0.7473944462440387,98.8174715909091,0.18865234780387374,False
1826,0.7771529943226336,98.8174715909091,0.22654860214054345,False
1827,0.804717519321077,98.8174715909091,0.23022125913941682,False
1828,0.8301899714180443,98.8174715909091,0.23382871373980654,False
1829,0.8536576732793313,98.07883522727273,0.18067766916793634,False
1830,0.8536576732793313,98.87073863636364,0.18465061248354933,False
1831,0.8536576732793313,98.87402491969927,0.18827511535055794,False
1832,0.8536576732793313,98.87735054729161,0.19239600195212953,False
1833,0.8536576732793313,98.8807141113707,0.19611551637717395,False
1834,0.8536576732793313,98.88411422234545,0.19945623508359556,False
1835,0.8536576732793313,98.88754950921302,0.20124675650953514,False
1836,0.8536576732793313,98.89101861993429,0.2026984318334135,False
1837,0.8536576732793313,98.89452022177625,0.20382952866299944,False
1838,0.8536576732793313,98.8980530016225,0.20478237286251968,False
1839,0.8536576732793313,98.9016156662524,0.20541243950438257,False
1840,0.8536576732793313,98.90520694259013,0.20501377872732074,False
1841,0.8536576732793313,98.90882557792445,0.20441010585282593,False
1842,0.8536576732793313,98.91247034010019,0.20361123120959237,False
1843,0.875195788740725,98.91614001768231,0.20262634519259196,False
1844,0.8948692308065574,98.82222800624675,0.20343196724661972,False
1845,0.9127341558073343,98.95587522224018,0.2007890877497503,False
1846,0.9288391461883214,98.22531113625344,0.15684443777468166,False
1847,0.9432261548473415,98.99789882010667,0.15140722270603654,False
1848,0.9559312637896478,99.00115621788284,0.1457294918650459,False
1849,0.9559312637896478,98.90870799961709,0.14473663139216852,False
1850,1.065299640553338,99.03309662693381,0.13657385338946737,False
1851,1.1412418450836315,99.03309662693381,0.1282418326691889,False
1852,1.2041517951932372,99.03309662693381,0.119714093556245,False
1853,1.2041517951932372,99.03309662693381,0.11095348825162261,False
1854,1.2041517951932372,99.03309662693381,0.10190693530594984,False
1855,1.2041517951932372,99.03309662693381,0.09499513323142086,False
1856,1.2041517951932372,99.03309662693381,0.08816457234730511,False
1857,1.2041517951932372,99.03309662693381,0.08112996468799942,False
1858,1.2041517951932372,99.03309662693381,0.07415462511888707,False
1859,1.2041517951932372,99.03309662693381,0.06721993494052232,False
1860,1.2041517951932372,99.03309662693381,0.06859966211986333,False
1861,1.2041517951932372,99.03309662693381,0.06499911839311022,False
1862,1.2041517951932372,99.03309662693381,0.06167454583708559,False
1863,1.2041517951932372,99.03309662693381,0.05864001171388312,False
1864,1.2041517951932372,99.03309662693381,0.05590900102456537,False
1865,1.2041517951932372,99.03309662693381,0.05349354396904926,False
1866,1.2041517951932372,99.03309662693381,0.05140314646067109,False
1867,1.2041517951932372,99.03309662693381,0.049643604260626695,False
1868,1.2041517951932372,99.03309662693381,0.04821584507710401,False
1869,1.2041517951932372,99.03309662693381,0.04711499209977119,False
1870,1.2041517951932372,99.03309662693381,0.04632984921821824,False
1871,1.2041517951932372,99.03309662693381,0.045842953758446034,False
1872,1.2041517951932372,99.03309662693381,0.04563123293673753,False
1873,1.2583494426149708,99.03309662693381,0.0482057016103356,False
1874,1.296460736137167,99.03309662693381,0.07762204530557858,False
1875,1.3287344279695676,99.03309662693381,0.0813783927835952,False
1876,1.3559212235520337,99.03309662693381,0.0849020248496629,False
1877,1.3424256522693587,99.03309662693381,0.08846517536653295,False
1878,1.3270089026073437,99.03309662693381,0.09176929836079595,False
1879,1.30962049684272,99.03309662693381,0.09483426146753463,False
1880,1.2902007807553537,98.90870799961709,0.09363512185461187,False
1881,1.2686794699537274,98.99794450154162,0.09612985065050263,False
1882,1.2449737775841294,98.9946662356554,0.22322992979537923,False
1883,1.2189859772419214,98.99141072358147,0.22438172853968974,False
1884,1.1906001864191973,98.98817904973967,0.22534613661080555,False
1885,1.1596780472087271,98.98497231742684,0.22613754020267546,False
1886,1.1260528027543955,98.98179164870153,0.22676985844999223,False
1887,1.0895209637560108,98.97863818424567,0.22725664198435783,False
1888,1.0498302157100041,98.97551308320178,0.22761115731800682,False
1889,1.006661191043945,98.9724175229854,0.2278464592161212,False
1890,0.959598657344105,98.9693526990714,0.22797545268742436,False
1891,0.959598657344105,98.96631982475355,0.22805781575534853,False
1892,0.959598657344105,98.96332013087653,0.2280649238243436,False
1893,0.959598657344105,98.92405941968624,0.2274839670312489,False
1894,0.959598657344105,98.72878396312076,0.21913316080641312,False
1895,0.959598657344105,98.87904982781643,0.2177215357797843,False
1896,0.959598657344105,98.87568943572337,0.21631209718970656,False
1897,0.959598657344105,98.87236767216847,0.21491592377041388,False
1898,0.959598657344105,98.86908596378213,0.21354376718635515,False
1899,0.959598657344105,98.86584575502269,0.21220602725060375,False
1900,0.959598657344105,98.86264850767894,0.2704516580753807,False
1901,0.959598657344105,98.85949570033523,0.2700042508974671,False
1902,0.959598657344105,98.05421950153038,0.17986263238331843,False
1903,0.959598657344105,98.81577029587524,0.1785930884304763,False
1904,0.9080831196860789,98.81577029587524,0.24411025359508534,False
1905,0.8513226827573213,98.81577029587524,0.24335626136417438,False
1906,0.7881133310528374,98.81577029587524,0.24278805301863124,False
1907,0.7164037343212466,98.81577029587524,0.24240355190211657,False
1908,0.6318640827062832,98.81577029587524,0.24219941924216434,False
1909,0.5140912790181235,98.81577029587524,0.24217108709132523,False
1910,0.5140912790181235,98.81577029587524,0.24231280594832275,False
1911,0.4637773498877516,98.81577029587524,0.24246145943206335,False
1912,0.40907313904382653,98.81577029587524,0.24366853130713298,False
1913,0.3491843735073079,98.81577029587524,0.24452536272928024,False
1914,0.3491843735073079,98.81577029587524,0.2455780717453148,False
1915,0.3491843735073079,98.81577029587524,0.24689862083716693,False
1916,0.3491843735073079,98.81577029587524,0.24894227728510543,False
1917,0.3491843735073079,98.81577029587524,0.2509038388010984,False
1918,0.3491843735073079,98.81577029587524,0.25278082617828435,False
1919,0.3491843735073079,98.81577029587524,0.2545710884069273,False
1920,0.3491843735073079,98.06150706894039,0.19239493498098612,False
1921,0.3491843735073079,98.86313948404023,0.19381685205282634,False
1922,0.3491843735073079,98.8282105570563,0.1956021107757634,False
1923,0.3491843735073079,98.82981057558692,0.1972009446241296,False
1924,0.3491843735073079,98.02631578947368,0.10679012955411349,False
1925,0.3491843735073079,98.78973988439306,0.10961272392557,False
1926,0.3491843735073079,98.7935368043088,0.11208574802467675,False
1927,0.3491843735073079,98.79737349225609,0.11422041935373915,False
1928,0.3491843735073079,98.80124840402894,0.11602583117519043,False
1929,0.3491843735073079,98.8051600169181,0.1175093675955054,False
1930,0.3491843735073079,98.80910683012259,0.1186769971771789,False
1931,0.3491843735073079,98.67386007657501,0.11886715652478134,False
1932,0.3491843735073079,98.85168788046487,0.11695912887435714,False
1933,0.3491843735073079,98.86043797624768,0.1157829153704942,False
1934,0.2829047929798921,98.86913277471217,0.11418910960738064,False
1935,0.208180945557171,98.88115197404002,0.11139180104953222,False
1936,0.24096783080307266,98.90983496578559,0.10684519583684288,False
1937,0.208180945557171,98.90983496578559,0.10225876279908777,False
1938,0.2829047929798921,98.90983496578559,0.0976311331609246,False
1939,0.3491843735073079,98.90983496578559,0.0929598525490364,False
1940,0.40907313904382653,98.90983496578559,0.08824110161054326,False
1941,0.4637773498877516,98.90983496578559,0.08346931262635279,False
1942,0.5140912790181235,98.90983496578559,0.0786123770395986,False
1943,0.560576942614533,98.90983496578559,0.07369277569042293,False
1944,0.560576942614533,98.90983496578559,0.06869308551489742,False
1945,0.560576942614533,98.90983496578559,0.06358900650970016,False
1946,0.560576942614533,98.90983496578559,0.058346236917879005,False
1947,0.560576942614533,98.90983496578559,0.06457007268640357,False
1948,0.560576942614533,98.90983496578559,0.06061390406720925,False
1949,0.560576942614533,98.90983496578559,0.05674864600226893,False
1950,0.560576942614533,98.90983496578559,0.05298307311101725,False
1951,0.560576942614533,98.90983496578559,0.05144347987231323,False
1952,0.560576942614533,98.90983496578559,0.05004534763049533,False
1953,0.560576942614533,98.90983496578559,0.04887540243705986,False
1954,0.560576942614533,98.90983496578559,0.04793347704970447,False
1955,0.560576942614533,98.90983496578559,0.04859605858941266,False
1956,0.560576942614533,98.90983496578559,0.049442992489844406,False
1957,0.560576942614533,98.90983496578559,0.1951114744422702,False
1958,0.560576942614533,98.90983496578559,0.19566898868462557,False
1959,0.560576942614533,98.90983496578559,0.19617466380488696,False
1960,0.560576942614533,98.90983496578559,0.19662922898141674,False
1961,0.560576942614533,98.90983496578559,0.19703370875494877,False
1962,0.560576942614533,98.90983496578559,0.19739907402315962,False
1963,0.560576942614533,98.90983496578559,0.19771260581715358,False
1964,0.560576942614533,98.90983496578559,0.19797763939679805,False
1965,0.560576942614533,98.90983496578559,0.19819781880249154,False
1966,0.560576942614533,98.90983496578559,0.1983770386312084,False
1967,0.560576942614533,98.74434618240734,0.19504014287467222,False
1968,0.560576942614533,98.86556619794851,0.19495955223757994,False
1969,0.560576942614533,98.86192754613808,0.19482803984077915,False
1970,0.560576942614533,98.85832187070152,0.19465027381905356,False
1971,0.560576942614533,98.85475053629507,0.19443114616033896,False
1972,0.560576942614533,98.85121492724362,0.25728525846684985,False
1973,0.560576942614533,98.84771644718408,0.25752435955700537,False
1974,0.560576942614533,98.84425651867512,0.25782888845144786,False
1975,0.560576942614533,98.84083658277207,0.2582048535057237,False
1976,0.560576942614533,98.83745809856643,0.258658009502229,False
1977,0.560576942614533,98.04222238071465,0.1779241573122566,False
1978,0.560576942614533,98.78753298623494,0.1783938050295238,False
1979,0.560576942614533,98.78753298623494,0.17903856572535423,False
1980,0.560576942614533,98.78753298623494,0.1798503170282152,False
1981,0.560576942614533,98.78753298623494,0.18081995347631324,False
1982,0.560576942614533,98.78753298623494,0.1819375225155615,False
1983,0.560576942614533,98.78753298623494,0.18319236380471518,False
1984,0.560576942614533,98.78753298623494,0.18457324774450867,False
1985,0.560576942614533,98.78753298623494,0.1860685096754302,False
1986,0.560576942614533,98.78753298623494,0.18766617683297232,False
1987,0.560576942614533,98.78753298623494,0.18935408584501415,False
1988,0.560576942614533,98.78753298623494,0.19038359307772557,False
1989,0.560576942614533,98.78753298623494,0.19029987988064867,False
1990,0.560576942614533,98.78753298623494,0.19241196436741517,False
1991,0.560576942614533,98.78753298623494,0.19436166546722183,False
1992,0.560576942614533,98.04578846016689,0.09992796118641405,False
1993,0.560576942614533,98.84102417801869,0.10197690078694036,False
1994,0.560576942614533,98.84438142502658,0.100777182933662,False
1995,0.560576942614533,98.8477801268499,0.10025392005685793,False
1996,0.560576942614533,98.85121882880358,0.09926949539745454,False
1997,0.5140912790181235,98.85469609413076,0.0978293290660615,False
1998,0.4637773498877516,98.85821050446336,0.09620106239606871,False
1999,0.40907313904382653,98.8617606602476,0.09420902580866206,False
2000,0.40907313904382653,98.86534518113466,0.09186085392409393,False
2001,0.40907313904382653,98.86896270633788,0.0891602571353609,False
2002,0.40907313904382653,98.87261189495713,0.18964626618217192,False
2003,0.40907313904382653,98.8762914262713,0.18819685580720227,False
2004,0.40907313904382653,98.88,0.18661693737427568,False
2005,0.4637773498877516,98.88373633653528,0.18785502950810695,False
2006,0.5140912790181235,98.88749917714436,0.1861061339718723,False
2007,0.560576942614533,98.89128728414443,0.1842703220287005,False
2008,0.603652249754401,98.8950994410503,0.18557378822145915,False
2009,0.6436394131461666,98.80206651598321,0.18564993435160734,False
2010,0.6807937753703206,98.9348732755855,0.2595839578998107,False
2011,0.7153220528038851,98.9348732755855,0.3138977998786406,False
2012,0.7473944462440387,98.9348732755855,0.3127854583402095,False
2013,0.8623538561746379,98.9348732755855,0.35545886760059936,False
2014,0.8916091590804429,98.79883758475944,0.39182894946755975,False
2015,0.9186594970880807,98.89184973352398,0.42267054843296137,False
2016,0.9436063339556555,98.8880167451596,0.44946058578504794,False
2017,0.9665364727522964,98.88420775459153,0.4709067881480787,False
2018,0.9875245214535493,98.88042398145082,0.48951790440305876,False
2019,1.0066347974846968,98.87666666666667,0.5057107912414237,False
2020,1.0239228180015463,98.87293707231987,0.5196436810392574,False
2021,1.0394364783172854,98.86923648146897,0.5318122994367496,False
2022,1.0394364783172854,98.09177182897378,0.515424771939753,False
2023,1.0394364783172854,98.87571124974292,0.5250757105396132,False
2024,1.0394364783172854,98.87073522345027,0.5334046134023811,False
2025,1.0394364783172854,98.70254685247477,0.5393723929986871,False
2026,1.0394364783172854,98.82954623463993,0.5452617062398967,False
2027,1.0394364783172854,98.82954623463993,0.5501662375061224,False
2028,1.0394364783172854,98.70941168394316,0.5533752057234257,False
2029,1.0394364783172854,98.86387039198188,0.5668648255145421,False
2030,1.0394364783172854,99.66149701219301,0.5386325501299277,False
2031,1.0394364783172854,99.66542494481236,0.5101950634303395,False
2032,1.0394364783172854,98.87732749178532,0.5311278142127872,False
2033,1.0394364783172854,99.65695265267306,0.5043938593069193,False
2034,1.0394364783172854,99.65695265267306,0.47785334139922436,False
2035,1.0394364783172854,99.65695265267306,0.4515019601845049,False
2036,1.0394364783172854,99.65695265267306,0.4248641625257182,False
2037,1.0394364783172854,99.62691675794085,0.40164145662341766,False
2038,1.0394364783172854,99.62058498896248,0.41307301477971986,False
2039,1.0394364783172854,99.61418143899895,0.3930753652736411,False
2040,1.0394364783172854,99.6077057793345,0.3744147968833597,False
2041,1.0394364783172854,99.6011577015389,0.3569105093805294,False
2042,1.1166404295430465,99.59453691848059,0.34079011720613445,False
2043,1.180846716107336,99.58784316536449,0.3257917781677415,False
2044,1.180846716107336,99.58107620079451,0.312066359115942,False
2045,1.180846716107336,99.57423580786026,0.2999364921922864,False
2046,1.180846716107336,99.56732179524788,0.28921389672848186,False
2047,1.180846716107336,99.56033399837435,0.3410458175005078,False
2048,1.180846716107336,99.553272280545,0.3347546710072756,False
2049,1.180846716107336,98.72682599955327,0.31156226227409756,False
2050,1.180846716107336,99.49743131561313,0.30763214804198613,False
2051,1.180846716107336,99.49743131561313,0.3043264984314022,False
2052,1.180846716107336,98.65341335333834,0.26616620817770104,False
2053,1.180846716107336,99.50491307634165,0.2633994430656526,False
2054,1.180846716107336,99.50491307634165,0.26122903401172165,False
2055,1.180846716107336,99.50491307634165,0.25960258140556447,False
2056,1.180846716107336,99.46334089191232,0.25923513762721484,False
2057,1.180846716107336,99.53892668178382,0.25793970996777577,False
2058,1.180846716107336,98.70748299319727,0.19815257734841762,False
2059,1.180846716107336,99.48223733938019,0.19807467858029085,False
2060,1.180846716107336,99.48223733938019,0.19804856739799634,False
2061,1.1665620111568704,99.48223733938019,0.19800554255604105,False
2062,1.15047181636257,99.39837026882948,0.19763760273489703,False
2063,1.132529774880598,99.43221054246912,0.1974425161545839,False
2064,1.1126817966979572,99.42408781694496,0.1972351894905426,False
2065,1.090864890696142,99.41588785046729,0.19702508065119645,False
2066,1.0670056836533544,99.4076108277756,0.19682178050942742,False
2067,1.041018523939755,98.56806590819929,0.026364460147825643,False
2068,1.0128030232541478,99.34091800706159,0.022568197812660038,False
2069,0.9822408213425595,99.34091800706159,0.01893543664213073,False
2070,0.9491912500871044,99.34091800706159,0.015949176136589645,False
2071,0.9134853951751388,99.34091800706159,0.01378141499621891,False
2072,0.8749177494187964,99.34091800706159,0.012605587237332315,False
2073,0.8332341082038747,99.34091800706159,0.012284521420970583,False
2074,0.7619882811604883,99.34091800706159,0.012685214190678041,False
2075,0.7164037343212466,99.34091800706159,0.013506178080441866,False
2076,0.6669740736911406,99.34091800706159,0.014464714531433132,False
2077,0.6131379016405238,99.34091800706159,0.015345465375073109,False
2078,0.5541015302865538,99.34091800706159,0.01474012864230874,False
2079,0.48865925334338955,99.34091800706159,0.013529410378871832,False
2080,0.41475814399911126,99.34091800706159,0.01346937244630912,False
2081,0.3280668831792932,99.34091800706159,0.013246570430334384,False
2082,0.208180945557171,99.34091800706159,0.01274621604369494,False
2083,0.208180945557171,99.34091800706159,0.012655497314513832,False
2084,0.208180945557171,99.34091800706159,0.01265204270665407,False
2085,0.208180945557171,99.34091800706159,0.012618061491479258,False
2086,0.208180945557171,99.34091800706159,0.012433713081100571,False
2087,0.3280668831792932,99.34091800706159,0.012050910583626883,False
2088,0.41475814399911126,99.34091800706159,0.011164082332314511,False
2089,0.48865925334338955,99.34091800706159,0.011162566309279715,False
2090,0.5541015302865538,99.34091800706159,0.01112866160574485,False
2091,0.6131379016405238,99.34091800706159,0.010961313097649604,False
2092,0.6669740736911406,99.34091800706159,0.010549582769063842,False
2093,0.7164037343212466,99.34091800706159,0.009985230494713122,False
2094,0.7619882811604883,99.34091800706159,0.009111535409567391,False
2095,0.804144968682279,99.34091800706159,0.17299105489674005,False
2096,0.8431953160789711,99.34091800706159,0.17414245303249512,False
2097,0.8431953160789711,99.34091800706159,0.1753128630354496,False
2098,0.8431953160789711,99.34091800706159,0.1766085844257909,False
2099,0.8431953160789711,99.34091800706159,0.17793068590638517,False
2100,0.8431953160789711,99.34091800706159,0.1792754698305048,False
2101,0.8431953160789711,99.34091800706159,0.18063919204853557,False
2102,0.8431953160789711,99.34091800706159,0.1820180829141549,False
2103,0.7600473303889541,99.34091800706159,0.18206821969996279,False
2104,0.6436394131461666,99.34091800706159,0.1849879317807173,False
2105,0.6436394131461666,99.34091800706159,0.1876857915707179,False
2106,0.6436394131461666,99.34091800706159,0.19017680270261944,False
2107,0.6436394131461666,99.34091800706159,0.19247449179804885,False
2108,0.6436394131461666,99.34091800706159,0.19459114260449753,False
2109,0.6436394131461666,99.34091800706159,0.19653798602364117,False
2110,0.6436394131461666,99.34091800706159,0.19832535593224146,False
2111,0.6436394131461666,99.34091800706159,0.19996281816579276,False
2112,0.6436394131461666,99.34091800706159,0.20145927822295423,False
2113,0.6436394131461666,99.34091800706159,0.20282307193214433,False
2114,0.6436394131461666,99.34091800706159,0.20406204235197203,False
2115,0.6436394131461666,98.56806590819929,0.11061326146233094,False
2116,0.6436394131461666,99.4076108277756,0.11056169169635041,False
2117,0.6436394131461666,99.41142077567726,0.11025784071838149,False
2118,0.6436394131461666,99.41522732553636,0.1097137845381508,False
2119,0.6436394131461666,99.4190296641145,0.10894048951389089,False
2120,0.6436394131461666,99.4228270009938,0.10794799906097413,False
2121,0.6436394131461666,99.42661856844504,0.10674558648373325,False
2122,0.6436394131461666,99.43040362127499,0.10534188197378777,False
2123,0.6436394131461666,99.31427286693896,0.10607927820917436,False
2124,0.6436394131461666,99.47889525794685,0.10163259412867469,False
2125,0.6436394131461666,99.47889525794685,0.09720010885605102,False
2126,0.6436394131461666,99.47889525794685,0.09233381104127927,False
2127,0.6436394131461666,99.47889525794685,0.08752661931364153,False
2128,0.6436394131461666,99.47889525794685,0.08278059748120764,False
2129,0.6436394131461666,99.47889525794685,0.07809762093135111,False
2130,0.6436394131461666,99.47889525794685,0.07347933329512696,False
2131,0.6436394131461666,99.47889525794685,0.06892708814509031,False
2132,0.6436394131461666,99.47889525794685,0.06444186951222534,False
2133,0.6436394131461666,99.47889525794685,0.06002418183901078,False
2134,0.6807937753703206,99.47889525794685,0.05566672061992146,False
2135,0.7153220528038851,99.47889525794685,0.05137887665474864,False
2136,0.7473944462440387,99.47889525794685,0.0471572120487112,False
2137,0.7771529943226336,99.47889525794685,0.04299662228440884,False
2138,0.804717519321077,99.47889525794685,0.03888951404773435,False
2139,0.8301899714180443,99.47889525794685,0.03482444071039114,False
2140,0.8536576732793313,99.47889525794685,0.030783702331235414,False
2141,0.875195788740725,99.47889525794685,0.026738791590693138,False
2142,0.9875245214535493,99.47889525794685,0.022640810672562264,False
2143,1.066503202885787,99.47889525794685,0.018397038439408556,False
2144,1.132529774880598,99.47889525794685,0.013797891853583131,False
2145,1.15047181636257,99.47889525794685,0.008141461433875664,False
2146,1.1665620111568704,99.47889525794685,0.0068812764685558525,False
2147,1.180846716107336,99.47889525794685,0.005723795248095182,False
2148,1.180846716107336,99.47889525794685,0.004664848761193546,False
2149,1.180846716107336,99.47889525794685,0.0036989955485813705,False
2150,1.180846716107336,99.47889525794685,0.0028180997654089174,False
2151,1.180846716107336,99.47889525794685,0.002007183217216554,False
2152,1.1665620111568704,99.47889525794685,0.001227022856369781,False
2153,1.15047181636257,99.47889525794685,1.4210854715202004e-14,False
2154,1.132529774880598,99.47889525794685,1.4210854715202004e-14,False
2155,1.1126817966979572,99.47889525794685,1.4210854715202004e-14,False
2156,1.090864890696142,99.47889525794685,1.4210854715202004e-14,False
2157,1.1261358508278747,99.47889525794685,1.4210854715202004e-14,False
2158,1.1787269834988532,99.47889525794685,1.4210854715202004e-14,False
2159,1.2259790140555225,99.47889525794685,0.17311923595621218,False
2160,1.2686794699537274,99.47889525794685,0.17407906892926048,False
2161,1.30738316633364,99.47889525794685,0.17506307077718355,False
2162,1.3425003133763334,99.47889525794685,0.1760686200903823,False
2163,1.374344879613302,99.47889525794685,0.1770930322373105,False
2164,1.4031633649036754,99.47889525794685,0.17765270451412885,False
2165,1.4291529843613586,99.47889525794685,0.17794327415062497,False
2166,1.4524737111892643,99.47889525794685,0.1782228291581301,False
2167,1.473256553252489,99.47889525794685,0.1784916162259115,False
2168,1.4916094114932357,99.47889525794685,0.17874987858339259,False
2169,1.4916094114932357,99.47889525794685,0.17899785617081998,False
2170,1.4916094114932357,99.47889525794685,0.1792357858022695,False
2171,1.4916094114932357,99.47889525794685,0.17946390132141593,False
2172,1.5076213244090613,99.47889525794685,0.18014150385078898,False
2173,1.5213655983156218,99.47889525794685,0.18100357793053165,False
2174,1.532902144485799,99.47889525794685,0.18521085562996686,False
2175,1.542279235137156,99.47889525794685,0.18908072520533492,False
2176,1.5495348211113549,99.47889525794685,0.192640922676541,False
2177,1.554697508762069,99.47889525794685,0.1959156079609474,False
2178,1.554697508762069,99.47889525794685,0.1989260484861988,False
2179,1.554697508762069,98.70468249832503,0.10348453152778901,False
2180,1.554697508762069,99.53472790888111,0.10679649028988232,False
2181,1.554697508762069,99.53784153510556,0.10528560366166405,False
2182,1.557787262784918,99.54094748439222,0.1103128884606523,False
2183,1.5588158799768146,99.54404523071311,0.11446057007156979,False
2184,1.557787262784918,99.39813970454131,0.11858494743765914,False
2185,1.554697508762069,99.50392121101586,0.12244494071803033,False
2186,1.5495348211113549,99.50392121101586,0.1257341223609969,False
2187,1.5495348211113549,99.50392121101586,0.12852725127221065,False
2188,1.5495348211113549,99.50392121101586,0.1308858100768178,False
2189,1.5495348211113549,99.50392121101586,0.13286158314004767,False
2190,1.5495348211113549,99.50392121101586,0.13363890645573445,False
2191,1.5495348211113549,99.50392121101586,0.13425443646667076,False
2192,1.5495348211113549,99.39449206638702,0.1341142928899514,False
2193,1.5495348211113549,99.54039759255882,0.1335866628986598,False
2194,1.5495348211113549,99.63908129784907,0.12823074517250715,False
2195,1.541342789057496,99.63908129784907,0.1228148081325593,False
2196,1.530333327439556,99.63908129784907,0.11741654912530206,False
2197,1.5164273757656148,99.63908129784907,0.11204789952227476,False
2198,1.4995196245467155,99.63908129784907,0.10672245442755687,False
2199,1.4794731020725562,99.63908129784907,0.1014558642894877,False
2200,1.4561112661478437,99.63908129784907,0.09626632046571036,False
2201,1.4292062682172793,99.52242070725482,0.2017150026301547,False
2202,1.3984610270106808,99.6718920889537,0.19884765780372,False
2203,1.3958301562928708,99.6696762827571,0.19557692284660688,False
2204,1.3914372992027793,99.66745492166716,0.19393025008992854,False
2205,1.3852702053381705,99.66522838863264,0.25463976687456374,False
2206,1.347922583568817,99.66299707930803,0.25333497866970917,False
2207,1.3058755112911309,99.66076140218621,0.25222891300465333,False
2208,1.2583494426149708,99.65852177872212,0.2513087346462423,False
2209,1.2041517951932372,99.65627864344638,0.2505613246757815,False
2210,1.1412418450836315,99.65403244406858,0.2504342941682028,False
2211,1.065299640553338,99.6517836415693,0.2503866506825552,False
2212,0.9559312637896478,99.64953271028037,0.250358939638508,False
2213,0.9559312637896478,99.64728013795266,0.2504057603833511,False
2214,0.9559312637896478,99.64502642581053,0.25051742067578314,False
2215,0.9559312637896478,99.64277208859252,0.2543565129694122,False
2216,0.9559312637896478,99.64051765457741,0.25432071034260284,False
2217,0.9559312637896478,99.63826366559485,0.2543225098458412,False
2218,0.9432261548473415,99.63601067702014,0.2543466690992207,False
2219,0.9288391461883214,99.63375925775209,0.254365807550741,False
2220,0.9127341558073343,99.6315099901736,0.2543930139958494,False
2221,0.8948692308065574,98.83423957818421,0.26364377619500967,False
2222,0.875195788740725,99.68089515126398,0.26311474392134304,False
2223,0.8536576732793313,99.62345346960731,0.2631173708401945,False
2224,0.8301899714180443,99.71907791456664,0.26213510576232457,False
2225,0.804717519321077,98.86804924398909,0.20111999881653303,False
2226,0.7771529943226336,99.66537222176319,0.21036498191085123,False
2227,0.7473944462440387,99.66537222176319,0.20997445549080793,False
2228,0.7153220528038851,99.66537222176319,0.20957820718139786,False
2229,0.6807937753703206,99.66537222176319,0.20917675083931506,False
2230,0.6807937753703206,99.66537222176319,0.20877065017428242,False
2231,0.6807937753703206,99.66537222176319,0.20836052145452916,False
2232,0.6807937753703206,99.66537222176319,0.20828195608516809,False
2233,0.6436394131461666,99.66537222176319,0.20814723871939178,False
2234,0.603652249754401,99.66537222176319,0.2081281948354061,False
2235,0.560576942614533,99.40159574468085,0.20366754197141013,False
2236,0.5140912790181235,99.62380872763752,0.20446205353491062,False
2237,0.4637773498877516,99.62162616665265,0.2960603855491464,False
2238,0.40907313904382653,99.61833679657352,0.29722300173314964,False
2239,0.40907313904382653,99.61074514500812,0.2982126031400754,False
2240,0.40907313904382653,99.60736937481124,0.2990289336250951,False
2241,0.40907313904382653,98.73581567933728,0.23149693482608455,False
2242,0.40907313904382653,99.54265004098892,0.23217520650864515,False
2243,0.3491843735073079,99.54265004098892,0.23269880048994696,False
2244,0.2829047929798921,99.54265004098892,0.23308731671271757,False
2245,0.208180945557171,99.54265004098892,0.2338427169831555,False
2246,0.12068101401352381,99.25794132963027,0.2980224756115009,False
2247,-0.0,99.48937284510977,0.29795098304850476,False
2248,-0.0,99.48648174157303,0.2979207184276084,False
2249,-0.0,99.48360330140795,0.29793585661325095,False
2250,-0.0,99.480738505237,0.29799945055098315,False
2251,-0.0,99.47788834843143,0.2981152702547311,False
2252,-0.0,99.47505384063173,0.2979016265545538,False
2253,-0.0,99.47223600523253,0.29773921743418386,False
2254,-0.0,99.45854945854946,0.29751095261545296,False
2255,-0.0,99.44926338978384,0.29729543746226256,False
2256,-0.0,99.4444958800111,0.3008896185206828,False
2257,-0.0,98.5649476900287,0.2123687035899162,False
2258,-0.0,99.36579946301268,0.21166039760713132,False
2259,-0.0,99.36579946301268,0.2111571859842198,False
2260,-0.0,99.36579946301268,0.21083989613595927,False
2261,-0.0,99.36579946301268,0.21068866967749708,False
2262,-0.0,99.36579946301268,0.2106831190397141,False
2263,-0.0,99.36579946301268,0.21080247232622412,False
2264,-0.0,99.36579946301268,0.21102570257131364,False
2265,-0.0,99.33230611196713,0.21079137048205848,False
2266,-0.0,98.54007723462372,0.08044936559587638,False
2267,-0.0,99.40626039044317,0.08149337690906894,False
2268,-0.0,99.40436481463833,0.08146442762748207,False
2269,-0.0,99.40251422016156,0.08121559006521196,False
2270,-0.0,99.40070955988111,0.08075334053047399,False
2271,-0.0,99.39895177189018,0.08007813276644715,False
2272,-0.0,99.39724177837786,0.07991143182186103,False
2273,-0.0,99.39558048450269,0.07966549827838817,False
2274,-0.0,99.39396877727141,0.07934720782631441,False
2275,-0.0,99.39240752442522,0.07896122741476343,False
2276,-0.0,99.12776532501705,0.06100486108336121,False
2277,-0.0,99.44316905192204,0.05792136557173129,False
2278,-0.0,99.4385342789598,0.0550430671860304,False
2279,-0.0,99.43387793613746,0.052394876087740266,False
2280,-0.0,99.42920088123373,0.05000316305586008,False
2281,-0.0,99.42450401332728,0.047894834363781995,False
2282,-0.0,99.41978827361564,0.046095912209333845,False
2283,-0.0,99.41505464621068,0.04462962323080992,False
2284,-0.0,99.41030415890751,0.043514142026255864,False
2285,-0.0,99.40553788392344,0.04279065315124595,False
2286,-0.0,99.40075693860386,0.0424765079217016,False
2287,-0.0,99.39596248609124,0.043280746739646526,False
2288,-0.0,99.39115573595386,0.045816192109827465,False
2289,-0.0,99.38633794477042,0.048383289149853896,False
2290,-0.0,99.38151041666667,0.050940659945340964,False
2291,-0.0,99.3766745038001,0.053457091595397,False
2292,-0.0,99.37183160678863,0.05590907163067617,False
2293,-0.0,99.36698317507913,0.21534600424369768,False
2294,-0.0,99.36213070725157,0.21565330852293918,False
2295,-0.0,99.35727575125443,0.21597201661118107,False
2296,-0.0,99.35241990456714,0.216294329301689,False
2297,-0.0,99.3475648142849,0.21643802384941555,False
2298,-0.0,99.34271217712177,0.21656481414562728,False
2299,-0.0,99.3378637393274,0.2166731839598293,False
2300,-0.0,99.33302129651298,0.21676176634833996,False
2301,-0.0,99.32818669338205,0.2243446381317734,False
2302,-0.0,99.32336182336182,0.22580911106564983,False
2303,-0.0,99.31854862813078,0.22723027088536982,False
2304,0.12068101401352381,99.31374909703828,0.2269015203093468,False
2305,0.208180945557171,99.30896526641207,0.22982026422722057,False
2306,0.2829047929798921,99.30419921875,0.23254760332266616,False
2307,0.3491843735073079,99.29945308179192,0.2349589500551182,False
2308,0.40907313904382653,99.29472902746845,0.29275422941933354,False
2309,0.4637773498877516,99.29002927072305,0.2931841079356326,False
2310,0.5140912790181235,99.28535606820462,0.2936572097921649,False
2311,0.560576942614533,99.28071171682755,0.2955429718871637,False
2312,0.603652249754401,99.2760985521971,0.297284921594648,False
2313,0.6436394131461666,98.41523420026839,0.2153472396871096,False
2314,0.6807937753703206,99.36342592592592,0.21777496037692468,False
2315,0.7153220528038851,99.36301634281303,0.22002028153936173,False
2316,0.7473944462440387,99.36268829663963,0.2715878350421258,False
2317,0.7771529943226336,99.36244204018547,0.2775868627938992,False
2318,0.804717519321077,99.36227776346303,0.28327520818629365,False
2319,0.8301899714180443,99.36219559335137,0.28866127826786425,False
2320,0.8536576732793313,99.36219559335137,0.2937525845302636,False
2321,0.875195788740725,99.04019582581809,0.2929506822749373,False
2322,0.8948692308065574,99.42040185471407,0.29395216687852754,False
2323,0.9127341558073343,99.42185392175756,0.3781882282643694,False
2324,0.9288391461883214,99.3208610968734,0.3811218984484532,False
2325,0.9432261548473415,99.46968244840585,0.3816244735447841,False
2326,0.9559312637896478,99.46998722860792,0.38179291588461445,False
2327,0.9669852958320848,99.4703592623317,0.3816718898735025,False
2328,0.976414308115487,98.52222997399632,0.3410511854127171,False
2329,0.9842399889605549,99.38228805546801,0.34102574808182234,False
2330,0.9904799742690308,99.38615721891638,0.3408639185495006,False
2331,0.995148095654003,99.11620090869484,0.39806201484057047,False
2332,0.9982545693874831,99.43726423845155,0.3964468456128537,False
2333,0.999806132804711,99.43726423845155,0.39494708602991563,False
2334,0.999806132804711,99.43726423845155,0.3935849870362992,False
2335,0.9982545693874831,99.43726423845155,0.39235666281950954,False
2336,0.995148095654003,98.57770082245996,0.35873439898010995,False
2337,0.9904799742690308,99.53002288046503,0.3543266442274827,False
2338,0.9842399889605549,99.53391389672514,0.3504750801978348,False
2339,0.976414308115487,99.53779723894667,0.3463634802688762,False
2340,0.9669852958320848,99.54167169219636,0.3424025976859727,False
2341,0.9559312637896478,99.54553608802249,0.42133086682054083,False
2342,0.9432261548473415,99.14152855609872,0.4209445778225797,False
2343,0.9288391461883214,98.23265161366592,0.3829206741784946,False
2344,0.9127341558073343,99.08579465541492,0.3811294274875422,False
2345,0.9127341558073343,99.09365558912387,0.38001992927149547,False
2346,0.9127341558073343,99.1014860039166,0.38056153974838614,False
2347,0.9127341558073343,99.10928400137033,0.4468075325152737,False
2348,0.9127341558073343,99.09440796920987,0.44768209941417525,False
2349,0.9127341558073343,99.15282764811491,0.4490753275884381,False
2350,0.9127341558073343,99.15282764811491,0.45010262490170616,False
2351,0.9127341558073343,98.3056552962298,0.39995295781608264,False
2352,0.9127341558073343,99.23698384201077,0.4008284665396498,False
2353,0.9127341558073343,99.24368813257702,0.40152637946134984,False
2354,0.9127341558073343,99.25035828464337,0.4024803752443244,False
2355,0.8948692308065574,99.25699300699301,0.4032592110395313,False
2356,0.875195788740725,99.26359107645658,0.40381745060730917,False
2357,0.8536576732793313,99.26478480197488,0.40419211310728687,False
2358,0.9436063339556555,99.29262844378258,0.4040537679861731,False
2359,0.9992889743797904,99.29262844378258,0.40414008189244527,False
2360,1.041018523939755,99.29262844378258,0.4159565331303515,False
2361,1.041018523939755,98.07476335632921,0.3325736099951016,False
2362,1.041018523939755,99.31175395203785,0.4007440978676072,False
2363,1.041018523939755,98.42800809975488,0.3680049991848691,False
2364,1.041018523939755,99.26066751161808,0.3686831850658682,False
2365,1.0670056836533544,99.26732258739794,0.3687454740146892,False
2366,1.0670056836533544,98.91548047343449,0.36718750177519255,False
2367,1.0670056836533544,98.06758292859357,0.28167777088896573,False
2368,1.0670056836533544,98.86845096620854,0.27855118826526126,False
2369,1.0670056836533544,98.86845096620854,0.2758937074074954,False
2370,1.0670056836533544,98.86845096620854,0.27369939758415085,False
2371,1.0670056836533544,98.86845096620854,0.2719581491413285,False
2372,1.0670056836533544,98.86845096620854,0.2709474950394743,False
2373,1.0670056836533544,98.86845096620854,0.2782972392249089,False
2374,1.1261358508278747,98.86845096620854,0.3853457477824505,False
2375,1.1787269834988532,98.86845096620854,0.3919497038396861,False
2376,1.2259790140555225,98.86845096620854,0.3973095596905869,False
2377,1.2481068205144499,98.86845096620854,0.4020078520783924,False
2378,1.2681489963097885,98.86845096620854,0.4071165657878693,False
2379,1.2861766890619075,98.86845096620854,0.41164219173493793,False
2380,1.3022504881911108,98.50405152711407,0.40377474333015123,False
2381,1.316421886822755,98.79908103592314,0.40667798665312493,False
2382,1.3287344279695676,97.937552213868,0.3650475283448268,False
2383,1.3392246071829446,98.72076023391813,0.3686094613656897,False
2384,1.347922583568817,98.72076023391813,0.44513049245645864,False
2385,1.3852702053381707,98.72076023391813,0.4498388304589523,False
2386,1.418464503832282,98.72076023391813,0.4539720021827324,False
2387,1.44790620869417,98.72076023391813,0.4575719556751736,False
2388,1.4738989153366922,98.72076023391813,0.4606742260690287,False
2389,1.4966777416164074,98.72076023391813,0.46331879173234275,False
2390,1.5164273757656148,98.72076023391813,0.46553197826226805,False
2391,1.5332939593741384,98.72076023391813,0.4675897469205921,False
2392,1.547393175014927,98.72076023391813,0.4691075177610316,False
2393,1.5588158799768146,98.4551521202249,0.4659907999228281,False
2394,1.567632081836135,97.56187273396039,0.3829440001856504,False
2395,1.5738937446297547,98.36056959697336,0.3766385617215848,False
2396,1.577636732431408,98.36056959697336,0.371219771862957,False
2397,1.578882083461779,98.36056959697336,0.3661844875678698,False
2398,1.577636732431408,98.36056959697336,0.36040848056014213,False
2399,1.5738937446297547,98.36056959697336,0.3550241588066497,False
2400,1.567632081836135,98.36056959697336,0.3500561043516227,False
2401,1.5588158799768146,98.36056959697336,0.34552886603069505,False
2402,1.547393175014927,97.98246540614767,0.31698247392289375,False
2403,1.5332939593741384,98.27485535325654,0.3101152500697635,False
2404,1.5164273757656148,97.42024523594671,0.1803220465987582,False
2405,1.4966777416164074,98.17400074313923,0.16493691047569167,False
2406,1.4919310878474152,98.17400074313923,0.15037699287877088,False
2407,1.4852641811356104,98.17400074313923,0.1367241387615869,False
2408,1.4766549183659508,98.17400074313923,0.1240774669967002,False
2409,1.4660741214574513,98.17400074313923,0.11255534663651356,False
2410,1.4534849141043307,98.17400074313923,0.10229485725630032,False
2411,1.438841894200673,98.17400074313923,0.09217957912394369,False
2412,1.4220900521936763,98.17400074313923,0.08330413691899516,False
2413,1.4031633649036754,98.17400074313923,0.07226466222023416,False
2414,1.3819829643540342,98.17400074313923,0.061936672392392866,False
2415,1.3584547364298434,98.17400074313923,0.05204639920207342,False
2416,1.3283399146847867,98.17400074313923,0.04287840693426734,False
2417,1.2952336017523502,98.17400074313923,0.03452717053799924,False
2418,1.2588874993443833,98.17400074313923,0.027135117959577768,False
2419,1.2588874993443833,98.17400074313923,0.02092627366593801,False
2420,1.2588874993443833,98.17400074313923,0.016238602104392368,False
2421,1.2588874993443833,98.17400074313923,0.013433101552869687,False
2422,1.2310786130055862,98.17400074313923,0.012448324022810174,False
2423,1.200719639829801,98.17400074313923,0.08759966947793356,False
2424,1.1676444621356104,98.17400074313923,0.08965420883935653,False
2425,1.1316501862018717,98.17400074313923,0.09245736377041368,False
2426,1.0924850533852573,98.17400074313923,0.09614143721866207,False
2427,1.049830215710004,98.17400074313923,0.10067206882632682,False
2428,1.0032709271829536,98.17400074313923,0.10598447463631798,False
2429,0.9522481488898976,98.17400074313923,0.11199472492275324,False
2430,0.8959704136014895,98.17400074313923,0.11860969529158939,False
2431,0.8332341082038747,98.17400074313923,0.1257345424306268,False
2432,0.7619882811604882,98.17400074313923,0.2594657455574041,False
2433,0.677903479475398,98.17400074313923,0.2658730357318251,False
2434,0.560576942614533,98.17400074313923,0.27156282970362605,False
2435,0.560576942614533,98.17400074313923,0.27667586587842474,False
2436,0.560576942614533,98.17400074313923,0.2812122304405614,False
2437,0.560576942614533,98.17400074313923,0.2852238422007347,False
2438,0.5140912790181235,98.17400074313923,0.28875667594798604,False
2439,0.4637773498877516,98.17400074313923,0.29185196606750513,False
2440,0.40907313904382653,98.17400074313923,0.2945471355357844,False
2441,0.3491843735073079,98.17400074313923,0.29687652497781647,False
2442,0.2829047929798921,98.17400074313923,0.2988719734316765,False
2443,0.208180945557171,97.78619438813614,0.28778221136337223,False
2444,0.12068101401352381,98.07558295363174,0.2886277282664452,False
2445,-0.0,98.05558547883227,0.3143988384319826,False
2446,-0.0,98.0356079874452,0.43352340832312725,False
2447,-0.0,98.01565727954768,0.45195100873309096,False
2448,0.12068101401352381,97.99574026541423,0.46760242319459494,False
2449,0.208180945557171,97.97586396050467,0.4808324946363054,False
2450,0.2829047929798921,97.95603548013884,0.49192149028194815,False
2451,0.3491843735073079,97.9362620338608,0.5010977919428853,False
2452,0.40907313904382653,97.10080779019586,0.4572376095276579,False
2453,0.4637773498877516,97.8200730330862,0.46252570657595465,False
2454,0.5140912790181235,97.8200730330862,0.46734618340596923,False
2455,0.560576942614533,97.8200730330862,0.4713541754863277,False
2456,0.603652249754401,97.8200730330862,0.4746547694848651,False
2457,0.6436394131461666,97.8200730330862,0.47734117373867957,False
2458,0.6807937753703206,97.8200730330862,0.503036611202607,False
2459,0.7153220528038851,97.8200730330862,0.5080161749441436,False
2460,0.7473944462440387,97.8200730330862,0.5131720348266943,False
2461,0.7771529943226336,97.8200730330862,0.518471938767254,False
2462,0.7771529943226336,97.8200730330862,0.5238844894925833,False
2463,0.804717519321077,97.8200730330862,0.5790506887807646,False
2464,0.8301899714180443,97.8200730330862,0.5807283792466651,False
2465,0.8536576732793313,97.37207622645703,0.568836288693176,False
2466,0.875195788740725,96.57203177954331,0.48557965877472375,False
2467,0.8948692308065574,97.27207067059281,0.46928295567622014,False
2468,0.9127341558073343,97.27207067059281,0.45392964756054127,False
2469,0.9288391461883214,97.27207067059281,0.4395506976034776,False
2470,0.9432261548473415,97.27207067059281,0.4261780944750907,False
2471,0.9559312637896478,97.27207067059281,0.45606315478817816,False
2472,0.9669852958320848,97.27207067059281,0.4464032677372327,False
2473,0.976414308115487,97.27207067059281,0.4374024329983374,False
2474,0.9842399889605549,97.27207067059281,0.42870727340558945,False
2475,0.9904799742690308,97.27207067059281,0.42100240724121846,False
2476,0.995148095654003,97.27207067059281,0.4263562426064807,False
2477,0.9982545693874831,97.27207067059281,0.42082302435614705,False
2478,0.999806132804711,96.82026107330135,0.38727325366241705,False
2479,0.999806132804711,97.14925791094932,0.3784511358339611,False
2480,0.9982545693874831,97.1213313842348,0.40845489462289114,False
2481,0.9982545693874831,97.09351543540832,0.4003555796191998,False
2482,0.9982545693874831,97.06582077716098,0.3918393989426335,False
2483,0.995148095654003,96.32198283213006,0.30278942802122066,False
2484,0.9904799742690308,97.14774671990872,0.29819721292755613,False
2485,0.9842399889605549,97.14318233553381,0.2944738320282266,False
2486,0.9842399889605549,97.13896457765668,0.30442393324977657,False
2487,0.976414308115487,97.13509228852905,0.386899450930473,False
2488,0.9669852958320848,97.13156408808582,0.3942140559030989,False
2489,0.9559312637896478,97.12837837837837,0.400080793476937,False
2490,0.9432261548473415,97.12553334830451,0.4043395348480107,False
2491,0.9288391461883214,96.36160714285714,0.3594401748963341,False
2492,0.9127341558073343,97.04936217415418,0.3610704448057439,False
2493,0.8948692308065574,97.07309006724728,0.3623567352096019,False
2494,0.875195788740725,97.0968448729185,0.36366109666987734,False
2495,0.8536576732793313,97.12061833224472,0.3642936305687198,False
2496,0.8301899714180443,96.64152786066953,0.3502558413966104,False
2497,0.804717519321077,97.04196409258057,0.3500714831490493,False
2498,0.7771529943226336,97.04122877930477,0.3499553737497705,False
2499,0.7473944462440387,97.04081632653062,0.3501103555875197,False
2500,0.7473944462440387,96.29175114715612,0.3042978727765209,False
2501,0.7473944462440387,96.96279020460086,0.3052675527034851,False
2502,0.7153220528038851,96.98820556023588,0.306779687669178,False
2503,0.6807937753703206,97.01359832635983,0.3092052267921669,False
2504,0.6436394131461666,97.03896103896103,0.3116526387529048,False
2505,0.603652249754401,97.0642864513466,0.3164399121286003,False
2506,0.560576942614533,96.59727576458494,0.3088961954816122,False
2507,0.5140912790181235,95.89076059213885,0.19914991340128346,False
2508,0.4637773498877516,96.55294773660465,0.18849720056378044,False
2509,0.4637773498877516,96.58210007047217,0.1809613325071128,False
2510,0.4637773498877516,96.6111860848703,0.1773547166833774,False
2511,0.4637773498877516,96.64019851116625,0.1755250398213581,False
2512,0.4637773498877516,96.6691303276669,0.17627258677417257,False
2513,0.5819881552488824,96.69797475785148,0.1797817154308712,False
2514,0.5819881552488824,96.7267252683211,0.21902271830146094,False
2515,0.5819881552488824,96.75537556648347,0.22355500612566792,False
2516,0.5819881552488824,96.78391959798995,0.22873253183750805,False
2517,0.5819881552488824,96.812351543943,0.23266444249655205,False
2518,0.5819881552488824,96.84066581789033,0.23626588674961113,False
2519,0.5819881552488824,96.86885706262287,0.2388814385770372,False
2520,0.5819881552488824,96.8969201467924,0.2419880168701581,False
2521,0.5819881552488824,96.92485016136469,0.2450507746184381,False
2522,0.6318640827062832,96.95264241592314,0.2461371223217979,False
2523,0.6318640827062832,96.98029243483789,0.2741489139448313,False
2524,0.6318640827062832,96.98075796494074,0.27164345843690746,False
2525,0.6318640827062832,97.05303640103747,0.2989335136615658,False
2526,0.6318640827062832,97.05303640103747,0.29663861331782004,False
2527,0.6318640827062832,97.05303640103747,0.2954620381527561,False
2528,0.6318640827062832,97.05303640103747,0.29489733054917194,False
2529,0.6318640827062832,97.05303640103747,0.2935307915444703,False
2530,0.6318640827062832,97.05303640103747,0.29068710584017843,False
2531,0.6318640827062832,97.05303640103747,0.28867663847431757,False
2532,0.6318640827062832,97.05303640103747,0.2866576397964688,False
2533,0.6318640827062832,96.62089391491654,0.2842398094565197,False
2534,0.6318640827062832,96.25360230547551,0.25538851240924754,False
2535,0.6318640827062832,97.02719797596458,0.2524952749460926,False
2536,0.6318640827062832,97.02667446358689,0.25263044452017286,False
2537,0.6318640827062832,97.00850873264666,0.2536476316879047,False
2538,0.6318640827062832,97.0398109758816,0.2537572552248193,False
2539,0.6318640827062832,97.0398109758816,0.2534940486846594,False
2540,0.6318640827062832,96.6876198118675,0.2513854506515911,False
2541,0.6318640827062832,97.10668271588426,0.24781603337805225,False
2542,0.5819881552488824,97.079867632591,0.24541390154906145,False
2543,0.5277139815252946,96.35095250872016,0.21058230342232845,False
2544,0.5277139815252946,96.9680708344513,0.2449976458846534,False
2545,0.5277139815252946,96.30176191753868,0.20425527728267032,False
2546,0.5277139815252946,97.09328324836777,0.2007157460438455,False
2547,0.46824757305098735,97.1199076950386,0.19624743483367588,False
2548,0.46824757305098735,97.14638013035054,0.1907064777365276,False
2549,0.46824757305098735,96.72569474883844,0.18627632186838874,False
2550,0.46824757305098735,97.08140650903063,0.1840913654989978,False
2551,0.46824757305098735,97.08232025008684,0.18181309600652718,False
2552,0.46824757305098735,97.08347735914276,0.17970967092325718,False
2553,0.46824757305098735,97.08917361767993,0.17754072186319875,False
2554,0.46824757305098735,97.09078463249764,0.17496692185140256,False
2555,0.46824757305098735,97.09078463249764,0.17245907816840125,False
2556,0.46824757305098735,96.72285445366647,0.16496491310582181,False
2557,0.46824757305098735,97.15495850089843,0.15784436380953118,False
2558,0.46824757305098735,97.13011024838059,0.15229507398900116,False
2559,0.46824757305098735,97.10537634408603,0.14818486033218914,False
2560,0.46824757305098735,97.08076408951749,0.20391980141291005,False
2561,0.40238293904561173,97.05628079882425,0.20245960421686446,False
2562,0.3280668831792932,97.03193379262532,0.2016241721691938,False
2563,0.40238293904561173,97.00773039173109,0.20142800555664303,False
2564,0.46824757305098735,96.39608269858542,0.18154285411816606,False
2565,0.5277139815252946,97.06010642938149,0.18027212373611418,False
2566,0.5819881552488824,97.06010642938149,0.17902220372602462,False
2567,0.6318640827062832,97.06010642938149,0.17779845653671342,False
2568,0.677903479475398,97.06010642938149,0.17660540700649302,False
2569,0.720523936685393,97.06010642938149,0.17542340249662433,False
2570,0.7600473303889541,97.06010642938149,0.17425685668164503,False
2571,0.7967286463062391,97.06010642938149,0.17339242343895542,False
2572,0.7967286463062391,97.06010642938149,0.17249519964523755,False
2573,0.7967286463062391,97.06010642938149,0.17158304810723135,False
2574,0.6807937753703206,97.06010642938149,0.17114258773799249,False
2575,0.6807937753703206,97.06010642938149,0.17072534323854188,False
2576,0.6807937753703206,97.06010642938149,0.22747506796835817,False
2577,0.6807937753703206,97.06010642938149,0.2275279295264867,False
2578,0.6807937753703206,97.06010642938149,0.22742469500332627,False
2579,0.6807937753703206,97.06010642938149,0.24743205790923276,False
2580,0.6807937753703206,96.39608269858542,0.20215775089321172,False
2581,0.6807937753703206,97.00773039173109,0.20250348734765947,False
2582,0.6807937753703206,97.03193379262532,0.20272991151464181,False
2583,0.6436394131461666,97.05628079882425,0.20267731079642412,False
2584,0.603652249754401,96.60240338895133,0.18135049873253464,False
2585,0.6436394131461666,96.9914411688424,0.18147439047575678,False
2586,0.6436394131461666,96.9914411688424,0.18155419306687293,False
2587,0.6436394131461666,96.9914411688424,0.1815945804062629,False
2588,0.6436394131461666,96.9914411688424,0.18161606515484366,False
2589,0.6436394131461666,96.9914411688424,0.18162067069228519,False
2590,0.6436394131461666,96.9914411688424,0.18161356962205807,False
2591,0.6436394131461666,96.9914411688424,0.18164006646494196,False
2592,0.6436394131461666,96.9914411688424,0.18164280988752504,False
2593,0.6436394131461666,96.9914411688424,0.18162630720841907,False
2594,0.6436394131461666,96.9914411688424,0.18159919358089582,False
2595,0.6436394131461666,96.9914411688424,0.1816148441391236,False
2596,0.6436394131461666,96.32184899314389,0.10173203498276541,False
2597,0.6436394131461666,96.93333333333334,0.10140508662847773,False
2598,0.6807937753703206,96.95851743811934,0.10139219586333532,False
2599,0.7153220528038851,96.52524559220969,0.026847685377582878,False
2600,0.7473944462440387,96.88559049375831,0.023405437902927234,False
2601,0.7771529943226336,96.88559049375831,0.020251230547026773,False
2602,0.804717519321077,96.88559049375831,0.01748006310801048,False
2603,0.8301899714180443,96.88559049375831,0.015231423984797649,False
2604,0.8536576732793313,96.88559049375831,0.013685916122278662,False
2605,0.875195788740725,96.88559049375831,0.01301297918108485,False
2606,0.8948692308065574,96.88559049375831,0.013264886286428261,False
2607,0.9127341558073343,96.88559049375831,0.0797923589703959,False
2608,0.9288391461883214,96.88559049375831,0.08249630237684233,False
2609,0.9432261548473415,96.88559049375831,0.08392699879964474,False
2610,0.9559312637896478,96.88559049375831,0.08420670286776714,False
2611,0.9559312637896478,96.88559049375831,0.08412599062370366,False
2612,0.9559312637896478,96.88559049375831,0.0841894577117726,False
2613,0.9559312637896478,96.88559049375831,0.08472595819177145,False
2614,0.9559312637896478,96.88559049375831,0.0860031738878418,False
2615,0.9559312637896478,96.88559049375831,0.08817566196199095,False
2616,0.9669852958320848,96.88559049375831,0.09143670522842869,False
2617,0.976414308115487,96.88559049375831,0.09582671078668777,False
2618,0.9842399889605549,96.88559049375831,0.10131322410281891,False
2619,0.9904799742690308,96.88559049375831,0.10781035119420793,False
2620,0.9904799742690308,96.88559049375831,0.11520041797706193,False
2621,0.9904799742690308,96.88559049375831,0.20321414785225192,False
2622,0.9904799742690308,96.88559049375831,0.20467557167812703,False
2623,0.9904799742690308,96.88559049375831,0.22450801275112642,False
2624,0.9842399889605549,96.88559049375831,0.24035812777819687,False
2625,0.976414308115487,96.88559049375831,0.25318850619157635,False
2626,0.976414308115487,96.88559049375831,0.2636328892108561,False
2627,0.9669852958320848,96.52524559220969,0.26057405966987984,False
2628,0.9559312637896478,96.95851743811934,0.2670524790615928,False
2629,0.9432261548473415,96.93333333333334,0.27255511809111516,False
2630,0.9288391461883214,96.90828338579621,0.277258015250183,False
2631,0.9127341558073343,96.88337511887265,0.2810685476463142,False
2632,0.8948692308065574,96.85861605788813,0.2840289589378992,False
2633,0.8948692308065574,96.83401372361678,0.2861755834825427,False
2634,0.8948692308065574,96.80957562568008,0.2875400834335418,False
2635,0.8948692308065574,96.78530925586671,0.2881503715476618,False
2636,0.8948692308065574,96.76122208138467,0.28803130689196554,False
2637,0.8948692308065574,96.73732153805729,0.2872052222555373,False
2638,0.8948692308065574,96.71361502347418,0.2855670789978315,False
2639,0.8948692308065574,96.6901098901099,0.28331099427320106,False
2640,0.8948692308065574,96.66681343842191,0.29928721952335063,False
2641,0.8948692308065574,96.09244068095616,0.2498536965278854,False
2642,0.8948692308065574,96.70480144882724,0.26497428170965265,False
2643,0.8948692308065574,97.22160872830072,0.25278170441147535,False
2644,0.8948692308065574,97.20428204901354,0.24139564275939912,False
2645,0.8948692308065574,97.18715393133998,0.2392949284106821,False
2646,0.875195788740725,97.17022975250599,0.2333904897108019,False
2647,0.875195788740725,97.15351480971624,0.2928314433092577,False
2648,0.875195788740725,97.13701431492842,0.3379584738680516,False
2649,0.875195788740725,97.12073338970228,0.3740923786364617,False
2650,0.875195788740725,97.10467706013362,0.40376320435009205,False
2651,0.875195788740725,97.08885025188356,0.42842911999448596,False
2652,0.875195788740725,97.07325778531275,0.44776453534883426,False
2653,0.8948692308065574,97.05790437073084,0.4640522873338929,False
2654,0.9127341558073343,97.04279460377022,0.4787170483597488,False
2655,0.9288391461883214,97.02793296089385,0.49190247811317406,False
2656,0.9432261548473415,97.01332379504605,0.5037288308535404,False
2657,0.9559312637896478,96.9989713314549,0.5142991117438611,False
2658,0.9669852958320848,96.98487966359488,0.5237717313792076,False
2659,0.9669852958320848,96.9710527493177,0.5237196726111101,False
2660,0.9669852958320848,96.46532438478748,0.5254036453567155,False
2661,0.9669852958320848,97.05158605878931,0.525454168975303,False
2662,0.9669852958320848,96.51469732897857,0.5315692571149524,False
2663,0.9559312637896478,97.12317122276409,0.5417847529132637,False
2664,0.9432261548473415,97.11013688825267,0.5507864147721364,False
2665,0.9288391461883214,96.6053938011539,0.5550913868958799,False
2666,0.9127341558073343,97.1563981042654,0.5605403124116981,False
2667,0.8948692308065574,97.78681927926317,0.534558943013728,False
2668,0.875195788740725,97.77877094972067,0.5095709840834941,False
2669,0.875195788740725,97.77092825873314,0.4856672733207685,False
2670,0.875195788740725,97.76329300415198,0.46294686786239264,False
2671,0.875195788740725,97.75586686892122,0.44105636692456246,False
2672,0.8948692308065574,97.74865141990995,0.4224692413975543,False
2673,0.9127341558073343,97.74164810690424,0.4073437057736692,False
2674,0.9288391461883214,97.7348582617596,0.3927367298580979,False
2675,0.9432261548473415,97.72828309771495,0.37834138748665475,False
2676,0.9559312637896478,97.72192370886806,0.3638200217093937,False
2677,0.9559312637896478,97.71578106981282,0.34975566561445626,False
2678,0.9559312637896478,97.70985603543743,0.3366494542019575,False
2679,0.9559312637896478,97.26178890560028,0.3379413319953812,False
2680,0.9559312637896478,97.79142188259199,0.3198265489607575,False
2681,0.9669852958320848,97.17302000971775,0.32289498993841814,False
2682,0.976414308115487,97.85767922611423,0.3022660217261975,False
2683,0.9842399889605549,97.85216547587545,0.3005744791829217,False
2684,0.9904799742690308,97.84685835057901,0.2866292249239734,False
2685,0.995148095654003,97.84175824175824,0.2741560713241974,False
2686,0.9982545693874831,97.83686542933614,0.26320665675297866,False
2687,0.9982545693874831,97.83218008233337,0.253812104693719,False
2688,0.999806132804711,97.82770225971414,0.24597655742677518,False
2689,0.999806132804711,97.82343191136701,0.2396716578317825,False
2690,0.9982545693874831,97.81936887921654,0.23424932436943444,False
2691,0.995148095654003,97.81551289846261,0.23120237789164802,False
2692,0.9904799742690308,97.37423631873132,0.22776016597292956,False
2693,0.9842399889605549,97.89919598858822,0.22177397710093627,False
2694,0.976414308115487,97.90665751544269,0.2218111008089327,False
2695,0.9669852958320848,97.90329482242191,0.21681592896012203,False
2696,0.9559312637896478,97.90012804097312,0.2138111990570471,False
2697,0.9432261548473415,97.89715647880129,0.21177011803825668,False
2698,0.9288391461883214,97.894379351333,0.20988194589890288,False
2699,0.9127341558073343,97.89179578359156,0.20814067164601116,False
2700,0.9127341558073343,97.88940481215703,0.2584186169973072,False
2701,0.9127341558073343,97.52525252525253,0.2527773767545548,False
2702,0.9127341558073343,97.95652903658946,0.24891976950594513,False
2703,0.9127341558073343,97.27257468949311,0.22316949029011396,False
2704,0.8948692308065574,98.0110775427996,0.21540387901225844,False
2705,0.875195788740725,98.00886806659416,0.2080518291325453,False
2706,0.8536576732793313,98.00683846217997,0.2011250141591991,False
2707,0.8301899714180443,98.00498753117208,0.1946343686271966,False
2708,0.804717519321077,98.003314001657,0.20202550816162468,False
2709,0.7771529943226336,98.00181653042688,0.19713958866262216,False
2710,0.7473944462440387,98.00049370525797,0.2634611305212424,False
2711,0.7153220528038851,97.9993440472286,0.2612656928211142,False
2712,0.6807937753703206,97.9983660130719,0.25999143015913645,False
2713,0.6436394131461666,97.99755799755799,0.25872213480659156,False
2714,0.6436394131461666,97.61497761497762,0.25329605607125927,False
2715,0.6436394131461666,97.92836792836793,0.253383342597181,False
2716,0.6807937753703206,97.92836792836793,0.265925582143469,False
2717,0.7153220528038851,97.92836792836793,0.2671247503637314,False
2718,0.7473944462440387,97.92836792836793,0.2681019653374178,False
2719,0.7473944462440387,97.92836792836793,0.26888272575624245,False
2720,0.7473944462440387,97.17784445705945,0.22023647441019986,False
2721,0.7473944462440387,97.87526256261108,0.22102719183387612,False
2722,0.7473944462440387,97.87542250120714,0.23058764041164484,False
2723,0.7473944462440387,97.87575150300601,0.23064330278154757,False
2724,0.7153220528038851,97.87624750499002,0.23072847005810956,False
2725,0.6807937753703206,97.87690839694656,0.2307734606748642,False
2726,0.6436394131461666,97.87773202407348,0.23083417521941293,False
2727,0.603652249754401,97.87871618957496,0.23091427672598444,False
2728,0.560576942614533,97.54356911915464,0.21936513857172224,False
2729,0.5140912790181235,97.80380096206923,0.2192145141224109,False
2730,0.5140912790181235,97.0514330585002,0.12651626152278986,False
2731,0.5140912790181235,97.74824081313527,0.19530931440338076,False
2732,0.5140912790181235,97.7502724583528,0.1959358256321131,False
2733,0.5140912790181235,97.75246066806169,0.19680922777237309,False
2734,0.5140912790181235,97.75480287014891,0.19747296049424,False
2735,0.5140912790181235,97.75729646697388,0.19843406617379,False
2736,0.5140912790181235,97.45775729646698,0.1825844748977769,False
2737,0.5140912790181235,97.67665130568356,0.182271634429121,False
2738,0.5140912790181235,97.67665130568356,0.18241942712136328,False
2739,0.5140912790181235,97.67665130568356,0.18262628949658724,False
2740,0.5140912790181235,97.67665130568356,0.1831404506420359,False
2741,0.5140912790181235,97.67665130568356,0.18322609401944645,False
2742,0.5140912790181235,97.45775729646698,0.1721128964114667,False
2743,0.5140912790181235,97.75729646697388,0.1731216932971825,False
2744,0.5140912790181235,97.75480287014891,0.17816996605718027,False
2745,0.5140912790181235,97.75246066806169,0.18101339559053745,False
2746,0.5140912790181235,97.7502724583528,0.2703332713258606,False
2747,0.5140912790181235,97.74824081313527,0.33167689083753843,False
2748,0.5140912790181235,97.74636827640362,0.3798702696847181,False
2749,0.5140912790181235,97.74465736140682,0.41958282611698816,False
2750,0.5140912790181235,97.74311054798859,0.41948256167948766,False
2751,0.5140912790181235,97.04993638676845,0.4219690054091745,False
2752,0.5140912790181235,97.8003992015968,0.4473732970711235,False
2753,0.5140912790181235,97.8003992015968,0.46898655025604646,False
2754,0.5140912790181235,97.8003992015968,0.4880591772827387,False
2755,0.5140912790181235,97.8003992015968,0.5049332466582092,False
2756,0.5140912790181235,97.8003992015968,0.5198757843913124,False
2757,0.5140912790181235,97.8003992015968,0.5233023354027914,False
2758,0.5140912790181235,97.8003992015968,0.5392197592276643,False
2759,0.5140912790181235,97.8003992015968,0.5532237442080553,False
2760,0.5140912790181235,97.8003992015968,0.565439925133473,False
2761,0.4637773498877516,97.8003992015968,0.5762792677016179,False
2762,0.40907313904382653,97.8003992015968,0.5847718208332348,False
2763,0.3491843735073079,97.8003992015968,0.5921258238185442,False
2764,0.2829047929798921,97.52495009980039,0.5972318175733186,False
2765,0.2829047929798921,97.85229540918164,0.6020489085876605,False
2766,0.2829047929798921,98.60921843687375,0.572669437255511,False
2767,0.2829047929798921,98.60921843687375,0.543967788795665,False
2768,0.2829047929798921,98.60921843687375,0.5154054494387308,False
2769,0.2829047929798921,98.60921843687375,0.4869870602786506,False
2770,0.2829047929798921,97.85229540918164,0.4984587809820778,False
2771,0.2829047929798921,98.54882315521628,0.47757252285929197,False
2772,0.2829047929798921,98.55083940449794,0.45693224451226955,False
2773,0.2829047929798921,98.5529532371264,0.43711221029003433,False
2774,0.2829047929798921,98.55516293678838,0.41745026941080293,False
2775,0.2829047929798921,98.55746677091477,0.3963158124240145,False
2776,0.2829047929798921,98.55986299237117,0.37848625034814143,False
2777,0.208180945557171,98.31434550104626,0.3755478242587372,False
2778,0.12068101401352381,98.63436463235861,0.35403963381112274,False
2779,-0.0,98.63436463235861,0.35103261770357796,False
2780,-0.0,98.63436463235861,0.33528584280393986,False
2781,-0.0,98.63436463235861,0.3199940752853127,False
2782,-0.0,98.63436463235861,0.30780112706247176,False
2783,-0.0,98.63436463235861,0.2968980928858408,False
2784,-0.0,98.63436463235861,0.2873085730201664,False
2785,-0.0,98.63436463235861,0.2751905930735923,False
2786,-0.0,98.63436463235861,0.26961592761326897,False
2787,-0.0,98.63436463235861,0.3440194002070942,False
2788,-0.0,98.63436463235861,0.40082932549551376,False
2789,-0.0,98.63436463235861,0.4480209985500244,False
2790,-0.0,97.92840058637451,0.4794666686502524,False
2791,-0.0,98.69608826479438,0.5132264739836627,False
2792,-0.0,98.69815668202764,0.5430959781554405,False
2793,-0.0,98.70030581039755,0.569705080199395,False
2794,-0.0,98.70253405372499,0.5935099929837802,False
2795,-0.0,98.47004468681361,0.6159390469526619,False
2796,-0.0,98.76752600633198,0.634198104347989,False
2797,-0.0,98.76752600633198,0.6503178671333992,False
2798,-0.0,98.76752600633198,0.6645273323189755,False
2799,-0.0,98.04764058495402,0.6681282261904499,False
2800,-0.0,98.82029247700889,0.677927261884083,False
2801,-0.0,98.82220555138785,0.6858957175199614,False
2802,-0.0,98.82418812989921,0.6927769769189747,False
2803,-0.0,98.82623876383627,0.6986652198512723,False
2804,-0.0,98.82835600236547,0.7036471267463219,False
2805,-0.0,98.61356281259194,0.7093091513547356,False
2806,-0.0,98.86205634833516,0.711948118912059,False
2807,-0.0,99.64141968532748,0.6795952282957843,False
2808,-0.0,99.64324717874044,0.6451670612682506,False
2809,-0.0,99.64508184847168,0.6127648416408887,False
2810,-0.0,99.64692318777922,0.580143536142267,False
2811,-0.0,99.64877069744104,0.5477514629648792,False
2812,-0.0,99.65062388591801,0.5148787191272721,False
2813,-0.0,99.65248226950355,0.4836399501539946,False
2814,-0.0,99.6543453724605,0.4525872468906365,False
2815,-0.0,99.65621272714516,0.4217550854170648,False
2816,-0.0,99.65808387411904,0.39113523445988946,False
2817,-0.0,99.65995836224843,0.36085757438746296,False
2818,-0.0,99.66183574879227,0.3706965428906769,False
2819,-0.0,99.66371559947842,0.3987385279173845,False
2820,-0.0,99.66559748856889,0.41049494844910506,False
2821,-0.0,99.66748099891423,0.42363768022838627,False
2822,-0.0,99.6693657219973,0.5154587654973455,False
2823,-0.0,99.67125125796713,0.5219509951429749,False
2824,-0.0,99.67313721566273,0.5282851144579352,False
2825,-0.0,99.67502321262766,0.5344347134290756,False
2826,-0.0,99.67690887511539,0.5406396718415031,False
2827,-0.0,99.67879383808588,0.546522995521812,False
2828,-0.0,99.50180268764339,0.563646799282942,False
2829,-0.0,99.62962962962963,0.5678573648275164,False
2830,-0.0,99.62962962962963,0.5722732825615007,False
2831,-0.0,99.62962962962963,0.5763773021821319,False
2832,-0.0,99.50180268764339,0.5807958396615577,False
2833,-0.0,99.67879383808588,0.5836473252811011,False
2834,0.12068101401352381,99.67690887511539,0.5862899749087739,False
2835,0.208180945557171,99.67502321262766,0.5886852676059989,False
2836,0.2829047929798921,99.67313721566273,0.5908309090329469,False
2837,0.3491843735073079,99.67125125796713,0.5926389453529668,False
2838,0.40907313904382653,98.9030526668903,0.5701519774432713,False
2839,0.4637773498877516,98.7280701754386,0.5350448383124284,False
2840,0.4637773498877516,98.87011400651465,0.5110033473070315,False
2841,0.4637773498877516,98.86712618576401,0.4871496999288259,False
2842,0.4637773498877516,98.14014137670716,0.37354599048759995,False
2843,0.4637773498877516,98.90269151138716,0.35005449595910254,False
2844,0.4637773498877516,98.90269151138716,0.32681344247418787,False
2845,0.4637773498877516,98.90269151138716,0.30387451345059774,False
2846,0.4637773498877516,98.90269151138716,0.28130526029566566,False
2847,0.4637773498877516,98.90269151138716,0.2591952067240617,False
2848,0.5140912790181235,98.73706004140787,0.2177887774771935,False
2849,0.560576942614533,98.95100069013112,0.20021382646879465,False
2850,0.560576942614533,98.94864677307426,0.1830819915522767,False
2851,0.560576942614533,98.94634010187706,0.16645595933315574,False
2852,0.560576942614533,98.94408194766014,0.1503707027936503,False
2853,0.560576942614533,98.94187358916479,0.13482740694174455,False
2854,0.560576942614533,98.93971631205673,0.11992407230911388,False
2855,0.560576942614533,98.93761140819964,0.10572173293149209,False
2856,0.603652249754401,98.93556017489786,0.0922968877483835,False
2857,0.6436394131461666,98.93356391410866,0.1925032411790867,False
2858,0.6807937753703206,98.93162393162393,0.1881364864112714,False
2859,0.7153220528038851,98.92974153622133,0.25105215952054666,False
2860,0.7473944462440387,98.92791803878522,0.24904721897890172,False
2861,0.7771529943226336,98.92615475139748,0.24763583244302798,False
2862,0.804717519321077,98.92445298639858,0.24673661888717424,False
2863,0.8301899714180443,98.92281405541937,0.25197326675374965,False
2864,0.8536576732793313,98.92123926838373,0.2526251835067011,False
2865,0.875195788740725,98.91972993248312,0.2534977107604492,False
2866,0.8948692308065574,98.91828735112317,0.2544772674987566,False
2867,0.9127341558073343,98.91691282284329,0.2554510433555812,False
2868,0.9288391461883214,98.91560764021003,0.25630722696316316,False
2869,0.9432261548473415,98.91437308868501,0.2571542760754132,False
2870,0.9559312637896478,98.91321044546851,0.25802052620904514,False
2871,0.9669852958320848,98.91212097831958,0.2588764512896456,False
2872,0.976414308115487,98.91110594435402,0.2597199924295664,False
2873,0.9842399889605549,98.91016658882143,0.2605697071508495,False
2874,0.9904799742690308,98.90930414386239,0.2661350450414684,False
2875,0.995148095654003,98.90851982724774,0.30651248313177293,False
2876,0.9982545693874831,98.90781484110086,0.30764015165713887,False
2877,0.999806132804711,98.13500512577872,0.25421414935631426,False
2878,0.999806132804711,98.86049996057093,0.25749670777101835,False
2879,0.9982545693874831,98.13500512577872,0.1968351068718513,False
2880,0.995148095654003,98.90781484110086,0.20026195971939714,False
2881,0.9904799742690308,98.90851982724774,0.20348894448700947,False
2882,0.9842399889605549,98.90930414386239,0.20652873281140027,False
2883,0.976414308115487,98.62213918729566,0.20239587463692243,False
2884,0.9669852958320848,98.95760675811827,0.2041718671911681,False
2885,0.9559312637896478,98.95760675811827,0.20584229795289544,False
2886,0.9432261548473415,98.95760675811827,0.20741515095310867,False
2887,0.9288391461883214,98.95760675811827,0.208897874390915,False
2888,0.9127341558073343,98.95760675811827,0.20947536655170612,False
2889,0.8948692308065574,98.95760675811827,0.20995577604820445,False
2890,0.8948692308065574,98.95760675811827,0.20976551447369418,False
2891,0.8948692308065574,98.95760675811827,0.2095484768449263,False
2892,0.8948692308065574,98.95760675811827,0.2093088665418109,False
2893,0.8948692308065574,98.95760675811827,0.2090506676745207,False
2894,0.8948692308065574,98.62213918729566,0.20252141421226927,False
2895,0.9127341558073343,98.17435496481626,0.13465829468148177,False
2896,0.9288391461883214,98.94778170396545,0.132953579464923,False
2897,0.9432261548473415,98.94778170396545,0.13126207897387313,False
2898,0.9559312637896478,98.64546525323911,0.12543873195043498,False
2899,0.9669852958320848,98.9948959560267,0.12036266167853761,False
2900,0.976414308115487,98.99455878873906,0.11528166944063814,False
2901,0.976414308115487,98.99429838454229,0.1101886812810134,False
2902,0.976414308115487,98.99411577608143,0.10507529141354892,False
2903,0.976414308115487,98.9940119760479,0.09993141281229848,False
2904,0.976414308115487,98.99398797595191,0.09474479909086418,False
2905,0.976414308115487,98.99404474488975,0.08910746560650461,False
2906,0.976414308115487,98.99418322830829,0.08264614645264859,False
2907,0.976414308115487,98.9944043467683,0.07589471123541015,False
2908,0.976414308115487,98.994708994709,0.07122256496267146,False
2909,0.9842399889605549,98.99509803921569,0.0663909097407602,False
2910,0.9904799742690308,98.99557231879305,0.06353174865699512,False
2911,0.9904799742690308,98.99613264214597,0.06073510180997483,False
2912,0.9904799742690308,98.99677978697052,0.058000384150902785,False
2913,0.9904799742690308,98.99751449875725,0.05532722012901577,False
2914,0.9904799742690308,98.99833748960931,0.05339596468067691,False
2915,0.9904799742690308,98.99924943707781,0.05146198849490778,False
2916,0.9904799742690308,99.00025098301681,0.04952278383627349,False
2917,0.995148095654003,99.00134273246056,0.04757566825374005,False
2918,0.9982545693874831,99.00252525252525,0.04561772878084873,False
2919,0.999806132804711,99.00379907133812,0.043645750133032714,False
2920,0.999806132804711,99.00516467699602,0.04165612063975378,False
2921,0.9982545693874831,99.00662251655629,0.03964470654145615,False
2922,0.995148095654003,99.00817299506215,0.03760668027705426,False
2923,0.9904799742690308,99.0098164746052,0.035536280066428415,False
2924,0.9842399889605549,99.01155327342747,0.03342646373342793,False
2925,0.976414308115487,99.0133836650652,0.03237111681125122,False
2926,0.9669852958320848,99.01530787753698,0.03316179744088859,False
2927,0.9559312637896478,99.01732609257823,0.034039819326147795,False
2928,0.9432261548473415,99.0194384449244,0.03499983968292732,False
2929,0.9288391461883214,99.02164502164503,0.03639085506373555,False
2930,0.9127341558073343,99.02394586153045,0.03778349184418196,False
2931,0.8948692308065574,99.0263409545336,0.03917681850425941,False
2932,0.875195788740725,99.02883024126818,0.04056992552472029,False
2933,0.8536576732793313,99.03141361256544,0.041961921919964174,False
2934,0.8301899714180443,99.0340909090909,0.04335193256007444,False
2935,0.804717519321077,99.03686192102268,0.04473909612541,False
2936,0.7771529943226336,99.03972638779268,0.046122563571332,False
2937,0.7473944462440387,99.04268399789215,0.04750149700662921,False
2938,0.7153220528038851,99.0457343887423,0.048875068909078695,False
2939,0.6807937753703206,99.04887714663144,0.05024246161689687,False
2940,0.6436394131461666,99.05211180671898,0.05160286704670818,False
2941,0.603652249754401,99.05543785310735,0.052955486597936585,False
2942,0.560576942614533,99.05885471898198,0.0542995312107999,False
2943,0.5140912790181235,99.06236178681999,0.05563422155083786,False
2944,0.4637773498877516,99.06595838866755,0.05695878829747007,False
2945,0.40907313904382653,99.06964380648591,0.058272472517753394,False
2946,0.3491843735073079,99.07341727256606,0.059574526109411254,False
2947,0.2829047929798921,99.07727797001154,0.06086421229963122,False
2948,0.2829047929798921,99.08122503328894,0.062140806188020516,False
2949,0.2829047929798921,99.08525754884548,0.06340359532370785,False
2950,0.2829047929798921,99.08937455579246,0.0646518803079034,False
2951,0.3491843735073079,99.09357504665422,0.06588497541428295,False
2952,0.40907313904382653,99.0978579681806,0.0671022092205075,False
2953,0.4637773498877516,99.10222222222222,0.0683029252449205,False
2954,0.5140912790181235,99.10666666666667,0.06948648258314227,False
2955,0.560576942614533,99.11119011643409,0.07065225653982804,False
2956,0.603652249754401,99.11579134453035,0.07179963925134425,False
2957,0.6436394131461666,99.12046908315565,0.07292804029555257,False
2958,0.6436394131461666,99.12522202486679,0.07403688728525429,False
2959,0.6807937753703206,99.1300488237905,0.07512562644218065,False
2960,0.7153220528038851,99.13494809688581,0.07619372314874515,False
2961,0.7473944462440387,99.1399184252527,0.12075188477441523,False
2962,0.7771529943226336,99.14495835548468,0.12033429777950273,False
2963,0.804717519321077,99.15006640106242,0.11981192263993126,False
2964,0.8301899714180443,99.15524104378594,0.1191909299736634,False
2965,0.8536576732793313,99.16048073524213,0.11847683614692962,False
2966,0.875195788740725,99.16578389830508,0.11767454401531706,False
2967,0.8948692308065574,99.1711489286659,0.11678837718433147,False
2968,0.9127341558073343,99.17657419638925,0.11582210896550901,False
2969,0.9288391461883214,99.1820580474934,0.11477898697259176,False
2970,0.9432261548473415,99.18759880555068,0.11366175411621829,False
2971,0.9559312637896478,99.19319477330527,0.11247266660286703,False
2972,0.9669852958320848,99.19884423430523,0.1112135094153649,False
2973,0.976414308115487,99.20454545454545,0.10988560964107327,False
2974,0.9842399889605549,99.21029668411867,0.10848984791419636,False
2975,0.9904799742690308,99.21609615887118,0.10702666814574444,False
2976,0.995148095654003,99.22194210206034,0.10549608562415971,False
2977,0.9982545693874831,99.22783272601076,0.1038976934771814,False
2978,0.999806132804711,99.23376623376623,0.1022306673865376,False
2979,0.999806132804711,99.23974082073434,0.10049376833600783,False
2980,0.9982545693874831,99.24575467632101,0.0986853430433104,False
2981,0.995148095654003,98.74148780277562,0.02749518738958538,False
2982,0.9904799742690308,99.20265494353934,0.025314615939114844,False
2983,0.9842399889605549,99.20265494353934,0.02328166894455701,False
2984,0.976414308115487,99.20265494353934,0.021399830196641823,False
2985,0.9669852958320848,99.20265494353934,0.01967406903581765,False
2986,0.9559312637896478,99.20265494353934,0.018111413076285925,False
2987,0.9432261548473415,99.20265494353934,0.016721573858169244,False
2988,0.9288391461883214,99.20265494353934,0.01551749041121277,False
2989,0.9127341558073343,99.20265494353934,0.014515524766475975,False
2990,0.8948692308065574,99.20265494353934,0.013734902438324308,False
2991,0.875195788740725,99.20265494353934,0.01319596800248997,False
2992,0.8536576732793313,99.20265494353934,0.012344410173877501,False
2993,0.8301899714180443,99.20265494353934,0.10377002510952288,False
2994,0.804717519321077,99.20265494353934,0.10451989745779434,False
2995,0.7771529943226336,99.20265494353934,0.10508282950626702,False
2996,0.7473944462440387,99.20265494353934,0.1054907419664704,False
2997,0.7473944462440387,99.20265494353934,0.10577217091145082,False
2998,0.7473944462440387,99.20265494353934,0.10595275193935172,False
2999,0.7473944462440387,99.20265494353934,0.1801011780051673,False
3000,0.7473944462440387,99.20265494353934,0.18105171127682876,False
3001,0.7473944462440387,99.20265494353934,0.18195986328771985,False
3002,0.7473944462440387,99.20265494353934,0.18282651354561028,False
3003,0.7473944462440387,99.20265494353934,0.18365253989210686,False
3004,0.7473944462440387,99.20265494353934,0.18443879223053244,False
3005,0.7473944462440387,99.20265494353934,0.18518606595329953,False
3006,0.7473944462440387,99.20265494353934,0.1858950750007045,False
3007,0.7473944462440387,99.20265494353934,0.20974636122304488,False
3008,0.7473944462440387,99.20265494353934,0.21148556565209647,False
3009,0.7771529943226336,99.20265494353934,0.24675686532507515,False
3010,0.804717519321077,99.20265494353934,0.27555474350570996,False
3011,0.8301899714180443,99.20265494353934,0.27781245011842115,False
3012,0.8536576732793313,99.20265494353934,0.2801526452602808,False
3013,0.875195788740725,98.74148780277562,0.2630597342082106,False
3014,0.875195788740725,99.24575467632101,0.26536625367488864,False
3015,0.875195788740725,99.23974082073434,0.274868559891699,False
3016,0.875195788740725,99.23376623376623,0.278814933862239,False
3017,0.875195788740725,99.22783272601076,0.28258061683525276,False
3018,0.875195788740725,99.22194210206034,0.28616683771855256,False
3019,0.8536576732793313,98.54106785123247,0.2503301523702035,False
3020,0.8536576732793313,99.25392670157068,0.25340540187639726,False
3021,0.8536576732793313,99.25392670157068,0.25629519658859595,False
3022,0.8536576732793313,99.25392670157068,0.25900942992701237,False
3023,0.8536576732793313,99.25392670157068,0.26155721747450733,False
3024,0.8536576732793313,99.25392670157068,0.26345625513628546,False
3025,0.8536576732793313,99.25392670157068,0.27548550830926655,False
3026,0.8536576732793313,99.25392670157068,0.2766252874563602,False
3027,0.8536576732793313,98.7478184991274,0.26052055353716064,False
3028,0.8536576732793313,99.28883071553228,0.26043162319565855,False
3029,0.8536576732793313,98.6013986013986,0.2647898074601279,False
3030,0.8536576732793313,98.6013986013986,0.23518662770201637,False
3031,0.8536576732793313,99.28883071553228,0.23302914698604008,False
3032,0.8536576732793313,99.29448654298406,0.2531982803484744,False
3033,0.8536576732793313,99.30018256107103,0.2507030559759001,False
3034,0.8536576732793313,99.30591705708832,0.24806666180454665,False
3035,0.8536576732793313,98.81818181818181,0.23734832657219598,False
3036,0.8536576732793313,99.34341252699784,0.23259878874285825,False
3037,0.8536576732793313,99.34341252699784,0.22794607035089873,False
3038,0.8536576732793313,99.34341252699784,0.22333301069963515,False
3039,0.8536576732793313,99.34341252699784,0.21883637793999622,False
3040,0.8536576732793313,99.34341252699784,0.21449440343145415,False
3041,0.8536576732793313,99.34341252699784,0.21045000879013614,False
3042,0.8536576732793313,99.34341252699784,0.20654967366210267,False
3043,0.8536576732793313,99.34341252699784,0.25868731222258334,False
3044,0.8536576732793313,99.34341252699784,0.2565794824690066,False
3045,0.8536576732793313,98.81818181818181,0.2433776555581931,False
3046,0.8536576732793313,99.30591705708832,0.24198640946579186,False
3047,0.8536576732793313,99.30018256107103,0.24070213445091262,False
3048,0.8536576732793313,99.29448654298406,0.23952543758978648,False
3049,0.8536576732793313,98.5715530006097,0.24778509700618348,False
3050,0.8536576732793313,99.25093632958801,0.24743719434515243,False
3051,0.8536576732793313,99.25093632958801,0.24719276717977676,False
3052,0.8536576732793313,98.70855148342059,0.22402337341293077,False
3053,0.8536576732793313,99.20454545454545,0.2244252358858504,False
3054,0.8536576732793313,99.19884423430523,0.2250598656208346,False
3055,0.8536576732793313,99.19319477330527,0.22594480465281527,False
3056,0.8536576732793313,99.18759880555068,0.22671780958812768,False
3057,0.8536576732793313,99.1820580474934,0.22770705428897295,False
3058,0.8301899714180443,99.17657419638925,0.22897881003133322,False
3059,0.804717519321077,99.1711489286659,0.24886345433646564,False
3060,0.7771529943226336,99.16578389830508,0.249252507051167,False
3061,0.7473944462440387,99.16048073524213,0.2866219310252969,False
3062,0.7153220528038851,99.15524104378594,0.28671286403953633,False
3063,0.6807937753703206,98.47412649270234,0.23753251229217626,False
3064,0.6436394131461666,99.10216718266254,0.23742141972860434,False
3065,0.603652249754401,99.10216718266254,0.2375032899102741,False
3066,0.560576942614533,99.10216718266254,0.2375780078138874,False
3067,0.5140912790181235,99.10216718266254,0.2378831040917637,False
3068,0.4637773498877516,99.10216718266254,0.23841064598185366,False
3069,0.40907313904382653,98.47412649270234,0.1865438323232014,False
3070,0.3491843735073079,99.15524104378594,0.1876982713598563,False
3071,0.2829047929798921,99.16048073524213,0.1888851516396657,False
3072,0.208180945557171,99.16578389830508,0.19007125062619576,False
3073,0.12068101401352381,99.1711489286659,0.19122352771788367,False
3074,-0.0,99.17657419638925,0.1916440397631572,False
3075,-0.0,99.1820580474934,0.19190100165088578,False
3076,-0.0,99.18759880555068,0.19241160293979975,False
3077,-0.0,99.19319477330527,0.19278070262019148,False
3078,-0.0,99.19884423430523,0.19299159722755838,False
3079,-0.0,98.65160668943174,0.16864325785646658,False
3080,-0.0,99.15506523071535,0.16949791179047174,False
3081,-0.0,98.4527972027972,0.09569440135809457,False
3082,-0.0,99.11431064572426,0.09797360121408893,False
3083,-0.0,99.12028568939988,0.100617761921316,False
3084,-0.0,99.1263148743806,0.10320605785591393,False
3085,-0.0,99.1323963213604,0.1219551214506693,False
3086,-0.0,99.13852813852814,0.2565310961464258,False
3087,-0.0,99.14470842332614,0.33636103796821853,False
3088,-0.0,99.15093526420137,0.39666903177140417,False
3089,-0.0,99.15720674234606,0.4450976396014628,False
3090,-0.0,99.16352093342485,0.486990562002483,False
3091,-0.0,99.16987590928541,0.522554016825643,False
3092,-0.0,99.17626973965002,0.5548669685550276,False
3093,-0.0,99.18270049378512,0.5829249325629657,False
3094,-0.0,99.18916624214637,0.6076042248452797,False
3095,-0.0,99.19566505799678,0.6291973684348039,False
3096,-0.0,99.20219501899535,0.648089561878325,False
3097,-0.0,99.20875420875421,0.6645888353069179,False
3098,-0.0,99.21534071836187,0.6789485182042808,False
3099,-0.0,99.22195264787082,0.6913821680017381,False
3100,-0.0,99.22858810774748,0.7022384109661641,False
3101,0.12068101401352381,99.23524522028262,0.7115011957998245,False
3102,0.208180945557171,99.24192212096106,0.7193148319988039,False
3103,0.2829047929798921,99.24861695978862,0.7258106628054705,False
3104,0.3491843735073079,99.2553279025755,0.7311102437289468,False
3105,0.40907313904382653,98.84390685427466,0.7328104779129537,False
3106,0.4637773498877516,98.11823548704493,0.7009841098494012,False
3107,0.5140912790181235,98.11825743226551,0.6791343310488506,False
3108,0.560576942614533,98.11429989248201,0.6471876495307912,False
3109,0.603652249754401,98.11461794019934,0.615926591729756,False
3110,0.6436394131461666,98.11509591326104,0.5840304404489975,False
3111,0.6807937753703206,98.1157357005276,0.55273258149208,False
3112,0.7153220528038851,98.11653914067098,0.5202261172788315,False
3113,0.7473944462440387,98.11750801958468,0.4881862346582341,False
3114,0.7771529943226336,98.11864406779661,0.45668813271742814,False
3115,0.804717519321077,98.11994895789026,0.42582862142352834,False
3116,0.8301899714180443,98.12142430193835,0.39573873102885626,False
3117,0.8536576732793313,98.12307164895441,0.4076186949340915,False
3118,0.875195788740725,98.1248924823671,0.382441942577408,False
3119,0.8948692308065574,98.12688821752266,0.36952481878348237,False
3120,0.9127341558073343,98.12906019922045,0.35805876159798244,False
3121,0.9288391461883214,98.13140969928733,0.3480847924342083,False
3122,0.9432261548473415,98.13393791419603,0.3396221278698585,False
3123,0.9559312637896478,98.13664596273291,0.33266403322072996,False
3124,0.9669852958320848,98.13953488372093,0.32717476655227135,False
3125,0.976414308115487,98.14260563380282,0.32308808590367816,False
3126,0.9842399889605549,98.14585908529048,0.3203075855796722,False
3127,0.9904799742690308,97.85265208536262,0.2973708155631409,False
3128,0.995148095654003,98.18843797176095,0.2985430463296522,False
3129,0.9982545693874831,98.17905239139188,0.29990360217146284,False
3130,0.999806132804711,98.16968713371202,0.30141707409386304,False
3131,0.999806132804711,98.16034521916875,0.30303918636963234,False
3132,0.9982545693874831,98.15102974828375,0.30471698423799104,False
3133,0.995148095654003,98.1417439018767,0.30638898609053516,False
3134,0.9904799742690308,98.1324909411874,0.307985249132345,False
3135,0.9842399889605549,98.12327420789067,0.30942729269981273,False
3136,0.976414308115487,98.1140971239981,0.3106210161788788,False
3137,0.9669852958320848,97.32605081928283,0.30771141031968036,False
3138,0.9559312637896478,98.13414984212037,0.3078444688810605,False
3139,0.9432261548473415,98.49880095923261,0.2947336848931992,False
3140,0.9288391461883214,98.4927536231884,0.28227736727897373,False
3141,0.9127341558073343,98.48676527831842,0.2704844947543739,False
3142,0.8948692308065574,98.48083896893071,0.25936418091244806,False
3143,0.875195788740725,98.47497779093871,0.24892556385204748,False
3144,0.8536576732793313,98.46918489065607,0.23917765505107103,False
3145,0.8301899714180443,98.46346346346347,0.2301291428052205,False
3146,0.804717519321077,98.45781675234352,0.22178814803676175,False
3147,0.7771529943226336,98.45224804628032,0.21416193423458868,False
3148,0.7473944462440387,98.44676067852033,0.20739212300127252,False
3149,0.7153220528038851,98.44135802469135,0.20139427603910545,False
3150,0.7153220528038851,98.4360435007768,0.19603634602381245,False
3151,0.7153220528038851,98.43082056094255,0.1912988871136563,False
3152,0.7153220528038851,98.42569269521411,0.1871572480674432,False
3153,0.7153220528038851,98.4206634270019,0.18358176571127952,False
3154,0.7153220528038851,98.41573631047315,0.18053818619083065,False
3155,0.7153220528038851,98.41091492776886,0.1779882948254034,False
3156,0.7153220528038851,98.40620288606505,0.2507243073123303,False
3157,0.7153220528038851,97.51776868404049,0.18223987219135784,False
3158,0.7153220528038851,98.33620503984493,0.18310367311556186,False
3159,0.7153220528038851,98.33620503984493,0.18426814729284166,False
3160,0.7153220528038851,98.33620503984493,0.18573489992957504,False
3161,0.7153220528038851,98.33620503984493,0.18811053186633664,False
3162,0.7473944462440387,98.33620503984493,0.2930301065868206,False
3163,0.7771529943226336,98.33620503984493,0.29458754150031874,False
3164,0.804717519321077,98.33620503984493,0.3064735333646921,False
3165,0.804717519321077,98.33620503984493,0.3076357698389519,False
3166,0.804717519321077,98.33620503984493,0.3086602102776656,False
3167,0.804717519321077,98.33620503984493,0.3274374224952772,False
3168,0.804717519321077,98.33620503984493,0.32949112559038224,False
3169,0.8301899714180443,98.33620503984493,0.34381127519752064,False
3170,0.8536576732793313,98.33620503984493,0.3458144145554644,False
3171,0.875195788740725,98.33620503984493,0.3476228217589326,False
3172,0.875195788740725,98.33620503984493,0.3492400814347318,False
3173,0.875195788740725,98.33620503984493,0.361879321506737,False
3174,0.875195788740725,98.33620503984493,0.4198380677281582,False
3175,0.875195788740725,98.33620503984493,0.42043140130359685,False
3176,0.875195788740725,97.54469093258669,0.3810968357844396,False
3177,0.875195788740725,98.4008184363558,0.3809980476736498,False
3178,0.875195788740725,98.40801886792453,0.3806856198069472,False
3179,0.875195788740725,98.41532387151851,0.3801691321388706,False
3180,0.875195788740725,98.42272968667021,0.3794590248410475,False
3181,0.875195788740725,98.17021276595744,0.3782638478934206,False
3182,0.875195788740725,97.29500820496533,0.30426046462271805,False
3183,0.8948692308065574,98.12473662031184,0.3027050701113404,False
3184,0.9127341558073343,97.87424833843232,0.2906295049803323,False
3185,0.9288391461883214,98.11450301045738,0.28939226405393087,False
3186,0.9432261548473415,98.11230964467005,0.2883353441978562,False
3187,0.9559312637896478,97.72631133671743,0.2668237699962555,False
3188,0.9669852958320848,98.05414551607446,0.2642053385502879,False
3189,0.976414308115487,97.77154351048063,0.2452159229958847,False
3190,0.9842399889605549,98.02373635689308,0.24247258038639455,False
3191,0.9904799742690308,98.02205960335137,0.2401552765709426,False
3192,0.995148095654003,98.02059010825727,0.23818571516194678,False
3193,0.9982545693874831,97.73789294817333,0.21866066969418618,False
3194,0.999806132804711,97.19038817005546,0.08344271551031156,False
3195,0.999806132804711,98.00369685767097,0.08049993751762068,False
3196,0.9982545693874831,98.00369685767097,0.07819587142606252,False
3197,0.995148095654003,98.00369685767097,0.21295282423661255,False
3198,0.9904799742690308,98.00369685767097,0.2131299914601764,False
3199,0.9904799742690308,98.00369685767097,0.21334178332987963,False
3200,0.9904799742690308,98.00369685767097,0.2137214017395785,False
3201,0.9842399889605549,98.00369685767097,0.2141017610476156,False
3202,0.976414308115487,98.00369685767097,0.2144640305408549,False
3203,0.9669852958320848,98.00369685767097,0.21478917569337624,False
3204,0.9559312637896478,98.00369685767097,0.21517303842293112,False
3205,0.9432261548473415,98.00369685767097,0.2158849639812068,False
3206,0.9288391461883214,98.00369685767097,0.21645625950343547,False
3207,0.9127341558073343,98.00369685767097,0.21698393867441376,False
3208,0.8948692308065574,98.00369685767097,0.21738854490299964,False
3209,0.875195788740725,98.00369685767097,0.21763579783715267,False
3210,0.8536576732793313,98.00369685767097,0.21768900965264115,False
3211,0.8536576732793313,98.00369685767097,0.21750871761563878,False
3212,0.8536576732793313,98.00369685767097,0.21719263517992357,False
3213,0.8536576732793313,98.00369685767097,0.21712334145066478,False
3214,0.8536576732793313,97.65824129141886,0.20667337026154978,False
3215,0.8536576732793313,97.92856761518338,0.20668408311671202,False
3216,0.8536576732793313,97.91756118505796,0.20663918349772198,False
3217,0.8536576732793313,97.04808930871619,0.05626591520917237,False
3218,0.8536576732793313,97.83705452984114,0.053536847874261946,False
3219,0.8536576732793313,97.83705452984114,0.05116558572606139,False
3220,0.8536576732793313,97.83705452984114,0.04852690902974435,False
3221,0.8536576732793313,97.83705452984114,0.046249524276488166,False
3222,0.8536576732793313,97.83705452984114,0.04437641852606117,False
3223,0.8536576732793313,97.83705452984114,0.04294906710402709,False
3224,0.8536576732793313,97.83705452984114,0.041409217943729495,False
3225,0.875195788740725,97.83705452984114,0.03773197123863677,False
3226,0.8536576732793313,97.83705452984114,0.034376829113998815,False
3227,0.9436063339556555,97.83705452984114,0.03139730757510153,False
3228,0.9992889743797904,97.83705452984114,0.02813202707886212,False
3229,1.041018523939755,97.83705452984114,0.025102238674518797,False
3230,1.1006987578744163,97.83705452984114,0.022334720085666043,False
3231,1.1538530565800795,97.83705452984114,0.019861455980945505,False
3232,1.201681991620676,97.83705452984114,0.0177186344063497,False
3233,1.2189859772419214,97.83705452984114,0.015942770071511517,False
3234,1.2310786130055862,97.83705452984114,0.014562199431545561,False
3235,1.2382339767869435,97.83705452984114,0.013583876141900554,False
3236,1.2406030082663506,97.83705452984114,0.012979927404872114,False
3237,1.2382339767869435,97.83705452984114,0.012682373874609203,False
3238,1.2310786130055862,97.83705452984114,0.012590808061314945,False
3239,1.2189859772419214,97.83705452984114,0.012587713004343727,False
3240,1.201681991620676,97.83705452984114,0.012550828731339673,False
3241,1.1787269834988532,97.83705452984114,0.012355617295281701,False
3242,1.1494318918359776,97.83705452984114,0.01186502975180973,False
3243,1.1126817966979572,97.83705452984114,0.01089911648963033,False
3244,1.132529774880598,97.83705452984114,0.009143915359219405,False
3245,1.15047181636257,97.83705452984114,0.007903514196401933,False
3246,1.1665620111568704,97.83705452984114,0.00588059955438394,False
3247,1.180846716107336,97.83705452984114,4.263256414560601e-14,False
3248,1.1933654824135869,97.83705452984114,4.263256414560601e-14,False
3249,1.2041517951932372,97.83705452984114,4.263256414560601e-14,False
3250,1.2132336634320215,97.83705452984114,4.263256414560601e-14,False
3251,1.2206340886225493,97.83705452984114,4.263256414560601e-14,False
3252,1.2263714330738393,97.83705452984114,4.263256414560601e-14,False
3253,1.2304597034223903,97.83705452984114,4.263256414560601e-14,False
3254,1.2329087607099036,97.83705452984114,4.263256414560601e-14,False
3255,1.2337244651110395,97.83705452984114,4.263256414560601e-14,False
3256,1.2329087607099036,97.83705452984114,4.263256414560601e-14,False
3257,1.2304597034223903,97.83705452984114,4.263256414560601e-14,False
3258,1.2263714330738393,97.83705452984114,4.263256414560601e-14,False
3259,1.2206340886225493,97.83705452984114,4.263256414560601e-14,False
3260,1.1590956761386297,97.83705452984114,0.17521786427382424,False
3261,1.0844863484244938,97.83705452984114,0.1769983882177365,False
3262,1.0757143856082798,97.83705452984114,0.18493776073174154,False
3263,1.065299640553338,97.83705452984114,0.18532416495546625,False
3264,1.0532169913190044,97.83705452984114,0.25769669193713424,False
3265,1.0394364783172854,97.83705452984114,0.2577507380353885,False
3266,1.0239228180015463,97.83705452984114,0.26658895002550403,False
3267,1.0066347974846968,97.83705452984114,0.26672009276542924,False
3268,0.9875245214535493,97.83705452984114,0.2668267804458158,False
3269,0.9665364727522964,97.83705452984114,0.3313454115920702,False
3270,0.9436063339556555,97.83705452984114,0.33164092452031324,False
3271,0.9186594970880807,97.83705452984114,0.3317850375043083,False
3272,0.8916091590804429,97.83705452984114,0.33183288367456165,False
3273,0.8623538561746379,97.83705452984114,0.331836597102633,False
3274,0.830774222099454,97.83705452984114,0.331845385411037,False
3275,0.7967286463062392,97.83705452984114,0.3319055270409521,False
3276,0.7600473303889541,97.83705452984114,0.3320603084326519,False
3277,0.7600473303889541,97.83705452984114,0.3323499156641193,False
3278,0.7600473303889541,97.83705452984114,0.33281129490068045,False
3279,0.7600473303889541,97.83705452984114,0.33510445737282,False
3280,0.7600473303889541,97.05345641906398,0.28565701725759224,False
3281,0.7600473303889541,97.92292829540575,0.2845799363987269,False
3282,0.7600473303889541,97.57406612279948,0.27952505635622876,False
3283,0.7600473303889541,97.85852297123229,0.27932918665363365,False
3284,0.7600473303889541,97.00496503123165,0.21449902028805645,False
3285,0.7600473303889541,97.80161427357689,0.214583159807364,False
3286,0.6807937753703206,97.47238742565845,0.20370192700240156,False
3287,0.6807937753703206,97.72727272727273,0.20378550296392858,False
3288,0.7153220528038851,97.72727272727273,0.2039589482982553,False
3289,0.7473944462440387,96.8787958806443,0.056211341779287854,False
3290,0.7771529943226336,97.66281512605042,0.05608918828336591,False
3291,0.804717519321077,97.67587611636287,0.055920372243248646,False
3292,0.8301899714180443,97.68903199002908,0.056617531979377404,False
3293,0.8536576732793313,97.70227706924149,0.05741054641759165,False
3294,0.875195788740725,97.71560574948666,0.05838584909824567,False
3295,0.8948692308065574,97.7290125031896,0.05833167870506573,False
3296,0.9127341558073343,97.74249188311688,0.057825614293364254,False
3297,0.9288391461883214,97.75603852554082,0.056360686082584315,False
3298,0.9432261548473415,97.7696471531676,0.05383014906501474,False
3299,0.9559312637896478,97.514033680834,0.03737860909326187,False
3300,0.9669852958320848,97.68945469125902,0.03729801346526495,False
3301,0.9669852958320848,97.68945469125902,0.0371300812584955,False
3302,0.976414308115487,97.68945469125902,0.03683970390004064,False
3303,0.9842399889605549,97.68945469125902,0.03638879143556288,False
3304,0.9842399889605549,97.68945469125902,0.03573543128790206,False
3305,0.9842399889605549,97.68945469125902,0.034832277569903994,False
3306,0.9842399889605549,97.68945469125902,0.03362369263449995,False
3307,1.0916362019205923,97.68945469125902,0.03204063869426471,False
3308,1.1655498193580116,97.68945469125902,0.029991033347224468,False
3309,1.1655498193580116,97.68945469125902,0.046728040130946606,False
3310,1.1655498193580116,97.68945469125902,0.04826574170491931,False
3311,1.1655498193580116,97.68945469125902,0.049632348084630476,False
3312,1.1655498193580116,97.68945469125902,0.04974394348516936,False
3313,1.1655498193580116,97.68945469125902,0.04939499730634818,False
3314,1.170377295621679,97.68945469125902,0.048375890778751665,False
3315,1.173589412323443,97.68945469125902,0.04804314170420235,False
3316,1.175193620727556,97.68945469125902,0.04761701679083745,False
3317,1.175193620727556,97.68945469125902,0.047585128236404824,False
3318,1.173589412323443,97.68945469125902,0.04787877441306457,False
3319,1.170377295621679,97.68945469125902,0.04862508772817967,False
3320,1.1655498193580116,97.68945469125902,0.050254543964601196,False
3321,1.1590956761386297,97.68945469125902,0.05247760158105189,False
3322,1.150999540671385,97.68945469125902,0.055291239426877685,False
3323,1.1412418450836315,97.68945469125902,0.05866115296088769,False
3324,1.129798482836793,97.68945469125902,0.20022122060849393,False
3325,1.1166404295430465,97.68945469125902,0.20026043110860087,False
3326,1.1017332648846088,97.68945469125902,0.20030349356670007,False
3327,1.0850365744330073,97.68945469125902,0.20035002712600877,False
3328,1.066503202885787,97.68945469125902,0.20917050320832947,False
3329,1.046078320219219,97.514033680834,0.20694843486816838,False
3330,1.0236982481827188,97.76463512429832,0.20709944557193544,False
3331,0.9992889743797904,97.75099591548586,0.258463100091526,False
3332,0.9727642516015449,97.73741883116882,0.2612895684329132,False
3333,0.9440231356865455,97.72390916050013,0.26408949624988587,False
3334,0.9822408213425595,97.71047227926078,0.26682129392696863,False
3335,1.01044884930661,97.69711364692519,0.269449265794909,False
3336,1.0305279703180825,97.68383880348982,0.2719430842089231,False
3337,0.9929563290994998,97.67065336606257,0.2742772797683633,False
3338,0.9929563290994998,97.65756302521008,0.27643076196586275,False
3339,0.9929563290994998,97.64457354106153,0.27838637815700923,False
3340,0.9929563290994998,97.63169073916737,0.3194807811504421,False
3341,0.9929563290994998,97.61892050611286,0.32009110639273486,False
3342,0.9929563290994998,97.60626878488621,0.32204705193268907,False
3343,0.9929563290994998,97.59374157000269,0.3246690918916151,False
3344,0.9929563290994998,96.82212581344902,0.26513912159512404,False
3345,0.9929563290994998,97.66719354662888,0.26651513754213046,False
3346,0.9929563290994998,97.66719354662888,0.2676184364226705,False
3347,0.9929563290994998,97.66719354662888,0.26848099307737944,False
3348,0.9929563290994998,97.37831798114134,0.2623741249378644,False
3349,0.9929563290994998,97.73804981740884,0.2619208191615366,False
3350,0.9929563290994998,97.72677475898335,0.26154633320151116,False
3351,0.9929563290994998,96.94501018329939,0.21074033439977186,False
3352,0.9929563290994998,97.79314159292035,0.20711693790774383,False
3353,0.9929563290994998,97.79314159292035,0.20348466389244788,False
3354,0.9929563290994998,97.79314159292035,0.19987371108620164,False
3355,0.9929563290994998,97.79314159292035,0.1963663978255218,False
3356,0.9929563290994998,97.79314159292035,0.1929947182338988,False
3357,0.9929563290994998,97.79314159292035,0.189774481164544,False
3358,0.9929563290994998,97.79314159292035,0.256038285494482,False
3359,0.9929563290994998,97.79314159292035,0.2540494084746119,False
3360,0.9929563290994998,96.94501018329939,0.2144972756473761,False
3361,0.9929563290994998,97.73225241016652,0.21534427124071104,False
3362,0.9522481488898977,97.4437237695536,0.21300430092872363,False
3363,0.9522481488898977,97.81453362255965,0.20925463906804648,False
3364,0.9522481488898977,97.43827328718592,0.2066285294331291,False
3365,0.908083119686079,97.72677475898335,0.20578359361086282,False
3366,0.8600451249809193,97.71563824516981,0.20518369263050085,False
3367,0.8075738393756748,97.70464601769912,0.20480742402354715,False
3368,0.7498765864518436,97.69380383439844,0.204631577970808,False
3369,0.6857486151292824,97.6831174631532,0.2046315661051579,False
3370,0.6271502454482835,97.6725926756772,0.2047818432289151,False
3371,0.5621380056254565,97.6622352410996,0.2046748362372927,False
3372,0.48865925334338955,97.65205091937766,0.20465926898569267,False
3373,0.40238293904561173,97.64204545454545,0.20463981819466484,False
3374,0.2829047929798921,97.63222456780967,0.2046805446453344,False
3375,0.2829047929798921,97.62259395050413,0.20464696735577872,False
3376,0.2829047929798921,97.61315925691609,0.20455989445346215,False
3377,0.2829047929798921,97.6039260969977,0.20440964145823254,False
3378,0.2829047929798921,96.85308606201102,0.10488880090761786,False
3379,0.2829047929798921,97.67915309446254,0.10406100994924306,False
3380,0.2829047929798921,97.26617031177292,0.06804799671867715,False
3381,0.2829047929798921,97.74313634248487,0.060392821896766855,False
3382,0.2829047929798921,97.73510011091004,0.05558817706028044,False
3383,0.2829047929798921,97.72727272727273,0.05092975246487664,False
3384,0.2829047929798921,97.71965912430208,0.15520021094363112,False
3385,0.2829047929798921,97.7122641509434,0.1548402932925303,False
3386,0.2829047929798921,97.70509256520968,0.22239315563038745,False
3387,0.2829047929798921,97.69814902705268,0.39390223320240597,False
3388,0.2829047929798921,97.6914380912715,0.5051144692763309,False
3389,0.2829047929798921,97.68496420047732,0.5883112926310917,False
3390,0.2829047929798921,97.67873167813342,0.6572914755439871,False
3391,0.2829047929798921,97.67274472168906,0.7151386012531697,False
3392,0.2829047929798921,97.66700739582707,0.7657008402659395,False
3393,0.2829047929798921,97.66152362584378,0.8103999839366127,False
3394,0.2829047929798921,97.65629719118091,0.8501812505903,False
3395,0.208180945557171,97.65133171912834,0.8857651498098567,False
3396,0.12068101401352381,97.64663067871656,0.9176764826223277,False
3397,-0.0,97.6421973748177,0.9463359092519654,False
3398,-0.0,97.63803494247276,0.9720823420513197,False
3399,-0.0,97.63414634146342,0.9951953836836211,False
3400,-0.0,97.63053435114504,1.0159105825388386,False
3401,-0.0,97.62720156555773,1.034430153763806,False
3402,0.12068101401352381,97.62415038883105,1.0509307319533232,False
3403,0.208180945557171,97.6213830308975,1.0655691199716317,False
3404,0.208180945557171,96.96225836146057,1.068268410700634,False
3405,0.208180945557171,97.67813267813268,1.0795696861091746,False
3406,0.2829047929798921,98.32309582309583,1.0675685315821177,False
3407,0.3491843735073079,99.08403516321387,1.030368785625849,False
3408,0.40907313904382653,99.09335947071796,0.9807353404064568,False
3409,0.40907313904382653,99.10272843801502,0.9334007125679565,False
3410,0.40907313904382653,99.11213816589637,0.9044546064366037,False
3411,0.40907313904382653,99.1215847822136,0.8607453654012905,False
3412,0.40907313904382653,99.13106444605359,0.8425251191873396,False
3413,0.40907313904382653,99.14057335176393,0.8024010922380221,False
3414,0.40907313904382653,99.1501077328226,0.7913718804122667,False
3415,0.40907313904382653,99.15966386554622,0.7572988380234094,False
3416,0.40907313904382653,99.16923807263233,0.7249774227641714,False
3417,0.40907313904382653,99.17882672653158,0.6939212281036173,False
3418,0.40907313904382653,99.18842625264644,0.6634527566658643,False
3419,0.4637773498877516,99.1980331323538,0.6336495670146183,False
3420,0.5140912790181235,99.20764390584945,0.6045975420356736,False
3421,0.560576942614533,99.217255174813,0.5763918889181754,False
3422,0.603652249754401,99.22686360489269,0.5491381263952897,False
3423,0.6436394131461666,99.23646592800965,0.5229529598055347,False
3424,0.6807937753703206,99.24605894448253,0.5324904563800832,False
3425,0.7153220528038851,99.255639524973,0.5114188921732986,False
3426,0.7473944462440387,98.56948999208413,0.513043447035999,False
3427,0.7771529943226336,97.89088863892013,0.48611353503983595,False
3428,0.804717519321077,98.55113000671291,0.4862292016485576,False
3429,0.8301899714180443,98.56459330143541,0.4858077339488884,False
3430,0.8536576732793313,97.89660135060335,0.45063398665608745,False
3431,0.875195788740725,98.50220264317181,0.44805797378060735,False
3432,0.8948692308065574,97.80965940203701,0.39618843175662005,False
3433,0.9127341558073343,98.4536643798323,0.3909842572796785,False
3434,0.9288391461883214,97.79571057192375,0.32426596752018544,False
3435,0.9432261548473415,98.38396897220427,0.3122189179644921,False
3436,0.9559312637896478,98.39279974284796,0.2994734500603073,False
3437,0.9669852958320848,98.40170484816196,0.2882657951866054,False
3438,0.976414308115487,98.41068022886205,0.27825326586694676,False
3439,0.9842399889605549,98.4197218710493,0.2703034687186966,False
3440,0.9904799742690308,98.4288258091547,0.26443517965863816,False
3441,0.995148095654003,98.43798812870978,0.25966154546859804,False
3442,0.9982545693874831,98.4472049689441,0.2566951448109691,False
3443,0.999806132804711,98.45647252521096,0.2544913005790131,False
3444,0.999806132804711,97.80585106382979,0.16968073830722882,False
3445,0.9982545693874831,98.40366039654296,0.1662229751472847,False
3446,0.995148095654003,98.41839312784235,0.16509550772540044,False
3447,0.9904799742690308,98.43310566492568,0.16586779439070343,False
3448,0.9842399889605549,98.44779397085246,0.18789394307976123,False
3449,0.976414308115487,98.46245412161493,0.18816212422062734,False
3450,0.9669852958320848,98.47708230655495,0.23479231546013027,False
3451,0.9559312637896478,98.49167482859941,0.23484820253267244,False
3452,0.9432261548473415,98.50622810432074,0.2346893494389177,False
3453,0.9288391461883214,98.52073866383061,0.23400541253708437,False
3454,0.9127341558073343,98.53520315051388,0.23248560137733323,False
3455,0.8948692308065574,98.54961832061069,0.22964146383425915,False
3456,0.875195788740725,98.55450236966824,0.22566156492785372,False
3457,0.8536576732793313,98.59711891535638,0.21954381009061408,False
3458,0.8301899714180443,98.60268172194777,0.21423362983600627,False
3459,0.804717519321077,98.60836859426422,0.20861795564774835,False
3460,0.7771529943226336,98.61417766712079,0.22114624620450626,False
3461,0.7473944462440387,98.62010701210926,0.21864065261165605,False
3462,0.7153220528038851,98.62615463965865,0.21735685853408443,False
3463,0.7153220528038851,98.63231850117096,0.22091634253056436,False
3464,0.7153220528038851,98.63859649122807,0.22205846074024205,False
3465,0.6807937753703206,98.6449864498645,0.22361817293723213,False
3466,0.6436394131461666,98.65148616490131,0.22469169082663504,False
3467,0.6436394131461666,98.65809337433603,0.22668052190572302,False
3468,0.6436394131461666,98.09430621563693,0.23456833173937164,False
3469,0.6436394131461666,98.57422421023203,0.2429870442230909,False
3470,0.603652249754401,97.86927192370318,0.20854520485401432,False
3471,0.560576942614533,98.50441244774733,0.21803849733781372,False
3472,0.5140912790181235,98.51161496731117,0.22683462161418882,False
3473,0.4637773498877516,98.51892992687216,0.23528123401281192,False
3474,0.40907313904382653,98.52635469118123,0.24315979858717743,False
3475,0.3491843735073079,98.53388658367912,0.250566106371811,False
3476,0.2829047929798921,98.54152288934898,0.25743899309103285,False
3477,0.208180945557171,98.54926085758883,0.263833242643281,False
3478,0.12068101401352381,98.55709770509826,0.282144496335338,False
3479,-0.0,98.56503061877342,0.2851826692634846,False
3480,0.12068101401352381,98.13084112149532,0.27425631321736815,False
3481,0.208180945557171,98.66302864938608,0.274907242409084,False
3482,0.2829047929798921,98.70463982668352,0.27444122399703585,False
3483,0.3491843735073079,98.27136040334923,0.2708067933526971,False
3484,0.3491843735073079,98.30737372827946,0.2690321765556852,False
3485,0.3491843735073079,98.71886758645404,0.2675727093742196,False
3486,0.3491843735073079,98.71189160278125,0.26653456319536356,False
3487,0.3491843735073079,98.73614190687361,0.2647305640332931,False
3488,0.3491843735073079,98.0395643476328,0.2435769352425064,False
3489,0.3491843735073079,98.80581053382052,0.23709149042883101,False
3490,0.3491843735073079,98.80762411347517,0.23068879366004388,False
3491,0.3491843735073079,98.80952380952381,0.22387382594242164,False
3492,0.3491843735073079,98.81150776247698,0.2171844337185607,False
3493,0.3491843735073079,98.81793596789672,0.2128123054067683,False
3494,0.3491843735073079,98.82005899705015,0.2089615611265575,False
3495,0.3491843735073079,98.82005899705015,0.204418452791416,False
3496,0.3491843735073079,98.82005899705015,0.22444608564934976,False
3497,0.3491843735073079,98.82005899705015,0.22518632352550874,False
3498,0.3491843735073079,98.11688311688312,0.21052195956818284,False
3499,0.3491843735073079,98.75593952483801,0.213400981619941,False
3500,0.3491843735073079,98.76303766916645,0.2162091472487148,False
3501,0.3491843735073079,98.77020983832129,0.21991029875917043,False
3502,0.3491843735073079,98.77745367192863,0.2236053266303635,False
3503,0.3491843735073079,98.78476679503638,0.22728254166841205,False
3504,0.3491843735073079,98.79214682031584,0.23093884936246195,False
3505,0.3491843735073079,98.7995913502469,0.23456380519465203,False
3506,0.3491843735073079,98.80709797928341,0.23814396500891627,False
3507,0.3491843735073079,98.81466429599526,0.24166672408009393,False
3508,0.3491843735073079,98.82228788518363,0.24512026879423862,False
3509,0.3491843735073079,98.82996632996633,0.2474107382367875,False
3510,0.3491843735073079,98.83769721383014,0.24955029477095655,False
3511,0.3491843735073079,98.84547812264704,0.25197509356931796,False
3512,0.3491843735073079,98.85330664665166,0.2541714504226393,False
3513,0.3491843735073079,98.5120532003325,0.2540842101027753,False
3514,0.3491843735073079,98.93537696768848,0.25356430584766276,False
3515,0.3491843735073079,98.93537696768848,0.25372180133916944,False
3516,0.3491843735073079,98.26014913007457,0.23252819973381417,False
3517,0.3491843735073079,99.00994200497101,0.22824202298115776,False
3518,0.3491843735073079,99.01742217818511,0.22381234786005474,False
3519,0.3491843735073079,99.02493211552704,0.22060529951393157,False
3520,0.3491843735073079,99.03246966218433,0.21717764178605206,False
3521,0.3491843735073079,99.04003267973856,0.21353149642779296,False
3522,0.3491843735073079,99.04761904761905,0.20966850841517054,False
3523,0.3491843735073079,99.05522666450409,0.2042520827773227,False
3524,0.3491843735073079,99.06285344966876,0.1975882030522146,False
3525,0.3491843735073079,99.07049734427812,0.19057917606808658,False
3526,0.3491843735073079,99.07815631262525,0.18321420744108383,False
3527,0.3491843735073079,99.08582834331337,0.17515765044986506,False
3528,0.3491843735073079,99.09351145038168,0.16674976836968808,False
3529,0.3491843735073079,99.1012036743744,0.15965193516677662,False
3530,0.3491843735073079,99.10890308335304,0.22342716778814323,False
3531,0.3491843735073079,99.11660777385158,0.30424158283280217,False
3532,0.3491843735073079,99.12431587177483,0.34037893232009453,False
3533,0.3491843735073079,99.13202553323993,0.37094777020744013,False
3534,0.3491843735073079,99.13973494536154,0.397280844603535,False
3535,0.3491843735073079,99.14744232698094,0.4202199887831135,False
3536,0.3491843735073079,99.15514592933948,0.44034062404162905,False
3537,0.3491843735073079,99.16284403669725,0.4580592068193296,False
3538,0.3491843735073079,99.17053496689749,0.47369067141762095,False
3539,0.3491843735073079,99.1782170718776,0.4874817390285913,False
3540,0.3491843735073079,99.18588873812755,0.4996314816329382,False
3541,0.2829047929798921,99.19354838709677,0.5103046709509322,False
3542,0.208180945557171,99.20119447555058,0.5196408108167262,False
3543,0.12068101401352381,98.92123926838373,0.5282796259592072,False
3544,-0.0,99.14147069802165,0.5361475192115017,False
3545,-0.0,99.14147069802165,0.5429731256699627,False
3546,0.12068101401352381,99.14147069802165,0.5488455094810865,False
3547,0.12068101401352381,99.14147069802165,0.5539481527783289,False
3548,0.12068101401352381,99.14147069802165,0.5582331646827601,False
3549,0.12068101401352381,99.14147069802165,0.5617756266324374,False
3550,0.208180945557171,98.38422108312903,0.5405094405192883,False
3551,0.2829047929798921,98.14649728846297,0.49990457793596876,False
3552,0.2829047929798921,98.35079117450412,0.4759055713531922,False
3553,0.2829047929798921,98.35079117450412,0.45185225947845964,False
3554,0.3491843735073079,98.35079117450412,0.42794724263601164,False
3555,0.40907313904382653,98.35079117450412,0.4040957198667371,False
3556,0.4637773498877516,98.35079117450412,0.3803457360100334,False
3557,0.5140912790181235,98.35079117450412,0.3567555357845465,False
3558,0.560576942614533,98.35079117450412,0.3333969173176901,False
3559,0.603652249754401,98.35079117450412,0.3103598704720735,False
3560,0.6436394131461666,98.35079117450412,0.28775902063378106,False
3561,0.6807937753703206,98.35079117450412,0.2692911945683947,False
3562,0.7153220528038851,98.35079117450412,0.2485060068775044,False
3563,0.7473944462440387,98.35079117450412,0.2697312884251312,False
3564,0.7473944462440387,98.35079117450412,0.2547404305166523,False
3565,0.7473944462440387,98.35079117450412,0.240268924067823,False
3566,0.7473944462440387,98.35079117450412,0.22985823528051325,False
3567,0.7473944462440387,98.35079117450412,0.22057993168211623,False
3568,0.7473944462440387,98.35079117450412,0.24320080916038594,False
3569,0.7473944462440387,98.35079117450412,0.24007181170273975,False
3570,0.7473944462440387,98.35079117450412,0.2381751196272112,False
3571,0.7473944462440387,98.35079117450412,0.2374006431506641,False
3572,0.7473944462440387,98.35079117450412,0.23761535683523347,False
3573,0.7473944462440387,98.35079117450412,0.23866871428324787,False
3574,0.7473944462440387,98.35079117450412,0.2401038012106906,False
3575,0.7473944462440387,98.35079117450412,0.2420440620363593,False
3576,0.7473944462440387,98.35079117450412,0.2443434097387855,False
3577,0.7473944462440387,98.35079117450412,0.24685912171603253,False
3578,0.7473944462440387,98.35079117450412,0.24734774576185242,False
3579,0.7473944462440387,98.35079117450412,0.2520967974391322,False
3580,0.7473944462440387,98.35079117450412,0.25619840528714677,False
3581,0.7473944462440387,98.14649728846297,0.25591678487260205,False
3582,0.7473944462440387,98.41393655746229,0.2584546275139762,False
3583,0.7473944462440387,97.70063456513624,0.2174549375787102,False
3584,0.7473944462440387,98.45461365341335,0.21805558920022858,False
3585,0.7473944462440387,98.22955738934733,0.21905873856634211,False
3586,0.7473944462440387,98.51087771942986,0.21677760570023083,False
3587,0.7473944462440387,98.50369365294739,0.25795090043486824,False
3588,0.7771529943226336,97.78080739225933,0.22711239872060487,False
3589,0.804717519321077,98.53892397838825,0.2222552739502163,False
3590,0.804717519321077,98.53892397838825,0.22514642168146992,False
3591,0.804717519321077,98.53892397838825,0.22017722441161586,False
3592,0.804717519321077,98.53892397838825,0.21536045791759487,False
3593,0.804717519321077,98.53892397838825,0.21073631817961086,False
3594,0.804717519321077,98.53892397838825,0.20645193078695817,False
3595,0.804717519321077,98.53892397838825,0.20241398744919967,False
3596,0.804717519321077,98.53892397838825,0.19872078531705256,False
3597,0.804717519321077,98.53892397838825,0.19527260962128143,False
3598,0.804717519321077,98.28780153717373,0.19477711935451741,False
3599,0.804717519321077,98.58838748953656,0.18943173140265046,False
3600,0.804717519321077,98.58180428134557,0.18477422086239637,False
3601,0.804717519321077,98.5752688172043,0.1807790047542246,False
3602,0.804717519321077,98.56878327289562,0.17741373571052482,False
3603,0.804717519321077,98.56234984112221,0.17463974188666676,False
3604,0.8301899714180443,98.55597073018839,0.17241279363021342,False
3605,0.8536576732793313,98.54964816262705,0.1706841389717686,False
3606,0.875195788740725,98.54338437377307,0.16940172136996243,False
3607,0.875195788740725,97.77777777777777,0.08907849698335221,False
3608,0.8948692308065574,98.49234393404005,0.08871897342888352,False
3609,0.9127341558073343,98.49234393404005,0.08886092297827909,False
3610,0.9288391461883214,98.1468338459112,0.0674640432395702,False
3611,0.9288391461883214,98.42809629394995,0.06939906862122823,False
3612,0.9288391461883214,98.42159669211196,0.19111941846012315,False
3613,0.9432261548473415,98.41516966067864,0.1923447844607409,False
3614,0.9559312637896478,98.40881763527054,0.19315968749316814,False
3615,0.9559312637896478,98.40254305488492,0.1937112787171712,False
3616,0.9559312637896478,98.39634835999354,0.19393663082548904,False
3617,0.9559312637896478,98.39023599059281,0.19397549353691879,False
3618,0.9432261548473415,98.38420838420838,0.2272953751575456,False
3619,0.9288391461883214,98.37826797385621,0.22820083681869344,False
3620,0.9127341558073343,98.3724171859626,0.2940455349568927,False
3621,0.8948692308065574,98.36665843824571,0.2956761876110631,False
3622,0.875195788740725,98.3609941375609,0.297015757601993,False
3623,0.8536576732793313,98.35542667771334,0.2980966895042109,False
3624,0.8301899714180443,98.34995843724023,0.2989489641074247,False
3625,0.8301899714180443,98.3445917771662,0.2996003845028226,False
3626,0.8301899714180443,98.33932903873504,0.300076803880608,False
3627,0.8301899714180443,98.33417254112118,0.30040230646143795,False
3628,0.8301899714180443,98.32912457912458,0.3005993503749221,False
3629,0.8301899714180443,98.32418742085268,0.30057928359769576,False
3630,0.8301899714180443,98.31936330539328,0.3004963089618498,False
3631,0.8301899714180443,98.31465444048226,0.3003643087075895,False
3632,0.8301899714180443,97.58447953812193,0.2421935902233542,False
3633,0.8301899714180443,98.25097639667176,0.2414398033901431,False
3634,0.8301899714180443,98.25097639667176,0.24080891350548847,False
3635,0.8301899714180443,98.25097639667176,0.24029171320016393,False
3636,0.8301899714180443,98.25097639667176,0.2398791769220907,False
3637,0.8301899714180443,98.25097639667176,0.23956250394998296,False
3638,0.8301899714180443,97.7907372722629,0.20783811787357273,False
3639,0.8301899714180443,98.17755014938113,0.25180608773878654,False
3640,0.8301899714180443,97.45625266752027,0.17089011085229816,False
3641,0.8301899714180443,98.10499359795135,0.1688990365431163,False
3642,0.8301899714180443,98.10499359795135,0.1677140455005036,False
3643,0.8301899714180443,98.10499359795135,0.1758059938013519,False
3644,0.8301899714180443,98.10499359795135,0.17850241601866892,False
3645,0.8301899714180443,98.10499359795135,0.18149040345887396,False
3646,0.8301899714180443,98.10499359795135,0.18472186130779536,False
3647,0.8301899714180443,98.10499359795135,0.18815264166357493,False
3648,0.8301899714180443,98.10499359795135,0.19174266655309044,False
3649,0.804717519321077,98.10499359795135,0.19474644306001837,False
3650,0.7771529943226336,98.10499359795135,0.19776132213600595,False
3651,0.7771529943226336,98.10499359795135,0.19983351286685083,False
3652,0.7771529943226336,98.10499359795135,0.20183109640177513,False
3653,0.7771529943226336,98.10499359795135,0.20374208861884702,False
3654,0.7771529943226336,98.10499359795135,0.2055560564367511,False
3655,0.7771529943226336,98.10499359795135,0.2072639498359272,False
3656,0.7771529943226336,98.10499359795135,0.20885794849038455,False
3657,0.7771529943226336,98.10499359795135,0.21033132260719015,False
3658,0.7771529943226336,98.10499359795135,0.21167830721083494,False
3659,0.7771529943226336,97.45625266752027,0.15608455268478377,False
3660,0.7771529943226336,98.17755014938113,0.15588234835344184,False
3661,0.7771529943226336,98.18235995232419,0.15519324214884794,False
3662,0.7771529943226336,98.18729835286126,0.15399739142339824,False
3663,0.804717519321077,97.81136228939124,0.1423979033066306,False
3664,0.8301899714180443,98.26086956521739,0.13697675608575766,False
3665,0.8301899714180443,98.26086956521739,0.13121130463156316,False
3666,0.8301899714180443,98.26086956521739,0.12506468709861868,False
3667,0.8301899714180443,98.26086956521739,0.11848894050747794,False
3668,0.8301899714180443,98.26086956521739,0.11142017088739682,False
3669,0.8301899714180443,98.26086956521739,0.10509599043305376,False
3670,0.804717519321077,98.26086956521739,0.0981136073399671,False
3671,0.804717519321077,98.26086956521739,0.09285155877131371,False
3672,0.804717519321077,98.26086956521739,0.08766231384978727,False
3673,0.804717519321077,98.26086956521739,0.0825488843655277,False
3674,0.804717519321077,98.26086956521739,0.07746207619354334,False
3675,0.804717519321077,98.26086956521739,0.07246634915278038,False
3676,0.804717519321077,98.26086956521739,0.06756192819954347,False
3677,0.804717519321077,98.26086956521739,0.06274871069455813,False
3678,0.804717519321077,98.26086956521739,0.058026129571013295,False
3679,0.8301899714180443,98.26086956521739,0.05339295363266782,False
3680,0.8536576732793313,98.26086956521739,0.048846989117100885,False
3681,0.875195788740725,98.26086956521739,0.044384620710804554,False
3682,0.8948692308065574,98.26086956521739,0.04000008031516443,False
3683,0.9127341558073343,98.26086956521739,0.0356842297469241,False
3684,0.9288391461883214,98.26086956521739,0.03142241772952936,False
3685,0.9432261548473415,98.26086956521739,0.027190420616916327,False
3686,0.9559312637896478,98.26086956521739,0.02294594654379998,False
3687,0.9669852958320848,98.26086956521739,0.018608092391737052,False
3688,0.976414308115487,98.26086956521739,0.013994755818600347,False
3689,0.9842399889605549,98.26086956521739,0.008520154034503255,False
3690,0.9904799742690308,98.26086956521739,0.0068214373655161534,False
3691,0.995148095654003,98.26086956521739,0.005140621967430113,False
3692,0.9982545693874831,98.26086956521739,0.0033504294170797343,False
3693,0.999806132804711,98.26086956521739,5.684341886080802e-14,False
3694,0.999806132804711,98.26086956521739,5.684341886080802e-14,False
3695,0.9982545693874831,98.26086956521739,5.684341886080802e-14,False
3696,0.995148095654003,98.26086956521739,5.684341886080802e-14,False
3697,0.9904799742690308,98.26086956521739,5.684341886080802e-14,False
3698,0.9842399889605549,98.26086956521739,5.684341886080802e-14,False
3699,0.976414308115487,98.26086956521739,5.684341886080802e-14,False
3700,0.9669852958320848,98.26086956521739,5.684341886080802e-14,False
3701,0.9559312637896478,98.26086956521739,5.684341886080802e-14,False
3702,0.9432261548473415,98.26086956521739,5.684341886080802e-14,False
3703,0.9288391461883214,98.26086956521739,5.684341886080802e-14,False
3704,0.9127341558073343,98.26086956521739,5.684341886080802e-14,False
3705,0.8948692308065574,98.26086956521739,0.1500780111534389,False
3706,0.875195788740725,98.26086956521739,0.15060214041230718,False
3707,0.8536576732793313,98.26086956521739,0.18782751642084522,False
3708,0.8301899714180443,98.26086956521739,0.18802977517953484,False
3709,0.804717519321077,98.26086956521739,0.19675606955051933,False
3710,0.7771529943226336,98.26086956521739,0.22487348398770615,False
3711,0.7473944462440387,98.26086956521739,0.22552021373801587,False
3712,0.7153220528038851,98.26086956521739,0.2554333940914861,False
3713,0.6807937753703206,98.26086956521739,0.2581162634317358,False
3714,0.6436394131461666,98.26086956521739,0.28850675004828646,False
3715,0.603652249754401,98.26086956521739,0.3142040682712383,False
3716,0.560576942614533,98.26086956521739,0.33634437117529403,False
3717,0.5140912790181235,98.26086956521739,0.35564805471388267,False
3718,0.4637773498877516,98.26086956521739,0.37260915234145475,False
3719,0.40907313904382653,98.26086956521739,0.38758616625322406,False
3720,0.3491843735073079,98.26086956521739,0.40085069776359183,False
3721,0.2829047929798921,98.26086956521739,0.41261567199719973,False
3722,0.208180945557171,98.26086956521739,0.42305276786746404,False
3723,0.12068101401352381,98.26086956521739,0.42307748401802703,False
3724,0.12068101401352381,98.26086956521739,0.4349651928745039,False
3725,0.12068101401352381,97.58970029548333,0.41949195109163867,False
3726,0.12068101401352381,98.29463908822288,0.42925931921125454,False
3727,0.208180945557171,98.74158249158249,0.4234401370553388,False
3728,0.2829047929798921,98.29463908822288,0.4313847508172837,False
3729,0.3491843735073079,97.99762932859198,0.434598296603053,False
3730,0.3491843735073079,98.73492952963151,0.42717258685251397,False
3731,0.2829047929798921,98.34012565800646,0.43243242701085943,False
3732,0.2829047929798921,98.80285277636271,0.4205016799781509,False
3733,0.2829047929798921,98.11850842840116,0.4231945138029157,False
3734,0.2829047929798921,98.85616730687153,0.4069531887281205,False
3735,0.2829047929798921,98.85616730687153,0.3908612147968309,False
3736,0.2829047929798921,98.85616730687153,0.3899155924304793,False
3737,0.2829047929798921,98.85616730687153,0.4380250268014629,False
3738,0.2829047929798921,98.85616730687153,0.43901526935685053,False
3739,0.2829047929798921,98.85616730687153,0.440569744633187,False
3740,0.2829047929798921,98.85616730687153,0.44320884349223805,False
3741,0.2829047929798921,98.85616730687153,0.44551006969160906,False
3742,0.2829047929798921,98.85616730687153,0.4481829667543181,False
3743,0.2829047929798921,98.43790012804098,0.4590941310643266,False
3744,0.2829047929798921,98.91591976099018,0.458639331168841,False
3745,0.2829047929798921,98.91741548994437,0.5107150922221256,False
3746,0.2829047929798921,98.91901166781057,0.5113929762418233,False
3747,0.2829047929798921,98.92070863433092,0.5538713860098444,False
3748,0.2829047929798921,98.92250668045858,0.5521187322525052,False
3749,0.2829047929798921,98.9244060475162,0.5756218469139903,False
3750,0.2829047929798921,98.92640692640693,0.572833112075119,False
3751,0.2829047929798921,98.9285094568801,0.5702562566579145,False
3752,0.3491843735073079,98.93071372685387,0.5678897649987752,False
3753,0.40907313904382653,98.93301977179688,0.5657321086937181,False
3754,0.4637773498877516,98.93542757417103,0.5639586349887106,False
3755,0.5140912790181235,98.93793706293707,0.5623452455062438,False
3756,0.560576942614533,98.2298951048951,0.550590444119484,False
3757,0.603652249754401,97.71911391296734,0.5003368317918819,False
3758,0.603652249754401,98.20222748399544,0.48716708163004135,False
3759,0.603652249754401,98.20832601440365,0.47400155947969197,False
3760,0.6436394131461666,98.2145998240985,0.46034057672342915,False
3761,0.6807937753703206,98.22104799647732,0.44754668335638154,False
3762,0.7153220528038851,98.22766951767922,0.43497916560993843,False
3763,0.7473944462440387,98.23446327683615,0.44433106373869163,False
3764,0.7771529943226336,98.24142806645457,0.4340696866582302,False
3765,0.804717519321077,97.56981265464829,0.3599746994668082,False
3766,0.8301899714180443,98.19282431954754,0.3584378439970436,False
3767,0.8536576732793313,97.56981265464829,0.27617503917773295,False
3768,0.875195788740725,98.24142806645457,0.26801331749221424,False
3769,0.8948692308065574,97.72687146892656,0.19913158537969697,False
3770,0.9127341558073343,98.28498368750552,0.19455542366935524,False
3771,0.9288391461883214,98.28498368750552,0.19084497133187825,False
3772,0.9432261548473415,98.28498368750552,0.18796096308755028,False
3773,0.9559312637896478,98.28498368750552,0.2284997219264966,False
3774,0.9669852958320848,98.28498368750552,0.33664353265667907,False
3775,0.976414308115487,98.28498368750552,0.3605556798901143,False
3776,0.9842399889605549,98.28498368750552,0.383163875318941,False
3777,0.9904799742690308,98.28498368750552,0.4490754454128717,False
3778,0.995148095654003,98.28498368750552,0.4618979498653869,False
3779,0.9982545693874831,98.28498368750552,0.4728960383230914,False
3780,0.999806132804711,98.28498368750552,0.4830271424702391,False
3781,0.999806132804711,98.28498368750552,0.49153804233673365,False
3782,0.9982545693874831,98.28498368750552,0.4985819981570834,False
3783,0.995148095654003,97.64130147253329,0.4860542912366727,False
3784,0.9904799742690308,98.32466272815448,0.4901189276542356,False
3785,0.9842399889605549,98.31792162043153,0.4929988940413534,False
3786,0.976414308115487,97.75869660942317,0.4877948611831482,False
3787,0.9669852958320848,98.26067811536768,0.5247697064290741,False
3788,0.9669852958320848,98.26067811536768,0.5264942357911685,False
3789,0.9669852958320848,98.26067811536768,0.5532550213363128,False
3790,0.9669852958320848,98.26067811536768,0.5544737382811342,False
3791,0.9559312637896478,98.26067811536768,0.5551540147088672,False
3792,0.9432261548473415,98.26067811536768,0.5554107862556603,False
3793,0.9288391461883214,97.56816182937555,0.5392109199990867,False
3794,0.9127341558073343,97.03166226912928,0.47828438321405414,False
3795,0.8948692308065574,97.51539138082674,0.4596874148342651,False
3796,0.875195788740725,97.51539138082674,0.4403586083069,False
3797,0.8536576732793313,97.03166226912928,0.37242392483298253,False
3798,0.8301899714180443,97.57695690413368,0.35627261011158795,False
3799,0.804717519321077,97.58696609423161,0.34190197221136487,False
3800,0.7771529943226336,97.59721364958999,0.3458152620325717,False
3801,0.7473944462440387,97.607697740113,0.33429162894419406,False
3802,0.7153220528038851,97.61841640155532,0.32469130342804214,False
3803,0.6807937753703206,97.62936753648827,0.31706996736336185,False
3804,0.6436394131461666,97.64054891544932,0.3109198356963234,False
3805,0.603652249754401,97.65195817827397,0.3057953746448835,False
3806,0.560576942614533,97.66359283560915,0.3018992325086561,False
3807,0.5140912790181235,97.01188153928001,0.23137701253438495,False
3808,0.4637773498877516,97.62812555417628,0.22706222961972858,False
3809,0.40907313904382653,97.05438736580605,0.14997833024190596,False
3810,0.3491843735073079,97.58988015978694,0.14481712301228328,False
3811,0.2829047929798921,97.60213143872113,0.14157629199541016,False
3812,0.208180945557171,97.61460554371003,0.13994398769207772,False
3813,0.208180945557171,97.62729938683017,0.13953647971584465,False
3814,0.208180945557171,97.64020975913252,0.13947154896780914,False
3815,0.208180945557171,97.65333333333334,0.18564282528218348,False
3816,0.208180945557171,97.66666666666667,0.18591546706485124,False
3817,0.208180945557171,97.680206203893,0.18637529101127326,False
3818,0.208180945557171,97.69394828045854,0.18644050525355568,False
3819,0.12068101401352381,97.70788912579957,0.21918652642018088,False
3820,-0.0,97.10820895522389,0.1887865312178859,False
3821,-0.0,97.6634683724236,0.23420978232935977,False
3822,-0.0,97.6634683724236,0.2619605703217014,False
3823,-0.0,97.6634683724236,0.260543277691009,False
3824,-0.0,97.6634683724236,0.2592045717245115,False
3825,-0.0,97.6634683724236,0.2583649431787356,False
3826,-0.0,97.6634683724236,0.28193245468525047,False
3827,-0.0,97.6634683724236,0.28102046618904275,False
3828,-0.0,97.6634683724236,0.2804575168958969,False
3829,-0.0,97.6634683724236,0.30799759317459025,False
3830,-0.0,97.6634683724236,0.3077326062070224,False
3831,-0.0,97.6634683724236,0.3375066737762854,False
3832,-0.0,97.6634683724236,0.3627386111831956,False
3833,-0.0,97.6634683724236,0.3844406678637566,False
3834,-0.0,97.6634683724236,0.40328987579902537,False
3835,-0.0,97.04706927175843,0.40169816150778076,False
3836,-0.0,97.62094984465158,0.41694330890102377,False
3837,-0.0,97.63552479815455,0.43024016446650587,False
3838,-0.0,97.65029260507183,0.4419845049471029,False
3839,-0.0,97.07394928178755,0.42791009379146766,False
3840,-0.0,97.59709168292251,0.43560847155779425,False
3841,-0.0,96.96969696969697,0.4199334170754347,False
3842,-0.0,97.03851261620186,0.4096246552330513,False
3843,-0.0,97.61609907120743,0.4160967323518126,False
3844,-0.0,97.61609907120743,0.42204978599363324,False
3845,-0.0,97.61609907120743,0.42751603139222955,False
3846,-0.0,97.03851261620186,0.41909202184540667,False
3847,-0.0,97.53234095339359,0.42158472421265486,False
3848,0.12068101401352381,97.51729029969853,0.42366069274356827,False
3849,0.208180945557171,96.94791943926892,0.4055297161407611,False
3850,0.2829047929798921,97.54549489569463,0.40644012620888215,False
3851,0.3491843735073079,98.1358189081225,0.3988621390316387,False
3852,0.40907313904382653,98.12611012433392,0.3757353588134199,False
3853,0.4637773498877516,98.11656005685856,0.3531743314556271,False
3854,0.5140912790181235,98.10717142095442,0.3311660318541119,False
3855,0.560576942614533,98.09794684916896,0.30969532714037995,False
3856,0.603652249754401,98.08888888888889,0.28874572828327477,False
3857,0.6436394131461666,98.08,0.2684591003637593,False
3858,0.6807937753703206,98.07128255266198,0.24873457266797677,False
3859,0.7153220528038851,97.46244778241935,0.24644058141053685,False
3860,0.7473944462440387,97.98684561372322,0.23359460027942544,False
3861,0.7771529943226336,97.98684561372322,0.2210513210749126,False
3862,0.804717519321077,97.98684561372322,0.20836383380490042,False
3863,0.8301899714180443,97.98684561372322,0.19551892487086817,False
3864,0.8536576732793313,97.98684561372322,0.18249602427193568,False
3865,0.875195788740725,97.98684561372322,0.16926436734111036,False
3866,0.8948692308065574,97.35626055274149,0.1503303698220494,False
3867,0.9127341558073343,97.90334044065388,0.14343463111500881,False
3868,0.9288391461883214,97.89520426287744,0.13729286455366713,False
3869,0.9432261548473415,97.88726142920551,0.13188007045321096,False
3870,0.9559312637896478,97.87367104440276,0.12873859437597432,False
3871,0.9669852958320848,97.23487894219602,0.05675671794258165,False
3872,0.976414308115487,97.77092825873314,0.056786153927045724,False
3873,0.9842399889605549,97.77092825873314,0.05670990329868248,False
3874,0.9904799742690308,97.77092825873314,0.05654254646984289,False
3875,0.995148095654003,97.77092825873314,0.05630562169911849,False
3876,0.995148095654003,97.77092825873314,0.05602071065854635,False
3877,0.9982545693874831,97.77092825873314,0.05469298397405071,False
3878,0.999806132804711,97.77092825873314,0.052913818637605754,False
3879,0.999806132804711,97.77092825873314,0.050554618954007306,False
3880,0.9982545693874831,97.77092825873314,0.045662052403075234,False
3881,0.995148095654003,97.77092825873314,0.039284472406233735,False
3882,0.9904799742690308,97.77092825873314,0.03326581447720284,False
3883,0.9842399889605549,97.77092825873314,0.027813502779415317,False
3884,0.976414308115487,97.77092825873314,0.02297729418599771,False
3885,0.976414308115487,97.77092825873314,0.018830783462526087,False
3886,0.976414308115487,97.77092825873314,0.11096003192912957,False
3887,0.976414308115487,97.77092825873314,0.11335485095126421,False
3888,0.976414308115487,97.77092825873314,0.11607465757694393,False
3889,0.976414308115487,97.77092825873314,0.15330373028622846,False
3890,0.976414308115487,97.77092825873314,0.16023596939494464,False
3891,0.976414308115487,97.77092825873314,0.16654824348731853,False
3892,0.976414308115487,97.77092825873314,0.19350574353833508,False
3893,0.976414308115487,97.77092825873314,0.19565957064533432,False
3894,0.976414308115487,97.77092825873314,0.19744012310046122,False
3895,0.976414308115487,97.77092825873314,0.19888884970606793,False
3896,0.976414308115487,97.77092825873314,0.20004033389828074,False
3897,0.976414308115487,97.77092825873314,0.20098876697466447,False
3898,0.976414308115487,97.77092825873314,0.20173475644454136,False
3899,0.976414308115487,97.77092825873314,0.2023060439280232,False
3900,0.976414308115487,97.77092825873314,0.23094083296787846,False
3901,0.976414308115487,97.77092825873314,0.2309164106665821,False
3902,0.976414308115487,97.77092825873314,0.23092418985304158,False
3903,0.976414308115487,97.77092825873314,0.23092991858734507,False
3904,0.976414308115487,97.77092825873314,0.23093391001340732,False
3905,0.976414308115487,97.77092825873314,0.23093647720914903,False
3906,0.9669852958320848,97.2795497185741,0.20312480278861125,False
3907,0.9559312637896478,97.86473688912713,0.2016256940535403,False
3908,0.9432261548473415,97.87262569832403,0.1999808184459156,False
3909,0.9432261548473415,97.31288562997406,0.17305794624503568,False
3910,0.9432261548473415,97.95608032559596,0.16654783095020848,False
3911,0.9432261548473415,97.95608032559596,0.19095252007083535,False
3912,0.9432261548473415,97.31735670213718,0.1654750226168314,False
3913,0.9559312637896478,97.87262569832403,0.16502399160940012,False
3914,0.9559312637896478,97.86473688912713,0.16517554208697885,False
3915,0.9559312637896478,97.85704718960667,0.1658808663479218,False
3916,0.9559312637896478,97.84955831176943,0.16709029740641046,False
3917,0.9559312637896478,97.8422718559137,0.1947182079474852,False
3918,0.9559312637896478,97.83518930957683,0.19980079698002762,False
3919,0.9559312637896478,97.82831204663789,0.20997949676018593,False
3920,0.9559312637896478,97.26313915713587,0.18969774699140965,False
3921,0.9559312637896478,97.7348582617596,0.20115826379279103,False
3922,0.9559312637896478,97.7348582617596,0.21241406375794872,False
3923,0.9559312637896478,97.7348582617596,0.22206155640294892,False
3924,0.9559312637896478,97.7348582617596,0.2314840916962265,False
3925,0.9559312637896478,97.7348582617596,0.2406862879551035,False
3926,0.9559312637896478,97.7348582617596,0.24967085176477058,False
3927,0.9669852958320848,97.7348582617596,0.25843902441142186,False
3928,0.976414308115487,97.7348582617596,0.26699092018603426,False
3929,0.976414308115487,97.7348582617596,0.27532578707700883,False
3930,0.976414308115487,97.7348582617596,0.2834422108370784,False
3931,0.976414308115487,97.26758933736816,0.27115852482756014,False
3932,0.976414308115487,97.82831204663789,0.27713821782256454,False
3933,0.976414308115487,97.83518930957683,0.28273683380288694,False
3934,0.976414308115487,97.8422718559137,0.28796560042152064,False
3935,0.976414308115487,97.84955831176943,0.2928336974110211,False
3936,0.976414308115487,97.85704718960667,0.2973486175636623,False
3937,0.9669852958320848,97.28848387384973,0.2854384479661941,False
3938,0.9669852958320848,97.93966480446927,0.2872194504366064,False
3939,0.9669852958320848,97.43016759776536,0.285137125188013,False
3940,0.976414308115487,98.0245810055866,0.28300642031828,False
3941,0.9842399889605549,98.03272824823392,0.2803362766134157,False
3942,0.9904799742690308,98.0410572923655,0.2764526116938327,False
3943,0.995148095654003,98.049566073186,0.2732727275675135,False
3944,0.9982545693874831,98.05825242718447,0.26981166475519086,False
3945,0.999806132804711,98.06711409395973,0.266077312540838,False
3946,0.999806132804711,98.07614871817816,0.26207777151675454,False
3947,0.999806132804711,98.08535385165966,0.2578213740159091,False
3948,0.999806132804711,98.09472695558836,0.25255832545427676,False
3949,0.999806132804711,98.10426540284361,0.24711945857568016,False
3950,0.999806132804711,98.11396648044693,0.24086795761834057,False
3951,0.999806132804711,98.12382739212008,0.2356702340990897,False
3952,0.999806132804711,98.13384526094914,0.23060692807951658,False
3953,0.999806132804711,98.14401713214954,0.23309143243500655,False
3954,0.999806132804711,98.15433997592618,0.22618563318435272,False
3955,0.9982545693874831,98.16481069042317,0.21909434968884153,False
3956,0.995148095654003,98.17542610475724,0.21183014254532212,False
3957,0.9904799742690308,98.18618298212857,0.24651219485489295,False
3958,0.9842399889605549,98.1970780230028,0.23986106458929024,False
3959,0.9842399889605549,98.20810786835803,0.2333431637293666,False
3960,0.9842399889605549,98.21926910299004,0.22699307063998175,False
3961,0.976414308115487,98.23055825886932,0.2208484835535945,False
3962,0.9669852958320848,98.24197181854322,0.21578639739856872,False
3963,0.9559312637896478,98.25350621857635,0.21087377576161595,False
3964,0.9432261548473415,98.26515785302277,0.20613692676228323,False
3965,0.9288391461883214,98.27692307692308,0.20160391833274766,False
3966,0.9288391461883214,98.28879820981966,0.19730450621748372,False
3967,0.9432261548473415,98.30077953928352,0.19326998223691194,False
3968,0.9559312637896478,98.312863324446,0.1905423188725281,False
3969,0.9669852958320848,98.32504579952892,0.18805191846745986,False
3970,0.976414308115487,98.3373231773667,0.18666311130585328,False
3971,0.9842399889605549,98.3496916529141,0.18546949190162373,False
3972,0.9904799742690308,98.3621474067334,0.1844904285485658,False
3973,0.995148095654003,97.88119069283765,0.17426614670615584,False
3974,0.995148095654003,98.29715325620694,0.17675023931380093,False
3975,0.9982545693874831,98.29715325620694,0.1797881843620236,False
3976,0.999806132804711,98.29715325620694,0.18334065906477987,False
3977,0.999806132804711,97.59228840667416,0.12696501150830378,False
3978,0.9982545693874831,98.24069682204303,0.13419790869128848,False
3979,0.9982545693874831,98.25376344086021,0.14144697720102598,False
3980,0.9982545693874831,98.26691261636138,0.14870197912727667,False
3981,0.9982545693874831,98.2801403268589,0.15595447848144145,False
3982,0.9982545693874831,98.29344255300994,0.16319745482239165,False
3983,0.9982545693874831,98.3068152812048,0.16407295660101154,False
3984,0.9982545693874831,98.3202545068929,0.2481338614504471,False
3985,0.9982545693874831,98.3337562378415,0.248565714296056,False
3986,0.995148095654003,98.34731649732282,0.24834698913390882,False
3987,0.9904799742690308,98.36093132722534,0.2475750369673389,False
3988,0.9904799742690308,98.37459679108542,0.2466509567396854,False
3989,0.9904799742690308,98.38830897703549,0.2452644540569047,False
3990,1.0916362019205925,98.4020640006658,0.24346780554794384,False
3991,1.0916362019205925,98.4158580077963,0.24130991912731317,False
3992,1.0916362019205925,98.42968717715608,0.2388370510873521,False
3993,1.0916362019205925,98.44354772296796,0.23609340199831752,False
3994,1.0916362019205925,98.4574358974359,0.23312161845392662,False
3995,1.0916362019205925,98.47134799313332,0.2299632193905751,False
3996,1.0916362019205925,98.48528034529093,0.226658959433401,False
3997,1.0916362019205925,98.49922933398231,0.22324913674728517,False
3998,1.0916362019205925,98.51319138620661,0.21977384872523498,False
3999,1.0916362019205925,98.5271629778672,0.21627319524413602,False
4000,1.0916362019205925,98.54114063564586,0.2131395642196512,False
4001,1.0971804769523517,98.55512093877225,0.20768075837202715,False
4002,1.101131799569232,98.56910052068842,0.2016742324524493,False
4003,1.1034990673875957,98.23522397551572,0.2004381608616826,False
4004,1.1042875713905729,97.52236206760072,0.07243954636793433,False
4005,1.1034990673875957,98.21477832512315,0.166036425551845,False
4006,1.1011317995692318,98.23432472730126,0.1648361654557547,False
4007,1.0971804769523517,98.25383804054846,0.1657990877655731,False
4008,1.0916362019205925,98.27331414793498,0.16812008478642362,False
4009,1.0844863484244938,98.29274902249236,0.17082847590500824,False
4010,1.0757143856082798,98.3121387283237,0.1738266732560027,False
4011,1.065299640553338,98.33147942157953,0.177026495038122,False
4012,1.0532169913190046,98.35076735130183,0.18034972113270567,False
4013,1.0394364783172854,98.36999886013906,0.18372804781239516,False
4014,1.0239228180015463,98.38917038493534,0.1866220199276844,False
4015,1.006634797484697,98.40827845719662,0.18818396817232963,False
4016,1.006634797484697,98.42731970343743,0.18923762474380607,False
4017,1.006634797484697,98.44629084541153,0.18976202185638927,False
4018,1.006634797484697,98.46518870022985,0.18973111573142432,False
4019,1.006634797484697,98.4840101803696,0.18911337927817498,False
4020,0.9875245214535493,98.24056655969902,0.18747151228847644,False
4021,0.9665364727522963,98.42499354505551,0.18782957345539444,False
4022,0.9665364727522963,98.42499354505551,0.18809756493352792,False
4023,0.9665364727522963,98.42499354505551,0.18828685971289966,False
4024,0.9665364727522963,98.42499354505551,0.18840638562866824,False
4025,0.9665364727522963,97.69174311926605,0.11240645755194,False
4026,0.9665364727522963,98.3826804424811,0.11277742958107916,False
4027,0.9436063339556555,98.23127769303407,0.11074057599651838,False
4028,0.9186594970880806,98.47899129303805,0.10642348170867683,False
4029,0.8916091590804429,98.47899129303805,0.10182924485306097,False
4030,0.8623538561746378,98.47899129303805,0.09689900931361237,False
4031,0.830774222099454,98.47899129303805,0.09132129443149925,False
4032,0.830774222099454,98.47899129303805,0.08510581402494853,False
4033,0.830774222099454,98.47899129303805,0.0780515459667794,False
4034,0.830774222099454,98.47899129303805,0.07112160710897127,False
4035,0.830774222099454,98.47899129303805,0.15648234157410107,False
4036,0.830774222099454,98.47899129303805,0.1559459430294365,False
4037,0.830774222099454,98.47899129303805,0.17120026270033367,False
4038,0.830774222099454,98.47899129303805,0.18379619891180715,False
4039,0.830774222099454,98.47899129303805,0.19494344156603108,False
4040,0.830774222099454,98.47899129303805,0.20487942284935617,False
4041,0.830774222099454,98.47899129303805,0.21377674769207905,False
4042,0.830774222099454,98.47899129303805,0.22176643703009688,False
4043,0.830774222099454,98.47899129303805,0.2213419055531709,False
4044,0.830774222099454,98.47899129303805,0.2483838506331165,False
4045,0.830774222099454,98.47899129303805,0.25423688889346496,False
4046,0.830774222099454,98.47899129303805,0.2595503366406254,False
4047,0.7967286463062391,98.47899129303805,0.2643652255715944,False
4048,0.7600473303889541,98.47899129303805,0.2688760511508091,False
4049,0.720523936685393,98.47899129303805,0.2728050130898195,False
4050,0.677903479475398,98.47899129303805,0.27634184696277403,False
4051,0.560576942614533,98.47899129303805,0.2795894827834211,False
4052,0.560576942614533,98.47899129303805,0.2825194913924299,False
4053,0.560576942614533,98.47899129303805,0.28515683253842594,False
4054,0.560576942614533,98.47899129303805,0.28752417838892763,False
4055,0.560576942614533,97.80700169803822,0.2526819084111974,False
4056,0.560576942614533,98.53679684959717,0.2541448489692974,False
4057,0.560576942614533,98.7817149428592,0.24522297383242497,False
4058,0.560576942614533,98.7817149428592,0.23696898378732634,False
4059,0.560576942614533,98.7817149428592,0.2288597317223948,False
4060,0.560576942614533,98.7817149428592,0.2209050147569387,False
4061,0.560576942614533,98.7817149428592,0.21356890707889908,False
4062,0.560576942614533,98.7817149428592,0.20771517530749448,False
4063,0.560576942614533,98.54040969688211,0.2245108666607673,False
4064,0.560576942614533,98.01336529381855,0.20005187378121317,False
4065,0.560576942614533,98.75506553247418,0.20716531405671323,False
4066,0.560576942614533,98.75506553247418,0.2050102346915081,False
4067,0.560576942614533,98.75506553247418,0.20255821108553448,False
4068,0.560576942614533,98.75887823094384,0.20082287255105588,False
4069,0.560576942614533,98.75546092000441,0.20021268160389746,False
4070,0.560576942614533,98.75579768828683,0.20049778931328296,False
4071,0.560576942614533,98.7562280863628,0.20164280081867875,False
4072,0.560576942614533,98.75675275660475,0.2898662919526733,False
4073,0.560576942614533,98.75737230609444,0.28934510627308535,False
4074,0.560576942614533,98.75808730571875,0.2871076741723219,False
4075,0.560576942614533,98.75889828929223,0.2848656316723957,False
4076,0.560576942614533,98.75980575270826,0.2828195163614532,False
4077,0.560576942614533,98.76081015312043,0.28099089685793216,False
4078,0.560576942614533,98.76191190815638,0.2793985690869071,False
4079,0.560576942614533,98.76311139516523,0.27805751962986763,False
4080,0.560576942614533,98.76440895050102,0.2769808468546743,False
4081,0.560576942614533,98.52708505989602,0.27582715477161684,False
4082,0.560576942614533,98.49782977920363,0.2739900874049886,False
4083,0.560576942614533,98.2751462540102,0.2609740546609089,False
4084,0.560576942614533,98.42611813549726,0.2569091204307978,False
4085,0.560576942614533,98.30156633327043,0.245926590652736,False
4086,0.560576942614533,98.4647961884595,0.30940661612136616,False
4087,0.560576942614533,98.4795366206844,0.30670487047027467,False
4088,0.560576942614533,98.46006144393242,0.30556627874870096,False
4089,0.560576942614533,98.44040247678019,0.30293421762444245,False
4090,0.560576942614533,98.42056001871929,0.29982715532097753,False
4091,0.560576942614533,98.40053446514187,0.29626365215860095,False
4092,0.560576942614533,97.65563123712973,0.2068868465144488,False
4093,0.560576942614533,98.40782122905028,0.20390094064053071,False
4094,0.560576942614533,98.61710631494805,0.20355414667629979,False
4095,0.560576942614533,98.59852603600338,0.20354613413973133,False
4096,0.560576942614533,98.57977601038792,0.20370638163355137,False
4097,0.5140912790181235,98.5608569442741,0.2040437369813948,False
4098,0.4637773498877516,98.54176964903608,0.20457566658522874,False
4099,0.40907313904382653,98.52251504461506,0.28172213571548077,False
4100,0.3491843735073079,98.5030941629035,0.28151834840411744,False
4101,0.3491843735073079,98.48350815114368,0.281208073571956,False
4102,0.3491843735073079,98.46375827533525,0.2807751672694817,False
4103,0.3491843735073079,98.44384592364585,0.2802598058256063,False
4104,0.3491843735073079,98.42377260981912,0.27959372557610357,False
4105,0.3491843735073079,98.40353997657368,0.27874442405213457,False
4106,0.3491843735073079,97.62716308337703,0.20112359519818618,False
4107,0.3491843735073079,98.44183282714909,0.20110937853659566,False
4108,0.3491843735073079,98.29029699480039,0.19823540632745307,False
4109,0.3491843735073079,98.51793039565965,0.19718998218974976,False
4110,0.3491843735073079,98.49844513549533,0.19640867515722354,False
4111,0.3491843735073079,98.47881526553621,0.19585745506874003,False
4112,0.3491843735073079,98.45904298459043,0.195616120370605,False
4113,0.3491843735073079,98.43913063206135,0.19560648753806642,False
4114,0.3491843735073079,98.4190806908526,0.1962114058609968,False
4115,0.3491843735073079,98.39889579020014,0.19794802004909212,False
4116,0.3491843735073079,98.37857870842213,0.1989766932939625,False
4117,0.3491843735073079,98.35813237557721,0.19894924807494782,False
4118,0.3491843735073079,98.33755987602142,0.26094863647358785,False
4119,0.3491843735073079,97.53675949127701,0.17626812413907758,False
4120,0.3491843735073079,98.37220371251784,0.17626825937059232,False
4121,0.3491843735073079,98.37142857142857,0.1810627067515834,False
4122,0.3491843735073079,98.37080792682927,0.1848213743019105,False
4123,0.40907313904382653,98.37034213285047,0.18762085908665113,False
4124,0.40907313904382653,98.37003145553331,0.18968421245431558,False
4125,0.40907313904382653,98.36987607244996,0.24517809634185356,False
4126,0.40907313904382653,98.36987607244996,0.2482463528523778,False
4127,0.40907313904382653,98.37003145553331,0.25124474708424893,False
4128,0.40907313904382653,98.37034213285047,0.25414548981829727,False
4129,0.40907313904382653,98.37080792682927,0.2569241396480576,False
4130,0.40907313904382653,98.37142857142857,0.2587922103402927,False
4131,0.40907313904382653,98.37220371251784,0.26059649020294506,False
4132,0.40907313904382653,98.37313290838169,0.2623364505177969,False
4133,0.40907313904382653,98.37421563034798,0.2640129448233052,False
4134,0.40907313904382653,98.27094812844385,0.2652936121713272,False
4135,0.40907313904382653,98.45277645942097,0.26568956923585735,False
4136,0.40907313904382653,98.43406855724243,0.2664680439743811,False
4137,0.40907313904382653,98.41529004994237,0.26785285831277217,False
4138,0.40907313904382653,97.60432766615146,0.20788503941290776,False
4139,0.40907313904382653,98.44554551637034,0.21086791693828577,False
4140,0.4637773498877516,98.33575934012615,0.21414607333499394,False
4141,0.5140912790181235,98.51715448730374,0.21257123015381352,False
4142,0.560576942614533,98.49917162069974,0.21108853230432867,False
4143,0.603652249754401,98.48113669769721,0.20974520745379602,False
4144,0.6436394131461666,98.46305418719211,0.2085792169918283,False
4145,0.6436394131461666,97.64263074484944,0.21413542620680315,False
4146,0.6436394131461666,98.4865080155332,0.21212116931389274,False
4147,0.6436394131461666,98.4889905064864,0.21018265561424376,False
4148,0.6436394131461666,98.49161456782772,0.20832904176992598,False
4149,0.6436394131461666,98.4943786835719,0.20500329809129303,False
4150,0.6436394131461666,98.49728126544736,0.20467668077163476,False
4151,0.6436394131461666,98.50032065512308,0.24317615435749237,False
4152,0.6436394131461666,98.50349512651374,0.27355238608039584,False
4153,0.6436394131461666,98.50680288815757,0.29838777030265934,False
4154,0.603652249754401,98.51024208566108,0.3190673092321726,False
4155,0.560576942614533,98.51381080420435,0.3364454867222419,False
4156,0.5140912790181235,98.51750707110114,0.34936308963837315,False
4157,0.4637773498877516,98.52132885840751,0.3603027015515415,False
4158,0.4637773498877516,98.46221014844281,0.3704001789220876,False
4159,0.4637773498877516,98.587392965991,0.3768965325426926,False
4160,0.4637773498877516,98.57142857142857,0.38268680415941597,False
4161,0.4637773498877516,98.55546337416426,0.3878186805280201,False
4162,0.4637773498877516,98.53950205841991,0.3923348125693402,False
4163,0.4637773498877516,98.523549387273,0.39627381845858384,False
4164,0.4637773498877516,98.5076101996442,0.39967107542153935,False
4165,0.4637773498877516,97.70776482262465,0.3684265227616276,False
4166,0.4637773498877516,98.52560270970312,0.3702767035662149,False
4167,0.4637773498877516,98.53043391917386,0.3715359880805735,False
4168,0.4637773498877516,98.53537852548243,0.3722931474576214,False
4169,0.4637773498877516,98.48126232741618,0.3734555422354331,False
4170,0.4637773498877516,98.57999213836477,0.3732446395255278,False
4171,0.4637773498877516,99.06151729559748,0.34870297554076995,False
4172,0.4637773498877516,99.05320775186154,0.3244531405407149,False
4173,0.4637773498877516,99.04493269992082,0.3005319973343797,False
4174,0.4637773498877516,99.03669496995879,0.2769859921027624,False
4175,0.4637773498877516,99.02849740932642,0.25387498643690376,False
4176,0.4637773498877516,99.020342879992,0.2339490915629697,False
4177,0.4637773498877516,99.01223425591657,0.2148955487622679,False
4178,0.4637773498877516,99.0041744203591,0.19683341571457683,False
4179,0.4637773498877516,98.99616626311541,0.17991516928584703,False
4180,0.4637773498877516,98.98821267769515,0.1643913409784812,False
4181,0.4637773498877516,98.98031655844156,0.15042872794605588,False
4182,0.4637773498877516,98.97248079759906,0.13763410740826007,False
4183,0.5140912790181235,98.96470828233375,0.1262129089841397,False
4184,0.5140912790181235,98.95700189171225,0.1165492554998234,False
4185,0.560576942614533,98.94936449364494,0.10854101448213643,False
4186,0.603652249754401,98.94179894179894,0.10228479868222748,False
4187,0.6436394131461666,98.93430807248764,0.21381243546607542,False
4188,0.7600473303889541,98.9268947015426,0.21312117938123354,False
4189,0.8431953160789711,98.91956162117452,0.21293129787870446,False
4190,0.9134853951751389,98.91231159683016,0.21302725558522456,False
4191,0.9752462395674342,98.90514736405147,0.2742059058179379,False
4192,1.0305279703180825,98.89807162534436,0.27369072647165904,False
4193,1.0805333164475432,98.89108704706372,0.27335044623675686,False
4194,1.1260528027543955,98.88419625632201,0.2732264573285883,False
4195,1.1676444621356101,98.87740183792815,0.27334534446635167,False
4196,1.2057219651274376,98.87070633136403,0.2736713773200259,False
4197,1.2406030082663506,98.86411222780569,0.2741690088978076,False
4198,1.272538115441929,98.85762196719594,0.27484143091491314,False
4199,1.301728854068539,98.85123793537558,0.27508099933819685,False
4200,1.3283399146847865,98.84496246127999,0.27729146664042764,False
4201,1.3283399146847865,98.83879781420765,0.27914773923196584,False
4202,1.3200235763720087,98.83274620116725,0.2809489196206616,False
4203,1.3200235763720087,98.82396567251152,0.2818227425646196,False
4204,1.3200235763720087,98.8098414900998,0.28245025847462235,False
4205,1.3200235763720087,98.80101080703264,0.2828160684664758,False
4206,1.3425003133763334,98.7921789524996,0.28161829924295984,False
4207,1.362759877482492,98.04473812489844,0.206323483983008,False
4208,1.3808832571151748,98.73260033580675,0.20411564611751806,False
4209,1.3969387860636409,98.73260033580675,0.20208031300620774,False
4210,1.41098399809997,98.73260033580675,0.20026921231780723,False
4211,1.4230670603378361,98.06640307642311,0.09913854127509868,False
4212,1.4332278865247239,98.78676271461842,0.09925077105646504,False
4213,1.4414990016406422,98.80490956072352,0.09989695177069417,False
4214,1.44790620869417,98.82296292333208,0.10090371435786526,False
4215,1.4524690941546656,98.84091875797533,0.10213326474238824,False
4216,1.4552013979602214,98.85877318116975,0.10347279374268506,False
4217,1.4561112661478437,98.87652246955061,0.10483768716613663,False
4218,1.4552013979602214,98.8941630587867,0.10778672103978276,False
4219,1.4524690941546656,98.88059701492537,0.11236764127336349,False
4220,1.44790620869417,98.97029295165525,0.11252459236116572,False
4221,1.4414990016406422,98.97029295165525,0.11410153440621144,False
4222,1.4332278865247239,98.97029295165525,0.11921242416818739,False
4223,1.4230670603378361,98.94196359110005,0.23925366507199677,False
4224,1.41098399809997,98.93944934956376,0.24386877841271246,False
4225,1.3969387860636409,98.93174761879703,0.24813737638033087,False
4226,1.3808832571151748,98.82409025901795,0.25352595542741946,False
4227,1.362759877482492,98.84842991949672,0.2580998873917743,False
4228,1.3425003133763334,98.8302838439663,0.26222944880515225,False
4229,1.3200235763720087,98.81203088719694,0.2658825658150835,False
4230,1.2952336017523502,98.79367494430257,0.26906901738913797,False
4231,1.2680160454788014,98.7752200776423,0.27168709419442555,False
4232,1.2382339767869435,98.75667051768718,0.2737471237628104,False
4233,1.2057219651274376,98.7380306636409,0.27525861289273545,False
4234,1.17027775595384,98.719305083802,0.2762505246840571,False
4235,1.1316501862018717,98.70049851565564,0.2839431176430443,False
4236,1.0895209637560108,98.68161586568257,0.2861713354349904,False
4237,1.0434758622197662,98.66266220887402,0.2883051029047571,False
4238,0.9929563290994997,98.64364278794096,0.2896718552025516,False
4239,0.9371713531760616,98.624563012207,0.2907452975420908,False
4240,0.8749177494187964,98.60542845617472,0.29150407984046217,False
4241,0.804144968682279,98.58624485775537,0.2919307234467265,False
4242,0.720523936685393,98.56701811615308,0.29115468598810085,False
4243,0.603652249754401,97.85635230383876,0.2075495268119564,False
4244,0.560576942614533,98.50876682006175,0.20576732553053814,False
4245,0.5140912790181235,98.50876682006175,0.20484338407830033,False
4246,0.4637773498877516,98.50876682006175,0.204796362584545,False
4247,0.40907313904382653,98.50876682006175,0.20562839527789648,False
4248,0.3491843735073079,98.50876682006175,0.20732474769096323,False
4249,0.3491843735073079,98.50876682006175,0.2098545335604721,False
4250,0.3491843735073079,98.50876682006175,0.2131275956746934,False
4251,0.3491843735073079,98.50876682006175,0.2171898601368018,False
4252,0.3491843735073079,98.50876682006175,0.28542797949935744,False
4253,0.3491843735073079,98.50876682006175,0.28646981209756645,False
4254,0.3491843735073079,98.50876682006175,0.28813363429389643,False
4255,0.3491843735073079,98.31352111026527,0.28262282724500437,False
4256,0.3491843735073079,98.41073635882042,0.2940190870358136,False
4257,0.3491843735073079,98.39081819795302,0.2913389084788992,False
4258,0.3491843735073079,98.37089006480765,0.2885943960790331,False
4259,0.3491843735073079,98.35095895321743,0.2857822916861983,False
4260,0.3491843735073079,98.33103199855917,0.28289636949830077,False
4261,0.3491843735073079,98.31111647264612,0.2799275538973673,False
4262,0.2829047929798921,98.29121977822214,0.2768640378664147,False
4263,0.2829047929798921,98.27134944305801,0.273691399032236,False
4264,0.208180945557171,98.25151311365165,0.27039270934631965,False
4265,0.12068101401352381,98.23171854853564,0.2669486333582648,False
4266,-0.0,98.21197361119674,0.2634977129172933,False
4267,-0.0,98.19228626261376,0.2599481995321278,False
4268,-0.0,98.1726645534216,0.256299158912829,False
4269,-0.0,98.15311661571099,0.2525495539205669,False
4270,-0.0,98.13365065447485,0.2486982422877038,False
4271,-0.0,98.11427493871393,0.24474397327876618,False
4272,-0.0,97.50835803948779,0.16036962531027557,False
4273,-0.0,98.13912272928667,0.15979783409798892,False
4274,-0.0,98.13912272928667,0.1589122628889916,False
4275,-0.0,98.13912272928667,0.15894540262890458,False
4276,-0.0,97.89227166276346,0.13611546396662091,False
4277,-0.0,98.20241787454903,0.1410172716203635,False
4278,-0.0,98.18378103765797,0.14576095648515314,False
4279,-0.0,98.16525450723069,0.1503588594321053,False
4280,-0.0,98.14684644386223,0.15482663058415155,False
4281,-0.0,98.12856501954752,0.15918242655785814,False
4282,-0.0,98.11041840735265,0.21619710619816485,False
4283,-0.0,98.09241477089644,0.2178709690773491,False
4284,-0.0,98.07456225366673,0.2195062561859335,False
4285,-0.0,98.05686896819742,0.2286207243655975,False
4286,-0.0,98.03934298513276,0.23685488906037,False
4287,-0.0,98.02199232220704,0.2438966211978379,False
4288,-0.0,98.00482493316815,0.2504696231931583,False
4289,-0.0,97.98784869667472,0.25657411602527386,False
4290,-0.0,97.97107140519668,0.26220933540404134,False
4291,-0.0,97.95450075395004,0.2673738457384308,False
4292,-0.0,97.9381443298969,0.2720657898842046,False
4293,-0.0,97.92200960084172,0.2762830922539954,False
4294,-0.0,97.9061039046553,0.28002362802280006,False
4295,-0.0,97.89043443865779,0.28328536788322173,False
4296,-0.0,97.87500824919158,0.28606650556912444,False
4297,-0.0,97.85983222141489,0.2883655738414395,False
4298,-0.0,97.8449130693462,0.29018155360356096,False
4299,-0.0,97.83025732618906,0.29218076895733214,False
4300,-0.0,97.81587133496592,0.29628570263914067,False
4301,-0.0,97.80176123948884,0.2999817210941687,False
4302,-0.0,97.3243261143122,0.26821947500014726,False
4303,-0.0,97.81413525866066,0.27266467001896905,False
4304,-0.0,97.80117888601895,0.2719965855311422,False
4305,-0.0,98.27140870256308,0.2734220406636641,False
4306,-0.0,98.27140870256308,0.27402252230447194,False
4307,-0.0,98.27140870256308,0.2742786735703354,False
4308,-0.0,98.27140870256308,0.2736567711405673,False
4309,-0.0,98.27140870256308,0.27222488389468585,False
4310,-0.0,98.27140870256308,0.27004936774069216,False
4311,-0.0,98.27140870256308,0.2671965448345887,False
4312,-0.0,98.27140870256308,0.26373427302755575,False
4313,-0.0,98.27140870256308,0.2592254657625384,False
4314,-0.0,98.27140870256308,0.25433797134449604,False
4315,-0.0,98.27140870256308,0.24914677665669152,False
4316,-0.0,98.27140870256308,0.2440922066888856,False
4317,-0.0,98.27140870256308,0.23920775809186334,False
4318,-0.0,98.27140870256308,0.23452620760087553,False
4319,-0.0,97.80117888601895,0.22923172108072917,False
4320,-0.0,98.33101529902642,0.22072596637899272,False
4321,-0.0,98.33807852744488,0.21210258491342415,False
4322,-0.0,98.34535707194388,0.20338707873709097,False
4323,0.12068101401352381,98.35284778725938,0.19460715559897948,False
4324,0.208180945557171,97.9440735109407,0.1925348653317508,False
4325,0.2829047929798921,98.42790144659489,0.17798852075064384,False
4326,0.3491843735073079,98.42790144659489,0.16383062308765897,False
4327,0.46824757305098735,98.42790144659489,0.15012453766725206,False
4328,0.5541015302865538,98.42790144659489,0.136943681296325,False
4329,0.6271502454482835,98.42790144659489,0.12437406571936609,False
4330,0.6917244835981394,98.42790144659489,0.1122700885893581,False
4331,0.7498765864518436,98.42790144659489,0.10100772920996352,False
4332,0.8028116417452926,98.42790144659489,0.09073146795679626,False
4333,0.8513226827573213,98.42790144659489,0.08320541774588831,False
4334,0.8959704136014894,98.42790144659489,0.0769547356376944,False
4335,0.9371713531760616,98.42790144659489,0.07199730981012209,False
4336,0.9752462395674342,98.42790144659489,0.06713587755658403,False
4337,1.01044884930661,98.42790144659489,0.12487843729186093,False
4338,1.0429842335712594,98.42790144659489,0.12331971679648043,False
4339,1.0730208202534555,98.42790144659489,0.12208764096652228,False
4340,1.1006987578744163,98.42790144659489,0.12117812826198833,False
4341,1.1261358508278747,98.42790144659489,0.12058188060584088,False
4342,1.1494318918359776,98.42790144659489,0.1716725215731859,False
4343,1.2014461200230289,98.42790144659489,0.17078524797393638,False
4344,1.2481068205144499,98.42790144659489,0.17000178184731365,False
4345,1.2902007807553537,98.42790144659489,0.16931687220546446,False
4346,1.399569157519044,98.42790144659489,0.16872500379308383,False
4347,1.4755113620493376,98.42790144659489,0.19859884312181925,False
4348,1.5384213121589432,98.42790144659489,0.19862284653598955,False
4349,1.592618959580677,98.42790144659489,0.2241873102781457,False
4350,1.6401450282568368,98.42790144659489,0.31177592563960294,False
4351,1.682192100534523,98.42790144659489,0.32924473807645127,False
4352,1.7195397223038764,98.42790144659489,0.34491155252409206,False
4353,1.7527340207979885,98.42790144659489,0.3590078879477007,False
4354,1.7821757256598758,98.42790144659489,0.3717113083102426,False
4355,1.808168432302398,98.42790144659489,0.38317496954840297,False
4356,1.8309472585821132,98.42790144659489,0.39349679953108757,False
4357,1.8506968927313205,97.9440735109407,0.3879715847760357,False
4358,1.8675634763398445,98.35284778725938,0.3963767265795669,False
4359,1.8816626919806332,98.34535707194388,0.4038164903532496,False
4360,1.8930853969425208,98.33807852744488,0.4740068097596692,False
4361,1.901901598801841,98.33101529902642,0.47793637657812016,False
4362,1.9081632615954605,97.84725442140822,0.46866925791015174,False
4363,1.9132982727323613,98.36391336027025,0.5357648712164716,False
4364,1.9158582303981526,98.36391336027025,0.5519056228173372,False
4365,1.9158582303981526,98.36391336027025,0.5631818607113573,False
4366,1.9132982727323613,98.36391336027025,0.616412652054014,False
4367,1.9081632615954605,97.90024508180433,0.6540752590254676,False
4368,1.900422463795553,98.41028018811684,0.6937800265539893,False
4369,1.8900283760255623,97.88676236044657,0.7213794595609869,False
4370,1.876914893156313,97.3668422105193,0.7210036417325446,False
4371,1.8609945915189354,97.8269590799679,0.7427360631680504,False
4372,1.8421548255573508,97.82069335479112,0.7621346756078604,False
4373,1.8202521529244224,97.81468531468532,0.7785994841931344,False
4374,1.7951042951653005,97.80893952673094,0.7933658134947799,False
4375,1.778014840874726,97.80346039470128,0.8066147266944044,False
4376,1.7566466903194846,97.79825215093828,0.8021784145568038,False
4377,1.730642924872881,97.79331884845193,0.8121192371643486,False
4378,1.6994958846971988,97.78866435326937,0.807950885235887,False
4379,1.662459995234416,97.78429233706026,0.8142852431228215,False
4380,1.6183728332433631,97.00157093094734,0.7843385744930786,False
4381,1.5652205787215108,97.78325123152709,0.7887293334629987,False
4382,1.4987073864746199,98.40585659551176,0.7902202172284548,False
4383,1.3984610270106805,99.20509833481806,0.7510628455664478,False
4384,1.3652016755898781,98.66264316576367,0.7420409983235502,False
4385,1.3271059259290725,98.57936998147004,0.7626561028860351,False
4386,1.2834031297544843,99.20346082537938,0.7245417882824561,False
4387,1.2329087607099036,99.19488026424443,0.6876826755018463,False
4388,1.2304597034223903,99.18637523271047,0.6534929760333447,False
4389,1.2263714330738393,99.1779497098646,0.6211248675441627,False
4390,1.2206340886225493,99.16960763960972,0.5907889904359215,False
4391,1.2132336634320215,99.16135292486831,0.5638130830841063,False
4392,1.2041517951932372,99.15318942180885,0.5395006248325124,False
4393,1.1933654824135869,99.14512093411176,0.5183743155123736,False
4394,1.180846716107336,99.13715120729246,0.4978233129617915,False
4395,1.1665620111568704,99.12928392309836,0.47870450425088407,False
4396,1.15047181636257,98.51474792552821,0.48901640737704216,False
4397,1.132529774880598,99.07174762702401,0.4746499332186486,False
4398,1.1126817966979572,98.44241111964797,0.48339942811155107,False
4399,1.090864890696142,99.0005591277607,0.4738345349065665,False
4400,1.0670056836533544,98.99307740717433,0.46559640099656135,False
4401,1.041018523939755,98.98573027420258,0.45950230336558884,False
4402,1.0128030232541478,98.9785209543133,0.4545944288257471,False
4403,0.9822408213425595,98.97145256087322,0.4507594527983508,False
4404,0.9129467467841514,98.34814866662,0.44938365153831444,False
4405,0.830774222099454,97.71852473930996,0.4006965140224281,False
4406,0.7153220528038851,98.29986706779542,0.3950892918395167,False
4407,0.7153220528038851,98.29358696412336,0.3881384308147652,False
4408,0.7153220528038851,98.28755154819319,0.3793396093566183,False
4409,0.7153220528038851,98.28176293916323,0.39415921601630943,False
4410,0.7153220528038851,98.27622304417615,0.38256728188298117,False
4411,0.7153220528038851,98.27093355643868,0.3672416581283516,False
4412,0.7153220528038851,98.26589595375722,0.34944795716178323,False
4413,0.7153220528038851,98.26111149753078,0.33049151214280065,False
4414,0.7153220528038851,98.25658123220116,0.31242194019492536,False
4415,0.7153220528038851,98.25230598515847,0.293986354526086,False
4416,0.7153220528038851,98.24828636709825,0.27494572853797106,False
4417,0.7153220528038851,98.24452277282467,0.2569518785231743,False
4418,0.7153220528038851,98.24101538249293,0.24008720550697976,False
4419,0.7153220528038851,98.23776416328216,0.22443985632036242,False
4420,0.7153220528038851,98.23476887148843,0.21050475423387602,False
4421,0.7153220528038851,98.23202905502639,0.19798589907178704,False
4422,0.7153220528038851,98.22954405632647,0.22228046865329856,False
4423,0.7153220528038851,98.22731301561328,0.21457910717046444,False
4424,0.7153220528038851,98.22533487454953,0.28806064342981896,False
4425,0.7153220528038851,98.22360838022917,0.28538159902121407,False
4426,0.7153220528038851,98.2221320895018,0.2835095181019602,False
4427,0.7153220528038851,98.22090437361008,0.2817408573911513,False
4428,0.7153220528038851,98.21992342312085,0.3048077348920178,False
4429,0.7153220528038851,97.72284543561497,0.27094167773202094,False
4430,0.7153220528038851,98.19977161281655,0.2708004315664801,False
4431,0.7153220528038851,98.19977161281655,0.270998160865922,False
4432,0.7153220528038851,98.19977161281655,0.271416981754137,False
4433,0.7153220528038851,98.19977161281655,0.27194197593072816,False
4434,0.7153220528038851,98.19977161281655,0.2724618004098116,False
4435,0.7153220528038851,98.19977161281655,0.339348831931126,False
4436,0.7473944462440387,98.19977161281655,0.34052461367765646,False
4437,0.7771529943226336,98.19977161281655,0.34146618734517303,False
4438,0.804717519321077,98.19977161281655,0.34219791691336204,False
4439,0.8301899714180443,98.19977161281655,0.34274473308556835,False
4440,0.8536576732793313,98.15114709851552,0.34308248093100563,False
4441,0.875195788740725,98.14977973568281,0.34328060655054865,False
4442,0.8948692308065574,97.66180955608269,0.32162632463065544,False
4443,0.9127341558073343,98.11589291765503,0.32147818981267706,False
4444,0.9288391461883214,97.28506787330316,0.2522302217313379,False
4445,0.9432261548473415,98.02839647399233,0.25093250970447106,False
4446,0.9559312637896478,98.0290943219146,0.249769426442779,False
4447,0.9669852958320848,98.03005008347246,0.24907975702905827,False
4448,0.976414308115487,97.58263772954925,0.21805169965742535,False
4449,0.9842399889605549,97.98330550918197,0.2166357886100555,False
4450,0.9904799742690308,97.98330550918197,0.21538553719915615,False
4451,0.995148095654003,97.98330550918197,0.22799338566816987,False
4452,0.9982545693874831,97.98330550918197,0.22745150437246076,False
4453,0.999806132804711,97.98330550918197,0.22712933440666278,False
4454,0.999806132804711,97.98330550918197,0.2268110929987494,False
4455,0.9982545693874831,97.14665779847023,0.10378031871157471,False
4456,0.995148095654003,97.8869974167053,0.10072079118891043,False
4457,0.9904799742690308,97.88932128487566,0.09816892945447693,False
4458,0.9842399889605549,97.89190254153806,0.09610846968959257,False
4459,0.976414308115487,97.89473684210526,0.09488352935273203,False
4460,0.9669852958320848,97.89781972014318,0.0933443233778359,False
4461,0.9559312637896478,97.90114659584115,0.22252643367856992,False
4462,0.9432261548473415,97.90471278447554,0.22325165820079582,False
4463,0.9288391461883214,97.90851350484378,0.23992639344712502,False
4464,0.9127341558073343,97.91254388764762,0.36144932614912195,False
4465,0.8948692308065574,97.91679898380438,0.48197137731084233,False
4466,0.875195788740725,97.92127377266696,0.549248177265104,False
4467,0.8536576732793313,97.86438529784537,0.6046782821232364,False
4468,0.8301899714180443,97.8646329837941,0.6516071328746126,False
4469,0.804717519321077,97.85878154473617,0.6918857516760606,False
4470,0.7771529943226336,97.85317232125743,0.7267573164233906,False
4471,0.7473944462440387,97.52731454859115,0.7530868848152777,False
4472,0.7153220528038851,97.79566800843396,0.779587620429006,False
4473,0.6807937753703206,97.79566800843396,0.802673095964278,False
4474,0.6436394131461666,97.79566800843396,0.8228093990225805,False
4475,0.603652249754401,97.79566800843396,0.8402290585937789,False
4476,0.560576942614533,97.79566800843396,0.8553105921893308,False
4477,0.560576942614533,97.79566800843396,0.8682914853016171,False
4478,0.560576942614533,97.79566800843396,0.8794528607056932,False
4479,0.560576942614533,97.79566800843396,0.8889328572016596,False
4480,0.560576942614533,97.79566800843396,0.8969407929162506,False
4481,0.560576942614533,96.9311900374865,0.8806441484254818,False
4482,0.560576942614533,97.70042327373808,0.8935770506120224,False
4483,0.560576942614533,97.39718238675849,0.8924172801185057,False
4484,0.560576942614533,96.56428616292946,0.8530517973126678,False
4485,0.603652249754401,96.30048363796244,0.7932736876109855,False
4486,0.6436394131461666,96.52031907543495,0.749957324728894,False
4487,0.6807937753703206,96.52031907543495,0.7064750702732542,False
4488,0.7153220528038851,96.52031907543495,0.6637368642305002,False
4489,0.7153220528038851,96.52031907543495,0.6217870452773864,False
4490,0.7473944462440387,96.52031907543495,0.5806842246596977,False
4491,0.7771529943226336,96.52031907543495,0.5405059030420878,False
4492,0.804717519321077,96.52031907543495,0.5013605519209349,False
4493,0.8301899714180443,96.52031907543495,0.4632836675928919,False
4494,0.8536576732793313,96.52031907543495,0.42637104714712926,False
4495,0.875195788740725,96.52031907543495,0.39062263135800335,False
4496,0.8948692308065574,96.52031907543495,0.35611128299510103,False
4497,0.9127341558073343,96.52031907543495,0.3229457386602665,False
4498,0.9288391461883214,96.52031907543495,0.2910226913244423,False
4499,0.9432261548473415,96.52031907543495,0.2604277327854744,False
4500,0.9559312637896478,96.52031907543495,0.2312421901513849,False
4501,0.9669852958320848,96.52031907543495,0.20356930758056088,False
4502,0.976414308115487,96.29420262546323,0.21745030142098692,False
4503,0.9842399889605549,96.58941021292632,0.20453314215487747,False
4504,0.9842399889605549,96.59126511686196,0.1943271367722122,False
4505,0.9842399889605549,96.5935370960685,0.18668227358985198,False
4506,0.9842399889605549,96.58375413004177,0.18204651062344118,False
4507,0.9842399889605549,96.64283493938451,0.18182894751494844,False
4508,0.9842399889605549,96.63061824092017,0.18214903336293706,False
4509,0.9842399889605549,96.61869147130916,0.18286654060239427,False
4510,0.9842399889605549,96.60706387818286,0.18382074061411777,False
4511,0.9842399889605549,96.59574468085107,0.18483343157212861,False
4512,0.9842399889605549,96.5847430577721,0.1856951464972247,False
4513,0.9842399889605549,96.57406813370116,0.18630584827392596,False
4514,0.9842399889605549,96.56372896653987,0.1867745606212064,False
4515,0.9842399889605549,96.55373453391203,0.187258605269092,False
4516,0.9904799742690308,96.54409371949235,0.18774896704914262,False
4517,0.995148095654003,96.53481529911735,0.188193794462043,False
4518,0.995148095654003,96.52590792670914,0.1886085874889196,False
4519,0.995148095654003,96.51738012004485,0.18897612701807512,False
4520,0.995148095654003,96.50924024640658,0.18928385308282172,False
4521,0.995148095654003,96.50149650814765,0.18952338098257598,False
4522,0.995148095654003,95.779632721202,0.1150223286666318,False
4523,0.995148095654003,96.60119326942414,0.11692955556558046,False
4524,0.9982545693874831,96.60858535282729,0.11838632915643726,False
4525,0.9982545693874831,96.6097188060892,0.1196527611839654,False
4526,0.9982545693874831,96.65762128532663,0.11870004222196891,False
4527,0.9982545693874831,96.65296924708377,0.11801584555773809,False
4528,0.9982545693874831,96.64874908753069,0.11755588562183263,False
4529,0.9982545693874831,96.64496412436885,0.11727989855404743,False
4530,0.9982545693874831,96.64161734388509,0.11715188431524305,False
4531,0.9982545693874831,96.63871139510117,0.11714014960977454,False
4532,0.9982545693874831,96.63624858456005,0.15227509010703613,False
4533,0.9982545693874831,96.63423087176753,0.15151253947938453,False
4534,0.9982545693874831,96.6326598653064,0.20880582939779177,False
4535,0.9982545693874831,96.63153681963713,0.20979126831342798,False
4536,0.9982545693874831,96.63086263259724,0.2107155457740328,False
4537,0.9982545693874831,96.63063784360823,0.2116185478156488,False
4538,0.995148095654003,96.63086263259724,0.21246341456624881,False
4539,0.9904799742690308,96.63153681963713,0.21324771022483327,False
4540,0.9842399889605549,96.6326598653064,0.21396958501279043,False
4541,0.976414308115487,96.63423087176753,0.21462774840445709,False
4542,0.9669852958320848,96.20995137547459,0.19972396586493102,False
4543,0.9559312637896478,96.685303514377,0.198870436575776,False
4544,0.9432261548473415,96.68401387776888,0.1981093242290246,False
4545,0.9288391461883214,96.68316169586733,0.19743184995699575,False
4546,0.9127341558073343,96.68275030156815,0.19682991859180404,False
4547,0.8948692308065574,96.68278270212194,0.19629611720032422,False
4548,0.875195788740725,96.68326157158235,0.23397584610234148,False
4549,0.9665364727522963,96.6841892438334,0.23310155306163133,False
4550,1.046078320219219,96.68556770622384,0.2323413613933494,False
4551,1.090864890696142,96.6873985938345,0.23169718749629697,False
4552,1.1261358508278747,96.16323210412148,0.2600420541767676,False
4553,1.1538530565800795,96.62226450999049,0.2601477016026499,False
4554,1.1751172867945407,95.9735658809102,0.21646280365847093,False
4555,1.190600186419197,96.70854957661841,0.21509611075452054,False
4556,1.200719639829801,96.70854957661841,0.21377722899367138,False
4557,1.2057219651274376,96.70854957661841,0.2124781062349482,False
4558,1.2057219651274376,96.70854957661841,0.2112167817315602,False
4559,1.200719639829801,96.70854957661841,0.21001278265606238,False
4560,1.2720067799215513,96.70854957661841,0.2088871468590735,False
4561,1.3071167709064087,96.70854957661841,0.20786242223653129,False
4562,1.2896468090415976,96.70854957661841,0.20696263614597057,False
4563,1.2654414671933432,96.70854957661841,0.206044601535663,False
4564,1.2063113000188228,96.70854957661841,0.2052389535969076,False
4565,1.2063113000188228,96.70854957661841,0.20437729411708203,False
4566,1.2063113000188228,96.70854957661841,0.20364124142780815,False
4567,1.2063113000188228,96.70854957661841,0.20305900448199588,False
4568,1.2334391708796428,96.05074687947616,0.15707605994549176,False
4569,1.2583130977984163,96.641689373297,0.15761104220737213,False
4570,1.281032234322592,96.64648663356235,0.15833896861285357,False
4571,1.3016809057752317,96.65172507470795,0.15928359685038665,False
4572,1.3203310582353234,95.92196179379488,0.046043875349922186,False
4573,1.3370441443520218,96.56803134711525,0.051592416839653744,False
4574,1.3518725924508541,96.57100511991376,0.05785177338099275,False
4575,1.3518725924508541,96.57442235357335,0.06466667078561827,False
4576,1.3518725924508541,96.57827775545735,0.0719174911111209,False
4577,1.2883055928740603,96.58256574556134,0.07951219498366217,False
4578,1.2117241013562716,96.58728046833421,0.08737868163324308,False
4579,1.2117241013562716,96.5924158048263,0.09358715592161275,False
4580,1.2117241013562716,96.59796538512353,0.09994627392998992,False
4581,1.2117241013562716,96.60392260102672,0.10641943052107995,False
4582,1.2117241013562716,96.61028061893522,0.11297471976825867,False
4583,1.2117241013562716,96.61703239289446,0.11298551015262764,False
4584,1.2117241013562716,96.62417067776767,0.12200854244338107,False
4585,1.1017332648846088,96.63168804249256,0.1297773396419089,False
4586,1.1017332648846088,96.63957688338493,0.136278917577003,False
4587,1.1665620111568704,96.64782943745183,0.14169167141333786,False
4588,1.222731822382257,96.6564377956783,0.14613917656307757,False
4589,1.2722864781512913,96.66539391625302,0.1497088974483855,False
4590,1.316421886822755,96.67468963769952,0.15246294857163692,False
4591,1.3287344279695676,96.684316691881,0.15444459333324143,False
4592,1.3392246071829446,96.69426671684857,0.18125700783614285,False
4593,1.347922583568817,96.70453126950443,0.1803334015574623,False
4594,1.3548527368476762,96.71510183805266,0.1789062312448933,False
4595,1.3600340979407453,96.72596985421299,0.17696254524813773,False
4596,1.363480673059691,96.73712670517389,0.17448128711837912,False
4597,1.3652016755898781,96.74856374526341,0.1714327567262864,False
4598,1.3652016755898781,96.76027230731826,0.16777757347441338,False
4599,1.363480673059691,96.77224371373308,0.16454370448121763,False
4600,1.3600340979407453,96.78446928717393,0.16082726178441284,False
4601,1.3600340979407453,96.79694036094179,0.15658522009323617,False
4602,1.3600340979407453,96.80964828897338,0.15176239000329209,False
4603,1.3548527368476762,96.63359319631466,0.15167165276157688,False
4604,1.3548527368476762,96.87683456616179,0.14432854474513362,False
4605,1.347922583568817,96.87683456616179,0.1373464859460796,False
4606,1.3392246071829446,96.87683456616179,0.13074034977558371,False
4607,1.3287344279695676,96.87683456616179,0.12452511039805418,False
4608,1.316421886822755,96.87683456616179,0.11871618672562387,False
4609,1.3022504881911108,96.87683456616179,0.11332983556142018,False
4610,1.3022504881911108,96.87683456616179,0.10838357634685873,False
4611,1.3022504881911108,96.87683456616179,0.1038966148280797,False
4612,1.3022504881911108,96.30937665548296,0.036890646241400614,False
4613,1.3022504881911108,96.80750619615249,0.034153340766314495,False
4614,1.3022504881911108,96.80567879325643,0.03199755496305918,False
4615,1.3022504881911108,96.80422151073165,0.030904807246942553,False
4616,1.3022504881911108,96.80313744132152,0.030939528776706297,False
4617,1.3022504881911108,96.80242943908539,0.03207729564528034,False
4618,1.3022504881911108,96.80210011335839,0.03421049423369108,False
4619,1.3022504881911108,96.80215182307232,0.03718790749884041,False
4620,1.3022504881911108,96.8025866714568,0.040857179984647676,False
4621,1.2574580300524587,96.80340650113949,0.1367726978654733,False
4622,1.2072640872959293,96.80461288966305,0.31688645847110475,False
4623,1.2072640872959293,96.80620714543485,0.3411860823200947,False
4624,1.2072640872959293,96.80819030412526,0.36112918900671936,False
4625,1.1899285414712581,96.81056312552755,0.3775906510559235,False
4626,1.1706718933538656,96.81332609089263,0.39118602692807697,False
4627,1.1494318918359776,96.81647940074906,0.40237483295483484,False
4628,1.1261358508278747,96.82002297321806,0.4621185645457688,False
4629,1.1261358508278747,96.82395644283122,0.47290220972079433,False
4630,1.1261358508278747,96.82827915985715,0.48249570176510603,False
4631,1.1261358508278747,96.8329901901417,0.4910094437904218,False
4632,1.1261358508278747,96.83808831546429,0.4985377532478442,False
4633,1.1261358508278747,96.84357203441174,0.5051621508018329,False
4634,1.1261358508278747,96.84943956376856,0.5109779436198023,False
4635,1.1261358508278747,96.85568884042166,0.5160211477119265,False
4636,1.1006987578744163,96.8623175237749,0.5493550834222924,False
4637,1.0730208202534555,96.8693229986678,0.5505861989741988,False
4638,1.0429842335712594,96.87670237879063,0.5514507415212023,False
4639,1.01044884930661,96.88445251058681,0.551981803130738,False
4640,0.9752462395674342,96.89256997763134,0.5522141404228554,False
4641,0.9371713531760616,96.22755577050964,0.5368741576461221,False
4642,0.8959704136014894,95.5116588135798,0.45463123008103956,False
4643,0.8513226827573213,96.1977186311787,0.4367495550693535,False
4644,0.8028116417452926,96.21367418304594,0.42039819503783515,False
4645,0.7498765864518436,96.23005118940078,0.40566127876832525,False
4646,0.6917244835981394,96.2468422952003,0.39262162423799146,False
4647,0.6271502454482835,96.26403988227521,0.38135701452055054,False
4648,0.5621380056254565,95.65139047390234,0.3063794404203664,False
4649,0.48865925334338955,96.17995074779266,0.2909295519736126,False
4650,0.4023829390456117,96.17995074779266,0.331014950565673,False
4651,0.2829047929798921,96.17995074779266,0.3685322605049615,False
4652,0.2829047929798921,96.17995074779266,0.4018670084829752,False
4653,0.2829047929798921,96.17995074779266,0.42978653153807717,False
4654,0.2829047929798921,96.17995074779266,0.45529314857480846,False
4655,0.2829047929798921,96.17995074779266,0.4787933765373442,False
4656,0.2829047929798921,95.63937774040483,0.46857158716875086,False
4657,0.2829047929798921,96.27004624902396,0.49273153196030134,False
4658,0.2829047929798921,96.27347768871874,0.5149847790564258,False
4659,0.2829047929798921,96.27732443862052,0.5342838981562226,False
4660,0.2829047929798921,96.2815798837623,0.5520051779435956,False
4661,0.2829047929798921,96.28623723209542,0.5682772402993028,False
4662,0.208180945557171,96.29128952627248,0.583201014005952,False
4663,0.12068101401352381,96.2967296554145,0.5940021392841526,False
4664,0.12068101401352381,96.30255036683359,0.6075726104591039,False
4665,-0.0,96.30874427768441,0.6193191656901958,False
4666,-0.0,96.31530388651828,0.6293889082149977,False
4667,-0.0,96.32222158471512,0.6372543476215213,False
4668,-0.0,96.19819614111199,0.6440268439525838,False
4669,-0.0,96.35413708898858,0.6491647913527571,False
4670,-0.0,97.02992787778976,0.627419499184177,False
4671,-0.0,97.03988249915264,0.6036514041288229,False
4672,0.12068101401352381,97.05006461763219,0.5792845642649893,False
4673,0.208180945557171,97.06046719570806,0.5560007684817775,False
4674,0.2829047929798921,97.07108319902184,0.5322896129518705,False
4675,0.3491843735073079,97.08190560406764,0.5148917786147068,False
4676,0.40907313904382653,97.09292740561631,0.49270560548288744,False
4677,0.4637773498877516,97.10414162386624,0.4686572892662624,False
4678,0.5140912790181235,97.11554131131511,0.4460219514600736,False
4679,0.560576942614533,97.12711955934766,0.4241381618258229,False
4680,0.603652249754401,97.13886950453593,0.4018944609351775,False
4681,0.6436394131461666,97.15078433464944,0.37977532978988016,False
4682,0.6807937753703206,97.16285729437344,0.3577871590235911,False
4683,0.7153220528038851,97.11183725097501,0.35759278058045224,False
4684,0.7473944462440387,97.20840098465406,0.33772507195245693,False
4685,0.7771529943226336,97.20840098465406,0.3228042648018716,False
4686,0.804717519321077,97.20840098465406,0.3094264710893518,False
4687,0.8301899714180443,97.20840098465406,0.2990350963043438,False
4688,0.8301899714180443,97.20840098465406,0.29004770162385507,False
4689,0.8301899714180443,97.20840098465406,0.2824608367819944,False
4690,0.8301899714180443,97.20840098465406,0.27624818611543533,False
4691,0.8301899714180443,97.20840098465406,0.27135904930092214,False
4692,0.9436063339556555,97.20840098465406,0.2677183880639423,False
4693,1.0236982481827188,97.20840098465406,0.2652285312705283,False
4694,1.090864890696142,97.20840098465406,0.26369334550865725,False
4695,1.1494318918359776,96.57989839208086,0.24958653471934836,False
4696,1.2014461200230289,97.28172628712093,0.24554919924911014,False
4697,1.2481068205144499,97.22598105548037,0.245185559310008,False
4698,1.2902007807553537,97.31602627087966,0.24193180385480584,False
4699,1.3282820174272938,97.31602627087966,0.24007128688375556,False
4700,1.362759877482492,97.31602627087966,0.2391797602267615,False
4701,1.3939473942522724,97.31602627087966,0.2383603880887782,False
4702,1.4220900521936763,97.31602627087966,0.23760040175059502,False
4703,1.447383961374643,96.66959714536898,0.21093794701670143,False
4704,1.469987889434457,97.38325489993277,0.20635977320589094,False
4705,1.4900315255825651,97.47199671154044,0.19627283312815733,False
4706,1.5076213244090613,97.47199671154044,0.18599161388175053,False
4707,1.5228447333219093,97.47199671154044,0.17600403038072063,False
4708,1.535773302827334,97.47199671154044,0.21140681317719176,False
4709,1.5464650001141114,97.47199671154044,0.20530467728897994,False
4710,1.5549659371186813,97.47199671154044,0.19943145683543292,False
4711,1.5613116549052575,97.47199671154044,0.19379109270197348,False
4712,1.5655280605848254,97.47199671154044,0.18838672723721328,False
4713,1.567632081836135,97.47199671154044,0.18322070226200626,False
4714,1.567632081836135,97.47199671154044,0.178100039984152,False
4715,1.5655280605848254,97.47199671154044,0.17324288779104877,False
4716,1.5613116549052575,97.47199671154044,0.16869110307471494,False
4717,1.5549659371186813,97.47199671154044,0.16445310259120074,False
4718,1.5464650001141114,97.47199671154044,0.16053529441728848,False
4719,1.535773302827334,97.47199671154044,0.19775251537766858,False
4720,1.5228447333219093,97.47199671154044,0.19681488838698052,False
4721,1.5076213244090613,97.47199671154044,0.19634735610984982,False
4722,1.4900315255825651,97.47199671154044,0.1968471655274916,False
4723,1.469987889434457,97.47199671154044,0.21369615645779583,False
4724,1.447383961374643,97.47199671154044,0.2168938482821966,False
4725,1.4220900521936763,97.47199671154044,0.22001219104574476,False
4726,1.3939473942522724,97.47199671154044,0.22342256664730042,False
4727,1.362759877482492,97.47199671154044,0.25281308243901746,False
4728,1.3282820174272938,96.82971945329359,0.22219014528010866,False
4729,1.2902007807553537,97.51310245606824,0.22631486641495205,False
4730,1.2481068205144499,97.50873227861105,0.23027884576094443,False
4731,1.2014461200230289,97.50462107208872,0.23407949433866976,False
4732,1.2014461200230289,97.50076978343427,0.23771535013997364,False
4733,1.2259790140555222,97.49717919786644,0.24118590523733152,False
4734,1.2449737775841292,97.49384993849938,0.25075339279728914,False
4735,1.258887499344383,97.49078246620238,0.2563113210318235,False
4736,1.2680160454788014,97.48797707970941,0.2614266726779453,False
4737,1.2725381154419293,97.4854339159767,0.26613197097639574,False
4738,1.272538115441929,97.48315295078619,0.27045615520477345,False
4739,1.2680160454788014,96.92025290638385,0.2457823758000035,False
4740,1.2588874993443833,97.55575924228536,0.2477699592945384,False
4741,1.2449737775841294,97.56393409481451,0.24938439792457448,False
4742,1.2259790140555225,97.58727929373997,0.26124490114468,False
4743,1.2014461200230289,97.06000200340578,0.2482327642343256,False
4744,1.1706718933538656,97.63476347634763,0.24608076041659552,False
4745,1.132529774880598,97.63476347634763,0.24398456055126064,False
4746,1.0850365744330073,97.63476347634763,0.27729291041616944,False
4747,1.0239228180015463,96.91969196919692,0.2535494168897302,False
4748,0.9288391461883214,97.66476647664767,0.25150723157074545,False
4749,0.9288391461883214,97.66373801916933,0.2498372786750531,False
4750,0.9288391461883214,97.66294598365558,0.24802661442329332,False
4751,0.9288391461883214,97.66238933651647,0.24661355911106791,False
4752,0.9288391461883214,97.66206691154572,0.24527016142333427,False
4753,0.9432261548473415,97.66197741232415,0.24401135801213125,False
4754,0.9559312637896478,97.16291024120206,0.2360401517463261,False
4755,0.9669852958320848,97.70194299240556,0.2318496726221554,False
4756,0.976414308115487,97.70194299240556,0.22787709489552316,False
4757,0.9842399889605549,97.70194299240556,0.22412360403595266,False
4758,0.9904799742690308,97.70194299240556,0.21997881380227152,False
4759,0.995148095654003,97.70194299240556,0.21705615091100205,False
4760,0.9982545693874831,97.70194299240556,0.23528642938154629,False
4761,0.9982545693874831,97.70194299240556,0.23443590049106225,False
4762,0.999806132804711,97.15796757611704,0.25317840419527454,False
4763,0.999806132804711,97.66197741232415,0.2539389529927336,False
4764,0.9982545693874831,97.66206691154572,0.30436868972499825,False
4765,0.995148095654003,97.66238933651647,0.4459695001531118,False
4766,0.9904799742690308,96.92047040063783,0.5291951812042925,False
4767,0.9842399889605549,97.6986821086262,0.6100423353037678,False
4768,0.9842399889605549,97.70742358078603,0.6761156847885524,False
4769,0.9842399889605549,97.71628686988261,0.7312141928287319,False
4770,0.9842399889605549,97.73016962447299,0.7784553984482631,False
4771,0.9842399889605549,97.73923211849542,0.8192120033008661,False
4772,0.9842399889605549,97.73923211849542,0.8546750777922649,False
4773,0.9842399889605549,97.73923211849542,0.8845694642440334,False
4774,0.9842399889605549,97.73923211849542,0.9107608883688421,False
4775,0.9842399889605549,97.73923211849542,0.9335645858752901,False
4776,0.9842399889605549,97.73923211849542,0.9533783764064914,False
4777,0.9842399889605549,97.73923211849542,0.9538256990631715,False
4778,0.9842399889605549,97.73923211849542,0.9671111375332566,False
4779,0.9842399889605549,97.73923211849542,0.9786805308294292,False
4780,0.9842399889605549,97.19840187098032,0.9839170728101049,False
4781,0.9842399889605549,97.77821087507309,0.9922280185367429,False
4782,0.9842399889605549,97.06255489411535,0.9916985641371966,False
4783,0.9842399889605549,97.7768005472491,0.9974987606560234,False
4784,0.9842399889605549,98.37779732238835,0.9883255598272095,False
4785,0.9842399889605549,99.11937377690802,0.9373727802542043,False
4786,0.9842399889605549,99.11937377690802,0.8863689156597818,False
4787,0.9842399889605549,99.11937377690802,0.835278014967935,False
4788,0.9842399889605549,99.11378070996012,0.7845250141543358,False
4789,0.9842399889605549,99.10325009908838,0.7345195150981216,False
4790,0.9842399889605549,99.09766189740266,0.6848486306462851,False
4791,0.9842399889605549,99.09209470304975,0.6352695403862512,False
4792,0.9842399889605549,99.0865505929851,0.5860314019592686,False
4793,0.9904799742690308,99.08103168155971,0.5387405211241495,False
4794,0.995148095654003,99.07554011951581,0.49219632757777815,False
4795,0.9982545693874831,99.07007809288943,0.44642759702759904,False
4796,0.999806132804711,99.064647821818,0.4013092313055109,False
4797,0.999806132804711,98.4445248307581,0.3992196187233429,False
4798,0.9982545693874831,99.00780321430418,0.36516689763958343,False
4799,0.995148095654003,99.00780321430418,0.3755871393546,False
4800,0.9904799742690308,99.00780321430418,0.3477004556450234,False
4801,0.9842399889605549,99.00780321430418,0.32146511933210664,False
4802,0.976414308115487,99.00780321430418,0.3236625713486622,False
4803,0.9669852958320848,99.00780321430418,0.3031689056481679,False
4804,0.9559312637896478,99.00780321430418,0.28479291489892555,False
4805,0.9432261548473415,99.00780321430418,0.2686428012023706,False
4806,0.9288391461883214,99.00780321430418,0.3119252711429343,False
4807,0.9127341558073343,99.00780321430418,0.30262578137068963,False
4808,0.8948692308065574,99.00780321430418,0.29540436289820726,False
4809,0.875195788740725,99.00780321430418,0.2900036959780405,False
4810,0.8536576732793313,99.00780321430418,0.28621394304558556,False
4811,0.8301899714180443,99.00780321430418,0.2842942633146068,False
4812,0.804717519321077,99.00780321430418,0.31017070922951334,False
4813,0.7771529943226336,99.00780321430418,0.31047914996649123,False
4814,0.7473944462440387,99.00780321430418,0.3108722093683457,False
4815,0.7153220528038851,99.00780321430418,0.3659116519535084,False
4816,0.6807937753703206,99.00780321430418,0.36626826951296254,False
4817,0.6436394131461666,99.00780321430418,0.36656367924019895,False
4818,0.603652249754401,99.00780321430418,0.36680126134999413,False
4819,0.560576942614533,98.22552357371299,0.3224315473934404,False
4820,0.5140912790181235,98.9805900221387,0.32258469123963623,False
4821,0.4637773498877516,98.97749460487103,0.3226894959510192,False
4822,0.4637773498877516,98.3968759634159,0.2959953835804785,False
4823,0.40907313904382653,98.91583598807934,0.2959379133577427,False
4824,0.3491843735073079,98.91583598807934,0.2958857747897084,False
4825,0.2829047929798921,98.91583598807934,0.2958441637024834,False
4826,0.208180945557171,98.12849305235092,0.23480483135935468,False
4827,0.12068101401352381,98.87956615164228,0.2347665274626996,False
4828,-0.0,98.87703537338574,0.23464597753112446,False
4829,-0.0,98.87463081780221,0.23458891217895597,False
4830,-0.0,98.87235231370956,0.23447127253697772,False
4831,-0.0,98.87019961495592,0.2475862278686467,False
4832,-0.0,98.33316445435202,0.21433611826311497,False
4833,-0.0,98.79927044280069,0.21488898775784582,False
4834,-0.0,98.79927044280069,0.215750595657162,False
4835,-0.0,97.99909049567985,0.09994490977618299,False
4836,-0.0,98.75541670865665,0.10254297977308476,False
4837,-0.0,98.75395668994624,0.10425564813913885,False
4838,-0.0,98.75262999699429,0.10646321491561642,False
4839,-0.0,98.75143584877391,0.10912130285241238,False
4840,-0.0,98.75037339440406,0.11218051174437324,False
4841,-0.0,98.74944171505136,0.11558891264369935,False
4842,-0.0,98.74863982589771,0.12859544687529045,False
4843,-0.0,98.74796667816828,0.1295357264100043,False
4844,-0.0,98.74742116121426,0.13065062048945425,False
4845,-0.0,98.7470021046449,0.1319156469509112,False
4846,-0.0,98.74670828050327,0.13257659039976075,False
4847,-0.0,98.74653840548025,0.13337436687345713,False
4848,-0.0,98.74649114316136,0.13417410028524027,False
4849,-0.0,98.74656510630092,0.2099634087369317,False
4850,-0.0,98.74675885911842,0.31945031539259383,False
4851,-0.0,98.36927932667017,0.3870868920525951,False
4852,-0.0,98.81893513667968,0.4099915015517204,False
4853,-0.0,98.82352941176471,0.4307079975667275,False
4854,-0.0,98.82816161994937,0.4496263675551998,False
4855,-0.0,98.83282957451756,0.4666827349477788,False
4856,-0.0,98.83753113755881,0.4820812893401435,False
4857,-0.0,98.84226422001557,0.4963024283708421,False
4858,-0.0,98.84702678166137,0.5091758718049716,False
4859,-0.0,98.85181683101446,0.5208139942504979,False
4860,-0.0,98.85663242518982,0.5313117192111552,False
4861,-0.0,98.86147166969388,0.6038339608067864,False
4862,-0.0,98.47756056661224,0.6103482945224076,False
4863,-0.0,98.80884356731572,0.6181123315361319,False
4864,-0.0,98.81364094033184,0.6247557333793394,False
4865,-0.0,98.81850285564808,0.6303755582704152,False
4866,-0.0,98.82342725654496,0.6534276941311752,False
4867,-0.0,98.83273529030306,0.7343295451577084,False
4868,-0.0,98.83775988980241,0.8405073054799942,False
4869,-0.0,98.04905239687848,0.8821871295451451,False
4870,-0.0,97.671726267044,0.9710481936964321,False
4871,-0.0,97.671726267044,0.9847226456920695,False
4872,-0.0,98.0619157876683,1.0112665845824973,False
4873,-0.0,98.05455881717177,1.034182457464613,False
4874,-0.0,98.04289076802371,1.053192366671015,False
4875,-0.0,98.03559657218194,1.0688569408874653,False
4876,-0.0,98.02835622507753,1.081546359612587,False
4877,-0.0,98.02117300218877,1.1118717428134757,False
4878,-0.0,98.01405025668738,1.1216180491578294,False
4879,-0.0,98.00699141962137,1.129091456069338,False
4880,-0.0,98.0,1.1353711016275854,False
4881,-0.0,97.1716247139588,1.1088349461698985,False
4882,0.12068101401352381,97.94965675057209,1.1134050142445044,False
4883,0.208180945557171,97.94965675057209,1.1171949900863218,False
4884,0.2829047929798921,97.94965675057209,1.1202790446535877,False
4885,0.3491843735073079,97.94965675057209,1.1523768535602543,False
4886,0.40907313904382653,97.53296274176506,1.1445550992936235,False
4887,0.4637773498877516,96.76115220287592,1.098644028602986,False
4888,0.5140912790181235,96.36170801438716,1.0232461960385377,False
4889,0.560576942614533,96.70939973156847,0.977128788710769,False
4890,0.603652249754401,95.92724579997223,0.8580606290959444,False
4891,0.6436394131461666,96.66774656361365,0.8364956817580417,False
4892,0.6807937753703206,96.66774656361365,0.7930039736456183,False
4893,0.7153220528038851,96.66774656361365,0.7513241159327361,False
4894,0.7473944462440387,96.66774656361365,0.712499861176597,False
4895,0.7771529943226336,96.66774656361365,0.6768181375930097,False
4896,0.804717519321077,96.66774656361365,0.6445866135652115,False
4897,0.8301899714180443,96.24709707385044,0.5786145554242004,False
4898,0.8536576732793313,96.59286879515264,0.5475535298563,False
4899,0.875195788740725,96.59059021606959,0.5202205106812227,False
4900,0.8948692308065574,96.58861620759232,0.4949496059514164,False
4901,0.9127341558073343,96.58695038132002,0.4707403419619276,False
4902,0.9288391461883214,96.58559622195986,0.44787245560119054,False
4903,0.9432261548473415,96.58455708195169,0.42738151663606505,False
4904,0.9559312637896478,96.58383617617713,0.4093541573246285,False
4905,0.9669852958320848,95.82363282177982,0.2960795652884729,False
4906,0.976414308115487,96.53157219556232,0.2763067628507523,False
4907,0.9842399889605549,96.53157219556232,0.2596004365005515,False
4908,1.0916362019205923,96.53157219556232,0.2457733557440899,False
4909,1.1655498193580116,96.53157219556232,0.23504083985706703,False
4910,1.2263714330738393,96.53157219556232,0.2272928324743857,False
4911,1.278417365535648,95.82838409274481,0.088866522915022,False
4912,1.3237243701143493,96.58383617617713,0.08682807008995216,False
4913,1.363480673059691,96.58455708195169,0.08818415588893362,False
4914,1.3984610270106805,96.58559622195986,0.0916422414895889,False
4915,1.429206268217279,96.58695038132002,0.09586226406028044,False
4916,1.4561112661478437,96.58861620759232,0.09815555311795998,False
4917,1.4552013979602214,96.59059021606959,0.09948374337868675,False
4918,1.4524690941546656,96.59286879515264,0.10058833228689149,False
4919,1.44790620869417,96.59544821179749,0.1020104696764213,False
4920,1.4414990016406422,96.59832461702226,0.10363486256767983,False
4921,1.4332278865247239,96.60149405146177,0.10961454163234492,False
4922,1.4230670603378361,96.60495245095787,0.23739028602005405,False
4923,1.41098399809997,96.6086956521739,0.3135834755487763,False
4924,1.3969387860636409,96.61271939822203,0.3714862917296069,False
4925,1.3808832571151748,96.61701934429207,0.4188113773415778,False
4926,1.362759877482492,96.62159106327168,0.4588951696512454,False
4927,1.3425003133763334,96.62643005134673,0.4778694576356588,False
4928,1.3200235763720087,96.63153173357254,0.5145061120081234,False
4929,1.2952336017523502,96.63689146940598,0.5458829596458763,False
4930,1.2680160454788014,96.64250455818917,0.5729840321401242,False
4931,1.2382339767869435,96.64836624457628,0.5965067926995914,False
4932,1.2057219651274376,96.65447172389474,0.6169709789705566,False
4933,1.17027775595384,96.66081614743308,0.6347793194556675,False
4934,1.1316501862018717,96.66739462764795,0.6502538956115563,False
4935,1.0895209637560108,96.67420224328319,0.6636591610251719,False
4936,1.0434758622197662,96.68123404439444,0.6754368729784772,False
4937,0.9929563290994997,96.68848505727327,0.6855719806149461,False
4938,0.9371713531760616,96.69595028926506,0.6942317935981355,False
4939,0.9371713531760616,96.70362473347548,0.7015644992039043,False
4940,0.9371713531760616,96.47812619340603,0.7076478723791298,False
4941,0.9371713531760616,96.77024402600692,0.7121208339757927,False
4942,0.8749177494187964,97.57240564046272,0.6848779036244811,False
4943,0.8749177494187964,97.58054353761499,0.6573681524269475,False
4944,0.8749177494187964,97.5888006686168,0.6296145791290393,False
4945,0.8749177494187964,97.59717314487632,0.6016414929187356,False
4946,0.9371713531760616,97.60565710032256,0.573474862148823,False
4947,0.9929563290994997,97.40035374933157,0.558943141319948,False
4948,1.0434758622197662,97.68022256771131,0.5261846838985227,False
4949,1.0895209637560108,97.68022256771131,0.49385850020744504,False
4950,1.1316501862018717,97.68022256771131,0.46202496348437283,False
4951,1.17027775595384,97.68022256771131,0.4307050338912167,False
4952,1.17027775595384,97.68022256771131,0.4000720182304411,False
4953,1.17027775595384,97.68022256771131,0.37026290800569484,False
4954,1.17027775595384,97.68022256771131,0.34129622846694807,False
4955,1.2057219651274376,97.68022256771131,0.31319146521151836,False
4956,1.2382339767869435,97.68022256771131,0.28596923837285415,False
4957,1.2680160454788014,97.68022256771131,0.25965151484247434,False
4958,1.2952336017523502,97.68022256771131,0.23425644460108797,False
4959,1.3200235763720087,97.68022256771131,0.21868932381032766,False
4960,1.3425003133763334,97.68022256771131,0.19683853205403998,False
4961,1.362759877482492,97.68022256771131,0.2620407202156811,False
4962,1.3808832571151748,97.68022256771131,0.24990775594987377,False
4963,1.3969387860636409,97.68022256771131,0.23955922344118102,False
4964,1.41098399809997,97.68022256771131,0.23097215444702585,False
4965,1.4230670603378361,97.68022256771131,0.22408251835824106,False
4966,1.4332278865247239,97.68022256771131,0.21878238239735537,False
4967,1.4414990016406422,97.68022256771131,0.21492122868239458,False
4968,1.44790620869417,97.68022256771131,0.21231142573764594,False
4969,1.4238430936939135,97.68022256771131,0.21073683378200303,False
4970,1.3958301562928708,97.68022256771131,0.20996283915070843,False
4971,1.363480673059691,97.68022256771131,0.20985495346094585,False
4972,1.3262610770456722,97.68022256771131,0.2099907835762125,False
4973,1.2834031297544843,97.68022256771131,0.21010689325484855,False
4974,1.2337244651110395,97.68022256771131,0.2102031902673654,False
4975,1.175193620727556,97.68022256771131,0.21028020612572892,False
4976,1.1034990673875955,97.68022256771131,0.2103390535143307,False
4977,0.9982545693874831,97.68022256771131,0.21038138157918498,False
4978,0.995148095654003,97.68022256771131,0.21041536886065904,False
4979,0.9904799742690308,97.40446711365226,0.20119823883252969,False
4980,0.9842399889605549,97.60565710032256,0.2006757894895851,False
4981,0.976414308115487,96.79927218592341,0.049899931480068924,False
4982,0.976414308115487,97.5560334132826,0.07849923275050356,False
4983,0.976414308115487,97.5560334132826,0.07811657724708776,False
4984,0.976414308115487,97.5560334132826,0.07802496372581795,False
4985,0.976414308115487,97.5560334132826,0.07819684102717585,False
4986,0.976414308115487,97.5560334132826,0.07860085980864985,False
4987,0.976414308115487,97.5560334132826,0.07920322418852105,False
4988,0.976414308115487,97.5560334132826,0.2095895049870468,False
4989,0.9669852958320848,97.5560334132826,0.21026858649141703,False
4990,0.9669852958320848,97.5560334132826,0.2109768212881181,False
4991,0.9669852958320848,97.5560334132826,0.21157099241827568,False
4992,0.9669852958320848,97.5560334132826,0.2126328974578166,False
4993,1.065299640553338,97.5560334132826,0.21358761235553522,False
4994,1.129798482836793,97.5560334132826,0.21444084027604665,False
4995,1.180846716107336,97.5560334132826,0.21519804482180852,False
4996,1.222731822382257,97.5560334132826,0.21586447979318404,False
4997,1.2574580300524587,97.5560334132826,0.21644521555396495,False
4998,1.2861766890619075,97.5560334132826,0.21694516249213125,False
4999,1.30962049684272,97.5560334132826,0.2173690919798252,False
5000,1.3470624465271648,97.5560334132826,0.21772165516672579,False
5001,1.3470624465271648,97.5560334132826,0.21800739988380918,False
5002,1.3470624465271648,97.27291623363126,0.20882261961442541,False
5003,1.3282820174272938,97.47179272879231,0.20839301855013756,False
5004,1.30738316633364,97.4629310706935,0.20787897436757485,False
5005,1.2842839696213428,97.45419234991134,0.20729505873136922,False
5006,1.2842839696213428,97.44558068485594,0.20665638076369608,False
5007,1.2842839696213428,97.43710021321962,0.20597851056999233,False
5008,1.30738316633364,96.63539445628997,0.06786815638386867,False
5009,1.3282820174272938,97.37739872068231,0.06461081551544075,False
5010,1.3282820174272938,97.37739872068231,0.06125093008945037,False
5011,1.3282820174272938,97.37739872068231,0.05830757400141756,False
5012,1.3282820174272938,97.37739872068231,0.08536791779197833,False
5013,1.30738316633364,97.37739872068231,0.25048151652274714,False
5014,1.2842839696213428,97.37739872068231,0.2579229665333927,False
5015,1.2588874993443833,97.37739872068231,0.2644779788457626,False
5016,1.2588874993443833,97.37739872068231,0.27025784009909704,False
5017,1.2842839696213428,97.37739872068231,0.275354820447849,False
5018,1.30738316633364,97.37739872068231,0.27984665363019834,False
5019,1.3282820174272938,97.37739872068231,0.2848843390664445,False
5020,1.3470624465271648,97.37739872068231,0.28940851563663605,False
5021,1.3637938028246002,97.37739872068231,0.2934602811745927,False
5022,1.3785347251376459,97.37739872068231,0.29707610136723717,False
5023,1.3913345861436042,97.37739872068231,0.3002886766071627,False
5024,1.4022346182456082,97.37739872068231,0.30312762123875403,False
5025,1.4022346182456082,97.37739872068231,0.3224266100888581,False
5026,1.4022346182456082,97.37739872068231,0.3274490980538323,False
5027,1.4022346182456082,97.37739872068231,0.33239006383482744,False
5028,1.4022346182456082,97.37739872068231,0.33722450700788226,False
5029,1.4022346182456082,97.37739872068231,0.341929025922455,False
5030,1.4022346182456082,97.37739872068231,0.4112228669047532,False
5031,1.4022346182456082,97.37739872068231,0.415563223517798,False
5032,1.4022346182456082,97.0644953931862,0.41396559263401983,False
5033,1.4022346182456082,96.297407328048,0.34362824502232414,False
5034,1.4022346182456082,97.02592671952003,0.34073390297760503,False
5035,1.4022346182456082,97.02592671952003,0.3378562382228906,False
5036,1.4022346182456082,97.02592671952003,0.33500688106074983,False
5037,1.4022346182456082,97.02592671952003,0.348420095160114,False
5038,1.4022346182456082,97.02592671952003,0.34851528356420897,False
5039,1.4022346182456082,97.02592671952003,0.40950856156597826,False
5040,1.4022346182456082,97.02592671952003,0.40992220506502536,False
5041,1.4022346182456082,97.02592671952003,0.45530594667672747,False
5042,1.4022346182456082,97.02592671952003,0.4532979738234578,False
5043,1.3913345861436042,97.02592671952003,0.4513169899769721,False
5044,1.3785347251376459,97.02592671952003,0.4495713133610466,False
5045,1.3637938028246002,96.71001636379296,0.43597619005133104,False
5046,1.3470624465271648,96.92354290164856,0.4322011890534199,False
5047,1.3282820174272938,96.90896443787497,0.42840976529285707,False
5048,1.30738316633364,96.89451845381087,0.4246886647234673,False
5049,1.2842839696213428,96.8802106186924,0.42468357377090404,False
5050,1.2842839696213428,96.09477841158403,0.35805831589021586,False
5051,1.2588874993443833,96.80561649846423,0.3530253749691446,False
5052,1.2310786130055862,96.80561649846423,0.3486091045041953,False
5053,1.200719639829801,96.80561649846423,0.34479840430620934,False
5054,1.1596780472087271,96.80561649846423,0.34157841837477615,False
5055,1.114696123966521,96.80561649846423,0.33893058511407337,False
5056,1.0652163930664527,96.80561649846423,0.3367805229038124,False
5057,1.01044884930661,96.46493586635518,0.3182204441903906,False
5058,0.9491912500871044,96.69264145931108,0.31395186575371764,False
5059,0.8793939303559065,95.91339767997874,0.22230188198951342,False
5060,0.7967286463062392,96.60851855131497,0.21559412539892875,False
5061,0.6807937753703206,95.91782520145223,0.06922084182500925,False
5062,0.6807937753703206,96.69264145931108,0.06680332652538336,False
5063,0.6807937753703206,96.7073654515802,0.06601383700327487,False
5064,0.6807937753703206,96.7222465993857,0.06540410236949808,False
5065,0.6807937753703206,96.73727888185194,0.06588236758706495,False
5066,0.6807937753703206,96.75245630814712,0.06696200208807279,False
5067,0.6436394131461666,96.7677729219852,0.07938661926512658,False
5068,0.6436394131461666,96.78322280595987,0.08735687598169355,False
5069,0.603652249754401,96.48609077598829,0.07623023923482873,False
5070,0.560576942614533,96.6927913185772,0.15835089371307848,False
5071,0.560576942614533,96.6927913185772,0.1601867233759393,False
5072,0.560576942614533,96.6927913185772,0.16172154467475117,False
5073,0.560576942614533,96.6927913185772,0.16734733518261002,False
5074,0.560576942614533,96.6927913185772,0.16738406714438414,False
5075,0.560576942614533,96.6927913185772,0.1673819024289906,False
5076,0.560576942614533,96.6927913185772,0.16746406882953807,False
5077,0.560576942614533,96.6927913185772,0.22850838809391366,False
5078,0.5140912790181235,96.6927913185772,0.22832409710342746,False
5079,0.4637773498877516,96.6927913185772,0.22817074363518594,False
5080,0.40907313904382653,96.6927913185772,0.22802302585158965,False
5081,0.3491843735073079,96.6927913185772,0.22825282318297616,False
5082,0.2829047929798921,96.6927913185772,0.22867626808322147,False
5083,0.208180945557171,96.6927913185772,0.22933391601394348,False
5084,0.12068101401352381,96.6927913185772,0.23026088200395248,False
5085,-0.0,96.6927913185772,0.2314865487180759,False
5086,-0.0,96.6927913185772,0.2330343463402068,False
5087,-0.0,96.44302816294893,0.2313747613921841,False
5088,-0.0,96.8004478511756,0.2310635885921793,False
5089,-0.0,96.80257510729614,0.23124815561280926,False
5090,-0.0,96.0452939423609,0.1893161299740973,False
5091,-0.0,96.75730450937341,0.19268131201676916,False
5092,-0.0,96.77540935550064,0.1968108433757192,False
5093,-0.0,96.48610299641098,0.19800749634587467,False
5094,-0.0,96.69397430032852,0.20427175219314653,False
5095,-0.0,96.69760503853485,0.21084147259421032,False
5096,-0.0,96.70561037030922,0.21763840174521085,False
5097,-0.0,95.97117589256469,0.1622333802144004,False
5098,-0.0,96.65389631561787,0.16512319001259976,False
5099,0.12068101401352381,96.66937119675457,0.18198520869952203,False
5100,0.208180945557171,96.68497133166437,0.19653994447587803,False
5101,0.208180945557171,96.70069120720142,0.21337939935389041,False
5102,0.208180945557171,96.71652535594305,0.22983883219721235,False
5103,0.208180945557171,96.73246835946829,0.23288455445411063,False
5104,0.208180945557171,96.74851485148515,0.2597588445467361,False
5105,0.208180945557171,96.76465952080706,0.2590048101465436,False
5106,0.208180945557171,96.78089711417817,0.2641615062179541,False
5107,0.208180945557171,96.79722243894827,0.2683171858632695,False
5108,0.208180945557171,96.81363036559807,0.2704747147551625,False
5109,0.208180945557171,96.83011583011583,0.27172279403049704,False
5110,0.208180945557171,96.84667383622676,0.2686372307513228,False
5111,0.208180945557171,96.86329945747688,0.29625096392975536,False
5112,0.208180945557171,96.87998783917307,0.29453437804906607,False
5113,0.208180945557171,96.89673420018143,0.29220334360875205,False
5114,0.208180945557171,96.91353383458646,0.28782107638066495,False
5115,0.208180945557171,96.93038211321318,0.28619207942490504,False
5116,0.208180945557171,96.94727448501524,0.28323859818102226,False
5117,0.208180945557171,96.9642064783316,0.27911952083825203,False
5118,0.208180945557171,96.86718635093396,0.27838446356453006,False
5119,0.208180945557171,97.07495429616088,0.2681305995668434,False
5120,0.208180945557171,97.07495429616088,0.25774622366124733,False
5121,0.208180945557171,96.39853747714808,0.2437228543363834,False
5122,0.2829047929798921,97.15173674588665,0.2801387718463921,False
5123,0.3491843735073079,96.96526508226691,0.2769599756898431,False
5124,0.40907313904382653,96.26626917763397,0.2509202124511165,False
5125,0.4637773498877516,96.85511856564489,0.2503659479793065,False
5126,0.5140912790181235,97.04930994824612,0.24318358373179735,False
5127,0.560576942614533,97.04930994824612,0.23640486760819185,False
5128,0.560576942614533,97.04930994824612,0.2312677969034758,False
5129,0.560576942614533,97.04930994824612,0.22663410466007922,False
5130,0.560576942614533,96.85873337189126,0.22663972039418756,False
5131,0.560576942614533,96.26990474805497,0.18407196593798736,False
5132,0.560576942614533,96.9945155393053,0.18112346328568044,False
5133,0.560576942614533,96.9945155393053,0.1784668844893726,False
5134,0.560576942614533,96.87385740402193,0.17845700621286079,False
5135,0.560576942614533,97.06032906764169,0.17333237178765315,False
5136,0.560576942614533,97.04000588321811,0.1696279349867508,False
5137,0.560576942614533,97.01967164620618,0.1670788658964559,False
5138,0.560576942614533,96.99933070573363,0.16545866309510204,False
5139,0.560576942614533,96.97898751215135,0.1645438785394312,False
5140,0.560576942614533,96.95864661654136,0.16412429717709182,False
5141,0.560576942614533,96.93831267009374,0.22291319440025165,False
5142,0.560576942614533,96.18234048986997,0.15285194098067895,False
5143,0.560576942614533,96.86271545207137,0.15443179485357836,False
5144,0.560576942614533,96.86271545207137,0.15678149972916192,False
5145,0.560576942614533,96.86271545207137,0.15980623611362968,False
5146,0.560576942614533,96.86271545207137,0.16382856592266637,False
5147,0.560576942614533,96.86271545207137,0.1688526552644763,False
5148,0.560576942614533,96.86271545207137,0.16965964946262393,False
5149,0.560576942614533,96.86271545207137,0.17869897660982886,False
5150,0.560576942614533,96.86271545207137,0.2868221291819527,False
5151,0.560576942614533,96.86271545207137,0.3626809684975604,False
5152,0.603652249754401,96.86271545207137,0.4069924752777945,False
5153,0.603652249754401,96.86271545207137,0.4660662223600763,False
5154,0.603652249754401,96.86271545207137,0.5160004226374862,False
5155,0.603652249754401,96.86271545207137,0.5592415309129953,False
5156,0.603652249754401,96.86271545207137,0.5972861062432986,False
5157,0.603652249754401,96.86271545207137,0.6311065717319584,False
5158,0.603652249754401,96.86271545207137,0.6613716399232726,False
5159,0.603652249754401,96.86271545207137,0.6885725821973658,False
5160,0.560576942614533,96.86271545207137,0.7132812481205311,False
5161,0.5140912790181235,96.18612035077109,0.7199110619638802,False
5162,0.5140912790181235,96.93831267009374,0.7396286936205277,False
5163,0.5140912790181235,96.95864661654136,0.7567003263601464,False
5164,0.5140912790181235,96.97898751215135,0.7713832073664088,False
5165,0.560576942614533,96.99933070573363,0.7707816394685026,False
5166,0.603652249754401,97.01967164620618,0.7841745238622302,False
5167,0.6436394131461666,97.04000588321811,0.8018380774422309,False
5168,0.6807937753703206,96.93235831809872,0.8664882442222941,False
5169,0.7153220528038851,97.10608594488475,0.9118437254897371,False
5170,0.7153220528038851,97.86228459245255,0.9378973519054541,False
5171,0.7153220528038851,97.88172353961828,0.958498548273834,False
5172,0.7153220528038851,97.7465497412306,0.9800514815748643,False
5173,0.7153220528038851,97.98827985421282,0.9880312857212572,False
5174,0.7153220528038851,98.00049633069806,0.9931885120312283,False
5175,0.7153220528038851,98.01266268026733,0.9958475150723622,False
5176,0.7153220528038851,98.02477752573722,0.9752549528972697,False
5177,0.7473944462440387,98.0368395540475,0.977770311153491,False
5178,0.7771529943226336,98.04884751468516,0.9786938552281191,False
5179,0.7771529943226336,98.06080021811738,0.9780176815801881,False
5180,0.7771529943226336,98.07607776838546,0.9759938713862883,False
5181,0.7771529943226336,98.08788996980878,0.973858298054922,False
5182,0.7771529943226336,98.08788996980878,0.9668805920330364,False
5183,0.7473944462440387,98.08788996980878,0.9631361812512517,False
5184,0.7153220528038851,98.08788996980878,0.9569275511131436,False
5185,0.6807937753703206,97.41361959074136,0.9658808366133028,False
5186,0.6436394131461666,98.13149949681315,0.9618624575138627,False
5187,0.603652249754401,98.27896738042826,0.947911150911187,False
5188,0.560576942614533,99.0260823160563,0.8940411519484145,False
5189,0.603652249754401,98.922270858204,0.8502617482881096,False
5190,0.6436394131461666,99.09996043782144,0.7940718255210553,False
5191,0.6807937753703206,99.09996043782144,0.7397103877355269,False
5192,0.7153220528038851,99.09996043782144,0.6893423445952396,False
5193,0.7473944462440387,99.09996043782144,0.6410270530269635,False
5194,0.7771529943226336,99.09996043782144,0.5948687287971346,False
5195,0.804717519321077,99.09996043782144,0.5509951237716084,False
5196,0.8301899714180443,98.41421600949492,0.5485019266672407,False
5197,0.8536576732793313,99.1626005538705,0.5047170021784059,False
5198,0.875195788740725,99.1740412979351,0.46256459618756657,False
5199,0.8948692308065574,99.18540241120887,0.4227352256953652,False
5200,0.9127341558073343,99.19668307851775,0.38483158063116096,False
5201,0.9288391461883214,99.20788253477589,0.34641143685249726,False
5202,0.9432261548473415,99.05976300875837,0.32321096412984907,False
5203,0.9559312637896478,99.1595826893354,0.33950008755654826,False
5204,0.9669852958320848,99.05976300875837,0.3225358049200929,False
5205,0.976414308115487,99.20788253477589,0.29461446065999686,False
5206,0.9842399889605549,99.19668307851775,0.2691276547807779,False
5207,0.9904799742690308,98.45167141746566,0.2677955833290455,False
5208,0.995148095654003,99.13513863695258,0.251859556507463,False
5209,0.9982545693874831,99.13513863695258,0.23807979200849808,False
5210,0.9982545693874831,99.13513863695258,0.22651702703929352,False
5211,0.9982545693874831,99.13513863695258,0.21717752648746497,False
5212,0.9982545693874831,99.13513863695258,0.21001646933333554,False
5213,0.9982545693874831,99.13513863695258,0.20512111636405997,False
5214,0.999806132804711,99.13513863695258,0.20223821460282526,False
5215,0.999806132804711,99.13513863695258,0.20126658543131226,False
5216,0.9982545693874831,99.13513863695258,0.20245887173351954,False
5217,0.9982545693874831,99.13513863695258,0.20455295738637366,False
5218,0.9982545693874831,99.13513863695258,0.20847192983179738,False
5219,0.9982545693874831,99.13513863695258,0.21231731212764535,False
5220,0.9982545693874831,99.12833404067774,0.21618292974833542,False
5221,0.9982545693874831,99.1181889971045,0.21999710859527438,False
5222,0.9982545693874831,99.11125849776157,0.22372366057296122,False
5223,0.9982545693874831,98.32200298457967,0.2630492497882663,False
5224,0.9982545693874831,99.03498590615155,0.26769269077188007,False
5225,0.9982545693874831,99.03498590615155,0.27167842666046255,False
5226,0.999806132804711,99.03498590615155,0.275074105901066,False
5227,0.999806132804711,98.86575927408593,0.27374526118060905,False
5228,0.9982545693874831,98.95969663411523,0.2750654436892624,False
5229,0.995148095654003,98.94679989197948,0.27583640950104843,False
5230,0.9904799742690308,98.93382228107704,0.27611284437139333,False
5231,0.9904799742690308,98.9207650273224,0.27595332004657236,False
5232,0.9904799742690308,98.90762941843289,0.27541635832901035,False
5233,0.9904799742690308,98.89441680486456,0.2744239459908158,False
5234,0.9904799742690308,98.8811286007158,0.2735340556244642,False
5235,0.9904799742690308,98.86776628459603,0.27223213213167224,False
5236,0.9904799742690308,98.85433140045686,0.27067957042459406,False
5237,0.9904799742690308,98.8408255583828,0.26889581156600956,False
5238,0.9842399889605549,98.82088914220576,0.2733763901129469,False
5239,0.976414308115487,98.81149012567325,0.35417834677736915,False
5240,0.976414308115487,98.80202678248281,0.35818059428941934,False
5241,0.976414308115487,98.79249963519626,0.36144964605290686,False
5242,0.976414308115487,98.78259590275479,0.3640637343098588,False
5243,0.9842399889605549,97.96608922726102,0.29477802396022235,False
5244,0.9842399889605549,98.6906469528118,0.30829619910294226,False
5245,0.9842399889605549,98.6906469528118,0.31249615645119705,False
5246,0.9842399889605549,98.6906469528118,0.31797185669094685,False
5247,0.9842399889605549,98.6906469528118,0.3232971309063341,False
5248,0.9842399889605549,98.6906469528118,0.3286730319691553,False
5249,0.9842399889605549,98.6906469528118,0.33408783362535543,False
5250,0.9842399889605549,98.6906469528118,0.3395107890402185,False
5251,0.9842399889605549,98.6906469528118,0.34490907138999655,False
5252,0.9842399889605549,98.6906469528118,0.3502515566769135,False
5253,0.9842399889605549,98.6906469528118,0.3555127792648189,False
5254,0.9842399889605549,98.6906469528118,0.36144245036572586,False
5255,0.9842399889605549,98.6906469528118,0.3673294134458236,False
5256,0.9842399889605549,98.6906469528118,0.37314522364863734,False
5257,0.9842399889605549,98.6906469528118,0.3788633769416993,False
5258,0.9842399889605549,98.4650663905019,0.4344780998641382,False
5259,0.9842399889605549,97.7142434441691,0.371156967372014,False
5260,0.9842399889605549,98.39479232163332,0.37199861847172394,False
5261,0.9842399889605549,98.39479232163332,0.3666629319202042,False
5262,0.976414308115487,98.39479232163332,0.3619206535421314,False
5263,0.9669852958320848,98.39479232163332,0.35773502173393884,False
5264,0.9559312637896478,98.16640011901663,0.3426720499112456,False
5265,0.9432261548473415,98.29462582744306,0.3357646948043691,False
5266,0.9288391461883214,98.25837825611642,0.3278752189459537,False
5267,0.9127341558073343,98.24828057909336,0.3202744065634768,False
5268,0.8948692308065574,98.2337841462013,0.31274258507510005,False
5269,0.875195788740725,98.21904577940893,0.3053136036410015,True
5270,0.8536576732793313,98.20412933385275,0.29827699799656743,True
5271,0.8536576732793313,98.18903205531113,0.2914248661512439,True
5272,0.8536576732793313,98.1737511389296,0.2847702324153253,True
5273,0.8536576732793313,98.15828372817705,0.2783250900255501,True
5274,0.8301899714180443,98.14262691377921,0.2706327130658705,True
5275,0.804717519321077,98.12677773262901,0.2631512659814809,True
5276,0.7771529943226336,98.1107331666735,0.2558340161296497,True
5277,0.7473944462440387,98.09449014177655,0.2487537878726908,True
5278,0.7473944462440387,97.38180605353122,0.11642354451005932,True
5279,0.7473944462440387,98.16232127838519,0.11563582314187634,True
5280,0.7473944462440387,97.99223890669816,0.09794877317335568,True
5281,0.7473944462440387,98.24427803866818,0.23051677575514132,True
5282,0.7473944462440387,98.22891771935814,0.2305560349692961,True
5283,0.7473944462440387,98.21336318236611,0.23045571729027967,True
5284,0.7473944462440387,98.19761129207383,0.23026677152837147,True
5285,0.7473944462440387,98.18165885291154,0.23003458830254106,True
5286,0.7473944462440387,98.16550260808063,0.2297991776795383,True
5287,0.7473944462440387,98.14913923824815,0.2334440856166168,True
5288,0.7473944462440387,98.1325653602124,0.23441189458823852,True
5289,0.7473944462440387,98.11577752553916,0.23456034083537827,True
5290,0.7473944462440387,98.09877221916804,0.23410028811438194,True
5291,0.7473944462440387,98.08154585798816,0.23334533338345484,True
5292,0.7473944462440387,98.06409478938285,0.232401856342109,True
5293,0.7473944462440387,98.0464152897425,0.23130060160551172,True
5294,0.7473944462440387,98.02850356294537,0.2300754022281048,True
5295,0.7473944462440387,98.01035573880526,0.22856847549357096,True
5296,0.7473944462440387,97.99196787148594,0.22690943462938631,True
5297,0.7473944462440387,97.97333593788153,0.2250936167501541,True
5298,0.7473944462440387,97.95445583596215,0.22314123103868752,True
5299,0.7473944462440387,97.93532338308458,0.22106956160419353,True
5300,0.7473944462440387,97.91593431426706,0.21889706115606386,True
5301,0.7473944462440387,97.14097429918385,0.06987174042624841,True
5302,0.7473944462440387,97.98894688363525,0.07445504002806191,True
5303,0.7473944462440387,97.99712407559572,0.08039680350815762,True
5304,0.7153220528038851,98.00546307272072,0.08743247611906005,True
5305,0.7153220528038851,98.01396431342125,0.09534891414405604,True
5306,0.7153220528038851,98.02262819182063,0.10398759427492722,True
5307,0.7153220528038851,97.82835121341527,0.10507354954749386,True
5308,0.7153220528038851,98.11360192297643,0.11328652588045018,True
5309,0.7153220528038851,98.09528834485306,0.12383973613677349,True
5310,0.7153220528038851,98.07671816728822,0.1353104404979093,True
5311,0.6807937753703206,98.05788680869378,0.28237091945377674,True
5312,0.6436394131461666,98.0387895909165,0.285135941489678,True
5313,0.603652249754401,98.0194217369836,0.2885346580073416,True
5314,0.560576942614533,97.99977836879432,0.2911393635185467,True
5315,0.5140912790181235,97.97985450475657,0.29304856623023284,True
5316,0.4637773498877516,97.95964505736733,0.29434449780016736,True
5317,0.40907313904382653,97.93914483073586,0.2950955286379339,True
5318,0.3491843735073079,97.91834851804867,0.2952599566573051,True
5319,0.2829047929798921,97.89725069897484,0.29502970232519377,True
5320,0.208180945557171,97.87584583701089,0.29441690659504455,True
5321,0.12068101401352381,97.85412827676396,0.29343291609814875,True
5322,0.12068101401352381,97.83209224117223,0.2920884474494775,True
5323,0.208180945557171,97.80973182866157,0.290393739012957,True
5324,0.2829047929798921,97.78704101023723,0.35473610835458214,True
5325,0.3491843735073079,97.76401362650975,0.3539156734411375,True
5326,0.40907313904382653,97.7406433846539,0.35284672325984895,True
5327,0.40907313904382653,97.71692385529977,0.3514828889940936,True
5328,0.40907313904382653,97.69284846935514,0.34977301603140387,True
5329,0.40907313904382653,97.66841051475812,0.34715512265332116,True
5330,0.40907313904382653,97.64360313315927,0.3480547905629264,True
5331,0.40907313904382653,96.7739807362449,0.2502959165173154,True
5332,0.40907313904382653,97.69287190771487,0.2517228035339565,True
5333,0.40907313904382653,98.05799236590103,0.2512317351606515,True
5334,0.40907313904382653,98.03695931767413,0.2505834828009714,True
5335,0.40907313904382653,98.01560147803477,0.24982041065883503,True
5336,0.40907313904382653,97.99391256225789,0.31564253780200624,True
5337,0.40907313904382653,97.97188614588433,0.31922122725888274,True
5338,0.40907313904382653,97.94951566145797,0.319307712601198,True
5339,0.40907313904382653,97.92679439519588,0.32778284438637945,True
5340,0.5277139815252946,97.90371548359116,0.33435736625158374,True
5341,0.6131379016405238,97.8802719099481,0.33929984974327365,True
5342,0.6857486151292824,97.85645650085003,0.3419962162509787,True
5343,0.6857486151292824,97.83226192255943,0.34375238742015696,True
5344,0.6857486151292824,96.90807378288478,0.2762396961053374,True
5345,0.6857486151292824,97.92797614496521,0.27569249894310544,True
5346,0.6857486151292824,97.93331284572834,0.2745444640930995,True
5347,0.7391385203526044,97.93886058360351,0.27290533924380717,True
5348,0.7881133310528374,97.94462111223145,0.3520653168732586,True
5349,0.8332341082038747,97.66227694225825,0.3532801816511559,True
5350,0.8749177494187964,98.05855644277439,0.35060601824307713,True
5351,0.9134853951751388,98.0357991446222,0.34909278160715934,True
5352,0.9491912500871044,98.01266127093517,0.3486266678908818,True
5353,0.9822408213425595,97.9891348414822,0.3490772109039459,True
5354,1.0128030232541478,97.96521168362324,0.35030088641987156,True
5355,1.041018523939755,97.94088342743275,0.3513415909360203,True
5356,1.0670056836533544,96.94983614822284,0.29489096310193197,True
5357,1.090864890696142,98.0355472404116,0.2928647353623381,True
5358,1.1494318918359776,97.71814374839758,0.29521006191596,True
5359,1.2014461200230289,98.14496736516661,0.28865982315042205,True
5360,1.2481068205144499,98.12222898374337,0.2839825528000459,True
5361,1.2902007807553537,98.09909354923876,0.28147731704469464,True
5362,1.3995691575190439,98.07555238774056,0.2819618146109623,True
5363,1.3995691575190439,98.05159660833483,0.2838319311604393,True
5364,1.3995691575190439,98.02721709745182,0.2865264822125653,True
5365,1.3995691575190439,98.0024045130861,0.2898982270675592,True
5366,1.3995691575190439,97.97714927889118,0.2937939116261255,True
5367,1.3995691575190439,97.9514415781487,0.29689062926122023,True
5368,1.3995691575190439,96.88790702141965,0.19915266285309685,True
5369,1.3995691575190439,98.04455686350812,0.19478200138863014,True
5370,1.3995691575190439,98.05340897975154,0.2028474623150542,True
5371,1.3995691575190439,98.06254917387884,0.20811993294060058,True
5372,1.3995691575190439,98.0719794344473,0.29249219415319677,True
5373,1.3995691575190439,98.08170162011729,0.3029083908236301,True
5374,1.3995691575190439,98.09171745429114,0.31309795809458446,True
5375,1.3995691575190439,98.10202851978309,0.3239159805800975,True
5376,1.3995691575190439,98.1126362535325,0.32439577526911717,True
5377,1.3995691575190439,98.12354194137336,0.34041595774992933,True
5378,1.418349586618915,98.13474671287331,0.3527298425981965,True
5379,1.418349586618915,98.14625153625563,0.36003829387506037,True
5380,1.418349586618915,98.1580572134184,0.3654172430361983,True
5381,1.418349586618915,98.17016437506462,0.3688357957986569,True
5382,1.418349586618915,98.18257347595804,0.3705801888151809,True
5383,1.3995691575190439,98.19528479031922,0.3709011820633227,True
5384,1.3995691575190439,98.20829840737636,0.3700251893439246,True
5385,1.3995691575190439,98.22161422708618,0.368162175839392,True
5386,1.41675154309733,98.23523195603931,0.36551141908392604,True
5387,1.4293919531356991,98.24915110356537,0.3632229921307895,True
5388,1.5053341576659927,98.26337097805242,0.3604197058427505,True
5389,1.5176039370275003,98.06396406032731,0.3604217181682922,True
5390,1.5299984642042344,98.38934822291421,0.35340894330251177,True
5391,1.5425103078755682,98.36636898279242,0.3478106634069976,True
5392,1.5551304716772458,97.14980114891736,0.2777215628096443,True
5393,1.567848144490097,98.46464193656841,0.2637880269166327,True
5394,1.5806504082511537,98.48109810981099,0.24965714152913168,True
5395,1.5935218951174155,98.49785407725322,0.23555431522239684,True
5396,1.6064443840084788,98.29951252692439,0.23599015551115887,True
5397,1.6193963242910745,98.6119012401866,0.21468194188161155,True
5398,1.6323522715115806,98.59138667590348,0.19795780038680535,True
5399,1.645282216451617,98.5704241856105,,True
5400,1.6581507841336771,98.54900095147478,,True
5401,1.6403360647604435,98.52710370638657,,True
5402,1.6185558010283303,98.50471871552887,,True
5403,1.5920001314822054,98.48183175709308,,True
5404,1.6061937873864591,98.45842810209754,,True
5405,1.6203352658383443,98.43449249326318,,True
5406,1.6343715037372755,98.41000912289847,,True
5407,1.648238712995888,98.38496160974319,,True
5408,1.64891655979105,98.35933297471759,,True
5409,1.647730922119161,98.33310561552125,,True
5410,1.6443231238088007,98.30626128002221,,True
5411,1.638253359471275,98.27878103837472,,True
5412,1.6289760165734095,98.25064525379983,,True
5413,1.6158045319402516,98.22183355196036,,True
5414,1.5978595496170402,98.1923247888576,,True
5415,1.5739889616503064,98.16209701717385,,True
5416,1.5426372291611505,98.13112745098039,,True
5417,1.5016144718101818,98.09939242872721,,True
5418,1.447640684443725,98.06686737442561,,True
